deg_novartis.PID773542.out:> Do not filter samples that did not pass quality control
deg_novartis.PID773542.out:> Work with a full version
deg_novartis.PID773542.out:> Mode: PARALLEL BY CELL TYPE (array jobs per cell type)
deg_novartis.PID773542.out:> Dataset is not normalized, running normalization steps
deg_novartis.PID773542.out:> Using config: ./pipelines/novartis/configs/deg/config.json
deg_novartis.PID773542.out:> Preprocess pseudobulk with parameter: group_all_replicates
deg_novartis.PID773542.out:> Running preprocessing pseudobulk
deg_novartis.PID773542.out:Submitted batch job 34981955
deg_novartis.PID773542.out:> Preprocessing completed
deg_novartis.PID773542.out:> Starting DGE analysis with parameter: group_all_replicates
deg_novartis.PID773542.out:  Found 53 file(s) to process
deg_novartis.PID773542.out:
deg_novartis.PID773542.out:============================================
deg_novartis.PID773542.out:DGE ANALYSIS
deg_novartis.PID773542.out:============================================
deg_novartis.PID773542.out:  Processing 53 file(s)...
deg_novartis.PID773542.out:
deg_novartis.PID773542.out:
deg_novartis.PID773542.out:============================================
deg_novartis.PID773542.out:DEG ANALYSIS: Array Job Mode
deg_novartis.PID773542.out:============================================
deg_novartis.PID773542.out:  Processing 53 file(s) with array job...
deg_novartis.PID773542.out:  Submitting array job [53 jobs, max 50 concurrent]...
deg_novartis.PID773542.out:Submitted batch job 34982089
deg_novartis.PID773542.out:> DEG array job completed
deg_novartis.PID773542.out:
deg_novartis.PID773542.out:============================================
deg_novartis.PID773542.out:AGGREGATING BATCH FILES
deg_novartis.PID773542.out:============================================
deg_novartis.PID773542.out:  Found files in ./data/novartis/deg_data/group_rep/full/qc_false/filter_min_cells_0/intermediate and results directory is empty
deg_novartis.PID773542.out:  Aggregating batch files from intermediate/ to results/...
deg_novartis.PID773542.out:  Running aggregation...
deg_novartis.PID773542.out:Submitted batch job 34982841
deg_novartis.PID773542.out:> Aggregation completed
deg_novartis.PID773542.out:
deg_novartis.PID773542.out:============================================
deg_novartis.PID773542.out:DGE PIPELINE COMPLETED
deg_novartis.PID773542.out:============================================
deg_novartis.PID773542.out:  Results saved to: ./data/novartis/deg_data/group_rep/full/qc_false/filter_min_cells_0
deg_novartis.PID773542.out:    - intermediate/ for separate files
deg_novartis.PID773542.out:    - results/ for combined
deg_novartis.PID773542.out:
deg_novartis.PID773542.out:> DGE pipeline is finished
deg_novartis.PID773542.out:> Cleaning up temporary files...
deg_novartis.PID773542.out:> Cleanup complete
deg_processing_pseudobulk.34981955.out:2026-04-02 12:25:51 | [INFO] Read pseudobulk file
deg_processing_pseudobulk.34981955.out:2026-04-02 12:26:14 | [INFO] Dataset "novartis" specified but no processing_functions configured, skipping
deg_processing_pseudobulk.34981955.out:2026-04-02 12:26:14 | [INFO] Map ensembl IDs to current/replacement IDs
deg_processing_pseudobulk.34981955.out:2026-04-02 12:26:14 | [INFO] Mapping Ensembl IDs to current/replacement IDs
deg_processing_pseudobulk.34981955.out:2026-04-02 12:26:15 | [INFO]   Found 56080 genes with Ensembl IDs in var.index
deg_processing_pseudobulk.34981955.out:2026-04-02 12:26:15 | [INFO] Processing 56080 IDs in 57 queries
deg_processing_pseudobulk.34981955.out:2026-04-02 12:26:15 | [INFO]   Query 1/57: processing 1000 IDs
deg_processing_pseudobulk.34981955.out:2026-04-02 12:26:20 | [INFO]   Query 2/57: processing 1000 IDs
deg_processing_pseudobulk.34981955.out:2026-04-02 12:26:26 | [INFO]   Query 3/57: processing 1000 IDs
deg_processing_pseudobulk.34981955.out:2026-04-02 12:26:30 | [INFO]   Query 4/57: processing 1000 IDs
deg_processing_pseudobulk.34981955.out:2026-04-02 12:26:33 | [INFO]   Query 5/57: processing 1000 IDs
deg_processing_pseudobulk.34981955.out:2026-04-02 12:26:36 | [INFO]   Query 6/57: processing 1000 IDs
deg_processing_pseudobulk.34981955.out:2026-04-02 12:26:43 | [INFO]   Query 7/57: processing 1000 IDs
deg_processing_pseudobulk.34981955.out:2026-04-02 12:26:51 | [INFO]   Query 8/57: processing 1000 IDs
deg_processing_pseudobulk.34981955.out:2026-04-02 12:26:55 | [INFO]   Query 9/57: processing 1000 IDs
deg_processing_pseudobulk.34981955.out:2026-04-02 12:27:00 | [INFO]   Query 10/57: processing 1000 IDs
deg_processing_pseudobulk.34981955.out:2026-04-02 12:27:08 | [INFO]   Query 11/57: processing 1000 IDs
deg_processing_pseudobulk.34981955.out:2026-04-02 12:27:11 | [INFO]   Query 12/57: processing 1000 IDs
deg_processing_pseudobulk.34981955.out:2026-04-02 12:27:16 | [INFO]   Query 13/57: processing 1000 IDs
deg_processing_pseudobulk.34981955.out:2026-04-02 12:27:20 | [INFO]   Query 14/57: processing 1000 IDs
deg_processing_pseudobulk.34981955.out:2026-04-02 12:27:24 | [INFO]   Query 15/57: processing 1000 IDs
deg_processing_pseudobulk.34981955.out:2026-04-02 12:27:28 | [INFO]   Query 16/57: processing 1000 IDs
deg_processing_pseudobulk.34981955.out:2026-04-02 12:27:33 | [INFO]   Query 17/57: processing 1000 IDs
deg_processing_pseudobulk.34981955.out:2026-04-02 12:27:37 | [INFO]   Query 18/57: processing 1000 IDs
deg_processing_pseudobulk.34981955.out:2026-04-02 12:27:41 | [INFO]   Query 19/57: processing 1000 IDs
deg_processing_pseudobulk.34981955.out:2026-04-02 12:27:46 | [INFO]   Query 20/57: processing 1000 IDs
deg_processing_pseudobulk.34981955.out:2026-04-02 12:27:51 | [INFO]   Query 21/57: processing 1000 IDs
deg_processing_pseudobulk.34981955.out:2026-04-02 12:27:55 | [INFO]   Query 22/57: processing 1000 IDs
deg_processing_pseudobulk.34981955.out:2026-04-02 12:28:02 | [INFO]   Query 23/57: processing 1000 IDs
deg_processing_pseudobulk.34981955.out:2026-04-02 12:28:08 | [INFO]   Query 24/57: processing 1000 IDs
deg_processing_pseudobulk.34981955.out:2026-04-02 12:28:11 | [INFO]   Query 25/57: processing 1000 IDs
deg_processing_pseudobulk.34981955.out:2026-04-02 12:28:14 | [INFO]   Query 26/57: processing 1000 IDs
deg_processing_pseudobulk.34981955.out:2026-04-02 12:28:17 | [INFO]   Query 27/57: processing 1000 IDs
deg_processing_pseudobulk.34981955.out:2026-04-02 12:28:22 | [INFO]   Query 28/57: processing 1000 IDs
deg_processing_pseudobulk.34981955.out:2026-04-02 12:28:31 | [INFO]   Query 29/57: processing 1000 IDs
deg_processing_pseudobulk.34981955.out:2026-04-02 12:28:35 | [INFO]   Query 30/57: processing 1000 IDs
deg_processing_pseudobulk.34981955.out:2026-04-02 12:28:39 | [INFO]   Query 31/57: processing 1000 IDs
deg_processing_pseudobulk.34981955.out:2026-04-02 12:28:45 | [INFO]   Query 32/57: processing 1000 IDs
deg_processing_pseudobulk.34981955.out:2026-04-02 12:28:49 | [INFO]   Query 33/57: processing 1000 IDs
deg_processing_pseudobulk.34981955.out:2026-04-02 12:28:54 | [INFO]   Query 34/57: processing 1000 IDs
deg_processing_pseudobulk.34981955.out:2026-04-02 12:28:57 | [INFO]   Query 35/57: processing 1000 IDs
deg_processing_pseudobulk.34981955.out:2026-04-02 12:29:00 | [INFO]   Query 36/57: processing 1000 IDs
deg_processing_pseudobulk.34981955.out:2026-04-02 12:29:03 | [INFO]   Query 37/57: processing 1000 IDs
deg_processing_pseudobulk.34981955.out:2026-04-02 12:29:06 | [INFO]   Query 38/57: processing 1000 IDs
deg_processing_pseudobulk.34981955.out:2026-04-02 12:29:09 | [INFO]   Query 39/57: processing 1000 IDs
deg_processing_pseudobulk.34981955.out:2026-04-02 12:29:16 | [INFO]   Query 40/57: processing 1000 IDs
deg_processing_pseudobulk.34981955.out:2026-04-02 12:29:19 | [INFO]   Query 41/57: processing 1000 IDs
deg_processing_pseudobulk.34981955.out:2026-04-02 12:29:23 | [INFO]   Query 42/57: processing 1000 IDs
deg_processing_pseudobulk.34981955.out:2026-04-02 12:29:27 | [INFO]   Query 43/57: processing 1000 IDs
deg_processing_pseudobulk.34981955.out:2026-04-02 12:29:30 | [INFO]   Query 44/57: processing 1000 IDs
deg_processing_pseudobulk.34981955.out:2026-04-02 12:29:34 | [INFO]   Query 45/57: processing 1000 IDs
deg_processing_pseudobulk.34981955.out:2026-04-02 12:29:37 | [INFO]   Query 46/57: processing 1000 IDs
deg_processing_pseudobulk.34981955.out:2026-04-02 12:29:40 | [INFO]   Query 47/57: processing 1000 IDs
deg_processing_pseudobulk.34981955.out:2026-04-02 12:29:44 | [INFO]   Query 48/57: processing 1000 IDs
deg_processing_pseudobulk.34981955.out:2026-04-02 12:29:46 | [INFO]   Query 49/57: processing 1000 IDs
deg_processing_pseudobulk.34981955.out:2026-04-02 12:29:51 | [INFO]   Query 50/57: processing 1000 IDs
deg_processing_pseudobulk.34981955.out:2026-04-02 12:29:54 | [INFO]   Query 51/57: processing 1000 IDs
deg_processing_pseudobulk.34981955.out:2026-04-02 12:29:58 | [INFO]   Query 52/57: processing 1000 IDs
deg_processing_pseudobulk.34981955.out:2026-04-02 12:30:02 | [INFO]   Query 53/57: processing 1000 IDs
deg_processing_pseudobulk.34981955.out:2026-04-02 12:30:05 | [INFO]   Query 54/57: processing 1000 IDs
deg_processing_pseudobulk.34981955.out:2026-04-02 12:30:07 | [INFO]   Query 55/57: processing 1000 IDs
deg_processing_pseudobulk.34981955.out:2026-04-02 12:30:09 | [INFO]   Query 56/57: processing 1000 IDs
deg_processing_pseudobulk.34981955.out:2026-04-02 12:30:13 | [INFO]   Query 57/57: processing 80 IDs
deg_processing_pseudobulk.34981955.out:2026-04-02 12:30:15 | [INFO] Summary:
deg_processing_pseudobulk.34981955.out:2026-04-02 12:30:15 | [INFO]   Total results: 56077 out of 56080
deg_processing_pseudobulk.34981955.out:2026-04-02 12:30:15 | [INFO]   Current IDs: 54908
deg_processing_pseudobulk.34981955.out:2026-04-02 12:30:15 | [INFO]   Deprecated (no replacement): 290
deg_processing_pseudobulk.34981955.out:2026-04-02 12:30:15 | [INFO]   Single replacements: 870
deg_processing_pseudobulk.34981955.out:2026-04-02 12:30:15 | [INFO]   Multiple replacements: 9
deg_processing_pseudobulk.34981955.out:2026-04-02 12:30:15 | [INFO]   Unique target IDs with duplicates: 638
deg_processing_pseudobulk.34981955.out:2026-04-02 12:30:15 | [INFO]   Mapping size: 55778
deg_processing_pseudobulk.34981955.out:2026-04-02 12:30:15 | [INFO] Aggregating running...
deg_processing_pseudobulk.34981955.out:2026-04-02 12:30:15 | [INFO]   The layer containing 'psbulk_props' will be deprecated.
deg_processing_pseudobulk.34981955.out:2026-04-02 12:30:32 | [INFO]   Result: 56080 → 55023 genes (reduced by 1057)
deg_processing_pseudobulk.34981955.out:2026-04-02 12:30:32 | [INFO] Check total counts
deg_processing_pseudobulk.34981955.out:2026-04-02 12:30:33 | [INFO] Total counts are greater than 0
deg_processing_pseudobulk.34981955.out:2026-04-02 12:30:33 | [INFO] Add perturbation label
deg_processing_pseudobulk.34981955.out:2026-04-02 12:30:34 | [INFO] Save data
deg_processing_pseudobulk.34981955.out:2026-04-02 12:32:37 | [INFO]   Saved: ./data/novartis/pseudobulk_processed/group_rep/file_tmp.h5ad (53012 obs, 4341 perturbagens)
deg_processing_pseudobulk.34981955.out:2026-04-02 12:32:37 | [INFO] Splitting into 1 cell types
deg_processing_pseudobulk.34981955.out:2026-04-02 12:32:56 | [INFO] Splitting CVCL_0042: 53012 obs, 17361 perturbation labels
deg_processing_pseudobulk.34981955.out:2026-04-02 12:32:56 | [INFO]   After separation: 4340 perturbagens, 52700 non-control obs, 17360 non-control labels
deg_processing_pseudobulk.34981955.out:2026-04-02 12:32:56 | [INFO]   Create batches
deg_processing_pseudobulk.34981955.out:2026-04-02 12:33:24 | [INFO]   Pad batches
deg_processing_pseudobulk.34981955.out:2026-04-02 12:33:52 | [INFO]   1 batches need to be padded
deg_processing_pseudobulk.34981955.out:2026-04-02 12:33:52 | [INFO]   After padding before adding controls: 53 batches, batch sizes: ['1008 x 336', '1006 x 332', '1008 x 328', '1008 x 328', '1008 x 336', '1008 x 336', '1008 x 332', '1008 x 332', '1008 x 332', '1008 x 336', '1008 x 328', '1008 x 332', '1008 x 336', '1008 x 324', '1008 x 328', '1008 x 324', '1007 x 332', '1008 x 336', '1008 x 332', '1008 x 332', '1008 x 328', '1007 x 336', '1008 x 324', '1008 x 324', '1008 x 336', '1008 x 328', '1008 x 332', '1008 x 332', '1008 x 332', '1008 x 332', '1008 x 332', '1008 x 336', '1008 x 336', '1008 x 332', '1008 x 332', '1008 x 324', '1008 x 336', '1008 x 332', '1008 x 336', '1008 x 332', '1008 x 332', '1008 x 336', '1008 x 336', '1008 x 332', '1008 x 328', '1008 x 336', '1008 x 332', '1008 x 336', '1008 x 332', '1008 x 332', '1008 x 336', '1008 x 332', '1008 x 332']
deg_processing_pseudobulk.34981955.out:2026-04-02 12:33:52 | [INFO]   Add controls to batches
deg_processing_pseudobulk.34981955.out:2026-04-02 12:33:52 | [INFO]   Save batches:
deg_processing_pseudobulk.34981955.out:2026-04-02 12:33:57 | [INFO]   Saved: ./data/novartis/pseudobulk_processed/group_rep/tmp/CVCL_0042/CVCL_0042_processed_batch_1.h5ad (1320 obs, 85 perturbagens)
deg_processing_pseudobulk.34981955.out:2026-04-02 12:34:01 | [INFO]   Saved: ./data/novartis/pseudobulk_processed/group_rep/tmp/CVCL_0042/CVCL_0042_processed_batch_2.h5ad (1318 obs, 84 perturbagens)
deg_processing_pseudobulk.34981955.out:2026-04-02 12:34:05 | [INFO]   Saved: ./data/novartis/pseudobulk_processed/group_rep/tmp/CVCL_0042/CVCL_0042_processed_batch_3.h5ad (1320 obs, 83 perturbagens)
deg_processing_pseudobulk.34981955.out:2026-04-02 12:34:09 | [INFO]   Saved: ./data/novartis/pseudobulk_processed/group_rep/tmp/CVCL_0042/CVCL_0042_processed_batch_4.h5ad (1320 obs, 83 perturbagens)
deg_processing_pseudobulk.34981955.out:2026-04-02 12:34:14 | [INFO]   Saved: ./data/novartis/pseudobulk_processed/group_rep/tmp/CVCL_0042/CVCL_0042_processed_batch_5.h5ad (1320 obs, 85 perturbagens)
deg_processing_pseudobulk.34981955.out:2026-04-02 12:34:18 | [INFO]   Saved: ./data/novartis/pseudobulk_processed/group_rep/tmp/CVCL_0042/CVCL_0042_processed_batch_6.h5ad (1320 obs, 85 perturbagens)
deg_processing_pseudobulk.34981955.out:2026-04-02 12:34:22 | [INFO]   Saved: ./data/novartis/pseudobulk_processed/group_rep/tmp/CVCL_0042/CVCL_0042_processed_batch_7.h5ad (1320 obs, 84 perturbagens)
deg_processing_pseudobulk.34981955.out:2026-04-02 12:34:27 | [INFO]   Saved: ./data/novartis/pseudobulk_processed/group_rep/tmp/CVCL_0042/CVCL_0042_processed_batch_8.h5ad (1320 obs, 84 perturbagens)
deg_processing_pseudobulk.34981955.out:2026-04-02 12:34:31 | [INFO]   Saved: ./data/novartis/pseudobulk_processed/group_rep/tmp/CVCL_0042/CVCL_0042_processed_batch_9.h5ad (1320 obs, 84 perturbagens)
deg_processing_pseudobulk.34981955.out:2026-04-02 12:34:36 | [INFO]   Saved: ./data/novartis/pseudobulk_processed/group_rep/tmp/CVCL_0042/CVCL_0042_processed_batch_10.h5ad (1320 obs, 85 perturbagens)
deg_processing_pseudobulk.34981955.out:2026-04-02 12:34:40 | [INFO]   Saved: ./data/novartis/pseudobulk_processed/group_rep/tmp/CVCL_0042/CVCL_0042_processed_batch_11.h5ad (1320 obs, 83 perturbagens)
deg_processing_pseudobulk.34981955.out:2026-04-02 12:34:44 | [INFO]   Saved: ./data/novartis/pseudobulk_processed/group_rep/tmp/CVCL_0042/CVCL_0042_processed_batch_12.h5ad (1320 obs, 84 perturbagens)
deg_processing_pseudobulk.34981955.out:2026-04-02 12:34:49 | [INFO]   Saved: ./data/novartis/pseudobulk_processed/group_rep/tmp/CVCL_0042/CVCL_0042_processed_batch_13.h5ad (1320 obs, 85 perturbagens)
deg_processing_pseudobulk.34981955.out:2026-04-02 12:34:53 | [INFO]   Saved: ./data/novartis/pseudobulk_processed/group_rep/tmp/CVCL_0042/CVCL_0042_processed_batch_14.h5ad (1320 obs, 82 perturbagens)
deg_processing_pseudobulk.34981955.out:2026-04-02 12:34:57 | [INFO]   Saved: ./data/novartis/pseudobulk_processed/group_rep/tmp/CVCL_0042/CVCL_0042_processed_batch_15.h5ad (1320 obs, 83 perturbagens)
deg_processing_pseudobulk.34981955.out:2026-04-02 12:35:02 | [INFO]   Saved: ./data/novartis/pseudobulk_processed/group_rep/tmp/CVCL_0042/CVCL_0042_processed_batch_16.h5ad (1320 obs, 82 perturbagens)
deg_processing_pseudobulk.34981955.out:2026-04-02 12:35:06 | [INFO]   Saved: ./data/novartis/pseudobulk_processed/group_rep/tmp/CVCL_0042/CVCL_0042_processed_batch_17.h5ad (1319 obs, 84 perturbagens)
deg_processing_pseudobulk.34981955.out:2026-04-02 12:35:10 | [INFO]   Saved: ./data/novartis/pseudobulk_processed/group_rep/tmp/CVCL_0042/CVCL_0042_processed_batch_18.h5ad (1320 obs, 85 perturbagens)
deg_processing_pseudobulk.34981955.out:2026-04-02 12:35:15 | [INFO]   Saved: ./data/novartis/pseudobulk_processed/group_rep/tmp/CVCL_0042/CVCL_0042_processed_batch_19.h5ad (1320 obs, 84 perturbagens)
deg_processing_pseudobulk.34981955.out:2026-04-02 12:35:19 | [INFO]   Saved: ./data/novartis/pseudobulk_processed/group_rep/tmp/CVCL_0042/CVCL_0042_processed_batch_20.h5ad (1320 obs, 84 perturbagens)
deg_processing_pseudobulk.34981955.out:2026-04-02 12:35:24 | [INFO]   Saved: ./data/novartis/pseudobulk_processed/group_rep/tmp/CVCL_0042/CVCL_0042_processed_batch_21.h5ad (1320 obs, 83 perturbagens)
deg_processing_pseudobulk.34981955.out:2026-04-02 12:35:28 | [INFO]   Saved: ./data/novartis/pseudobulk_processed/group_rep/tmp/CVCL_0042/CVCL_0042_processed_batch_22.h5ad (1319 obs, 85 perturbagens)
deg_processing_pseudobulk.34981955.out:2026-04-02 12:35:32 | [INFO]   Saved: ./data/novartis/pseudobulk_processed/group_rep/tmp/CVCL_0042/CVCL_0042_processed_batch_23.h5ad (1320 obs, 82 perturbagens)
deg_processing_pseudobulk.34981955.out:2026-04-02 12:35:37 | [INFO]   Saved: ./data/novartis/pseudobulk_processed/group_rep/tmp/CVCL_0042/CVCL_0042_processed_batch_24.h5ad (1320 obs, 82 perturbagens)
deg_processing_pseudobulk.34981955.out:2026-04-02 12:35:41 | [INFO]   Saved: ./data/novartis/pseudobulk_processed/group_rep/tmp/CVCL_0042/CVCL_0042_processed_batch_25.h5ad (1320 obs, 85 perturbagens)
deg_processing_pseudobulk.34981955.out:2026-04-02 12:35:45 | [INFO]   Saved: ./data/novartis/pseudobulk_processed/group_rep/tmp/CVCL_0042/CVCL_0042_processed_batch_26.h5ad (1320 obs, 83 perturbagens)
deg_processing_pseudobulk.34981955.out:2026-04-02 12:35:50 | [INFO]   Saved: ./data/novartis/pseudobulk_processed/group_rep/tmp/CVCL_0042/CVCL_0042_processed_batch_27.h5ad (1320 obs, 84 perturbagens)
deg_processing_pseudobulk.34981955.out:2026-04-02 12:35:54 | [INFO]   Saved: ./data/novartis/pseudobulk_processed/group_rep/tmp/CVCL_0042/CVCL_0042_processed_batch_28.h5ad (1320 obs, 84 perturbagens)
deg_processing_pseudobulk.34981955.out:2026-04-02 12:35:58 | [INFO]   Saved: ./data/novartis/pseudobulk_processed/group_rep/tmp/CVCL_0042/CVCL_0042_processed_batch_29.h5ad (1320 obs, 84 perturbagens)
deg_processing_pseudobulk.34981955.out:2026-04-02 12:36:03 | [INFO]   Saved: ./data/novartis/pseudobulk_processed/group_rep/tmp/CVCL_0042/CVCL_0042_processed_batch_30.h5ad (1320 obs, 84 perturbagens)
deg_processing_pseudobulk.34981955.out:2026-04-02 12:36:07 | [INFO]   Saved: ./data/novartis/pseudobulk_processed/group_rep/tmp/CVCL_0042/CVCL_0042_processed_batch_31.h5ad (1320 obs, 84 perturbagens)
deg_processing_pseudobulk.34981955.out:2026-04-02 12:36:11 | [INFO]   Saved: ./data/novartis/pseudobulk_processed/group_rep/tmp/CVCL_0042/CVCL_0042_processed_batch_32.h5ad (1320 obs, 85 perturbagens)
deg_processing_pseudobulk.34981955.out:2026-04-02 12:36:16 | [INFO]   Saved: ./data/novartis/pseudobulk_processed/group_rep/tmp/CVCL_0042/CVCL_0042_processed_batch_33.h5ad (1320 obs, 85 perturbagens)
deg_processing_pseudobulk.34981955.out:2026-04-02 12:36:20 | [INFO]   Saved: ./data/novartis/pseudobulk_processed/group_rep/tmp/CVCL_0042/CVCL_0042_processed_batch_34.h5ad (1320 obs, 84 perturbagens)
deg_processing_pseudobulk.34981955.out:2026-04-02 12:36:24 | [INFO]   Saved: ./data/novartis/pseudobulk_processed/group_rep/tmp/CVCL_0042/CVCL_0042_processed_batch_35.h5ad (1320 obs, 84 perturbagens)
deg_processing_pseudobulk.34981955.out:2026-04-02 12:36:29 | [INFO]   Saved: ./data/novartis/pseudobulk_processed/group_rep/tmp/CVCL_0042/CVCL_0042_processed_batch_36.h5ad (1320 obs, 82 perturbagens)
deg_processing_pseudobulk.34981955.out:2026-04-02 12:36:33 | [INFO]   Saved: ./data/novartis/pseudobulk_processed/group_rep/tmp/CVCL_0042/CVCL_0042_processed_batch_37.h5ad (1320 obs, 85 perturbagens)
deg_processing_pseudobulk.34981955.out:2026-04-02 12:36:38 | [INFO]   Saved: ./data/novartis/pseudobulk_processed/group_rep/tmp/CVCL_0042/CVCL_0042_processed_batch_38.h5ad (1320 obs, 84 perturbagens)
deg_processing_pseudobulk.34981955.out:2026-04-02 12:36:42 | [INFO]   Saved: ./data/novartis/pseudobulk_processed/group_rep/tmp/CVCL_0042/CVCL_0042_processed_batch_39.h5ad (1320 obs, 85 perturbagens)
deg_processing_pseudobulk.34981955.out:2026-04-02 12:36:46 | [INFO]   Saved: ./data/novartis/pseudobulk_processed/group_rep/tmp/CVCL_0042/CVCL_0042_processed_batch_40.h5ad (1320 obs, 84 perturbagens)
deg_processing_pseudobulk.34981955.out:2026-04-02 12:36:51 | [INFO]   Saved: ./data/novartis/pseudobulk_processed/group_rep/tmp/CVCL_0042/CVCL_0042_processed_batch_41.h5ad (1320 obs, 84 perturbagens)
deg_processing_pseudobulk.34981955.out:2026-04-02 12:36:55 | [INFO]   Saved: ./data/novartis/pseudobulk_processed/group_rep/tmp/CVCL_0042/CVCL_0042_processed_batch_42.h5ad (1320 obs, 85 perturbagens)
deg_processing_pseudobulk.34981955.out:2026-04-02 12:37:00 | [INFO]   Saved: ./data/novartis/pseudobulk_processed/group_rep/tmp/CVCL_0042/CVCL_0042_processed_batch_43.h5ad (1320 obs, 85 perturbagens)
deg_processing_pseudobulk.34981955.out:2026-04-02 12:37:04 | [INFO]   Saved: ./data/novartis/pseudobulk_processed/group_rep/tmp/CVCL_0042/CVCL_0042_processed_batch_44.h5ad (1320 obs, 84 perturbagens)
deg_processing_pseudobulk.34981955.out:2026-04-02 12:37:08 | [INFO]   Saved: ./data/novartis/pseudobulk_processed/group_rep/tmp/CVCL_0042/CVCL_0042_processed_batch_45.h5ad (1320 obs, 83 perturbagens)
deg_processing_pseudobulk.34981955.out:2026-04-02 12:37:13 | [INFO]   Saved: ./data/novartis/pseudobulk_processed/group_rep/tmp/CVCL_0042/CVCL_0042_processed_batch_46.h5ad (1320 obs, 85 perturbagens)
deg_processing_pseudobulk.34981955.out:2026-04-02 12:37:17 | [INFO]   Saved: ./data/novartis/pseudobulk_processed/group_rep/tmp/CVCL_0042/CVCL_0042_processed_batch_47.h5ad (1320 obs, 84 perturbagens)
deg_processing_pseudobulk.34981955.out:2026-04-02 12:37:22 | [INFO]   Saved: ./data/novartis/pseudobulk_processed/group_rep/tmp/CVCL_0042/CVCL_0042_processed_batch_48.h5ad (1320 obs, 85 perturbagens)
deg_processing_pseudobulk.34981955.out:2026-04-02 12:37:26 | [INFO]   Saved: ./data/novartis/pseudobulk_processed/group_rep/tmp/CVCL_0042/CVCL_0042_processed_batch_49.h5ad (1320 obs, 84 perturbagens)
deg_processing_pseudobulk.34981955.out:2026-04-02 12:37:30 | [INFO]   Saved: ./data/novartis/pseudobulk_processed/group_rep/tmp/CVCL_0042/CVCL_0042_processed_batch_50.h5ad (1320 obs, 84 perturbagens)
deg_processing_pseudobulk.34981955.out:2026-04-02 12:37:35 | [INFO]   Saved: ./data/novartis/pseudobulk_processed/group_rep/tmp/CVCL_0042/CVCL_0042_processed_batch_51.h5ad (1320 obs, 85 perturbagens)
deg_processing_pseudobulk.34981955.out:2026-04-02 12:37:39 | [INFO]   Saved: ./data/novartis/pseudobulk_processed/group_rep/tmp/CVCL_0042/CVCL_0042_processed_batch_52.h5ad (1320 obs, 84 perturbagens)
deg_processing_pseudobulk.34981955.out:2026-04-02 12:37:44 | [INFO]   Saved: ./data/novartis/pseudobulk_processed/group_rep/tmp/CVCL_0042/CVCL_0042_processed_batch_53.h5ad (1320 obs, 84 perturbagens)
deg_processing_pseudobulk.34981955.out:2026-04-02 12:37:44 | [INFO] Splitting CVCL_0042 is done
deg_processing_pseudobulk.34981955.out:2026-04-02 12:37:44 | [INFO] Moved temporary file ./data/novartis/pseudobulk_processed/group_rep/file_tmp.h5ad to ./data/novartis/pseudobulk_processed/group_rep/novartis_standardized_processed.h5ad
deg_processing_pseudobulk.34981955.out:2026-04-02 12:37:44 | [INFO] Moved temporary directory ./data/novartis/pseudobulk_processed/group_rep/tmp to ./data/novartis/pseudobulk_processed/group_rep/by_celltype
deg_processing_pseudobulk.34981955.err:2026-04-02 12:30:15 | [WARNING] Warning, the gene ENSG00000244693 has more than one replacements: [{'score': 0.994811, 'stable_id': 'ENSG00000288784'}, {'stable_id': 'ENSG00000289604', 'score': 0.994837}]
deg_processing_pseudobulk.34981955.err:2026-04-02 12:30:15 | [WARNING] Warning, the gene ENSG00000274791 has more than one replacements: [{'score': 0.790648, 'stable_id': 'ENSG00000288709'}, {'stable_id': 'ENSG00000288722', 'score': 0.790648}]
deg_processing_pseudobulk.34981955.err:2026-04-02 12:30:15 | [WARNING] Warning, the gene ENSG00000240224 has more than one replacements: [{'score': 0.981993, 'stable_id': 'ENSG00000288702'}, {'score': 0.982788, 'stable_id': 'ENSG00000288705'}]
deg_processing_pseudobulk.34981955.err:2026-04-02 12:30:15 | [WARNING] Warning, the gene ENSG00000225932 has more than one replacements: [{'stable_id': 'ENSG00000288784', 'score': 0.994837}, {'stable_id': 'ENSG00000289604', 'score': 0.994811}]
deg_processing_pseudobulk.34981955.err:2026-04-02 12:30:15 | [WARNING] Warning, the gene ENSG00000243135 has more than one replacements: [{'score': 0.986504, 'stable_id': 'ENSG00000288702'}, {'score': 0.986027, 'stable_id': 'ENSG00000288705'}]
deg_processing_pseudobulk.34981955.err:2026-04-02 12:30:15 | [WARNING] Warning, the gene ENSG00000277203 has more than one replacements: [{'stable_id': 'ENSG00000288722', 'score': 0.998249}, {'score': 0.998246, 'stable_id': 'ENSG00000288709'}]
deg_processing_pseudobulk.34981955.err:2026-04-02 12:30:15 | [WARNING] Warning, the gene ENSG00000183791 has more than one replacements: [{'stable_id': 'ENSG00000288631', 'score': 0.865191}, {'score': 0.865191, 'stable_id': 'ENSG00000288616'}, {'score': 0.865191, 'stable_id': 'ENSG00000288607'}]
deg_processing_pseudobulk.34981955.err:2026-04-02 12:30:15 | [WARNING] Warning, the gene ENSG00000233776 has more than one replacements: [{'stable_id': 'ENSG00000235481', 'score': 0.99}, {'score': 0.99, 'stable_id': 'ENSG00000173575'}]
deg_processing_pseudobulk.34981955.err:2026-04-02 12:30:15 | [WARNING] Warning, the gene ENSG00000256374 has more than one replacements: [{'score': 0.788845, 'stable_id': 'ENSG00000288867'}, {'stable_id': 'ENSG00000289549', 'score': 0.788845}, {'stable_id': 'ENSG00000289022', 'score': 0.788845}, {'score': 0.788845, 'stable_id': 'ENSG00000289240'}, {'score': 0.788845, 'stable_id': 'ENSG00000289542'}]
deg_processing_pseudobulk.34981955.err:2026-04-02 12:30:15 | [WARNING] Filtering out 302 genes that could not be mapped (deprecated with no replacement or multiple replacements)
deg_processing_pseudobulk.34981955.err:2026-04-02 12:30:15 | [WARNING] Found 638 target IDs with duplicates - will aggregate counts
deg_processing_pseudobulk.34981955.err:2026-04-02 12:32:56 | [WARNING]   Non-control n_obs (52700) exceeds 1000, creating batches
deg_processing_pseudobulk.34981955.err:2026-04-02 12:33:52 | [WARNING]   Batch 1 has only 85 perturbagens, which is below the minimum of 500
deg_processing_pseudobulk.34981955.err:2026-04-02 12:33:52 | [WARNING]   Batch 2 has only 84 perturbagens, which is below the minimum of 500
deg_processing_pseudobulk.34981955.err:2026-04-02 12:33:52 | [WARNING]   Batch 3 has only 83 perturbagens, which is below the minimum of 500
deg_processing_pseudobulk.34981955.err:2026-04-02 12:33:52 | [WARNING]   Batch 4 has only 83 perturbagens, which is below the minimum of 500
deg_processing_pseudobulk.34981955.err:2026-04-02 12:33:52 | [WARNING]   Batch 5 has only 85 perturbagens, which is below the minimum of 500
deg_processing_pseudobulk.34981955.err:2026-04-02 12:33:52 | [WARNING]   Batch 6 has only 85 perturbagens, which is below the minimum of 500
deg_processing_pseudobulk.34981955.err:2026-04-02 12:33:52 | [WARNING]   Batch 7 has only 84 perturbagens, which is below the minimum of 500
deg_processing_pseudobulk.34981955.err:2026-04-02 12:33:52 | [WARNING]   Batch 8 has only 84 perturbagens, which is below the minimum of 500
deg_processing_pseudobulk.34981955.err:2026-04-02 12:33:52 | [WARNING]   Batch 9 has only 84 perturbagens, which is below the minimum of 500
deg_processing_pseudobulk.34981955.err:2026-04-02 12:33:52 | [WARNING]   Batch 10 has only 85 perturbagens, which is below the minimum of 500
deg_processing_pseudobulk.34981955.err:2026-04-02 12:33:52 | [WARNING]   Batch 11 has only 83 perturbagens, which is below the minimum of 500
deg_processing_pseudobulk.34981955.err:2026-04-02 12:33:52 | [WARNING]   Batch 12 has only 84 perturbagens, which is below the minimum of 500
deg_processing_pseudobulk.34981955.err:2026-04-02 12:33:52 | [WARNING]   Batch 13 has only 85 perturbagens, which is below the minimum of 500
deg_processing_pseudobulk.34981955.err:2026-04-02 12:33:52 | [WARNING]   Batch 14 has only 82 perturbagens, which is below the minimum of 500
deg_processing_pseudobulk.34981955.err:2026-04-02 12:33:52 | [WARNING]   Batch 15 has only 83 perturbagens, which is below the minimum of 500
deg_processing_pseudobulk.34981955.err:2026-04-02 12:33:52 | [WARNING]   Batch 16 has only 82 perturbagens, which is below the minimum of 500
deg_processing_pseudobulk.34981955.err:2026-04-02 12:33:52 | [WARNING]   Batch 17 has only 84 perturbagens, which is below the minimum of 500
deg_processing_pseudobulk.34981955.err:2026-04-02 12:33:52 | [WARNING]   Batch 18 has only 85 perturbagens, which is below the minimum of 500
deg_processing_pseudobulk.34981955.err:2026-04-02 12:33:52 | [WARNING]   Batch 19 has only 84 perturbagens, which is below the minimum of 500
deg_processing_pseudobulk.34981955.err:2026-04-02 12:33:52 | [WARNING]   Batch 20 has only 84 perturbagens, which is below the minimum of 500
deg_processing_pseudobulk.34981955.err:2026-04-02 12:33:52 | [WARNING]   Batch 21 has only 83 perturbagens, which is below the minimum of 500
deg_processing_pseudobulk.34981955.err:2026-04-02 12:33:52 | [WARNING]   Batch 22 has only 85 perturbagens, which is below the minimum of 500
deg_processing_pseudobulk.34981955.err:2026-04-02 12:33:52 | [WARNING]   Batch 23 has only 82 perturbagens, which is below the minimum of 500
deg_processing_pseudobulk.34981955.err:2026-04-02 12:33:52 | [WARNING]   Batch 24 has only 82 perturbagens, which is below the minimum of 500
deg_processing_pseudobulk.34981955.err:2026-04-02 12:33:52 | [WARNING]   Batch 25 has only 85 perturbagens, which is below the minimum of 500
deg_processing_pseudobulk.34981955.err:2026-04-02 12:33:52 | [WARNING]   Batch 26 has only 83 perturbagens, which is below the minimum of 500
deg_processing_pseudobulk.34981955.err:2026-04-02 12:33:52 | [WARNING]   Batch 27 has only 84 perturbagens, which is below the minimum of 500
deg_processing_pseudobulk.34981955.err:2026-04-02 12:33:52 | [WARNING]   Batch 28 has only 84 perturbagens, which is below the minimum of 500
deg_processing_pseudobulk.34981955.err:2026-04-02 12:33:52 | [WARNING]   Batch 29 has only 84 perturbagens, which is below the minimum of 500
deg_processing_pseudobulk.34981955.err:2026-04-02 12:33:52 | [WARNING]   Batch 30 has only 84 perturbagens, which is below the minimum of 500
deg_processing_pseudobulk.34981955.err:2026-04-02 12:33:52 | [WARNING]   Batch 31 has only 84 perturbagens, which is below the minimum of 500
deg_processing_pseudobulk.34981955.err:2026-04-02 12:33:52 | [WARNING]   Batch 32 has only 85 perturbagens, which is below the minimum of 500
deg_processing_pseudobulk.34981955.err:2026-04-02 12:33:52 | [WARNING]   Batch 33 has only 85 perturbagens, which is below the minimum of 500
deg_processing_pseudobulk.34981955.err:2026-04-02 12:33:52 | [WARNING]   Batch 34 has only 84 perturbagens, which is below the minimum of 500
deg_processing_pseudobulk.34981955.err:2026-04-02 12:33:52 | [WARNING]   Batch 35 has only 84 perturbagens, which is below the minimum of 500
deg_processing_pseudobulk.34981955.err:2026-04-02 12:33:52 | [WARNING]   Batch 36 has only 82 perturbagens, which is below the minimum of 500
deg_processing_pseudobulk.34981955.err:2026-04-02 12:33:52 | [WARNING]   Batch 37 has only 85 perturbagens, which is below the minimum of 500
deg_processing_pseudobulk.34981955.err:2026-04-02 12:33:52 | [WARNING]   Batch 38 has only 84 perturbagens, which is below the minimum of 500
deg_processing_pseudobulk.34981955.err:2026-04-02 12:33:52 | [WARNING]   Batch 39 has only 85 perturbagens, which is below the minimum of 500
deg_processing_pseudobulk.34981955.err:2026-04-02 12:33:52 | [WARNING]   Batch 40 has only 84 perturbagens, which is below the minimum of 500
deg_processing_pseudobulk.34981955.err:2026-04-02 12:33:52 | [WARNING]   Batch 41 has only 84 perturbagens, which is below the minimum of 500
deg_processing_pseudobulk.34981955.err:2026-04-02 12:33:52 | [WARNING]   Batch 42 has only 85 perturbagens, which is below the minimum of 500
deg_processing_pseudobulk.34981955.err:2026-04-02 12:33:52 | [WARNING]   Batch 43 has only 85 perturbagens, which is below the minimum of 500
deg_processing_pseudobulk.34981955.err:2026-04-02 12:33:52 | [WARNING]   Batch 44 has only 84 perturbagens, which is below the minimum of 500
deg_processing_pseudobulk.34981955.err:2026-04-02 12:33:52 | [WARNING]   Batch 45 has only 83 perturbagens, which is below the minimum of 500
deg_processing_pseudobulk.34981955.err:2026-04-02 12:33:52 | [WARNING]   Batch 46 has only 85 perturbagens, which is below the minimum of 500
deg_processing_pseudobulk.34981955.err:2026-04-02 12:33:52 | [WARNING]   Batch 47 has only 84 perturbagens, which is below the minimum of 500
deg_processing_pseudobulk.34981955.err:2026-04-02 12:33:52 | [WARNING]   Batch 48 has only 85 perturbagens, which is below the minimum of 500
deg_processing_pseudobulk.34981955.err:2026-04-02 12:33:52 | [WARNING]   Batch 49 has only 84 perturbagens, which is below the minimum of 500
deg_processing_pseudobulk.34981955.err:2026-04-02 12:33:52 | [WARNING]   Batch 50 has only 84 perturbagens, which is below the minimum of 500
deg_processing_pseudobulk.34981955.err:2026-04-02 12:33:52 | [WARNING]   Batch 51 has only 85 perturbagens, which is below the minimum of 500
deg_processing_pseudobulk.34981955.err:2026-04-02 12:33:52 | [WARNING]   Batch 52 has only 84 perturbagens, which is below the minimum of 500
deg_processing_pseudobulk.34981955.err:2026-04-02 12:33:52 | [WARNING]   Batch 53 has only 84 perturbagens, which is below the minimum of 500
deg_analysis.34982091_0.out:
deg_analysis.34982091_0.out:DE analysis started...
deg_analysis.34982091_0.out:Loaded input file:  ./data/novartis/pseudobulk_processed/group_rep/by_celltype/CVCL_0042/CVCL_0042_processed_batch_10.h5ad
deg_analysis.34982091_0.out:Initial dimensions:  1320  samples ×  55023  genes
deg_analysis.34982091_0.out:Filter samples with the low number of cells
deg_analysis.34982091_0.out:    Filter threshold (min_cells):  0
deg_analysis.34982091_0.out:    Found  1320  samples with sentinel value (-666), keeping all
deg_analysis.34982091_0.out:    n_obs:  1320 -->  1320
deg_analysis.34982091_0.out:
deg_analysis.34982091_0.out:▶︎ Processing cell_type:  CVCL_0042
deg_analysis.34982091_0.out:    Filter controls by  pert_time_h  column
deg_analysis.34982091_0.out:        n_obs:  1320 -->  1320
deg_analysis.34982091_0.out:
deg_analysis.34982091_0.out:    Constructing design matrix...
deg_analysis.34982091_0.out:    Design matrix is constructed in 0.0 seconds
deg_analysis.34982091_0.out:    Design matrix dimensions: 1320 samples × 492 coefficients
deg_analysis.34982091_0.out:    Filtering genes and normalizing counts...
deg_analysis.34982091_0.out:    Genes are filtered and normalized in 13.6 seconds
deg_analysis.34982091_0.out:    Running voom...
deg_analysis.34982091_0.out:    Voom is completed in 8.9 seconds
deg_analysis.34982091_0.out:    Running lmFit...
deg_analysis.34982091_0.out:    LmFit is completed in 698.1 seconds
deg_analysis.34982091_0.out:DGE fit is completed in 723.7 seconds
deg_analysis.34982091_0.out:    Running contrasts...
deg_analysis.34982091_0.out:    Running contrast 1/336
deg_analysis.34982091_0.out:    Running contrast 51/336
deg_analysis.34982091_0.out:    Running contrast 101/336
deg_analysis.34982091_0.out:    Running contrast 151/336
deg_analysis.34982091_0.out:    Running contrast 201/336
deg_analysis.34982091_0.out:    Running contrast 251/336
deg_analysis.34982091_0.out:    Running contrast 301/336
deg_analysis.34982091_0.out:    Running contrast 336/336
deg_analysis.34982091_0.out:Contrasts are completed in 76.7 seconds
deg_analysis.34982091_0.out:
deg_analysis.34982091_0.out:    Writing:  ./data/novartis/deg_data/group_rep/full/qc_false/filter_min_cells_0/intermediate/CVCL_0042/CVCL_0042_batch_10_de.h5ad
deg_analysis.34982091_0.out:
deg_analysis.34982091_0.out:    Rewriting h5ad file: ./data/novartis/deg_data/group_rep/full/qc_false/filter_min_cells_0/intermediate/CVCL_0042/CVCL_0042_batch_10_de.h5ad
deg_analysis.34982091_0.out:    Removed X matrix
deg_analysis.34982091_0.out:    Rewriting h5ad file is done!
deg_analysis.34982091_0.out:✓ Cell line completed in 828.9 seconds
deg_analysis.34982091_0.out:
deg_analysis.34982091_0.out:DE analysis completed!
deg_analysis.34982091_0.out:
deg_analysis.34982091_0.out:Total runtime: 891.5 seconds
deg_analysis.34982092_1.out:
deg_analysis.34982092_1.out:DE analysis started...
deg_analysis.34982092_1.out:Loaded input file:  ./data/novartis/pseudobulk_processed/group_rep/by_celltype/CVCL_0042/CVCL_0042_processed_batch_11.h5ad
deg_analysis.34982092_1.out:Initial dimensions:  1320  samples ×  55023  genes
deg_analysis.34982092_1.out:Filter samples with the low number of cells
deg_analysis.34982092_1.out:    Filter threshold (min_cells):  0
deg_analysis.34982092_1.out:    Found  1320  samples with sentinel value (-666), keeping all
deg_analysis.34982092_1.out:    n_obs:  1320 -->  1320
deg_analysis.34982092_1.out:
deg_analysis.34982092_1.out:▶︎ Processing cell_type:  CVCL_0042
deg_analysis.34982092_1.out:    Filter controls by  pert_time_h  column
deg_analysis.34982092_1.out:        n_obs:  1320 -->  1320
deg_analysis.34982092_1.out:
deg_analysis.34982092_1.out:    Constructing design matrix...
deg_analysis.34982092_1.out:    Design matrix is constructed in 0.0 seconds
deg_analysis.34982092_1.out:    Design matrix dimensions: 1320 samples × 484 coefficients
deg_analysis.34982092_1.out:    Filtering genes and normalizing counts...
deg_analysis.34982092_1.out:    Genes are filtered and normalized in 14.9 seconds
deg_analysis.34982092_1.out:    Running voom...
deg_analysis.34982092_1.out:    Voom is completed in 10.0 seconds
deg_analysis.34982092_1.out:    Running lmFit...
deg_analysis.34982092_1.out:    LmFit is completed in 763.0 seconds
deg_analysis.34982092_1.out:DGE fit is completed in 791.4 seconds
deg_analysis.34982092_1.out:    Running contrasts...
deg_analysis.34982092_1.out:    Running contrast 1/328
deg_analysis.34982092_1.out:    Running contrast 51/328
deg_analysis.34982092_1.out:    Running contrast 101/328
deg_analysis.34982092_1.out:    Running contrast 151/328
deg_analysis.34982092_1.out:    Running contrast 201/328
deg_analysis.34982092_1.out:    Running contrast 251/328
deg_analysis.34982092_1.out:    Running contrast 301/328
deg_analysis.34982092_1.out:    Running contrast 328/328
deg_analysis.34982092_1.out:Contrasts are completed in 78.7 seconds
deg_analysis.34982092_1.out:
deg_analysis.34982092_1.out:    Writing:  ./data/novartis/deg_data/group_rep/full/qc_false/filter_min_cells_0/intermediate/CVCL_0042/CVCL_0042_batch_11_de.h5ad
deg_analysis.34982092_1.out:
deg_analysis.34982092_1.out:    Rewriting h5ad file: ./data/novartis/deg_data/group_rep/full/qc_false/filter_min_cells_0/intermediate/CVCL_0042/CVCL_0042_batch_11_de.h5ad
deg_analysis.34982092_1.out:    Removed X matrix
deg_analysis.34982092_1.out:    Rewriting h5ad file is done!
deg_analysis.34982092_1.out:✓ Cell line completed in 901.8 seconds
deg_analysis.34982092_1.out:
deg_analysis.34982092_1.out:DE analysis completed!
deg_analysis.34982092_1.out:
deg_analysis.34982092_1.out:Total runtime: 964.8 seconds
deg_analysis.34982093_2.out:
deg_analysis.34982093_2.out:DE analysis started...
deg_analysis.34982093_2.out:Loaded input file:  ./data/novartis/pseudobulk_processed/group_rep/by_celltype/CVCL_0042/CVCL_0042_processed_batch_12.h5ad
deg_analysis.34982093_2.out:Initial dimensions:  1320  samples ×  55023  genes
deg_analysis.34982093_2.out:Filter samples with the low number of cells
deg_analysis.34982093_2.out:    Filter threshold (min_cells):  0
deg_analysis.34982093_2.out:    Found  1320  samples with sentinel value (-666), keeping all
deg_analysis.34982093_2.out:    n_obs:  1320 -->  1320
deg_analysis.34982093_2.out:
deg_analysis.34982093_2.out:▶︎ Processing cell_type:  CVCL_0042
deg_analysis.34982093_2.out:    Filter controls by  pert_time_h  column
deg_analysis.34982093_2.out:        n_obs:  1320 -->  1320
deg_analysis.34982093_2.out:
deg_analysis.34982093_2.out:    Constructing design matrix...
deg_analysis.34982093_2.out:    Design matrix is constructed in 0.0 seconds
deg_analysis.34982093_2.out:    Design matrix dimensions: 1320 samples × 488 coefficients
deg_analysis.34982093_2.out:    Filtering genes and normalizing counts...
deg_analysis.34982093_2.out:    Genes are filtered and normalized in 13.3 seconds
deg_analysis.34982093_2.out:    Running voom...
deg_analysis.34982093_2.out:    Voom is completed in 9.1 seconds
deg_analysis.34982093_2.out:    Running lmFit...
deg_analysis.34982093_2.out:    LmFit is completed in 676.4 seconds
deg_analysis.34982093_2.out:DGE fit is completed in 702.1 seconds
deg_analysis.34982093_2.out:    Running contrasts...
deg_analysis.34982093_2.out:    Running contrast 1/332
deg_analysis.34982093_2.out:    Running contrast 51/332
deg_analysis.34982093_2.out:    Running contrast 101/332
deg_analysis.34982093_2.out:    Running contrast 151/332
deg_analysis.34982093_2.out:    Running contrast 201/332
deg_analysis.34982093_2.out:    Running contrast 251/332
deg_analysis.34982093_2.out:    Running contrast 301/332
deg_analysis.34982093_2.out:    Running contrast 332/332
deg_analysis.34982093_2.out:Contrasts are completed in 72.6 seconds
deg_analysis.34982093_2.out:
deg_analysis.34982093_2.out:    Writing:  ./data/novartis/deg_data/group_rep/full/qc_false/filter_min_cells_0/intermediate/CVCL_0042/CVCL_0042_batch_12_de.h5ad
deg_analysis.34982093_2.out:
deg_analysis.34982093_2.out:    Rewriting h5ad file: ./data/novartis/deg_data/group_rep/full/qc_false/filter_min_cells_0/intermediate/CVCL_0042/CVCL_0042_batch_12_de.h5ad
deg_analysis.34982093_2.out:    Removed X matrix
deg_analysis.34982093_2.out:    Rewriting h5ad file is done!
deg_analysis.34982093_2.out:✓ Cell line completed in 803.4 seconds
deg_analysis.34982093_2.out:
deg_analysis.34982093_2.out:DE analysis completed!
deg_analysis.34982093_2.out:
deg_analysis.34982093_2.out:Total runtime: 866.4 seconds
deg_analysis.34982094_3.out:
deg_analysis.34982094_3.out:DE analysis started...
deg_analysis.34982094_3.out:Loaded input file:  ./data/novartis/pseudobulk_processed/group_rep/by_celltype/CVCL_0042/CVCL_0042_processed_batch_13.h5ad
deg_analysis.34982094_3.out:Initial dimensions:  1320  samples ×  55023  genes
deg_analysis.34982094_3.out:Filter samples with the low number of cells
deg_analysis.34982094_3.out:    Filter threshold (min_cells):  0
deg_analysis.34982094_3.out:    Found  1320  samples with sentinel value (-666), keeping all
deg_analysis.34982094_3.out:    n_obs:  1320 -->  1320
deg_analysis.34982094_3.out:
deg_analysis.34982094_3.out:▶︎ Processing cell_type:  CVCL_0042
deg_analysis.34982094_3.out:    Filter controls by  pert_time_h  column
deg_analysis.34982094_3.out:        n_obs:  1320 -->  1320
deg_analysis.34982094_3.out:
deg_analysis.34982094_3.out:    Constructing design matrix...
deg_analysis.34982094_3.out:    Design matrix is constructed in 0.0 seconds
deg_analysis.34982094_3.out:    Design matrix dimensions: 1320 samples × 492 coefficients
deg_analysis.34982094_3.out:    Filtering genes and normalizing counts...
deg_analysis.34982094_3.out:    Genes are filtered and normalized in 15.4 seconds
deg_analysis.34982094_3.out:    Running voom...
deg_analysis.34982094_3.out:    Voom is completed in 9.8 seconds
deg_analysis.34982094_3.out:    Running lmFit...
deg_analysis.34982094_3.out:    LmFit is completed in 746.9 seconds
deg_analysis.34982094_3.out:DGE fit is completed in 775.7 seconds
deg_analysis.34982094_3.out:    Running contrasts...
deg_analysis.34982094_3.out:    Running contrast 1/336
deg_analysis.34982094_3.out:    Running contrast 51/336
deg_analysis.34982094_3.out:    Running contrast 101/336
deg_analysis.34982094_3.out:    Running contrast 151/336
deg_analysis.34982094_3.out:    Running contrast 201/336
deg_analysis.34982094_3.out:    Running contrast 251/336
deg_analysis.34982094_3.out:    Running contrast 301/336
deg_analysis.34982094_3.out:    Running contrast 336/336
deg_analysis.34982094_3.out:Contrasts are completed in 78.6 seconds
deg_analysis.34982094_3.out:
deg_analysis.34982094_3.out:    Writing:  ./data/novartis/deg_data/group_rep/full/qc_false/filter_min_cells_0/intermediate/CVCL_0042/CVCL_0042_batch_13_de.h5ad
deg_analysis.34982094_3.out:
deg_analysis.34982094_3.out:    Rewriting h5ad file: ./data/novartis/deg_data/group_rep/full/qc_false/filter_min_cells_0/intermediate/CVCL_0042/CVCL_0042_batch_13_de.h5ad
deg_analysis.34982094_3.out:    Removed X matrix
deg_analysis.34982094_3.out:    Rewriting h5ad file is done!
deg_analysis.34982094_3.out:✓ Cell line completed in 886.2 seconds
deg_analysis.34982094_3.out:
deg_analysis.34982094_3.out:DE analysis completed!
deg_analysis.34982094_3.out:
deg_analysis.34982094_3.out:Total runtime: 949.4 seconds
deg_analysis.34982095_4.out:
deg_analysis.34982095_4.out:DE analysis started...
deg_analysis.34982095_4.out:Loaded input file:  ./data/novartis/pseudobulk_processed/group_rep/by_celltype/CVCL_0042/CVCL_0042_processed_batch_14.h5ad
deg_analysis.34982095_4.out:Initial dimensions:  1320  samples ×  55023  genes
deg_analysis.34982095_4.out:Filter samples with the low number of cells
deg_analysis.34982095_4.out:    Filter threshold (min_cells):  0
deg_analysis.34982095_4.out:    Found  1320  samples with sentinel value (-666), keeping all
deg_analysis.34982095_4.out:    n_obs:  1320 -->  1320
deg_analysis.34982095_4.out:
deg_analysis.34982095_4.out:▶︎ Processing cell_type:  CVCL_0042
deg_analysis.34982095_4.out:    Filter controls by  pert_time_h  column
deg_analysis.34982095_4.out:        n_obs:  1320 -->  1320
deg_analysis.34982095_4.out:
deg_analysis.34982095_4.out:    Constructing design matrix...
deg_analysis.34982095_4.out:    Design matrix is constructed in 0.0 seconds
deg_analysis.34982095_4.out:    Design matrix dimensions: 1320 samples × 480 coefficients
deg_analysis.34982095_4.out:    Filtering genes and normalizing counts...
deg_analysis.34982095_4.out:    Genes are filtered and normalized in 14.6 seconds
deg_analysis.34982095_4.out:    Running voom...
deg_analysis.34982095_4.out:    Voom is completed in 10.0 seconds
deg_analysis.34982095_4.out:    Running lmFit...
deg_analysis.34982095_4.out:    LmFit is completed in 727.8 seconds
deg_analysis.34982095_4.out:DGE fit is completed in 755.7 seconds
deg_analysis.34982095_4.out:    Running contrasts...
deg_analysis.34982095_4.out:    Running contrast 1/324
deg_analysis.34982095_4.out:    Running contrast 51/324
deg_analysis.34982095_4.out:    Running contrast 101/324
deg_analysis.34982095_4.out:    Running contrast 151/324
deg_analysis.34982095_4.out:    Running contrast 201/324
deg_analysis.34982095_4.out:    Running contrast 251/324
deg_analysis.34982095_4.out:    Running contrast 301/324
deg_analysis.34982095_4.out:    Running contrast 324/324
deg_analysis.34982095_4.out:Contrasts are completed in 79.0 seconds
deg_analysis.34982095_4.out:
deg_analysis.34982095_4.out:    Writing:  ./data/novartis/deg_data/group_rep/full/qc_false/filter_min_cells_0/intermediate/CVCL_0042/CVCL_0042_batch_14_de.h5ad
deg_analysis.34982095_4.out:
deg_analysis.34982095_4.out:    Rewriting h5ad file: ./data/novartis/deg_data/group_rep/full/qc_false/filter_min_cells_0/intermediate/CVCL_0042/CVCL_0042_batch_14_de.h5ad
deg_analysis.34982095_4.out:    Removed X matrix
deg_analysis.34982095_4.out:    Rewriting h5ad file is done!
deg_analysis.34982095_4.out:✓ Cell line completed in 867.7 seconds
deg_analysis.34982095_4.out:
deg_analysis.34982095_4.out:DE analysis completed!
deg_analysis.34982095_4.out:
deg_analysis.34982095_4.out:Total runtime: 930.6 seconds
deg_analysis.34982096_5.out:
deg_analysis.34982096_5.out:DE analysis started...
deg_analysis.34982096_5.out:Loaded input file:  ./data/novartis/pseudobulk_processed/group_rep/by_celltype/CVCL_0042/CVCL_0042_processed_batch_15.h5ad
deg_analysis.34982096_5.out:Initial dimensions:  1320  samples ×  55023  genes
deg_analysis.34982096_5.out:Filter samples with the low number of cells
deg_analysis.34982096_5.out:    Filter threshold (min_cells):  0
deg_analysis.34982096_5.out:    Found  1320  samples with sentinel value (-666), keeping all
deg_analysis.34982096_5.out:    n_obs:  1320 -->  1320
deg_analysis.34982096_5.out:
deg_analysis.34982096_5.out:▶︎ Processing cell_type:  CVCL_0042
deg_analysis.34982096_5.out:    Filter controls by  pert_time_h  column
deg_analysis.34982096_5.out:        n_obs:  1320 -->  1320
deg_analysis.34982096_5.out:
deg_analysis.34982096_5.out:    Constructing design matrix...
deg_analysis.34982096_5.out:    Design matrix is constructed in 0.0 seconds
deg_analysis.34982096_5.out:    Design matrix dimensions: 1320 samples × 484 coefficients
deg_analysis.34982096_5.out:    Filtering genes and normalizing counts...
deg_analysis.34982096_5.out:    Genes are filtered and normalized in 14.1 seconds
deg_analysis.34982096_5.out:    Running voom...
deg_analysis.34982096_5.out:    Voom is completed in 9.4 seconds
deg_analysis.34982096_5.out:    Running lmFit...
deg_analysis.34982096_5.out:    LmFit is completed in 747.5 seconds
deg_analysis.34982096_5.out:DGE fit is completed in 774.2 seconds
deg_analysis.34982096_5.out:    Running contrasts...
deg_analysis.34982096_5.out:    Running contrast 1/328
deg_analysis.34982096_5.out:    Running contrast 51/328
deg_analysis.34982096_5.out:    Running contrast 101/328
deg_analysis.34982096_5.out:    Running contrast 151/328
deg_analysis.34982096_5.out:    Running contrast 201/328
deg_analysis.34982096_5.out:    Running contrast 251/328
deg_analysis.34982096_5.out:    Running contrast 301/328
deg_analysis.34982096_5.out:    Running contrast 328/328
deg_analysis.34982096_5.out:Contrasts are completed in 77.0 seconds
deg_analysis.34982096_5.out:
deg_analysis.34982096_5.out:    Writing:  ./data/novartis/deg_data/group_rep/full/qc_false/filter_min_cells_0/intermediate/CVCL_0042/CVCL_0042_batch_15_de.h5ad
deg_analysis.34982096_5.out:
deg_analysis.34982096_5.out:    Rewriting h5ad file: ./data/novartis/deg_data/group_rep/full/qc_false/filter_min_cells_0/intermediate/CVCL_0042/CVCL_0042_batch_15_de.h5ad
deg_analysis.34982096_5.out:    Removed X matrix
deg_analysis.34982096_5.out:    Rewriting h5ad file is done!
deg_analysis.34982096_5.out:✓ Cell line completed in 881.7 seconds
deg_analysis.34982096_5.out:
deg_analysis.34982096_5.out:DE analysis completed!
deg_analysis.34982096_5.out:
deg_analysis.34982096_5.out:Total runtime: 944.6 seconds
deg_analysis.34982097_6.out:
deg_analysis.34982097_6.out:DE analysis started...
deg_analysis.34982097_6.out:Loaded input file:  ./data/novartis/pseudobulk_processed/group_rep/by_celltype/CVCL_0042/CVCL_0042_processed_batch_16.h5ad
deg_analysis.34982097_6.out:Initial dimensions:  1320  samples ×  55023  genes
deg_analysis.34982097_6.out:Filter samples with the low number of cells
deg_analysis.34982097_6.out:    Filter threshold (min_cells):  0
deg_analysis.34982097_6.out:    Found  1320  samples with sentinel value (-666), keeping all
deg_analysis.34982097_6.out:    n_obs:  1320 -->  1320
deg_analysis.34982097_6.out:
deg_analysis.34982097_6.out:▶︎ Processing cell_type:  CVCL_0042
deg_analysis.34982097_6.out:    Filter controls by  pert_time_h  column
deg_analysis.34982097_6.out:        n_obs:  1320 -->  1320
deg_analysis.34982097_6.out:
deg_analysis.34982097_6.out:    Constructing design matrix...
deg_analysis.34982097_6.out:    Design matrix is constructed in 0.0 seconds
deg_analysis.34982097_6.out:    Design matrix dimensions: 1320 samples × 480 coefficients
deg_analysis.34982097_6.out:    Filtering genes and normalizing counts...
deg_analysis.34982097_6.out:    Genes are filtered and normalized in 13.9 seconds
deg_analysis.34982097_6.out:    Running voom...
deg_analysis.34982097_6.out:    Voom is completed in 9.4 seconds
deg_analysis.34982097_6.out:    Running lmFit...
deg_analysis.34982097_6.out:    LmFit is completed in 659.4 seconds
deg_analysis.34982097_6.out:DGE fit is completed in 685.9 seconds
deg_analysis.34982097_6.out:    Running contrasts...
deg_analysis.34982097_6.out:    Running contrast 1/324
deg_analysis.34982097_6.out:    Running contrast 51/324
deg_analysis.34982097_6.out:    Running contrast 101/324
deg_analysis.34982097_6.out:    Running contrast 151/324
deg_analysis.34982097_6.out:    Running contrast 201/324
deg_analysis.34982097_6.out:    Running contrast 251/324
deg_analysis.34982097_6.out:    Running contrast 301/324
deg_analysis.34982097_6.out:    Running contrast 324/324
deg_analysis.34982097_6.out:Contrasts are completed in 72.6 seconds
deg_analysis.34982097_6.out:
deg_analysis.34982097_6.out:    Writing:  ./data/novartis/deg_data/group_rep/full/qc_false/filter_min_cells_0/intermediate/CVCL_0042/CVCL_0042_batch_16_de.h5ad
deg_analysis.34982097_6.out:
deg_analysis.34982097_6.out:    Rewriting h5ad file: ./data/novartis/deg_data/group_rep/full/qc_false/filter_min_cells_0/intermediate/CVCL_0042/CVCL_0042_batch_16_de.h5ad
deg_analysis.34982097_6.out:    Removed X matrix
deg_analysis.34982097_6.out:    Rewriting h5ad file is done!
deg_analysis.34982097_6.out:✓ Cell line completed in 787.4 seconds
deg_analysis.34982097_6.out:
deg_analysis.34982097_6.out:DE analysis completed!
deg_analysis.34982097_6.out:
deg_analysis.34982097_6.out:Total runtime: 850.2 seconds
deg_analysis.34982098_7.out:
deg_analysis.34982098_7.out:DE analysis started...
deg_analysis.34982098_7.out:Loaded input file:  ./data/novartis/pseudobulk_processed/group_rep/by_celltype/CVCL_0042/CVCL_0042_processed_batch_17.h5ad
deg_analysis.34982098_7.out:Initial dimensions:  1319  samples ×  55023  genes
deg_analysis.34982098_7.out:Filter samples with the low number of cells
deg_analysis.34982098_7.out:    Filter threshold (min_cells):  0
deg_analysis.34982098_7.out:    Found  1319  samples with sentinel value (-666), keeping all
deg_analysis.34982098_7.out:    n_obs:  1319 -->  1319
deg_analysis.34982098_7.out:
deg_analysis.34982098_7.out:▶︎ Processing cell_type:  CVCL_0042
deg_analysis.34982098_7.out:    Filter controls by  pert_time_h  column
deg_analysis.34982098_7.out:        n_obs:  1319 -->  1319
deg_analysis.34982098_7.out:
deg_analysis.34982098_7.out:    Constructing design matrix...
deg_analysis.34982098_7.out:    Design matrix is constructed in 0.0 seconds
deg_analysis.34982098_7.out:    Design matrix dimensions: 1319 samples × 488 coefficients
deg_analysis.34982098_7.out:    Filtering genes and normalizing counts...
deg_analysis.34982098_7.out:    Genes are filtered and normalized in 14.9 seconds
deg_analysis.34982098_7.out:    Running voom...
deg_analysis.34982098_7.out:    Voom is completed in 10.5 seconds
deg_analysis.34982098_7.out:    Running lmFit...
deg_analysis.34982098_7.out:    LmFit is completed in 740.6 seconds
deg_analysis.34982098_7.out:DGE fit is completed in 771.3 seconds
deg_analysis.34982098_7.out:    Running contrasts...
deg_analysis.34982098_7.out:    Running contrast 1/332
deg_analysis.34982098_7.out:    Running contrast 51/332
deg_analysis.34982098_7.out:    Running contrast 101/332
deg_analysis.34982098_7.out:    Running contrast 151/332
deg_analysis.34982098_7.out:    Running contrast 201/332
deg_analysis.34982098_7.out:    Running contrast 251/332
deg_analysis.34982098_7.out:    Running contrast 301/332
deg_analysis.34982098_7.out:    Running contrast 332/332
deg_analysis.34982098_7.out:Contrasts are completed in 78.5 seconds
deg_analysis.34982098_7.out:
deg_analysis.34982098_7.out:    Writing:  ./data/novartis/deg_data/group_rep/full/qc_false/filter_min_cells_0/intermediate/CVCL_0042/CVCL_0042_batch_17_de.h5ad
deg_analysis.34982098_7.out:
deg_analysis.34982098_7.out:    Rewriting h5ad file: ./data/novartis/deg_data/group_rep/full/qc_false/filter_min_cells_0/intermediate/CVCL_0042/CVCL_0042_batch_17_de.h5ad
deg_analysis.34982098_7.out:    Removed X matrix
deg_analysis.34982098_7.out:    Rewriting h5ad file is done!
deg_analysis.34982098_7.out:✓ Cell line completed in 883.0 seconds
deg_analysis.34982098_7.out:
deg_analysis.34982098_7.out:DE analysis completed!
deg_analysis.34982098_7.out:
deg_analysis.34982098_7.out:Total runtime: 946.0 seconds
deg_analysis.34982099_8.out:
deg_analysis.34982099_8.out:DE analysis started...
deg_analysis.34982099_8.out:Loaded input file:  ./data/novartis/pseudobulk_processed/group_rep/by_celltype/CVCL_0042/CVCL_0042_processed_batch_18.h5ad
deg_analysis.34982099_8.out:Initial dimensions:  1320  samples ×  55023  genes
deg_analysis.34982099_8.out:Filter samples with the low number of cells
deg_analysis.34982099_8.out:    Filter threshold (min_cells):  0
deg_analysis.34982099_8.out:    Found  1320  samples with sentinel value (-666), keeping all
deg_analysis.34982099_8.out:    n_obs:  1320 -->  1320
deg_analysis.34982099_8.out:
deg_analysis.34982099_8.out:▶︎ Processing cell_type:  CVCL_0042
deg_analysis.34982099_8.out:    Filter controls by  pert_time_h  column
deg_analysis.34982099_8.out:        n_obs:  1320 -->  1320
deg_analysis.34982099_8.out:
deg_analysis.34982099_8.out:    Constructing design matrix...
deg_analysis.34982099_8.out:    Design matrix is constructed in 0.0 seconds
deg_analysis.34982099_8.out:    Design matrix dimensions: 1320 samples × 492 coefficients
deg_analysis.34982099_8.out:    Filtering genes and normalizing counts...
deg_analysis.34982099_8.out:    Genes are filtered and normalized in 19.4 seconds
deg_analysis.34982099_8.out:    Running voom...
deg_analysis.34982099_8.out:    Voom is completed in 12.8 seconds
deg_analysis.34982099_8.out:    Running lmFit...
deg_analysis.34982099_8.out:    LmFit is completed in 1062.5 seconds
deg_analysis.34982099_8.out:DGE fit is completed in 1099.8 seconds
deg_analysis.34982099_8.out:    Running contrasts...
deg_analysis.34982099_8.out:    Running contrast 1/336
deg_analysis.34982099_8.out:    Running contrast 51/336
deg_analysis.34982099_8.out:    Running contrast 101/336
deg_analysis.34982099_8.out:    Running contrast 151/336
deg_analysis.34982099_8.out:    Running contrast 201/336
deg_analysis.34982099_8.out:    Running contrast 251/336
deg_analysis.34982099_8.out:    Running contrast 301/336
deg_analysis.34982099_8.out:    Running contrast 336/336
deg_analysis.34982099_8.out:Contrasts are completed in 98.0 seconds
deg_analysis.34982099_8.out:
deg_analysis.34982099_8.out:    Writing:  ./data/novartis/deg_data/group_rep/full/qc_false/filter_min_cells_0/intermediate/CVCL_0042/CVCL_0042_batch_18_de.h5ad
deg_analysis.34982099_8.out:
deg_analysis.34982099_8.out:    Rewriting h5ad file: ./data/novartis/deg_data/group_rep/full/qc_false/filter_min_cells_0/intermediate/CVCL_0042/CVCL_0042_batch_18_de.h5ad
deg_analysis.34982099_8.out:    Removed X matrix
deg_analysis.34982099_8.out:    Rewriting h5ad file is done!
deg_analysis.34982099_8.out:✓ Cell line completed in 1239.7 seconds
deg_analysis.34982099_8.out:
deg_analysis.34982099_8.out:DE analysis completed!
deg_analysis.34982099_8.out:
deg_analysis.34982099_8.out:Total runtime: 1303.1 seconds
deg_analysis.34982100_9.out:
deg_analysis.34982100_9.out:DE analysis started...
deg_analysis.34982100_9.out:Loaded input file:  ./data/novartis/pseudobulk_processed/group_rep/by_celltype/CVCL_0042/CVCL_0042_processed_batch_19.h5ad
deg_analysis.34982100_9.out:Initial dimensions:  1320  samples ×  55023  genes
deg_analysis.34982100_9.out:Filter samples with the low number of cells
deg_analysis.34982100_9.out:    Filter threshold (min_cells):  0
deg_analysis.34982100_9.out:    Found  1320  samples with sentinel value (-666), keeping all
deg_analysis.34982100_9.out:    n_obs:  1320 -->  1320
deg_analysis.34982100_9.out:
deg_analysis.34982100_9.out:▶︎ Processing cell_type:  CVCL_0042
deg_analysis.34982100_9.out:    Filter controls by  pert_time_h  column
deg_analysis.34982100_9.out:        n_obs:  1320 -->  1320
deg_analysis.34982100_9.out:
deg_analysis.34982100_9.out:    Constructing design matrix...
deg_analysis.34982100_9.out:    Design matrix is constructed in 0.0 seconds
deg_analysis.34982100_9.out:    Design matrix dimensions: 1320 samples × 488 coefficients
deg_analysis.34982100_9.out:    Filtering genes and normalizing counts...
deg_analysis.34982100_9.out:    Genes are filtered and normalized in 17.0 seconds
deg_analysis.34982100_9.out:    Running voom...
deg_analysis.34982100_9.out:    Voom is completed in 11.1 seconds
deg_analysis.34982100_9.out:    Running lmFit...
deg_analysis.34982100_9.out:    LmFit is completed in 865.1 seconds
deg_analysis.34982100_9.out:DGE fit is completed in 899.7 seconds
deg_analysis.34982100_9.out:    Running contrasts...
deg_analysis.34982100_9.out:    Running contrast 1/332
deg_analysis.34982100_9.out:    Running contrast 51/332
deg_analysis.34982100_9.out:    Running contrast 101/332
deg_analysis.34982100_9.out:    Running contrast 151/332
deg_analysis.34982100_9.out:    Running contrast 201/332
deg_analysis.34982100_9.out:    Running contrast 251/332
deg_analysis.34982100_9.out:    Running contrast 301/332
deg_analysis.34982100_9.out:    Running contrast 332/332
deg_analysis.34982100_9.out:Contrasts are completed in 90.8 seconds
deg_analysis.34982100_9.out:
deg_analysis.34982100_9.out:    Writing:  ./data/novartis/deg_data/group_rep/full/qc_false/filter_min_cells_0/intermediate/CVCL_0042/CVCL_0042_batch_19_de.h5ad
deg_analysis.34982100_9.out:
deg_analysis.34982100_9.out:    Rewriting h5ad file: ./data/novartis/deg_data/group_rep/full/qc_false/filter_min_cells_0/intermediate/CVCL_0042/CVCL_0042_batch_19_de.h5ad
deg_analysis.34982100_9.out:    Removed X matrix
deg_analysis.34982100_9.out:    Rewriting h5ad file is done!
deg_analysis.34982100_9.out:✓ Cell line completed in 1028.9 seconds
deg_analysis.34982100_9.out:
deg_analysis.34982100_9.out:DE analysis completed!
deg_analysis.34982100_9.out:
deg_analysis.34982100_9.out:Total runtime: 1093.8 seconds
deg_analysis.34982101_10.out:
deg_analysis.34982101_10.out:DE analysis started...
deg_analysis.34982101_10.out:Loaded input file:  ./data/novartis/pseudobulk_processed/group_rep/by_celltype/CVCL_0042/CVCL_0042_processed_batch_1.h5ad
deg_analysis.34982101_10.out:Initial dimensions:  1320  samples ×  55023  genes
deg_analysis.34982101_10.out:Filter samples with the low number of cells
deg_analysis.34982101_10.out:    Filter threshold (min_cells):  0
deg_analysis.34982101_10.out:    Found  1320  samples with sentinel value (-666), keeping all
deg_analysis.34982101_10.out:    n_obs:  1320 -->  1320
deg_analysis.34982101_10.out:
deg_analysis.34982101_10.out:▶︎ Processing cell_type:  CVCL_0042
deg_analysis.34982101_10.out:    Filter controls by  pert_time_h  column
deg_analysis.34982101_10.out:        n_obs:  1320 -->  1320
deg_analysis.34982101_10.out:
deg_analysis.34982101_10.out:    Constructing design matrix...
deg_analysis.34982101_10.out:    Design matrix is constructed in 0.0 seconds
deg_analysis.34982101_10.out:    Design matrix dimensions: 1320 samples × 492 coefficients
deg_analysis.34982101_10.out:    Filtering genes and normalizing counts...
deg_analysis.34982101_10.out:    Genes are filtered and normalized in 12.7 seconds
deg_analysis.34982101_10.out:    Running voom...
deg_analysis.34982101_10.out:    Voom is completed in 8.8 seconds
deg_analysis.34982101_10.out:    Running lmFit...
deg_analysis.34982101_10.out:    LmFit is completed in 688.9 seconds
deg_analysis.34982101_10.out:DGE fit is completed in 713.5 seconds
deg_analysis.34982101_10.out:    Running contrasts...
deg_analysis.34982101_10.out:    Running contrast 1/336
deg_analysis.34982101_10.out:    Running contrast 51/336
deg_analysis.34982101_10.out:    Running contrast 101/336
deg_analysis.34982101_10.out:    Running contrast 151/336
deg_analysis.34982101_10.out:    Running contrast 201/336
deg_analysis.34982101_10.out:    Running contrast 251/336
deg_analysis.34982101_10.out:    Running contrast 301/336
deg_analysis.34982101_10.out:    Running contrast 336/336
deg_analysis.34982101_10.out:Contrasts are completed in 72.0 seconds
deg_analysis.34982101_10.out:
deg_analysis.34982101_10.out:    Writing:  ./data/novartis/deg_data/group_rep/full/qc_false/filter_min_cells_0/intermediate/CVCL_0042/CVCL_0042_batch_1_de.h5ad
deg_analysis.34982101_10.out:
deg_analysis.34982101_10.out:    Rewriting h5ad file: ./data/novartis/deg_data/group_rep/full/qc_false/filter_min_cells_0/intermediate/CVCL_0042/CVCL_0042_batch_1_de.h5ad
deg_analysis.34982101_10.out:    Removed X matrix
deg_analysis.34982101_10.out:    Rewriting h5ad file is done!
deg_analysis.34982101_10.out:✓ Cell line completed in 812.2 seconds
deg_analysis.34982101_10.out:
deg_analysis.34982101_10.out:DE analysis completed!
deg_analysis.34982101_10.out:
deg_analysis.34982101_10.out:Total runtime: 875.1 seconds
deg_analysis.34982102_11.out:
deg_analysis.34982102_11.out:DE analysis started...
deg_analysis.34982102_11.out:Loaded input file:  ./data/novartis/pseudobulk_processed/group_rep/by_celltype/CVCL_0042/CVCL_0042_processed_batch_20.h5ad
deg_analysis.34982102_11.out:Initial dimensions:  1320  samples ×  55023  genes
deg_analysis.34982102_11.out:Filter samples with the low number of cells
deg_analysis.34982102_11.out:    Filter threshold (min_cells):  0
deg_analysis.34982102_11.out:    Found  1320  samples with sentinel value (-666), keeping all
deg_analysis.34982102_11.out:    n_obs:  1320 -->  1320
deg_analysis.34982102_11.out:
deg_analysis.34982102_11.out:▶︎ Processing cell_type:  CVCL_0042
deg_analysis.34982102_11.out:    Filter controls by  pert_time_h  column
deg_analysis.34982102_11.out:        n_obs:  1320 -->  1320
deg_analysis.34982102_11.out:
deg_analysis.34982102_11.out:    Constructing design matrix...
deg_analysis.34982102_11.out:    Design matrix is constructed in 0.0 seconds
deg_analysis.34982102_11.out:    Design matrix dimensions: 1320 samples × 488 coefficients
deg_analysis.34982102_11.out:    Filtering genes and normalizing counts...
deg_analysis.34982102_11.out:    Genes are filtered and normalized in 14.7 seconds
deg_analysis.34982102_11.out:    Running voom...
deg_analysis.34982102_11.out:    Voom is completed in 10.2 seconds
deg_analysis.34982102_11.out:    Running lmFit...
deg_analysis.34982102_11.out:    LmFit is completed in 881.3 seconds
deg_analysis.34982102_11.out:DGE fit is completed in 909.9 seconds
deg_analysis.34982102_11.out:    Running contrasts...
deg_analysis.34982102_11.out:    Running contrast 1/332
deg_analysis.34982102_11.out:    Running contrast 51/332
deg_analysis.34982102_11.out:    Running contrast 101/332
deg_analysis.34982102_11.out:    Running contrast 151/332
deg_analysis.34982102_11.out:    Running contrast 201/332
deg_analysis.34982102_11.out:    Running contrast 251/332
deg_analysis.34982102_11.out:    Running contrast 301/332
deg_analysis.34982102_11.out:    Running contrast 332/332
deg_analysis.34982102_11.out:Contrasts are completed in 79.4 seconds
deg_analysis.34982102_11.out:
deg_analysis.34982102_11.out:    Writing:  ./data/novartis/deg_data/group_rep/full/qc_false/filter_min_cells_0/intermediate/CVCL_0042/CVCL_0042_batch_20_de.h5ad
deg_analysis.34982102_11.out:
deg_analysis.34982102_11.out:    Rewriting h5ad file: ./data/novartis/deg_data/group_rep/full/qc_false/filter_min_cells_0/intermediate/CVCL_0042/CVCL_0042_batch_20_de.h5ad
deg_analysis.34982102_11.out:    Removed X matrix
deg_analysis.34982102_11.out:    Rewriting h5ad file is done!
deg_analysis.34982102_11.out:✓ Cell line completed in 1021.8 seconds
deg_analysis.34982102_11.out:
deg_analysis.34982102_11.out:DE analysis completed!
deg_analysis.34982102_11.out:
deg_analysis.34982102_11.out:Total runtime: 1084.9 seconds
deg_analysis.34982103_12.out:
deg_analysis.34982103_12.out:DE analysis started...
deg_analysis.34982103_12.out:Loaded input file:  ./data/novartis/pseudobulk_processed/group_rep/by_celltype/CVCL_0042/CVCL_0042_processed_batch_21.h5ad
deg_analysis.34982103_12.out:Initial dimensions:  1320  samples ×  55023  genes
deg_analysis.34982103_12.out:Filter samples with the low number of cells
deg_analysis.34982103_12.out:    Filter threshold (min_cells):  0
deg_analysis.34982103_12.out:    Found  1320  samples with sentinel value (-666), keeping all
deg_analysis.34982103_12.out:    n_obs:  1320 -->  1320
deg_analysis.34982103_12.out:
deg_analysis.34982103_12.out:▶︎ Processing cell_type:  CVCL_0042
deg_analysis.34982103_12.out:    Filter controls by  pert_time_h  column
deg_analysis.34982103_12.out:        n_obs:  1320 -->  1320
deg_analysis.34982103_12.out:
deg_analysis.34982103_12.out:    Constructing design matrix...
deg_analysis.34982103_12.out:    Design matrix is constructed in 0.0 seconds
deg_analysis.34982103_12.out:    Design matrix dimensions: 1320 samples × 484 coefficients
deg_analysis.34982103_12.out:    Filtering genes and normalizing counts...
deg_analysis.34982103_12.out:    Genes are filtered and normalized in 14.7 seconds
deg_analysis.34982103_12.out:    Running voom...
deg_analysis.34982103_12.out:    Voom is completed in 9.3 seconds
deg_analysis.34982103_12.out:    Running lmFit...
deg_analysis.34982103_12.out:    LmFit is completed in 712.5 seconds
deg_analysis.34982103_12.out:DGE fit is completed in 740.1 seconds
deg_analysis.34982103_12.out:    Running contrasts...
deg_analysis.34982103_12.out:    Running contrast 1/328
deg_analysis.34982103_12.out:    Running contrast 51/328
deg_analysis.34982103_12.out:    Running contrast 101/328
deg_analysis.34982103_12.out:    Running contrast 151/328
deg_analysis.34982103_12.out:    Running contrast 201/328
deg_analysis.34982103_12.out:    Running contrast 251/328
deg_analysis.34982103_12.out:    Running contrast 301/328
deg_analysis.34982103_12.out:    Running contrast 328/328
deg_analysis.34982103_12.out:Contrasts are completed in 77.2 seconds
deg_analysis.34982103_12.out:
deg_analysis.34982103_12.out:    Writing:  ./data/novartis/deg_data/group_rep/full/qc_false/filter_min_cells_0/intermediate/CVCL_0042/CVCL_0042_batch_21_de.h5ad
deg_analysis.34982103_12.out:
deg_analysis.34982103_12.out:    Rewriting h5ad file: ./data/novartis/deg_data/group_rep/full/qc_false/filter_min_cells_0/intermediate/CVCL_0042/CVCL_0042_batch_21_de.h5ad
deg_analysis.34982103_12.out:    Removed X matrix
deg_analysis.34982103_12.out:    Rewriting h5ad file is done!
deg_analysis.34982103_12.out:✓ Cell line completed in 849.3 seconds
deg_analysis.34982103_12.out:
deg_analysis.34982103_12.out:DE analysis completed!
deg_analysis.34982103_12.out:
deg_analysis.34982103_12.out:Total runtime: 912.3 seconds
deg_analysis.34982104_13.out:
deg_analysis.34982104_13.out:DE analysis started...
deg_analysis.34982104_13.out:Loaded input file:  ./data/novartis/pseudobulk_processed/group_rep/by_celltype/CVCL_0042/CVCL_0042_processed_batch_22.h5ad
deg_analysis.34982104_13.out:Initial dimensions:  1319  samples ×  55023  genes
deg_analysis.34982104_13.out:Filter samples with the low number of cells
deg_analysis.34982104_13.out:    Filter threshold (min_cells):  0
deg_analysis.34982104_13.out:    Found  1319  samples with sentinel value (-666), keeping all
deg_analysis.34982104_13.out:    n_obs:  1319 -->  1319
deg_analysis.34982104_13.out:
deg_analysis.34982104_13.out:▶︎ Processing cell_type:  CVCL_0042
deg_analysis.34982104_13.out:    Filter controls by  pert_time_h  column
deg_analysis.34982104_13.out:        n_obs:  1319 -->  1319
deg_analysis.34982104_13.out:
deg_analysis.34982104_13.out:    Constructing design matrix...
deg_analysis.34982104_13.out:    Design matrix is constructed in 0.0 seconds
deg_analysis.34982104_13.out:    Design matrix dimensions: 1319 samples × 492 coefficients
deg_analysis.34982104_13.out:    Filtering genes and normalizing counts...
deg_analysis.34982104_13.out:    Genes are filtered and normalized in 14.3 seconds
deg_analysis.34982104_13.out:    Running voom...
deg_analysis.34982104_13.out:    Voom is completed in 10.4 seconds
deg_analysis.34982104_13.out:    Running lmFit...
deg_analysis.34982104_13.out:    LmFit is completed in 858.3 seconds
deg_analysis.34982104_13.out:DGE fit is completed in 886.2 seconds
deg_analysis.34982104_13.out:    Running contrasts...
deg_analysis.34982104_13.out:    Running contrast 1/336
deg_analysis.34982104_13.out:    Running contrast 51/336
deg_analysis.34982104_13.out:    Running contrast 101/336
deg_analysis.34982104_13.out:    Running contrast 151/336
deg_analysis.34982104_13.out:    Running contrast 201/336
deg_analysis.34982104_13.out:    Running contrast 251/336
deg_analysis.34982104_13.out:    Running contrast 301/336
deg_analysis.34982104_13.out:    Running contrast 336/336
deg_analysis.34982104_13.out:Contrasts are completed in 79.6 seconds
deg_analysis.34982104_13.out:
deg_analysis.34982104_13.out:    Writing:  ./data/novartis/deg_data/group_rep/full/qc_false/filter_min_cells_0/intermediate/CVCL_0042/CVCL_0042_batch_22_de.h5ad
deg_analysis.34982104_13.out:
deg_analysis.34982104_13.out:    Rewriting h5ad file: ./data/novartis/deg_data/group_rep/full/qc_false/filter_min_cells_0/intermediate/CVCL_0042/CVCL_0042_batch_22_de.h5ad
deg_analysis.34982104_13.out:    Removed X matrix
deg_analysis.34982104_13.out:    Rewriting h5ad file is done!
deg_analysis.34982104_13.out:✓ Cell line completed in 999.3 seconds
deg_analysis.34982104_13.out:
deg_analysis.34982104_13.out:DE analysis completed!
deg_analysis.34982104_13.out:
deg_analysis.34982104_13.out:Total runtime: 1062.3 seconds
deg_analysis.34982105_14.out:
deg_analysis.34982105_14.out:DE analysis started...
deg_analysis.34982105_14.out:Loaded input file:  ./data/novartis/pseudobulk_processed/group_rep/by_celltype/CVCL_0042/CVCL_0042_processed_batch_23.h5ad
deg_analysis.34982105_14.out:Initial dimensions:  1320  samples ×  55023  genes
deg_analysis.34982105_14.out:Filter samples with the low number of cells
deg_analysis.34982105_14.out:    Filter threshold (min_cells):  0
deg_analysis.34982105_14.out:    Found  1320  samples with sentinel value (-666), keeping all
deg_analysis.34982105_14.out:    n_obs:  1320 -->  1320
deg_analysis.34982105_14.out:
deg_analysis.34982105_14.out:▶︎ Processing cell_type:  CVCL_0042
deg_analysis.34982105_14.out:    Filter controls by  pert_time_h  column
deg_analysis.34982105_14.out:        n_obs:  1320 -->  1320
deg_analysis.34982105_14.out:
deg_analysis.34982105_14.out:    Constructing design matrix...
deg_analysis.34982105_14.out:    Design matrix is constructed in 0.0 seconds
deg_analysis.34982105_14.out:    Design matrix dimensions: 1320 samples × 480 coefficients
deg_analysis.34982105_14.out:    Filtering genes and normalizing counts...
deg_analysis.34982105_14.out:    Genes are filtered and normalized in 13.5 seconds
deg_analysis.34982105_14.out:    Running voom...
deg_analysis.34982105_14.out:    Voom is completed in 9.1 seconds
deg_analysis.34982105_14.out:    Running lmFit...
deg_analysis.34982105_14.out:    LmFit is completed in 729.7 seconds
deg_analysis.34982105_14.out:DGE fit is completed in 755.5 seconds
deg_analysis.34982105_14.out:    Running contrasts...
deg_analysis.34982105_14.out:    Running contrast 1/324
deg_analysis.34982105_14.out:    Running contrast 51/324
deg_analysis.34982105_14.out:    Running contrast 101/324
deg_analysis.34982105_14.out:    Running contrast 151/324
deg_analysis.34982105_14.out:    Running contrast 201/324
deg_analysis.34982105_14.out:    Running contrast 251/324
deg_analysis.34982105_14.out:    Running contrast 301/324
deg_analysis.34982105_14.out:    Running contrast 324/324
deg_analysis.34982105_14.out:Contrasts are completed in 73.7 seconds
deg_analysis.34982105_14.out:
deg_analysis.34982105_14.out:    Writing:  ./data/novartis/deg_data/group_rep/full/qc_false/filter_min_cells_0/intermediate/CVCL_0042/CVCL_0042_batch_23_de.h5ad
deg_analysis.34982105_14.out:
deg_analysis.34982105_14.out:    Rewriting h5ad file: ./data/novartis/deg_data/group_rep/full/qc_false/filter_min_cells_0/intermediate/CVCL_0042/CVCL_0042_batch_23_de.h5ad
deg_analysis.34982105_14.out:    Removed X matrix
deg_analysis.34982105_14.out:    Rewriting h5ad file is done!
deg_analysis.34982105_14.out:✓ Cell line completed in 858.3 seconds
deg_analysis.34982105_14.out:
deg_analysis.34982105_14.out:DE analysis completed!
deg_analysis.34982105_14.out:
deg_analysis.34982105_14.out:Total runtime: 921.3 seconds
deg_analysis.34982106_15.out:
deg_analysis.34982106_15.out:DE analysis started...
deg_analysis.34982106_15.out:Loaded input file:  ./data/novartis/pseudobulk_processed/group_rep/by_celltype/CVCL_0042/CVCL_0042_processed_batch_24.h5ad
deg_analysis.34982106_15.out:Initial dimensions:  1320  samples ×  55023  genes
deg_analysis.34982106_15.out:Filter samples with the low number of cells
deg_analysis.34982106_15.out:    Filter threshold (min_cells):  0
deg_analysis.34982106_15.out:    Found  1320  samples with sentinel value (-666), keeping all
deg_analysis.34982106_15.out:    n_obs:  1320 -->  1320
deg_analysis.34982106_15.out:
deg_analysis.34982106_15.out:▶︎ Processing cell_type:  CVCL_0042
deg_analysis.34982106_15.out:    Filter controls by  pert_time_h  column
deg_analysis.34982106_15.out:        n_obs:  1320 -->  1320
deg_analysis.34982106_15.out:
deg_analysis.34982106_15.out:    Constructing design matrix...
deg_analysis.34982106_15.out:    Design matrix is constructed in 0.0 seconds
deg_analysis.34982106_15.out:    Design matrix dimensions: 1320 samples × 480 coefficients
deg_analysis.34982106_15.out:    Filtering genes and normalizing counts...
deg_analysis.34982106_15.out:    Genes are filtered and normalized in 14.0 seconds
deg_analysis.34982106_15.out:    Running voom...
deg_analysis.34982106_15.out:    Voom is completed in 9.5 seconds
deg_analysis.34982106_15.out:    Running lmFit...
deg_analysis.34982106_15.out:    LmFit is completed in 782.8 seconds
deg_analysis.34982106_15.out:DGE fit is completed in 809.6 seconds
deg_analysis.34982106_15.out:    Running contrasts...
deg_analysis.34982106_15.out:    Running contrast 1/324
deg_analysis.34982106_15.out:    Running contrast 51/324
deg_analysis.34982106_15.out:    Running contrast 101/324
deg_analysis.34982106_15.out:    Running contrast 151/324
deg_analysis.34982106_15.out:    Running contrast 201/324
deg_analysis.34982106_15.out:    Running contrast 251/324
deg_analysis.34982106_15.out:    Running contrast 301/324
deg_analysis.34982106_15.out:    Running contrast 324/324
deg_analysis.34982106_15.out:Contrasts are completed in 76.1 seconds
deg_analysis.34982106_15.out:
deg_analysis.34982106_15.out:    Writing:  ./data/novartis/deg_data/group_rep/full/qc_false/filter_min_cells_0/intermediate/CVCL_0042/CVCL_0042_batch_24_de.h5ad
deg_analysis.34982106_15.out:
deg_analysis.34982106_15.out:    Rewriting h5ad file: ./data/novartis/deg_data/group_rep/full/qc_false/filter_min_cells_0/intermediate/CVCL_0042/CVCL_0042_batch_24_de.h5ad
deg_analysis.34982106_15.out:    Removed X matrix
deg_analysis.34982106_15.out:    Rewriting h5ad file is done!
deg_analysis.34982106_15.out:✓ Cell line completed in 917.5 seconds
deg_analysis.34982106_15.out:
deg_analysis.34982106_15.out:DE analysis completed!
deg_analysis.34982106_15.out:
deg_analysis.34982106_15.out:Total runtime: 980.6 seconds
deg_analysis.34982107_16.out:
deg_analysis.34982107_16.out:DE analysis started...
deg_analysis.34982107_16.out:Loaded input file:  ./data/novartis/pseudobulk_processed/group_rep/by_celltype/CVCL_0042/CVCL_0042_processed_batch_25.h5ad
deg_analysis.34982107_16.out:Initial dimensions:  1320  samples ×  55023  genes
deg_analysis.34982107_16.out:Filter samples with the low number of cells
deg_analysis.34982107_16.out:    Filter threshold (min_cells):  0
deg_analysis.34982107_16.out:    Found  1320  samples with sentinel value (-666), keeping all
deg_analysis.34982107_16.out:    n_obs:  1320 -->  1320
deg_analysis.34982107_16.out:
deg_analysis.34982107_16.out:▶︎ Processing cell_type:  CVCL_0042
deg_analysis.34982107_16.out:    Filter controls by  pert_time_h  column
deg_analysis.34982107_16.out:        n_obs:  1320 -->  1320
deg_analysis.34982107_16.out:
deg_analysis.34982107_16.out:    Constructing design matrix...
deg_analysis.34982107_16.out:    Design matrix is constructed in 0.1 seconds
deg_analysis.34982107_16.out:    Design matrix dimensions: 1320 samples × 492 coefficients
deg_analysis.34982107_16.out:    Filtering genes and normalizing counts...
deg_analysis.34982107_16.out:    Genes are filtered and normalized in 13.4 seconds
deg_analysis.34982107_16.out:    Running voom...
deg_analysis.34982107_16.out:    Voom is completed in 9.2 seconds
deg_analysis.34982107_16.out:    Running lmFit...
deg_analysis.34982107_16.out:    LmFit is completed in 702.8 seconds
deg_analysis.34982107_16.out:DGE fit is completed in 728.5 seconds
deg_analysis.34982107_16.out:    Running contrasts...
deg_analysis.34982107_16.out:    Running contrast 1/336
deg_analysis.34982107_16.out:    Running contrast 51/336
deg_analysis.34982107_16.out:    Running contrast 101/336
deg_analysis.34982107_16.out:    Running contrast 151/336
deg_analysis.34982107_16.out:    Running contrast 201/336
deg_analysis.34982107_16.out:    Running contrast 251/336
deg_analysis.34982107_16.out:    Running contrast 301/336
deg_analysis.34982107_16.out:    Running contrast 336/336
deg_analysis.34982107_16.out:Contrasts are completed in 73.4 seconds
deg_analysis.34982107_16.out:
deg_analysis.34982107_16.out:    Writing:  ./data/novartis/deg_data/group_rep/full/qc_false/filter_min_cells_0/intermediate/CVCL_0042/CVCL_0042_batch_25_de.h5ad
deg_analysis.34982107_16.out:
deg_analysis.34982107_16.out:    Rewriting h5ad file: ./data/novartis/deg_data/group_rep/full/qc_false/filter_min_cells_0/intermediate/CVCL_0042/CVCL_0042_batch_25_de.h5ad
deg_analysis.34982107_16.out:    Removed X matrix
deg_analysis.34982107_16.out:    Rewriting h5ad file is done!
deg_analysis.34982107_16.out:✓ Cell line completed in 830.8 seconds
deg_analysis.34982107_16.out:
deg_analysis.34982107_16.out:DE analysis completed!
deg_analysis.34982107_16.out:
deg_analysis.34982107_16.out:Total runtime: 893.4 seconds
deg_analysis.34982108_17.out:
deg_analysis.34982108_17.out:DE analysis started...
deg_analysis.34982108_17.out:Loaded input file:  ./data/novartis/pseudobulk_processed/group_rep/by_celltype/CVCL_0042/CVCL_0042_processed_batch_26.h5ad
deg_analysis.34982108_17.out:Initial dimensions:  1320  samples ×  55023  genes
deg_analysis.34982108_17.out:Filter samples with the low number of cells
deg_analysis.34982108_17.out:    Filter threshold (min_cells):  0
deg_analysis.34982108_17.out:    Found  1320  samples with sentinel value (-666), keeping all
deg_analysis.34982108_17.out:    n_obs:  1320 -->  1320
deg_analysis.34982108_17.out:
deg_analysis.34982108_17.out:▶︎ Processing cell_type:  CVCL_0042
deg_analysis.34982108_17.out:    Filter controls by  pert_time_h  column
deg_analysis.34982108_17.out:        n_obs:  1320 -->  1320
deg_analysis.34982108_17.out:
deg_analysis.34982108_17.out:    Constructing design matrix...
deg_analysis.34982108_17.out:    Design matrix is constructed in 0.0 seconds
deg_analysis.34982108_17.out:    Design matrix dimensions: 1320 samples × 484 coefficients
deg_analysis.34982108_17.out:    Filtering genes and normalizing counts...
deg_analysis.34982108_17.out:    Genes are filtered and normalized in 13.7 seconds
deg_analysis.34982108_17.out:    Running voom...
deg_analysis.34982108_17.out:    Voom is completed in 9.1 seconds
deg_analysis.34982108_17.out:    Running lmFit...
deg_analysis.34982108_17.out:    LmFit is completed in 695.6 seconds
deg_analysis.34982108_17.out:DGE fit is completed in 721.4 seconds
deg_analysis.34982108_17.out:    Running contrasts...
deg_analysis.34982108_17.out:    Running contrast 1/328
deg_analysis.34982108_17.out:    Running contrast 51/328
deg_analysis.34982108_17.out:    Running contrast 101/328
deg_analysis.34982108_17.out:    Running contrast 151/328
deg_analysis.34982108_17.out:    Running contrast 201/328
deg_analysis.34982108_17.out:    Running contrast 251/328
deg_analysis.34982108_17.out:    Running contrast 301/328
deg_analysis.34982108_17.out:    Running contrast 328/328
deg_analysis.34982108_17.out:Contrasts are completed in 74.6 seconds
deg_analysis.34982108_17.out:
deg_analysis.34982108_17.out:    Writing:  ./data/novartis/deg_data/group_rep/full/qc_false/filter_min_cells_0/intermediate/CVCL_0042/CVCL_0042_batch_26_de.h5ad
deg_analysis.34982108_17.out:
deg_analysis.34982108_17.out:    Rewriting h5ad file: ./data/novartis/deg_data/group_rep/full/qc_false/filter_min_cells_0/intermediate/CVCL_0042/CVCL_0042_batch_26_de.h5ad
deg_analysis.34982108_17.out:    Removed X matrix
deg_analysis.34982108_17.out:    Rewriting h5ad file is done!
deg_analysis.34982108_17.out:✓ Cell line completed in 824.7 seconds
deg_analysis.34982108_17.out:
deg_analysis.34982108_17.out:DE analysis completed!
deg_analysis.34982108_17.out:
deg_analysis.34982108_17.out:Total runtime: 887.3 seconds
deg_analysis.34982109_18.out:
deg_analysis.34982109_18.out:DE analysis started...
deg_analysis.34982109_18.out:Loaded input file:  ./data/novartis/pseudobulk_processed/group_rep/by_celltype/CVCL_0042/CVCL_0042_processed_batch_27.h5ad
deg_analysis.34982109_18.out:Initial dimensions:  1320  samples ×  55023  genes
deg_analysis.34982109_18.out:Filter samples with the low number of cells
deg_analysis.34982109_18.out:    Filter threshold (min_cells):  0
deg_analysis.34982109_18.out:    Found  1320  samples with sentinel value (-666), keeping all
deg_analysis.34982109_18.out:    n_obs:  1320 -->  1320
deg_analysis.34982109_18.out:
deg_analysis.34982109_18.out:▶︎ Processing cell_type:  CVCL_0042
deg_analysis.34982109_18.out:    Filter controls by  pert_time_h  column
deg_analysis.34982109_18.out:        n_obs:  1320 -->  1320
deg_analysis.34982109_18.out:
deg_analysis.34982109_18.out:    Constructing design matrix...
deg_analysis.34982109_18.out:    Design matrix is constructed in 0.1 seconds
deg_analysis.34982109_18.out:    Design matrix dimensions: 1320 samples × 488 coefficients
deg_analysis.34982109_18.out:    Filtering genes and normalizing counts...
deg_analysis.34982109_18.out:    Genes are filtered and normalized in 12.1 seconds
deg_analysis.34982109_18.out:    Running voom...
deg_analysis.34982109_18.out:    Voom is completed in 8.9 seconds
deg_analysis.34982109_18.out:    Running lmFit...
deg_analysis.34982109_18.out:    LmFit is completed in 683.9 seconds
deg_analysis.34982109_18.out:DGE fit is completed in 707.9 seconds
deg_analysis.34982109_18.out:    Running contrasts...
deg_analysis.34982109_18.out:    Running contrast 1/332
deg_analysis.34982109_18.out:    Running contrast 51/332
deg_analysis.34982109_18.out:    Running contrast 101/332
deg_analysis.34982109_18.out:    Running contrast 151/332
deg_analysis.34982109_18.out:    Running contrast 201/332
deg_analysis.34982109_18.out:    Running contrast 251/332
deg_analysis.34982109_18.out:    Running contrast 301/332
deg_analysis.34982109_18.out:    Running contrast 332/332
deg_analysis.34982109_18.out:Contrasts are completed in 70.8 seconds
deg_analysis.34982109_18.out:
deg_analysis.34982109_18.out:    Writing:  ./data/novartis/deg_data/group_rep/full/qc_false/filter_min_cells_0/intermediate/CVCL_0042/CVCL_0042_batch_27_de.h5ad
deg_analysis.34982109_18.out:
deg_analysis.34982109_18.out:    Rewriting h5ad file: ./data/novartis/deg_data/group_rep/full/qc_false/filter_min_cells_0/intermediate/CVCL_0042/CVCL_0042_batch_27_de.h5ad
deg_analysis.34982109_18.out:    Removed X matrix
deg_analysis.34982109_18.out:    Rewriting h5ad file is done!
deg_analysis.34982109_18.out:✓ Cell line completed in 806.4 seconds
deg_analysis.34982109_18.out:
deg_analysis.34982109_18.out:DE analysis completed!
deg_analysis.34982109_18.out:
deg_analysis.34982109_18.out:Total runtime: 868.9 seconds
deg_analysis.34982110_19.out:
deg_analysis.34982110_19.out:DE analysis started...
deg_analysis.34982110_19.out:Loaded input file:  ./data/novartis/pseudobulk_processed/group_rep/by_celltype/CVCL_0042/CVCL_0042_processed_batch_28.h5ad
deg_analysis.34982110_19.out:Initial dimensions:  1320  samples ×  55023  genes
deg_analysis.34982110_19.out:Filter samples with the low number of cells
deg_analysis.34982110_19.out:    Filter threshold (min_cells):  0
deg_analysis.34982110_19.out:    Found  1320  samples with sentinel value (-666), keeping all
deg_analysis.34982110_19.out:    n_obs:  1320 -->  1320
deg_analysis.34982110_19.out:
deg_analysis.34982110_19.out:▶︎ Processing cell_type:  CVCL_0042
deg_analysis.34982110_19.out:    Filter controls by  pert_time_h  column
deg_analysis.34982110_19.out:        n_obs:  1320 -->  1320
deg_analysis.34982110_19.out:
deg_analysis.34982110_19.out:    Constructing design matrix...
deg_analysis.34982110_19.out:    Design matrix is constructed in 0.0 seconds
deg_analysis.34982110_19.out:    Design matrix dimensions: 1320 samples × 488 coefficients
deg_analysis.34982110_19.out:    Filtering genes and normalizing counts...
deg_analysis.34982110_19.out:    Genes are filtered and normalized in 13.4 seconds
deg_analysis.34982110_19.out:    Running voom...
deg_analysis.34982110_19.out:    Voom is completed in 9.0 seconds
deg_analysis.34982110_19.out:    Running lmFit...
deg_analysis.34982110_19.out:    LmFit is completed in 696.2 seconds
deg_analysis.34982110_19.out:DGE fit is completed in 721.7 seconds
deg_analysis.34982110_19.out:    Running contrasts...
deg_analysis.34982110_19.out:    Running contrast 1/332
deg_analysis.34982110_19.out:    Running contrast 51/332
deg_analysis.34982110_19.out:    Running contrast 101/332
deg_analysis.34982110_19.out:    Running contrast 151/332
deg_analysis.34982110_19.out:    Running contrast 201/332
deg_analysis.34982110_19.out:    Running contrast 251/332
deg_analysis.34982110_19.out:    Running contrast 301/332
deg_analysis.34982110_19.out:    Running contrast 332/332
deg_analysis.34982110_19.out:Contrasts are completed in 71.1 seconds
deg_analysis.34982110_19.out:
deg_analysis.34982110_19.out:    Writing:  ./data/novartis/deg_data/group_rep/full/qc_false/filter_min_cells_0/intermediate/CVCL_0042/CVCL_0042_batch_28_de.h5ad
deg_analysis.34982110_19.out:
deg_analysis.34982110_19.out:    Rewriting h5ad file: ./data/novartis/deg_data/group_rep/full/qc_false/filter_min_cells_0/intermediate/CVCL_0042/CVCL_0042_batch_28_de.h5ad
deg_analysis.34982110_19.out:    Removed X matrix
deg_analysis.34982110_19.out:    Rewriting h5ad file is done!
deg_analysis.34982110_19.out:✓ Cell line completed in 821.2 seconds
deg_analysis.34982110_19.out:
deg_analysis.34982110_19.out:DE analysis completed!
deg_analysis.34982110_19.out:
deg_analysis.34982110_19.out:Total runtime: 883.8 seconds
deg_analysis.34982111_20.out:
deg_analysis.34982111_20.out:DE analysis started...
deg_analysis.34982111_20.out:Loaded input file:  ./data/novartis/pseudobulk_processed/group_rep/by_celltype/CVCL_0042/CVCL_0042_processed_batch_29.h5ad
deg_analysis.34982111_20.out:Initial dimensions:  1320  samples ×  55023  genes
deg_analysis.34982111_20.out:Filter samples with the low number of cells
deg_analysis.34982111_20.out:    Filter threshold (min_cells):  0
deg_analysis.34982111_20.out:    Found  1320  samples with sentinel value (-666), keeping all
deg_analysis.34982111_20.out:    n_obs:  1320 -->  1320
deg_analysis.34982111_20.out:
deg_analysis.34982111_20.out:▶︎ Processing cell_type:  CVCL_0042
deg_analysis.34982111_20.out:    Filter controls by  pert_time_h  column
deg_analysis.34982111_20.out:        n_obs:  1320 -->  1320
deg_analysis.34982111_20.out:
deg_analysis.34982111_20.out:    Constructing design matrix...
deg_analysis.34982111_20.out:    Design matrix is constructed in 0.0 seconds
deg_analysis.34982111_20.out:    Design matrix dimensions: 1320 samples × 488 coefficients
deg_analysis.34982111_20.out:    Filtering genes and normalizing counts...
deg_analysis.34982111_20.out:    Genes are filtered and normalized in 13.3 seconds
deg_analysis.34982111_20.out:    Running voom...
deg_analysis.34982111_20.out:    Voom is completed in 8.9 seconds
deg_analysis.34982111_20.out:    Running lmFit...
deg_analysis.34982111_20.out:    LmFit is completed in 695.8 seconds
deg_analysis.34982111_20.out:DGE fit is completed in 721.1 seconds
deg_analysis.34982111_20.out:    Running contrasts...
deg_analysis.34982111_20.out:    Running contrast 1/332
deg_analysis.34982111_20.out:    Running contrast 51/332
deg_analysis.34982111_20.out:    Running contrast 101/332
deg_analysis.34982111_20.out:    Running contrast 151/332
deg_analysis.34982111_20.out:    Running contrast 201/332
deg_analysis.34982111_20.out:    Running contrast 251/332
deg_analysis.34982111_20.out:    Running contrast 301/332
deg_analysis.34982111_20.out:    Running contrast 332/332
deg_analysis.34982111_20.out:Contrasts are completed in 71.3 seconds
deg_analysis.34982111_20.out:
deg_analysis.34982111_20.out:    Writing:  ./data/novartis/deg_data/group_rep/full/qc_false/filter_min_cells_0/intermediate/CVCL_0042/CVCL_0042_batch_29_de.h5ad
deg_analysis.34982111_20.out:
deg_analysis.34982111_20.out:    Rewriting h5ad file: ./data/novartis/deg_data/group_rep/full/qc_false/filter_min_cells_0/intermediate/CVCL_0042/CVCL_0042_batch_29_de.h5ad
deg_analysis.34982111_20.out:    Removed X matrix
deg_analysis.34982111_20.out:    Rewriting h5ad file is done!
deg_analysis.34982111_20.out:✓ Cell line completed in 820.9 seconds
deg_analysis.34982111_20.out:
deg_analysis.34982111_20.out:DE analysis completed!
deg_analysis.34982111_20.out:
deg_analysis.34982111_20.out:Total runtime: 883.4 seconds
deg_analysis.34982112_21.out:
deg_analysis.34982112_21.out:DE analysis started...
deg_analysis.34982112_21.out:Loaded input file:  ./data/novartis/pseudobulk_processed/group_rep/by_celltype/CVCL_0042/CVCL_0042_processed_batch_2.h5ad
deg_analysis.34982112_21.out:Initial dimensions:  1318  samples ×  55023  genes
deg_analysis.34982112_21.out:Filter samples with the low number of cells
deg_analysis.34982112_21.out:    Filter threshold (min_cells):  0
deg_analysis.34982112_21.out:    Found  1318  samples with sentinel value (-666), keeping all
deg_analysis.34982112_21.out:    n_obs:  1318 -->  1318
deg_analysis.34982112_21.out:
deg_analysis.34982112_21.out:▶︎ Processing cell_type:  CVCL_0042
deg_analysis.34982112_21.out:    Filter controls by  pert_time_h  column
deg_analysis.34982112_21.out:        n_obs:  1318 -->  1318
deg_analysis.34982112_21.out:
deg_analysis.34982112_21.out:    Constructing design matrix...
deg_analysis.34982112_21.out:    Design matrix is constructed in 0.0 seconds
deg_analysis.34982112_21.out:    Design matrix dimensions: 1318 samples × 488 coefficients
deg_analysis.34982112_21.out:    Filtering genes and normalizing counts...
deg_analysis.34982112_21.out:    Genes are filtered and normalized in 13.8 seconds
deg_analysis.34982112_21.out:    Running voom...
deg_analysis.34982112_21.out:    Voom is completed in 9.7 seconds
deg_analysis.34982112_21.out:    Running lmFit...
deg_analysis.34982112_21.out:    LmFit is completed in 781.7 seconds
deg_analysis.34982112_21.out:DGE fit is completed in 808.2 seconds
deg_analysis.34982112_21.out:    Running contrasts...
deg_analysis.34982112_21.out:    Running contrast 1/332
deg_analysis.34982112_21.out:    Running contrast 51/332
deg_analysis.34982112_21.out:    Running contrast 101/332
deg_analysis.34982112_21.out:    Running contrast 151/332
deg_analysis.34982112_21.out:    Running contrast 201/332
deg_analysis.34982112_21.out:    Running contrast 251/332
deg_analysis.34982112_21.out:    Running contrast 301/332
deg_analysis.34982112_21.out:    Running contrast 332/332
deg_analysis.34982112_21.out:Contrasts are completed in 76.1 seconds
deg_analysis.34982112_21.out:
deg_analysis.34982112_21.out:    Writing:  ./data/novartis/deg_data/group_rep/full/qc_false/filter_min_cells_0/intermediate/CVCL_0042/CVCL_0042_batch_2_de.h5ad
deg_analysis.34982112_21.out:
deg_analysis.34982112_21.out:    Rewriting h5ad file: ./data/novartis/deg_data/group_rep/full/qc_false/filter_min_cells_0/intermediate/CVCL_0042/CVCL_0042_batch_2_de.h5ad
deg_analysis.34982112_21.out:    Removed X matrix
deg_analysis.34982112_21.out:    Rewriting h5ad file is done!
deg_analysis.34982112_21.out:✓ Cell line completed in 914.5 seconds
deg_analysis.34982112_21.out:
deg_analysis.34982112_21.out:DE analysis completed!
deg_analysis.34982112_21.out:
deg_analysis.34982112_21.out:Total runtime: 977.0 seconds
deg_analysis.34982113_22.out:
deg_analysis.34982113_22.out:DE analysis started...
deg_analysis.34982113_22.out:Loaded input file:  ./data/novartis/pseudobulk_processed/group_rep/by_celltype/CVCL_0042/CVCL_0042_processed_batch_30.h5ad
deg_analysis.34982113_22.out:Initial dimensions:  1320  samples ×  55023  genes
deg_analysis.34982113_22.out:Filter samples with the low number of cells
deg_analysis.34982113_22.out:    Filter threshold (min_cells):  0
deg_analysis.34982113_22.out:    Found  1320  samples with sentinel value (-666), keeping all
deg_analysis.34982113_22.out:    n_obs:  1320 -->  1320
deg_analysis.34982113_22.out:
deg_analysis.34982113_22.out:▶︎ Processing cell_type:  CVCL_0042
deg_analysis.34982113_22.out:    Filter controls by  pert_time_h  column
deg_analysis.34982113_22.out:        n_obs:  1320 -->  1320
deg_analysis.34982113_22.out:
deg_analysis.34982113_22.out:    Constructing design matrix...
deg_analysis.34982113_22.out:    Design matrix is constructed in 0.0 seconds
deg_analysis.34982113_22.out:    Design matrix dimensions: 1320 samples × 488 coefficients
deg_analysis.34982113_22.out:    Filtering genes and normalizing counts...
deg_analysis.34982113_22.out:    Genes are filtered and normalized in 13.7 seconds
deg_analysis.34982113_22.out:    Running voom...
deg_analysis.34982113_22.out:    Voom is completed in 9.7 seconds
deg_analysis.34982113_22.out:    Running lmFit...
deg_analysis.34982113_22.out:    LmFit is completed in 720.1 seconds
deg_analysis.34982113_22.out:DGE fit is completed in 746.7 seconds
deg_analysis.34982113_22.out:    Running contrasts...
deg_analysis.34982113_22.out:    Running contrast 1/332
deg_analysis.34982113_22.out:    Running contrast 51/332
deg_analysis.34982113_22.out:    Running contrast 101/332
deg_analysis.34982113_22.out:    Running contrast 151/332
deg_analysis.34982113_22.out:    Running contrast 201/332
deg_analysis.34982113_22.out:    Running contrast 251/332
deg_analysis.34982113_22.out:    Running contrast 301/332
deg_analysis.34982113_22.out:    Running contrast 332/332
deg_analysis.34982113_22.out:Contrasts are completed in 71.1 seconds
deg_analysis.34982113_22.out:
deg_analysis.34982113_22.out:    Writing:  ./data/novartis/deg_data/group_rep/full/qc_false/filter_min_cells_0/intermediate/CVCL_0042/CVCL_0042_batch_30_de.h5ad
deg_analysis.34982113_22.out:
deg_analysis.34982113_22.out:    Rewriting h5ad file: ./data/novartis/deg_data/group_rep/full/qc_false/filter_min_cells_0/intermediate/CVCL_0042/CVCL_0042_batch_30_de.h5ad
deg_analysis.34982113_22.out:    Removed X matrix
deg_analysis.34982113_22.out:    Rewriting h5ad file is done!
deg_analysis.34982113_22.out:✓ Cell line completed in 846.8 seconds
deg_analysis.34982113_22.out:
deg_analysis.34982113_22.out:DE analysis completed!
deg_analysis.34982113_22.out:
deg_analysis.34982113_22.out:Total runtime: 909.5 seconds
deg_analysis.34982114_23.out:
deg_analysis.34982114_23.out:DE analysis started...
deg_analysis.34982114_23.out:Loaded input file:  ./data/novartis/pseudobulk_processed/group_rep/by_celltype/CVCL_0042/CVCL_0042_processed_batch_31.h5ad
deg_analysis.34982114_23.out:Initial dimensions:  1320  samples ×  55023  genes
deg_analysis.34982114_23.out:Filter samples with the low number of cells
deg_analysis.34982114_23.out:    Filter threshold (min_cells):  0
deg_analysis.34982114_23.out:    Found  1320  samples with sentinel value (-666), keeping all
deg_analysis.34982114_23.out:    n_obs:  1320 -->  1320
deg_analysis.34982114_23.out:
deg_analysis.34982114_23.out:▶︎ Processing cell_type:  CVCL_0042
deg_analysis.34982114_23.out:    Filter controls by  pert_time_h  column
deg_analysis.34982114_23.out:        n_obs:  1320 -->  1320
deg_analysis.34982114_23.out:
deg_analysis.34982114_23.out:    Constructing design matrix...
deg_analysis.34982114_23.out:    Design matrix is constructed in 0.0 seconds
deg_analysis.34982114_23.out:    Design matrix dimensions: 1320 samples × 488 coefficients
deg_analysis.34982114_23.out:    Filtering genes and normalizing counts...
deg_analysis.34982114_23.out:    Genes are filtered and normalized in 14.3 seconds
deg_analysis.34982114_23.out:    Running voom...
deg_analysis.34982114_23.out:    Voom is completed in 10.3 seconds
deg_analysis.34982114_23.out:    Running lmFit...
deg_analysis.34982114_23.out:    LmFit is completed in 779.0 seconds
deg_analysis.34982114_23.out:DGE fit is completed in 806.9 seconds
deg_analysis.34982114_23.out:    Running contrasts...
deg_analysis.34982114_23.out:    Running contrast 1/332
deg_analysis.34982114_23.out:    Running contrast 51/332
deg_analysis.34982114_23.out:    Running contrast 101/332
deg_analysis.34982114_23.out:    Running contrast 151/332
deg_analysis.34982114_23.out:    Running contrast 201/332
deg_analysis.34982114_23.out:    Running contrast 251/332
deg_analysis.34982114_23.out:    Running contrast 301/332
deg_analysis.34982114_23.out:    Running contrast 332/332
deg_analysis.34982114_23.out:Contrasts are completed in 78.6 seconds
deg_analysis.34982114_23.out:
deg_analysis.34982114_23.out:    Writing:  ./data/novartis/deg_data/group_rep/full/qc_false/filter_min_cells_0/intermediate/CVCL_0042/CVCL_0042_batch_31_de.h5ad
deg_analysis.34982114_23.out:
deg_analysis.34982114_23.out:    Rewriting h5ad file: ./data/novartis/deg_data/group_rep/full/qc_false/filter_min_cells_0/intermediate/CVCL_0042/CVCL_0042_batch_31_de.h5ad
deg_analysis.34982114_23.out:    Removed X matrix
deg_analysis.34982114_23.out:    Rewriting h5ad file is done!
deg_analysis.34982114_23.out:✓ Cell line completed in 919.6 seconds
deg_analysis.34982114_23.out:
deg_analysis.34982114_23.out:DE analysis completed!
deg_analysis.34982114_23.out:
deg_analysis.34982114_23.out:Total runtime: 982.4 seconds
deg_analysis.34982115_24.out:
deg_analysis.34982115_24.out:DE analysis started...
deg_analysis.34982115_24.out:Loaded input file:  ./data/novartis/pseudobulk_processed/group_rep/by_celltype/CVCL_0042/CVCL_0042_processed_batch_32.h5ad
deg_analysis.34982115_24.out:Initial dimensions:  1320  samples ×  55023  genes
deg_analysis.34982115_24.out:Filter samples with the low number of cells
deg_analysis.34982115_24.out:    Filter threshold (min_cells):  0
deg_analysis.34982115_24.out:    Found  1320  samples with sentinel value (-666), keeping all
deg_analysis.34982115_24.out:    n_obs:  1320 -->  1320
deg_analysis.34982115_24.out:
deg_analysis.34982115_24.out:▶︎ Processing cell_type:  CVCL_0042
deg_analysis.34982115_24.out:    Filter controls by  pert_time_h  column
deg_analysis.34982115_24.out:        n_obs:  1320 -->  1320
deg_analysis.34982115_24.out:
deg_analysis.34982115_24.out:    Constructing design matrix...
deg_analysis.34982115_24.out:    Design matrix is constructed in 0.0 seconds
deg_analysis.34982115_24.out:    Design matrix dimensions: 1320 samples × 492 coefficients
deg_analysis.34982115_24.out:    Filtering genes and normalizing counts...
deg_analysis.34982115_24.out:    Genes are filtered and normalized in 14.1 seconds
deg_analysis.34982115_24.out:    Running voom...
deg_analysis.34982115_24.out:    Voom is completed in 10.1 seconds
deg_analysis.34982115_24.out:    Running lmFit...
deg_analysis.34982115_24.out:    LmFit is completed in 758.4 seconds
deg_analysis.34982115_24.out:DGE fit is completed in 785.7 seconds
deg_analysis.34982115_24.out:    Running contrasts...
deg_analysis.34982115_24.out:    Running contrast 1/336
deg_analysis.34982115_24.out:    Running contrast 51/336
deg_analysis.34982115_24.out:    Running contrast 101/336
deg_analysis.34982115_24.out:    Running contrast 151/336
deg_analysis.34982115_24.out:    Running contrast 201/336
deg_analysis.34982115_24.out:    Running contrast 251/336
deg_analysis.34982115_24.out:    Running contrast 301/336
deg_analysis.34982115_24.out:    Running contrast 336/336
deg_analysis.34982115_24.out:Contrasts are completed in 76.3 seconds
deg_analysis.34982115_24.out:
deg_analysis.34982115_24.out:    Writing:  ./data/novartis/deg_data/group_rep/full/qc_false/filter_min_cells_0/intermediate/CVCL_0042/CVCL_0042_batch_32_de.h5ad
deg_analysis.34982115_24.out:
deg_analysis.34982115_24.out:    Rewriting h5ad file: ./data/novartis/deg_data/group_rep/full/qc_false/filter_min_cells_0/intermediate/CVCL_0042/CVCL_0042_batch_32_de.h5ad
deg_analysis.34982115_24.out:    Removed X matrix
deg_analysis.34982115_24.out:    Rewriting h5ad file is done!
deg_analysis.34982115_24.out:✓ Cell line completed in 894.2 seconds
deg_analysis.34982115_24.out:
deg_analysis.34982115_24.out:DE analysis completed!
deg_analysis.34982115_24.out:
deg_analysis.34982115_24.out:Total runtime: 956.9 seconds
deg_analysis.34982116_25.out:
deg_analysis.34982116_25.out:DE analysis started...
deg_analysis.34982116_25.out:Loaded input file:  ./data/novartis/pseudobulk_processed/group_rep/by_celltype/CVCL_0042/CVCL_0042_processed_batch_33.h5ad
deg_analysis.34982116_25.out:Initial dimensions:  1320  samples ×  55023  genes
deg_analysis.34982116_25.out:Filter samples with the low number of cells
deg_analysis.34982116_25.out:    Filter threshold (min_cells):  0
deg_analysis.34982116_25.out:    Found  1320  samples with sentinel value (-666), keeping all
deg_analysis.34982116_25.out:    n_obs:  1320 -->  1320
deg_analysis.34982116_25.out:
deg_analysis.34982116_25.out:▶︎ Processing cell_type:  CVCL_0042
deg_analysis.34982116_25.out:    Filter controls by  pert_time_h  column
deg_analysis.34982116_25.out:        n_obs:  1320 -->  1320
deg_analysis.34982116_25.out:
deg_analysis.34982116_25.out:    Constructing design matrix...
deg_analysis.34982116_25.out:    Design matrix is constructed in 0.0 seconds
deg_analysis.34982116_25.out:    Design matrix dimensions: 1320 samples × 492 coefficients
deg_analysis.34982116_25.out:    Filtering genes and normalizing counts...
deg_analysis.34982116_25.out:    Genes are filtered and normalized in 13.7 seconds
deg_analysis.34982116_25.out:    Running voom...
deg_analysis.34982116_25.out:    Voom is completed in 10.1 seconds
deg_analysis.34982116_25.out:    Running lmFit...
deg_analysis.34982116_25.out:    LmFit is completed in 764.8 seconds
deg_analysis.34982116_25.out:DGE fit is completed in 791.7 seconds
deg_analysis.34982116_25.out:    Running contrasts...
deg_analysis.34982116_25.out:    Running contrast 1/336
deg_analysis.34982116_25.out:    Running contrast 51/336
deg_analysis.34982116_25.out:    Running contrast 101/336
deg_analysis.34982116_25.out:    Running contrast 151/336
deg_analysis.34982116_25.out:    Running contrast 201/336
deg_analysis.34982116_25.out:    Running contrast 251/336
deg_analysis.34982116_25.out:    Running contrast 301/336
deg_analysis.34982116_25.out:    Running contrast 336/336
deg_analysis.34982116_25.out:Contrasts are completed in 77.9 seconds
deg_analysis.34982116_25.out:
deg_analysis.34982116_25.out:    Writing:  ./data/novartis/deg_data/group_rep/full/qc_false/filter_min_cells_0/intermediate/CVCL_0042/CVCL_0042_batch_33_de.h5ad
deg_analysis.34982116_25.out:
deg_analysis.34982116_25.out:    Rewriting h5ad file: ./data/novartis/deg_data/group_rep/full/qc_false/filter_min_cells_0/intermediate/CVCL_0042/CVCL_0042_batch_33_de.h5ad
deg_analysis.34982116_25.out:    Removed X matrix
deg_analysis.34982116_25.out:    Rewriting h5ad file is done!
deg_analysis.34982116_25.out:✓ Cell line completed in 900.8 seconds
deg_analysis.34982116_25.out:
deg_analysis.34982116_25.out:DE analysis completed!
deg_analysis.34982116_25.out:
deg_analysis.34982116_25.out:Total runtime: 963.6 seconds
deg_analysis.34982117_26.out:
deg_analysis.34982117_26.out:DE analysis started...
deg_analysis.34982117_26.out:Loaded input file:  ./data/novartis/pseudobulk_processed/group_rep/by_celltype/CVCL_0042/CVCL_0042_processed_batch_34.h5ad
deg_analysis.34982117_26.out:Initial dimensions:  1320  samples ×  55023  genes
deg_analysis.34982117_26.out:Filter samples with the low number of cells
deg_analysis.34982117_26.out:    Filter threshold (min_cells):  0
deg_analysis.34982117_26.out:    Found  1320  samples with sentinel value (-666), keeping all
deg_analysis.34982117_26.out:    n_obs:  1320 -->  1320
deg_analysis.34982117_26.out:
deg_analysis.34982117_26.out:▶︎ Processing cell_type:  CVCL_0042
deg_analysis.34982117_26.out:    Filter controls by  pert_time_h  column
deg_analysis.34982117_26.out:        n_obs:  1320 -->  1320
deg_analysis.34982117_26.out:
deg_analysis.34982117_26.out:    Constructing design matrix...
deg_analysis.34982117_26.out:    Design matrix is constructed in 0.0 seconds
deg_analysis.34982117_26.out:    Design matrix dimensions: 1320 samples × 488 coefficients
deg_analysis.34982117_26.out:    Filtering genes and normalizing counts...
deg_analysis.34982117_26.out:    Genes are filtered and normalized in 13.6 seconds
deg_analysis.34982117_26.out:    Running voom...
deg_analysis.34982117_26.out:    Voom is completed in 9.1 seconds
deg_analysis.34982117_26.out:    Running lmFit...
deg_analysis.34982117_26.out:    LmFit is completed in 700.9 seconds
deg_analysis.34982117_26.out:DGE fit is completed in 726.7 seconds
deg_analysis.34982117_26.out:    Running contrasts...
deg_analysis.34982117_26.out:    Running contrast 1/332
deg_analysis.34982117_26.out:    Running contrast 51/332
deg_analysis.34982117_26.out:    Running contrast 101/332
deg_analysis.34982117_26.out:    Running contrast 151/332
deg_analysis.34982117_26.out:    Running contrast 201/332
deg_analysis.34982117_26.out:    Running contrast 251/332
deg_analysis.34982117_26.out:    Running contrast 301/332
deg_analysis.34982117_26.out:    Running contrast 332/332
deg_analysis.34982117_26.out:Contrasts are completed in 72.8 seconds
deg_analysis.34982117_26.out:
deg_analysis.34982117_26.out:    Writing:  ./data/novartis/deg_data/group_rep/full/qc_false/filter_min_cells_0/intermediate/CVCL_0042/CVCL_0042_batch_34_de.h5ad
deg_analysis.34982117_26.out:
deg_analysis.34982117_26.out:    Rewriting h5ad file: ./data/novartis/deg_data/group_rep/full/qc_false/filter_min_cells_0/intermediate/CVCL_0042/CVCL_0042_batch_34_de.h5ad
deg_analysis.34982117_26.out:    Removed X matrix
deg_analysis.34982117_26.out:    Rewriting h5ad file is done!
deg_analysis.34982117_26.out:✓ Cell line completed in 828.2 seconds
deg_analysis.34982117_26.out:
deg_analysis.34982117_26.out:DE analysis completed!
deg_analysis.34982117_26.out:
deg_analysis.34982117_26.out:Total runtime: 890.8 seconds
deg_analysis.34982118_27.out:
deg_analysis.34982118_27.out:DE analysis started...
deg_analysis.34982118_27.out:Loaded input file:  ./data/novartis/pseudobulk_processed/group_rep/by_celltype/CVCL_0042/CVCL_0042_processed_batch_35.h5ad
deg_analysis.34982118_27.out:Initial dimensions:  1320  samples ×  55023  genes
deg_analysis.34982118_27.out:Filter samples with the low number of cells
deg_analysis.34982118_27.out:    Filter threshold (min_cells):  0
deg_analysis.34982118_27.out:    Found  1320  samples with sentinel value (-666), keeping all
deg_analysis.34982118_27.out:    n_obs:  1320 -->  1320
deg_analysis.34982118_27.out:
deg_analysis.34982118_27.out:▶︎ Processing cell_type:  CVCL_0042
deg_analysis.34982118_27.out:    Filter controls by  pert_time_h  column
deg_analysis.34982118_27.out:        n_obs:  1320 -->  1320
deg_analysis.34982118_27.out:
deg_analysis.34982118_27.out:    Constructing design matrix...
deg_analysis.34982118_27.out:    Design matrix is constructed in 0.0 seconds
deg_analysis.34982118_27.out:    Design matrix dimensions: 1320 samples × 488 coefficients
deg_analysis.34982118_27.out:    Filtering genes and normalizing counts...
deg_analysis.34982118_27.out:    Genes are filtered and normalized in 13.4 seconds
deg_analysis.34982118_27.out:    Running voom...
deg_analysis.34982118_27.out:    Voom is completed in 9.6 seconds
deg_analysis.34982118_27.out:    Running lmFit...
deg_analysis.34982118_27.out:    LmFit is completed in 732.4 seconds
deg_analysis.34982118_27.out:DGE fit is completed in 758.6 seconds
deg_analysis.34982118_27.out:    Running contrasts...
deg_analysis.34982118_27.out:    Running contrast 1/332
deg_analysis.34982118_27.out:    Running contrast 51/332
deg_analysis.34982118_27.out:    Running contrast 101/332
deg_analysis.34982118_27.out:    Running contrast 151/332
deg_analysis.34982118_27.out:    Running contrast 201/332
deg_analysis.34982118_27.out:    Running contrast 251/332
deg_analysis.34982118_27.out:    Running contrast 301/332
deg_analysis.34982118_27.out:    Running contrast 332/332
deg_analysis.34982118_27.out:Contrasts are completed in 77.9 seconds
deg_analysis.34982118_27.out:
deg_analysis.34982118_27.out:    Writing:  ./data/novartis/deg_data/group_rep/full/qc_false/filter_min_cells_0/intermediate/CVCL_0042/CVCL_0042_batch_35_de.h5ad
deg_analysis.34982118_27.out:
deg_analysis.34982118_27.out:    Rewriting h5ad file: ./data/novartis/deg_data/group_rep/full/qc_false/filter_min_cells_0/intermediate/CVCL_0042/CVCL_0042_batch_35_de.h5ad
deg_analysis.34982118_27.out:    Removed X matrix
deg_analysis.34982118_27.out:    Rewriting h5ad file is done!
deg_analysis.34982118_27.out:✓ Cell line completed in 867.7 seconds
deg_analysis.34982118_27.out:
deg_analysis.34982118_27.out:DE analysis completed!
deg_analysis.34982118_27.out:
deg_analysis.34982118_27.out:Total runtime: 930.3 seconds
deg_analysis.34982120_28.out:
deg_analysis.34982120_28.out:DE analysis started...
deg_analysis.34982120_28.out:Loaded input file:  ./data/novartis/pseudobulk_processed/group_rep/by_celltype/CVCL_0042/CVCL_0042_processed_batch_36.h5ad
deg_analysis.34982120_28.out:Initial dimensions:  1320  samples ×  55023  genes
deg_analysis.34982120_28.out:Filter samples with the low number of cells
deg_analysis.34982120_28.out:    Filter threshold (min_cells):  0
deg_analysis.34982120_28.out:    Found  1320  samples with sentinel value (-666), keeping all
deg_analysis.34982120_28.out:    n_obs:  1320 -->  1320
deg_analysis.34982120_28.out:
deg_analysis.34982120_28.out:▶︎ Processing cell_type:  CVCL_0042
deg_analysis.34982120_28.out:    Filter controls by  pert_time_h  column
deg_analysis.34982120_28.out:        n_obs:  1320 -->  1320
deg_analysis.34982120_28.out:
deg_analysis.34982120_28.out:    Constructing design matrix...
deg_analysis.34982120_28.out:    Design matrix is constructed in 0.1 seconds
deg_analysis.34982120_28.out:    Design matrix dimensions: 1320 samples × 480 coefficients
deg_analysis.34982120_28.out:    Filtering genes and normalizing counts...
deg_analysis.34982120_28.out:    Genes are filtered and normalized in 13.0 seconds
deg_analysis.34982120_28.out:    Running voom...
deg_analysis.34982120_28.out:    Voom is completed in 8.9 seconds
deg_analysis.34982120_28.out:    Running lmFit...
deg_analysis.34982120_28.out:    LmFit is completed in 649.3 seconds
deg_analysis.34982120_28.out:DGE fit is completed in 674.3 seconds
deg_analysis.34982120_28.out:    Running contrasts...
deg_analysis.34982120_28.out:    Running contrast 1/324
deg_analysis.34982120_28.out:    Running contrast 51/324
deg_analysis.34982120_28.out:    Running contrast 101/324
deg_analysis.34982120_28.out:    Running contrast 151/324
deg_analysis.34982120_28.out:    Running contrast 201/324
deg_analysis.34982120_28.out:    Running contrast 251/324
deg_analysis.34982120_28.out:    Running contrast 301/324
deg_analysis.34982120_28.out:    Running contrast 324/324
deg_analysis.34982120_28.out:Contrasts are completed in 70.3 seconds
deg_analysis.34982120_28.out:
deg_analysis.34982120_28.out:    Writing:  ./data/novartis/deg_data/group_rep/full/qc_false/filter_min_cells_0/intermediate/CVCL_0042/CVCL_0042_batch_36_de.h5ad
deg_analysis.34982120_28.out:
deg_analysis.34982120_28.out:    Rewriting h5ad file: ./data/novartis/deg_data/group_rep/full/qc_false/filter_min_cells_0/intermediate/CVCL_0042/CVCL_0042_batch_36_de.h5ad
deg_analysis.34982120_28.out:    Removed X matrix
deg_analysis.34982120_28.out:    Rewriting h5ad file is done!
deg_analysis.34982120_28.out:✓ Cell line completed in 772.1 seconds
deg_analysis.34982120_28.out:
deg_analysis.34982120_28.out:DE analysis completed!
deg_analysis.34982120_28.out:
deg_analysis.34982120_28.out:Total runtime: 829.5 seconds
deg_analysis.34982121_29.out:
deg_analysis.34982121_29.out:DE analysis started...
deg_analysis.34982121_29.out:Loaded input file:  ./data/novartis/pseudobulk_processed/group_rep/by_celltype/CVCL_0042/CVCL_0042_processed_batch_37.h5ad
deg_analysis.34982121_29.out:Initial dimensions:  1320  samples ×  55023  genes
deg_analysis.34982121_29.out:Filter samples with the low number of cells
deg_analysis.34982121_29.out:    Filter threshold (min_cells):  0
deg_analysis.34982121_29.out:    Found  1320  samples with sentinel value (-666), keeping all
deg_analysis.34982121_29.out:    n_obs:  1320 -->  1320
deg_analysis.34982121_29.out:
deg_analysis.34982121_29.out:▶︎ Processing cell_type:  CVCL_0042
deg_analysis.34982121_29.out:    Filter controls by  pert_time_h  column
deg_analysis.34982121_29.out:        n_obs:  1320 -->  1320
deg_analysis.34982121_29.out:
deg_analysis.34982121_29.out:    Constructing design matrix...
deg_analysis.34982121_29.out:    Design matrix is constructed in 0.0 seconds
deg_analysis.34982121_29.out:    Design matrix dimensions: 1320 samples × 492 coefficients
deg_analysis.34982121_29.out:    Filtering genes and normalizing counts...
deg_analysis.34982121_29.out:    Genes are filtered and normalized in 14.9 seconds
deg_analysis.34982121_29.out:    Running voom...
deg_analysis.34982121_29.out:    Voom is completed in 10.4 seconds
deg_analysis.34982121_29.out:    Running lmFit...
deg_analysis.34982121_29.out:    LmFit is completed in 919.4 seconds
deg_analysis.34982121_29.out:DGE fit is completed in 948.4 seconds
deg_analysis.34982121_29.out:    Running contrasts...
deg_analysis.34982121_29.out:    Running contrast 1/336
deg_analysis.34982121_29.out:    Running contrast 51/336
deg_analysis.34982121_29.out:    Running contrast 101/336
deg_analysis.34982121_29.out:    Running contrast 151/336
deg_analysis.34982121_29.out:    Running contrast 201/336
deg_analysis.34982121_29.out:    Running contrast 251/336
deg_analysis.34982121_29.out:    Running contrast 301/336
deg_analysis.34982121_29.out:    Running contrast 336/336
deg_analysis.34982121_29.out:Contrasts are completed in 85.5 seconds
deg_analysis.34982121_29.out:
deg_analysis.34982121_29.out:    Writing:  ./data/novartis/deg_data/group_rep/full/qc_false/filter_min_cells_0/intermediate/CVCL_0042/CVCL_0042_batch_37_de.h5ad
deg_analysis.34982121_29.out:
deg_analysis.34982121_29.out:    Rewriting h5ad file: ./data/novartis/deg_data/group_rep/full/qc_false/filter_min_cells_0/intermediate/CVCL_0042/CVCL_0042_batch_37_de.h5ad
deg_analysis.34982121_29.out:    Removed X matrix
deg_analysis.34982121_29.out:    Rewriting h5ad file is done!
deg_analysis.34982121_29.out:✓ Cell line completed in 1069.1 seconds
deg_analysis.34982121_29.out:
deg_analysis.34982121_29.out:DE analysis completed!
deg_analysis.34982121_29.out:
deg_analysis.34982121_29.out:Total runtime: 1126.9 seconds
deg_analysis.34982121_29.err:
deg_analysis.34982121_29.err:=== 1 Warnings encountered ===
deg_analysis.34982121_29.err:
deg_analysis.34982121_29.err:1. Partial NA coefficients for 1 probe(s)
deg_analysis.34982122_30.out:
deg_analysis.34982122_30.out:DE analysis started...
deg_analysis.34982122_30.out:Loaded input file:  ./data/novartis/pseudobulk_processed/group_rep/by_celltype/CVCL_0042/CVCL_0042_processed_batch_38.h5ad
deg_analysis.34982122_30.out:Initial dimensions:  1320  samples ×  55023  genes
deg_analysis.34982122_30.out:Filter samples with the low number of cells
deg_analysis.34982122_30.out:    Filter threshold (min_cells):  0
deg_analysis.34982122_30.out:    Found  1320  samples with sentinel value (-666), keeping all
deg_analysis.34982122_30.out:    n_obs:  1320 -->  1320
deg_analysis.34982122_30.out:
deg_analysis.34982122_30.out:▶︎ Processing cell_type:  CVCL_0042
deg_analysis.34982122_30.out:    Filter controls by  pert_time_h  column
deg_analysis.34982122_30.out:        n_obs:  1320 -->  1320
deg_analysis.34982122_30.out:
deg_analysis.34982122_30.out:    Constructing design matrix...
deg_analysis.34982122_30.out:    Design matrix is constructed in 0.0 seconds
deg_analysis.34982122_30.out:    Design matrix dimensions: 1320 samples × 488 coefficients
deg_analysis.34982122_30.out:    Filtering genes and normalizing counts...
deg_analysis.34982122_30.out:    Genes are filtered and normalized in 15.2 seconds
deg_analysis.34982122_30.out:    Running voom...
deg_analysis.34982122_30.out:    Voom is completed in 10.2 seconds
deg_analysis.34982122_30.out:    Running lmFit...
deg_analysis.34982122_30.out:    LmFit is completed in 905.7 seconds
deg_analysis.34982122_30.out:DGE fit is completed in 934.9 seconds
deg_analysis.34982122_30.out:    Running contrasts...
deg_analysis.34982122_30.out:    Running contrast 1/332
deg_analysis.34982122_30.out:    Running contrast 51/332
deg_analysis.34982122_30.out:    Running contrast 101/332
deg_analysis.34982122_30.out:    Running contrast 151/332
deg_analysis.34982122_30.out:    Running contrast 201/332
deg_analysis.34982122_30.out:    Running contrast 251/332
deg_analysis.34982122_30.out:    Running contrast 301/332
deg_analysis.34982122_30.out:    Running contrast 332/332
deg_analysis.34982122_30.out:Contrasts are completed in 79.6 seconds
deg_analysis.34982122_30.out:
deg_analysis.34982122_30.out:    Writing:  ./data/novartis/deg_data/group_rep/full/qc_false/filter_min_cells_0/intermediate/CVCL_0042/CVCL_0042_batch_38_de.h5ad
deg_analysis.34982122_30.out:
deg_analysis.34982122_30.out:    Rewriting h5ad file: ./data/novartis/deg_data/group_rep/full/qc_false/filter_min_cells_0/intermediate/CVCL_0042/CVCL_0042_batch_38_de.h5ad
deg_analysis.34982122_30.out:    Removed X matrix
deg_analysis.34982122_30.out:    Rewriting h5ad file is done!
deg_analysis.34982122_30.out:✓ Cell line completed in 1048.6 seconds
deg_analysis.34982122_30.out:
deg_analysis.34982122_30.out:DE analysis completed!
deg_analysis.34982122_30.out:
deg_analysis.34982122_30.out:Total runtime: 1106.5 seconds
deg_analysis.34982123_31.out:
deg_analysis.34982123_31.out:DE analysis started...
deg_analysis.34982123_31.out:Loaded input file:  ./data/novartis/pseudobulk_processed/group_rep/by_celltype/CVCL_0042/CVCL_0042_processed_batch_39.h5ad
deg_analysis.34982123_31.out:Initial dimensions:  1320  samples ×  55023  genes
deg_analysis.34982123_31.out:Filter samples with the low number of cells
deg_analysis.34982123_31.out:    Filter threshold (min_cells):  0
deg_analysis.34982123_31.out:    Found  1320  samples with sentinel value (-666), keeping all
deg_analysis.34982123_31.out:    n_obs:  1320 -->  1320
deg_analysis.34982123_31.out:
deg_analysis.34982123_31.out:▶︎ Processing cell_type:  CVCL_0042
deg_analysis.34982123_31.out:    Filter controls by  pert_time_h  column
deg_analysis.34982123_31.out:        n_obs:  1320 -->  1320
deg_analysis.34982123_31.out:
deg_analysis.34982123_31.out:    Constructing design matrix...
deg_analysis.34982123_31.out:    Design matrix is constructed in 0.0 seconds
deg_analysis.34982123_31.out:    Design matrix dimensions: 1320 samples × 492 coefficients
deg_analysis.34982123_31.out:    Filtering genes and normalizing counts...
deg_analysis.34982123_31.out:    Genes are filtered and normalized in 15.1 seconds
deg_analysis.34982123_31.out:    Running voom...
deg_analysis.34982123_31.out:    Voom is completed in 10.4 seconds
deg_analysis.34982123_31.out:    Running lmFit...
deg_analysis.34982123_31.out:    LmFit is completed in 896.9 seconds
deg_analysis.34982123_31.out:DGE fit is completed in 925.9 seconds
deg_analysis.34982123_31.out:    Running contrasts...
deg_analysis.34982123_31.out:    Running contrast 1/336
deg_analysis.34982123_31.out:    Running contrast 51/336
deg_analysis.34982123_31.out:    Running contrast 101/336
deg_analysis.34982123_31.out:    Running contrast 151/336
deg_analysis.34982123_31.out:    Running contrast 201/336
deg_analysis.34982123_31.out:    Running contrast 251/336
deg_analysis.34982123_31.out:    Running contrast 301/336
deg_analysis.34982123_31.out:    Running contrast 336/336
deg_analysis.34982123_31.out:Contrasts are completed in 85.8 seconds
deg_analysis.34982123_31.out:
deg_analysis.34982123_31.out:    Writing:  ./data/novartis/deg_data/group_rep/full/qc_false/filter_min_cells_0/intermediate/CVCL_0042/CVCL_0042_batch_39_de.h5ad
deg_analysis.34982123_31.out:
deg_analysis.34982123_31.out:    Rewriting h5ad file: ./data/novartis/deg_data/group_rep/full/qc_false/filter_min_cells_0/intermediate/CVCL_0042/CVCL_0042_batch_39_de.h5ad
deg_analysis.34982123_31.out:    Removed X matrix
deg_analysis.34982123_31.out:    Rewriting h5ad file is done!
deg_analysis.34982123_31.out:✓ Cell line completed in 1046.8 seconds
deg_analysis.34982123_31.out:
deg_analysis.34982123_31.out:DE analysis completed!
deg_analysis.34982123_31.out:
deg_analysis.34982123_31.out:Total runtime: 1104.6 seconds
deg_analysis.34982124_32.out:
deg_analysis.34982124_32.out:DE analysis started...
deg_analysis.34982124_32.out:Loaded input file:  ./data/novartis/pseudobulk_processed/group_rep/by_celltype/CVCL_0042/CVCL_0042_processed_batch_3.h5ad
deg_analysis.34982124_32.out:Initial dimensions:  1320  samples ×  55023  genes
deg_analysis.34982124_32.out:Filter samples with the low number of cells
deg_analysis.34982124_32.out:    Filter threshold (min_cells):  0
deg_analysis.34982124_32.out:    Found  1320  samples with sentinel value (-666), keeping all
deg_analysis.34982124_32.out:    n_obs:  1320 -->  1320
deg_analysis.34982124_32.out:
deg_analysis.34982124_32.out:▶︎ Processing cell_type:  CVCL_0042
deg_analysis.34982124_32.out:    Filter controls by  pert_time_h  column
deg_analysis.34982124_32.out:        n_obs:  1320 -->  1320
deg_analysis.34982124_32.out:
deg_analysis.34982124_32.out:    Constructing design matrix...
deg_analysis.34982124_32.out:    Design matrix is constructed in 0.0 seconds
deg_analysis.34982124_32.out:    Design matrix dimensions: 1320 samples × 484 coefficients
deg_analysis.34982124_32.out:    Filtering genes and normalizing counts...
deg_analysis.34982124_32.out:    Genes are filtered and normalized in 14.9 seconds
deg_analysis.34982124_32.out:    Running voom...
deg_analysis.34982124_32.out:    Voom is completed in 10.0 seconds
deg_analysis.34982124_32.out:    Running lmFit...
deg_analysis.34982124_32.out:    LmFit is completed in 834.9 seconds
deg_analysis.34982124_32.out:DGE fit is completed in 863.3 seconds
deg_analysis.34982124_32.out:    Running contrasts...
deg_analysis.34982124_32.out:    Running contrast 1/328
deg_analysis.34982124_32.out:    Running contrast 51/328
deg_analysis.34982124_32.out:    Running contrast 101/328
deg_analysis.34982124_32.out:    Running contrast 151/328
deg_analysis.34982124_32.out:    Running contrast 201/328
deg_analysis.34982124_32.out:    Running contrast 251/328
deg_analysis.34982124_32.out:    Running contrast 301/328
deg_analysis.34982124_32.out:    Running contrast 328/328
deg_analysis.34982124_32.out:Contrasts are completed in 76.9 seconds
deg_analysis.34982124_32.out:
deg_analysis.34982124_32.out:    Writing:  ./data/novartis/deg_data/group_rep/full/qc_false/filter_min_cells_0/intermediate/CVCL_0042/CVCL_0042_batch_3_de.h5ad
deg_analysis.34982124_32.out:
deg_analysis.34982124_32.out:    Rewriting h5ad file: ./data/novartis/deg_data/group_rep/full/qc_false/filter_min_cells_0/intermediate/CVCL_0042/CVCL_0042_batch_3_de.h5ad
deg_analysis.34982124_32.out:    Removed X matrix
deg_analysis.34982124_32.out:    Rewriting h5ad file is done!
deg_analysis.34982124_32.out:✓ Cell line completed in 971.9 seconds
deg_analysis.34982124_32.out:
deg_analysis.34982124_32.out:DE analysis completed!
deg_analysis.34982124_32.out:
deg_analysis.34982124_32.out:Total runtime: 1029.5 seconds
deg_analysis.34982125_33.out:
deg_analysis.34982125_33.out:DE analysis started...
deg_analysis.34982125_33.out:Loaded input file:  ./data/novartis/pseudobulk_processed/group_rep/by_celltype/CVCL_0042/CVCL_0042_processed_batch_40.h5ad
deg_analysis.34982125_33.out:Initial dimensions:  1320  samples ×  55023  genes
deg_analysis.34982125_33.out:Filter samples with the low number of cells
deg_analysis.34982125_33.out:    Filter threshold (min_cells):  0
deg_analysis.34982125_33.out:    Found  1320  samples with sentinel value (-666), keeping all
deg_analysis.34982125_33.out:    n_obs:  1320 -->  1320
deg_analysis.34982125_33.out:
deg_analysis.34982125_33.out:▶︎ Processing cell_type:  CVCL_0042
deg_analysis.34982125_33.out:    Filter controls by  pert_time_h  column
deg_analysis.34982125_33.out:        n_obs:  1320 -->  1320
deg_analysis.34982125_33.out:
deg_analysis.34982125_33.out:    Constructing design matrix...
deg_analysis.34982125_33.out:    Design matrix is constructed in 0.0 seconds
deg_analysis.34982125_33.out:    Design matrix dimensions: 1320 samples × 488 coefficients
deg_analysis.34982125_33.out:    Filtering genes and normalizing counts...
deg_analysis.34982125_33.out:    Genes are filtered and normalized in 15.3 seconds
deg_analysis.34982125_33.out:    Running voom...
deg_analysis.34982125_33.out:    Voom is completed in 10.6 seconds
deg_analysis.34982125_33.out:    Running lmFit...
deg_analysis.34982125_33.out:    LmFit is completed in 884.3 seconds
deg_analysis.34982125_33.out:DGE fit is completed in 913.6 seconds
deg_analysis.34982125_33.out:    Running contrasts...
deg_analysis.34982125_33.out:    Running contrast 1/332
deg_analysis.34982125_33.out:    Running contrast 51/332
deg_analysis.34982125_33.out:    Running contrast 101/332
deg_analysis.34982125_33.out:    Running contrast 151/332
deg_analysis.34982125_33.out:    Running contrast 201/332
deg_analysis.34982125_33.out:    Running contrast 251/332
deg_analysis.34982125_33.out:    Running contrast 301/332
deg_analysis.34982125_33.out:    Running contrast 332/332
deg_analysis.34982125_33.out:Contrasts are completed in 79.2 seconds
deg_analysis.34982125_33.out:
deg_analysis.34982125_33.out:    Writing:  ./data/novartis/deg_data/group_rep/full/qc_false/filter_min_cells_0/intermediate/CVCL_0042/CVCL_0042_batch_40_de.h5ad
deg_analysis.34982125_33.out:
deg_analysis.34982125_33.out:    Rewriting h5ad file: ./data/novartis/deg_data/group_rep/full/qc_false/filter_min_cells_0/intermediate/CVCL_0042/CVCL_0042_batch_40_de.h5ad
deg_analysis.34982125_33.out:    Removed X matrix
deg_analysis.34982125_33.out:    Rewriting h5ad file is done!
deg_analysis.34982125_33.out:✓ Cell line completed in 1027.3 seconds
deg_analysis.34982125_33.out:
deg_analysis.34982125_33.out:DE analysis completed!
deg_analysis.34982125_33.out:
deg_analysis.34982125_33.out:Total runtime: 1085.4 seconds
deg_analysis.34982126_34.out:
deg_analysis.34982126_34.out:DE analysis started...
deg_analysis.34982126_34.out:Loaded input file:  ./data/novartis/pseudobulk_processed/group_rep/by_celltype/CVCL_0042/CVCL_0042_processed_batch_41.h5ad
deg_analysis.34982126_34.out:Initial dimensions:  1320  samples ×  55023  genes
deg_analysis.34982126_34.out:Filter samples with the low number of cells
deg_analysis.34982126_34.out:    Filter threshold (min_cells):  0
deg_analysis.34982126_34.out:    Found  1320  samples with sentinel value (-666), keeping all
deg_analysis.34982126_34.out:    n_obs:  1320 -->  1320
deg_analysis.34982126_34.out:
deg_analysis.34982126_34.out:▶︎ Processing cell_type:  CVCL_0042
deg_analysis.34982126_34.out:    Filter controls by  pert_time_h  column
deg_analysis.34982126_34.out:        n_obs:  1320 -->  1320
deg_analysis.34982126_34.out:
deg_analysis.34982126_34.out:    Constructing design matrix...
deg_analysis.34982126_34.out:    Design matrix is constructed in 0.0 seconds
deg_analysis.34982126_34.out:    Design matrix dimensions: 1320 samples × 488 coefficients
deg_analysis.34982126_34.out:    Filtering genes and normalizing counts...
deg_analysis.34982126_34.out:    Genes are filtered and normalized in 16.0 seconds
deg_analysis.34982126_34.out:    Running voom...
deg_analysis.34982126_34.out:    Voom is completed in 11.0 seconds
deg_analysis.34982126_34.out:    Running lmFit...
deg_analysis.34982126_34.out:    LmFit is completed in 1011.8 seconds
deg_analysis.34982126_34.out:DGE fit is completed in 1042.5 seconds
deg_analysis.34982126_34.out:    Running contrasts...
deg_analysis.34982126_34.out:    Running contrast 1/332
deg_analysis.34982126_34.out:    Running contrast 51/332
deg_analysis.34982126_34.out:    Running contrast 101/332
deg_analysis.34982126_34.out:    Running contrast 151/332
deg_analysis.34982126_34.out:    Running contrast 201/332
deg_analysis.34982126_34.out:    Running contrast 251/332
deg_analysis.34982126_34.out:    Running contrast 301/332
deg_analysis.34982126_34.out:    Running contrast 332/332
deg_analysis.34982126_34.out:Contrasts are completed in 91.3 seconds
deg_analysis.34982126_34.out:
deg_analysis.34982126_34.out:    Writing:  ./data/novartis/deg_data/group_rep/full/qc_false/filter_min_cells_0/intermediate/CVCL_0042/CVCL_0042_batch_41_de.h5ad
deg_analysis.34982126_34.out:
deg_analysis.34982126_34.out:    Rewriting h5ad file: ./data/novartis/deg_data/group_rep/full/qc_false/filter_min_cells_0/intermediate/CVCL_0042/CVCL_0042_batch_41_de.h5ad
deg_analysis.34982126_34.out:    Removed X matrix
deg_analysis.34982126_34.out:    Rewriting h5ad file is done!
deg_analysis.34982126_34.out:✓ Cell line completed in 1173.7 seconds
deg_analysis.34982126_34.out:
deg_analysis.34982126_34.out:DE analysis completed!
deg_analysis.34982126_34.out:
deg_analysis.34982126_34.out:Total runtime: 1231.1 seconds
deg_analysis.34982127_35.out:
deg_analysis.34982127_35.out:DE analysis started...
deg_analysis.34982127_35.out:Loaded input file:  ./data/novartis/pseudobulk_processed/group_rep/by_celltype/CVCL_0042/CVCL_0042_processed_batch_42.h5ad
deg_analysis.34982127_35.out:Initial dimensions:  1320  samples ×  55023  genes
deg_analysis.34982127_35.out:Filter samples with the low number of cells
deg_analysis.34982127_35.out:    Filter threshold (min_cells):  0
deg_analysis.34982127_35.out:    Found  1320  samples with sentinel value (-666), keeping all
deg_analysis.34982127_35.out:    n_obs:  1320 -->  1320
deg_analysis.34982127_35.out:
deg_analysis.34982127_35.out:▶︎ Processing cell_type:  CVCL_0042
deg_analysis.34982127_35.out:    Filter controls by  pert_time_h  column
deg_analysis.34982127_35.out:        n_obs:  1320 -->  1320
deg_analysis.34982127_35.out:
deg_analysis.34982127_35.out:    Constructing design matrix...
deg_analysis.34982127_35.out:    Design matrix is constructed in 0.0 seconds
deg_analysis.34982127_35.out:    Design matrix dimensions: 1320 samples × 492 coefficients
deg_analysis.34982127_35.out:    Filtering genes and normalizing counts...
deg_analysis.34982127_35.out:    Genes are filtered and normalized in 14.1 seconds
deg_analysis.34982127_35.out:    Running voom...
deg_analysis.34982127_35.out:    Voom is completed in 9.7 seconds
deg_analysis.34982127_35.out:    Running lmFit...
deg_analysis.34982127_35.out:    LmFit is completed in 753.8 seconds
deg_analysis.34982127_35.out:DGE fit is completed in 780.7 seconds
deg_analysis.34982127_35.out:    Running contrasts...
deg_analysis.34982127_35.out:    Running contrast 1/336
deg_analysis.34982127_35.out:    Running contrast 51/336
deg_analysis.34982127_35.out:    Running contrast 101/336
deg_analysis.34982127_35.out:    Running contrast 151/336
deg_analysis.34982127_35.out:    Running contrast 201/336
deg_analysis.34982127_35.out:    Running contrast 251/336
deg_analysis.34982127_35.out:    Running contrast 301/336
deg_analysis.34982127_35.out:    Running contrast 336/336
deg_analysis.34982127_35.out:Contrasts are completed in 75.0 seconds
deg_analysis.34982127_35.out:
deg_analysis.34982127_35.out:    Writing:  ./data/novartis/deg_data/group_rep/full/qc_false/filter_min_cells_0/intermediate/CVCL_0042/CVCL_0042_batch_42_de.h5ad
deg_analysis.34982127_35.out:
deg_analysis.34982127_35.out:    Rewriting h5ad file: ./data/novartis/deg_data/group_rep/full/qc_false/filter_min_cells_0/intermediate/CVCL_0042/CVCL_0042_batch_42_de.h5ad
deg_analysis.34982127_35.out:    Removed X matrix
deg_analysis.34982127_35.out:    Rewriting h5ad file is done!
deg_analysis.34982127_35.out:✓ Cell line completed in 886.2 seconds
deg_analysis.34982127_35.out:
deg_analysis.34982127_35.out:DE analysis completed!
deg_analysis.34982127_35.out:
deg_analysis.34982127_35.out:Total runtime: 938.7 seconds
deg_analysis.34982128_36.out:
deg_analysis.34982128_36.out:DE analysis started...
deg_analysis.34982128_36.out:Loaded input file:  ./data/novartis/pseudobulk_processed/group_rep/by_celltype/CVCL_0042/CVCL_0042_processed_batch_43.h5ad
deg_analysis.34982128_36.out:Initial dimensions:  1320  samples ×  55023  genes
deg_analysis.34982128_36.out:Filter samples with the low number of cells
deg_analysis.34982128_36.out:    Filter threshold (min_cells):  0
deg_analysis.34982128_36.out:    Found  1320  samples with sentinel value (-666), keeping all
deg_analysis.34982128_36.out:    n_obs:  1320 -->  1320
deg_analysis.34982128_36.out:
deg_analysis.34982128_36.out:▶︎ Processing cell_type:  CVCL_0042
deg_analysis.34982128_36.out:    Filter controls by  pert_time_h  column
deg_analysis.34982128_36.out:        n_obs:  1320 -->  1320
deg_analysis.34982128_36.out:
deg_analysis.34982128_36.out:    Constructing design matrix...
deg_analysis.34982128_36.out:    Design matrix is constructed in 0.0 seconds
deg_analysis.34982128_36.out:    Design matrix dimensions: 1320 samples × 492 coefficients
deg_analysis.34982128_36.out:    Filtering genes and normalizing counts...
deg_analysis.34982128_36.out:    Genes are filtered and normalized in 14.0 seconds
deg_analysis.34982128_36.out:    Running voom...
deg_analysis.34982128_36.out:    Voom is completed in 9.4 seconds
deg_analysis.34982128_36.out:    Running lmFit...
deg_analysis.34982128_36.out:    LmFit is completed in 740.3 seconds
deg_analysis.34982128_36.out:DGE fit is completed in 766.9 seconds
deg_analysis.34982128_36.out:    Running contrasts...
deg_analysis.34982128_36.out:    Running contrast 1/336
deg_analysis.34982128_36.out:    Running contrast 51/336
deg_analysis.34982128_36.out:    Running contrast 101/336
deg_analysis.34982128_36.out:    Running contrast 151/336
deg_analysis.34982128_36.out:    Running contrast 201/336
deg_analysis.34982128_36.out:    Running contrast 251/336
deg_analysis.34982128_36.out:    Running contrast 301/336
deg_analysis.34982128_36.out:    Running contrast 336/336
deg_analysis.34982128_36.out:Contrasts are completed in 75.9 seconds
deg_analysis.34982128_36.out:
deg_analysis.34982128_36.out:    Writing:  ./data/novartis/deg_data/group_rep/full/qc_false/filter_min_cells_0/intermediate/CVCL_0042/CVCL_0042_batch_43_de.h5ad
deg_analysis.34982128_36.out:
deg_analysis.34982128_36.out:    Rewriting h5ad file: ./data/novartis/deg_data/group_rep/full/qc_false/filter_min_cells_0/intermediate/CVCL_0042/CVCL_0042_batch_43_de.h5ad
deg_analysis.34982128_36.out:    Removed X matrix
deg_analysis.34982128_36.out:    Rewriting h5ad file is done!
deg_analysis.34982128_36.out:✓ Cell line completed in 874.3 seconds
deg_analysis.34982128_36.out:
deg_analysis.34982128_36.out:DE analysis completed!
deg_analysis.34982128_36.out:
deg_analysis.34982128_36.out:Total runtime: 926.8 seconds
deg_analysis.34982129_37.out:
deg_analysis.34982129_37.out:DE analysis started...
deg_analysis.34982129_37.out:Loaded input file:  ./data/novartis/pseudobulk_processed/group_rep/by_celltype/CVCL_0042/CVCL_0042_processed_batch_44.h5ad
deg_analysis.34982129_37.out:Initial dimensions:  1320  samples ×  55023  genes
deg_analysis.34982129_37.out:Filter samples with the low number of cells
deg_analysis.34982129_37.out:    Filter threshold (min_cells):  0
deg_analysis.34982129_37.out:    Found  1320  samples with sentinel value (-666), keeping all
deg_analysis.34982129_37.out:    n_obs:  1320 -->  1320
deg_analysis.34982129_37.out:
deg_analysis.34982129_37.out:▶︎ Processing cell_type:  CVCL_0042
deg_analysis.34982129_37.out:    Filter controls by  pert_time_h  column
deg_analysis.34982129_37.out:        n_obs:  1320 -->  1320
deg_analysis.34982129_37.out:
deg_analysis.34982129_37.out:    Constructing design matrix...
deg_analysis.34982129_37.out:    Design matrix is constructed in 0.0 seconds
deg_analysis.34982129_37.out:    Design matrix dimensions: 1320 samples × 488 coefficients
deg_analysis.34982129_37.out:    Filtering genes and normalizing counts...
deg_analysis.34982129_37.out:    Genes are filtered and normalized in 13.0 seconds
deg_analysis.34982129_37.out:    Running voom...
deg_analysis.34982129_37.out:    Voom is completed in 9.0 seconds
deg_analysis.34982129_37.out:    Running lmFit...
deg_analysis.34982129_37.out:    LmFit is completed in 691.4 seconds
deg_analysis.34982129_37.out:DGE fit is completed in 716.6 seconds
deg_analysis.34982129_37.out:    Running contrasts...
deg_analysis.34982129_37.out:    Running contrast 1/332
deg_analysis.34982129_37.out:    Running contrast 51/332
deg_analysis.34982129_37.out:    Running contrast 101/332
deg_analysis.34982129_37.out:    Running contrast 151/332
deg_analysis.34982129_37.out:    Running contrast 201/332
deg_analysis.34982129_37.out:    Running contrast 251/332
deg_analysis.34982129_37.out:    Running contrast 301/332
deg_analysis.34982129_37.out:    Running contrast 332/332
deg_analysis.34982129_37.out:Contrasts are completed in 86.6 seconds
deg_analysis.34982129_37.out:
deg_analysis.34982129_37.out:    Writing:  ./data/novartis/deg_data/group_rep/full/qc_false/filter_min_cells_0/intermediate/CVCL_0042/CVCL_0042_batch_44_de.h5ad
deg_analysis.34982129_37.out:
deg_analysis.34982129_37.out:    Rewriting h5ad file: ./data/novartis/deg_data/group_rep/full/qc_false/filter_min_cells_0/intermediate/CVCL_0042/CVCL_0042_batch_44_de.h5ad
deg_analysis.34982129_37.out:    Removed X matrix
deg_analysis.34982129_37.out:    Rewriting h5ad file is done!
deg_analysis.34982129_37.out:✓ Cell line completed in 833.9 seconds
deg_analysis.34982129_37.out:
deg_analysis.34982129_37.out:DE analysis completed!
deg_analysis.34982129_37.out:
deg_analysis.34982129_37.out:Total runtime: 885.3 seconds
deg_analysis.34982274_38.out:
deg_analysis.34982274_38.out:DE analysis started...
deg_analysis.34982274_38.out:Loaded input file:  ./data/novartis/pseudobulk_processed/group_rep/by_celltype/CVCL_0042/CVCL_0042_processed_batch_45.h5ad
deg_analysis.34982274_38.out:Initial dimensions:  1320  samples ×  55023  genes
deg_analysis.34982274_38.out:Filter samples with the low number of cells
deg_analysis.34982274_38.out:    Filter threshold (min_cells):  0
deg_analysis.34982274_38.out:    Found  1320  samples with sentinel value (-666), keeping all
deg_analysis.34982274_38.out:    n_obs:  1320 -->  1320
deg_analysis.34982274_38.out:
deg_analysis.34982274_38.out:▶︎ Processing cell_type:  CVCL_0042
deg_analysis.34982274_38.out:    Filter controls by  pert_time_h  column
deg_analysis.34982274_38.out:        n_obs:  1320 -->  1320
deg_analysis.34982274_38.out:
deg_analysis.34982274_38.out:    Constructing design matrix...
deg_analysis.34982274_38.out:    Design matrix is constructed in 0.0 seconds
deg_analysis.34982274_38.out:    Design matrix dimensions: 1320 samples × 484 coefficients
deg_analysis.34982274_38.out:    Filtering genes and normalizing counts...
deg_analysis.34982274_38.out:    Genes are filtered and normalized in 15.8 seconds
deg_analysis.34982274_38.out:    Running voom...
deg_analysis.34982274_38.out:    Voom is completed in 10.7 seconds
deg_analysis.34982274_38.out:    Running lmFit...
deg_analysis.34982274_38.out:    LmFit is completed in 854.0 seconds
deg_analysis.34982274_38.out:DGE fit is completed in 883.9 seconds
deg_analysis.34982274_38.out:    Running contrasts...
deg_analysis.34982274_38.out:    Running contrast 1/328
deg_analysis.34982274_38.out:    Running contrast 51/328
deg_analysis.34982274_38.out:    Running contrast 101/328
deg_analysis.34982274_38.out:    Running contrast 151/328
deg_analysis.34982274_38.out:    Running contrast 201/328
deg_analysis.34982274_38.out:    Running contrast 251/328
deg_analysis.34982274_38.out:    Running contrast 301/328
deg_analysis.34982274_38.out:    Running contrast 328/328
deg_analysis.34982274_38.out:Contrasts are completed in 82.5 seconds
deg_analysis.34982274_38.out:
deg_analysis.34982274_38.out:    Writing:  ./data/novartis/deg_data/group_rep/full/qc_false/filter_min_cells_0/intermediate/CVCL_0042/CVCL_0042_batch_45_de.h5ad
deg_analysis.34982274_38.out:
deg_analysis.34982274_38.out:    Rewriting h5ad file: ./data/novartis/deg_data/group_rep/full/qc_false/filter_min_cells_0/intermediate/CVCL_0042/CVCL_0042_batch_45_de.h5ad
deg_analysis.34982274_38.out:    Removed X matrix
deg_analysis.34982274_38.out:    Rewriting h5ad file is done!
deg_analysis.34982274_38.out:✓ Cell line completed in 998.6 seconds
deg_analysis.34982274_38.out:
deg_analysis.34982274_38.out:DE analysis completed!
deg_analysis.34982274_38.out:
deg_analysis.34982274_38.out:Total runtime: 1066.2 seconds
deg_analysis.34982275_39.out:
deg_analysis.34982275_39.out:DE analysis started...
deg_analysis.34982275_39.out:Loaded input file:  ./data/novartis/pseudobulk_processed/group_rep/by_celltype/CVCL_0042/CVCL_0042_processed_batch_46.h5ad
deg_analysis.34982275_39.out:Initial dimensions:  1320  samples ×  55023  genes
deg_analysis.34982275_39.out:Filter samples with the low number of cells
deg_analysis.34982275_39.out:    Filter threshold (min_cells):  0
deg_analysis.34982275_39.out:    Found  1320  samples with sentinel value (-666), keeping all
deg_analysis.34982275_39.out:    n_obs:  1320 -->  1320
deg_analysis.34982275_39.out:
deg_analysis.34982275_39.out:▶︎ Processing cell_type:  CVCL_0042
deg_analysis.34982275_39.out:    Filter controls by  pert_time_h  column
deg_analysis.34982275_39.out:        n_obs:  1320 -->  1320
deg_analysis.34982275_39.out:
deg_analysis.34982275_39.out:    Constructing design matrix...
deg_analysis.34982275_39.out:    Design matrix is constructed in 0.0 seconds
deg_analysis.34982275_39.out:    Design matrix dimensions: 1320 samples × 492 coefficients
deg_analysis.34982275_39.out:    Filtering genes and normalizing counts...
deg_analysis.34982275_39.out:    Genes are filtered and normalized in 14.7 seconds
deg_analysis.34982275_39.out:    Running voom...
deg_analysis.34982275_39.out:    Voom is completed in 10.1 seconds
deg_analysis.34982275_39.out:    Running lmFit...
deg_analysis.34982275_39.out:    LmFit is completed in 827.6 seconds
deg_analysis.34982275_39.out:DGE fit is completed in 855.8 seconds
deg_analysis.34982275_39.out:    Running contrasts...
deg_analysis.34982275_39.out:    Running contrast 1/336
deg_analysis.34982275_39.out:    Running contrast 51/336
deg_analysis.34982275_39.out:    Running contrast 101/336
deg_analysis.34982275_39.out:    Running contrast 151/336
deg_analysis.34982275_39.out:    Running contrast 201/336
deg_analysis.34982275_39.out:    Running contrast 251/336
deg_analysis.34982275_39.out:    Running contrast 301/336
deg_analysis.34982275_39.out:    Running contrast 336/336
deg_analysis.34982275_39.out:Contrasts are completed in 81.3 seconds
deg_analysis.34982275_39.out:
deg_analysis.34982275_39.out:    Writing:  ./data/novartis/deg_data/group_rep/full/qc_false/filter_min_cells_0/intermediate/CVCL_0042/CVCL_0042_batch_46_de.h5ad
deg_analysis.34982275_39.out:
deg_analysis.34982275_39.out:    Rewriting h5ad file: ./data/novartis/deg_data/group_rep/full/qc_false/filter_min_cells_0/intermediate/CVCL_0042/CVCL_0042_batch_46_de.h5ad
deg_analysis.34982275_39.out:    Removed X matrix
deg_analysis.34982275_39.out:    Rewriting h5ad file is done!
deg_analysis.34982275_39.out:✓ Cell line completed in 968.9 seconds
deg_analysis.34982275_39.out:
deg_analysis.34982275_39.out:DE analysis completed!
deg_analysis.34982275_39.out:
deg_analysis.34982275_39.out:Total runtime: 1036.5 seconds
deg_analysis.34982349_40.out:
deg_analysis.34982349_40.out:DE analysis started...
deg_analysis.34982349_40.out:Loaded input file:  ./data/novartis/pseudobulk_processed/group_rep/by_celltype/CVCL_0042/CVCL_0042_processed_batch_47.h5ad
deg_analysis.34982349_40.out:Initial dimensions:  1320  samples ×  55023  genes
deg_analysis.34982349_40.out:Filter samples with the low number of cells
deg_analysis.34982349_40.out:    Filter threshold (min_cells):  0
deg_analysis.34982349_40.out:    Found  1320  samples with sentinel value (-666), keeping all
deg_analysis.34982349_40.out:    n_obs:  1320 -->  1320
deg_analysis.34982349_40.out:
deg_analysis.34982349_40.out:▶︎ Processing cell_type:  CVCL_0042
deg_analysis.34982349_40.out:    Filter controls by  pert_time_h  column
deg_analysis.34982349_40.out:        n_obs:  1320 -->  1320
deg_analysis.34982349_40.out:
deg_analysis.34982349_40.out:    Constructing design matrix...
deg_analysis.34982349_40.out:    Design matrix is constructed in 0.0 seconds
deg_analysis.34982349_40.out:    Design matrix dimensions: 1320 samples × 488 coefficients
deg_analysis.34982349_40.out:    Filtering genes and normalizing counts...
deg_analysis.34982349_40.out:    Genes are filtered and normalized in 12.9 seconds
deg_analysis.34982349_40.out:    Running voom...
deg_analysis.34982349_40.out:    Voom is completed in 9.8 seconds
deg_analysis.34982349_40.out:    Running lmFit...
deg_analysis.34982349_40.out:    LmFit is completed in 709.7 seconds
deg_analysis.34982349_40.out:DGE fit is completed in 735.4 seconds
deg_analysis.34982349_40.out:    Running contrasts...
deg_analysis.34982349_40.out:    Running contrast 1/332
deg_analysis.34982349_40.out:    Running contrast 51/332
deg_analysis.34982349_40.out:    Running contrast 101/332
deg_analysis.34982349_40.out:    Running contrast 151/332
deg_analysis.34982349_40.out:    Running contrast 201/332
deg_analysis.34982349_40.out:    Running contrast 251/332
deg_analysis.34982349_40.out:    Running contrast 301/332
deg_analysis.34982349_40.out:    Running contrast 332/332
deg_analysis.34982349_40.out:Contrasts are completed in 78.8 seconds
deg_analysis.34982349_40.out:
deg_analysis.34982349_40.out:    Writing:  ./data/novartis/deg_data/group_rep/full/qc_false/filter_min_cells_0/intermediate/CVCL_0042/CVCL_0042_batch_47_de.h5ad
deg_analysis.34982349_40.out:
deg_analysis.34982349_40.out:    Rewriting h5ad file: ./data/novartis/deg_data/group_rep/full/qc_false/filter_min_cells_0/intermediate/CVCL_0042/CVCL_0042_batch_47_de.h5ad
deg_analysis.34982349_40.out:    Removed X matrix
deg_analysis.34982349_40.out:    Rewriting h5ad file is done!
deg_analysis.34982349_40.out:✓ Cell line completed in 844.7 seconds
deg_analysis.34982349_40.out:
deg_analysis.34982349_40.out:DE analysis completed!
deg_analysis.34982349_40.out:
deg_analysis.34982349_40.out:Total runtime: 857.0 seconds
deg_analysis.34982381_41.out:
deg_analysis.34982381_41.out:DE analysis started...
deg_analysis.34982381_41.out:Loaded input file:  ./data/novartis/pseudobulk_processed/group_rep/by_celltype/CVCL_0042/CVCL_0042_processed_batch_48.h5ad
deg_analysis.34982381_41.out:Initial dimensions:  1320  samples ×  55023  genes
deg_analysis.34982381_41.out:Filter samples with the low number of cells
deg_analysis.34982381_41.out:    Filter threshold (min_cells):  0
deg_analysis.34982381_41.out:    Found  1320  samples with sentinel value (-666), keeping all
deg_analysis.34982381_41.out:    n_obs:  1320 -->  1320
deg_analysis.34982381_41.out:
deg_analysis.34982381_41.out:▶︎ Processing cell_type:  CVCL_0042
deg_analysis.34982381_41.out:    Filter controls by  pert_time_h  column
deg_analysis.34982381_41.out:        n_obs:  1320 -->  1320
deg_analysis.34982381_41.out:
deg_analysis.34982381_41.out:    Constructing design matrix...
deg_analysis.34982381_41.out:    Design matrix is constructed in 0.0 seconds
deg_analysis.34982381_41.out:    Design matrix dimensions: 1320 samples × 492 coefficients
deg_analysis.34982381_41.out:    Filtering genes and normalizing counts...
deg_analysis.34982381_41.out:    Genes are filtered and normalized in 13.7 seconds
deg_analysis.34982381_41.out:    Running voom...
deg_analysis.34982381_41.out:    Voom is completed in 9.3 seconds
deg_analysis.34982381_41.out:    Running lmFit...
deg_analysis.34982381_41.out:    LmFit is completed in 707.3 seconds
deg_analysis.34982381_41.out:DGE fit is completed in 733.6 seconds
deg_analysis.34982381_41.out:    Running contrasts...
deg_analysis.34982381_41.out:    Running contrast 1/336
deg_analysis.34982381_41.out:    Running contrast 51/336
deg_analysis.34982381_41.out:    Running contrast 101/336
deg_analysis.34982381_41.out:    Running contrast 151/336
deg_analysis.34982381_41.out:    Running contrast 201/336
deg_analysis.34982381_41.out:    Running contrast 251/336
deg_analysis.34982381_41.out:    Running contrast 301/336
deg_analysis.34982381_41.out:    Running contrast 336/336
deg_analysis.34982381_41.out:Contrasts are completed in 72.4 seconds
deg_analysis.34982381_41.out:
deg_analysis.34982381_41.out:    Writing:  ./data/novartis/deg_data/group_rep/full/qc_false/filter_min_cells_0/intermediate/CVCL_0042/CVCL_0042_batch_48_de.h5ad
deg_analysis.34982381_41.out:
deg_analysis.34982381_41.out:    Rewriting h5ad file: ./data/novartis/deg_data/group_rep/full/qc_false/filter_min_cells_0/intermediate/CVCL_0042/CVCL_0042_batch_48_de.h5ad
deg_analysis.34982381_41.out:    Removed X matrix
deg_analysis.34982381_41.out:    Rewriting h5ad file is done!
deg_analysis.34982381_41.out:✓ Cell line completed in 835.7 seconds
deg_analysis.34982381_41.out:
deg_analysis.34982381_41.out:DE analysis completed!
deg_analysis.34982381_41.out:
deg_analysis.34982381_41.out:Total runtime: 846.7 seconds
deg_analysis.34982382_42.out:
deg_analysis.34982382_42.out:DE analysis started...
deg_analysis.34982382_42.out:Loaded input file:  ./data/novartis/pseudobulk_processed/group_rep/by_celltype/CVCL_0042/CVCL_0042_processed_batch_49.h5ad
deg_analysis.34982382_42.out:Initial dimensions:  1320  samples ×  55023  genes
deg_analysis.34982382_42.out:Filter samples with the low number of cells
deg_analysis.34982382_42.out:    Filter threshold (min_cells):  0
deg_analysis.34982382_42.out:    Found  1320  samples with sentinel value (-666), keeping all
deg_analysis.34982382_42.out:    n_obs:  1320 -->  1320
deg_analysis.34982382_42.out:
deg_analysis.34982382_42.out:▶︎ Processing cell_type:  CVCL_0042
deg_analysis.34982382_42.out:    Filter controls by  pert_time_h  column
deg_analysis.34982382_42.out:        n_obs:  1320 -->  1320
deg_analysis.34982382_42.out:
deg_analysis.34982382_42.out:    Constructing design matrix...
deg_analysis.34982382_42.out:    Design matrix is constructed in 0.0 seconds
deg_analysis.34982382_42.out:    Design matrix dimensions: 1320 samples × 488 coefficients
deg_analysis.34982382_42.out:    Filtering genes and normalizing counts...
deg_analysis.34982382_42.out:    Genes are filtered and normalized in 13.4 seconds
deg_analysis.34982382_42.out:    Running voom...
deg_analysis.34982382_42.out:    Voom is completed in 8.9 seconds
deg_analysis.34982382_42.out:    Running lmFit...
deg_analysis.34982382_42.out:    LmFit is completed in 678.6 seconds
deg_analysis.34982382_42.out:DGE fit is completed in 704.1 seconds
deg_analysis.34982382_42.out:    Running contrasts...
deg_analysis.34982382_42.out:    Running contrast 1/332
deg_analysis.34982382_42.out:    Running contrast 51/332
deg_analysis.34982382_42.out:    Running contrast 101/332
deg_analysis.34982382_42.out:    Running contrast 151/332
deg_analysis.34982382_42.out:    Running contrast 201/332
deg_analysis.34982382_42.out:    Running contrast 251/332
deg_analysis.34982382_42.out:    Running contrast 301/332
deg_analysis.34982382_42.out:    Running contrast 332/332
deg_analysis.34982382_42.out:Contrasts are completed in 69.4 seconds
deg_analysis.34982382_42.out:
deg_analysis.34982382_42.out:    Writing:  ./data/novartis/deg_data/group_rep/full/qc_false/filter_min_cells_0/intermediate/CVCL_0042/CVCL_0042_batch_49_de.h5ad
deg_analysis.34982382_42.out:
deg_analysis.34982382_42.out:    Rewriting h5ad file: ./data/novartis/deg_data/group_rep/full/qc_false/filter_min_cells_0/intermediate/CVCL_0042/CVCL_0042_batch_49_de.h5ad
deg_analysis.34982382_42.out:    Removed X matrix
deg_analysis.34982382_42.out:    Rewriting h5ad file is done!
deg_analysis.34982382_42.out:✓ Cell line completed in 802.0 seconds
deg_analysis.34982382_42.out:
deg_analysis.34982382_42.out:DE analysis completed!
deg_analysis.34982382_42.out:
deg_analysis.34982382_42.out:Total runtime: 813.1 seconds
deg_analysis.34982383_43.out:
deg_analysis.34982383_43.out:DE analysis started...
deg_analysis.34982383_43.out:Loaded input file:  ./data/novartis/pseudobulk_processed/group_rep/by_celltype/CVCL_0042/CVCL_0042_processed_batch_4.h5ad
deg_analysis.34982383_43.out:Initial dimensions:  1320  samples ×  55023  genes
deg_analysis.34982383_43.out:Filter samples with the low number of cells
deg_analysis.34982383_43.out:    Filter threshold (min_cells):  0
deg_analysis.34982383_43.out:    Found  1320  samples with sentinel value (-666), keeping all
deg_analysis.34982383_43.out:    n_obs:  1320 -->  1320
deg_analysis.34982383_43.out:
deg_analysis.34982383_43.out:▶︎ Processing cell_type:  CVCL_0042
deg_analysis.34982383_43.out:    Filter controls by  pert_time_h  column
deg_analysis.34982383_43.out:        n_obs:  1320 -->  1320
deg_analysis.34982383_43.out:
deg_analysis.34982383_43.out:    Constructing design matrix...
deg_analysis.34982383_43.out:    Design matrix is constructed in 0.0 seconds
deg_analysis.34982383_43.out:    Design matrix dimensions: 1320 samples × 484 coefficients
deg_analysis.34982383_43.out:    Filtering genes and normalizing counts...
deg_analysis.34982383_43.out:    Genes are filtered and normalized in 13.5 seconds
deg_analysis.34982383_43.out:    Running voom...
deg_analysis.34982383_43.out:    Voom is completed in 8.7 seconds
deg_analysis.34982383_43.out:    Running lmFit...
deg_analysis.34982383_43.out:    LmFit is completed in 652.3 seconds
deg_analysis.34982383_43.out:DGE fit is completed in 677.6 seconds
deg_analysis.34982383_43.out:    Running contrasts...
deg_analysis.34982383_43.out:    Running contrast 1/328
deg_analysis.34982383_43.out:    Running contrast 51/328
deg_analysis.34982383_43.out:    Running contrast 101/328
deg_analysis.34982383_43.out:    Running contrast 151/328
deg_analysis.34982383_43.out:    Running contrast 201/328
deg_analysis.34982383_43.out:    Running contrast 251/328
deg_analysis.34982383_43.out:    Running contrast 301/328
deg_analysis.34982383_43.out:    Running contrast 328/328
deg_analysis.34982383_43.out:Contrasts are completed in 74.1 seconds
deg_analysis.34982383_43.out:
deg_analysis.34982383_43.out:    Writing:  ./data/novartis/deg_data/group_rep/full/qc_false/filter_min_cells_0/intermediate/CVCL_0042/CVCL_0042_batch_4_de.h5ad
deg_analysis.34982383_43.out:
deg_analysis.34982383_43.out:    Rewriting h5ad file: ./data/novartis/deg_data/group_rep/full/qc_false/filter_min_cells_0/intermediate/CVCL_0042/CVCL_0042_batch_4_de.h5ad
deg_analysis.34982383_43.out:    Removed X matrix
deg_analysis.34982383_43.out:    Rewriting h5ad file is done!
deg_analysis.34982383_43.out:✓ Cell line completed in 779.3 seconds
deg_analysis.34982383_43.out:
deg_analysis.34982383_43.out:DE analysis completed!
deg_analysis.34982383_43.out:
deg_analysis.34982383_43.out:Total runtime: 792.8 seconds
deg_analysis.34982384_44.out:
deg_analysis.34982384_44.out:DE analysis started...
deg_analysis.34982384_44.out:Loaded input file:  ./data/novartis/pseudobulk_processed/group_rep/by_celltype/CVCL_0042/CVCL_0042_processed_batch_50.h5ad
deg_analysis.34982384_44.out:Initial dimensions:  1320  samples ×  55023  genes
deg_analysis.34982384_44.out:Filter samples with the low number of cells
deg_analysis.34982384_44.out:    Filter threshold (min_cells):  0
deg_analysis.34982384_44.out:    Found  1320  samples with sentinel value (-666), keeping all
deg_analysis.34982384_44.out:    n_obs:  1320 -->  1320
deg_analysis.34982384_44.out:
deg_analysis.34982384_44.out:▶︎ Processing cell_type:  CVCL_0042
deg_analysis.34982384_44.out:    Filter controls by  pert_time_h  column
deg_analysis.34982384_44.out:        n_obs:  1320 -->  1320
deg_analysis.34982384_44.out:
deg_analysis.34982384_44.out:    Constructing design matrix...
deg_analysis.34982384_44.out:    Design matrix is constructed in 0.0 seconds
deg_analysis.34982384_44.out:    Design matrix dimensions: 1320 samples × 488 coefficients
deg_analysis.34982384_44.out:    Filtering genes and normalizing counts...
deg_analysis.34982384_44.out:    Genes are filtered and normalized in 12.9 seconds
deg_analysis.34982384_44.out:    Running voom...
deg_analysis.34982384_44.out:    Voom is completed in 9.4 seconds
deg_analysis.34982384_44.out:    Running lmFit...
deg_analysis.34982384_44.out:    LmFit is completed in 729.3 seconds
deg_analysis.34982384_44.out:DGE fit is completed in 754.8 seconds
deg_analysis.34982384_44.out:    Running contrasts...
deg_analysis.34982384_44.out:    Running contrast 1/332
deg_analysis.34982384_44.out:    Running contrast 51/332
deg_analysis.34982384_44.out:    Running contrast 101/332
deg_analysis.34982384_44.out:    Running contrast 151/332
deg_analysis.34982384_44.out:    Running contrast 201/332
deg_analysis.34982384_44.out:    Running contrast 251/332
deg_analysis.34982384_44.out:    Running contrast 301/332
deg_analysis.34982384_44.out:    Running contrast 332/332
deg_analysis.34982384_44.out:Contrasts are completed in 73.4 seconds
deg_analysis.34982384_44.out:
deg_analysis.34982384_44.out:    Writing:  ./data/novartis/deg_data/group_rep/full/qc_false/filter_min_cells_0/intermediate/CVCL_0042/CVCL_0042_batch_50_de.h5ad
deg_analysis.34982384_44.out:
deg_analysis.34982384_44.out:    Rewriting h5ad file: ./data/novartis/deg_data/group_rep/full/qc_false/filter_min_cells_0/intermediate/CVCL_0042/CVCL_0042_batch_50_de.h5ad
deg_analysis.34982384_44.out:    Removed X matrix
deg_analysis.34982384_44.out:    Rewriting h5ad file is done!
deg_analysis.34982384_44.out:✓ Cell line completed in 856.9 seconds
deg_analysis.34982384_44.out:
deg_analysis.34982384_44.out:DE analysis completed!
deg_analysis.34982384_44.out:
deg_analysis.34982384_44.out:Total runtime: 867.7 seconds
deg_analysis.34982385_45.out:
deg_analysis.34982385_45.out:DE analysis started...
deg_analysis.34982385_45.out:Loaded input file:  ./data/novartis/pseudobulk_processed/group_rep/by_celltype/CVCL_0042/CVCL_0042_processed_batch_51.h5ad
deg_analysis.34982385_45.out:Initial dimensions:  1320  samples ×  55023  genes
deg_analysis.34982385_45.out:Filter samples with the low number of cells
deg_analysis.34982385_45.out:    Filter threshold (min_cells):  0
deg_analysis.34982385_45.out:    Found  1320  samples with sentinel value (-666), keeping all
deg_analysis.34982385_45.out:    n_obs:  1320 -->  1320
deg_analysis.34982385_45.out:
deg_analysis.34982385_45.out:▶︎ Processing cell_type:  CVCL_0042
deg_analysis.34982385_45.out:    Filter controls by  pert_time_h  column
deg_analysis.34982385_45.out:        n_obs:  1320 -->  1320
deg_analysis.34982385_45.out:
deg_analysis.34982385_45.out:    Constructing design matrix...
deg_analysis.34982385_45.out:    Design matrix is constructed in 0.0 seconds
deg_analysis.34982385_45.out:    Design matrix dimensions: 1320 samples × 492 coefficients
deg_analysis.34982385_45.out:    Filtering genes and normalizing counts...
deg_analysis.34982385_45.out:    Genes are filtered and normalized in 13.8 seconds
deg_analysis.34982385_45.out:    Running voom...
deg_analysis.34982385_45.out:    Voom is completed in 9.4 seconds
deg_analysis.34982385_45.out:    Running lmFit...
deg_analysis.34982385_45.out:    LmFit is completed in 787.6 seconds
deg_analysis.34982385_45.out:DGE fit is completed in 814.1 seconds
deg_analysis.34982385_45.out:    Running contrasts...
deg_analysis.34982385_45.out:    Running contrast 1/336
deg_analysis.34982385_45.out:    Running contrast 51/336
deg_analysis.34982385_45.out:    Running contrast 101/336
deg_analysis.34982385_45.out:    Running contrast 151/336
deg_analysis.34982385_45.out:    Running contrast 201/336
deg_analysis.34982385_45.out:    Running contrast 251/336
deg_analysis.34982385_45.out:    Running contrast 301/336
deg_analysis.34982385_45.out:    Running contrast 336/336
deg_analysis.34982385_45.out:Contrasts are completed in 77.2 seconds
deg_analysis.34982385_45.out:
deg_analysis.34982385_45.out:    Writing:  ./data/novartis/deg_data/group_rep/full/qc_false/filter_min_cells_0/intermediate/CVCL_0042/CVCL_0042_batch_51_de.h5ad
deg_analysis.34982385_45.out:
deg_analysis.34982385_45.out:    Rewriting h5ad file: ./data/novartis/deg_data/group_rep/full/qc_false/filter_min_cells_0/intermediate/CVCL_0042/CVCL_0042_batch_51_de.h5ad
deg_analysis.34982385_45.out:    Removed X matrix
deg_analysis.34982385_45.out:    Rewriting h5ad file is done!
deg_analysis.34982385_45.out:✓ Cell line completed in 922.4 seconds
deg_analysis.34982385_45.out:
deg_analysis.34982385_45.out:DE analysis completed!
deg_analysis.34982385_45.out:
deg_analysis.34982385_45.out:Total runtime: 933.3 seconds
deg_analysis.34982386_46.out:
deg_analysis.34982386_46.out:DE analysis started...
deg_analysis.34982386_46.out:Loaded input file:  ./data/novartis/pseudobulk_processed/group_rep/by_celltype/CVCL_0042/CVCL_0042_processed_batch_52.h5ad
deg_analysis.34982386_46.out:Initial dimensions:  1320  samples ×  55023  genes
deg_analysis.34982386_46.out:Filter samples with the low number of cells
deg_analysis.34982386_46.out:    Filter threshold (min_cells):  0
deg_analysis.34982386_46.out:    Found  1320  samples with sentinel value (-666), keeping all
deg_analysis.34982386_46.out:    n_obs:  1320 -->  1320
deg_analysis.34982386_46.out:
deg_analysis.34982386_46.out:▶︎ Processing cell_type:  CVCL_0042
deg_analysis.34982386_46.out:    Filter controls by  pert_time_h  column
deg_analysis.34982386_46.out:        n_obs:  1320 -->  1320
deg_analysis.34982386_46.out:
deg_analysis.34982386_46.out:    Constructing design matrix...
deg_analysis.34982386_46.out:    Design matrix is constructed in 0.0 seconds
deg_analysis.34982386_46.out:    Design matrix dimensions: 1320 samples × 488 coefficients
deg_analysis.34982386_46.out:    Filtering genes and normalizing counts...
deg_analysis.34982386_46.out:    Genes are filtered and normalized in 15.7 seconds
deg_analysis.34982386_46.out:    Running voom...
deg_analysis.34982386_46.out:    Voom is completed in 9.6 seconds
deg_analysis.34982386_46.out:    Running lmFit...
deg_analysis.34982386_46.out:    LmFit is completed in 1156.9 seconds
deg_analysis.34982386_46.out:DGE fit is completed in 1185.6 seconds
deg_analysis.34982386_46.out:    Running contrasts...
deg_analysis.34982386_46.out:    Running contrast 1/332
deg_analysis.34982386_46.out:    Running contrast 51/332
deg_analysis.34982386_46.out:    Running contrast 101/332
deg_analysis.34982386_46.out:    Running contrast 151/332
deg_analysis.34982386_46.out:    Running contrast 201/332
deg_analysis.34982386_46.out:    Running contrast 251/332
deg_analysis.34982386_46.out:    Running contrast 301/332
deg_analysis.34982386_46.out:    Running contrast 332/332
deg_analysis.34982386_46.out:Contrasts are completed in 78.2 seconds
deg_analysis.34982386_46.out:
deg_analysis.34982386_46.out:    Writing:  ./data/novartis/deg_data/group_rep/full/qc_false/filter_min_cells_0/intermediate/CVCL_0042/CVCL_0042_batch_52_de.h5ad
deg_analysis.34982386_46.out:
deg_analysis.34982386_46.out:    Rewriting h5ad file: ./data/novartis/deg_data/group_rep/full/qc_false/filter_min_cells_0/intermediate/CVCL_0042/CVCL_0042_batch_52_de.h5ad
deg_analysis.34982386_46.out:    Removed X matrix
deg_analysis.34982386_46.out:    Rewriting h5ad file is done!
deg_analysis.34982386_46.out:✓ Cell line completed in 1292.9 seconds
deg_analysis.34982386_46.out:
deg_analysis.34982386_46.out:DE analysis completed!
deg_analysis.34982386_46.out:
deg_analysis.34982386_46.out:Total runtime: 1303.1 seconds
deg_analysis.34982387_47.out:
deg_analysis.34982387_47.out:DE analysis started...
deg_analysis.34982387_47.out:Loaded input file:  ./data/novartis/pseudobulk_processed/group_rep/by_celltype/CVCL_0042/CVCL_0042_processed_batch_53.h5ad
deg_analysis.34982387_47.out:Initial dimensions:  1320  samples ×  55023  genes
deg_analysis.34982387_47.out:Filter samples with the low number of cells
deg_analysis.34982387_47.out:    Filter threshold (min_cells):  0
deg_analysis.34982387_47.out:    Found  1320  samples with sentinel value (-666), keeping all
deg_analysis.34982387_47.out:    n_obs:  1320 -->  1320
deg_analysis.34982387_47.out:
deg_analysis.34982387_47.out:▶︎ Processing cell_type:  CVCL_0042
deg_analysis.34982387_47.out:    Filter controls by  pert_time_h  column
deg_analysis.34982387_47.out:        n_obs:  1320 -->  1320
deg_analysis.34982387_47.out:
deg_analysis.34982387_47.out:    Constructing design matrix...
deg_analysis.34982387_47.out:    Design matrix is constructed in 0.0 seconds
deg_analysis.34982387_47.out:    Design matrix dimensions: 1320 samples × 488 coefficients
deg_analysis.34982387_47.out:    Filtering genes and normalizing counts...
deg_analysis.34982387_47.out:    Genes are filtered and normalized in 15.6 seconds
deg_analysis.34982387_47.out:    Running voom...
deg_analysis.34982387_47.out:    Voom is completed in 10.0 seconds
deg_analysis.34982387_47.out:    Running lmFit...
deg_analysis.34982387_47.out:    LmFit is completed in 803.7 seconds
deg_analysis.34982387_47.out:DGE fit is completed in 832.9 seconds
deg_analysis.34982387_47.out:    Running contrasts...
deg_analysis.34982387_47.out:    Running contrast 1/332
deg_analysis.34982387_47.out:    Running contrast 51/332
deg_analysis.34982387_47.out:    Running contrast 101/332
deg_analysis.34982387_47.out:    Running contrast 151/332
deg_analysis.34982387_47.out:    Running contrast 201/332
deg_analysis.34982387_47.out:    Running contrast 251/332
deg_analysis.34982387_47.out:    Running contrast 301/332
deg_analysis.34982387_47.out:    Running contrast 332/332
deg_analysis.34982387_47.out:Contrasts are completed in 82.9 seconds
deg_analysis.34982387_47.out:
deg_analysis.34982387_47.out:    Writing:  ./data/novartis/deg_data/group_rep/full/qc_false/filter_min_cells_0/intermediate/CVCL_0042/CVCL_0042_batch_53_de.h5ad
deg_analysis.34982387_47.out:
deg_analysis.34982387_47.out:    Rewriting h5ad file: ./data/novartis/deg_data/group_rep/full/qc_false/filter_min_cells_0/intermediate/CVCL_0042/CVCL_0042_batch_53_de.h5ad
deg_analysis.34982387_47.out:    Removed X matrix
deg_analysis.34982387_47.out:    Rewriting h5ad file is done!
deg_analysis.34982387_47.out:✓ Cell line completed in 947.6 seconds
deg_analysis.34982387_47.out:
deg_analysis.34982387_47.out:DE analysis completed!
deg_analysis.34982387_47.out:
deg_analysis.34982387_47.out:Total runtime: 958.0 seconds
deg_analysis.34982388_48.out:
deg_analysis.34982388_48.out:DE analysis started...
deg_analysis.34982388_48.out:Loaded input file:  ./data/novartis/pseudobulk_processed/group_rep/by_celltype/CVCL_0042/CVCL_0042_processed_batch_5.h5ad
deg_analysis.34982388_48.out:Initial dimensions:  1320  samples ×  55023  genes
deg_analysis.34982388_48.out:Filter samples with the low number of cells
deg_analysis.34982388_48.out:    Filter threshold (min_cells):  0
deg_analysis.34982388_48.out:    Found  1320  samples with sentinel value (-666), keeping all
deg_analysis.34982388_48.out:    n_obs:  1320 -->  1320
deg_analysis.34982388_48.out:
deg_analysis.34982388_48.out:▶︎ Processing cell_type:  CVCL_0042
deg_analysis.34982388_48.out:    Filter controls by  pert_time_h  column
deg_analysis.34982388_48.out:        n_obs:  1320 -->  1320
deg_analysis.34982388_48.out:
deg_analysis.34982388_48.out:    Constructing design matrix...
deg_analysis.34982388_48.out:    Design matrix is constructed in 0.0 seconds
deg_analysis.34982388_48.out:    Design matrix dimensions: 1320 samples × 492 coefficients
deg_analysis.34982388_48.out:    Filtering genes and normalizing counts...
deg_analysis.34982388_48.out:    Genes are filtered and normalized in 13.6 seconds
deg_analysis.34982388_48.out:    Running voom...
deg_analysis.34982388_48.out:    Voom is completed in 9.2 seconds
deg_analysis.34982388_48.out:    Running lmFit...
deg_analysis.34982388_48.out:    LmFit is completed in 760.7 seconds
deg_analysis.34982388_48.out:DGE fit is completed in 786.8 seconds
deg_analysis.34982388_48.out:    Running contrasts...
deg_analysis.34982388_48.out:    Running contrast 1/336
deg_analysis.34982388_48.out:    Running contrast 51/336
deg_analysis.34982388_48.out:    Running contrast 101/336
deg_analysis.34982388_48.out:    Running contrast 151/336
deg_analysis.34982388_48.out:    Running contrast 201/336
deg_analysis.34982388_48.out:    Running contrast 251/336
deg_analysis.34982388_48.out:    Running contrast 301/336
deg_analysis.34982388_48.out:    Running contrast 336/336
deg_analysis.34982388_48.out:Contrasts are completed in 80.6 seconds
deg_analysis.34982388_48.out:
deg_analysis.34982388_48.out:    Writing:  ./data/novartis/deg_data/group_rep/full/qc_false/filter_min_cells_0/intermediate/CVCL_0042/CVCL_0042_batch_5_de.h5ad
deg_analysis.34982388_48.out:
deg_analysis.34982388_48.out:    Rewriting h5ad file: ./data/novartis/deg_data/group_rep/full/qc_false/filter_min_cells_0/intermediate/CVCL_0042/CVCL_0042_batch_5_de.h5ad
deg_analysis.34982388_48.out:    Removed X matrix
deg_analysis.34982388_48.out:    Rewriting h5ad file is done!
deg_analysis.34982388_48.out:✓ Cell line completed in 897.9 seconds
deg_analysis.34982388_48.out:
deg_analysis.34982388_48.out:DE analysis completed!
deg_analysis.34982388_48.out:
deg_analysis.34982388_48.out:Total runtime: 911.6 seconds
deg_analysis.34982389_49.out:
deg_analysis.34982389_49.out:DE analysis started...
deg_analysis.34982389_49.out:Loaded input file:  ./data/novartis/pseudobulk_processed/group_rep/by_celltype/CVCL_0042/CVCL_0042_processed_batch_6.h5ad
deg_analysis.34982389_49.out:Initial dimensions:  1320  samples ×  55023  genes
deg_analysis.34982389_49.out:Filter samples with the low number of cells
deg_analysis.34982389_49.out:    Filter threshold (min_cells):  0
deg_analysis.34982389_49.out:    Found  1320  samples with sentinel value (-666), keeping all
deg_analysis.34982389_49.out:    n_obs:  1320 -->  1320
deg_analysis.34982389_49.out:
deg_analysis.34982389_49.out:▶︎ Processing cell_type:  CVCL_0042
deg_analysis.34982389_49.out:    Filter controls by  pert_time_h  column
deg_analysis.34982389_49.out:        n_obs:  1320 -->  1320
deg_analysis.34982389_49.out:
deg_analysis.34982389_49.out:    Constructing design matrix...
deg_analysis.34982389_49.out:    Design matrix is constructed in 0.0 seconds
deg_analysis.34982389_49.out:    Design matrix dimensions: 1320 samples × 492 coefficients
deg_analysis.34982389_49.out:    Filtering genes and normalizing counts...
deg_analysis.34982389_49.out:    Genes are filtered and normalized in 13.8 seconds
deg_analysis.34982389_49.out:    Running voom...
deg_analysis.34982389_49.out:    Voom is completed in 9.8 seconds
deg_analysis.34982389_49.out:    Running lmFit...
deg_analysis.34982389_49.out:    LmFit is completed in 783.6 seconds
deg_analysis.34982389_49.out:DGE fit is completed in 810.4 seconds
deg_analysis.34982389_49.out:    Running contrasts...
deg_analysis.34982389_49.out:    Running contrast 1/336
deg_analysis.34982389_49.out:    Running contrast 51/336
deg_analysis.34982389_49.out:    Running contrast 101/336
deg_analysis.34982389_49.out:    Running contrast 151/336
deg_analysis.34982389_49.out:    Running contrast 201/336
deg_analysis.34982389_49.out:    Running contrast 251/336
deg_analysis.34982389_49.out:    Running contrast 301/336
deg_analysis.34982389_49.out:    Running contrast 336/336
deg_analysis.34982389_49.out:Contrasts are completed in 84.6 seconds
deg_analysis.34982389_49.out:
deg_analysis.34982389_49.out:    Writing:  ./data/novartis/deg_data/group_rep/full/qc_false/filter_min_cells_0/intermediate/CVCL_0042/CVCL_0042_batch_6_de.h5ad
deg_analysis.34982389_49.out:
deg_analysis.34982389_49.out:    Rewriting h5ad file: ./data/novartis/deg_data/group_rep/full/qc_false/filter_min_cells_0/intermediate/CVCL_0042/CVCL_0042_batch_6_de.h5ad
deg_analysis.34982389_49.out:    Removed X matrix
deg_analysis.34982389_49.out:    Rewriting h5ad file is done!
deg_analysis.34982389_49.out:✓ Cell line completed in 927.7 seconds
deg_analysis.34982389_49.out:
deg_analysis.34982389_49.out:DE analysis completed!
deg_analysis.34982389_49.out:
deg_analysis.34982389_49.out:Total runtime: 941.3 seconds
deg_analysis.34982390_50.out:
deg_analysis.34982390_50.out:DE analysis started...
deg_analysis.34982390_50.out:Loaded input file:  ./data/novartis/pseudobulk_processed/group_rep/by_celltype/CVCL_0042/CVCL_0042_processed_batch_7.h5ad
deg_analysis.34982390_50.out:Initial dimensions:  1320  samples ×  55023  genes
deg_analysis.34982390_50.out:Filter samples with the low number of cells
deg_analysis.34982390_50.out:    Filter threshold (min_cells):  0
deg_analysis.34982390_50.out:    Found  1320  samples with sentinel value (-666), keeping all
deg_analysis.34982390_50.out:    n_obs:  1320 -->  1320
deg_analysis.34982390_50.out:
deg_analysis.34982390_50.out:▶︎ Processing cell_type:  CVCL_0042
deg_analysis.34982390_50.out:    Filter controls by  pert_time_h  column
deg_analysis.34982390_50.out:        n_obs:  1320 -->  1320
deg_analysis.34982390_50.out:
deg_analysis.34982390_50.out:    Constructing design matrix...
deg_analysis.34982390_50.out:    Design matrix is constructed in 0.0 seconds
deg_analysis.34982390_50.out:    Design matrix dimensions: 1320 samples × 488 coefficients
deg_analysis.34982390_50.out:    Filtering genes and normalizing counts...
deg_analysis.34982390_50.out:    Genes are filtered and normalized in 13.7 seconds
deg_analysis.34982390_50.out:    Running voom...
deg_analysis.34982390_50.out:    Voom is completed in 9.0 seconds
deg_analysis.34982390_50.out:    Running lmFit...
deg_analysis.34982390_50.out:    LmFit is completed in 731.4 seconds
deg_analysis.34982390_50.out:DGE fit is completed in 757.4 seconds
deg_analysis.34982390_50.out:    Running contrasts...
deg_analysis.34982390_50.out:    Running contrast 1/332
deg_analysis.34982390_50.out:    Running contrast 51/332
deg_analysis.34982390_50.out:    Running contrast 101/332
deg_analysis.34982390_50.out:    Running contrast 151/332
deg_analysis.34982390_50.out:    Running contrast 201/332
deg_analysis.34982390_50.out:    Running contrast 251/332
deg_analysis.34982390_50.out:    Running contrast 301/332
deg_analysis.34982390_50.out:    Running contrast 332/332
deg_analysis.34982390_50.out:Contrasts are completed in 81.1 seconds
deg_analysis.34982390_50.out:
deg_analysis.34982390_50.out:    Writing:  ./data/novartis/deg_data/group_rep/full/qc_false/filter_min_cells_0/intermediate/CVCL_0042/CVCL_0042_batch_7_de.h5ad
deg_analysis.34982390_50.out:
deg_analysis.34982390_50.out:    Rewriting h5ad file: ./data/novartis/deg_data/group_rep/full/qc_false/filter_min_cells_0/intermediate/CVCL_0042/CVCL_0042_batch_7_de.h5ad
deg_analysis.34982390_50.out:    Removed X matrix
deg_analysis.34982390_50.out:    Rewriting h5ad file is done!
deg_analysis.34982390_50.out:✓ Cell line completed in 869.9 seconds
deg_analysis.34982390_50.out:
deg_analysis.34982390_50.out:DE analysis completed!
deg_analysis.34982390_50.out:
deg_analysis.34982390_50.out:Total runtime: 883.9 seconds
deg_analysis.34982424_51.out:
deg_analysis.34982424_51.out:DE analysis started...
deg_analysis.34982424_51.out:Loaded input file:  ./data/novartis/pseudobulk_processed/group_rep/by_celltype/CVCL_0042/CVCL_0042_processed_batch_8.h5ad
deg_analysis.34982424_51.out:Initial dimensions:  1320  samples ×  55023  genes
deg_analysis.34982424_51.out:Filter samples with the low number of cells
deg_analysis.34982424_51.out:    Filter threshold (min_cells):  0
deg_analysis.34982424_51.out:    Found  1320  samples with sentinel value (-666), keeping all
deg_analysis.34982424_51.out:    n_obs:  1320 -->  1320
deg_analysis.34982424_51.out:
deg_analysis.34982424_51.out:▶︎ Processing cell_type:  CVCL_0042
deg_analysis.34982424_51.out:    Filter controls by  pert_time_h  column
deg_analysis.34982424_51.out:        n_obs:  1320 -->  1320
deg_analysis.34982424_51.out:
deg_analysis.34982424_51.out:    Constructing design matrix...
deg_analysis.34982424_51.out:    Design matrix is constructed in 0.0 seconds
deg_analysis.34982424_51.out:    Design matrix dimensions: 1320 samples × 488 coefficients
deg_analysis.34982424_51.out:    Filtering genes and normalizing counts...
deg_analysis.34982424_51.out:    Genes are filtered and normalized in 14.8 seconds
deg_analysis.34982424_51.out:    Running voom...
deg_analysis.34982424_51.out:    Voom is completed in 10.8 seconds
deg_analysis.34982424_51.out:    Running lmFit...
deg_analysis.34982424_51.out:    LmFit is completed in 787.5 seconds
deg_analysis.34982424_51.out:DGE fit is completed in 816.5 seconds
deg_analysis.34982424_51.out:    Running contrasts...
deg_analysis.34982424_51.out:    Running contrast 1/332
deg_analysis.34982424_51.out:    Running contrast 51/332
deg_analysis.34982424_51.out:    Running contrast 101/332
deg_analysis.34982424_51.out:    Running contrast 151/332
deg_analysis.34982424_51.out:    Running contrast 201/332
deg_analysis.34982424_51.out:    Running contrast 251/332
deg_analysis.34982424_51.out:    Running contrast 301/332
deg_analysis.34982424_51.out:    Running contrast 332/332
deg_analysis.34982424_51.out:Contrasts are completed in 79.9 seconds
deg_analysis.34982424_51.out:
deg_analysis.34982424_51.out:    Writing:  ./data/novartis/deg_data/group_rep/full/qc_false/filter_min_cells_0/intermediate/CVCL_0042/CVCL_0042_batch_8_de.h5ad
deg_analysis.34982424_51.out:
deg_analysis.34982424_51.out:    Rewriting h5ad file: ./data/novartis/deg_data/group_rep/full/qc_false/filter_min_cells_0/intermediate/CVCL_0042/CVCL_0042_batch_8_de.h5ad
deg_analysis.34982424_51.out:    Removed X matrix
deg_analysis.34982424_51.out:    Rewriting h5ad file is done!
deg_analysis.34982424_51.out:✓ Cell line completed in 928.5 seconds
deg_analysis.34982424_51.out:
deg_analysis.34982424_51.out:DE analysis completed!
deg_analysis.34982424_51.out:
deg_analysis.34982424_51.out:Total runtime: 942.0 seconds
deg_analysis.34982089_52.out:
deg_analysis.34982089_52.out:DE analysis started...
deg_analysis.34982089_52.out:Loaded input file:  ./data/novartis/pseudobulk_processed/group_rep/by_celltype/CVCL_0042/CVCL_0042_processed_batch_9.h5ad
deg_analysis.34982089_52.out:Initial dimensions:  1320  samples ×  55023  genes
deg_analysis.34982089_52.out:Filter samples with the low number of cells
deg_analysis.34982089_52.out:    Filter threshold (min_cells):  0
deg_analysis.34982089_52.out:    Found  1320  samples with sentinel value (-666), keeping all
deg_analysis.34982089_52.out:    n_obs:  1320 -->  1320
deg_analysis.34982089_52.out:
deg_analysis.34982089_52.out:▶︎ Processing cell_type:  CVCL_0042
deg_analysis.34982089_52.out:    Filter controls by  pert_time_h  column
deg_analysis.34982089_52.out:        n_obs:  1320 -->  1320
deg_analysis.34982089_52.out:
deg_analysis.34982089_52.out:    Constructing design matrix...
deg_analysis.34982089_52.out:    Design matrix is constructed in 0.0 seconds
deg_analysis.34982089_52.out:    Design matrix dimensions: 1320 samples × 488 coefficients
deg_analysis.34982089_52.out:    Filtering genes and normalizing counts...
deg_analysis.34982089_52.out:    Genes are filtered and normalized in 13.4 seconds
deg_analysis.34982089_52.out:    Running voom...
deg_analysis.34982089_52.out:    Voom is completed in 9.1 seconds
deg_analysis.34982089_52.out:    Running lmFit...
deg_analysis.34982089_52.out:    LmFit is completed in 693.1 seconds
deg_analysis.34982089_52.out:DGE fit is completed in 718.5 seconds
deg_analysis.34982089_52.out:    Running contrasts...
deg_analysis.34982089_52.out:    Running contrast 1/332
deg_analysis.34982089_52.out:    Running contrast 51/332
deg_analysis.34982089_52.out:    Running contrast 101/332
deg_analysis.34982089_52.out:    Running contrast 151/332
deg_analysis.34982089_52.out:    Running contrast 201/332
deg_analysis.34982089_52.out:    Running contrast 251/332
deg_analysis.34982089_52.out:    Running contrast 301/332
deg_analysis.34982089_52.out:    Running contrast 332/332
deg_analysis.34982089_52.out:Contrasts are completed in 69.8 seconds
deg_analysis.34982089_52.out:
deg_analysis.34982089_52.out:    Writing:  ./data/novartis/deg_data/group_rep/full/qc_false/filter_min_cells_0/intermediate/CVCL_0042/CVCL_0042_batch_9_de.h5ad
deg_analysis.34982089_52.out:
deg_analysis.34982089_52.out:    Rewriting h5ad file: ./data/novartis/deg_data/group_rep/full/qc_false/filter_min_cells_0/intermediate/CVCL_0042/CVCL_0042_batch_9_de.h5ad
deg_analysis.34982089_52.out:    Removed X matrix
deg_analysis.34982089_52.out:    Rewriting h5ad file is done!
deg_analysis.34982089_52.out:✓ Cell line completed in 816.3 seconds
deg_analysis.34982089_52.out:
deg_analysis.34982089_52.out:DE analysis completed!
deg_analysis.34982089_52.out:
deg_analysis.34982089_52.out:Total runtime: 827.5 seconds
deg_aggregation.34982841.out:2026-04-02 14:11:43 | [INFO] Found 1 cell type(s) to aggregate
deg_aggregation.34982841.out:2026-04-02 14:11:43 | [INFO] Aggregating 53 batch files for CVCL_0042
deg_aggregation.34982841.out:2026-04-02 14:11:43 | [INFO]   Reading: CVCL_0042_batch_1_de.h5ad
deg_aggregation.34982841.out:2026-04-02 14:11:46 | [INFO]   Reading: CVCL_0042_batch_2_de.h5ad
deg_aggregation.34982841.out:2026-04-02 14:11:49 | [INFO]   Reading: CVCL_0042_batch_3_de.h5ad
deg_aggregation.34982841.out:2026-04-02 14:11:52 | [INFO]   Reading: CVCL_0042_batch_4_de.h5ad
deg_aggregation.34982841.out:2026-04-02 14:11:55 | [INFO]   Reading: CVCL_0042_batch_5_de.h5ad
deg_aggregation.34982841.out:2026-04-02 14:11:58 | [INFO]   Reading: CVCL_0042_batch_6_de.h5ad
deg_aggregation.34982841.out:2026-04-02 14:12:01 | [INFO]   Reading: CVCL_0042_batch_7_de.h5ad
deg_aggregation.34982841.out:2026-04-02 14:12:04 | [INFO]   Reading: CVCL_0042_batch_8_de.h5ad
deg_aggregation.34982841.out:2026-04-02 14:12:07 | [INFO]   Reading: CVCL_0042_batch_9_de.h5ad
deg_aggregation.34982841.out:2026-04-02 14:12:10 | [INFO]   Reading: CVCL_0042_batch_10_de.h5ad
deg_aggregation.34982841.out:2026-04-02 14:12:12 | [INFO]   Reading: CVCL_0042_batch_11_de.h5ad
deg_aggregation.34982841.out:2026-04-02 14:12:15 | [INFO]   Reading: CVCL_0042_batch_12_de.h5ad
deg_aggregation.34982841.out:2026-04-02 14:12:18 | [INFO]   Reading: CVCL_0042_batch_13_de.h5ad
deg_aggregation.34982841.out:2026-04-02 14:12:21 | [INFO]   Reading: CVCL_0042_batch_14_de.h5ad
deg_aggregation.34982841.out:2026-04-02 14:12:24 | [INFO]   Reading: CVCL_0042_batch_15_de.h5ad
deg_aggregation.34982841.out:2026-04-02 14:12:26 | [INFO]   Reading: CVCL_0042_batch_16_de.h5ad
deg_aggregation.34982841.out:2026-04-02 14:12:29 | [INFO]   Reading: CVCL_0042_batch_17_de.h5ad
deg_aggregation.34982841.out:2026-04-02 14:12:32 | [INFO]   Reading: CVCL_0042_batch_18_de.h5ad
deg_aggregation.34982841.out:2026-04-02 14:12:35 | [INFO]   Reading: CVCL_0042_batch_19_de.h5ad
deg_aggregation.34982841.out:2026-04-02 14:12:38 | [INFO]   Reading: CVCL_0042_batch_20_de.h5ad
deg_aggregation.34982841.out:2026-04-02 14:12:41 | [INFO]   Reading: CVCL_0042_batch_21_de.h5ad
deg_aggregation.34982841.out:2026-04-02 14:12:44 | [INFO]   Reading: CVCL_0042_batch_22_de.h5ad
deg_aggregation.34982841.out:2026-04-02 14:12:47 | [INFO]   Reading: CVCL_0042_batch_23_de.h5ad
deg_aggregation.34982841.out:2026-04-02 14:12:50 | [INFO]   Reading: CVCL_0042_batch_24_de.h5ad
deg_aggregation.34982841.out:2026-04-02 14:12:52 | [INFO]   Reading: CVCL_0042_batch_25_de.h5ad
deg_aggregation.34982841.out:2026-04-02 14:12:55 | [INFO]   Reading: CVCL_0042_batch_26_de.h5ad
deg_aggregation.34982841.out:2026-04-02 14:12:58 | [INFO]   Reading: CVCL_0042_batch_27_de.h5ad
deg_aggregation.34982841.out:2026-04-02 14:13:00 | [INFO]   Reading: CVCL_0042_batch_28_de.h5ad
deg_aggregation.34982841.out:2026-04-02 14:13:03 | [INFO]   Reading: CVCL_0042_batch_29_de.h5ad
deg_aggregation.34982841.out:2026-04-02 14:13:05 | [INFO]   Reading: CVCL_0042_batch_30_de.h5ad
deg_aggregation.34982841.out:2026-04-02 14:13:08 | [INFO]   Reading: CVCL_0042_batch_31_de.h5ad
deg_aggregation.34982841.out:2026-04-02 14:13:11 | [INFO]   Reading: CVCL_0042_batch_32_de.h5ad
deg_aggregation.34982841.out:2026-04-02 14:13:14 | [INFO]   Reading: CVCL_0042_batch_33_de.h5ad
deg_aggregation.34982841.out:2026-04-02 14:13:17 | [INFO]   Reading: CVCL_0042_batch_34_de.h5ad
deg_aggregation.34982841.out:2026-04-02 14:13:20 | [INFO]   Reading: CVCL_0042_batch_35_de.h5ad
deg_aggregation.34982841.out:2026-04-02 14:13:23 | [INFO]   Reading: CVCL_0042_batch_36_de.h5ad
deg_aggregation.34982841.out:2026-04-02 14:13:26 | [INFO]   Reading: CVCL_0042_batch_37_de.h5ad
deg_aggregation.34982841.out:2026-04-02 14:13:29 | [INFO]   Reading: CVCL_0042_batch_38_de.h5ad
deg_aggregation.34982841.out:2026-04-02 14:13:32 | [INFO]   Reading: CVCL_0042_batch_39_de.h5ad
deg_aggregation.34982841.out:2026-04-02 14:13:34 | [INFO]   Reading: CVCL_0042_batch_40_de.h5ad
deg_aggregation.34982841.out:2026-04-02 14:13:37 | [INFO]   Reading: CVCL_0042_batch_41_de.h5ad
deg_aggregation.34982841.out:2026-04-02 14:13:40 | [INFO]   Reading: CVCL_0042_batch_42_de.h5ad
deg_aggregation.34982841.out:2026-04-02 14:13:43 | [INFO]   Reading: CVCL_0042_batch_43_de.h5ad
deg_aggregation.34982841.out:2026-04-02 14:13:46 | [INFO]   Reading: CVCL_0042_batch_44_de.h5ad
deg_aggregation.34982841.out:2026-04-02 14:13:49 | [INFO]   Reading: CVCL_0042_batch_45_de.h5ad
deg_aggregation.34982841.out:2026-04-02 14:13:52 | [INFO]   Reading: CVCL_0042_batch_46_de.h5ad
deg_aggregation.34982841.out:2026-04-02 14:13:55 | [INFO]   Reading: CVCL_0042_batch_47_de.h5ad
deg_aggregation.34982841.out:2026-04-02 14:13:58 | [INFO]   Reading: CVCL_0042_batch_48_de.h5ad
deg_aggregation.34982841.out:2026-04-02 14:14:01 | [INFO]   Reading: CVCL_0042_batch_49_de.h5ad
deg_aggregation.34982841.out:2026-04-02 14:14:04 | [INFO]   Reading: CVCL_0042_batch_50_de.h5ad
deg_aggregation.34982841.out:2026-04-02 14:14:07 | [INFO]   Reading: CVCL_0042_batch_51_de.h5ad
deg_aggregation.34982841.out:2026-04-02 14:14:09 | [INFO]   Reading: CVCL_0042_batch_52_de.h5ad
deg_aggregation.34982841.out:2026-04-02 14:14:12 | [INFO]   Reading: CVCL_0042_batch_53_de.h5ad
deg_aggregation.34982841.out:2026-04-02 14:14:15 | [INFO]   Concatenating 53 batches...
deg_aggregation.34982841.out:2026-04-02 14:14:37 | [INFO]   Batch column added with 53
deg_aggregation.34982841.out:2026-04-02 14:23:56 | [INFO]     Rewriting h5ad file: ./data/novartis/deg_data/group_rep/full/qc_false/filter_min_cells_0/results/CVCL_0042_de.h5ad
deg_aggregation.34982841.out:2026-04-02 14:23:56 | [INFO]     Removed X matrix
deg_aggregation.34982841.out:2026-04-02 14:23:56 | [INFO]     Rewriting h5ad file is done!
deg_aggregation.34982841.out:2026-04-02 14:23:56 | [INFO]   Saved aggregated file: ./data/novartis/deg_data/group_rep/full/qc_false/filter_min_cells_0/results/CVCL_0042_de.h5ad (17596 obs, 14431 vars)
deg_aggregation.34982841.out:2026-04-02 14:23:56 | [INFO] Aggregation completed
deg_aggregation.34982841.err:/ictstr01/home/icb/olga.novitskaia/venv/lib/python3.12/site-packages/anndata/_core/anndata.py:1774: UserWarning: Observation names are not unique. To make them unique, call `.obs_names_make_unique`.
deg_aggregation.34982841.err:  utils.warn_names_duplicates("obs")
