deg_tahoe.out:> Do not filter samples that did not pass quality control
deg_tahoe.out:> Work with a full version
deg_tahoe.out:> Mode: PARALLEL (array jobs per cell type)
deg_tahoe.out:> Using config: ./pipelines/tahoe/configs/deg/config.json
deg_tahoe.out:> Preprocess pseudobulk with a group_all_replicates parameter
deg_tahoe.out:> Running preprocessing pseudobulk
deg_tahoe.out:Submitted batch job 31124291
deg_tahoe.out:> Preprocessing pseudobulk is done
deg_tahoe.out:> Starting DGE analysis with a group_all_replicates parameter
deg_tahoe.out:  Found 50 files to process
deg_tahoe.out:  Submitting array job [50 jobs, max 10 concurrent]...
deg_tahoe.out:Submitted batch job 31124753
deg_tahoe.out:> DGE analysis is done
deg_tahoe.out:> DGE pipeline is finished
deg_processing_pseudobulk.31124291.out:2025-11-07 21:49:42 | [INFO] Read pseudobulk file
deg_processing_pseudobulk.31124291.out:2025-11-07 21:51:50 | [INFO] Add perturbation label
deg_processing_pseudobulk.31124291.out:2025-11-07 21:51:51 | [INFO] Save data
deg_processing_pseudobulk.31124291.out:2025-11-07 22:04:42 | [INFO] Splitting into 50 cell types
deg_processing_pseudobulk.31124291.out:2025-11-07 22:04:58 | [INFO]   Saved: CVCL_0023 (1342 obs)
deg_processing_pseudobulk.31124291.out:2025-11-07 22:05:10 | [INFO]   Saved: CVCL_0028 (1339 obs)
deg_processing_pseudobulk.31124291.out:2025-11-07 22:05:26 | [INFO]   Saved: CVCL_0069 (1339 obs)
deg_processing_pseudobulk.31124291.out:2025-11-07 22:05:39 | [INFO]   Saved: CVCL_0099 (1340 obs)
deg_processing_pseudobulk.31124291.out:2025-11-07 22:05:56 | [INFO]   Saved: CVCL_0131 (1338 obs)
deg_processing_pseudobulk.31124291.out:2025-11-07 22:06:11 | [INFO]   Saved: CVCL_0152 (1341 obs)
deg_processing_pseudobulk.31124291.out:2025-11-07 22:06:26 | [INFO]   Saved: CVCL_0179 (1338 obs)
deg_processing_pseudobulk.31124291.out:2025-11-07 22:06:40 | [INFO]   Saved: CVCL_0218 (1343 obs)
deg_processing_pseudobulk.31124291.out:2025-11-07 22:06:54 | [INFO]   Saved: CVCL_0292 (1343 obs)
deg_processing_pseudobulk.31124291.out:2025-11-07 22:07:12 | [INFO]   Saved: CVCL_0293 (1342 obs)
deg_processing_pseudobulk.31124291.out:2025-11-07 22:07:28 | [INFO]   Saved: CVCL_0320 (1342 obs)
deg_processing_pseudobulk.31124291.out:2025-11-07 22:07:45 | [INFO]   Saved: CVCL_0332 (1342 obs)
deg_processing_pseudobulk.31124291.out:2025-11-07 22:08:00 | [INFO]   Saved: CVCL_0334 (1340 obs)
deg_processing_pseudobulk.31124291.out:2025-11-07 22:08:17 | [INFO]   Saved: CVCL_0359 (1342 obs)
deg_processing_pseudobulk.31124291.out:2025-11-07 22:08:32 | [INFO]   Saved: CVCL_0366 (1344 obs)
deg_processing_pseudobulk.31124291.out:2025-11-07 22:08:49 | [INFO]   Saved: CVCL_0371 (1340 obs)
deg_processing_pseudobulk.31124291.out:2025-11-07 22:09:05 | [INFO]   Saved: CVCL_0397 (1342 obs)
deg_processing_pseudobulk.31124291.out:2025-11-07 22:09:23 | [INFO]   Saved: CVCL_0399 (1343 obs)
deg_processing_pseudobulk.31124291.out:2025-11-07 22:09:39 | [INFO]   Saved: CVCL_0428 (1337 obs)
deg_processing_pseudobulk.31124291.out:2025-11-07 22:09:58 | [INFO]   Saved: CVCL_0459 (1344 obs)
deg_processing_pseudobulk.31124291.out:2025-11-07 22:10:17 | [INFO]   Saved: CVCL_0480 (1338 obs)
deg_processing_pseudobulk.31124291.out:2025-11-07 22:10:32 | [INFO]   Saved: CVCL_0504 (1344 obs)
deg_processing_pseudobulk.31124291.out:2025-11-07 22:10:52 | [INFO]   Saved: CVCL_0546 (1343 obs)
deg_processing_pseudobulk.31124291.out:2025-11-07 22:11:08 | [INFO]   Saved: CVCL_1055 (1340 obs)
deg_processing_pseudobulk.31124291.out:2025-11-07 22:11:26 | [INFO]   Saved: CVCL_1056 (1340 obs)
deg_processing_pseudobulk.31124291.out:2025-11-07 22:11:41 | [INFO]   Saved: CVCL_1094 (1342 obs)
deg_processing_pseudobulk.31124291.out:2025-11-07 22:11:56 | [INFO]   Saved: CVCL_1097 (1341 obs)
deg_processing_pseudobulk.31124291.out:2025-11-07 22:12:10 | [INFO]   Saved: CVCL_1098 (1342 obs)
deg_processing_pseudobulk.31124291.out:2025-11-07 22:12:27 | [INFO]   Saved: CVCL_1119 (1341 obs)
deg_processing_pseudobulk.31124291.out:2025-11-07 22:12:38 | [INFO]   Saved: CVCL_1125 (1340 obs)
deg_processing_pseudobulk.31124291.out:2025-11-07 22:12:52 | [INFO]   Saved: CVCL_1239 (1343 obs)
deg_processing_pseudobulk.31124291.out:2025-11-07 22:13:09 | [INFO]   Saved: CVCL_1285 (1343 obs)
deg_processing_pseudobulk.31124291.out:2025-11-07 22:13:25 | [INFO]   Saved: CVCL_1381 (1342 obs)
deg_processing_pseudobulk.31124291.out:2025-11-07 22:13:44 | [INFO]   Saved: CVCL_1478 (1341 obs)
deg_processing_pseudobulk.31124291.out:2025-11-07 22:13:59 | [INFO]   Saved: CVCL_1495 (1338 obs)
deg_processing_pseudobulk.31124291.out:2025-11-07 22:14:17 | [INFO]   Saved: CVCL_1517 (1344 obs)
deg_processing_pseudobulk.31124291.out:2025-11-07 22:14:21 | [INFO]   Saved: CVCL_1531 (1331 obs)
deg_processing_pseudobulk.31124291.out:2025-11-07 22:14:38 | [INFO]   Saved: CVCL_1547 (1340 obs)
deg_processing_pseudobulk.31124291.out:2025-11-07 22:14:56 | [INFO]   Saved: CVCL_1550 (1338 obs)
deg_processing_pseudobulk.31124291.out:2025-11-07 22:14:58 | [INFO]   Saved: CVCL_1571 (1331 obs)
deg_processing_pseudobulk.31124291.out:2025-11-07 22:15:09 | [INFO]   Saved: CVCL_1577 (1333 obs)
deg_processing_pseudobulk.31124291.out:2025-11-07 22:15:24 | [INFO]   Saved: CVCL_1635 (1341 obs)
deg_processing_pseudobulk.31124291.out:2025-11-07 22:15:39 | [INFO]   Saved: CVCL_1666 (1341 obs)
deg_processing_pseudobulk.31124291.out:2025-11-07 22:15:55 | [INFO]   Saved: CVCL_1693 (1342 obs)
deg_processing_pseudobulk.31124291.out:2025-11-07 22:16:03 | [INFO]   Saved: CVCL_1715 (1340 obs)
deg_processing_pseudobulk.31124291.out:2025-11-07 22:16:13 | [INFO]   Saved: CVCL_1716 (1333 obs)
deg_processing_pseudobulk.31124291.out:2025-11-07 22:16:30 | [INFO]   Saved: CVCL_1717 (1340 obs)
deg_processing_pseudobulk.31124291.out:2025-11-07 22:16:43 | [INFO]   Saved: CVCL_1724 (1339 obs)
deg_processing_pseudobulk.31124291.out:2025-11-07 22:16:58 | [INFO]   Saved: CVCL_1731 (1342 obs)
deg_processing_pseudobulk.31124291.out:2025-11-07 22:17:12 | [INFO]   Saved: CVCL_C466 (1344 obs)
deg_analysis_31124753_0.out:
deg_analysis_31124753_0.out:DE analysis started...
deg_analysis_31124753_0.out:Loaded input file:  ./data/tahoe/pseudobulk_processed/group_rep/by_celltype/CVCL_0023_processed.h5ad 
deg_analysis_31124753_0.out:Initial dimensions:  1342  samples ×  62710  genes
deg_analysis_31124753_0.out:Filter samples with the low number of cells
deg_analysis_31124753_0.out:    Filter threshold (min_cells):  50 
deg_analysis_31124753_0.out:    n_obs:  1342 -->  1329 
deg_analysis_31124753_0.out:
deg_analysis_31124753_0.out:▶︎ Processing cell_type  1 / 1 :  CVCL_0023 
deg_analysis_31124753_0.out:    Filter controls by  pert_time_h  column
deg_analysis_31124753_0.out:        n_obs:  1329 -->  1329 
deg_analysis_31124753_0.out:
deg_analysis_31124753_0.out:    Running contrast 1/1132
deg_analysis_31124753_0.out:    Running contrast 6/1132
deg_analysis_31124753_0.out:    Running contrast 11/1132
deg_analysis_31124753_0.out:    Running contrast 16/1132
deg_analysis_31124753_0.out:    Running contrast 21/1132
deg_analysis_31124753_0.out:    Running contrast 26/1132
deg_analysis_31124753_0.out:    Running contrast 31/1132
deg_analysis_31124753_0.out:    Running contrast 36/1132
deg_analysis_31124753_0.out:    Running contrast 41/1132
deg_analysis_31124753_0.out:    Running contrast 46/1132
deg_analysis_31124753_0.out:    Running contrast 51/1132
deg_analysis_31124753_0.out:    Running contrast 56/1132
deg_analysis_31124753_0.out:    Running contrast 61/1132
deg_analysis_31124753_0.out:    Running contrast 66/1132
deg_analysis_31124753_0.out:    Running contrast 71/1132
deg_analysis_31124753_0.out:    Running contrast 76/1132
deg_analysis_31124753_0.out:    Running contrast 81/1132
deg_analysis_31124753_0.out:    Running contrast 86/1132
deg_analysis_31124753_0.out:    Running contrast 91/1132
deg_analysis_31124753_0.out:    Running contrast 96/1132
deg_analysis_31124753_0.out:    Running contrast 101/1132
deg_analysis_31124753_0.out:    Running contrast 106/1132
deg_analysis_31124753_0.out:    Running contrast 111/1132
deg_analysis_31124753_0.out:    Running contrast 116/1132
deg_analysis_31124753_0.out:    Running contrast 121/1132
deg_analysis_31124753_0.out:    Running contrast 126/1132
deg_analysis_31124753_0.out:    Running contrast 131/1132
deg_analysis_31124753_0.out:    Running contrast 136/1132
deg_analysis_31124753_0.out:    Running contrast 141/1132
deg_analysis_31124753_0.out:    Running contrast 146/1132
deg_analysis_31124753_0.out:    Running contrast 151/1132
deg_analysis_31124753_0.out:    Running contrast 156/1132
deg_analysis_31124753_0.out:    Running contrast 161/1132
deg_analysis_31124753_0.out:    Running contrast 166/1132
deg_analysis_31124753_0.out:    Running contrast 171/1132
deg_analysis_31124753_0.out:    Running contrast 176/1132
deg_analysis_31124753_0.out:    Running contrast 181/1132
deg_analysis_31124753_0.out:    Running contrast 186/1132
deg_analysis_31124753_0.out:    Running contrast 191/1132
deg_analysis_31124753_0.out:    Running contrast 196/1132
deg_analysis_31124753_0.out:    Running contrast 201/1132
deg_analysis_31124753_0.out:    Running contrast 206/1132
deg_analysis_31124753_0.out:    Running contrast 211/1132
deg_analysis_31124753_0.out:    Running contrast 216/1132
deg_analysis_31124753_0.out:    Running contrast 221/1132
deg_analysis_31124753_0.out:    Running contrast 226/1132
deg_analysis_31124753_0.out:    Running contrast 231/1132
deg_analysis_31124753_0.out:    Running contrast 236/1132
deg_analysis_31124753_0.out:    Running contrast 241/1132
deg_analysis_31124753_0.out:    Running contrast 246/1132
deg_analysis_31124753_0.out:    Running contrast 251/1132
deg_analysis_31124753_0.out:    Running contrast 256/1132
deg_analysis_31124753_0.out:    Running contrast 261/1132
deg_analysis_31124753_0.out:    Running contrast 266/1132
deg_analysis_31124753_0.out:    Running contrast 271/1132
deg_analysis_31124753_0.out:    Running contrast 276/1132
deg_analysis_31124753_0.out:    Running contrast 281/1132
deg_analysis_31124753_0.out:    Running contrast 286/1132
deg_analysis_31124753_0.out:    Running contrast 291/1132
deg_analysis_31124753_0.out:    Running contrast 296/1132
deg_analysis_31124753_0.out:    Running contrast 301/1132
deg_analysis_31124753_0.out:    Running contrast 306/1132
deg_analysis_31124753_0.out:    Running contrast 311/1132
deg_analysis_31124753_0.out:    Running contrast 316/1132
deg_analysis_31124753_0.out:    Running contrast 321/1132
deg_analysis_31124753_0.out:    Running contrast 326/1132
deg_analysis_31124753_0.out:    Running contrast 331/1132
deg_analysis_31124753_0.out:    Running contrast 336/1132
deg_analysis_31124753_0.out:    Running contrast 341/1132
deg_analysis_31124753_0.out:    Running contrast 346/1132
deg_analysis_31124753_0.out:    Running contrast 351/1132
deg_analysis_31124753_0.out:    Running contrast 356/1132
deg_analysis_31124753_0.out:    Running contrast 361/1132
deg_analysis_31124753_0.out:    Running contrast 366/1132
deg_analysis_31124753_0.out:    Running contrast 371/1132
deg_analysis_31124753_0.out:    Running contrast 376/1132
deg_analysis_31124753_0.out:    Running contrast 381/1132
deg_analysis_31124753_0.out:    Running contrast 386/1132
deg_analysis_31124753_0.out:    Running contrast 391/1132
deg_analysis_31124753_0.out:    Running contrast 396/1132
deg_analysis_31124753_0.out:    Running contrast 401/1132
deg_analysis_31124753_0.out:    Running contrast 406/1132
deg_analysis_31124753_0.out:    Running contrast 411/1132
deg_analysis_31124753_0.out:    Running contrast 416/1132
deg_analysis_31124753_0.out:    Running contrast 421/1132
deg_analysis_31124753_0.out:    Running contrast 426/1132
deg_analysis_31124753_0.out:    Running contrast 431/1132
deg_analysis_31124753_0.out:    Running contrast 436/1132
deg_analysis_31124753_0.out:    Running contrast 441/1132
deg_analysis_31124753_0.out:    Running contrast 446/1132
deg_analysis_31124753_0.out:    Running contrast 451/1132
deg_analysis_31124753_0.out:    Running contrast 456/1132
deg_analysis_31124753_0.out:    Running contrast 461/1132
deg_analysis_31124753_0.out:    Running contrast 466/1132
deg_analysis_31124753_0.out:    Running contrast 471/1132
deg_analysis_31124753_0.out:    Running contrast 476/1132
deg_analysis_31124753_0.out:    Running contrast 481/1132
deg_analysis_31124753_0.out:    Running contrast 486/1132
deg_analysis_31124753_0.out:    Running contrast 491/1132
deg_analysis_31124753_0.out:    Running contrast 496/1132
deg_analysis_31124753_0.out:    Running contrast 501/1132
deg_analysis_31124753_0.out:    Running contrast 506/1132
deg_analysis_31124753_0.out:    Running contrast 511/1132
deg_analysis_31124753_0.out:    Running contrast 516/1132
deg_analysis_31124753_0.out:    Running contrast 521/1132
deg_analysis_31124753_0.out:    Running contrast 526/1132
deg_analysis_31124753_0.out:    Running contrast 531/1132
deg_analysis_31124753_0.out:    Running contrast 536/1132
deg_analysis_31124753_0.out:    Running contrast 541/1132
deg_analysis_31124753_0.out:    Running contrast 546/1132
deg_analysis_31124753_0.out:    Running contrast 551/1132
deg_analysis_31124753_0.out:    Running contrast 556/1132
deg_analysis_31124753_0.out:    Running contrast 561/1132
deg_analysis_31124753_0.out:    Running contrast 566/1132
deg_analysis_31124753_0.out:    Running contrast 571/1132
deg_analysis_31124753_0.out:    Running contrast 576/1132
deg_analysis_31124753_0.out:    Running contrast 581/1132
deg_analysis_31124753_0.out:    Running contrast 586/1132
deg_analysis_31124753_0.out:    Running contrast 591/1132
deg_analysis_31124753_0.out:    Running contrast 596/1132
deg_analysis_31124753_0.out:    Running contrast 601/1132
deg_analysis_31124753_0.out:    Running contrast 606/1132
deg_analysis_31124753_0.out:    Running contrast 611/1132
deg_analysis_31124753_0.out:    Running contrast 616/1132
deg_analysis_31124753_0.out:    Running contrast 621/1132
deg_analysis_31124753_0.out:    Running contrast 626/1132
deg_analysis_31124753_0.out:    Running contrast 631/1132
deg_analysis_31124753_0.out:    Running contrast 636/1132
deg_analysis_31124753_0.out:    Running contrast 641/1132
deg_analysis_31124753_0.out:    Running contrast 646/1132
deg_analysis_31124753_0.out:    Running contrast 651/1132
deg_analysis_31124753_0.out:    Running contrast 656/1132
deg_analysis_31124753_0.out:    Running contrast 661/1132
deg_analysis_31124753_0.out:    Running contrast 666/1132
deg_analysis_31124753_0.out:    Running contrast 671/1132
deg_analysis_31124753_0.out:    Running contrast 676/1132
deg_analysis_31124753_0.out:    Running contrast 681/1132
deg_analysis_31124753_0.out:    Running contrast 686/1132
deg_analysis_31124753_0.out:    Running contrast 691/1132
deg_analysis_31124753_0.out:    Running contrast 696/1132
deg_analysis_31124753_0.out:    Running contrast 701/1132
deg_analysis_31124753_0.out:    Running contrast 706/1132
deg_analysis_31124753_0.out:    Running contrast 711/1132
deg_analysis_31124753_0.out:    Running contrast 716/1132
deg_analysis_31124753_0.out:    Running contrast 721/1132
deg_analysis_31124753_0.out:    Running contrast 726/1132
deg_analysis_31124753_0.out:    Running contrast 731/1132
deg_analysis_31124753_0.out:    Running contrast 736/1132
deg_analysis_31124753_0.out:    Running contrast 741/1132
deg_analysis_31124753_0.out:    Running contrast 746/1132
deg_analysis_31124753_0.out:    Running contrast 751/1132
deg_analysis_31124753_0.out:    Running contrast 756/1132
deg_analysis_31124753_0.out:    Running contrast 761/1132
deg_analysis_31124753_0.out:    Running contrast 766/1132
deg_analysis_31124753_0.out:    Running contrast 771/1132
deg_analysis_31124753_0.out:    Running contrast 776/1132
deg_analysis_31124753_0.out:    Running contrast 781/1132
deg_analysis_31124753_0.out:    Running contrast 786/1132
deg_analysis_31124753_0.out:    Running contrast 791/1132
deg_analysis_31124753_0.out:    Running contrast 796/1132
deg_analysis_31124753_0.out:    Running contrast 801/1132
deg_analysis_31124753_0.out:    Running contrast 806/1132
deg_analysis_31124753_0.out:    Running contrast 811/1132
deg_analysis_31124753_0.out:    Running contrast 816/1132
deg_analysis_31124753_0.out:    Running contrast 821/1132
deg_analysis_31124753_0.out:    Running contrast 826/1132
deg_analysis_31124753_0.out:    Running contrast 831/1132
deg_analysis_31124753_0.out:    Running contrast 836/1132
deg_analysis_31124753_0.out:    Running contrast 841/1132
deg_analysis_31124753_0.out:    Running contrast 846/1132
deg_analysis_31124753_0.out:    Running contrast 851/1132
deg_analysis_31124753_0.out:    Running contrast 856/1132
deg_analysis_31124753_0.out:    Running contrast 861/1132
deg_analysis_31124753_0.out:    Running contrast 866/1132
deg_analysis_31124753_0.out:    Running contrast 871/1132
deg_analysis_31124753_0.out:    Running contrast 876/1132
deg_analysis_31124753_0.out:    Running contrast 881/1132
deg_analysis_31124753_0.out:    Running contrast 886/1132
deg_analysis_31124753_0.out:    Running contrast 891/1132
deg_analysis_31124753_0.out:    Running contrast 896/1132
deg_analysis_31124753_0.out:    Running contrast 901/1132
deg_analysis_31124753_0.out:    Running contrast 906/1132
deg_analysis_31124753_0.out:    Running contrast 911/1132
deg_analysis_31124753_0.out:    Running contrast 916/1132
deg_analysis_31124753_0.out:    Running contrast 921/1132
deg_analysis_31124753_0.out:    Running contrast 926/1132
deg_analysis_31124753_0.out:    Running contrast 931/1132
deg_analysis_31124753_0.out:    Running contrast 936/1132
deg_analysis_31124753_0.out:    Running contrast 941/1132
deg_analysis_31124753_0.out:    Running contrast 946/1132
deg_analysis_31124753_0.out:    Running contrast 951/1132
deg_analysis_31124753_0.out:    Running contrast 956/1132
deg_analysis_31124753_0.out:    Running contrast 961/1132
deg_analysis_31124753_0.out:    Running contrast 966/1132
deg_analysis_31124753_0.out:    Running contrast 971/1132
deg_analysis_31124753_0.out:    Running contrast 976/1132
deg_analysis_31124753_0.out:    Running contrast 981/1132
deg_analysis_31124753_0.out:    Running contrast 986/1132
deg_analysis_31124753_0.out:    Running contrast 991/1132
deg_analysis_31124753_0.out:    Running contrast 996/1132
deg_analysis_31124753_0.out:    Running contrast 1001/1132
deg_analysis_31124753_0.out:    Running contrast 1006/1132
deg_analysis_31124753_0.out:    Running contrast 1011/1132
deg_analysis_31124753_0.out:    Running contrast 1016/1132
deg_analysis_31124753_0.out:    Running contrast 1021/1132
deg_analysis_31124753_0.out:    Running contrast 1026/1132
deg_analysis_31124753_0.out:    Running contrast 1031/1132
deg_analysis_31124753_0.out:    Running contrast 1036/1132
deg_analysis_31124753_0.out:    Running contrast 1041/1132
deg_analysis_31124753_0.out:    Running contrast 1046/1132
deg_analysis_31124753_0.out:    Running contrast 1051/1132
deg_analysis_31124753_0.out:    Running contrast 1056/1132
deg_analysis_31124753_0.out:    Running contrast 1061/1132
deg_analysis_31124753_0.out:    Running contrast 1066/1132
deg_analysis_31124753_0.out:    Running contrast 1071/1132
deg_analysis_31124753_0.out:    Running contrast 1076/1132
deg_analysis_31124753_0.out:    Running contrast 1081/1132
deg_analysis_31124753_0.out:    Running contrast 1086/1132
deg_analysis_31124753_0.out:    Running contrast 1091/1132
deg_analysis_31124753_0.out:    Running contrast 1096/1132
deg_analysis_31124753_0.out:    Running contrast 1101/1132
deg_analysis_31124753_0.out:    Running contrast 1106/1132
deg_analysis_31124753_0.out:    Running contrast 1111/1132
deg_analysis_31124753_0.out:    Running contrast 1116/1132
deg_analysis_31124753_0.out:    Running contrast 1121/1132
deg_analysis_31124753_0.out:    Running contrast 1126/1132
deg_analysis_31124753_0.out:    Running contrast 1131/1132
deg_analysis_31124753_0.out:    Running contrast 1132/1132
deg_analysis_31124753_0.out:
deg_analysis_31124753_0.out:    Writing:  ./data/tahoe/deg_data/group_rep/full/qc_false/filter_min_cells_50/CVCL_0023_de.h5ad 
deg_analysis_31124753_0.out:
deg_analysis_31124753_0.out:    Rewriting h5ad file: ./data/tahoe/deg_data/group_rep/full/qc_false/filter_min_cells_50/CVCL_0023_de.h5ad 
deg_analysis_31124753_0.out:    Removed X matrix
deg_analysis_31124753_0.out:    Rewriting h5ad file is done!
deg_analysis_31124753_0.out:✓ Cell line completed in 7950.3 seconds
deg_analysis_31124753_0.out:
deg_analysis_31124753_0.out:DE analysis completed!
deg_analysis_31124753_0.out:
deg_analysis_31124753_0.out:Total runtime: 7961.4 seconds
deg_analysis_31124753_1.out:
deg_analysis_31124753_1.out:DE analysis started...
deg_analysis_31124753_1.out:Loaded input file:  ./data/tahoe/pseudobulk_processed/group_rep/by_celltype/CVCL_0028_processed.h5ad 
deg_analysis_31124753_1.out:Initial dimensions:  1339  samples ×  62710  genes
deg_analysis_31124753_1.out:Filter samples with the low number of cells
deg_analysis_31124753_1.out:    Filter threshold (min_cells):  50 
deg_analysis_31124753_1.out:    n_obs:  1339 -->  1321 
deg_analysis_31124753_1.out:
deg_analysis_31124753_1.out:▶︎ Processing cell_type  1 / 1 :  CVCL_0028 
deg_analysis_31124753_1.out:    Filter controls by  pert_time_h  column
deg_analysis_31124753_1.out:        n_obs:  1321 -->  1321 
deg_analysis_31124753_1.out:
deg_analysis_31124753_1.out:    Running contrast 1/1125
deg_analysis_31124753_1.out:    Running contrast 6/1125
deg_analysis_31124753_1.out:    Running contrast 11/1125
deg_analysis_31124753_1.out:    Running contrast 16/1125
deg_analysis_31124753_1.out:    Running contrast 21/1125
deg_analysis_31124753_1.out:    Running contrast 26/1125
deg_analysis_31124753_1.out:    Running contrast 31/1125
deg_analysis_31124753_1.out:    Running contrast 36/1125
deg_analysis_31124753_1.out:    Running contrast 41/1125
deg_analysis_31124753_1.out:    Running contrast 46/1125
deg_analysis_31124753_1.out:    Running contrast 51/1125
deg_analysis_31124753_1.out:    Running contrast 56/1125
deg_analysis_31124753_1.out:    Running contrast 61/1125
deg_analysis_31124753_1.out:    Running contrast 66/1125
deg_analysis_31124753_1.out:    Running contrast 71/1125
deg_analysis_31124753_1.out:    Running contrast 76/1125
deg_analysis_31124753_1.out:    Running contrast 81/1125
deg_analysis_31124753_1.out:    Running contrast 86/1125
deg_analysis_31124753_1.out:    Running contrast 91/1125
deg_analysis_31124753_1.out:    Running contrast 96/1125
deg_analysis_31124753_1.out:    Running contrast 101/1125
deg_analysis_31124753_1.out:    Running contrast 106/1125
deg_analysis_31124753_1.out:    Running contrast 111/1125
deg_analysis_31124753_1.out:    Running contrast 116/1125
deg_analysis_31124753_1.out:    Running contrast 121/1125
deg_analysis_31124753_1.out:    Running contrast 126/1125
deg_analysis_31124753_1.out:    Running contrast 131/1125
deg_analysis_31124753_1.out:    Running contrast 136/1125
deg_analysis_31124753_1.out:    Running contrast 141/1125
deg_analysis_31124753_1.out:    Running contrast 146/1125
deg_analysis_31124753_1.out:    Running contrast 151/1125
deg_analysis_31124753_1.out:    Running contrast 156/1125
deg_analysis_31124753_1.out:    Running contrast 161/1125
deg_analysis_31124753_1.out:    Running contrast 166/1125
deg_analysis_31124753_1.out:    Running contrast 171/1125
deg_analysis_31124753_1.out:    Running contrast 176/1125
deg_analysis_31124753_1.out:    Running contrast 181/1125
deg_analysis_31124753_1.out:    Running contrast 186/1125
deg_analysis_31124753_1.out:    Running contrast 191/1125
deg_analysis_31124753_1.out:    Running contrast 196/1125
deg_analysis_31124753_1.out:    Running contrast 201/1125
deg_analysis_31124753_1.out:    Running contrast 206/1125
deg_analysis_31124753_1.out:    Running contrast 211/1125
deg_analysis_31124753_1.out:    Running contrast 216/1125
deg_analysis_31124753_1.out:    Running contrast 221/1125
deg_analysis_31124753_1.out:    Running contrast 226/1125
deg_analysis_31124753_1.out:    Running contrast 231/1125
deg_analysis_31124753_1.out:    Running contrast 236/1125
deg_analysis_31124753_1.out:    Running contrast 241/1125
deg_analysis_31124753_1.out:    Running contrast 246/1125
deg_analysis_31124753_1.out:    Running contrast 251/1125
deg_analysis_31124753_1.out:    Running contrast 256/1125
deg_analysis_31124753_1.out:    Running contrast 261/1125
deg_analysis_31124753_1.out:    Running contrast 266/1125
deg_analysis_31124753_1.out:    Running contrast 271/1125
deg_analysis_31124753_1.out:    Running contrast 276/1125
deg_analysis_31124753_1.out:    Running contrast 281/1125
deg_analysis_31124753_1.out:    Running contrast 286/1125
deg_analysis_31124753_1.out:    Running contrast 291/1125
deg_analysis_31124753_1.out:    Running contrast 296/1125
deg_analysis_31124753_1.out:    Running contrast 301/1125
deg_analysis_31124753_1.out:    Running contrast 306/1125
deg_analysis_31124753_1.out:    Running contrast 311/1125
deg_analysis_31124753_1.out:    Running contrast 316/1125
deg_analysis_31124753_1.out:    Running contrast 321/1125
deg_analysis_31124753_1.out:    Running contrast 326/1125
deg_analysis_31124753_1.out:    Running contrast 331/1125
deg_analysis_31124753_1.out:    Running contrast 336/1125
deg_analysis_31124753_1.out:    Running contrast 341/1125
deg_analysis_31124753_1.out:    Running contrast 346/1125
deg_analysis_31124753_1.out:    Running contrast 351/1125
deg_analysis_31124753_1.out:    Running contrast 356/1125
deg_analysis_31124753_1.out:    Running contrast 361/1125
deg_analysis_31124753_1.out:    Running contrast 366/1125
deg_analysis_31124753_1.out:    Running contrast 371/1125
deg_analysis_31124753_1.out:    Running contrast 376/1125
deg_analysis_31124753_1.out:    Running contrast 381/1125
deg_analysis_31124753_1.out:    Running contrast 386/1125
deg_analysis_31124753_1.out:    Running contrast 391/1125
deg_analysis_31124753_1.out:    Running contrast 396/1125
deg_analysis_31124753_1.out:    Running contrast 401/1125
deg_analysis_31124753_1.out:    Running contrast 406/1125
deg_analysis_31124753_1.out:    Running contrast 411/1125
deg_analysis_31124753_1.out:    Running contrast 416/1125
deg_analysis_31124753_1.out:    Running contrast 421/1125
deg_analysis_31124753_1.out:    Running contrast 426/1125
deg_analysis_31124753_1.out:    Running contrast 431/1125
deg_analysis_31124753_1.out:    Running contrast 436/1125
deg_analysis_31124753_1.out:    Running contrast 441/1125
deg_analysis_31124753_1.out:    Running contrast 446/1125
deg_analysis_31124753_1.out:    Running contrast 451/1125
deg_analysis_31124753_1.out:    Running contrast 456/1125
deg_analysis_31124753_1.out:    Running contrast 461/1125
deg_analysis_31124753_1.out:    Running contrast 466/1125
deg_analysis_31124753_1.out:    Running contrast 471/1125
deg_analysis_31124753_1.out:    Running contrast 476/1125
deg_analysis_31124753_1.out:    Running contrast 481/1125
deg_analysis_31124753_1.out:    Running contrast 486/1125
deg_analysis_31124753_1.out:    Running contrast 491/1125
deg_analysis_31124753_1.out:    Running contrast 496/1125
deg_analysis_31124753_1.out:    Running contrast 501/1125
deg_analysis_31124753_1.out:    Running contrast 506/1125
deg_analysis_31124753_1.out:    Running contrast 511/1125
deg_analysis_31124753_1.out:    Running contrast 516/1125
deg_analysis_31124753_1.out:    Running contrast 521/1125
deg_analysis_31124753_1.out:    Running contrast 526/1125
deg_analysis_31124753_1.out:    Running contrast 531/1125
deg_analysis_31124753_1.out:    Running contrast 536/1125
deg_analysis_31124753_1.out:    Running contrast 541/1125
deg_analysis_31124753_1.out:    Running contrast 546/1125
deg_analysis_31124753_1.out:    Running contrast 551/1125
deg_analysis_31124753_1.out:    Running contrast 556/1125
deg_analysis_31124753_1.out:    Running contrast 561/1125
deg_analysis_31124753_1.out:    Running contrast 566/1125
deg_analysis_31124753_1.out:    Running contrast 571/1125
deg_analysis_31124753_1.out:    Running contrast 576/1125
deg_analysis_31124753_1.out:    Running contrast 581/1125
deg_analysis_31124753_1.out:    Running contrast 586/1125
deg_analysis_31124753_1.out:    Running contrast 591/1125
deg_analysis_31124753_1.out:    Running contrast 596/1125
deg_analysis_31124753_1.out:    Running contrast 601/1125
deg_analysis_31124753_1.out:    Running contrast 606/1125
deg_analysis_31124753_1.out:    Running contrast 611/1125
deg_analysis_31124753_1.out:    Running contrast 616/1125
deg_analysis_31124753_1.out:    Running contrast 621/1125
deg_analysis_31124753_1.out:    Running contrast 626/1125
deg_analysis_31124753_1.out:    Running contrast 631/1125
deg_analysis_31124753_1.out:    Running contrast 636/1125
deg_analysis_31124753_1.out:    Running contrast 641/1125
deg_analysis_31124753_1.out:    Running contrast 646/1125
deg_analysis_31124753_1.out:    Running contrast 651/1125
deg_analysis_31124753_1.out:    Running contrast 656/1125
deg_analysis_31124753_1.out:    Running contrast 661/1125
deg_analysis_31124753_1.out:    Running contrast 666/1125
deg_analysis_31124753_1.out:    Running contrast 671/1125
deg_analysis_31124753_1.out:    Running contrast 676/1125
deg_analysis_31124753_1.out:    Running contrast 681/1125
deg_analysis_31124753_1.out:    Running contrast 686/1125
deg_analysis_31124753_1.out:    Running contrast 691/1125
deg_analysis_31124753_1.out:    Running contrast 696/1125
deg_analysis_31124753_1.out:    Running contrast 701/1125
deg_analysis_31124753_1.out:    Running contrast 706/1125
deg_analysis_31124753_1.out:    Running contrast 711/1125
deg_analysis_31124753_1.out:    Running contrast 716/1125
deg_analysis_31124753_1.out:    Running contrast 721/1125
deg_analysis_31124753_1.out:    Running contrast 726/1125
deg_analysis_31124753_1.out:    Running contrast 731/1125
deg_analysis_31124753_1.out:    Running contrast 736/1125
deg_analysis_31124753_1.out:    Running contrast 741/1125
deg_analysis_31124753_1.out:    Running contrast 746/1125
deg_analysis_31124753_1.out:    Running contrast 751/1125
deg_analysis_31124753_1.out:    Running contrast 756/1125
deg_analysis_31124753_1.out:    Running contrast 761/1125
deg_analysis_31124753_1.out:    Running contrast 766/1125
deg_analysis_31124753_1.out:    Running contrast 771/1125
deg_analysis_31124753_1.out:    Running contrast 776/1125
deg_analysis_31124753_1.out:    Running contrast 781/1125
deg_analysis_31124753_1.out:    Running contrast 786/1125
deg_analysis_31124753_1.out:    Running contrast 791/1125
deg_analysis_31124753_1.out:    Running contrast 796/1125
deg_analysis_31124753_1.out:    Running contrast 801/1125
deg_analysis_31124753_1.out:    Running contrast 806/1125
deg_analysis_31124753_1.out:    Running contrast 811/1125
deg_analysis_31124753_1.out:    Running contrast 816/1125
deg_analysis_31124753_1.out:    Running contrast 821/1125
deg_analysis_31124753_1.out:    Running contrast 826/1125
deg_analysis_31124753_1.out:    Running contrast 831/1125
deg_analysis_31124753_1.out:    Running contrast 836/1125
deg_analysis_31124753_1.out:    Running contrast 841/1125
deg_analysis_31124753_1.out:    Running contrast 846/1125
deg_analysis_31124753_1.out:    Running contrast 851/1125
deg_analysis_31124753_1.out:    Running contrast 856/1125
deg_analysis_31124753_1.out:    Running contrast 861/1125
deg_analysis_31124753_1.out:    Running contrast 866/1125
deg_analysis_31124753_1.out:    Running contrast 871/1125
deg_analysis_31124753_1.out:    Running contrast 876/1125
deg_analysis_31124753_1.out:    Running contrast 881/1125
deg_analysis_31124753_1.out:    Running contrast 886/1125
deg_analysis_31124753_1.out:    Running contrast 891/1125
deg_analysis_31124753_1.out:    Running contrast 896/1125
deg_analysis_31124753_1.out:    Running contrast 901/1125
deg_analysis_31124753_1.out:    Running contrast 906/1125
deg_analysis_31124753_1.out:    Running contrast 911/1125
deg_analysis_31124753_1.out:    Running contrast 916/1125
deg_analysis_31124753_1.out:    Running contrast 921/1125
deg_analysis_31124753_1.out:    Running contrast 926/1125
deg_analysis_31124753_1.out:    Running contrast 931/1125
deg_analysis_31124753_1.out:    Running contrast 936/1125
deg_analysis_31124753_1.out:    Running contrast 941/1125
deg_analysis_31124753_1.out:    Running contrast 946/1125
deg_analysis_31124753_1.out:    Running contrast 951/1125
deg_analysis_31124753_1.out:    Running contrast 956/1125
deg_analysis_31124753_1.out:    Running contrast 961/1125
deg_analysis_31124753_1.out:    Running contrast 966/1125
deg_analysis_31124753_1.out:    Running contrast 971/1125
deg_analysis_31124753_1.out:    Running contrast 976/1125
deg_analysis_31124753_1.out:    Running contrast 981/1125
deg_analysis_31124753_1.out:    Running contrast 986/1125
deg_analysis_31124753_1.out:    Running contrast 991/1125
deg_analysis_31124753_1.out:    Running contrast 996/1125
deg_analysis_31124753_1.out:    Running contrast 1001/1125
deg_analysis_31124753_1.out:    Running contrast 1006/1125
deg_analysis_31124753_1.out:    Running contrast 1011/1125
deg_analysis_31124753_1.out:    Running contrast 1016/1125
deg_analysis_31124753_1.out:    Running contrast 1021/1125
deg_analysis_31124753_1.out:    Running contrast 1026/1125
deg_analysis_31124753_1.out:    Running contrast 1031/1125
deg_analysis_31124753_1.out:    Running contrast 1036/1125
deg_analysis_31124753_1.out:    Running contrast 1041/1125
deg_analysis_31124753_1.out:    Running contrast 1046/1125
deg_analysis_31124753_1.out:    Running contrast 1051/1125
deg_analysis_31124753_1.out:    Running contrast 1056/1125
deg_analysis_31124753_1.out:    Running contrast 1061/1125
deg_analysis_31124753_1.out:    Running contrast 1066/1125
deg_analysis_31124753_1.out:    Running contrast 1071/1125
deg_analysis_31124753_1.out:    Running contrast 1076/1125
deg_analysis_31124753_1.out:    Running contrast 1081/1125
deg_analysis_31124753_1.out:    Running contrast 1086/1125
deg_analysis_31124753_1.out:    Running contrast 1091/1125
deg_analysis_31124753_1.out:    Running contrast 1096/1125
deg_analysis_31124753_1.out:    Running contrast 1101/1125
deg_analysis_31124753_1.out:    Running contrast 1106/1125
deg_analysis_31124753_1.out:    Running contrast 1111/1125
deg_analysis_31124753_1.out:    Running contrast 1116/1125
deg_analysis_31124753_1.out:    Running contrast 1121/1125
deg_analysis_31124753_1.out:    Running contrast 1125/1125
deg_analysis_31124753_1.out:
deg_analysis_31124753_1.out:    Writing:  ./data/tahoe/deg_data/group_rep/full/qc_false/filter_min_cells_50/CVCL_0028_de.h5ad 
deg_analysis_31124753_1.out:
deg_analysis_31124753_1.out:    Rewriting h5ad file: ./data/tahoe/deg_data/group_rep/full/qc_false/filter_min_cells_50/CVCL_0028_de.h5ad 
deg_analysis_31124753_1.out:    Removed X matrix
deg_analysis_31124753_1.out:    Rewriting h5ad file is done!
deg_analysis_31124753_1.out:✓ Cell line completed in 5475.9 seconds
deg_analysis_31124753_1.out:
deg_analysis_31124753_1.out:DE analysis completed!
deg_analysis_31124753_1.out:
deg_analysis_31124753_1.out:Total runtime: 5490.2 seconds
deg_analysis_31124753_2.out:
deg_analysis_31124753_2.out:DE analysis started...
deg_analysis_31124753_2.out:Loaded input file:  ./data/tahoe/pseudobulk_processed/group_rep/by_celltype/CVCL_0069_processed.h5ad 
deg_analysis_31124753_2.out:Initial dimensions:  1339  samples ×  62710  genes
deg_analysis_31124753_2.out:Filter samples with the low number of cells
deg_analysis_31124753_2.out:    Filter threshold (min_cells):  50 
deg_analysis_31124753_2.out:    n_obs:  1339 -->  1327 
deg_analysis_31124753_2.out:
deg_analysis_31124753_2.out:▶︎ Processing cell_type  1 / 1 :  CVCL_0069 
deg_analysis_31124753_2.out:    Filter controls by  pert_time_h  column
deg_analysis_31124753_2.out:        n_obs:  1327 -->  1327 
deg_analysis_31124753_2.out:
deg_analysis_31124753_2.out:    Running contrast 1/1130
deg_analysis_31124753_2.out:    Running contrast 6/1130
deg_analysis_31124753_2.out:    Running contrast 11/1130
deg_analysis_31124753_2.out:    Running contrast 16/1130
deg_analysis_31124753_2.out:    Running contrast 21/1130
deg_analysis_31124753_2.out:    Running contrast 26/1130
deg_analysis_31124753_2.out:    Running contrast 31/1130
deg_analysis_31124753_2.out:    Running contrast 36/1130
deg_analysis_31124753_2.out:    Running contrast 41/1130
deg_analysis_31124753_2.out:    Running contrast 46/1130
deg_analysis_31124753_2.out:    Running contrast 51/1130
deg_analysis_31124753_2.out:    Running contrast 56/1130
deg_analysis_31124753_2.out:    Running contrast 61/1130
deg_analysis_31124753_2.out:    Running contrast 66/1130
deg_analysis_31124753_2.out:    Running contrast 71/1130
deg_analysis_31124753_2.out:    Running contrast 76/1130
deg_analysis_31124753_2.out:    Running contrast 81/1130
deg_analysis_31124753_2.out:    Running contrast 86/1130
deg_analysis_31124753_2.out:    Running contrast 91/1130
deg_analysis_31124753_2.out:    Running contrast 96/1130
deg_analysis_31124753_2.out:    Running contrast 101/1130
deg_analysis_31124753_2.out:    Running contrast 106/1130
deg_analysis_31124753_2.out:    Running contrast 111/1130
deg_analysis_31124753_2.out:    Running contrast 116/1130
deg_analysis_31124753_2.out:    Running contrast 121/1130
deg_analysis_31124753_2.out:    Running contrast 126/1130
deg_analysis_31124753_2.out:    Running contrast 131/1130
deg_analysis_31124753_2.out:    Running contrast 136/1130
deg_analysis_31124753_2.out:    Running contrast 141/1130
deg_analysis_31124753_2.out:    Running contrast 146/1130
deg_analysis_31124753_2.out:    Running contrast 151/1130
deg_analysis_31124753_2.out:    Running contrast 156/1130
deg_analysis_31124753_2.out:    Running contrast 161/1130
deg_analysis_31124753_2.out:    Running contrast 166/1130
deg_analysis_31124753_2.out:    Running contrast 171/1130
deg_analysis_31124753_2.out:    Running contrast 176/1130
deg_analysis_31124753_2.out:    Running contrast 181/1130
deg_analysis_31124753_2.out:    Running contrast 186/1130
deg_analysis_31124753_2.out:    Running contrast 191/1130
deg_analysis_31124753_2.out:    Running contrast 196/1130
deg_analysis_31124753_2.out:    Running contrast 201/1130
deg_analysis_31124753_2.out:    Running contrast 206/1130
deg_analysis_31124753_2.out:    Running contrast 211/1130
deg_analysis_31124753_2.out:    Running contrast 216/1130
deg_analysis_31124753_2.out:    Running contrast 221/1130
deg_analysis_31124753_2.out:    Running contrast 226/1130
deg_analysis_31124753_2.out:    Running contrast 231/1130
deg_analysis_31124753_2.out:    Running contrast 236/1130
deg_analysis_31124753_2.out:    Running contrast 241/1130
deg_analysis_31124753_2.out:    Running contrast 246/1130
deg_analysis_31124753_2.out:    Running contrast 251/1130
deg_analysis_31124753_2.out:    Running contrast 256/1130
deg_analysis_31124753_2.out:    Running contrast 261/1130
deg_analysis_31124753_2.out:    Running contrast 266/1130
deg_analysis_31124753_2.out:    Running contrast 271/1130
deg_analysis_31124753_2.out:    Running contrast 276/1130
deg_analysis_31124753_2.out:    Running contrast 281/1130
deg_analysis_31124753_2.out:    Running contrast 286/1130
deg_analysis_31124753_2.out:    Running contrast 291/1130
deg_analysis_31124753_2.out:    Running contrast 296/1130
deg_analysis_31124753_2.out:    Running contrast 301/1130
deg_analysis_31124753_2.out:    Running contrast 306/1130
deg_analysis_31124753_2.out:    Running contrast 311/1130
deg_analysis_31124753_2.out:    Running contrast 316/1130
deg_analysis_31124753_2.out:    Running contrast 321/1130
deg_analysis_31124753_2.out:    Running contrast 326/1130
deg_analysis_31124753_2.out:    Running contrast 331/1130
deg_analysis_31124753_2.out:    Running contrast 336/1130
deg_analysis_31124753_2.out:    Running contrast 341/1130
deg_analysis_31124753_2.out:    Running contrast 346/1130
deg_analysis_31124753_2.out:    Running contrast 351/1130
deg_analysis_31124753_2.out:    Running contrast 356/1130
deg_analysis_31124753_2.out:    Running contrast 361/1130
deg_analysis_31124753_2.out:    Running contrast 366/1130
deg_analysis_31124753_2.out:    Running contrast 371/1130
deg_analysis_31124753_2.out:    Running contrast 376/1130
deg_analysis_31124753_2.out:    Running contrast 381/1130
deg_analysis_31124753_2.out:    Running contrast 386/1130
deg_analysis_31124753_2.out:    Running contrast 391/1130
deg_analysis_31124753_2.out:    Running contrast 396/1130
deg_analysis_31124753_2.out:    Running contrast 401/1130
deg_analysis_31124753_2.out:    Running contrast 406/1130
deg_analysis_31124753_2.out:    Running contrast 411/1130
deg_analysis_31124753_2.out:    Running contrast 416/1130
deg_analysis_31124753_2.out:    Running contrast 421/1130
deg_analysis_31124753_2.out:    Running contrast 426/1130
deg_analysis_31124753_2.out:    Running contrast 431/1130
deg_analysis_31124753_2.out:    Running contrast 436/1130
deg_analysis_31124753_2.out:    Running contrast 441/1130
deg_analysis_31124753_2.out:    Running contrast 446/1130
deg_analysis_31124753_2.out:    Running contrast 451/1130
deg_analysis_31124753_2.out:    Running contrast 456/1130
deg_analysis_31124753_2.out:    Running contrast 461/1130
deg_analysis_31124753_2.out:    Running contrast 466/1130
deg_analysis_31124753_2.out:    Running contrast 471/1130
deg_analysis_31124753_2.out:    Running contrast 476/1130
deg_analysis_31124753_2.out:    Running contrast 481/1130
deg_analysis_31124753_2.out:    Running contrast 486/1130
deg_analysis_31124753_2.out:    Running contrast 491/1130
deg_analysis_31124753_2.out:    Running contrast 496/1130
deg_analysis_31124753_2.out:    Running contrast 501/1130
deg_analysis_31124753_2.out:    Running contrast 506/1130
deg_analysis_31124753_2.out:    Running contrast 511/1130
deg_analysis_31124753_2.out:    Running contrast 516/1130
deg_analysis_31124753_2.out:    Running contrast 521/1130
deg_analysis_31124753_2.out:    Running contrast 526/1130
deg_analysis_31124753_2.out:    Running contrast 531/1130
deg_analysis_31124753_2.out:    Running contrast 536/1130
deg_analysis_31124753_2.out:    Running contrast 541/1130
deg_analysis_31124753_2.out:    Running contrast 546/1130
deg_analysis_31124753_2.out:    Running contrast 551/1130
deg_analysis_31124753_2.out:    Running contrast 556/1130
deg_analysis_31124753_2.out:    Running contrast 561/1130
deg_analysis_31124753_2.out:    Running contrast 566/1130
deg_analysis_31124753_2.out:    Running contrast 571/1130
deg_analysis_31124753_2.out:    Running contrast 576/1130
deg_analysis_31124753_2.out:    Running contrast 581/1130
deg_analysis_31124753_2.out:    Running contrast 586/1130
deg_analysis_31124753_2.out:    Running contrast 591/1130
deg_analysis_31124753_2.out:    Running contrast 596/1130
deg_analysis_31124753_2.out:    Running contrast 601/1130
deg_analysis_31124753_2.out:    Running contrast 606/1130
deg_analysis_31124753_2.out:    Running contrast 611/1130
deg_analysis_31124753_2.out:    Running contrast 616/1130
deg_analysis_31124753_2.out:    Running contrast 621/1130
deg_analysis_31124753_2.out:    Running contrast 626/1130
deg_analysis_31124753_2.out:    Running contrast 631/1130
deg_analysis_31124753_2.out:    Running contrast 636/1130
deg_analysis_31124753_2.out:    Running contrast 641/1130
deg_analysis_31124753_2.out:    Running contrast 646/1130
deg_analysis_31124753_2.out:    Running contrast 651/1130
deg_analysis_31124753_2.out:    Running contrast 656/1130
deg_analysis_31124753_2.out:    Running contrast 661/1130
deg_analysis_31124753_2.out:    Running contrast 666/1130
deg_analysis_31124753_2.out:    Running contrast 671/1130
deg_analysis_31124753_2.out:    Running contrast 676/1130
deg_analysis_31124753_2.out:    Running contrast 681/1130
deg_analysis_31124753_2.out:    Running contrast 686/1130
deg_analysis_31124753_2.out:    Running contrast 691/1130
deg_analysis_31124753_2.out:    Running contrast 696/1130
deg_analysis_31124753_2.out:    Running contrast 701/1130
deg_analysis_31124753_2.out:    Running contrast 706/1130
deg_analysis_31124753_2.out:    Running contrast 711/1130
deg_analysis_31124753_2.out:    Running contrast 716/1130
deg_analysis_31124753_2.out:    Running contrast 721/1130
deg_analysis_31124753_2.out:    Running contrast 726/1130
deg_analysis_31124753_2.out:    Running contrast 731/1130
deg_analysis_31124753_2.out:    Running contrast 736/1130
deg_analysis_31124753_2.out:    Running contrast 741/1130
deg_analysis_31124753_2.out:    Running contrast 746/1130
deg_analysis_31124753_2.out:    Running contrast 751/1130
deg_analysis_31124753_2.out:    Running contrast 756/1130
deg_analysis_31124753_2.out:    Running contrast 761/1130
deg_analysis_31124753_2.out:    Running contrast 766/1130
deg_analysis_31124753_2.out:    Running contrast 771/1130
deg_analysis_31124753_2.out:    Running contrast 776/1130
deg_analysis_31124753_2.out:    Running contrast 781/1130
deg_analysis_31124753_2.out:    Running contrast 786/1130
deg_analysis_31124753_2.out:    Running contrast 791/1130
deg_analysis_31124753_2.out:    Running contrast 796/1130
deg_analysis_31124753_2.out:    Running contrast 801/1130
deg_analysis_31124753_2.out:    Running contrast 806/1130
deg_analysis_31124753_2.out:    Running contrast 811/1130
deg_analysis_31124753_2.out:    Running contrast 816/1130
deg_analysis_31124753_2.out:    Running contrast 821/1130
deg_analysis_31124753_2.out:    Running contrast 826/1130
deg_analysis_31124753_2.out:    Running contrast 831/1130
deg_analysis_31124753_2.out:    Running contrast 836/1130
deg_analysis_31124753_2.out:    Running contrast 841/1130
deg_analysis_31124753_2.out:    Running contrast 846/1130
deg_analysis_31124753_2.out:    Running contrast 851/1130
deg_analysis_31124753_2.out:    Running contrast 856/1130
deg_analysis_31124753_2.out:    Running contrast 861/1130
deg_analysis_31124753_2.out:    Running contrast 866/1130
deg_analysis_31124753_2.out:    Running contrast 871/1130
deg_analysis_31124753_2.out:    Running contrast 876/1130
deg_analysis_31124753_2.out:    Running contrast 881/1130
deg_analysis_31124753_2.out:    Running contrast 886/1130
deg_analysis_31124753_2.out:    Running contrast 891/1130
deg_analysis_31124753_2.out:    Running contrast 896/1130
deg_analysis_31124753_2.out:    Running contrast 901/1130
deg_analysis_31124753_2.out:    Running contrast 906/1130
deg_analysis_31124753_2.out:    Running contrast 911/1130
deg_analysis_31124753_2.out:    Running contrast 916/1130
deg_analysis_31124753_2.out:    Running contrast 921/1130
deg_analysis_31124753_2.out:    Running contrast 926/1130
deg_analysis_31124753_2.out:    Running contrast 931/1130
deg_analysis_31124753_2.out:    Running contrast 936/1130
deg_analysis_31124753_2.out:    Running contrast 941/1130
deg_analysis_31124753_2.out:    Running contrast 946/1130
deg_analysis_31124753_2.out:    Running contrast 951/1130
deg_analysis_31124753_2.out:    Running contrast 956/1130
deg_analysis_31124753_2.out:    Running contrast 961/1130
deg_analysis_31124753_2.out:    Running contrast 966/1130
deg_analysis_31124753_2.out:    Running contrast 971/1130
deg_analysis_31124753_2.out:    Running contrast 976/1130
deg_analysis_31124753_2.out:    Running contrast 981/1130
deg_analysis_31124753_2.out:    Running contrast 986/1130
deg_analysis_31124753_2.out:    Running contrast 991/1130
deg_analysis_31124753_2.out:    Running contrast 996/1130
deg_analysis_31124753_2.out:    Running contrast 1001/1130
deg_analysis_31124753_2.out:    Running contrast 1006/1130
deg_analysis_31124753_2.out:    Running contrast 1011/1130
deg_analysis_31124753_2.out:    Running contrast 1016/1130
deg_analysis_31124753_2.out:    Running contrast 1021/1130
deg_analysis_31124753_2.out:    Running contrast 1026/1130
deg_analysis_31124753_2.out:    Running contrast 1031/1130
deg_analysis_31124753_2.out:    Running contrast 1036/1130
deg_analysis_31124753_2.out:    Running contrast 1041/1130
deg_analysis_31124753_2.out:    Running contrast 1046/1130
deg_analysis_31124753_2.out:    Running contrast 1051/1130
deg_analysis_31124753_2.out:    Running contrast 1056/1130
deg_analysis_31124753_2.out:    Running contrast 1061/1130
deg_analysis_31124753_2.out:    Running contrast 1066/1130
deg_analysis_31124753_2.out:    Running contrast 1071/1130
deg_analysis_31124753_2.out:    Running contrast 1076/1130
deg_analysis_31124753_2.out:    Running contrast 1081/1130
deg_analysis_31124753_2.out:    Running contrast 1086/1130
deg_analysis_31124753_2.out:    Running contrast 1091/1130
deg_analysis_31124753_2.out:    Running contrast 1096/1130
deg_analysis_31124753_2.out:    Running contrast 1101/1130
deg_analysis_31124753_2.out:    Running contrast 1106/1130
deg_analysis_31124753_2.out:    Running contrast 1111/1130
deg_analysis_31124753_2.out:    Running contrast 1116/1130
deg_analysis_31124753_2.out:    Running contrast 1121/1130
deg_analysis_31124753_2.out:    Running contrast 1126/1130
deg_analysis_31124753_2.out:    Running contrast 1130/1130
deg_analysis_31124753_2.out:
deg_analysis_31124753_2.out:    Writing:  ./data/tahoe/deg_data/group_rep/full/qc_false/filter_min_cells_50/CVCL_0069_de.h5ad 
deg_analysis_31124753_2.out:
deg_analysis_31124753_2.out:    Rewriting h5ad file: ./data/tahoe/deg_data/group_rep/full/qc_false/filter_min_cells_50/CVCL_0069_de.h5ad 
deg_analysis_31124753_2.out:    Removed X matrix
deg_analysis_31124753_2.out:    Rewriting h5ad file is done!
deg_analysis_31124753_2.out:✓ Cell line completed in 8145.0 seconds
deg_analysis_31124753_2.out:
deg_analysis_31124753_2.out:DE analysis completed!
deg_analysis_31124753_2.out:
deg_analysis_31124753_2.out:Total runtime: 8182.2 seconds
deg_analysis_31124753_3.out:
deg_analysis_31124753_3.out:DE analysis started...
deg_analysis_31124753_3.out:Loaded input file:  ./data/tahoe/pseudobulk_processed/group_rep/by_celltype/CVCL_0099_processed.h5ad 
deg_analysis_31124753_3.out:Initial dimensions:  1340  samples ×  62710  genes
deg_analysis_31124753_3.out:Filter samples with the low number of cells
deg_analysis_31124753_3.out:    Filter threshold (min_cells):  50 
deg_analysis_31124753_3.out:    n_obs:  1340 -->  1327 
deg_analysis_31124753_3.out:
deg_analysis_31124753_3.out:▶︎ Processing cell_type  1 / 1 :  CVCL_0099 
deg_analysis_31124753_3.out:    Filter controls by  pert_time_h  column
deg_analysis_31124753_3.out:        n_obs:  1327 -->  1327 
deg_analysis_31124753_3.out:
deg_analysis_31124753_3.out:    Running contrast 1/1130
deg_analysis_31124753_3.out:    Running contrast 6/1130
deg_analysis_31124753_3.out:    Running contrast 11/1130
deg_analysis_31124753_3.out:    Running contrast 16/1130
deg_analysis_31124753_3.out:    Running contrast 21/1130
deg_analysis_31124753_3.out:    Running contrast 26/1130
deg_analysis_31124753_3.out:    Running contrast 31/1130
deg_analysis_31124753_3.out:    Running contrast 36/1130
deg_analysis_31124753_3.out:    Running contrast 41/1130
deg_analysis_31124753_3.out:    Running contrast 46/1130
deg_analysis_31124753_3.out:    Running contrast 51/1130
deg_analysis_31124753_3.out:    Running contrast 56/1130
deg_analysis_31124753_3.out:    Running contrast 61/1130
deg_analysis_31124753_3.out:    Running contrast 66/1130
deg_analysis_31124753_3.out:    Running contrast 71/1130
deg_analysis_31124753_3.out:    Running contrast 76/1130
deg_analysis_31124753_3.out:    Running contrast 81/1130
deg_analysis_31124753_3.out:    Running contrast 86/1130
deg_analysis_31124753_3.out:    Running contrast 91/1130
deg_analysis_31124753_3.out:    Running contrast 96/1130
deg_analysis_31124753_3.out:    Running contrast 101/1130
deg_analysis_31124753_3.out:    Running contrast 106/1130
deg_analysis_31124753_3.out:    Running contrast 111/1130
deg_analysis_31124753_3.out:    Running contrast 116/1130
deg_analysis_31124753_3.out:    Running contrast 121/1130
deg_analysis_31124753_3.out:    Running contrast 126/1130
deg_analysis_31124753_3.out:    Running contrast 131/1130
deg_analysis_31124753_3.out:    Running contrast 136/1130
deg_analysis_31124753_3.out:    Running contrast 141/1130
deg_analysis_31124753_3.out:    Running contrast 146/1130
deg_analysis_31124753_3.out:    Running contrast 151/1130
deg_analysis_31124753_3.out:    Running contrast 156/1130
deg_analysis_31124753_3.out:    Running contrast 161/1130
deg_analysis_31124753_3.out:    Running contrast 166/1130
deg_analysis_31124753_3.out:    Running contrast 171/1130
deg_analysis_31124753_3.out:    Running contrast 176/1130
deg_analysis_31124753_3.out:    Running contrast 181/1130
deg_analysis_31124753_3.out:    Running contrast 186/1130
deg_analysis_31124753_3.out:    Running contrast 191/1130
deg_analysis_31124753_3.out:    Running contrast 196/1130
deg_analysis_31124753_3.out:    Running contrast 201/1130
deg_analysis_31124753_3.out:    Running contrast 206/1130
deg_analysis_31124753_3.out:    Running contrast 211/1130
deg_analysis_31124753_3.out:    Running contrast 216/1130
deg_analysis_31124753_3.out:    Running contrast 221/1130
deg_analysis_31124753_3.out:    Running contrast 226/1130
deg_analysis_31124753_3.out:    Running contrast 231/1130
deg_analysis_31124753_3.out:    Running contrast 236/1130
deg_analysis_31124753_3.out:    Running contrast 241/1130
deg_analysis_31124753_3.out:    Running contrast 246/1130
deg_analysis_31124753_3.out:    Running contrast 251/1130
deg_analysis_31124753_3.out:    Running contrast 256/1130
deg_analysis_31124753_3.out:    Running contrast 261/1130
deg_analysis_31124753_3.out:    Running contrast 266/1130
deg_analysis_31124753_3.out:    Running contrast 271/1130
deg_analysis_31124753_3.out:    Running contrast 276/1130
deg_analysis_31124753_3.out:    Running contrast 281/1130
deg_analysis_31124753_3.out:    Running contrast 286/1130
deg_analysis_31124753_3.out:    Running contrast 291/1130
deg_analysis_31124753_3.out:    Running contrast 296/1130
deg_analysis_31124753_3.out:    Running contrast 301/1130
deg_analysis_31124753_3.out:    Running contrast 306/1130
deg_analysis_31124753_3.out:    Running contrast 311/1130
deg_analysis_31124753_3.out:    Running contrast 316/1130
deg_analysis_31124753_3.out:    Running contrast 321/1130
deg_analysis_31124753_3.out:    Running contrast 326/1130
deg_analysis_31124753_3.out:    Running contrast 331/1130
deg_analysis_31124753_3.out:    Running contrast 336/1130
deg_analysis_31124753_3.out:    Running contrast 341/1130
deg_analysis_31124753_3.out:    Running contrast 346/1130
deg_analysis_31124753_3.out:    Running contrast 351/1130
deg_analysis_31124753_3.out:    Running contrast 356/1130
deg_analysis_31124753_3.out:    Running contrast 361/1130
deg_analysis_31124753_3.out:    Running contrast 366/1130
deg_analysis_31124753_3.out:    Running contrast 371/1130
deg_analysis_31124753_3.out:    Running contrast 376/1130
deg_analysis_31124753_3.out:    Running contrast 381/1130
deg_analysis_31124753_3.out:    Running contrast 386/1130
deg_analysis_31124753_3.out:    Running contrast 391/1130
deg_analysis_31124753_3.out:    Running contrast 396/1130
deg_analysis_31124753_3.out:    Running contrast 401/1130
deg_analysis_31124753_3.out:    Running contrast 406/1130
deg_analysis_31124753_3.out:    Running contrast 411/1130
deg_analysis_31124753_3.out:    Running contrast 416/1130
deg_analysis_31124753_3.out:    Running contrast 421/1130
deg_analysis_31124753_3.out:    Running contrast 426/1130
deg_analysis_31124753_3.out:    Running contrast 431/1130
deg_analysis_31124753_3.out:    Running contrast 436/1130
deg_analysis_31124753_3.out:    Running contrast 441/1130
deg_analysis_31124753_3.out:    Running contrast 446/1130
deg_analysis_31124753_3.out:    Running contrast 451/1130
deg_analysis_31124753_3.out:    Running contrast 456/1130
deg_analysis_31124753_3.out:    Running contrast 461/1130
deg_analysis_31124753_3.out:    Running contrast 466/1130
deg_analysis_31124753_3.out:    Running contrast 471/1130
deg_analysis_31124753_3.out:    Running contrast 476/1130
deg_analysis_31124753_3.out:    Running contrast 481/1130
deg_analysis_31124753_3.out:    Running contrast 486/1130
deg_analysis_31124753_3.out:    Running contrast 491/1130
deg_analysis_31124753_3.out:    Running contrast 496/1130
deg_analysis_31124753_3.out:    Running contrast 501/1130
deg_analysis_31124753_3.out:    Running contrast 506/1130
deg_analysis_31124753_3.out:    Running contrast 511/1130
deg_analysis_31124753_3.out:    Running contrast 516/1130
deg_analysis_31124753_3.out:    Running contrast 521/1130
deg_analysis_31124753_3.out:    Running contrast 526/1130
deg_analysis_31124753_3.out:    Running contrast 531/1130
deg_analysis_31124753_3.out:    Running contrast 536/1130
deg_analysis_31124753_3.out:    Running contrast 541/1130
deg_analysis_31124753_3.out:    Running contrast 546/1130
deg_analysis_31124753_3.out:    Running contrast 551/1130
deg_analysis_31124753_3.out:    Running contrast 556/1130
deg_analysis_31124753_3.out:    Running contrast 561/1130
deg_analysis_31124753_3.out:    Running contrast 566/1130
deg_analysis_31124753_3.out:    Running contrast 571/1130
deg_analysis_31124753_3.out:    Running contrast 576/1130
deg_analysis_31124753_3.out:    Running contrast 581/1130
deg_analysis_31124753_3.out:    Running contrast 586/1130
deg_analysis_31124753_3.out:    Running contrast 591/1130
deg_analysis_31124753_3.out:    Running contrast 596/1130
deg_analysis_31124753_3.out:    Running contrast 601/1130
deg_analysis_31124753_3.out:    Running contrast 606/1130
deg_analysis_31124753_3.out:    Running contrast 611/1130
deg_analysis_31124753_3.out:    Running contrast 616/1130
deg_analysis_31124753_3.out:    Running contrast 621/1130
deg_analysis_31124753_3.out:    Running contrast 626/1130
deg_analysis_31124753_3.out:    Running contrast 631/1130
deg_analysis_31124753_3.out:    Running contrast 636/1130
deg_analysis_31124753_3.out:    Running contrast 641/1130
deg_analysis_31124753_3.out:    Running contrast 646/1130
deg_analysis_31124753_3.out:    Running contrast 651/1130
deg_analysis_31124753_3.out:    Running contrast 656/1130
deg_analysis_31124753_3.out:    Running contrast 661/1130
deg_analysis_31124753_3.out:    Running contrast 666/1130
deg_analysis_31124753_3.out:    Running contrast 671/1130
deg_analysis_31124753_3.out:    Running contrast 676/1130
deg_analysis_31124753_3.out:    Running contrast 681/1130
deg_analysis_31124753_3.out:    Running contrast 686/1130
deg_analysis_31124753_3.out:    Running contrast 691/1130
deg_analysis_31124753_3.out:    Running contrast 696/1130
deg_analysis_31124753_3.out:    Running contrast 701/1130
deg_analysis_31124753_3.out:    Running contrast 706/1130
deg_analysis_31124753_3.out:    Running contrast 711/1130
deg_analysis_31124753_3.out:    Running contrast 716/1130
deg_analysis_31124753_3.out:    Running contrast 721/1130
deg_analysis_31124753_3.out:    Running contrast 726/1130
deg_analysis_31124753_3.out:    Running contrast 731/1130
deg_analysis_31124753_3.out:    Running contrast 736/1130
deg_analysis_31124753_3.out:    Running contrast 741/1130
deg_analysis_31124753_3.out:    Running contrast 746/1130
deg_analysis_31124753_3.out:    Running contrast 751/1130
deg_analysis_31124753_3.out:    Running contrast 756/1130
deg_analysis_31124753_3.out:    Running contrast 761/1130
deg_analysis_31124753_3.out:    Running contrast 766/1130
deg_analysis_31124753_3.out:    Running contrast 771/1130
deg_analysis_31124753_3.out:    Running contrast 776/1130
deg_analysis_31124753_3.out:    Running contrast 781/1130
deg_analysis_31124753_3.out:    Running contrast 786/1130
deg_analysis_31124753_3.out:    Running contrast 791/1130
deg_analysis_31124753_3.out:    Running contrast 796/1130
deg_analysis_31124753_3.out:    Running contrast 801/1130
deg_analysis_31124753_3.out:    Running contrast 806/1130
deg_analysis_31124753_3.out:    Running contrast 811/1130
deg_analysis_31124753_3.out:    Running contrast 816/1130
deg_analysis_31124753_3.out:    Running contrast 821/1130
deg_analysis_31124753_3.out:    Running contrast 826/1130
deg_analysis_31124753_3.out:    Running contrast 831/1130
deg_analysis_31124753_3.out:    Running contrast 836/1130
deg_analysis_31124753_3.out:    Running contrast 841/1130
deg_analysis_31124753_3.out:    Running contrast 846/1130
deg_analysis_31124753_3.out:    Running contrast 851/1130
deg_analysis_31124753_3.out:    Running contrast 856/1130
deg_analysis_31124753_3.out:    Running contrast 861/1130
deg_analysis_31124753_3.out:    Running contrast 866/1130
deg_analysis_31124753_3.out:    Running contrast 871/1130
deg_analysis_31124753_3.out:    Running contrast 876/1130
deg_analysis_31124753_3.out:    Running contrast 881/1130
deg_analysis_31124753_3.out:    Running contrast 886/1130
deg_analysis_31124753_3.out:    Running contrast 891/1130
deg_analysis_31124753_3.out:    Running contrast 896/1130
deg_analysis_31124753_3.out:    Running contrast 901/1130
deg_analysis_31124753_3.out:    Running contrast 906/1130
deg_analysis_31124753_3.out:    Running contrast 911/1130
deg_analysis_31124753_3.out:    Running contrast 916/1130
deg_analysis_31124753_3.out:    Running contrast 921/1130
deg_analysis_31124753_3.out:    Running contrast 926/1130
deg_analysis_31124753_3.out:    Running contrast 931/1130
deg_analysis_31124753_3.out:    Running contrast 936/1130
deg_analysis_31124753_3.out:    Running contrast 941/1130
deg_analysis_31124753_3.out:    Running contrast 946/1130
deg_analysis_31124753_3.out:    Running contrast 951/1130
deg_analysis_31124753_3.out:    Running contrast 956/1130
deg_analysis_31124753_3.out:    Running contrast 961/1130
deg_analysis_31124753_3.out:    Running contrast 966/1130
deg_analysis_31124753_3.out:    Running contrast 971/1130
deg_analysis_31124753_3.out:    Running contrast 976/1130
deg_analysis_31124753_3.out:    Running contrast 981/1130
deg_analysis_31124753_3.out:    Running contrast 986/1130
deg_analysis_31124753_3.out:    Running contrast 991/1130
deg_analysis_31124753_3.out:    Running contrast 996/1130
deg_analysis_31124753_3.out:    Running contrast 1001/1130
deg_analysis_31124753_3.out:    Running contrast 1006/1130
deg_analysis_31124753_3.out:    Running contrast 1011/1130
deg_analysis_31124753_3.out:    Running contrast 1016/1130
deg_analysis_31124753_3.out:    Running contrast 1021/1130
deg_analysis_31124753_3.out:    Running contrast 1026/1130
deg_analysis_31124753_3.out:    Running contrast 1031/1130
deg_analysis_31124753_3.out:    Running contrast 1036/1130
deg_analysis_31124753_3.out:    Running contrast 1041/1130
deg_analysis_31124753_3.out:    Running contrast 1046/1130
deg_analysis_31124753_3.out:    Running contrast 1051/1130
deg_analysis_31124753_3.out:    Running contrast 1056/1130
deg_analysis_31124753_3.out:    Running contrast 1061/1130
deg_analysis_31124753_3.out:    Running contrast 1066/1130
deg_analysis_31124753_3.out:    Running contrast 1071/1130
deg_analysis_31124753_3.out:    Running contrast 1076/1130
deg_analysis_31124753_3.out:    Running contrast 1081/1130
deg_analysis_31124753_3.out:    Running contrast 1086/1130
deg_analysis_31124753_3.out:    Running contrast 1091/1130
deg_analysis_31124753_3.out:    Running contrast 1096/1130
deg_analysis_31124753_3.out:    Running contrast 1101/1130
deg_analysis_31124753_3.out:    Running contrast 1106/1130
deg_analysis_31124753_3.out:    Running contrast 1111/1130
deg_analysis_31124753_3.out:    Running contrast 1116/1130
deg_analysis_31124753_3.out:    Running contrast 1121/1130
deg_analysis_31124753_3.out:    Running contrast 1126/1130
deg_analysis_31124753_3.out:    Running contrast 1130/1130
deg_analysis_31124753_3.out:
deg_analysis_31124753_3.out:    Writing:  ./data/tahoe/deg_data/group_rep/full/qc_false/filter_min_cells_50/CVCL_0099_de.h5ad 
deg_analysis_31124753_3.out:
deg_analysis_31124753_3.out:    Rewriting h5ad file: ./data/tahoe/deg_data/group_rep/full/qc_false/filter_min_cells_50/CVCL_0099_de.h5ad 
deg_analysis_31124753_3.out:    Removed X matrix
deg_analysis_31124753_3.out:    Rewriting h5ad file is done!
deg_analysis_31124753_3.out:✓ Cell line completed in 7789.6 seconds
deg_analysis_31124753_3.out:
deg_analysis_31124753_3.out:DE analysis completed!
deg_analysis_31124753_3.out:
deg_analysis_31124753_3.out:Total runtime: 7849.9 seconds
deg_analysis_31124753_4.out:
deg_analysis_31124753_4.out:DE analysis started...
deg_analysis_31124753_4.out:Loaded input file:  ./data/tahoe/pseudobulk_processed/group_rep/by_celltype/CVCL_0131_processed.h5ad 
deg_analysis_31124753_4.out:Initial dimensions:  1338  samples ×  62710  genes
deg_analysis_31124753_4.out:Filter samples with the low number of cells
deg_analysis_31124753_4.out:    Filter threshold (min_cells):  50 
deg_analysis_31124753_4.out:    n_obs:  1338 -->  1329 
deg_analysis_31124753_4.out:
deg_analysis_31124753_4.out:▶︎ Processing cell_type  1 / 1 :  CVCL_0131 
deg_analysis_31124753_4.out:    Filter controls by  pert_time_h  column
deg_analysis_31124753_4.out:        n_obs:  1329 -->  1329 
deg_analysis_31124753_4.out:
deg_analysis_31124753_4.out:    Running contrast 1/1132
deg_analysis_31124753_4.out:    Running contrast 6/1132
deg_analysis_31124753_4.out:    Running contrast 11/1132
deg_analysis_31124753_4.out:    Running contrast 16/1132
deg_analysis_31124753_4.out:    Running contrast 21/1132
deg_analysis_31124753_4.out:    Running contrast 26/1132
deg_analysis_31124753_4.out:    Running contrast 31/1132
deg_analysis_31124753_4.out:    Running contrast 36/1132
deg_analysis_31124753_4.out:    Running contrast 41/1132
deg_analysis_31124753_4.out:    Running contrast 46/1132
deg_analysis_31124753_4.out:    Running contrast 51/1132
deg_analysis_31124753_4.out:    Running contrast 56/1132
deg_analysis_31124753_4.out:    Running contrast 61/1132
deg_analysis_31124753_4.out:    Running contrast 66/1132
deg_analysis_31124753_4.out:    Running contrast 71/1132
deg_analysis_31124753_4.out:    Running contrast 76/1132
deg_analysis_31124753_4.out:    Running contrast 81/1132
deg_analysis_31124753_4.out:    Running contrast 86/1132
deg_analysis_31124753_4.out:    Running contrast 91/1132
deg_analysis_31124753_4.out:    Running contrast 96/1132
deg_analysis_31124753_4.out:    Running contrast 101/1132
deg_analysis_31124753_4.out:    Running contrast 106/1132
deg_analysis_31124753_4.out:    Running contrast 111/1132
deg_analysis_31124753_4.out:    Running contrast 116/1132
deg_analysis_31124753_4.out:    Running contrast 121/1132
deg_analysis_31124753_4.out:    Running contrast 126/1132
deg_analysis_31124753_4.out:    Running contrast 131/1132
deg_analysis_31124753_4.out:    Running contrast 136/1132
deg_analysis_31124753_4.out:    Running contrast 141/1132
deg_analysis_31124753_4.out:    Running contrast 146/1132
deg_analysis_31124753_4.out:    Running contrast 151/1132
deg_analysis_31124753_4.out:    Running contrast 156/1132
deg_analysis_31124753_4.out:    Running contrast 161/1132
deg_analysis_31124753_4.out:    Running contrast 166/1132
deg_analysis_31124753_4.out:    Running contrast 171/1132
deg_analysis_31124753_4.out:    Running contrast 176/1132
deg_analysis_31124753_4.out:    Running contrast 181/1132
deg_analysis_31124753_4.out:    Running contrast 186/1132
deg_analysis_31124753_4.out:    Running contrast 191/1132
deg_analysis_31124753_4.out:    Running contrast 196/1132
deg_analysis_31124753_4.out:    Running contrast 201/1132
deg_analysis_31124753_4.out:    Running contrast 206/1132
deg_analysis_31124753_4.out:    Running contrast 211/1132
deg_analysis_31124753_4.out:    Running contrast 216/1132
deg_analysis_31124753_4.out:    Running contrast 221/1132
deg_analysis_31124753_4.out:    Running contrast 226/1132
deg_analysis_31124753_4.out:    Running contrast 231/1132
deg_analysis_31124753_4.out:    Running contrast 236/1132
deg_analysis_31124753_4.out:    Running contrast 241/1132
deg_analysis_31124753_4.out:    Running contrast 246/1132
deg_analysis_31124753_4.out:    Running contrast 251/1132
deg_analysis_31124753_4.out:    Running contrast 256/1132
deg_analysis_31124753_4.out:    Running contrast 261/1132
deg_analysis_31124753_4.out:    Running contrast 266/1132
deg_analysis_31124753_4.out:    Running contrast 271/1132
deg_analysis_31124753_4.out:    Running contrast 276/1132
deg_analysis_31124753_4.out:    Running contrast 281/1132
deg_analysis_31124753_4.out:    Running contrast 286/1132
deg_analysis_31124753_4.out:    Running contrast 291/1132
deg_analysis_31124753_4.out:    Running contrast 296/1132
deg_analysis_31124753_4.out:    Running contrast 301/1132
deg_analysis_31124753_4.out:    Running contrast 306/1132
deg_analysis_31124753_4.out:    Running contrast 311/1132
deg_analysis_31124753_4.out:    Running contrast 316/1132
deg_analysis_31124753_4.out:    Running contrast 321/1132
deg_analysis_31124753_4.out:    Running contrast 326/1132
deg_analysis_31124753_4.out:    Running contrast 331/1132
deg_analysis_31124753_4.out:    Running contrast 336/1132
deg_analysis_31124753_4.out:    Running contrast 341/1132
deg_analysis_31124753_4.out:    Running contrast 346/1132
deg_analysis_31124753_4.out:    Running contrast 351/1132
deg_analysis_31124753_4.out:    Running contrast 356/1132
deg_analysis_31124753_4.out:    Running contrast 361/1132
deg_analysis_31124753_4.out:    Running contrast 366/1132
deg_analysis_31124753_4.out:    Running contrast 371/1132
deg_analysis_31124753_4.out:    Running contrast 376/1132
deg_analysis_31124753_4.out:    Running contrast 381/1132
deg_analysis_31124753_4.out:    Running contrast 386/1132
deg_analysis_31124753_4.out:    Running contrast 391/1132
deg_analysis_31124753_4.out:    Running contrast 396/1132
deg_analysis_31124753_4.out:    Running contrast 401/1132
deg_analysis_31124753_4.out:    Running contrast 406/1132
deg_analysis_31124753_4.out:    Running contrast 411/1132
deg_analysis_31124753_4.out:    Running contrast 416/1132
deg_analysis_31124753_4.out:    Running contrast 421/1132
deg_analysis_31124753_4.out:    Running contrast 426/1132
deg_analysis_31124753_4.out:    Running contrast 431/1132
deg_analysis_31124753_4.out:    Running contrast 436/1132
deg_analysis_31124753_4.out:    Running contrast 441/1132
deg_analysis_31124753_4.out:    Running contrast 446/1132
deg_analysis_31124753_4.out:    Running contrast 451/1132
deg_analysis_31124753_4.out:    Running contrast 456/1132
deg_analysis_31124753_4.out:    Running contrast 461/1132
deg_analysis_31124753_4.out:    Running contrast 466/1132
deg_analysis_31124753_4.out:    Running contrast 471/1132
deg_analysis_31124753_4.out:    Running contrast 476/1132
deg_analysis_31124753_4.out:    Running contrast 481/1132
deg_analysis_31124753_4.out:    Running contrast 486/1132
deg_analysis_31124753_4.out:    Running contrast 491/1132
deg_analysis_31124753_4.out:    Running contrast 496/1132
deg_analysis_31124753_4.out:    Running contrast 501/1132
deg_analysis_31124753_4.out:    Running contrast 506/1132
deg_analysis_31124753_4.out:    Running contrast 511/1132
deg_analysis_31124753_4.out:    Running contrast 516/1132
deg_analysis_31124753_4.out:    Running contrast 521/1132
deg_analysis_31124753_4.out:    Running contrast 526/1132
deg_analysis_31124753_4.out:    Running contrast 531/1132
deg_analysis_31124753_4.out:    Running contrast 536/1132
deg_analysis_31124753_4.out:    Running contrast 541/1132
deg_analysis_31124753_4.out:    Running contrast 546/1132
deg_analysis_31124753_4.out:    Running contrast 551/1132
deg_analysis_31124753_4.out:    Running contrast 556/1132
deg_analysis_31124753_4.out:    Running contrast 561/1132
deg_analysis_31124753_4.out:    Running contrast 566/1132
deg_analysis_31124753_4.out:    Running contrast 571/1132
deg_analysis_31124753_4.out:    Running contrast 576/1132
deg_analysis_31124753_4.out:    Running contrast 581/1132
deg_analysis_31124753_4.out:    Running contrast 586/1132
deg_analysis_31124753_4.out:    Running contrast 591/1132
deg_analysis_31124753_4.out:    Running contrast 596/1132
deg_analysis_31124753_4.out:    Running contrast 601/1132
deg_analysis_31124753_4.out:    Running contrast 606/1132
deg_analysis_31124753_4.out:    Running contrast 611/1132
deg_analysis_31124753_4.out:    Running contrast 616/1132
deg_analysis_31124753_4.out:    Running contrast 621/1132
deg_analysis_31124753_4.out:    Running contrast 626/1132
deg_analysis_31124753_4.out:    Running contrast 631/1132
deg_analysis_31124753_4.out:    Running contrast 636/1132
deg_analysis_31124753_4.out:    Running contrast 641/1132
deg_analysis_31124753_4.out:    Running contrast 646/1132
deg_analysis_31124753_4.out:    Running contrast 651/1132
deg_analysis_31124753_4.out:    Running contrast 656/1132
deg_analysis_31124753_4.out:    Running contrast 661/1132
deg_analysis_31124753_4.out:    Running contrast 666/1132
deg_analysis_31124753_4.out:    Running contrast 671/1132
deg_analysis_31124753_4.out:    Running contrast 676/1132
deg_analysis_31124753_4.out:    Running contrast 681/1132
deg_analysis_31124753_4.out:    Running contrast 686/1132
deg_analysis_31124753_4.out:    Running contrast 691/1132
deg_analysis_31124753_4.out:    Running contrast 696/1132
deg_analysis_31124753_4.out:    Running contrast 701/1132
deg_analysis_31124753_4.out:    Running contrast 706/1132
deg_analysis_31124753_4.out:    Running contrast 711/1132
deg_analysis_31124753_4.out:    Running contrast 716/1132
deg_analysis_31124753_4.out:    Running contrast 721/1132
deg_analysis_31124753_4.out:    Running contrast 726/1132
deg_analysis_31124753_4.out:    Running contrast 731/1132
deg_analysis_31124753_4.out:    Running contrast 736/1132
deg_analysis_31124753_4.out:    Running contrast 741/1132
deg_analysis_31124753_4.out:    Running contrast 746/1132
deg_analysis_31124753_4.out:    Running contrast 751/1132
deg_analysis_31124753_4.out:    Running contrast 756/1132
deg_analysis_31124753_4.out:    Running contrast 761/1132
deg_analysis_31124753_4.out:    Running contrast 766/1132
deg_analysis_31124753_4.out:    Running contrast 771/1132
deg_analysis_31124753_4.out:    Running contrast 776/1132
deg_analysis_31124753_4.out:    Running contrast 781/1132
deg_analysis_31124753_4.out:    Running contrast 786/1132
deg_analysis_31124753_4.out:    Running contrast 791/1132
deg_analysis_31124753_4.out:    Running contrast 796/1132
deg_analysis_31124753_4.out:    Running contrast 801/1132
deg_analysis_31124753_4.out:    Running contrast 806/1132
deg_analysis_31124753_4.out:    Running contrast 811/1132
deg_analysis_31124753_4.out:    Running contrast 816/1132
deg_analysis_31124753_4.out:    Running contrast 821/1132
deg_analysis_31124753_4.out:    Running contrast 826/1132
deg_analysis_31124753_4.out:    Running contrast 831/1132
deg_analysis_31124753_4.out:    Running contrast 836/1132
deg_analysis_31124753_4.out:    Running contrast 841/1132
deg_analysis_31124753_4.out:    Running contrast 846/1132
deg_analysis_31124753_4.out:    Running contrast 851/1132
deg_analysis_31124753_4.out:    Running contrast 856/1132
deg_analysis_31124753_4.out:    Running contrast 861/1132
deg_analysis_31124753_4.out:    Running contrast 866/1132
deg_analysis_31124753_4.out:    Running contrast 871/1132
deg_analysis_31124753_4.out:    Running contrast 876/1132
deg_analysis_31124753_4.out:    Running contrast 881/1132
deg_analysis_31124753_4.out:    Running contrast 886/1132
deg_analysis_31124753_4.out:    Running contrast 891/1132
deg_analysis_31124753_4.out:    Running contrast 896/1132
deg_analysis_31124753_4.out:    Running contrast 901/1132
deg_analysis_31124753_4.out:    Running contrast 906/1132
deg_analysis_31124753_4.out:    Running contrast 911/1132
deg_analysis_31124753_4.out:    Running contrast 916/1132
deg_analysis_31124753_4.out:    Running contrast 921/1132
deg_analysis_31124753_4.out:    Running contrast 926/1132
deg_analysis_31124753_4.out:    Running contrast 931/1132
deg_analysis_31124753_4.out:    Running contrast 936/1132
deg_analysis_31124753_4.out:    Running contrast 941/1132
deg_analysis_31124753_4.out:    Running contrast 946/1132
deg_analysis_31124753_4.out:    Running contrast 951/1132
deg_analysis_31124753_4.out:    Running contrast 956/1132
deg_analysis_31124753_4.out:    Running contrast 961/1132
deg_analysis_31124753_4.out:    Running contrast 966/1132
deg_analysis_31124753_4.out:    Running contrast 971/1132
deg_analysis_31124753_4.out:    Running contrast 976/1132
deg_analysis_31124753_4.out:    Running contrast 981/1132
deg_analysis_31124753_4.out:    Running contrast 986/1132
deg_analysis_31124753_4.out:    Running contrast 991/1132
deg_analysis_31124753_4.out:    Running contrast 996/1132
deg_analysis_31124753_4.out:    Running contrast 1001/1132
deg_analysis_31124753_4.out:    Running contrast 1006/1132
deg_analysis_31124753_4.out:    Running contrast 1011/1132
deg_analysis_31124753_4.out:    Running contrast 1016/1132
deg_analysis_31124753_4.out:    Running contrast 1021/1132
deg_analysis_31124753_4.out:    Running contrast 1026/1132
deg_analysis_31124753_4.out:    Running contrast 1031/1132
deg_analysis_31124753_4.out:    Running contrast 1036/1132
deg_analysis_31124753_4.out:    Running contrast 1041/1132
deg_analysis_31124753_4.out:    Running contrast 1046/1132
deg_analysis_31124753_4.out:    Running contrast 1051/1132
deg_analysis_31124753_4.out:    Running contrast 1056/1132
deg_analysis_31124753_4.out:    Running contrast 1061/1132
deg_analysis_31124753_4.out:    Running contrast 1066/1132
deg_analysis_31124753_4.out:    Running contrast 1071/1132
deg_analysis_31124753_4.out:    Running contrast 1076/1132
deg_analysis_31124753_4.out:    Running contrast 1081/1132
deg_analysis_31124753_4.out:    Running contrast 1086/1132
deg_analysis_31124753_4.out:    Running contrast 1091/1132
deg_analysis_31124753_4.out:    Running contrast 1096/1132
deg_analysis_31124753_4.out:    Running contrast 1101/1132
deg_analysis_31124753_4.out:    Running contrast 1106/1132
deg_analysis_31124753_4.out:    Running contrast 1111/1132
deg_analysis_31124753_4.out:    Running contrast 1116/1132
deg_analysis_31124753_4.out:    Running contrast 1121/1132
deg_analysis_31124753_4.out:    Running contrast 1126/1132
deg_analysis_31124753_4.out:    Running contrast 1131/1132
deg_analysis_31124753_4.out:    Running contrast 1132/1132
deg_analysis_31124753_4.out:
deg_analysis_31124753_4.out:    Writing:  ./data/tahoe/deg_data/group_rep/full/qc_false/filter_min_cells_50/CVCL_0131_de.h5ad 
deg_analysis_31124753_4.out:
deg_analysis_31124753_4.out:    Rewriting h5ad file: ./data/tahoe/deg_data/group_rep/full/qc_false/filter_min_cells_50/CVCL_0131_de.h5ad 
deg_analysis_31124753_4.out:    Removed X matrix
deg_analysis_31124753_4.out:    Rewriting h5ad file is done!
deg_analysis_31124753_4.out:✓ Cell line completed in 7871.5 seconds
deg_analysis_31124753_4.out:
deg_analysis_31124753_4.out:DE analysis completed!
deg_analysis_31124753_4.out:
deg_analysis_31124753_4.out:Total runtime: 7939.9 seconds
deg_analysis_31124753_5.out:
deg_analysis_31124753_5.out:DE analysis started...
deg_analysis_31124753_5.out:Loaded input file:  ./data/tahoe/pseudobulk_processed/group_rep/by_celltype/CVCL_0152_processed.h5ad 
deg_analysis_31124753_5.out:Initial dimensions:  1341  samples ×  62710  genes
deg_analysis_31124753_5.out:Filter samples with the low number of cells
deg_analysis_31124753_5.out:    Filter threshold (min_cells):  50 
deg_analysis_31124753_5.out:    n_obs:  1341 -->  1330 
deg_analysis_31124753_5.out:
deg_analysis_31124753_5.out:▶︎ Processing cell_type  1 / 1 :  CVCL_0152 
deg_analysis_31124753_5.out:    Filter controls by  pert_time_h  column
deg_analysis_31124753_5.out:        n_obs:  1330 -->  1330 
deg_analysis_31124753_5.out:
deg_analysis_31124753_5.out:    Running contrast 1/1133
deg_analysis_31124753_5.out:    Running contrast 6/1133
deg_analysis_31124753_5.out:    Running contrast 11/1133
deg_analysis_31124753_5.out:    Running contrast 16/1133
deg_analysis_31124753_5.out:    Running contrast 21/1133
deg_analysis_31124753_5.out:    Running contrast 26/1133
deg_analysis_31124753_5.out:    Running contrast 31/1133
deg_analysis_31124753_5.out:    Running contrast 36/1133
deg_analysis_31124753_5.out:    Running contrast 41/1133
deg_analysis_31124753_5.out:    Running contrast 46/1133
deg_analysis_31124753_5.out:    Running contrast 51/1133
deg_analysis_31124753_5.out:    Running contrast 56/1133
deg_analysis_31124753_5.out:    Running contrast 61/1133
deg_analysis_31124753_5.out:    Running contrast 66/1133
deg_analysis_31124753_5.out:    Running contrast 71/1133
deg_analysis_31124753_5.out:    Running contrast 76/1133
deg_analysis_31124753_5.out:    Running contrast 81/1133
deg_analysis_31124753_5.out:    Running contrast 86/1133
deg_analysis_31124753_5.out:    Running contrast 91/1133
deg_analysis_31124753_5.out:    Running contrast 96/1133
deg_analysis_31124753_5.out:    Running contrast 101/1133
deg_analysis_31124753_5.out:    Running contrast 106/1133
deg_analysis_31124753_5.out:    Running contrast 111/1133
deg_analysis_31124753_5.out:    Running contrast 116/1133
deg_analysis_31124753_5.out:    Running contrast 121/1133
deg_analysis_31124753_5.out:    Running contrast 126/1133
deg_analysis_31124753_5.out:    Running contrast 131/1133
deg_analysis_31124753_5.out:    Running contrast 136/1133
deg_analysis_31124753_5.out:    Running contrast 141/1133
deg_analysis_31124753_5.out:    Running contrast 146/1133
deg_analysis_31124753_5.out:    Running contrast 151/1133
deg_analysis_31124753_5.out:    Running contrast 156/1133
deg_analysis_31124753_5.out:    Running contrast 161/1133
deg_analysis_31124753_5.out:    Running contrast 166/1133
deg_analysis_31124753_5.out:    Running contrast 171/1133
deg_analysis_31124753_5.out:    Running contrast 176/1133
deg_analysis_31124753_5.out:    Running contrast 181/1133
deg_analysis_31124753_5.out:    Running contrast 186/1133
deg_analysis_31124753_5.out:    Running contrast 191/1133
deg_analysis_31124753_5.out:    Running contrast 196/1133
deg_analysis_31124753_5.out:    Running contrast 201/1133
deg_analysis_31124753_5.out:    Running contrast 206/1133
deg_analysis_31124753_5.out:    Running contrast 211/1133
deg_analysis_31124753_5.out:    Running contrast 216/1133
deg_analysis_31124753_5.out:    Running contrast 221/1133
deg_analysis_31124753_5.out:    Running contrast 226/1133
deg_analysis_31124753_5.out:    Running contrast 231/1133
deg_analysis_31124753_5.out:    Running contrast 236/1133
deg_analysis_31124753_5.out:    Running contrast 241/1133
deg_analysis_31124753_5.out:    Running contrast 246/1133
deg_analysis_31124753_5.out:    Running contrast 251/1133
deg_analysis_31124753_5.out:    Running contrast 256/1133
deg_analysis_31124753_5.out:    Running contrast 261/1133
deg_analysis_31124753_5.out:    Running contrast 266/1133
deg_analysis_31124753_5.out:    Running contrast 271/1133
deg_analysis_31124753_5.out:    Running contrast 276/1133
deg_analysis_31124753_5.out:    Running contrast 281/1133
deg_analysis_31124753_5.out:    Running contrast 286/1133
deg_analysis_31124753_5.out:    Running contrast 291/1133
deg_analysis_31124753_5.out:    Running contrast 296/1133
deg_analysis_31124753_5.out:    Running contrast 301/1133
deg_analysis_31124753_5.out:    Running contrast 306/1133
deg_analysis_31124753_5.out:    Running contrast 311/1133
deg_analysis_31124753_5.out:    Running contrast 316/1133
deg_analysis_31124753_5.out:    Running contrast 321/1133
deg_analysis_31124753_5.out:    Running contrast 326/1133
deg_analysis_31124753_5.out:    Running contrast 331/1133
deg_analysis_31124753_5.out:    Running contrast 336/1133
deg_analysis_31124753_5.out:    Running contrast 341/1133
deg_analysis_31124753_5.out:    Running contrast 346/1133
deg_analysis_31124753_5.out:    Running contrast 351/1133
deg_analysis_31124753_5.out:    Running contrast 356/1133
deg_analysis_31124753_5.out:    Running contrast 361/1133
deg_analysis_31124753_5.out:    Running contrast 366/1133
deg_analysis_31124753_5.out:    Running contrast 371/1133
deg_analysis_31124753_5.out:    Running contrast 376/1133
deg_analysis_31124753_5.out:    Running contrast 381/1133
deg_analysis_31124753_5.out:    Running contrast 386/1133
deg_analysis_31124753_5.out:    Running contrast 391/1133
deg_analysis_31124753_5.out:    Running contrast 396/1133
deg_analysis_31124753_5.out:    Running contrast 401/1133
deg_analysis_31124753_5.out:    Running contrast 406/1133
deg_analysis_31124753_5.out:    Running contrast 411/1133
deg_analysis_31124753_5.out:    Running contrast 416/1133
deg_analysis_31124753_5.out:    Running contrast 421/1133
deg_analysis_31124753_5.out:    Running contrast 426/1133
deg_analysis_31124753_5.out:    Running contrast 431/1133
deg_analysis_31124753_5.out:    Running contrast 436/1133
deg_analysis_31124753_5.out:    Running contrast 441/1133
deg_analysis_31124753_5.out:    Running contrast 446/1133
deg_analysis_31124753_5.out:    Running contrast 451/1133
deg_analysis_31124753_5.out:    Running contrast 456/1133
deg_analysis_31124753_5.out:    Running contrast 461/1133
deg_analysis_31124753_5.out:    Running contrast 466/1133
deg_analysis_31124753_5.out:    Running contrast 471/1133
deg_analysis_31124753_5.out:    Running contrast 476/1133
deg_analysis_31124753_5.out:    Running contrast 481/1133
deg_analysis_31124753_5.out:    Running contrast 486/1133
deg_analysis_31124753_5.out:    Running contrast 491/1133
deg_analysis_31124753_5.out:    Running contrast 496/1133
deg_analysis_31124753_5.out:    Running contrast 501/1133
deg_analysis_31124753_5.out:    Running contrast 506/1133
deg_analysis_31124753_5.out:    Running contrast 511/1133
deg_analysis_31124753_5.out:    Running contrast 516/1133
deg_analysis_31124753_5.out:    Running contrast 521/1133
deg_analysis_31124753_5.out:    Running contrast 526/1133
deg_analysis_31124753_5.out:    Running contrast 531/1133
deg_analysis_31124753_5.out:    Running contrast 536/1133
deg_analysis_31124753_5.out:    Running contrast 541/1133
deg_analysis_31124753_5.out:    Running contrast 546/1133
deg_analysis_31124753_5.out:    Running contrast 551/1133
deg_analysis_31124753_5.out:    Running contrast 556/1133
deg_analysis_31124753_5.out:    Running contrast 561/1133
deg_analysis_31124753_5.out:    Running contrast 566/1133
deg_analysis_31124753_5.out:    Running contrast 571/1133
deg_analysis_31124753_5.out:    Running contrast 576/1133
deg_analysis_31124753_5.out:    Running contrast 581/1133
deg_analysis_31124753_5.out:    Running contrast 586/1133
deg_analysis_31124753_5.out:    Running contrast 591/1133
deg_analysis_31124753_5.out:    Running contrast 596/1133
deg_analysis_31124753_5.out:    Running contrast 601/1133
deg_analysis_31124753_5.out:    Running contrast 606/1133
deg_analysis_31124753_5.out:    Running contrast 611/1133
deg_analysis_31124753_5.out:    Running contrast 616/1133
deg_analysis_31124753_5.out:    Running contrast 621/1133
deg_analysis_31124753_5.out:    Running contrast 626/1133
deg_analysis_31124753_5.out:    Running contrast 631/1133
deg_analysis_31124753_5.out:    Running contrast 636/1133
deg_analysis_31124753_5.out:    Running contrast 641/1133
deg_analysis_31124753_5.out:    Running contrast 646/1133
deg_analysis_31124753_5.out:    Running contrast 651/1133
deg_analysis_31124753_5.out:    Running contrast 656/1133
deg_analysis_31124753_5.out:    Running contrast 661/1133
deg_analysis_31124753_5.out:    Running contrast 666/1133
deg_analysis_31124753_5.out:    Running contrast 671/1133
deg_analysis_31124753_5.out:    Running contrast 676/1133
deg_analysis_31124753_5.out:    Running contrast 681/1133
deg_analysis_31124753_5.out:    Running contrast 686/1133
deg_analysis_31124753_5.out:    Running contrast 691/1133
deg_analysis_31124753_5.out:    Running contrast 696/1133
deg_analysis_31124753_5.out:    Running contrast 701/1133
deg_analysis_31124753_5.out:    Running contrast 706/1133
deg_analysis_31124753_5.out:    Running contrast 711/1133
deg_analysis_31124753_5.out:    Running contrast 716/1133
deg_analysis_31124753_5.out:    Running contrast 721/1133
deg_analysis_31124753_5.out:    Running contrast 726/1133
deg_analysis_31124753_5.out:    Running contrast 731/1133
deg_analysis_31124753_5.out:    Running contrast 736/1133
deg_analysis_31124753_5.out:    Running contrast 741/1133
deg_analysis_31124753_5.out:    Running contrast 746/1133
deg_analysis_31124753_5.out:    Running contrast 751/1133
deg_analysis_31124753_5.out:    Running contrast 756/1133
deg_analysis_31124753_5.out:    Running contrast 761/1133
deg_analysis_31124753_5.out:    Running contrast 766/1133
deg_analysis_31124753_5.out:    Running contrast 771/1133
deg_analysis_31124753_5.out:    Running contrast 776/1133
deg_analysis_31124753_5.out:    Running contrast 781/1133
deg_analysis_31124753_5.out:    Running contrast 786/1133
deg_analysis_31124753_5.out:    Running contrast 791/1133
deg_analysis_31124753_5.out:    Running contrast 796/1133
deg_analysis_31124753_5.out:    Running contrast 801/1133
deg_analysis_31124753_5.out:    Running contrast 806/1133
deg_analysis_31124753_5.out:    Running contrast 811/1133
deg_analysis_31124753_5.out:    Running contrast 816/1133
deg_analysis_31124753_5.out:    Running contrast 821/1133
deg_analysis_31124753_5.out:    Running contrast 826/1133
deg_analysis_31124753_5.out:    Running contrast 831/1133
deg_analysis_31124753_5.out:    Running contrast 836/1133
deg_analysis_31124753_5.out:    Running contrast 841/1133
deg_analysis_31124753_5.out:    Running contrast 846/1133
deg_analysis_31124753_5.out:    Running contrast 851/1133
deg_analysis_31124753_5.out:    Running contrast 856/1133
deg_analysis_31124753_5.out:    Running contrast 861/1133
deg_analysis_31124753_5.out:    Running contrast 866/1133
deg_analysis_31124753_5.out:    Running contrast 871/1133
deg_analysis_31124753_5.out:    Running contrast 876/1133
deg_analysis_31124753_5.out:    Running contrast 881/1133
deg_analysis_31124753_5.out:    Running contrast 886/1133
deg_analysis_31124753_5.out:    Running contrast 891/1133
deg_analysis_31124753_5.out:    Running contrast 896/1133
deg_analysis_31124753_5.out:    Running contrast 901/1133
deg_analysis_31124753_5.out:    Running contrast 906/1133
deg_analysis_31124753_5.out:    Running contrast 911/1133
deg_analysis_31124753_5.out:    Running contrast 916/1133
deg_analysis_31124753_5.out:    Running contrast 921/1133
deg_analysis_31124753_5.out:    Running contrast 926/1133
deg_analysis_31124753_5.out:    Running contrast 931/1133
deg_analysis_31124753_5.out:    Running contrast 936/1133
deg_analysis_31124753_5.out:    Running contrast 941/1133
deg_analysis_31124753_5.out:    Running contrast 946/1133
deg_analysis_31124753_5.out:    Running contrast 951/1133
deg_analysis_31124753_5.out:    Running contrast 956/1133
deg_analysis_31124753_5.out:    Running contrast 961/1133
deg_analysis_31124753_5.out:    Running contrast 966/1133
deg_analysis_31124753_5.out:    Running contrast 971/1133
deg_analysis_31124753_5.out:    Running contrast 976/1133
deg_analysis_31124753_5.out:    Running contrast 981/1133
deg_analysis_31124753_5.out:    Running contrast 986/1133
deg_analysis_31124753_5.out:    Running contrast 991/1133
deg_analysis_31124753_5.out:    Running contrast 996/1133
deg_analysis_31124753_5.out:    Running contrast 1001/1133
deg_analysis_31124753_5.out:    Running contrast 1006/1133
deg_analysis_31124753_5.out:    Running contrast 1011/1133
deg_analysis_31124753_5.out:    Running contrast 1016/1133
deg_analysis_31124753_5.out:    Running contrast 1021/1133
deg_analysis_31124753_5.out:    Running contrast 1026/1133
deg_analysis_31124753_5.out:    Running contrast 1031/1133
deg_analysis_31124753_5.out:    Running contrast 1036/1133
deg_analysis_31124753_5.out:    Running contrast 1041/1133
deg_analysis_31124753_5.out:    Running contrast 1046/1133
deg_analysis_31124753_5.out:    Running contrast 1051/1133
deg_analysis_31124753_5.out:    Running contrast 1056/1133
deg_analysis_31124753_5.out:    Running contrast 1061/1133
deg_analysis_31124753_5.out:    Running contrast 1066/1133
deg_analysis_31124753_5.out:    Running contrast 1071/1133
deg_analysis_31124753_5.out:    Running contrast 1076/1133
deg_analysis_31124753_5.out:    Running contrast 1081/1133
deg_analysis_31124753_5.out:    Running contrast 1086/1133
deg_analysis_31124753_5.out:    Running contrast 1091/1133
deg_analysis_31124753_5.out:    Running contrast 1096/1133
deg_analysis_31124753_5.out:    Running contrast 1101/1133
deg_analysis_31124753_5.out:    Running contrast 1106/1133
deg_analysis_31124753_5.out:    Running contrast 1111/1133
deg_analysis_31124753_5.out:    Running contrast 1116/1133
deg_analysis_31124753_5.out:    Running contrast 1121/1133
deg_analysis_31124753_5.out:    Running contrast 1126/1133
deg_analysis_31124753_5.out:    Running contrast 1131/1133
deg_analysis_31124753_5.out:    Running contrast 1133/1133
deg_analysis_31124753_5.out:
deg_analysis_31124753_5.out:    Writing:  ./data/tahoe/deg_data/group_rep/full/qc_false/filter_min_cells_50/CVCL_0152_de.h5ad 
deg_analysis_31124753_5.out:
deg_analysis_31124753_5.out:    Rewriting h5ad file: ./data/tahoe/deg_data/group_rep/full/qc_false/filter_min_cells_50/CVCL_0152_de.h5ad 
deg_analysis_31124753_5.out:    Removed X matrix
deg_analysis_31124753_5.out:    Rewriting h5ad file is done!
deg_analysis_31124753_5.out:✓ Cell line completed in 7292.8 seconds
deg_analysis_31124753_5.out:
deg_analysis_31124753_5.out:DE analysis completed!
deg_analysis_31124753_5.out:
deg_analysis_31124753_5.out:Total runtime: 7307.8 seconds
deg_analysis_31124753_6.out:
deg_analysis_31124753_6.out:DE analysis started...
deg_analysis_31124753_6.out:Loaded input file:  ./data/tahoe/pseudobulk_processed/group_rep/by_celltype/CVCL_0179_processed.h5ad 
deg_analysis_31124753_6.out:Initial dimensions:  1338  samples ×  62710  genes
deg_analysis_31124753_6.out:Filter samples with the low number of cells
deg_analysis_31124753_6.out:    Filter threshold (min_cells):  50 
deg_analysis_31124753_6.out:    n_obs:  1338 -->  1328 
deg_analysis_31124753_6.out:
deg_analysis_31124753_6.out:▶︎ Processing cell_type  1 / 1 :  CVCL_0179 
deg_analysis_31124753_6.out:    Filter controls by  pert_time_h  column
deg_analysis_31124753_6.out:        n_obs:  1328 -->  1328 
deg_analysis_31124753_6.out:
deg_analysis_31124753_6.out:    Running contrast 1/1131
deg_analysis_31124753_6.out:    Running contrast 6/1131
deg_analysis_31124753_6.out:    Running contrast 11/1131
deg_analysis_31124753_6.out:    Running contrast 16/1131
deg_analysis_31124753_6.out:    Running contrast 21/1131
deg_analysis_31124753_6.out:    Running contrast 26/1131
deg_analysis_31124753_6.out:    Running contrast 31/1131
deg_analysis_31124753_6.out:    Running contrast 36/1131
deg_analysis_31124753_6.out:    Running contrast 41/1131
deg_analysis_31124753_6.out:    Running contrast 46/1131
deg_analysis_31124753_6.out:    Running contrast 51/1131
deg_analysis_31124753_6.out:    Running contrast 56/1131
deg_analysis_31124753_6.out:    Running contrast 61/1131
deg_analysis_31124753_6.out:    Running contrast 66/1131
deg_analysis_31124753_6.out:    Running contrast 71/1131
deg_analysis_31124753_6.out:    Running contrast 76/1131
deg_analysis_31124753_6.out:    Running contrast 81/1131
deg_analysis_31124753_6.out:    Running contrast 86/1131
deg_analysis_31124753_6.out:    Running contrast 91/1131
deg_analysis_31124753_6.out:    Running contrast 96/1131
deg_analysis_31124753_6.out:    Running contrast 101/1131
deg_analysis_31124753_6.out:    Running contrast 106/1131
deg_analysis_31124753_6.out:    Running contrast 111/1131
deg_analysis_31124753_6.out:    Running contrast 116/1131
deg_analysis_31124753_6.out:    Running contrast 121/1131
deg_analysis_31124753_6.out:    Running contrast 126/1131
deg_analysis_31124753_6.out:    Running contrast 131/1131
deg_analysis_31124753_6.out:    Running contrast 136/1131
deg_analysis_31124753_6.out:    Running contrast 141/1131
deg_analysis_31124753_6.out:    Running contrast 146/1131
deg_analysis_31124753_6.out:    Running contrast 151/1131
deg_analysis_31124753_6.out:    Running contrast 156/1131
deg_analysis_31124753_6.out:    Running contrast 161/1131
deg_analysis_31124753_6.out:    Running contrast 166/1131
deg_analysis_31124753_6.out:    Running contrast 171/1131
deg_analysis_31124753_6.out:    Running contrast 176/1131
deg_analysis_31124753_6.out:    Running contrast 181/1131
deg_analysis_31124753_6.out:    Running contrast 186/1131
deg_analysis_31124753_6.out:    Running contrast 191/1131
deg_analysis_31124753_6.out:    Running contrast 196/1131
deg_analysis_31124753_6.out:    Running contrast 201/1131
deg_analysis_31124753_6.out:    Running contrast 206/1131
deg_analysis_31124753_6.out:    Running contrast 211/1131
deg_analysis_31124753_6.out:    Running contrast 216/1131
deg_analysis_31124753_6.out:    Running contrast 221/1131
deg_analysis_31124753_6.out:    Running contrast 226/1131
deg_analysis_31124753_6.out:    Running contrast 231/1131
deg_analysis_31124753_6.out:    Running contrast 236/1131
deg_analysis_31124753_6.out:    Running contrast 241/1131
deg_analysis_31124753_6.out:    Running contrast 246/1131
deg_analysis_31124753_6.out:    Running contrast 251/1131
deg_analysis_31124753_6.out:    Running contrast 256/1131
deg_analysis_31124753_6.out:    Running contrast 261/1131
deg_analysis_31124753_6.out:    Running contrast 266/1131
deg_analysis_31124753_6.out:    Running contrast 271/1131
deg_analysis_31124753_6.out:    Running contrast 276/1131
deg_analysis_31124753_6.out:    Running contrast 281/1131
deg_analysis_31124753_6.out:    Running contrast 286/1131
deg_analysis_31124753_6.out:    Running contrast 291/1131
deg_analysis_31124753_6.out:    Running contrast 296/1131
deg_analysis_31124753_6.out:    Running contrast 301/1131
deg_analysis_31124753_6.out:    Running contrast 306/1131
deg_analysis_31124753_6.out:    Running contrast 311/1131
deg_analysis_31124753_6.out:    Running contrast 316/1131
deg_analysis_31124753_6.out:    Running contrast 321/1131
deg_analysis_31124753_6.out:    Running contrast 326/1131
deg_analysis_31124753_6.out:    Running contrast 331/1131
deg_analysis_31124753_6.out:    Running contrast 336/1131
deg_analysis_31124753_6.out:    Running contrast 341/1131
deg_analysis_31124753_6.out:    Running contrast 346/1131
deg_analysis_31124753_6.out:    Running contrast 351/1131
deg_analysis_31124753_6.out:    Running contrast 356/1131
deg_analysis_31124753_6.out:    Running contrast 361/1131
deg_analysis_31124753_6.out:    Running contrast 366/1131
deg_analysis_31124753_6.out:    Running contrast 371/1131
deg_analysis_31124753_6.out:    Running contrast 376/1131
deg_analysis_31124753_6.out:    Running contrast 381/1131
deg_analysis_31124753_6.out:    Running contrast 386/1131
deg_analysis_31124753_6.out:    Running contrast 391/1131
deg_analysis_31124753_6.out:    Running contrast 396/1131
deg_analysis_31124753_6.out:    Running contrast 401/1131
deg_analysis_31124753_6.out:    Running contrast 406/1131
deg_analysis_31124753_6.out:    Running contrast 411/1131
deg_analysis_31124753_6.out:    Running contrast 416/1131
deg_analysis_31124753_6.out:    Running contrast 421/1131
deg_analysis_31124753_6.out:    Running contrast 426/1131
deg_analysis_31124753_6.out:    Running contrast 431/1131
deg_analysis_31124753_6.out:    Running contrast 436/1131
deg_analysis_31124753_6.out:    Running contrast 441/1131
deg_analysis_31124753_6.out:    Running contrast 446/1131
deg_analysis_31124753_6.out:    Running contrast 451/1131
deg_analysis_31124753_6.out:    Running contrast 456/1131
deg_analysis_31124753_6.out:    Running contrast 461/1131
deg_analysis_31124753_6.out:    Running contrast 466/1131
deg_analysis_31124753_6.out:    Running contrast 471/1131
deg_analysis_31124753_6.out:    Running contrast 476/1131
deg_analysis_31124753_6.out:    Running contrast 481/1131
deg_analysis_31124753_6.out:    Running contrast 486/1131
deg_analysis_31124753_6.out:    Running contrast 491/1131
deg_analysis_31124753_6.out:    Running contrast 496/1131
deg_analysis_31124753_6.out:    Running contrast 501/1131
deg_analysis_31124753_6.out:    Running contrast 506/1131
deg_analysis_31124753_6.out:    Running contrast 511/1131
deg_analysis_31124753_6.out:    Running contrast 516/1131
deg_analysis_31124753_6.out:    Running contrast 521/1131
deg_analysis_31124753_6.out:    Running contrast 526/1131
deg_analysis_31124753_6.out:    Running contrast 531/1131
deg_analysis_31124753_6.out:    Running contrast 536/1131
deg_analysis_31124753_6.out:    Running contrast 541/1131
deg_analysis_31124753_6.out:    Running contrast 546/1131
deg_analysis_31124753_6.out:    Running contrast 551/1131
deg_analysis_31124753_6.out:    Running contrast 556/1131
deg_analysis_31124753_6.out:    Running contrast 561/1131
deg_analysis_31124753_6.out:    Running contrast 566/1131
deg_analysis_31124753_6.out:    Running contrast 571/1131
deg_analysis_31124753_6.out:    Running contrast 576/1131
deg_analysis_31124753_6.out:    Running contrast 581/1131
deg_analysis_31124753_6.out:    Running contrast 586/1131
deg_analysis_31124753_6.out:    Running contrast 591/1131
deg_analysis_31124753_6.out:    Running contrast 596/1131
deg_analysis_31124753_6.out:    Running contrast 601/1131
deg_analysis_31124753_6.out:    Running contrast 606/1131
deg_analysis_31124753_6.out:    Running contrast 611/1131
deg_analysis_31124753_6.out:    Running contrast 616/1131
deg_analysis_31124753_6.out:    Running contrast 621/1131
deg_analysis_31124753_6.out:    Running contrast 626/1131
deg_analysis_31124753_6.out:    Running contrast 631/1131
deg_analysis_31124753_6.out:    Running contrast 636/1131
deg_analysis_31124753_6.out:    Running contrast 641/1131
deg_analysis_31124753_6.out:    Running contrast 646/1131
deg_analysis_31124753_6.out:    Running contrast 651/1131
deg_analysis_31124753_6.out:    Running contrast 656/1131
deg_analysis_31124753_6.out:    Running contrast 661/1131
deg_analysis_31124753_6.out:    Running contrast 666/1131
deg_analysis_31124753_6.out:    Running contrast 671/1131
deg_analysis_31124753_6.out:    Running contrast 676/1131
deg_analysis_31124753_6.out:    Running contrast 681/1131
deg_analysis_31124753_6.out:    Running contrast 686/1131
deg_analysis_31124753_6.out:    Running contrast 691/1131
deg_analysis_31124753_6.out:    Running contrast 696/1131
deg_analysis_31124753_6.out:    Running contrast 701/1131
deg_analysis_31124753_6.out:    Running contrast 706/1131
deg_analysis_31124753_6.out:    Running contrast 711/1131
deg_analysis_31124753_6.out:    Running contrast 716/1131
deg_analysis_31124753_6.out:    Running contrast 721/1131
deg_analysis_31124753_6.out:    Running contrast 726/1131
deg_analysis_31124753_6.out:    Running contrast 731/1131
deg_analysis_31124753_6.out:    Running contrast 736/1131
deg_analysis_31124753_6.out:    Running contrast 741/1131
deg_analysis_31124753_6.out:    Running contrast 746/1131
deg_analysis_31124753_6.out:    Running contrast 751/1131
deg_analysis_31124753_6.out:    Running contrast 756/1131
deg_analysis_31124753_6.out:    Running contrast 761/1131
deg_analysis_31124753_6.out:    Running contrast 766/1131
deg_analysis_31124753_6.out:    Running contrast 771/1131
deg_analysis_31124753_6.out:    Running contrast 776/1131
deg_analysis_31124753_6.out:    Running contrast 781/1131
deg_analysis_31124753_6.out:    Running contrast 786/1131
deg_analysis_31124753_6.out:    Running contrast 791/1131
deg_analysis_31124753_6.out:    Running contrast 796/1131
deg_analysis_31124753_6.out:    Running contrast 801/1131
deg_analysis_31124753_6.out:    Running contrast 806/1131
deg_analysis_31124753_6.out:    Running contrast 811/1131
deg_analysis_31124753_6.out:    Running contrast 816/1131
deg_analysis_31124753_6.out:    Running contrast 821/1131
deg_analysis_31124753_6.out:    Running contrast 826/1131
deg_analysis_31124753_6.out:    Running contrast 831/1131
deg_analysis_31124753_6.out:    Running contrast 836/1131
deg_analysis_31124753_6.out:    Running contrast 841/1131
deg_analysis_31124753_6.out:    Running contrast 846/1131
deg_analysis_31124753_6.out:    Running contrast 851/1131
deg_analysis_31124753_6.out:    Running contrast 856/1131
deg_analysis_31124753_6.out:    Running contrast 861/1131
deg_analysis_31124753_6.out:    Running contrast 866/1131
deg_analysis_31124753_6.out:    Running contrast 871/1131
deg_analysis_31124753_6.out:    Running contrast 876/1131
deg_analysis_31124753_6.out:    Running contrast 881/1131
deg_analysis_31124753_6.out:    Running contrast 886/1131
deg_analysis_31124753_6.out:    Running contrast 891/1131
deg_analysis_31124753_6.out:    Running contrast 896/1131
deg_analysis_31124753_6.out:    Running contrast 901/1131
deg_analysis_31124753_6.out:    Running contrast 906/1131
deg_analysis_31124753_6.out:    Running contrast 911/1131
deg_analysis_31124753_6.out:    Running contrast 916/1131
deg_analysis_31124753_6.out:    Running contrast 921/1131
deg_analysis_31124753_6.out:    Running contrast 926/1131
deg_analysis_31124753_6.out:    Running contrast 931/1131
deg_analysis_31124753_6.out:    Running contrast 936/1131
deg_analysis_31124753_6.out:    Running contrast 941/1131
deg_analysis_31124753_6.out:    Running contrast 946/1131
deg_analysis_31124753_6.out:    Running contrast 951/1131
deg_analysis_31124753_6.out:    Running contrast 956/1131
deg_analysis_31124753_6.out:    Running contrast 961/1131
deg_analysis_31124753_6.out:    Running contrast 966/1131
deg_analysis_31124753_6.out:    Running contrast 971/1131
deg_analysis_31124753_6.out:    Running contrast 976/1131
deg_analysis_31124753_6.out:    Running contrast 981/1131
deg_analysis_31124753_6.out:    Running contrast 986/1131
deg_analysis_31124753_6.out:    Running contrast 991/1131
deg_analysis_31124753_6.out:    Running contrast 996/1131
deg_analysis_31124753_6.out:    Running contrast 1001/1131
deg_analysis_31124753_6.out:    Running contrast 1006/1131
deg_analysis_31124753_6.out:    Running contrast 1011/1131
deg_analysis_31124753_6.out:    Running contrast 1016/1131
deg_analysis_31124753_6.out:    Running contrast 1021/1131
deg_analysis_31124753_6.out:    Running contrast 1026/1131
deg_analysis_31124753_6.out:    Running contrast 1031/1131
deg_analysis_31124753_6.out:    Running contrast 1036/1131
deg_analysis_31124753_6.out:    Running contrast 1041/1131
deg_analysis_31124753_6.out:    Running contrast 1046/1131
deg_analysis_31124753_6.out:    Running contrast 1051/1131
deg_analysis_31124753_6.out:    Running contrast 1056/1131
deg_analysis_31124753_6.out:    Running contrast 1061/1131
deg_analysis_31124753_6.out:    Running contrast 1066/1131
deg_analysis_31124753_6.out:    Running contrast 1071/1131
deg_analysis_31124753_6.out:    Running contrast 1076/1131
deg_analysis_31124753_6.out:    Running contrast 1081/1131
deg_analysis_31124753_6.out:    Running contrast 1086/1131
deg_analysis_31124753_6.out:    Running contrast 1091/1131
deg_analysis_31124753_6.out:    Running contrast 1096/1131
deg_analysis_31124753_6.out:    Running contrast 1101/1131
deg_analysis_31124753_6.out:    Running contrast 1106/1131
deg_analysis_31124753_6.out:    Running contrast 1111/1131
deg_analysis_31124753_6.out:    Running contrast 1116/1131
deg_analysis_31124753_6.out:    Running contrast 1121/1131
deg_analysis_31124753_6.out:    Running contrast 1126/1131
deg_analysis_31124753_6.out:    Running contrast 1131/1131
deg_analysis_31124753_6.out:
deg_analysis_31124753_6.out:    Writing:  ./data/tahoe/deg_data/group_rep/full/qc_false/filter_min_cells_50/CVCL_0179_de.h5ad 
deg_analysis_31124753_6.out:
deg_analysis_31124753_6.out:    Rewriting h5ad file: ./data/tahoe/deg_data/group_rep/full/qc_false/filter_min_cells_50/CVCL_0179_de.h5ad 
deg_analysis_31124753_6.out:    Removed X matrix
deg_analysis_31124753_6.out:    Rewriting h5ad file is done!
deg_analysis_31124753_6.out:✓ Cell line completed in 8236.7 seconds
deg_analysis_31124753_6.out:
deg_analysis_31124753_6.out:DE analysis completed!
deg_analysis_31124753_6.out:
deg_analysis_31124753_6.out:Total runtime: 8254.8 seconds
deg_analysis_31124753_7.out:
deg_analysis_31124753_7.out:DE analysis started...
deg_analysis_31124753_7.out:Loaded input file:  ./data/tahoe/pseudobulk_processed/group_rep/by_celltype/CVCL_0218_processed.h5ad 
deg_analysis_31124753_7.out:Initial dimensions:  1343  samples ×  62710  genes
deg_analysis_31124753_7.out:Filter samples with the low number of cells
deg_analysis_31124753_7.out:    Filter threshold (min_cells):  50 
deg_analysis_31124753_7.out:    n_obs:  1343 -->  1328 
deg_analysis_31124753_7.out:
deg_analysis_31124753_7.out:▶︎ Processing cell_type  1 / 1 :  CVCL_0218 
deg_analysis_31124753_7.out:    Filter controls by  pert_time_h  column
deg_analysis_31124753_7.out:        n_obs:  1328 -->  1328 
deg_analysis_31124753_7.out:
deg_analysis_31124753_7.out:    Running contrast 1/1131
deg_analysis_31124753_7.out:    Running contrast 6/1131
deg_analysis_31124753_7.out:    Running contrast 11/1131
deg_analysis_31124753_7.out:    Running contrast 16/1131
deg_analysis_31124753_7.out:    Running contrast 21/1131
deg_analysis_31124753_7.out:    Running contrast 26/1131
deg_analysis_31124753_7.out:    Running contrast 31/1131
deg_analysis_31124753_7.out:    Running contrast 36/1131
deg_analysis_31124753_7.out:    Running contrast 41/1131
deg_analysis_31124753_7.out:    Running contrast 46/1131
deg_analysis_31124753_7.out:    Running contrast 51/1131
deg_analysis_31124753_7.out:    Running contrast 56/1131
deg_analysis_31124753_7.out:    Running contrast 61/1131
deg_analysis_31124753_7.out:    Running contrast 66/1131
deg_analysis_31124753_7.out:    Running contrast 71/1131
deg_analysis_31124753_7.out:    Running contrast 76/1131
deg_analysis_31124753_7.out:    Running contrast 81/1131
deg_analysis_31124753_7.out:    Running contrast 86/1131
deg_analysis_31124753_7.out:    Running contrast 91/1131
deg_analysis_31124753_7.out:    Running contrast 96/1131
deg_analysis_31124753_7.out:    Running contrast 101/1131
deg_analysis_31124753_7.out:    Running contrast 106/1131
deg_analysis_31124753_7.out:    Running contrast 111/1131
deg_analysis_31124753_7.out:    Running contrast 116/1131
deg_analysis_31124753_7.out:    Running contrast 121/1131
deg_analysis_31124753_7.out:    Running contrast 126/1131
deg_analysis_31124753_7.out:    Running contrast 131/1131
deg_analysis_31124753_7.out:    Running contrast 136/1131
deg_analysis_31124753_7.out:    Running contrast 141/1131
deg_analysis_31124753_7.out:    Running contrast 146/1131
deg_analysis_31124753_7.out:    Running contrast 151/1131
deg_analysis_31124753_7.out:    Running contrast 156/1131
deg_analysis_31124753_7.out:    Running contrast 161/1131
deg_analysis_31124753_7.out:    Running contrast 166/1131
deg_analysis_31124753_7.out:    Running contrast 171/1131
deg_analysis_31124753_7.out:    Running contrast 176/1131
deg_analysis_31124753_7.out:    Running contrast 181/1131
deg_analysis_31124753_7.out:    Running contrast 186/1131
deg_analysis_31124753_7.out:    Running contrast 191/1131
deg_analysis_31124753_7.out:    Running contrast 196/1131
deg_analysis_31124753_7.out:    Running contrast 201/1131
deg_analysis_31124753_7.out:    Running contrast 206/1131
deg_analysis_31124753_7.out:    Running contrast 211/1131
deg_analysis_31124753_7.out:    Running contrast 216/1131
deg_analysis_31124753_7.out:    Running contrast 221/1131
deg_analysis_31124753_7.out:    Running contrast 226/1131
deg_analysis_31124753_7.out:    Running contrast 231/1131
deg_analysis_31124753_7.out:    Running contrast 236/1131
deg_analysis_31124753_7.out:    Running contrast 241/1131
deg_analysis_31124753_7.out:    Running contrast 246/1131
deg_analysis_31124753_7.out:    Running contrast 251/1131
deg_analysis_31124753_7.out:    Running contrast 256/1131
deg_analysis_31124753_7.out:    Running contrast 261/1131
deg_analysis_31124753_7.out:    Running contrast 266/1131
deg_analysis_31124753_7.out:    Running contrast 271/1131
deg_analysis_31124753_7.out:    Running contrast 276/1131
deg_analysis_31124753_7.out:    Running contrast 281/1131
deg_analysis_31124753_7.out:    Running contrast 286/1131
deg_analysis_31124753_7.out:    Running contrast 291/1131
deg_analysis_31124753_7.out:    Running contrast 296/1131
deg_analysis_31124753_7.out:    Running contrast 301/1131
deg_analysis_31124753_7.out:    Running contrast 306/1131
deg_analysis_31124753_7.out:    Running contrast 311/1131
deg_analysis_31124753_7.out:    Running contrast 316/1131
deg_analysis_31124753_7.out:    Running contrast 321/1131
deg_analysis_31124753_7.out:    Running contrast 326/1131
deg_analysis_31124753_7.out:    Running contrast 331/1131
deg_analysis_31124753_7.out:    Running contrast 336/1131
deg_analysis_31124753_7.out:    Running contrast 341/1131
deg_analysis_31124753_7.out:    Running contrast 346/1131
deg_analysis_31124753_7.out:    Running contrast 351/1131
deg_analysis_31124753_7.out:    Running contrast 356/1131
deg_analysis_31124753_7.out:    Running contrast 361/1131
deg_analysis_31124753_7.out:    Running contrast 366/1131
deg_analysis_31124753_7.out:    Running contrast 371/1131
deg_analysis_31124753_7.out:    Running contrast 376/1131
deg_analysis_31124753_7.out:    Running contrast 381/1131
deg_analysis_31124753_7.out:    Running contrast 386/1131
deg_analysis_31124753_7.out:    Running contrast 391/1131
deg_analysis_31124753_7.out:    Running contrast 396/1131
deg_analysis_31124753_7.out:    Running contrast 401/1131
deg_analysis_31124753_7.out:    Running contrast 406/1131
deg_analysis_31124753_7.out:    Running contrast 411/1131
deg_analysis_31124753_7.out:    Running contrast 416/1131
deg_analysis_31124753_7.out:    Running contrast 421/1131
deg_analysis_31124753_7.out:    Running contrast 426/1131
deg_analysis_31124753_7.out:    Running contrast 431/1131
deg_analysis_31124753_7.out:    Running contrast 436/1131
deg_analysis_31124753_7.out:    Running contrast 441/1131
deg_analysis_31124753_7.out:    Running contrast 446/1131
deg_analysis_31124753_7.out:    Running contrast 451/1131
deg_analysis_31124753_7.out:    Running contrast 456/1131
deg_analysis_31124753_7.out:    Running contrast 461/1131
deg_analysis_31124753_7.out:    Running contrast 466/1131
deg_analysis_31124753_7.out:    Running contrast 471/1131
deg_analysis_31124753_7.out:    Running contrast 476/1131
deg_analysis_31124753_7.out:    Running contrast 481/1131
deg_analysis_31124753_7.out:    Running contrast 486/1131
deg_analysis_31124753_7.out:    Running contrast 491/1131
deg_analysis_31124753_7.out:    Running contrast 496/1131
deg_analysis_31124753_7.out:    Running contrast 501/1131
deg_analysis_31124753_7.out:    Running contrast 506/1131
deg_analysis_31124753_7.out:    Running contrast 511/1131
deg_analysis_31124753_7.out:    Running contrast 516/1131
deg_analysis_31124753_7.out:    Running contrast 521/1131
deg_analysis_31124753_7.out:    Running contrast 526/1131
deg_analysis_31124753_7.out:    Running contrast 531/1131
deg_analysis_31124753_7.out:    Running contrast 536/1131
deg_analysis_31124753_7.out:    Running contrast 541/1131
deg_analysis_31124753_7.out:    Running contrast 546/1131
deg_analysis_31124753_7.out:    Running contrast 551/1131
deg_analysis_31124753_7.out:    Running contrast 556/1131
deg_analysis_31124753_7.out:    Running contrast 561/1131
deg_analysis_31124753_7.out:    Running contrast 566/1131
deg_analysis_31124753_7.out:    Running contrast 571/1131
deg_analysis_31124753_7.out:    Running contrast 576/1131
deg_analysis_31124753_7.out:    Running contrast 581/1131
deg_analysis_31124753_7.out:    Running contrast 586/1131
deg_analysis_31124753_7.out:    Running contrast 591/1131
deg_analysis_31124753_7.out:    Running contrast 596/1131
deg_analysis_31124753_7.out:    Running contrast 601/1131
deg_analysis_31124753_7.out:    Running contrast 606/1131
deg_analysis_31124753_7.out:    Running contrast 611/1131
deg_analysis_31124753_7.out:    Running contrast 616/1131
deg_analysis_31124753_7.out:    Running contrast 621/1131
deg_analysis_31124753_7.out:    Running contrast 626/1131
deg_analysis_31124753_7.out:    Running contrast 631/1131
deg_analysis_31124753_7.out:    Running contrast 636/1131
deg_analysis_31124753_7.out:    Running contrast 641/1131
deg_analysis_31124753_7.out:    Running contrast 646/1131
deg_analysis_31124753_7.out:    Running contrast 651/1131
deg_analysis_31124753_7.out:    Running contrast 656/1131
deg_analysis_31124753_7.out:    Running contrast 661/1131
deg_analysis_31124753_7.out:    Running contrast 666/1131
deg_analysis_31124753_7.out:    Running contrast 671/1131
deg_analysis_31124753_7.out:    Running contrast 676/1131
deg_analysis_31124753_7.out:    Running contrast 681/1131
deg_analysis_31124753_7.out:    Running contrast 686/1131
deg_analysis_31124753_7.out:    Running contrast 691/1131
deg_analysis_31124753_7.out:    Running contrast 696/1131
deg_analysis_31124753_7.out:    Running contrast 701/1131
deg_analysis_31124753_7.out:    Running contrast 706/1131
deg_analysis_31124753_7.out:    Running contrast 711/1131
deg_analysis_31124753_7.out:    Running contrast 716/1131
deg_analysis_31124753_7.out:    Running contrast 721/1131
deg_analysis_31124753_7.out:    Running contrast 726/1131
deg_analysis_31124753_7.out:    Running contrast 731/1131
deg_analysis_31124753_7.out:    Running contrast 736/1131
deg_analysis_31124753_7.out:    Running contrast 741/1131
deg_analysis_31124753_7.out:    Running contrast 746/1131
deg_analysis_31124753_7.out:    Running contrast 751/1131
deg_analysis_31124753_7.out:    Running contrast 756/1131
deg_analysis_31124753_7.out:    Running contrast 761/1131
deg_analysis_31124753_7.out:    Running contrast 766/1131
deg_analysis_31124753_7.out:    Running contrast 771/1131
deg_analysis_31124753_7.out:    Running contrast 776/1131
deg_analysis_31124753_7.out:    Running contrast 781/1131
deg_analysis_31124753_7.out:    Running contrast 786/1131
deg_analysis_31124753_7.out:    Running contrast 791/1131
deg_analysis_31124753_7.out:    Running contrast 796/1131
deg_analysis_31124753_7.out:    Running contrast 801/1131
deg_analysis_31124753_7.out:    Running contrast 806/1131
deg_analysis_31124753_7.out:    Running contrast 811/1131
deg_analysis_31124753_7.out:    Running contrast 816/1131
deg_analysis_31124753_7.out:    Running contrast 821/1131
deg_analysis_31124753_7.out:    Running contrast 826/1131
deg_analysis_31124753_7.out:    Running contrast 831/1131
deg_analysis_31124753_7.out:    Running contrast 836/1131
deg_analysis_31124753_7.out:    Running contrast 841/1131
deg_analysis_31124753_7.out:    Running contrast 846/1131
deg_analysis_31124753_7.out:    Running contrast 851/1131
deg_analysis_31124753_7.out:    Running contrast 856/1131
deg_analysis_31124753_7.out:    Running contrast 861/1131
deg_analysis_31124753_7.out:    Running contrast 866/1131
deg_analysis_31124753_7.out:    Running contrast 871/1131
deg_analysis_31124753_7.out:    Running contrast 876/1131
deg_analysis_31124753_7.out:    Running contrast 881/1131
deg_analysis_31124753_7.out:    Running contrast 886/1131
deg_analysis_31124753_7.out:    Running contrast 891/1131
deg_analysis_31124753_7.out:    Running contrast 896/1131
deg_analysis_31124753_7.out:    Running contrast 901/1131
deg_analysis_31124753_7.out:    Running contrast 906/1131
deg_analysis_31124753_7.out:    Running contrast 911/1131
deg_analysis_31124753_7.out:    Running contrast 916/1131
deg_analysis_31124753_7.out:    Running contrast 921/1131
deg_analysis_31124753_7.out:    Running contrast 926/1131
deg_analysis_31124753_7.out:    Running contrast 931/1131
deg_analysis_31124753_7.out:    Running contrast 936/1131
deg_analysis_31124753_7.out:    Running contrast 941/1131
deg_analysis_31124753_7.out:    Running contrast 946/1131
deg_analysis_31124753_7.out:    Running contrast 951/1131
deg_analysis_31124753_7.out:    Running contrast 956/1131
deg_analysis_31124753_7.out:    Running contrast 961/1131
deg_analysis_31124753_7.out:    Running contrast 966/1131
deg_analysis_31124753_7.out:    Running contrast 971/1131
deg_analysis_31124753_7.out:    Running contrast 976/1131
deg_analysis_31124753_7.out:    Running contrast 981/1131
deg_analysis_31124753_7.out:    Running contrast 986/1131
deg_analysis_31124753_7.out:    Running contrast 991/1131
deg_analysis_31124753_7.out:    Running contrast 996/1131
deg_analysis_31124753_7.out:    Running contrast 1001/1131
deg_analysis_31124753_7.out:    Running contrast 1006/1131
deg_analysis_31124753_7.out:    Running contrast 1011/1131
deg_analysis_31124753_7.out:    Running contrast 1016/1131
deg_analysis_31124753_7.out:    Running contrast 1021/1131
deg_analysis_31124753_7.out:    Running contrast 1026/1131
deg_analysis_31124753_7.out:    Running contrast 1031/1131
deg_analysis_31124753_7.out:    Running contrast 1036/1131
deg_analysis_31124753_7.out:    Running contrast 1041/1131
deg_analysis_31124753_7.out:    Running contrast 1046/1131
deg_analysis_31124753_7.out:    Running contrast 1051/1131
deg_analysis_31124753_7.out:    Running contrast 1056/1131
deg_analysis_31124753_7.out:    Running contrast 1061/1131
deg_analysis_31124753_7.out:    Running contrast 1066/1131
deg_analysis_31124753_7.out:    Running contrast 1071/1131
deg_analysis_31124753_7.out:    Running contrast 1076/1131
deg_analysis_31124753_7.out:    Running contrast 1081/1131
deg_analysis_31124753_7.out:    Running contrast 1086/1131
deg_analysis_31124753_7.out:    Running contrast 1091/1131
deg_analysis_31124753_7.out:    Running contrast 1096/1131
deg_analysis_31124753_7.out:    Running contrast 1101/1131
deg_analysis_31124753_7.out:    Running contrast 1106/1131
deg_analysis_31124753_7.out:    Running contrast 1111/1131
deg_analysis_31124753_7.out:    Running contrast 1116/1131
deg_analysis_31124753_7.out:    Running contrast 1121/1131
deg_analysis_31124753_7.out:    Running contrast 1126/1131
deg_analysis_31124753_7.out:    Running contrast 1131/1131
deg_analysis_31124753_7.out:
deg_analysis_31124753_7.out:    Writing:  ./data/tahoe/deg_data/group_rep/full/qc_false/filter_min_cells_50/CVCL_0218_de.h5ad 
deg_analysis_31124753_7.out:
deg_analysis_31124753_7.out:    Rewriting h5ad file: ./data/tahoe/deg_data/group_rep/full/qc_false/filter_min_cells_50/CVCL_0218_de.h5ad 
deg_analysis_31124753_7.out:    Removed X matrix
deg_analysis_31124753_7.out:    Rewriting h5ad file is done!
deg_analysis_31124753_7.out:✓ Cell line completed in 7669.0 seconds
deg_analysis_31124753_7.out:
deg_analysis_31124753_7.out:DE analysis completed!
deg_analysis_31124753_7.out:
deg_analysis_31124753_7.out:Total runtime: 7681.9 seconds
deg_analysis_31124753_8.out:
deg_analysis_31124753_8.out:DE analysis started...
deg_analysis_31124753_8.out:Loaded input file:  ./data/tahoe/pseudobulk_processed/group_rep/by_celltype/CVCL_0292_processed.h5ad 
deg_analysis_31124753_8.out:Initial dimensions:  1343  samples ×  62710  genes
deg_analysis_31124753_8.out:Filter samples with the low number of cells
deg_analysis_31124753_8.out:    Filter threshold (min_cells):  50 
deg_analysis_31124753_8.out:    n_obs:  1343 -->  1331 
deg_analysis_31124753_8.out:
deg_analysis_31124753_8.out:▶︎ Processing cell_type  1 / 1 :  CVCL_0292 
deg_analysis_31124753_8.out:    Filter controls by  pert_time_h  column
deg_analysis_31124753_8.out:        n_obs:  1331 -->  1331 
deg_analysis_31124753_8.out:
deg_analysis_31124753_8.out:    Running contrast 1/1134
deg_analysis_31124753_8.out:    Running contrast 6/1134
deg_analysis_31124753_8.out:    Running contrast 11/1134
deg_analysis_31124753_8.out:    Running contrast 16/1134
deg_analysis_31124753_8.out:    Running contrast 21/1134
deg_analysis_31124753_8.out:    Running contrast 26/1134
deg_analysis_31124753_8.out:    Running contrast 31/1134
deg_analysis_31124753_8.out:    Running contrast 36/1134
deg_analysis_31124753_8.out:    Running contrast 41/1134
deg_analysis_31124753_8.out:    Running contrast 46/1134
deg_analysis_31124753_8.out:    Running contrast 51/1134
deg_analysis_31124753_8.out:    Running contrast 56/1134
deg_analysis_31124753_8.out:    Running contrast 61/1134
deg_analysis_31124753_8.out:    Running contrast 66/1134
deg_analysis_31124753_8.out:    Running contrast 71/1134
deg_analysis_31124753_8.out:    Running contrast 76/1134
deg_analysis_31124753_8.out:    Running contrast 81/1134
deg_analysis_31124753_8.out:    Running contrast 86/1134
deg_analysis_31124753_8.out:    Running contrast 91/1134
deg_analysis_31124753_8.out:    Running contrast 96/1134
deg_analysis_31124753_8.out:    Running contrast 101/1134
deg_analysis_31124753_8.out:    Running contrast 106/1134
deg_analysis_31124753_8.out:    Running contrast 111/1134
deg_analysis_31124753_8.out:    Running contrast 116/1134
deg_analysis_31124753_8.out:    Running contrast 121/1134
deg_analysis_31124753_8.out:    Running contrast 126/1134
deg_analysis_31124753_8.out:    Running contrast 131/1134
deg_analysis_31124753_8.out:    Running contrast 136/1134
deg_analysis_31124753_8.out:    Running contrast 141/1134
deg_analysis_31124753_8.out:    Running contrast 146/1134
deg_analysis_31124753_8.out:    Running contrast 151/1134
deg_analysis_31124753_8.out:    Running contrast 156/1134
deg_analysis_31124753_8.out:    Running contrast 161/1134
deg_analysis_31124753_8.out:    Running contrast 166/1134
deg_analysis_31124753_8.out:    Running contrast 171/1134
deg_analysis_31124753_8.out:    Running contrast 176/1134
deg_analysis_31124753_8.out:    Running contrast 181/1134
deg_analysis_31124753_8.out:    Running contrast 186/1134
deg_analysis_31124753_8.out:    Running contrast 191/1134
deg_analysis_31124753_8.out:    Running contrast 196/1134
deg_analysis_31124753_8.out:    Running contrast 201/1134
deg_analysis_31124753_8.out:    Running contrast 206/1134
deg_analysis_31124753_8.out:    Running contrast 211/1134
deg_analysis_31124753_8.out:    Running contrast 216/1134
deg_analysis_31124753_8.out:    Running contrast 221/1134
deg_analysis_31124753_8.out:    Running contrast 226/1134
deg_analysis_31124753_8.out:    Running contrast 231/1134
deg_analysis_31124753_8.out:    Running contrast 236/1134
deg_analysis_31124753_8.out:    Running contrast 241/1134
deg_analysis_31124753_8.out:    Running contrast 246/1134
deg_analysis_31124753_8.out:    Running contrast 251/1134
deg_analysis_31124753_8.out:    Running contrast 256/1134
deg_analysis_31124753_8.out:    Running contrast 261/1134
deg_analysis_31124753_8.out:    Running contrast 266/1134
deg_analysis_31124753_8.out:    Running contrast 271/1134
deg_analysis_31124753_8.out:    Running contrast 276/1134
deg_analysis_31124753_8.out:    Running contrast 281/1134
deg_analysis_31124753_8.out:    Running contrast 286/1134
deg_analysis_31124753_8.out:    Running contrast 291/1134
deg_analysis_31124753_8.out:    Running contrast 296/1134
deg_analysis_31124753_8.out:    Running contrast 301/1134
deg_analysis_31124753_8.out:    Running contrast 306/1134
deg_analysis_31124753_8.out:    Running contrast 311/1134
deg_analysis_31124753_8.out:    Running contrast 316/1134
deg_analysis_31124753_8.out:    Running contrast 321/1134
deg_analysis_31124753_8.out:    Running contrast 326/1134
deg_analysis_31124753_8.out:    Running contrast 331/1134
deg_analysis_31124753_8.out:    Running contrast 336/1134
deg_analysis_31124753_8.out:    Running contrast 341/1134
deg_analysis_31124753_8.out:    Running contrast 346/1134
deg_analysis_31124753_8.out:    Running contrast 351/1134
deg_analysis_31124753_8.out:    Running contrast 356/1134
deg_analysis_31124753_8.out:    Running contrast 361/1134
deg_analysis_31124753_8.out:    Running contrast 366/1134
deg_analysis_31124753_8.out:    Running contrast 371/1134
deg_analysis_31124753_8.out:    Running contrast 376/1134
deg_analysis_31124753_8.out:    Running contrast 381/1134
deg_analysis_31124753_8.out:    Running contrast 386/1134
deg_analysis_31124753_8.out:    Running contrast 391/1134
deg_analysis_31124753_8.out:    Running contrast 396/1134
deg_analysis_31124753_8.out:    Running contrast 401/1134
deg_analysis_31124753_8.out:    Running contrast 406/1134
deg_analysis_31124753_8.out:    Running contrast 411/1134
deg_analysis_31124753_8.out:    Running contrast 416/1134
deg_analysis_31124753_8.out:    Running contrast 421/1134
deg_analysis_31124753_8.out:    Running contrast 426/1134
deg_analysis_31124753_8.out:    Running contrast 431/1134
deg_analysis_31124753_8.out:    Running contrast 436/1134
deg_analysis_31124753_8.out:    Running contrast 441/1134
deg_analysis_31124753_8.out:    Running contrast 446/1134
deg_analysis_31124753_8.out:    Running contrast 451/1134
deg_analysis_31124753_8.out:    Running contrast 456/1134
deg_analysis_31124753_8.out:    Running contrast 461/1134
deg_analysis_31124753_8.out:    Running contrast 466/1134
deg_analysis_31124753_8.out:    Running contrast 471/1134
deg_analysis_31124753_8.out:    Running contrast 476/1134
deg_analysis_31124753_8.out:    Running contrast 481/1134
deg_analysis_31124753_8.out:    Running contrast 486/1134
deg_analysis_31124753_8.out:    Running contrast 491/1134
deg_analysis_31124753_8.out:    Running contrast 496/1134
deg_analysis_31124753_8.out:    Running contrast 501/1134
deg_analysis_31124753_8.out:    Running contrast 506/1134
deg_analysis_31124753_8.out:    Running contrast 511/1134
deg_analysis_31124753_8.out:    Running contrast 516/1134
deg_analysis_31124753_8.out:    Running contrast 521/1134
deg_analysis_31124753_8.out:    Running contrast 526/1134
deg_analysis_31124753_8.out:    Running contrast 531/1134
deg_analysis_31124753_8.out:    Running contrast 536/1134
deg_analysis_31124753_8.out:    Running contrast 541/1134
deg_analysis_31124753_8.out:    Running contrast 546/1134
deg_analysis_31124753_8.out:    Running contrast 551/1134
deg_analysis_31124753_8.out:    Running contrast 556/1134
deg_analysis_31124753_8.out:    Running contrast 561/1134
deg_analysis_31124753_8.out:    Running contrast 566/1134
deg_analysis_31124753_8.out:    Running contrast 571/1134
deg_analysis_31124753_8.out:    Running contrast 576/1134
deg_analysis_31124753_8.out:    Running contrast 581/1134
deg_analysis_31124753_8.out:    Running contrast 586/1134
deg_analysis_31124753_8.out:    Running contrast 591/1134
deg_analysis_31124753_8.out:    Running contrast 596/1134
deg_analysis_31124753_8.out:    Running contrast 601/1134
deg_analysis_31124753_8.out:    Running contrast 606/1134
deg_analysis_31124753_8.out:    Running contrast 611/1134
deg_analysis_31124753_8.out:    Running contrast 616/1134
deg_analysis_31124753_8.out:    Running contrast 621/1134
deg_analysis_31124753_8.out:    Running contrast 626/1134
deg_analysis_31124753_8.out:    Running contrast 631/1134
deg_analysis_31124753_8.out:    Running contrast 636/1134
deg_analysis_31124753_8.out:    Running contrast 641/1134
deg_analysis_31124753_8.out:    Running contrast 646/1134
deg_analysis_31124753_8.out:    Running contrast 651/1134
deg_analysis_31124753_8.out:    Running contrast 656/1134
deg_analysis_31124753_8.out:    Running contrast 661/1134
deg_analysis_31124753_8.out:    Running contrast 666/1134
deg_analysis_31124753_8.out:    Running contrast 671/1134
deg_analysis_31124753_8.out:    Running contrast 676/1134
deg_analysis_31124753_8.out:    Running contrast 681/1134
deg_analysis_31124753_8.out:    Running contrast 686/1134
deg_analysis_31124753_8.out:    Running contrast 691/1134
deg_analysis_31124753_8.out:    Running contrast 696/1134
deg_analysis_31124753_8.out:    Running contrast 701/1134
deg_analysis_31124753_8.out:    Running contrast 706/1134
deg_analysis_31124753_8.out:    Running contrast 711/1134
deg_analysis_31124753_8.out:    Running contrast 716/1134
deg_analysis_31124753_8.out:    Running contrast 721/1134
deg_analysis_31124753_8.out:    Running contrast 726/1134
deg_analysis_31124753_8.out:    Running contrast 731/1134
deg_analysis_31124753_8.out:    Running contrast 736/1134
deg_analysis_31124753_8.out:    Running contrast 741/1134
deg_analysis_31124753_8.out:    Running contrast 746/1134
deg_analysis_31124753_8.out:    Running contrast 751/1134
deg_analysis_31124753_8.out:    Running contrast 756/1134
deg_analysis_31124753_8.out:    Running contrast 761/1134
deg_analysis_31124753_8.out:    Running contrast 766/1134
deg_analysis_31124753_8.out:    Running contrast 771/1134
deg_analysis_31124753_8.out:    Running contrast 776/1134
deg_analysis_31124753_8.out:    Running contrast 781/1134
deg_analysis_31124753_8.out:    Running contrast 786/1134
deg_analysis_31124753_8.out:    Running contrast 791/1134
deg_analysis_31124753_8.out:    Running contrast 796/1134
deg_analysis_31124753_8.out:    Running contrast 801/1134
deg_analysis_31124753_8.out:    Running contrast 806/1134
deg_analysis_31124753_8.out:    Running contrast 811/1134
deg_analysis_31124753_8.out:    Running contrast 816/1134
deg_analysis_31124753_8.out:    Running contrast 821/1134
deg_analysis_31124753_8.out:    Running contrast 826/1134
deg_analysis_31124753_8.out:    Running contrast 831/1134
deg_analysis_31124753_8.out:    Running contrast 836/1134
deg_analysis_31124753_8.out:    Running contrast 841/1134
deg_analysis_31124753_8.out:    Running contrast 846/1134
deg_analysis_31124753_8.out:    Running contrast 851/1134
deg_analysis_31124753_8.out:    Running contrast 856/1134
deg_analysis_31124753_8.out:    Running contrast 861/1134
deg_analysis_31124753_8.out:    Running contrast 866/1134
deg_analysis_31124753_8.out:    Running contrast 871/1134
deg_analysis_31124753_8.out:    Running contrast 876/1134
deg_analysis_31124753_8.out:    Running contrast 881/1134
deg_analysis_31124753_8.out:    Running contrast 886/1134
deg_analysis_31124753_8.out:    Running contrast 891/1134
deg_analysis_31124753_8.out:    Running contrast 896/1134
deg_analysis_31124753_8.out:    Running contrast 901/1134
deg_analysis_31124753_8.out:    Running contrast 906/1134
deg_analysis_31124753_8.out:    Running contrast 911/1134
deg_analysis_31124753_8.out:    Running contrast 916/1134
deg_analysis_31124753_8.out:    Running contrast 921/1134
deg_analysis_31124753_8.out:    Running contrast 926/1134
deg_analysis_31124753_8.out:    Running contrast 931/1134
deg_analysis_31124753_8.out:    Running contrast 936/1134
deg_analysis_31124753_8.out:    Running contrast 941/1134
deg_analysis_31124753_8.out:    Running contrast 946/1134
deg_analysis_31124753_8.out:    Running contrast 951/1134
deg_analysis_31124753_8.out:    Running contrast 956/1134
deg_analysis_31124753_8.out:    Running contrast 961/1134
deg_analysis_31124753_8.out:    Running contrast 966/1134
deg_analysis_31124753_8.out:    Running contrast 971/1134
deg_analysis_31124753_8.out:    Running contrast 976/1134
deg_analysis_31124753_8.out:    Running contrast 981/1134
deg_analysis_31124753_8.out:    Running contrast 986/1134
deg_analysis_31124753_8.out:    Running contrast 991/1134
deg_analysis_31124753_8.out:    Running contrast 996/1134
deg_analysis_31124753_8.out:    Running contrast 1001/1134
deg_analysis_31124753_8.out:    Running contrast 1006/1134
deg_analysis_31124753_8.out:    Running contrast 1011/1134
deg_analysis_31124753_8.out:    Running contrast 1016/1134
deg_analysis_31124753_8.out:    Running contrast 1021/1134
deg_analysis_31124753_8.out:    Running contrast 1026/1134
deg_analysis_31124753_8.out:    Running contrast 1031/1134
deg_analysis_31124753_8.out:    Running contrast 1036/1134
deg_analysis_31124753_8.out:    Running contrast 1041/1134
deg_analysis_31124753_8.out:    Running contrast 1046/1134
deg_analysis_31124753_8.out:    Running contrast 1051/1134
deg_analysis_31124753_8.out:    Running contrast 1056/1134
deg_analysis_31124753_8.out:    Running contrast 1061/1134
deg_analysis_31124753_8.out:    Running contrast 1066/1134
deg_analysis_31124753_8.out:    Running contrast 1071/1134
deg_analysis_31124753_8.out:    Running contrast 1076/1134
deg_analysis_31124753_8.out:    Running contrast 1081/1134
deg_analysis_31124753_8.out:    Running contrast 1086/1134
deg_analysis_31124753_8.out:    Running contrast 1091/1134
deg_analysis_31124753_8.out:    Running contrast 1096/1134
deg_analysis_31124753_8.out:    Running contrast 1101/1134
deg_analysis_31124753_8.out:    Running contrast 1106/1134
deg_analysis_31124753_8.out:    Running contrast 1111/1134
deg_analysis_31124753_8.out:    Running contrast 1116/1134
deg_analysis_31124753_8.out:    Running contrast 1121/1134
deg_analysis_31124753_8.out:    Running contrast 1126/1134
deg_analysis_31124753_8.out:    Running contrast 1131/1134
deg_analysis_31124753_8.out:    Running contrast 1134/1134
deg_analysis_31124753_8.out:
deg_analysis_31124753_8.out:    Writing:  ./data/tahoe/deg_data/group_rep/full/qc_false/filter_min_cells_50/CVCL_0292_de.h5ad 
deg_analysis_31124753_8.out:
deg_analysis_31124753_8.out:    Rewriting h5ad file: ./data/tahoe/deg_data/group_rep/full/qc_false/filter_min_cells_50/CVCL_0292_de.h5ad 
deg_analysis_31124753_8.out:    Removed X matrix
deg_analysis_31124753_8.out:    Rewriting h5ad file is done!
deg_analysis_31124753_8.out:✓ Cell line completed in 7722.3 seconds
deg_analysis_31124753_8.out:
deg_analysis_31124753_8.out:DE analysis completed!
deg_analysis_31124753_8.out:
deg_analysis_31124753_8.out:Total runtime: 7734.3 seconds
deg_analysis_31124753_9.out:
deg_analysis_31124753_9.out:DE analysis started...
deg_analysis_31124753_9.out:Loaded input file:  ./data/tahoe/pseudobulk_processed/group_rep/by_celltype/CVCL_0293_processed.h5ad 
deg_analysis_31124753_9.out:Initial dimensions:  1342  samples ×  62710  genes
deg_analysis_31124753_9.out:Filter samples with the low number of cells
deg_analysis_31124753_9.out:    Filter threshold (min_cells):  50 
deg_analysis_31124753_9.out:    n_obs:  1342 -->  1331 
deg_analysis_31124753_9.out:
deg_analysis_31124753_9.out:▶︎ Processing cell_type  1 / 1 :  CVCL_0293 
deg_analysis_31124753_9.out:    Filter controls by  pert_time_h  column
deg_analysis_31124753_9.out:        n_obs:  1331 -->  1331 
deg_analysis_31124753_9.out:
deg_analysis_31124753_9.out:    Running contrast 1/1134
deg_analysis_31124753_9.out:    Running contrast 6/1134
deg_analysis_31124753_9.out:    Running contrast 11/1134
deg_analysis_31124753_9.out:    Running contrast 16/1134
deg_analysis_31124753_9.out:    Running contrast 21/1134
deg_analysis_31124753_9.out:    Running contrast 26/1134
deg_analysis_31124753_9.out:    Running contrast 31/1134
deg_analysis_31124753_9.out:    Running contrast 36/1134
deg_analysis_31124753_9.out:    Running contrast 41/1134
deg_analysis_31124753_9.out:    Running contrast 46/1134
deg_analysis_31124753_9.out:    Running contrast 51/1134
deg_analysis_31124753_9.out:    Running contrast 56/1134
deg_analysis_31124753_9.out:    Running contrast 61/1134
deg_analysis_31124753_9.out:    Running contrast 66/1134
deg_analysis_31124753_9.out:    Running contrast 71/1134
deg_analysis_31124753_9.out:    Running contrast 76/1134
deg_analysis_31124753_9.out:    Running contrast 81/1134
deg_analysis_31124753_9.out:    Running contrast 86/1134
deg_analysis_31124753_9.out:    Running contrast 91/1134
deg_analysis_31124753_9.out:    Running contrast 96/1134
deg_analysis_31124753_9.out:    Running contrast 101/1134
deg_analysis_31124753_9.out:    Running contrast 106/1134
deg_analysis_31124753_9.out:    Running contrast 111/1134
deg_analysis_31124753_9.out:    Running contrast 116/1134
deg_analysis_31124753_9.out:    Running contrast 121/1134
deg_analysis_31124753_9.out:    Running contrast 126/1134
deg_analysis_31124753_9.out:    Running contrast 131/1134
deg_analysis_31124753_9.out:    Running contrast 136/1134
deg_analysis_31124753_9.out:    Running contrast 141/1134
deg_analysis_31124753_9.out:    Running contrast 146/1134
deg_analysis_31124753_9.out:    Running contrast 151/1134
deg_analysis_31124753_9.out:    Running contrast 156/1134
deg_analysis_31124753_9.out:    Running contrast 161/1134
deg_analysis_31124753_9.out:    Running contrast 166/1134
deg_analysis_31124753_9.out:    Running contrast 171/1134
deg_analysis_31124753_9.out:    Running contrast 176/1134
deg_analysis_31124753_9.out:    Running contrast 181/1134
deg_analysis_31124753_9.out:    Running contrast 186/1134
deg_analysis_31124753_9.out:    Running contrast 191/1134
deg_analysis_31124753_9.out:    Running contrast 196/1134
deg_analysis_31124753_9.out:    Running contrast 201/1134
deg_analysis_31124753_9.out:    Running contrast 206/1134
deg_analysis_31124753_9.out:    Running contrast 211/1134
deg_analysis_31124753_9.out:    Running contrast 216/1134
deg_analysis_31124753_9.out:    Running contrast 221/1134
deg_analysis_31124753_9.out:    Running contrast 226/1134
deg_analysis_31124753_9.out:    Running contrast 231/1134
deg_analysis_31124753_9.out:    Running contrast 236/1134
deg_analysis_31124753_9.out:    Running contrast 241/1134
deg_analysis_31124753_9.out:    Running contrast 246/1134
deg_analysis_31124753_9.out:    Running contrast 251/1134
deg_analysis_31124753_9.out:    Running contrast 256/1134
deg_analysis_31124753_9.out:    Running contrast 261/1134
deg_analysis_31124753_9.out:    Running contrast 266/1134
deg_analysis_31124753_9.out:    Running contrast 271/1134
deg_analysis_31124753_9.out:    Running contrast 276/1134
deg_analysis_31124753_9.out:    Running contrast 281/1134
deg_analysis_31124753_9.out:    Running contrast 286/1134
deg_analysis_31124753_9.out:    Running contrast 291/1134
deg_analysis_31124753_9.out:    Running contrast 296/1134
deg_analysis_31124753_9.out:    Running contrast 301/1134
deg_analysis_31124753_9.out:    Running contrast 306/1134
deg_analysis_31124753_9.out:    Running contrast 311/1134
deg_analysis_31124753_9.out:    Running contrast 316/1134
deg_analysis_31124753_9.out:    Running contrast 321/1134
deg_analysis_31124753_9.out:    Running contrast 326/1134
deg_analysis_31124753_9.out:    Running contrast 331/1134
deg_analysis_31124753_9.out:    Running contrast 336/1134
deg_analysis_31124753_9.out:    Running contrast 341/1134
deg_analysis_31124753_9.out:    Running contrast 346/1134
deg_analysis_31124753_9.out:    Running contrast 351/1134
deg_analysis_31124753_9.out:    Running contrast 356/1134
deg_analysis_31124753_9.out:    Running contrast 361/1134
deg_analysis_31124753_9.out:    Running contrast 366/1134
deg_analysis_31124753_9.out:    Running contrast 371/1134
deg_analysis_31124753_9.out:    Running contrast 376/1134
deg_analysis_31124753_9.out:    Running contrast 381/1134
deg_analysis_31124753_9.out:    Running contrast 386/1134
deg_analysis_31124753_9.out:    Running contrast 391/1134
deg_analysis_31124753_9.out:    Running contrast 396/1134
deg_analysis_31124753_9.out:    Running contrast 401/1134
deg_analysis_31124753_9.out:    Running contrast 406/1134
deg_analysis_31124753_9.out:    Running contrast 411/1134
deg_analysis_31124753_9.out:    Running contrast 416/1134
deg_analysis_31124753_9.out:    Running contrast 421/1134
deg_analysis_31124753_9.out:    Running contrast 426/1134
deg_analysis_31124753_9.out:    Running contrast 431/1134
deg_analysis_31124753_9.out:    Running contrast 436/1134
deg_analysis_31124753_9.out:    Running contrast 441/1134
deg_analysis_31124753_9.out:    Running contrast 446/1134
deg_analysis_31124753_9.out:    Running contrast 451/1134
deg_analysis_31124753_9.out:    Running contrast 456/1134
deg_analysis_31124753_9.out:    Running contrast 461/1134
deg_analysis_31124753_9.out:    Running contrast 466/1134
deg_analysis_31124753_9.out:    Running contrast 471/1134
deg_analysis_31124753_9.out:    Running contrast 476/1134
deg_analysis_31124753_9.out:    Running contrast 481/1134
deg_analysis_31124753_9.out:    Running contrast 486/1134
deg_analysis_31124753_9.out:    Running contrast 491/1134
deg_analysis_31124753_9.out:    Running contrast 496/1134
deg_analysis_31124753_9.out:    Running contrast 501/1134
deg_analysis_31124753_9.out:    Running contrast 506/1134
deg_analysis_31124753_9.out:    Running contrast 511/1134
deg_analysis_31124753_9.out:    Running contrast 516/1134
deg_analysis_31124753_9.out:    Running contrast 521/1134
deg_analysis_31124753_9.out:    Running contrast 526/1134
deg_analysis_31124753_9.out:    Running contrast 531/1134
deg_analysis_31124753_9.out:    Running contrast 536/1134
deg_analysis_31124753_9.out:    Running contrast 541/1134
deg_analysis_31124753_9.out:    Running contrast 546/1134
deg_analysis_31124753_9.out:    Running contrast 551/1134
deg_analysis_31124753_9.out:    Running contrast 556/1134
deg_analysis_31124753_9.out:    Running contrast 561/1134
deg_analysis_31124753_9.out:    Running contrast 566/1134
deg_analysis_31124753_9.out:    Running contrast 571/1134
deg_analysis_31124753_9.out:    Running contrast 576/1134
deg_analysis_31124753_9.out:    Running contrast 581/1134
deg_analysis_31124753_9.out:    Running contrast 586/1134
deg_analysis_31124753_9.out:    Running contrast 591/1134
deg_analysis_31124753_9.out:    Running contrast 596/1134
deg_analysis_31124753_9.out:    Running contrast 601/1134
deg_analysis_31124753_9.out:    Running contrast 606/1134
deg_analysis_31124753_9.out:    Running contrast 611/1134
deg_analysis_31124753_9.out:    Running contrast 616/1134
deg_analysis_31124753_9.out:    Running contrast 621/1134
deg_analysis_31124753_9.out:    Running contrast 626/1134
deg_analysis_31124753_9.out:    Running contrast 631/1134
deg_analysis_31124753_9.out:    Running contrast 636/1134
deg_analysis_31124753_9.out:    Running contrast 641/1134
deg_analysis_31124753_9.out:    Running contrast 646/1134
deg_analysis_31124753_9.out:    Running contrast 651/1134
deg_analysis_31124753_9.out:    Running contrast 656/1134
deg_analysis_31124753_9.out:    Running contrast 661/1134
deg_analysis_31124753_9.out:    Running contrast 666/1134
deg_analysis_31124753_9.out:    Running contrast 671/1134
deg_analysis_31124753_9.out:    Running contrast 676/1134
deg_analysis_31124753_9.out:    Running contrast 681/1134
deg_analysis_31124753_9.out:    Running contrast 686/1134
deg_analysis_31124753_9.out:    Running contrast 691/1134
deg_analysis_31124753_9.out:    Running contrast 696/1134
deg_analysis_31124753_9.out:    Running contrast 701/1134
deg_analysis_31124753_9.out:    Running contrast 706/1134
deg_analysis_31124753_9.out:    Running contrast 711/1134
deg_analysis_31124753_9.out:    Running contrast 716/1134
deg_analysis_31124753_9.out:    Running contrast 721/1134
deg_analysis_31124753_9.out:    Running contrast 726/1134
deg_analysis_31124753_9.out:    Running contrast 731/1134
deg_analysis_31124753_9.out:    Running contrast 736/1134
deg_analysis_31124753_9.out:    Running contrast 741/1134
deg_analysis_31124753_9.out:    Running contrast 746/1134
deg_analysis_31124753_9.out:    Running contrast 751/1134
deg_analysis_31124753_9.out:    Running contrast 756/1134
deg_analysis_31124753_9.out:    Running contrast 761/1134
deg_analysis_31124753_9.out:    Running contrast 766/1134
deg_analysis_31124753_9.out:    Running contrast 771/1134
deg_analysis_31124753_9.out:    Running contrast 776/1134
deg_analysis_31124753_9.out:    Running contrast 781/1134
deg_analysis_31124753_9.out:    Running contrast 786/1134
deg_analysis_31124753_9.out:    Running contrast 791/1134
deg_analysis_31124753_9.out:    Running contrast 796/1134
deg_analysis_31124753_9.out:    Running contrast 801/1134
deg_analysis_31124753_9.out:    Running contrast 806/1134
deg_analysis_31124753_9.out:    Running contrast 811/1134
deg_analysis_31124753_9.out:    Running contrast 816/1134
deg_analysis_31124753_9.out:    Running contrast 821/1134
deg_analysis_31124753_9.out:    Running contrast 826/1134
deg_analysis_31124753_9.out:    Running contrast 831/1134
deg_analysis_31124753_9.out:    Running contrast 836/1134
deg_analysis_31124753_9.out:    Running contrast 841/1134
deg_analysis_31124753_9.out:    Running contrast 846/1134
deg_analysis_31124753_9.out:    Running contrast 851/1134
deg_analysis_31124753_9.out:    Running contrast 856/1134
deg_analysis_31124753_9.out:    Running contrast 861/1134
deg_analysis_31124753_9.out:    Running contrast 866/1134
deg_analysis_31124753_9.out:    Running contrast 871/1134
deg_analysis_31124753_9.out:    Running contrast 876/1134
deg_analysis_31124753_9.out:    Running contrast 881/1134
deg_analysis_31124753_9.out:    Running contrast 886/1134
deg_analysis_31124753_9.out:    Running contrast 891/1134
deg_analysis_31124753_9.out:    Running contrast 896/1134
deg_analysis_31124753_9.out:    Running contrast 901/1134
deg_analysis_31124753_9.out:    Running contrast 906/1134
deg_analysis_31124753_9.out:    Running contrast 911/1134
deg_analysis_31124753_9.out:    Running contrast 916/1134
deg_analysis_31124753_9.out:    Running contrast 921/1134
deg_analysis_31124753_9.out:    Running contrast 926/1134
deg_analysis_31124753_9.out:    Running contrast 931/1134
deg_analysis_31124753_9.out:    Running contrast 936/1134
deg_analysis_31124753_9.out:    Running contrast 941/1134
deg_analysis_31124753_9.out:    Running contrast 946/1134
deg_analysis_31124753_9.out:    Running contrast 951/1134
deg_analysis_31124753_9.out:    Running contrast 956/1134
deg_analysis_31124753_9.out:    Running contrast 961/1134
deg_analysis_31124753_9.out:    Running contrast 966/1134
deg_analysis_31124753_9.out:    Running contrast 971/1134
deg_analysis_31124753_9.out:    Running contrast 976/1134
deg_analysis_31124753_9.out:    Running contrast 981/1134
deg_analysis_31124753_9.out:    Running contrast 986/1134
deg_analysis_31124753_9.out:    Running contrast 991/1134
deg_analysis_31124753_9.out:    Running contrast 996/1134
deg_analysis_31124753_9.out:    Running contrast 1001/1134
deg_analysis_31124753_9.out:    Running contrast 1006/1134
deg_analysis_31124753_9.out:    Running contrast 1011/1134
deg_analysis_31124753_9.out:    Running contrast 1016/1134
deg_analysis_31124753_9.out:    Running contrast 1021/1134
deg_analysis_31124753_9.out:    Running contrast 1026/1134
deg_analysis_31124753_9.out:    Running contrast 1031/1134
deg_analysis_31124753_9.out:    Running contrast 1036/1134
deg_analysis_31124753_9.out:    Running contrast 1041/1134
deg_analysis_31124753_9.out:    Running contrast 1046/1134
deg_analysis_31124753_9.out:    Running contrast 1051/1134
deg_analysis_31124753_9.out:    Running contrast 1056/1134
deg_analysis_31124753_9.out:    Running contrast 1061/1134
deg_analysis_31124753_9.out:    Running contrast 1066/1134
deg_analysis_31124753_9.out:    Running contrast 1071/1134
deg_analysis_31124753_9.out:    Running contrast 1076/1134
deg_analysis_31124753_9.out:    Running contrast 1081/1134
deg_analysis_31124753_9.out:    Running contrast 1086/1134
deg_analysis_31124753_9.out:    Running contrast 1091/1134
deg_analysis_31124753_9.out:    Running contrast 1096/1134
deg_analysis_31124753_9.out:    Running contrast 1101/1134
deg_analysis_31124753_9.out:    Running contrast 1106/1134
deg_analysis_31124753_9.out:    Running contrast 1111/1134
deg_analysis_31124753_9.out:    Running contrast 1116/1134
deg_analysis_31124753_9.out:    Running contrast 1121/1134
deg_analysis_31124753_9.out:    Running contrast 1126/1134
deg_analysis_31124753_9.out:    Running contrast 1131/1134
deg_analysis_31124753_9.out:    Running contrast 1134/1134
deg_analysis_31124753_9.out:
deg_analysis_31124753_9.out:    Writing:  ./data/tahoe/deg_data/group_rep/full/qc_false/filter_min_cells_50/CVCL_0293_de.h5ad 
deg_analysis_31124753_9.out:
deg_analysis_31124753_9.out:    Rewriting h5ad file: ./data/tahoe/deg_data/group_rep/full/qc_false/filter_min_cells_50/CVCL_0293_de.h5ad 
deg_analysis_31124753_9.out:    Removed X matrix
deg_analysis_31124753_9.out:    Rewriting h5ad file is done!
deg_analysis_31124753_9.out:✓ Cell line completed in 9285.6 seconds
deg_analysis_31124753_9.out:
deg_analysis_31124753_9.out:DE analysis completed!
deg_analysis_31124753_9.out:
deg_analysis_31124753_9.out:Total runtime: 9300.0 seconds
deg_analysis_31124753_10.out:
deg_analysis_31124753_10.out:DE analysis started...
deg_analysis_31124753_10.out:Loaded input file:  ./data/tahoe/pseudobulk_processed/group_rep/by_celltype/CVCL_0320_processed.h5ad 
deg_analysis_31124753_10.out:Initial dimensions:  1342  samples ×  62710  genes
deg_analysis_31124753_10.out:Filter samples with the low number of cells
deg_analysis_31124753_10.out:    Filter threshold (min_cells):  50 
deg_analysis_31124753_10.out:    n_obs:  1342 -->  1330 
deg_analysis_31124753_10.out:
deg_analysis_31124753_10.out:▶︎ Processing cell_type  1 / 1 :  CVCL_0320 
deg_analysis_31124753_10.out:    Filter controls by  pert_time_h  column
deg_analysis_31124753_10.out:        n_obs:  1330 -->  1330 
deg_analysis_31124753_10.out:
deg_analysis_31124753_10.out:    Running contrast 1/1133
deg_analysis_31124753_10.out:    Running contrast 6/1133
deg_analysis_31124753_10.out:    Running contrast 11/1133
deg_analysis_31124753_10.out:    Running contrast 16/1133
deg_analysis_31124753_10.out:    Running contrast 21/1133
deg_analysis_31124753_10.out:    Running contrast 26/1133
deg_analysis_31124753_10.out:    Running contrast 31/1133
deg_analysis_31124753_10.out:    Running contrast 36/1133
deg_analysis_31124753_10.out:    Running contrast 41/1133
deg_analysis_31124753_10.out:    Running contrast 46/1133
deg_analysis_31124753_10.out:    Running contrast 51/1133
deg_analysis_31124753_10.out:    Running contrast 56/1133
deg_analysis_31124753_10.out:    Running contrast 61/1133
deg_analysis_31124753_10.out:    Running contrast 66/1133
deg_analysis_31124753_10.out:    Running contrast 71/1133
deg_analysis_31124753_10.out:    Running contrast 76/1133
deg_analysis_31124753_10.out:    Running contrast 81/1133
deg_analysis_31124753_10.out:    Running contrast 86/1133
deg_analysis_31124753_10.out:    Running contrast 91/1133
deg_analysis_31124753_10.out:    Running contrast 96/1133
deg_analysis_31124753_10.out:    Running contrast 101/1133
deg_analysis_31124753_10.out:    Running contrast 106/1133
deg_analysis_31124753_10.out:    Running contrast 111/1133
deg_analysis_31124753_10.out:    Running contrast 116/1133
deg_analysis_31124753_10.out:    Running contrast 121/1133
deg_analysis_31124753_10.out:    Running contrast 126/1133
deg_analysis_31124753_10.out:    Running contrast 131/1133
deg_analysis_31124753_10.out:    Running contrast 136/1133
deg_analysis_31124753_10.out:    Running contrast 141/1133
deg_analysis_31124753_10.out:    Running contrast 146/1133
deg_analysis_31124753_10.out:    Running contrast 151/1133
deg_analysis_31124753_10.out:    Running contrast 156/1133
deg_analysis_31124753_10.out:    Running contrast 161/1133
deg_analysis_31124753_10.out:    Running contrast 166/1133
deg_analysis_31124753_10.out:    Running contrast 171/1133
deg_analysis_31124753_10.out:    Running contrast 176/1133
deg_analysis_31124753_10.out:    Running contrast 181/1133
deg_analysis_31124753_10.out:    Running contrast 186/1133
deg_analysis_31124753_10.out:    Running contrast 191/1133
deg_analysis_31124753_10.out:    Running contrast 196/1133
deg_analysis_31124753_10.out:    Running contrast 201/1133
deg_analysis_31124753_10.out:    Running contrast 206/1133
deg_analysis_31124753_10.out:    Running contrast 211/1133
deg_analysis_31124753_10.out:    Running contrast 216/1133
deg_analysis_31124753_10.out:    Running contrast 221/1133
deg_analysis_31124753_10.out:    Running contrast 226/1133
deg_analysis_31124753_10.out:    Running contrast 231/1133
deg_analysis_31124753_10.out:    Running contrast 236/1133
deg_analysis_31124753_10.out:    Running contrast 241/1133
deg_analysis_31124753_10.out:    Running contrast 246/1133
deg_analysis_31124753_10.out:    Running contrast 251/1133
deg_analysis_31124753_10.out:    Running contrast 256/1133
deg_analysis_31124753_10.out:    Running contrast 261/1133
deg_analysis_31124753_10.out:    Running contrast 266/1133
deg_analysis_31124753_10.out:    Running contrast 271/1133
deg_analysis_31124753_10.out:    Running contrast 276/1133
deg_analysis_31124753_10.out:    Running contrast 281/1133
deg_analysis_31124753_10.out:    Running contrast 286/1133
deg_analysis_31124753_10.out:    Running contrast 291/1133
deg_analysis_31124753_10.out:    Running contrast 296/1133
deg_analysis_31124753_10.out:    Running contrast 301/1133
deg_analysis_31124753_10.out:    Running contrast 306/1133
deg_analysis_31124753_10.out:    Running contrast 311/1133
deg_analysis_31124753_10.out:    Running contrast 316/1133
deg_analysis_31124753_10.out:    Running contrast 321/1133
deg_analysis_31124753_10.out:    Running contrast 326/1133
deg_analysis_31124753_10.out:    Running contrast 331/1133
deg_analysis_31124753_10.out:    Running contrast 336/1133
deg_analysis_31124753_10.out:    Running contrast 341/1133
deg_analysis_31124753_10.out:    Running contrast 346/1133
deg_analysis_31124753_10.out:    Running contrast 351/1133
deg_analysis_31124753_10.out:    Running contrast 356/1133
deg_analysis_31124753_10.out:    Running contrast 361/1133
deg_analysis_31124753_10.out:    Running contrast 366/1133
deg_analysis_31124753_10.out:    Running contrast 371/1133
deg_analysis_31124753_10.out:    Running contrast 376/1133
deg_analysis_31124753_10.out:    Running contrast 381/1133
deg_analysis_31124753_10.out:    Running contrast 386/1133
deg_analysis_31124753_10.out:    Running contrast 391/1133
deg_analysis_31124753_10.out:    Running contrast 396/1133
deg_analysis_31124753_10.out:    Running contrast 401/1133
deg_analysis_31124753_10.out:    Running contrast 406/1133
deg_analysis_31124753_10.out:    Running contrast 411/1133
deg_analysis_31124753_10.out:    Running contrast 416/1133
deg_analysis_31124753_10.out:    Running contrast 421/1133
deg_analysis_31124753_10.out:    Running contrast 426/1133
deg_analysis_31124753_10.out:    Running contrast 431/1133
deg_analysis_31124753_10.out:    Running contrast 436/1133
deg_analysis_31124753_10.out:    Running contrast 441/1133
deg_analysis_31124753_10.out:    Running contrast 446/1133
deg_analysis_31124753_10.out:    Running contrast 451/1133
deg_analysis_31124753_10.out:    Running contrast 456/1133
deg_analysis_31124753_10.out:    Running contrast 461/1133
deg_analysis_31124753_10.out:    Running contrast 466/1133
deg_analysis_31124753_10.out:    Running contrast 471/1133
deg_analysis_31124753_10.out:    Running contrast 476/1133
deg_analysis_31124753_10.out:    Running contrast 481/1133
deg_analysis_31124753_10.out:    Running contrast 486/1133
deg_analysis_31124753_10.out:    Running contrast 491/1133
deg_analysis_31124753_10.out:    Running contrast 496/1133
deg_analysis_31124753_10.out:    Running contrast 501/1133
deg_analysis_31124753_10.out:    Running contrast 506/1133
deg_analysis_31124753_10.out:    Running contrast 511/1133
deg_analysis_31124753_10.out:    Running contrast 516/1133
deg_analysis_31124753_10.out:    Running contrast 521/1133
deg_analysis_31124753_10.out:    Running contrast 526/1133
deg_analysis_31124753_10.out:    Running contrast 531/1133
deg_analysis_31124753_10.out:    Running contrast 536/1133
deg_analysis_31124753_10.out:    Running contrast 541/1133
deg_analysis_31124753_10.out:    Running contrast 546/1133
deg_analysis_31124753_10.out:    Running contrast 551/1133
deg_analysis_31124753_10.out:    Running contrast 556/1133
deg_analysis_31124753_10.out:    Running contrast 561/1133
deg_analysis_31124753_10.out:    Running contrast 566/1133
deg_analysis_31124753_10.out:    Running contrast 571/1133
deg_analysis_31124753_10.out:    Running contrast 576/1133
deg_analysis_31124753_10.out:    Running contrast 581/1133
deg_analysis_31124753_10.out:    Running contrast 586/1133
deg_analysis_31124753_10.out:    Running contrast 591/1133
deg_analysis_31124753_10.out:    Running contrast 596/1133
deg_analysis_31124753_10.out:    Running contrast 601/1133
deg_analysis_31124753_10.out:    Running contrast 606/1133
deg_analysis_31124753_10.out:    Running contrast 611/1133
deg_analysis_31124753_10.out:    Running contrast 616/1133
deg_analysis_31124753_10.out:    Running contrast 621/1133
deg_analysis_31124753_10.out:    Running contrast 626/1133
deg_analysis_31124753_10.out:    Running contrast 631/1133
deg_analysis_31124753_10.out:    Running contrast 636/1133
deg_analysis_31124753_10.out:    Running contrast 641/1133
deg_analysis_31124753_10.out:    Running contrast 646/1133
deg_analysis_31124753_10.out:    Running contrast 651/1133
deg_analysis_31124753_10.out:    Running contrast 656/1133
deg_analysis_31124753_10.out:    Running contrast 661/1133
deg_analysis_31124753_10.out:    Running contrast 666/1133
deg_analysis_31124753_10.out:    Running contrast 671/1133
deg_analysis_31124753_10.out:    Running contrast 676/1133
deg_analysis_31124753_10.out:    Running contrast 681/1133
deg_analysis_31124753_10.out:    Running contrast 686/1133
deg_analysis_31124753_10.out:    Running contrast 691/1133
deg_analysis_31124753_10.out:    Running contrast 696/1133
deg_analysis_31124753_10.out:    Running contrast 701/1133
deg_analysis_31124753_10.out:    Running contrast 706/1133
deg_analysis_31124753_10.out:    Running contrast 711/1133
deg_analysis_31124753_10.out:    Running contrast 716/1133
deg_analysis_31124753_10.out:    Running contrast 721/1133
deg_analysis_31124753_10.out:    Running contrast 726/1133
deg_analysis_31124753_10.out:    Running contrast 731/1133
deg_analysis_31124753_10.out:    Running contrast 736/1133
deg_analysis_31124753_10.out:    Running contrast 741/1133
deg_analysis_31124753_10.out:    Running contrast 746/1133
deg_analysis_31124753_10.out:    Running contrast 751/1133
deg_analysis_31124753_10.out:    Running contrast 756/1133
deg_analysis_31124753_10.out:    Running contrast 761/1133
deg_analysis_31124753_10.out:    Running contrast 766/1133
deg_analysis_31124753_10.out:    Running contrast 771/1133
deg_analysis_31124753_10.out:    Running contrast 776/1133
deg_analysis_31124753_10.out:    Running contrast 781/1133
deg_analysis_31124753_10.out:    Running contrast 786/1133
deg_analysis_31124753_10.out:    Running contrast 791/1133
deg_analysis_31124753_10.out:    Running contrast 796/1133
deg_analysis_31124753_10.out:    Running contrast 801/1133
deg_analysis_31124753_10.out:    Running contrast 806/1133
deg_analysis_31124753_10.out:    Running contrast 811/1133
deg_analysis_31124753_10.out:    Running contrast 816/1133
deg_analysis_31124753_10.out:    Running contrast 821/1133
deg_analysis_31124753_10.out:    Running contrast 826/1133
deg_analysis_31124753_10.out:    Running contrast 831/1133
deg_analysis_31124753_10.out:    Running contrast 836/1133
deg_analysis_31124753_10.out:    Running contrast 841/1133
deg_analysis_31124753_10.out:    Running contrast 846/1133
deg_analysis_31124753_10.out:    Running contrast 851/1133
deg_analysis_31124753_10.out:    Running contrast 856/1133
deg_analysis_31124753_10.out:    Running contrast 861/1133
deg_analysis_31124753_10.out:    Running contrast 866/1133
deg_analysis_31124753_10.out:    Running contrast 871/1133
deg_analysis_31124753_10.out:    Running contrast 876/1133
deg_analysis_31124753_10.out:    Running contrast 881/1133
deg_analysis_31124753_10.out:    Running contrast 886/1133
deg_analysis_31124753_10.out:    Running contrast 891/1133
deg_analysis_31124753_10.out:    Running contrast 896/1133
deg_analysis_31124753_10.out:    Running contrast 901/1133
deg_analysis_31124753_10.out:    Running contrast 906/1133
deg_analysis_31124753_10.out:    Running contrast 911/1133
deg_analysis_31124753_10.out:    Running contrast 916/1133
deg_analysis_31124753_10.out:    Running contrast 921/1133
deg_analysis_31124753_10.out:    Running contrast 926/1133
deg_analysis_31124753_10.out:    Running contrast 931/1133
deg_analysis_31124753_10.out:    Running contrast 936/1133
deg_analysis_31124753_10.out:    Running contrast 941/1133
deg_analysis_31124753_10.out:    Running contrast 946/1133
deg_analysis_31124753_10.out:    Running contrast 951/1133
deg_analysis_31124753_10.out:    Running contrast 956/1133
deg_analysis_31124753_10.out:    Running contrast 961/1133
deg_analysis_31124753_10.out:    Running contrast 966/1133
deg_analysis_31124753_10.out:    Running contrast 971/1133
deg_analysis_31124753_10.out:    Running contrast 976/1133
deg_analysis_31124753_10.out:    Running contrast 981/1133
deg_analysis_31124753_10.out:    Running contrast 986/1133
deg_analysis_31124753_10.out:    Running contrast 991/1133
deg_analysis_31124753_10.out:    Running contrast 996/1133
deg_analysis_31124753_10.out:    Running contrast 1001/1133
deg_analysis_31124753_10.out:    Running contrast 1006/1133
deg_analysis_31124753_10.out:    Running contrast 1011/1133
deg_analysis_31124753_10.out:    Running contrast 1016/1133
deg_analysis_31124753_10.out:    Running contrast 1021/1133
deg_analysis_31124753_10.out:    Running contrast 1026/1133
deg_analysis_31124753_10.out:    Running contrast 1031/1133
deg_analysis_31124753_10.out:    Running contrast 1036/1133
deg_analysis_31124753_10.out:    Running contrast 1041/1133
deg_analysis_31124753_10.out:    Running contrast 1046/1133
deg_analysis_31124753_10.out:    Running contrast 1051/1133
deg_analysis_31124753_10.out:    Running contrast 1056/1133
deg_analysis_31124753_10.out:    Running contrast 1061/1133
deg_analysis_31124753_10.out:    Running contrast 1066/1133
deg_analysis_31124753_10.out:    Running contrast 1071/1133
deg_analysis_31124753_10.out:    Running contrast 1076/1133
deg_analysis_31124753_10.out:    Running contrast 1081/1133
deg_analysis_31124753_10.out:    Running contrast 1086/1133
deg_analysis_31124753_10.out:    Running contrast 1091/1133
deg_analysis_31124753_10.out:    Running contrast 1096/1133
deg_analysis_31124753_10.out:    Running contrast 1101/1133
deg_analysis_31124753_10.out:    Running contrast 1106/1133
deg_analysis_31124753_10.out:    Running contrast 1111/1133
deg_analysis_31124753_10.out:    Running contrast 1116/1133
deg_analysis_31124753_10.out:    Running contrast 1121/1133
deg_analysis_31124753_10.out:    Running contrast 1126/1133
deg_analysis_31124753_10.out:    Running contrast 1131/1133
deg_analysis_31124753_10.out:    Running contrast 1133/1133
deg_analysis_31124753_10.out:
deg_analysis_31124753_10.out:    Writing:  ./data/tahoe/deg_data/group_rep/full/qc_false/filter_min_cells_50/CVCL_0320_de.h5ad 
deg_analysis_31124753_10.out:
deg_analysis_31124753_10.out:    Rewriting h5ad file: ./data/tahoe/deg_data/group_rep/full/qc_false/filter_min_cells_50/CVCL_0320_de.h5ad 
deg_analysis_31124753_10.out:    Removed X matrix
deg_analysis_31124753_10.out:    Rewriting h5ad file is done!
deg_analysis_31124753_10.out:✓ Cell line completed in 7160.1 seconds
deg_analysis_31124753_10.out:
deg_analysis_31124753_10.out:DE analysis completed!
deg_analysis_31124753_10.out:
deg_analysis_31124753_10.out:Total runtime: 7176.0 seconds
deg_analysis_31124753_11.out:
deg_analysis_31124753_11.out:DE analysis started...
deg_analysis_31124753_11.out:Loaded input file:  ./data/tahoe/pseudobulk_processed/group_rep/by_celltype/CVCL_0332_processed.h5ad 
deg_analysis_31124753_11.out:Initial dimensions:  1342  samples ×  62710  genes
deg_analysis_31124753_11.out:Filter samples with the low number of cells
deg_analysis_31124753_11.out:    Filter threshold (min_cells):  50 
deg_analysis_31124753_11.out:    n_obs:  1342 -->  1329 
deg_analysis_31124753_11.out:
deg_analysis_31124753_11.out:▶︎ Processing cell_type  1 / 1 :  CVCL_0332 
deg_analysis_31124753_11.out:    Filter controls by  pert_time_h  column
deg_analysis_31124753_11.out:        n_obs:  1329 -->  1329 
deg_analysis_31124753_11.out:
deg_analysis_31124753_11.out:    Running contrast 1/1132
deg_analysis_31124753_11.out:    Running contrast 6/1132
deg_analysis_31124753_11.out:    Running contrast 11/1132
deg_analysis_31124753_11.out:    Running contrast 16/1132
deg_analysis_31124753_11.out:    Running contrast 21/1132
deg_analysis_31124753_11.out:    Running contrast 26/1132
deg_analysis_31124753_11.out:    Running contrast 31/1132
deg_analysis_31124753_11.out:    Running contrast 36/1132
deg_analysis_31124753_11.out:    Running contrast 41/1132
deg_analysis_31124753_11.out:    Running contrast 46/1132
deg_analysis_31124753_11.out:    Running contrast 51/1132
deg_analysis_31124753_11.out:    Running contrast 56/1132
deg_analysis_31124753_11.out:    Running contrast 61/1132
deg_analysis_31124753_11.out:    Running contrast 66/1132
deg_analysis_31124753_11.out:    Running contrast 71/1132
deg_analysis_31124753_11.out:    Running contrast 76/1132
deg_analysis_31124753_11.out:    Running contrast 81/1132
deg_analysis_31124753_11.out:    Running contrast 86/1132
deg_analysis_31124753_11.out:    Running contrast 91/1132
deg_analysis_31124753_11.out:    Running contrast 96/1132
deg_analysis_31124753_11.out:    Running contrast 101/1132
deg_analysis_31124753_11.out:    Running contrast 106/1132
deg_analysis_31124753_11.out:    Running contrast 111/1132
deg_analysis_31124753_11.out:    Running contrast 116/1132
deg_analysis_31124753_11.out:    Running contrast 121/1132
deg_analysis_31124753_11.out:    Running contrast 126/1132
deg_analysis_31124753_11.out:    Running contrast 131/1132
deg_analysis_31124753_11.out:    Running contrast 136/1132
deg_analysis_31124753_11.out:    Running contrast 141/1132
deg_analysis_31124753_11.out:    Running contrast 146/1132
deg_analysis_31124753_11.out:    Running contrast 151/1132
deg_analysis_31124753_11.out:    Running contrast 156/1132
deg_analysis_31124753_11.out:    Running contrast 161/1132
deg_analysis_31124753_11.out:    Running contrast 166/1132
deg_analysis_31124753_11.out:    Running contrast 171/1132
deg_analysis_31124753_11.out:    Running contrast 176/1132
deg_analysis_31124753_11.out:    Running contrast 181/1132
deg_analysis_31124753_11.out:    Running contrast 186/1132
deg_analysis_31124753_11.out:    Running contrast 191/1132
deg_analysis_31124753_11.out:    Running contrast 196/1132
deg_analysis_31124753_11.out:    Running contrast 201/1132
deg_analysis_31124753_11.out:    Running contrast 206/1132
deg_analysis_31124753_11.out:    Running contrast 211/1132
deg_analysis_31124753_11.out:    Running contrast 216/1132
deg_analysis_31124753_11.out:    Running contrast 221/1132
deg_analysis_31124753_11.out:    Running contrast 226/1132
deg_analysis_31124753_11.out:    Running contrast 231/1132
deg_analysis_31124753_11.out:    Running contrast 236/1132
deg_analysis_31124753_11.out:    Running contrast 241/1132
deg_analysis_31124753_11.out:    Running contrast 246/1132
deg_analysis_31124753_11.out:    Running contrast 251/1132
deg_analysis_31124753_11.out:    Running contrast 256/1132
deg_analysis_31124753_11.out:    Running contrast 261/1132
deg_analysis_31124753_11.out:    Running contrast 266/1132
deg_analysis_31124753_11.out:    Running contrast 271/1132
deg_analysis_31124753_11.out:    Running contrast 276/1132
deg_analysis_31124753_11.out:    Running contrast 281/1132
deg_analysis_31124753_11.out:    Running contrast 286/1132
deg_analysis_31124753_11.out:    Running contrast 291/1132
deg_analysis_31124753_11.out:    Running contrast 296/1132
deg_analysis_31124753_11.out:    Running contrast 301/1132
deg_analysis_31124753_11.out:    Running contrast 306/1132
deg_analysis_31124753_11.out:    Running contrast 311/1132
deg_analysis_31124753_11.out:    Running contrast 316/1132
deg_analysis_31124753_11.out:    Running contrast 321/1132
deg_analysis_31124753_11.out:    Running contrast 326/1132
deg_analysis_31124753_11.out:    Running contrast 331/1132
deg_analysis_31124753_11.out:    Running contrast 336/1132
deg_analysis_31124753_11.out:    Running contrast 341/1132
deg_analysis_31124753_11.out:    Running contrast 346/1132
deg_analysis_31124753_11.out:    Running contrast 351/1132
deg_analysis_31124753_11.out:    Running contrast 356/1132
deg_analysis_31124753_11.out:    Running contrast 361/1132
deg_analysis_31124753_11.out:    Running contrast 366/1132
deg_analysis_31124753_11.out:    Running contrast 371/1132
deg_analysis_31124753_11.out:    Running contrast 376/1132
deg_analysis_31124753_11.out:    Running contrast 381/1132
deg_analysis_31124753_11.out:    Running contrast 386/1132
deg_analysis_31124753_11.out:    Running contrast 391/1132
deg_analysis_31124753_11.out:    Running contrast 396/1132
deg_analysis_31124753_11.out:    Running contrast 401/1132
deg_analysis_31124753_11.out:    Running contrast 406/1132
deg_analysis_31124753_11.out:    Running contrast 411/1132
deg_analysis_31124753_11.out:    Running contrast 416/1132
deg_analysis_31124753_11.out:    Running contrast 421/1132
deg_analysis_31124753_11.out:    Running contrast 426/1132
deg_analysis_31124753_11.out:    Running contrast 431/1132
deg_analysis_31124753_11.out:    Running contrast 436/1132
deg_analysis_31124753_11.out:    Running contrast 441/1132
deg_analysis_31124753_11.out:    Running contrast 446/1132
deg_analysis_31124753_11.out:    Running contrast 451/1132
deg_analysis_31124753_11.out:    Running contrast 456/1132
deg_analysis_31124753_11.out:    Running contrast 461/1132
deg_analysis_31124753_11.out:    Running contrast 466/1132
deg_analysis_31124753_11.out:    Running contrast 471/1132
deg_analysis_31124753_11.out:    Running contrast 476/1132
deg_analysis_31124753_11.out:    Running contrast 481/1132
deg_analysis_31124753_11.out:    Running contrast 486/1132
deg_analysis_31124753_11.out:    Running contrast 491/1132
deg_analysis_31124753_11.out:    Running contrast 496/1132
deg_analysis_31124753_11.out:    Running contrast 501/1132
deg_analysis_31124753_11.out:    Running contrast 506/1132
deg_analysis_31124753_11.out:    Running contrast 511/1132
deg_analysis_31124753_11.out:    Running contrast 516/1132
deg_analysis_31124753_11.out:    Running contrast 521/1132
deg_analysis_31124753_11.out:    Running contrast 526/1132
deg_analysis_31124753_11.out:    Running contrast 531/1132
deg_analysis_31124753_11.out:    Running contrast 536/1132
deg_analysis_31124753_11.out:    Running contrast 541/1132
deg_analysis_31124753_11.out:    Running contrast 546/1132
deg_analysis_31124753_11.out:    Running contrast 551/1132
deg_analysis_31124753_11.out:    Running contrast 556/1132
deg_analysis_31124753_11.out:    Running contrast 561/1132
deg_analysis_31124753_11.out:    Running contrast 566/1132
deg_analysis_31124753_11.out:    Running contrast 571/1132
deg_analysis_31124753_11.out:    Running contrast 576/1132
deg_analysis_31124753_11.out:    Running contrast 581/1132
deg_analysis_31124753_11.out:    Running contrast 586/1132
deg_analysis_31124753_11.out:    Running contrast 591/1132
deg_analysis_31124753_11.out:    Running contrast 596/1132
deg_analysis_31124753_11.out:    Running contrast 601/1132
deg_analysis_31124753_11.out:    Running contrast 606/1132
deg_analysis_31124753_11.out:    Running contrast 611/1132
deg_analysis_31124753_11.out:    Running contrast 616/1132
deg_analysis_31124753_11.out:    Running contrast 621/1132
deg_analysis_31124753_11.out:    Running contrast 626/1132
deg_analysis_31124753_11.out:    Running contrast 631/1132
deg_analysis_31124753_11.out:    Running contrast 636/1132
deg_analysis_31124753_11.out:    Running contrast 641/1132
deg_analysis_31124753_11.out:    Running contrast 646/1132
deg_analysis_31124753_11.out:    Running contrast 651/1132
deg_analysis_31124753_11.out:    Running contrast 656/1132
deg_analysis_31124753_11.out:    Running contrast 661/1132
deg_analysis_31124753_11.out:    Running contrast 666/1132
deg_analysis_31124753_11.out:    Running contrast 671/1132
deg_analysis_31124753_11.out:    Running contrast 676/1132
deg_analysis_31124753_11.out:    Running contrast 681/1132
deg_analysis_31124753_11.out:    Running contrast 686/1132
deg_analysis_31124753_11.out:    Running contrast 691/1132
deg_analysis_31124753_11.out:    Running contrast 696/1132
deg_analysis_31124753_11.out:    Running contrast 701/1132
deg_analysis_31124753_11.out:    Running contrast 706/1132
deg_analysis_31124753_11.out:    Running contrast 711/1132
deg_analysis_31124753_11.out:    Running contrast 716/1132
deg_analysis_31124753_11.out:    Running contrast 721/1132
deg_analysis_31124753_11.out:    Running contrast 726/1132
deg_analysis_31124753_11.out:    Running contrast 731/1132
deg_analysis_31124753_11.out:    Running contrast 736/1132
deg_analysis_31124753_11.out:    Running contrast 741/1132
deg_analysis_31124753_11.out:    Running contrast 746/1132
deg_analysis_31124753_11.out:    Running contrast 751/1132
deg_analysis_31124753_11.out:    Running contrast 756/1132
deg_analysis_31124753_11.out:    Running contrast 761/1132
deg_analysis_31124753_11.out:    Running contrast 766/1132
deg_analysis_31124753_11.out:    Running contrast 771/1132
deg_analysis_31124753_11.out:    Running contrast 776/1132
deg_analysis_31124753_11.out:    Running contrast 781/1132
deg_analysis_31124753_11.out:    Running contrast 786/1132
deg_analysis_31124753_11.out:    Running contrast 791/1132
deg_analysis_31124753_11.out:    Running contrast 796/1132
deg_analysis_31124753_11.out:    Running contrast 801/1132
deg_analysis_31124753_11.out:    Running contrast 806/1132
deg_analysis_31124753_11.out:    Running contrast 811/1132
deg_analysis_31124753_11.out:    Running contrast 816/1132
deg_analysis_31124753_11.out:    Running contrast 821/1132
deg_analysis_31124753_11.out:    Running contrast 826/1132
deg_analysis_31124753_11.out:    Running contrast 831/1132
deg_analysis_31124753_11.out:    Running contrast 836/1132
deg_analysis_31124753_11.out:    Running contrast 841/1132
deg_analysis_31124753_11.out:    Running contrast 846/1132
deg_analysis_31124753_11.out:    Running contrast 851/1132
deg_analysis_31124753_11.out:    Running contrast 856/1132
deg_analysis_31124753_11.out:    Running contrast 861/1132
deg_analysis_31124753_11.out:    Running contrast 866/1132
deg_analysis_31124753_11.out:    Running contrast 871/1132
deg_analysis_31124753_11.out:    Running contrast 876/1132
deg_analysis_31124753_11.out:    Running contrast 881/1132
deg_analysis_31124753_11.out:    Running contrast 886/1132
deg_analysis_31124753_11.out:    Running contrast 891/1132
deg_analysis_31124753_11.out:    Running contrast 896/1132
deg_analysis_31124753_11.out:    Running contrast 901/1132
deg_analysis_31124753_11.out:    Running contrast 906/1132
deg_analysis_31124753_11.out:    Running contrast 911/1132
deg_analysis_31124753_11.out:    Running contrast 916/1132
deg_analysis_31124753_11.out:    Running contrast 921/1132
deg_analysis_31124753_11.out:    Running contrast 926/1132
deg_analysis_31124753_11.out:    Running contrast 931/1132
deg_analysis_31124753_11.out:    Running contrast 936/1132
deg_analysis_31124753_11.out:    Running contrast 941/1132
deg_analysis_31124753_11.out:    Running contrast 946/1132
deg_analysis_31124753_11.out:    Running contrast 951/1132
deg_analysis_31124753_11.out:    Running contrast 956/1132
deg_analysis_31124753_11.out:    Running contrast 961/1132
deg_analysis_31124753_11.out:    Running contrast 966/1132
deg_analysis_31124753_11.out:    Running contrast 971/1132
deg_analysis_31124753_11.out:    Running contrast 976/1132
deg_analysis_31124753_11.out:    Running contrast 981/1132
deg_analysis_31124753_11.out:    Running contrast 986/1132
deg_analysis_31124753_11.out:    Running contrast 991/1132
deg_analysis_31124753_11.out:    Running contrast 996/1132
deg_analysis_31124753_11.out:    Running contrast 1001/1132
deg_analysis_31124753_11.out:    Running contrast 1006/1132
deg_analysis_31124753_11.out:    Running contrast 1011/1132
deg_analysis_31124753_11.out:    Running contrast 1016/1132
deg_analysis_31124753_11.out:    Running contrast 1021/1132
deg_analysis_31124753_11.out:    Running contrast 1026/1132
deg_analysis_31124753_11.out:    Running contrast 1031/1132
deg_analysis_31124753_11.out:    Running contrast 1036/1132
deg_analysis_31124753_11.out:    Running contrast 1041/1132
deg_analysis_31124753_11.out:    Running contrast 1046/1132
deg_analysis_31124753_11.out:    Running contrast 1051/1132
deg_analysis_31124753_11.out:    Running contrast 1056/1132
deg_analysis_31124753_11.out:    Running contrast 1061/1132
deg_analysis_31124753_11.out:    Running contrast 1066/1132
deg_analysis_31124753_11.out:    Running contrast 1071/1132
deg_analysis_31124753_11.out:    Running contrast 1076/1132
deg_analysis_31124753_11.out:    Running contrast 1081/1132
deg_analysis_31124753_11.out:    Running contrast 1086/1132
deg_analysis_31124753_11.out:    Running contrast 1091/1132
deg_analysis_31124753_11.out:    Running contrast 1096/1132
deg_analysis_31124753_11.out:    Running contrast 1101/1132
deg_analysis_31124753_11.out:    Running contrast 1106/1132
deg_analysis_31124753_11.out:    Running contrast 1111/1132
deg_analysis_31124753_11.out:    Running contrast 1116/1132
deg_analysis_31124753_11.out:    Running contrast 1121/1132
deg_analysis_31124753_11.out:    Running contrast 1126/1132
deg_analysis_31124753_11.out:    Running contrast 1131/1132
deg_analysis_31124753_11.out:    Running contrast 1132/1132
deg_analysis_31124753_11.out:
deg_analysis_31124753_11.out:    Writing:  ./data/tahoe/deg_data/group_rep/full/qc_false/filter_min_cells_50/CVCL_0332_de.h5ad 
deg_analysis_31124753_11.out:
deg_analysis_31124753_11.out:    Rewriting h5ad file: ./data/tahoe/deg_data/group_rep/full/qc_false/filter_min_cells_50/CVCL_0332_de.h5ad 
deg_analysis_31124753_11.out:    Removed X matrix
deg_analysis_31124753_11.out:    Rewriting h5ad file is done!
deg_analysis_31124753_11.out:✓ Cell line completed in 7289.5 seconds
deg_analysis_31124753_11.out:
deg_analysis_31124753_11.out:DE analysis completed!
deg_analysis_31124753_11.out:
deg_analysis_31124753_11.out:Total runtime: 7301.6 seconds
deg_analysis_31124753_12.out:
deg_analysis_31124753_12.out:DE analysis started...
deg_analysis_31124753_12.out:Loaded input file:  ./data/tahoe/pseudobulk_processed/group_rep/by_celltype/CVCL_0334_processed.h5ad 
deg_analysis_31124753_12.out:Initial dimensions:  1340  samples ×  62710  genes
deg_analysis_31124753_12.out:Filter samples with the low number of cells
deg_analysis_31124753_12.out:    Filter threshold (min_cells):  50 
deg_analysis_31124753_12.out:    n_obs:  1340 -->  1328 
deg_analysis_31124753_12.out:
deg_analysis_31124753_12.out:▶︎ Processing cell_type  1 / 1 :  CVCL_0334 
deg_analysis_31124753_12.out:    Filter controls by  pert_time_h  column
deg_analysis_31124753_12.out:        n_obs:  1328 -->  1328 
deg_analysis_31124753_12.out:
deg_analysis_31124753_12.out:    Running contrast 1/1131
deg_analysis_31124753_12.out:    Running contrast 6/1131
deg_analysis_31124753_12.out:    Running contrast 11/1131
deg_analysis_31124753_12.out:    Running contrast 16/1131
deg_analysis_31124753_12.out:    Running contrast 21/1131
deg_analysis_31124753_12.out:    Running contrast 26/1131
deg_analysis_31124753_12.out:    Running contrast 31/1131
deg_analysis_31124753_12.out:    Running contrast 36/1131
deg_analysis_31124753_12.out:    Running contrast 41/1131
deg_analysis_31124753_12.out:    Running contrast 46/1131
deg_analysis_31124753_12.out:    Running contrast 51/1131
deg_analysis_31124753_12.out:    Running contrast 56/1131
deg_analysis_31124753_12.out:    Running contrast 61/1131
deg_analysis_31124753_12.out:    Running contrast 66/1131
deg_analysis_31124753_12.out:    Running contrast 71/1131
deg_analysis_31124753_12.out:    Running contrast 76/1131
deg_analysis_31124753_12.out:    Running contrast 81/1131
deg_analysis_31124753_12.out:    Running contrast 86/1131
deg_analysis_31124753_12.out:    Running contrast 91/1131
deg_analysis_31124753_12.out:    Running contrast 96/1131
deg_analysis_31124753_12.out:    Running contrast 101/1131
deg_analysis_31124753_12.out:    Running contrast 106/1131
deg_analysis_31124753_12.out:    Running contrast 111/1131
deg_analysis_31124753_12.out:    Running contrast 116/1131
deg_analysis_31124753_12.out:    Running contrast 121/1131
deg_analysis_31124753_12.out:    Running contrast 126/1131
deg_analysis_31124753_12.out:    Running contrast 131/1131
deg_analysis_31124753_12.out:    Running contrast 136/1131
deg_analysis_31124753_12.out:    Running contrast 141/1131
deg_analysis_31124753_12.out:    Running contrast 146/1131
deg_analysis_31124753_12.out:    Running contrast 151/1131
deg_analysis_31124753_12.out:    Running contrast 156/1131
deg_analysis_31124753_12.out:    Running contrast 161/1131
deg_analysis_31124753_12.out:    Running contrast 166/1131
deg_analysis_31124753_12.out:    Running contrast 171/1131
deg_analysis_31124753_12.out:    Running contrast 176/1131
deg_analysis_31124753_12.out:    Running contrast 181/1131
deg_analysis_31124753_12.out:    Running contrast 186/1131
deg_analysis_31124753_12.out:    Running contrast 191/1131
deg_analysis_31124753_12.out:    Running contrast 196/1131
deg_analysis_31124753_12.out:    Running contrast 201/1131
deg_analysis_31124753_12.out:    Running contrast 206/1131
deg_analysis_31124753_12.out:    Running contrast 211/1131
deg_analysis_31124753_12.out:    Running contrast 216/1131
deg_analysis_31124753_12.out:    Running contrast 221/1131
deg_analysis_31124753_12.out:    Running contrast 226/1131
deg_analysis_31124753_12.out:    Running contrast 231/1131
deg_analysis_31124753_12.out:    Running contrast 236/1131
deg_analysis_31124753_12.out:    Running contrast 241/1131
deg_analysis_31124753_12.out:    Running contrast 246/1131
deg_analysis_31124753_12.out:    Running contrast 251/1131
deg_analysis_31124753_12.out:    Running contrast 256/1131
deg_analysis_31124753_12.out:    Running contrast 261/1131
deg_analysis_31124753_12.out:    Running contrast 266/1131
deg_analysis_31124753_12.out:    Running contrast 271/1131
deg_analysis_31124753_12.out:    Running contrast 276/1131
deg_analysis_31124753_12.out:    Running contrast 281/1131
deg_analysis_31124753_12.out:    Running contrast 286/1131
deg_analysis_31124753_12.out:    Running contrast 291/1131
deg_analysis_31124753_12.out:    Running contrast 296/1131
deg_analysis_31124753_12.out:    Running contrast 301/1131
deg_analysis_31124753_12.out:    Running contrast 306/1131
deg_analysis_31124753_12.out:    Running contrast 311/1131
deg_analysis_31124753_12.out:    Running contrast 316/1131
deg_analysis_31124753_12.out:    Running contrast 321/1131
deg_analysis_31124753_12.out:    Running contrast 326/1131
deg_analysis_31124753_12.out:    Running contrast 331/1131
deg_analysis_31124753_12.out:    Running contrast 336/1131
deg_analysis_31124753_12.out:    Running contrast 341/1131
deg_analysis_31124753_12.out:    Running contrast 346/1131
deg_analysis_31124753_12.out:    Running contrast 351/1131
deg_analysis_31124753_12.out:    Running contrast 356/1131
deg_analysis_31124753_12.out:    Running contrast 361/1131
deg_analysis_31124753_12.out:    Running contrast 366/1131
deg_analysis_31124753_12.out:    Running contrast 371/1131
deg_analysis_31124753_12.out:    Running contrast 376/1131
deg_analysis_31124753_12.out:    Running contrast 381/1131
deg_analysis_31124753_12.out:    Running contrast 386/1131
deg_analysis_31124753_12.out:    Running contrast 391/1131
deg_analysis_31124753_12.out:    Running contrast 396/1131
deg_analysis_31124753_12.out:    Running contrast 401/1131
deg_analysis_31124753_12.out:    Running contrast 406/1131
deg_analysis_31124753_12.out:    Running contrast 411/1131
deg_analysis_31124753_12.out:    Running contrast 416/1131
deg_analysis_31124753_12.out:    Running contrast 421/1131
deg_analysis_31124753_12.out:    Running contrast 426/1131
deg_analysis_31124753_12.out:    Running contrast 431/1131
deg_analysis_31124753_12.out:    Running contrast 436/1131
deg_analysis_31124753_12.out:    Running contrast 441/1131
deg_analysis_31124753_12.out:    Running contrast 446/1131
deg_analysis_31124753_12.out:    Running contrast 451/1131
deg_analysis_31124753_12.out:    Running contrast 456/1131
deg_analysis_31124753_12.out:    Running contrast 461/1131
deg_analysis_31124753_12.out:    Running contrast 466/1131
deg_analysis_31124753_12.out:    Running contrast 471/1131
deg_analysis_31124753_12.out:    Running contrast 476/1131
deg_analysis_31124753_12.out:    Running contrast 481/1131
deg_analysis_31124753_12.out:    Running contrast 486/1131
deg_analysis_31124753_12.out:    Running contrast 491/1131
deg_analysis_31124753_12.out:    Running contrast 496/1131
deg_analysis_31124753_12.out:    Running contrast 501/1131
deg_analysis_31124753_12.out:    Running contrast 506/1131
deg_analysis_31124753_12.out:    Running contrast 511/1131
deg_analysis_31124753_12.out:    Running contrast 516/1131
deg_analysis_31124753_12.out:    Running contrast 521/1131
deg_analysis_31124753_12.out:    Running contrast 526/1131
deg_analysis_31124753_12.out:    Running contrast 531/1131
deg_analysis_31124753_12.out:    Running contrast 536/1131
deg_analysis_31124753_12.out:    Running contrast 541/1131
deg_analysis_31124753_12.out:    Running contrast 546/1131
deg_analysis_31124753_12.out:    Running contrast 551/1131
deg_analysis_31124753_12.out:    Running contrast 556/1131
deg_analysis_31124753_12.out:    Running contrast 561/1131
deg_analysis_31124753_12.out:    Running contrast 566/1131
deg_analysis_31124753_12.out:    Running contrast 571/1131
deg_analysis_31124753_12.out:    Running contrast 576/1131
deg_analysis_31124753_12.out:    Running contrast 581/1131
deg_analysis_31124753_12.out:    Running contrast 586/1131
deg_analysis_31124753_12.out:    Running contrast 591/1131
deg_analysis_31124753_12.out:    Running contrast 596/1131
deg_analysis_31124753_12.out:    Running contrast 601/1131
deg_analysis_31124753_12.out:    Running contrast 606/1131
deg_analysis_31124753_12.out:    Running contrast 611/1131
deg_analysis_31124753_12.out:    Running contrast 616/1131
deg_analysis_31124753_12.out:    Running contrast 621/1131
deg_analysis_31124753_12.out:    Running contrast 626/1131
deg_analysis_31124753_12.out:    Running contrast 631/1131
deg_analysis_31124753_12.out:    Running contrast 636/1131
deg_analysis_31124753_12.out:    Running contrast 641/1131
deg_analysis_31124753_12.out:    Running contrast 646/1131
deg_analysis_31124753_12.out:    Running contrast 651/1131
deg_analysis_31124753_12.out:    Running contrast 656/1131
deg_analysis_31124753_12.out:    Running contrast 661/1131
deg_analysis_31124753_12.out:    Running contrast 666/1131
deg_analysis_31124753_12.out:    Running contrast 671/1131
deg_analysis_31124753_12.out:    Running contrast 676/1131
deg_analysis_31124753_12.out:    Running contrast 681/1131
deg_analysis_31124753_12.out:    Running contrast 686/1131
deg_analysis_31124753_12.out:    Running contrast 691/1131
deg_analysis_31124753_12.out:    Running contrast 696/1131
deg_analysis_31124753_12.out:    Running contrast 701/1131
deg_analysis_31124753_12.out:    Running contrast 706/1131
deg_analysis_31124753_12.out:    Running contrast 711/1131
deg_analysis_31124753_12.out:    Running contrast 716/1131
deg_analysis_31124753_12.out:    Running contrast 721/1131
deg_analysis_31124753_12.out:    Running contrast 726/1131
deg_analysis_31124753_12.out:    Running contrast 731/1131
deg_analysis_31124753_12.out:    Running contrast 736/1131
deg_analysis_31124753_12.out:    Running contrast 741/1131
deg_analysis_31124753_12.out:    Running contrast 746/1131
deg_analysis_31124753_12.out:    Running contrast 751/1131
deg_analysis_31124753_12.out:    Running contrast 756/1131
deg_analysis_31124753_12.out:    Running contrast 761/1131
deg_analysis_31124753_12.out:    Running contrast 766/1131
deg_analysis_31124753_12.out:    Running contrast 771/1131
deg_analysis_31124753_12.out:    Running contrast 776/1131
deg_analysis_31124753_12.out:    Running contrast 781/1131
deg_analysis_31124753_12.out:    Running contrast 786/1131
deg_analysis_31124753_12.out:    Running contrast 791/1131
deg_analysis_31124753_12.out:    Running contrast 796/1131
deg_analysis_31124753_12.out:    Running contrast 801/1131
deg_analysis_31124753_12.out:    Running contrast 806/1131
deg_analysis_31124753_12.out:    Running contrast 811/1131
deg_analysis_31124753_12.out:    Running contrast 816/1131
deg_analysis_31124753_12.out:    Running contrast 821/1131
deg_analysis_31124753_12.out:    Running contrast 826/1131
deg_analysis_31124753_12.out:    Running contrast 831/1131
deg_analysis_31124753_12.out:    Running contrast 836/1131
deg_analysis_31124753_12.out:    Running contrast 841/1131
deg_analysis_31124753_12.out:    Running contrast 846/1131
deg_analysis_31124753_12.out:    Running contrast 851/1131
deg_analysis_31124753_12.out:    Running contrast 856/1131
deg_analysis_31124753_12.out:    Running contrast 861/1131
deg_analysis_31124753_12.out:    Running contrast 866/1131
deg_analysis_31124753_12.out:    Running contrast 871/1131
deg_analysis_31124753_12.out:    Running contrast 876/1131
deg_analysis_31124753_12.out:    Running contrast 881/1131
deg_analysis_31124753_12.out:    Running contrast 886/1131
deg_analysis_31124753_12.out:    Running contrast 891/1131
deg_analysis_31124753_12.out:    Running contrast 896/1131
deg_analysis_31124753_12.out:    Running contrast 901/1131
deg_analysis_31124753_12.out:    Running contrast 906/1131
deg_analysis_31124753_12.out:    Running contrast 911/1131
deg_analysis_31124753_12.out:    Running contrast 916/1131
deg_analysis_31124753_12.out:    Running contrast 921/1131
deg_analysis_31124753_12.out:    Running contrast 926/1131
deg_analysis_31124753_12.out:    Running contrast 931/1131
deg_analysis_31124753_12.out:    Running contrast 936/1131
deg_analysis_31124753_12.out:    Running contrast 941/1131
deg_analysis_31124753_12.out:    Running contrast 946/1131
deg_analysis_31124753_12.out:    Running contrast 951/1131
deg_analysis_31124753_12.out:    Running contrast 956/1131
deg_analysis_31124753_12.out:    Running contrast 961/1131
deg_analysis_31124753_12.out:    Running contrast 966/1131
deg_analysis_31124753_12.out:    Running contrast 971/1131
deg_analysis_31124753_12.out:    Running contrast 976/1131
deg_analysis_31124753_12.out:    Running contrast 981/1131
deg_analysis_31124753_12.out:    Running contrast 986/1131
deg_analysis_31124753_12.out:    Running contrast 991/1131
deg_analysis_31124753_12.out:    Running contrast 996/1131
deg_analysis_31124753_12.out:    Running contrast 1001/1131
deg_analysis_31124753_12.out:    Running contrast 1006/1131
deg_analysis_31124753_12.out:    Running contrast 1011/1131
deg_analysis_31124753_12.out:    Running contrast 1016/1131
deg_analysis_31124753_12.out:    Running contrast 1021/1131
deg_analysis_31124753_12.out:    Running contrast 1026/1131
deg_analysis_31124753_12.out:    Running contrast 1031/1131
deg_analysis_31124753_12.out:    Running contrast 1036/1131
deg_analysis_31124753_12.out:    Running contrast 1041/1131
deg_analysis_31124753_12.out:    Running contrast 1046/1131
deg_analysis_31124753_12.out:    Running contrast 1051/1131
deg_analysis_31124753_12.out:    Running contrast 1056/1131
deg_analysis_31124753_12.out:    Running contrast 1061/1131
deg_analysis_31124753_12.out:    Running contrast 1066/1131
deg_analysis_31124753_12.out:    Running contrast 1071/1131
deg_analysis_31124753_12.out:    Running contrast 1076/1131
deg_analysis_31124753_12.out:    Running contrast 1081/1131
deg_analysis_31124753_12.out:    Running contrast 1086/1131
deg_analysis_31124753_12.out:    Running contrast 1091/1131
deg_analysis_31124753_12.out:    Running contrast 1096/1131
deg_analysis_31124753_12.out:    Running contrast 1101/1131
deg_analysis_31124753_12.out:    Running contrast 1106/1131
deg_analysis_31124753_12.out:    Running contrast 1111/1131
deg_analysis_31124753_12.out:    Running contrast 1116/1131
deg_analysis_31124753_12.out:    Running contrast 1121/1131
deg_analysis_31124753_12.out:    Running contrast 1126/1131
deg_analysis_31124753_12.out:    Running contrast 1131/1131
deg_analysis_31124753_12.out:
deg_analysis_31124753_12.out:    Writing:  ./data/tahoe/deg_data/group_rep/full/qc_false/filter_min_cells_50/CVCL_0334_de.h5ad 
deg_analysis_31124753_12.out:
deg_analysis_31124753_12.out:    Rewriting h5ad file: ./data/tahoe/deg_data/group_rep/full/qc_false/filter_min_cells_50/CVCL_0334_de.h5ad 
deg_analysis_31124753_12.out:    Removed X matrix
deg_analysis_31124753_12.out:    Rewriting h5ad file is done!
deg_analysis_31124753_12.out:✓ Cell line completed in 8852.1 seconds
deg_analysis_31124753_12.out:
deg_analysis_31124753_12.out:DE analysis completed!
deg_analysis_31124753_12.out:
deg_analysis_31124753_12.out:Total runtime: 8863.7 seconds
deg_analysis_31124753_13.out:
deg_analysis_31124753_13.out:DE analysis started...
deg_analysis_31124753_13.out:Loaded input file:  ./data/tahoe/pseudobulk_processed/group_rep/by_celltype/CVCL_0359_processed.h5ad 
deg_analysis_31124753_13.out:Initial dimensions:  1342  samples ×  62710  genes
deg_analysis_31124753_13.out:Filter samples with the low number of cells
deg_analysis_31124753_13.out:    Filter threshold (min_cells):  50 
deg_analysis_31124753_13.out:    n_obs:  1342 -->  1329 
deg_analysis_31124753_13.out:
deg_analysis_31124753_13.out:▶︎ Processing cell_type  1 / 1 :  CVCL_0359 
deg_analysis_31124753_13.out:    Filter controls by  pert_time_h  column
deg_analysis_31124753_13.out:        n_obs:  1329 -->  1329 
deg_analysis_31124753_13.out:
deg_analysis_31124753_13.out:    Running contrast 1/1132
deg_analysis_31124753_13.out:    Running contrast 6/1132
deg_analysis_31124753_13.out:    Running contrast 11/1132
deg_analysis_31124753_13.out:    Running contrast 16/1132
deg_analysis_31124753_13.out:    Running contrast 21/1132
deg_analysis_31124753_13.out:    Running contrast 26/1132
deg_analysis_31124753_13.out:    Running contrast 31/1132
deg_analysis_31124753_13.out:    Running contrast 36/1132
deg_analysis_31124753_13.out:    Running contrast 41/1132
deg_analysis_31124753_13.out:    Running contrast 46/1132
deg_analysis_31124753_13.out:    Running contrast 51/1132
deg_analysis_31124753_13.out:    Running contrast 56/1132
deg_analysis_31124753_13.out:    Running contrast 61/1132
deg_analysis_31124753_13.out:    Running contrast 66/1132
deg_analysis_31124753_13.out:    Running contrast 71/1132
deg_analysis_31124753_13.out:    Running contrast 76/1132
deg_analysis_31124753_13.out:    Running contrast 81/1132
deg_analysis_31124753_13.out:    Running contrast 86/1132
deg_analysis_31124753_13.out:    Running contrast 91/1132
deg_analysis_31124753_13.out:    Running contrast 96/1132
deg_analysis_31124753_13.out:    Running contrast 101/1132
deg_analysis_31124753_13.out:    Running contrast 106/1132
deg_analysis_31124753_13.out:    Running contrast 111/1132
deg_analysis_31124753_13.out:    Running contrast 116/1132
deg_analysis_31124753_13.out:    Running contrast 121/1132
deg_analysis_31124753_13.out:    Running contrast 126/1132
deg_analysis_31124753_13.out:    Running contrast 131/1132
deg_analysis_31124753_13.out:    Running contrast 136/1132
deg_analysis_31124753_13.out:    Running contrast 141/1132
deg_analysis_31124753_13.out:    Running contrast 146/1132
deg_analysis_31124753_13.out:    Running contrast 151/1132
deg_analysis_31124753_13.out:    Running contrast 156/1132
deg_analysis_31124753_13.out:    Running contrast 161/1132
deg_analysis_31124753_13.out:    Running contrast 166/1132
deg_analysis_31124753_13.out:    Running contrast 171/1132
deg_analysis_31124753_13.out:    Running contrast 176/1132
deg_analysis_31124753_13.out:    Running contrast 181/1132
deg_analysis_31124753_13.out:    Running contrast 186/1132
deg_analysis_31124753_13.out:    Running contrast 191/1132
deg_analysis_31124753_13.out:    Running contrast 196/1132
deg_analysis_31124753_13.out:    Running contrast 201/1132
deg_analysis_31124753_13.out:    Running contrast 206/1132
deg_analysis_31124753_13.out:    Running contrast 211/1132
deg_analysis_31124753_13.out:    Running contrast 216/1132
deg_analysis_31124753_13.out:    Running contrast 221/1132
deg_analysis_31124753_13.out:    Running contrast 226/1132
deg_analysis_31124753_13.out:    Running contrast 231/1132
deg_analysis_31124753_13.out:    Running contrast 236/1132
deg_analysis_31124753_13.out:    Running contrast 241/1132
deg_analysis_31124753_13.out:    Running contrast 246/1132
deg_analysis_31124753_13.out:    Running contrast 251/1132
deg_analysis_31124753_13.out:    Running contrast 256/1132
deg_analysis_31124753_13.out:    Running contrast 261/1132
deg_analysis_31124753_13.out:    Running contrast 266/1132
deg_analysis_31124753_13.out:    Running contrast 271/1132
deg_analysis_31124753_13.out:    Running contrast 276/1132
deg_analysis_31124753_13.out:    Running contrast 281/1132
deg_analysis_31124753_13.out:    Running contrast 286/1132
deg_analysis_31124753_13.out:    Running contrast 291/1132
deg_analysis_31124753_13.out:    Running contrast 296/1132
deg_analysis_31124753_13.out:    Running contrast 301/1132
deg_analysis_31124753_13.out:    Running contrast 306/1132
deg_analysis_31124753_13.out:    Running contrast 311/1132
deg_analysis_31124753_13.out:    Running contrast 316/1132
deg_analysis_31124753_13.out:    Running contrast 321/1132
deg_analysis_31124753_13.out:    Running contrast 326/1132
deg_analysis_31124753_13.out:    Running contrast 331/1132
deg_analysis_31124753_13.out:    Running contrast 336/1132
deg_analysis_31124753_13.out:    Running contrast 341/1132
deg_analysis_31124753_13.out:    Running contrast 346/1132
deg_analysis_31124753_13.out:    Running contrast 351/1132
deg_analysis_31124753_13.out:    Running contrast 356/1132
deg_analysis_31124753_13.out:    Running contrast 361/1132
deg_analysis_31124753_13.out:    Running contrast 366/1132
deg_analysis_31124753_13.out:    Running contrast 371/1132
deg_analysis_31124753_13.out:    Running contrast 376/1132
deg_analysis_31124753_13.out:    Running contrast 381/1132
deg_analysis_31124753_13.out:    Running contrast 386/1132
deg_analysis_31124753_13.out:    Running contrast 391/1132
deg_analysis_31124753_13.out:    Running contrast 396/1132
deg_analysis_31124753_13.out:    Running contrast 401/1132
deg_analysis_31124753_13.out:    Running contrast 406/1132
deg_analysis_31124753_13.out:    Running contrast 411/1132
deg_analysis_31124753_13.out:    Running contrast 416/1132
deg_analysis_31124753_13.out:    Running contrast 421/1132
deg_analysis_31124753_13.out:    Running contrast 426/1132
deg_analysis_31124753_13.out:    Running contrast 431/1132
deg_analysis_31124753_13.out:    Running contrast 436/1132
deg_analysis_31124753_13.out:    Running contrast 441/1132
deg_analysis_31124753_13.out:    Running contrast 446/1132
deg_analysis_31124753_13.out:    Running contrast 451/1132
deg_analysis_31124753_13.out:    Running contrast 456/1132
deg_analysis_31124753_13.out:    Running contrast 461/1132
deg_analysis_31124753_13.out:    Running contrast 466/1132
deg_analysis_31124753_13.out:    Running contrast 471/1132
deg_analysis_31124753_13.out:    Running contrast 476/1132
deg_analysis_31124753_13.out:    Running contrast 481/1132
deg_analysis_31124753_13.out:    Running contrast 486/1132
deg_analysis_31124753_13.out:    Running contrast 491/1132
deg_analysis_31124753_13.out:    Running contrast 496/1132
deg_analysis_31124753_13.out:    Running contrast 501/1132
deg_analysis_31124753_13.out:    Running contrast 506/1132
deg_analysis_31124753_13.out:    Running contrast 511/1132
deg_analysis_31124753_13.out:    Running contrast 516/1132
deg_analysis_31124753_13.out:    Running contrast 521/1132
deg_analysis_31124753_13.out:    Running contrast 526/1132
deg_analysis_31124753_13.out:    Running contrast 531/1132
deg_analysis_31124753_13.out:    Running contrast 536/1132
deg_analysis_31124753_13.out:    Running contrast 541/1132
deg_analysis_31124753_13.out:    Running contrast 546/1132
deg_analysis_31124753_13.out:    Running contrast 551/1132
deg_analysis_31124753_13.out:    Running contrast 556/1132
deg_analysis_31124753_13.out:    Running contrast 561/1132
deg_analysis_31124753_13.out:    Running contrast 566/1132
deg_analysis_31124753_13.out:    Running contrast 571/1132
deg_analysis_31124753_13.out:    Running contrast 576/1132
deg_analysis_31124753_13.out:    Running contrast 581/1132
deg_analysis_31124753_13.out:    Running contrast 586/1132
deg_analysis_31124753_13.out:    Running contrast 591/1132
deg_analysis_31124753_13.out:    Running contrast 596/1132
deg_analysis_31124753_13.out:    Running contrast 601/1132
deg_analysis_31124753_13.out:    Running contrast 606/1132
deg_analysis_31124753_13.out:    Running contrast 611/1132
deg_analysis_31124753_13.out:    Running contrast 616/1132
deg_analysis_31124753_13.out:    Running contrast 621/1132
deg_analysis_31124753_13.out:    Running contrast 626/1132
deg_analysis_31124753_13.out:    Running contrast 631/1132
deg_analysis_31124753_13.out:    Running contrast 636/1132
deg_analysis_31124753_13.out:    Running contrast 641/1132
deg_analysis_31124753_13.out:    Running contrast 646/1132
deg_analysis_31124753_13.out:    Running contrast 651/1132
deg_analysis_31124753_13.out:    Running contrast 656/1132
deg_analysis_31124753_13.out:    Running contrast 661/1132
deg_analysis_31124753_13.out:    Running contrast 666/1132
deg_analysis_31124753_13.out:    Running contrast 671/1132
deg_analysis_31124753_13.out:    Running contrast 676/1132
deg_analysis_31124753_13.out:    Running contrast 681/1132
deg_analysis_31124753_13.out:    Running contrast 686/1132
deg_analysis_31124753_13.out:    Running contrast 691/1132
deg_analysis_31124753_13.out:    Running contrast 696/1132
deg_analysis_31124753_13.out:    Running contrast 701/1132
deg_analysis_31124753_13.out:    Running contrast 706/1132
deg_analysis_31124753_13.out:    Running contrast 711/1132
deg_analysis_31124753_13.out:    Running contrast 716/1132
deg_analysis_31124753_13.out:    Running contrast 721/1132
deg_analysis_31124753_13.out:    Running contrast 726/1132
deg_analysis_31124753_13.out:    Running contrast 731/1132
deg_analysis_31124753_13.out:    Running contrast 736/1132
deg_analysis_31124753_13.out:    Running contrast 741/1132
deg_analysis_31124753_13.out:    Running contrast 746/1132
deg_analysis_31124753_13.out:    Running contrast 751/1132
deg_analysis_31124753_13.out:    Running contrast 756/1132
deg_analysis_31124753_13.out:    Running contrast 761/1132
deg_analysis_31124753_13.out:    Running contrast 766/1132
deg_analysis_31124753_13.out:    Running contrast 771/1132
deg_analysis_31124753_13.out:    Running contrast 776/1132
deg_analysis_31124753_13.out:    Running contrast 781/1132
deg_analysis_31124753_13.out:    Running contrast 786/1132
deg_analysis_31124753_13.out:    Running contrast 791/1132
deg_analysis_31124753_13.out:    Running contrast 796/1132
deg_analysis_31124753_13.out:    Running contrast 801/1132
deg_analysis_31124753_13.out:    Running contrast 806/1132
deg_analysis_31124753_13.out:    Running contrast 811/1132
deg_analysis_31124753_13.out:    Running contrast 816/1132
deg_analysis_31124753_13.out:    Running contrast 821/1132
deg_analysis_31124753_13.out:    Running contrast 826/1132
deg_analysis_31124753_13.out:    Running contrast 831/1132
deg_analysis_31124753_13.out:    Running contrast 836/1132
deg_analysis_31124753_13.out:    Running contrast 841/1132
deg_analysis_31124753_13.out:    Running contrast 846/1132
deg_analysis_31124753_13.out:    Running contrast 851/1132
deg_analysis_31124753_13.out:    Running contrast 856/1132
deg_analysis_31124753_13.out:    Running contrast 861/1132
deg_analysis_31124753_13.out:    Running contrast 866/1132
deg_analysis_31124753_13.out:    Running contrast 871/1132
deg_analysis_31124753_13.out:    Running contrast 876/1132
deg_analysis_31124753_13.out:    Running contrast 881/1132
deg_analysis_31124753_13.out:    Running contrast 886/1132
deg_analysis_31124753_13.out:    Running contrast 891/1132
deg_analysis_31124753_13.out:    Running contrast 896/1132
deg_analysis_31124753_13.out:    Running contrast 901/1132
deg_analysis_31124753_13.out:    Running contrast 906/1132
deg_analysis_31124753_13.out:    Running contrast 911/1132
deg_analysis_31124753_13.out:    Running contrast 916/1132
deg_analysis_31124753_13.out:    Running contrast 921/1132
deg_analysis_31124753_13.out:    Running contrast 926/1132
deg_analysis_31124753_13.out:    Running contrast 931/1132
deg_analysis_31124753_13.out:    Running contrast 936/1132
deg_analysis_31124753_13.out:    Running contrast 941/1132
deg_analysis_31124753_13.out:    Running contrast 946/1132
deg_analysis_31124753_13.out:    Running contrast 951/1132
deg_analysis_31124753_13.out:    Running contrast 956/1132
deg_analysis_31124753_13.out:    Running contrast 961/1132
deg_analysis_31124753_13.out:    Running contrast 966/1132
deg_analysis_31124753_13.out:    Running contrast 971/1132
deg_analysis_31124753_13.out:    Running contrast 976/1132
deg_analysis_31124753_13.out:    Running contrast 981/1132
deg_analysis_31124753_13.out:    Running contrast 986/1132
deg_analysis_31124753_13.out:    Running contrast 991/1132
deg_analysis_31124753_13.out:    Running contrast 996/1132
deg_analysis_31124753_13.out:    Running contrast 1001/1132
deg_analysis_31124753_13.out:    Running contrast 1006/1132
deg_analysis_31124753_13.out:    Running contrast 1011/1132
deg_analysis_31124753_13.out:    Running contrast 1016/1132
deg_analysis_31124753_13.out:    Running contrast 1021/1132
deg_analysis_31124753_13.out:    Running contrast 1026/1132
deg_analysis_31124753_13.out:    Running contrast 1031/1132
deg_analysis_31124753_13.out:    Running contrast 1036/1132
deg_analysis_31124753_13.out:    Running contrast 1041/1132
deg_analysis_31124753_13.out:    Running contrast 1046/1132
deg_analysis_31124753_13.out:    Running contrast 1051/1132
deg_analysis_31124753_13.out:    Running contrast 1056/1132
deg_analysis_31124753_13.out:    Running contrast 1061/1132
deg_analysis_31124753_13.out:    Running contrast 1066/1132
deg_analysis_31124753_13.out:    Running contrast 1071/1132
deg_analysis_31124753_13.out:    Running contrast 1076/1132
deg_analysis_31124753_13.out:    Running contrast 1081/1132
deg_analysis_31124753_13.out:    Running contrast 1086/1132
deg_analysis_31124753_13.out:    Running contrast 1091/1132
deg_analysis_31124753_13.out:    Running contrast 1096/1132
deg_analysis_31124753_13.out:    Running contrast 1101/1132
deg_analysis_31124753_13.out:    Running contrast 1106/1132
deg_analysis_31124753_13.out:    Running contrast 1111/1132
deg_analysis_31124753_13.out:    Running contrast 1116/1132
deg_analysis_31124753_13.out:    Running contrast 1121/1132
deg_analysis_31124753_13.out:    Running contrast 1126/1132
deg_analysis_31124753_13.out:    Running contrast 1131/1132
deg_analysis_31124753_13.out:    Running contrast 1132/1132
deg_analysis_31124753_13.out:
deg_analysis_31124753_13.out:    Writing:  ./data/tahoe/deg_data/group_rep/full/qc_false/filter_min_cells_50/CVCL_0359_de.h5ad 
deg_analysis_31124753_13.out:
deg_analysis_31124753_13.out:    Rewriting h5ad file: ./data/tahoe/deg_data/group_rep/full/qc_false/filter_min_cells_50/CVCL_0359_de.h5ad 
deg_analysis_31124753_13.out:    Removed X matrix
deg_analysis_31124753_13.out:    Rewriting h5ad file is done!
deg_analysis_31124753_13.out:✓ Cell line completed in 7692.7 seconds
deg_analysis_31124753_13.out:
deg_analysis_31124753_13.out:DE analysis completed!
deg_analysis_31124753_13.out:
deg_analysis_31124753_13.out:Total runtime: 7706.0 seconds
deg_analysis_31124753_14.out:
deg_analysis_31124753_14.out:DE analysis started...
deg_analysis_31124753_14.out:Loaded input file:  ./data/tahoe/pseudobulk_processed/group_rep/by_celltype/CVCL_0366_processed.h5ad 
deg_analysis_31124753_14.out:Initial dimensions:  1344  samples ×  62710  genes
deg_analysis_31124753_14.out:Filter samples with the low number of cells
deg_analysis_31124753_14.out:    Filter threshold (min_cells):  50 
deg_analysis_31124753_14.out:    n_obs:  1344 -->  1329 
deg_analysis_31124753_14.out:
deg_analysis_31124753_14.out:▶︎ Processing cell_type  1 / 1 :  CVCL_0366 
deg_analysis_31124753_14.out:    Filter controls by  pert_time_h  column
deg_analysis_31124753_14.out:        n_obs:  1329 -->  1329 
deg_analysis_31124753_14.out:
deg_analysis_31124753_14.out:    Running contrast 1/1132
deg_analysis_31124753_14.out:    Running contrast 6/1132
deg_analysis_31124753_14.out:    Running contrast 11/1132
deg_analysis_31124753_14.out:    Running contrast 16/1132
deg_analysis_31124753_14.out:    Running contrast 21/1132
deg_analysis_31124753_14.out:    Running contrast 26/1132
deg_analysis_31124753_14.out:    Running contrast 31/1132
deg_analysis_31124753_14.out:    Running contrast 36/1132
deg_analysis_31124753_14.out:    Running contrast 41/1132
deg_analysis_31124753_14.out:    Running contrast 46/1132
deg_analysis_31124753_14.out:    Running contrast 51/1132
deg_analysis_31124753_14.out:    Running contrast 56/1132
deg_analysis_31124753_14.out:    Running contrast 61/1132
deg_analysis_31124753_14.out:    Running contrast 66/1132
deg_analysis_31124753_14.out:    Running contrast 71/1132
deg_analysis_31124753_14.out:    Running contrast 76/1132
deg_analysis_31124753_14.out:    Running contrast 81/1132
deg_analysis_31124753_14.out:    Running contrast 86/1132
deg_analysis_31124753_14.out:    Running contrast 91/1132
deg_analysis_31124753_14.out:    Running contrast 96/1132
deg_analysis_31124753_14.out:    Running contrast 101/1132
deg_analysis_31124753_14.out:    Running contrast 106/1132
deg_analysis_31124753_14.out:    Running contrast 111/1132
deg_analysis_31124753_14.out:    Running contrast 116/1132
deg_analysis_31124753_14.out:    Running contrast 121/1132
deg_analysis_31124753_14.out:    Running contrast 126/1132
deg_analysis_31124753_14.out:    Running contrast 131/1132
deg_analysis_31124753_14.out:    Running contrast 136/1132
deg_analysis_31124753_14.out:    Running contrast 141/1132
deg_analysis_31124753_14.out:    Running contrast 146/1132
deg_analysis_31124753_14.out:    Running contrast 151/1132
deg_analysis_31124753_14.out:    Running contrast 156/1132
deg_analysis_31124753_14.out:    Running contrast 161/1132
deg_analysis_31124753_14.out:    Running contrast 166/1132
deg_analysis_31124753_14.out:    Running contrast 171/1132
deg_analysis_31124753_14.out:    Running contrast 176/1132
deg_analysis_31124753_14.out:    Running contrast 181/1132
deg_analysis_31124753_14.out:    Running contrast 186/1132
deg_analysis_31124753_14.out:    Running contrast 191/1132
deg_analysis_31124753_14.out:    Running contrast 196/1132
deg_analysis_31124753_14.out:    Running contrast 201/1132
deg_analysis_31124753_14.out:    Running contrast 206/1132
deg_analysis_31124753_14.out:    Running contrast 211/1132
deg_analysis_31124753_14.out:    Running contrast 216/1132
deg_analysis_31124753_14.out:    Running contrast 221/1132
deg_analysis_31124753_14.out:    Running contrast 226/1132
deg_analysis_31124753_14.out:    Running contrast 231/1132
deg_analysis_31124753_14.out:    Running contrast 236/1132
deg_analysis_31124753_14.out:    Running contrast 241/1132
deg_analysis_31124753_14.out:    Running contrast 246/1132
deg_analysis_31124753_14.out:    Running contrast 251/1132
deg_analysis_31124753_14.out:    Running contrast 256/1132
deg_analysis_31124753_14.out:    Running contrast 261/1132
deg_analysis_31124753_14.out:    Running contrast 266/1132
deg_analysis_31124753_14.out:    Running contrast 271/1132
deg_analysis_31124753_14.out:    Running contrast 276/1132
deg_analysis_31124753_14.out:    Running contrast 281/1132
deg_analysis_31124753_14.out:    Running contrast 286/1132
deg_analysis_31124753_14.out:    Running contrast 291/1132
deg_analysis_31124753_14.out:    Running contrast 296/1132
deg_analysis_31124753_14.out:    Running contrast 301/1132
deg_analysis_31124753_14.out:    Running contrast 306/1132
deg_analysis_31124753_14.out:    Running contrast 311/1132
deg_analysis_31124753_14.out:    Running contrast 316/1132
deg_analysis_31124753_14.out:    Running contrast 321/1132
deg_analysis_31124753_14.out:    Running contrast 326/1132
deg_analysis_31124753_14.out:    Running contrast 331/1132
deg_analysis_31124753_14.out:    Running contrast 336/1132
deg_analysis_31124753_14.out:    Running contrast 341/1132
deg_analysis_31124753_14.out:    Running contrast 346/1132
deg_analysis_31124753_14.out:    Running contrast 351/1132
deg_analysis_31124753_14.out:    Running contrast 356/1132
deg_analysis_31124753_14.out:    Running contrast 361/1132
deg_analysis_31124753_14.out:    Running contrast 366/1132
deg_analysis_31124753_14.out:    Running contrast 371/1132
deg_analysis_31124753_14.out:    Running contrast 376/1132
deg_analysis_31124753_14.out:    Running contrast 381/1132
deg_analysis_31124753_14.out:    Running contrast 386/1132
deg_analysis_31124753_14.out:    Running contrast 391/1132
deg_analysis_31124753_14.out:    Running contrast 396/1132
deg_analysis_31124753_14.out:    Running contrast 401/1132
deg_analysis_31124753_14.out:    Running contrast 406/1132
deg_analysis_31124753_14.out:    Running contrast 411/1132
deg_analysis_31124753_14.out:    Running contrast 416/1132
deg_analysis_31124753_14.out:    Running contrast 421/1132
deg_analysis_31124753_14.out:    Running contrast 426/1132
deg_analysis_31124753_14.out:    Running contrast 431/1132
deg_analysis_31124753_14.out:    Running contrast 436/1132
deg_analysis_31124753_14.out:    Running contrast 441/1132
deg_analysis_31124753_14.out:    Running contrast 446/1132
deg_analysis_31124753_14.out:    Running contrast 451/1132
deg_analysis_31124753_14.out:    Running contrast 456/1132
deg_analysis_31124753_14.out:    Running contrast 461/1132
deg_analysis_31124753_14.out:    Running contrast 466/1132
deg_analysis_31124753_14.out:    Running contrast 471/1132
deg_analysis_31124753_14.out:    Running contrast 476/1132
deg_analysis_31124753_14.out:    Running contrast 481/1132
deg_analysis_31124753_14.out:    Running contrast 486/1132
deg_analysis_31124753_14.out:    Running contrast 491/1132
deg_analysis_31124753_14.out:    Running contrast 496/1132
deg_analysis_31124753_14.out:    Running contrast 501/1132
deg_analysis_31124753_14.out:    Running contrast 506/1132
deg_analysis_31124753_14.out:    Running contrast 511/1132
deg_analysis_31124753_14.out:    Running contrast 516/1132
deg_analysis_31124753_14.out:    Running contrast 521/1132
deg_analysis_31124753_14.out:    Running contrast 526/1132
deg_analysis_31124753_14.out:    Running contrast 531/1132
deg_analysis_31124753_14.out:    Running contrast 536/1132
deg_analysis_31124753_14.out:    Running contrast 541/1132
deg_analysis_31124753_14.out:    Running contrast 546/1132
deg_analysis_31124753_14.out:    Running contrast 551/1132
deg_analysis_31124753_14.out:    Running contrast 556/1132
deg_analysis_31124753_14.out:    Running contrast 561/1132
deg_analysis_31124753_14.out:    Running contrast 566/1132
deg_analysis_31124753_14.out:    Running contrast 571/1132
deg_analysis_31124753_14.out:    Running contrast 576/1132
deg_analysis_31124753_14.out:    Running contrast 581/1132
deg_analysis_31124753_14.out:    Running contrast 586/1132
deg_analysis_31124753_14.out:    Running contrast 591/1132
deg_analysis_31124753_14.out:    Running contrast 596/1132
deg_analysis_31124753_14.out:    Running contrast 601/1132
deg_analysis_31124753_14.out:    Running contrast 606/1132
deg_analysis_31124753_14.out:    Running contrast 611/1132
deg_analysis_31124753_14.out:    Running contrast 616/1132
deg_analysis_31124753_14.out:    Running contrast 621/1132
deg_analysis_31124753_14.out:    Running contrast 626/1132
deg_analysis_31124753_14.out:    Running contrast 631/1132
deg_analysis_31124753_14.out:    Running contrast 636/1132
deg_analysis_31124753_14.out:    Running contrast 641/1132
deg_analysis_31124753_14.out:    Running contrast 646/1132
deg_analysis_31124753_14.out:    Running contrast 651/1132
deg_analysis_31124753_14.out:    Running contrast 656/1132
deg_analysis_31124753_14.out:    Running contrast 661/1132
deg_analysis_31124753_14.out:    Running contrast 666/1132
deg_analysis_31124753_14.out:    Running contrast 671/1132
deg_analysis_31124753_14.out:    Running contrast 676/1132
deg_analysis_31124753_14.out:    Running contrast 681/1132
deg_analysis_31124753_14.out:    Running contrast 686/1132
deg_analysis_31124753_14.out:    Running contrast 691/1132
deg_analysis_31124753_14.out:    Running contrast 696/1132
deg_analysis_31124753_14.out:    Running contrast 701/1132
deg_analysis_31124753_14.out:    Running contrast 706/1132
deg_analysis_31124753_14.out:    Running contrast 711/1132
deg_analysis_31124753_14.out:    Running contrast 716/1132
deg_analysis_31124753_14.out:    Running contrast 721/1132
deg_analysis_31124753_14.out:    Running contrast 726/1132
deg_analysis_31124753_14.out:    Running contrast 731/1132
deg_analysis_31124753_14.out:    Running contrast 736/1132
deg_analysis_31124753_14.out:    Running contrast 741/1132
deg_analysis_31124753_14.out:    Running contrast 746/1132
deg_analysis_31124753_14.out:    Running contrast 751/1132
deg_analysis_31124753_14.out:    Running contrast 756/1132
deg_analysis_31124753_14.out:    Running contrast 761/1132
deg_analysis_31124753_14.out:    Running contrast 766/1132
deg_analysis_31124753_14.out:    Running contrast 771/1132
deg_analysis_31124753_14.out:    Running contrast 776/1132
deg_analysis_31124753_14.out:    Running contrast 781/1132
deg_analysis_31124753_14.out:    Running contrast 786/1132
deg_analysis_31124753_14.out:    Running contrast 791/1132
deg_analysis_31124753_14.out:    Running contrast 796/1132
deg_analysis_31124753_14.out:    Running contrast 801/1132
deg_analysis_31124753_14.out:    Running contrast 806/1132
deg_analysis_31124753_14.out:    Running contrast 811/1132
deg_analysis_31124753_14.out:    Running contrast 816/1132
deg_analysis_31124753_14.out:    Running contrast 821/1132
deg_analysis_31124753_14.out:    Running contrast 826/1132
deg_analysis_31124753_14.out:    Running contrast 831/1132
deg_analysis_31124753_14.out:    Running contrast 836/1132
deg_analysis_31124753_14.out:    Running contrast 841/1132
deg_analysis_31124753_14.out:    Running contrast 846/1132
deg_analysis_31124753_14.out:    Running contrast 851/1132
deg_analysis_31124753_14.out:    Running contrast 856/1132
deg_analysis_31124753_14.out:    Running contrast 861/1132
deg_analysis_31124753_14.out:    Running contrast 866/1132
deg_analysis_31124753_14.out:    Running contrast 871/1132
deg_analysis_31124753_14.out:    Running contrast 876/1132
deg_analysis_31124753_14.out:    Running contrast 881/1132
deg_analysis_31124753_14.out:    Running contrast 886/1132
deg_analysis_31124753_14.out:    Running contrast 891/1132
deg_analysis_31124753_14.out:    Running contrast 896/1132
deg_analysis_31124753_14.out:    Running contrast 901/1132
deg_analysis_31124753_14.out:    Running contrast 906/1132
deg_analysis_31124753_14.out:    Running contrast 911/1132
deg_analysis_31124753_14.out:    Running contrast 916/1132
deg_analysis_31124753_14.out:    Running contrast 921/1132
deg_analysis_31124753_14.out:    Running contrast 926/1132
deg_analysis_31124753_14.out:    Running contrast 931/1132
deg_analysis_31124753_14.out:    Running contrast 936/1132
deg_analysis_31124753_14.out:    Running contrast 941/1132
deg_analysis_31124753_14.out:    Running contrast 946/1132
deg_analysis_31124753_14.out:    Running contrast 951/1132
deg_analysis_31124753_14.out:    Running contrast 956/1132
deg_analysis_31124753_14.out:    Running contrast 961/1132
deg_analysis_31124753_14.out:    Running contrast 966/1132
deg_analysis_31124753_14.out:    Running contrast 971/1132
deg_analysis_31124753_14.out:    Running contrast 976/1132
deg_analysis_31124753_14.out:    Running contrast 981/1132
deg_analysis_31124753_14.out:    Running contrast 986/1132
deg_analysis_31124753_14.out:    Running contrast 991/1132
deg_analysis_31124753_14.out:    Running contrast 996/1132
deg_analysis_31124753_14.out:    Running contrast 1001/1132
deg_analysis_31124753_14.out:    Running contrast 1006/1132
deg_analysis_31124753_14.out:    Running contrast 1011/1132
deg_analysis_31124753_14.out:    Running contrast 1016/1132
deg_analysis_31124753_14.out:    Running contrast 1021/1132
deg_analysis_31124753_14.out:    Running contrast 1026/1132
deg_analysis_31124753_14.out:    Running contrast 1031/1132
deg_analysis_31124753_14.out:    Running contrast 1036/1132
deg_analysis_31124753_14.out:    Running contrast 1041/1132
deg_analysis_31124753_14.out:    Running contrast 1046/1132
deg_analysis_31124753_14.out:    Running contrast 1051/1132
deg_analysis_31124753_14.out:    Running contrast 1056/1132
deg_analysis_31124753_14.out:    Running contrast 1061/1132
deg_analysis_31124753_14.out:    Running contrast 1066/1132
deg_analysis_31124753_14.out:    Running contrast 1071/1132
deg_analysis_31124753_14.out:    Running contrast 1076/1132
deg_analysis_31124753_14.out:    Running contrast 1081/1132
deg_analysis_31124753_14.out:    Running contrast 1086/1132
deg_analysis_31124753_14.out:    Running contrast 1091/1132
deg_analysis_31124753_14.out:    Running contrast 1096/1132
deg_analysis_31124753_14.out:    Running contrast 1101/1132
deg_analysis_31124753_14.out:    Running contrast 1106/1132
deg_analysis_31124753_14.out:    Running contrast 1111/1132
deg_analysis_31124753_14.out:    Running contrast 1116/1132
deg_analysis_31124753_14.out:    Running contrast 1121/1132
deg_analysis_31124753_14.out:    Running contrast 1126/1132
deg_analysis_31124753_14.out:    Running contrast 1131/1132
deg_analysis_31124753_14.out:    Running contrast 1132/1132
deg_analysis_31124753_14.out:
deg_analysis_31124753_14.out:    Writing:  ./data/tahoe/deg_data/group_rep/full/qc_false/filter_min_cells_50/CVCL_0366_de.h5ad 
deg_analysis_31124753_14.out:
deg_analysis_31124753_14.out:    Rewriting h5ad file: ./data/tahoe/deg_data/group_rep/full/qc_false/filter_min_cells_50/CVCL_0366_de.h5ad 
deg_analysis_31124753_14.out:    Removed X matrix
deg_analysis_31124753_14.out:    Rewriting h5ad file is done!
deg_analysis_31124753_14.out:✓ Cell line completed in 7323.5 seconds
deg_analysis_31124753_14.out:
deg_analysis_31124753_14.out:DE analysis completed!
deg_analysis_31124753_14.out:
deg_analysis_31124753_14.out:Total runtime: 7335.8 seconds
deg_analysis_31124753_15.out:
deg_analysis_31124753_15.out:DE analysis started...
deg_analysis_31124753_15.out:Loaded input file:  ./data/tahoe/pseudobulk_processed/group_rep/by_celltype/CVCL_0371_processed.h5ad 
deg_analysis_31124753_15.out:Initial dimensions:  1340  samples ×  62710  genes
deg_analysis_31124753_15.out:Filter samples with the low number of cells
deg_analysis_31124753_15.out:    Filter threshold (min_cells):  50 
deg_analysis_31124753_15.out:    n_obs:  1340 -->  1329 
deg_analysis_31124753_15.out:
deg_analysis_31124753_15.out:▶︎ Processing cell_type  1 / 1 :  CVCL_0371 
deg_analysis_31124753_15.out:    Filter controls by  pert_time_h  column
deg_analysis_31124753_15.out:        n_obs:  1329 -->  1329 
deg_analysis_31124753_15.out:
deg_analysis_31124753_15.out:    Running contrast 1/1132
deg_analysis_31124753_15.out:    Running contrast 6/1132
deg_analysis_31124753_15.out:    Running contrast 11/1132
deg_analysis_31124753_15.out:    Running contrast 16/1132
deg_analysis_31124753_15.out:    Running contrast 21/1132
deg_analysis_31124753_15.out:    Running contrast 26/1132
deg_analysis_31124753_15.out:    Running contrast 31/1132
deg_analysis_31124753_15.out:    Running contrast 36/1132
deg_analysis_31124753_15.out:    Running contrast 41/1132
deg_analysis_31124753_15.out:    Running contrast 46/1132
deg_analysis_31124753_15.out:    Running contrast 51/1132
deg_analysis_31124753_15.out:    Running contrast 56/1132
deg_analysis_31124753_15.out:    Running contrast 61/1132
deg_analysis_31124753_15.out:    Running contrast 66/1132
deg_analysis_31124753_15.out:    Running contrast 71/1132
deg_analysis_31124753_15.out:    Running contrast 76/1132
deg_analysis_31124753_15.out:    Running contrast 81/1132
deg_analysis_31124753_15.out:    Running contrast 86/1132
deg_analysis_31124753_15.out:    Running contrast 91/1132
deg_analysis_31124753_15.out:    Running contrast 96/1132
deg_analysis_31124753_15.out:    Running contrast 101/1132
deg_analysis_31124753_15.out:    Running contrast 106/1132
deg_analysis_31124753_15.out:    Running contrast 111/1132
deg_analysis_31124753_15.out:    Running contrast 116/1132
deg_analysis_31124753_15.out:    Running contrast 121/1132
deg_analysis_31124753_15.out:    Running contrast 126/1132
deg_analysis_31124753_15.out:    Running contrast 131/1132
deg_analysis_31124753_15.out:    Running contrast 136/1132
deg_analysis_31124753_15.out:    Running contrast 141/1132
deg_analysis_31124753_15.out:    Running contrast 146/1132
deg_analysis_31124753_15.out:    Running contrast 151/1132
deg_analysis_31124753_15.out:    Running contrast 156/1132
deg_analysis_31124753_15.out:    Running contrast 161/1132
deg_analysis_31124753_15.out:    Running contrast 166/1132
deg_analysis_31124753_15.out:    Running contrast 171/1132
deg_analysis_31124753_15.out:    Running contrast 176/1132
deg_analysis_31124753_15.out:    Running contrast 181/1132
deg_analysis_31124753_15.out:    Running contrast 186/1132
deg_analysis_31124753_15.out:    Running contrast 191/1132
deg_analysis_31124753_15.out:    Running contrast 196/1132
deg_analysis_31124753_15.out:    Running contrast 201/1132
deg_analysis_31124753_15.out:    Running contrast 206/1132
deg_analysis_31124753_15.out:    Running contrast 211/1132
deg_analysis_31124753_15.out:    Running contrast 216/1132
deg_analysis_31124753_15.out:    Running contrast 221/1132
deg_analysis_31124753_15.out:    Running contrast 226/1132
deg_analysis_31124753_15.out:    Running contrast 231/1132
deg_analysis_31124753_15.out:    Running contrast 236/1132
deg_analysis_31124753_15.out:    Running contrast 241/1132
deg_analysis_31124753_15.out:    Running contrast 246/1132
deg_analysis_31124753_15.out:    Running contrast 251/1132
deg_analysis_31124753_15.out:    Running contrast 256/1132
deg_analysis_31124753_15.out:    Running contrast 261/1132
deg_analysis_31124753_15.out:    Running contrast 266/1132
deg_analysis_31124753_15.out:    Running contrast 271/1132
deg_analysis_31124753_15.out:    Running contrast 276/1132
deg_analysis_31124753_15.out:    Running contrast 281/1132
deg_analysis_31124753_15.out:    Running contrast 286/1132
deg_analysis_31124753_15.out:    Running contrast 291/1132
deg_analysis_31124753_15.out:    Running contrast 296/1132
deg_analysis_31124753_15.out:    Running contrast 301/1132
deg_analysis_31124753_15.out:    Running contrast 306/1132
deg_analysis_31124753_15.out:    Running contrast 311/1132
deg_analysis_31124753_15.out:    Running contrast 316/1132
deg_analysis_31124753_15.out:    Running contrast 321/1132
deg_analysis_31124753_15.out:    Running contrast 326/1132
deg_analysis_31124753_15.out:    Running contrast 331/1132
deg_analysis_31124753_15.out:    Running contrast 336/1132
deg_analysis_31124753_15.out:    Running contrast 341/1132
deg_analysis_31124753_15.out:    Running contrast 346/1132
deg_analysis_31124753_15.out:    Running contrast 351/1132
deg_analysis_31124753_15.out:    Running contrast 356/1132
deg_analysis_31124753_15.out:    Running contrast 361/1132
deg_analysis_31124753_15.out:    Running contrast 366/1132
deg_analysis_31124753_15.out:    Running contrast 371/1132
deg_analysis_31124753_15.out:    Running contrast 376/1132
deg_analysis_31124753_15.out:    Running contrast 381/1132
deg_analysis_31124753_15.out:    Running contrast 386/1132
deg_analysis_31124753_15.out:    Running contrast 391/1132
deg_analysis_31124753_15.out:    Running contrast 396/1132
deg_analysis_31124753_15.out:    Running contrast 401/1132
deg_analysis_31124753_15.out:    Running contrast 406/1132
deg_analysis_31124753_15.out:    Running contrast 411/1132
deg_analysis_31124753_15.out:    Running contrast 416/1132
deg_analysis_31124753_15.out:    Running contrast 421/1132
deg_analysis_31124753_15.out:    Running contrast 426/1132
deg_analysis_31124753_15.out:    Running contrast 431/1132
deg_analysis_31124753_15.out:    Running contrast 436/1132
deg_analysis_31124753_15.out:    Running contrast 441/1132
deg_analysis_31124753_15.out:    Running contrast 446/1132
deg_analysis_31124753_15.out:    Running contrast 451/1132
deg_analysis_31124753_15.out:    Running contrast 456/1132
deg_analysis_31124753_15.out:    Running contrast 461/1132
deg_analysis_31124753_15.out:    Running contrast 466/1132
deg_analysis_31124753_15.out:    Running contrast 471/1132
deg_analysis_31124753_15.out:    Running contrast 476/1132
deg_analysis_31124753_15.out:    Running contrast 481/1132
deg_analysis_31124753_15.out:    Running contrast 486/1132
deg_analysis_31124753_15.out:    Running contrast 491/1132
deg_analysis_31124753_15.out:    Running contrast 496/1132
deg_analysis_31124753_15.out:    Running contrast 501/1132
deg_analysis_31124753_15.out:    Running contrast 506/1132
deg_analysis_31124753_15.out:    Running contrast 511/1132
deg_analysis_31124753_15.out:    Running contrast 516/1132
deg_analysis_31124753_15.out:    Running contrast 521/1132
deg_analysis_31124753_15.out:    Running contrast 526/1132
deg_analysis_31124753_15.out:    Running contrast 531/1132
deg_analysis_31124753_15.out:    Running contrast 536/1132
deg_analysis_31124753_15.out:    Running contrast 541/1132
deg_analysis_31124753_15.out:    Running contrast 546/1132
deg_analysis_31124753_15.out:    Running contrast 551/1132
deg_analysis_31124753_15.out:    Running contrast 556/1132
deg_analysis_31124753_15.out:    Running contrast 561/1132
deg_analysis_31124753_15.out:    Running contrast 566/1132
deg_analysis_31124753_15.out:    Running contrast 571/1132
deg_analysis_31124753_15.out:    Running contrast 576/1132
deg_analysis_31124753_15.out:    Running contrast 581/1132
deg_analysis_31124753_15.out:    Running contrast 586/1132
deg_analysis_31124753_15.out:    Running contrast 591/1132
deg_analysis_31124753_15.out:    Running contrast 596/1132
deg_analysis_31124753_15.out:    Running contrast 601/1132
deg_analysis_31124753_15.out:    Running contrast 606/1132
deg_analysis_31124753_15.out:    Running contrast 611/1132
deg_analysis_31124753_15.out:    Running contrast 616/1132
deg_analysis_31124753_15.out:    Running contrast 621/1132
deg_analysis_31124753_15.out:    Running contrast 626/1132
deg_analysis_31124753_15.out:    Running contrast 631/1132
deg_analysis_31124753_15.out:    Running contrast 636/1132
deg_analysis_31124753_15.out:    Running contrast 641/1132
deg_analysis_31124753_15.out:    Running contrast 646/1132
deg_analysis_31124753_15.out:    Running contrast 651/1132
deg_analysis_31124753_15.out:    Running contrast 656/1132
deg_analysis_31124753_15.out:    Running contrast 661/1132
deg_analysis_31124753_15.out:    Running contrast 666/1132
deg_analysis_31124753_15.out:    Running contrast 671/1132
deg_analysis_31124753_15.out:    Running contrast 676/1132
deg_analysis_31124753_15.out:    Running contrast 681/1132
deg_analysis_31124753_15.out:    Running contrast 686/1132
deg_analysis_31124753_15.out:    Running contrast 691/1132
deg_analysis_31124753_15.out:    Running contrast 696/1132
deg_analysis_31124753_15.out:    Running contrast 701/1132
deg_analysis_31124753_15.out:    Running contrast 706/1132
deg_analysis_31124753_15.out:    Running contrast 711/1132
deg_analysis_31124753_15.out:    Running contrast 716/1132
deg_analysis_31124753_15.out:    Running contrast 721/1132
deg_analysis_31124753_15.out:    Running contrast 726/1132
deg_analysis_31124753_15.out:    Running contrast 731/1132
deg_analysis_31124753_15.out:    Running contrast 736/1132
deg_analysis_31124753_15.out:    Running contrast 741/1132
deg_analysis_31124753_15.out:    Running contrast 746/1132
deg_analysis_31124753_15.out:    Running contrast 751/1132
deg_analysis_31124753_15.out:    Running contrast 756/1132
deg_analysis_31124753_15.out:    Running contrast 761/1132
deg_analysis_31124753_15.out:    Running contrast 766/1132
deg_analysis_31124753_15.out:    Running contrast 771/1132
deg_analysis_31124753_15.out:    Running contrast 776/1132
deg_analysis_31124753_15.out:    Running contrast 781/1132
deg_analysis_31124753_15.out:    Running contrast 786/1132
deg_analysis_31124753_15.out:    Running contrast 791/1132
deg_analysis_31124753_15.out:    Running contrast 796/1132
deg_analysis_31124753_15.out:    Running contrast 801/1132
deg_analysis_31124753_15.out:    Running contrast 806/1132
deg_analysis_31124753_15.out:    Running contrast 811/1132
deg_analysis_31124753_15.out:    Running contrast 816/1132
deg_analysis_31124753_15.out:    Running contrast 821/1132
deg_analysis_31124753_15.out:    Running contrast 826/1132
deg_analysis_31124753_15.out:    Running contrast 831/1132
deg_analysis_31124753_15.out:    Running contrast 836/1132
deg_analysis_31124753_15.out:    Running contrast 841/1132
deg_analysis_31124753_15.out:    Running contrast 846/1132
deg_analysis_31124753_15.out:    Running contrast 851/1132
deg_analysis_31124753_15.out:    Running contrast 856/1132
deg_analysis_31124753_15.out:    Running contrast 861/1132
deg_analysis_31124753_15.out:    Running contrast 866/1132
deg_analysis_31124753_15.out:    Running contrast 871/1132
deg_analysis_31124753_15.out:    Running contrast 876/1132
deg_analysis_31124753_15.out:    Running contrast 881/1132
deg_analysis_31124753_15.out:    Running contrast 886/1132
deg_analysis_31124753_15.out:    Running contrast 891/1132
deg_analysis_31124753_15.out:    Running contrast 896/1132
deg_analysis_31124753_15.out:    Running contrast 901/1132
deg_analysis_31124753_15.out:    Running contrast 906/1132
deg_analysis_31124753_15.out:    Running contrast 911/1132
deg_analysis_31124753_15.out:    Running contrast 916/1132
deg_analysis_31124753_15.out:    Running contrast 921/1132
deg_analysis_31124753_15.out:    Running contrast 926/1132
deg_analysis_31124753_15.out:    Running contrast 931/1132
deg_analysis_31124753_15.out:    Running contrast 936/1132
deg_analysis_31124753_15.out:    Running contrast 941/1132
deg_analysis_31124753_15.out:    Running contrast 946/1132
deg_analysis_31124753_15.out:    Running contrast 951/1132
deg_analysis_31124753_15.out:    Running contrast 956/1132
deg_analysis_31124753_15.out:    Running contrast 961/1132
deg_analysis_31124753_15.out:    Running contrast 966/1132
deg_analysis_31124753_15.out:    Running contrast 971/1132
deg_analysis_31124753_15.out:    Running contrast 976/1132
deg_analysis_31124753_15.out:    Running contrast 981/1132
deg_analysis_31124753_15.out:    Running contrast 986/1132
deg_analysis_31124753_15.out:    Running contrast 991/1132
deg_analysis_31124753_15.out:    Running contrast 996/1132
deg_analysis_31124753_15.out:    Running contrast 1001/1132
deg_analysis_31124753_15.out:    Running contrast 1006/1132
deg_analysis_31124753_15.out:    Running contrast 1011/1132
deg_analysis_31124753_15.out:    Running contrast 1016/1132
deg_analysis_31124753_15.out:    Running contrast 1021/1132
deg_analysis_31124753_15.out:    Running contrast 1026/1132
deg_analysis_31124753_15.out:    Running contrast 1031/1132
deg_analysis_31124753_15.out:    Running contrast 1036/1132
deg_analysis_31124753_15.out:    Running contrast 1041/1132
deg_analysis_31124753_15.out:    Running contrast 1046/1132
deg_analysis_31124753_15.out:    Running contrast 1051/1132
deg_analysis_31124753_15.out:    Running contrast 1056/1132
deg_analysis_31124753_15.out:    Running contrast 1061/1132
deg_analysis_31124753_15.out:    Running contrast 1066/1132
deg_analysis_31124753_15.out:    Running contrast 1071/1132
deg_analysis_31124753_15.out:    Running contrast 1076/1132
deg_analysis_31124753_15.out:    Running contrast 1081/1132
deg_analysis_31124753_15.out:    Running contrast 1086/1132
deg_analysis_31124753_15.out:    Running contrast 1091/1132
deg_analysis_31124753_15.out:    Running contrast 1096/1132
deg_analysis_31124753_15.out:    Running contrast 1101/1132
deg_analysis_31124753_15.out:    Running contrast 1106/1132
deg_analysis_31124753_15.out:    Running contrast 1111/1132
deg_analysis_31124753_15.out:    Running contrast 1116/1132
deg_analysis_31124753_15.out:    Running contrast 1121/1132
deg_analysis_31124753_15.out:    Running contrast 1126/1132
deg_analysis_31124753_15.out:    Running contrast 1131/1132
deg_analysis_31124753_15.out:    Running contrast 1132/1132
deg_analysis_31124753_15.out:
deg_analysis_31124753_15.out:    Writing:  ./data/tahoe/deg_data/group_rep/full/qc_false/filter_min_cells_50/CVCL_0371_de.h5ad 
deg_analysis_31124753_15.out:
deg_analysis_31124753_15.out:    Rewriting h5ad file: ./data/tahoe/deg_data/group_rep/full/qc_false/filter_min_cells_50/CVCL_0371_de.h5ad 
deg_analysis_31124753_15.out:    Removed X matrix
deg_analysis_31124753_15.out:    Rewriting h5ad file is done!
deg_analysis_31124753_15.out:✓ Cell line completed in 8245.9 seconds
deg_analysis_31124753_15.out:
deg_analysis_31124753_15.out:DE analysis completed!
deg_analysis_31124753_15.out:
deg_analysis_31124753_15.out:Total runtime: 8257.1 seconds
deg_analysis_31124753_16.out:
deg_analysis_31124753_16.out:DE analysis started...
deg_analysis_31124753_16.out:Loaded input file:  ./data/tahoe/pseudobulk_processed/group_rep/by_celltype/CVCL_0397_processed.h5ad 
deg_analysis_31124753_16.out:Initial dimensions:  1342  samples ×  62710  genes
deg_analysis_31124753_16.out:Filter samples with the low number of cells
deg_analysis_31124753_16.out:    Filter threshold (min_cells):  50 
deg_analysis_31124753_16.out:    n_obs:  1342 -->  1329 
deg_analysis_31124753_16.out:
deg_analysis_31124753_16.out:▶︎ Processing cell_type  1 / 1 :  CVCL_0397 
deg_analysis_31124753_16.out:    Filter controls by  pert_time_h  column
deg_analysis_31124753_16.out:        n_obs:  1329 -->  1329 
deg_analysis_31124753_16.out:
deg_analysis_31124753_16.out:    Running contrast 1/1132
deg_analysis_31124753_16.out:    Running contrast 6/1132
deg_analysis_31124753_16.out:    Running contrast 11/1132
deg_analysis_31124753_16.out:    Running contrast 16/1132
deg_analysis_31124753_16.out:    Running contrast 21/1132
deg_analysis_31124753_16.out:    Running contrast 26/1132
deg_analysis_31124753_16.out:    Running contrast 31/1132
deg_analysis_31124753_16.out:    Running contrast 36/1132
deg_analysis_31124753_16.out:    Running contrast 41/1132
deg_analysis_31124753_16.out:    Running contrast 46/1132
deg_analysis_31124753_16.out:    Running contrast 51/1132
deg_analysis_31124753_16.out:    Running contrast 56/1132
deg_analysis_31124753_16.out:    Running contrast 61/1132
deg_analysis_31124753_16.out:    Running contrast 66/1132
deg_analysis_31124753_16.out:    Running contrast 71/1132
deg_analysis_31124753_16.out:    Running contrast 76/1132
deg_analysis_31124753_16.out:    Running contrast 81/1132
deg_analysis_31124753_16.out:    Running contrast 86/1132
deg_analysis_31124753_16.out:    Running contrast 91/1132
deg_analysis_31124753_16.out:    Running contrast 96/1132
deg_analysis_31124753_16.out:    Running contrast 101/1132
deg_analysis_31124753_16.out:    Running contrast 106/1132
deg_analysis_31124753_16.out:    Running contrast 111/1132
deg_analysis_31124753_16.out:    Running contrast 116/1132
deg_analysis_31124753_16.out:    Running contrast 121/1132
deg_analysis_31124753_16.out:    Running contrast 126/1132
deg_analysis_31124753_16.out:    Running contrast 131/1132
deg_analysis_31124753_16.out:    Running contrast 136/1132
deg_analysis_31124753_16.out:    Running contrast 141/1132
deg_analysis_31124753_16.out:    Running contrast 146/1132
deg_analysis_31124753_16.out:    Running contrast 151/1132
deg_analysis_31124753_16.out:    Running contrast 156/1132
deg_analysis_31124753_16.out:    Running contrast 161/1132
deg_analysis_31124753_16.out:    Running contrast 166/1132
deg_analysis_31124753_16.out:    Running contrast 171/1132
deg_analysis_31124753_16.out:    Running contrast 176/1132
deg_analysis_31124753_16.out:    Running contrast 181/1132
deg_analysis_31124753_16.out:    Running contrast 186/1132
deg_analysis_31124753_16.out:    Running contrast 191/1132
deg_analysis_31124753_16.out:    Running contrast 196/1132
deg_analysis_31124753_16.out:    Running contrast 201/1132
deg_analysis_31124753_16.out:    Running contrast 206/1132
deg_analysis_31124753_16.out:    Running contrast 211/1132
deg_analysis_31124753_16.out:    Running contrast 216/1132
deg_analysis_31124753_16.out:    Running contrast 221/1132
deg_analysis_31124753_16.out:    Running contrast 226/1132
deg_analysis_31124753_16.out:    Running contrast 231/1132
deg_analysis_31124753_16.out:    Running contrast 236/1132
deg_analysis_31124753_16.out:    Running contrast 241/1132
deg_analysis_31124753_16.out:    Running contrast 246/1132
deg_analysis_31124753_16.out:    Running contrast 251/1132
deg_analysis_31124753_16.out:    Running contrast 256/1132
deg_analysis_31124753_16.out:    Running contrast 261/1132
deg_analysis_31124753_16.out:    Running contrast 266/1132
deg_analysis_31124753_16.out:    Running contrast 271/1132
deg_analysis_31124753_16.out:    Running contrast 276/1132
deg_analysis_31124753_16.out:    Running contrast 281/1132
deg_analysis_31124753_16.out:    Running contrast 286/1132
deg_analysis_31124753_16.out:    Running contrast 291/1132
deg_analysis_31124753_16.out:    Running contrast 296/1132
deg_analysis_31124753_16.out:    Running contrast 301/1132
deg_analysis_31124753_16.out:    Running contrast 306/1132
deg_analysis_31124753_16.out:    Running contrast 311/1132
deg_analysis_31124753_16.out:    Running contrast 316/1132
deg_analysis_31124753_16.out:    Running contrast 321/1132
deg_analysis_31124753_16.out:    Running contrast 326/1132
deg_analysis_31124753_16.out:    Running contrast 331/1132
deg_analysis_31124753_16.out:    Running contrast 336/1132
deg_analysis_31124753_16.out:    Running contrast 341/1132
deg_analysis_31124753_16.out:    Running contrast 346/1132
deg_analysis_31124753_16.out:    Running contrast 351/1132
deg_analysis_31124753_16.out:    Running contrast 356/1132
deg_analysis_31124753_16.out:    Running contrast 361/1132
deg_analysis_31124753_16.out:    Running contrast 366/1132
deg_analysis_31124753_16.out:    Running contrast 371/1132
deg_analysis_31124753_16.out:    Running contrast 376/1132
deg_analysis_31124753_16.out:    Running contrast 381/1132
deg_analysis_31124753_16.out:    Running contrast 386/1132
deg_analysis_31124753_16.out:    Running contrast 391/1132
deg_analysis_31124753_16.out:    Running contrast 396/1132
deg_analysis_31124753_16.out:    Running contrast 401/1132
deg_analysis_31124753_16.out:    Running contrast 406/1132
deg_analysis_31124753_16.out:    Running contrast 411/1132
deg_analysis_31124753_16.out:    Running contrast 416/1132
deg_analysis_31124753_16.out:    Running contrast 421/1132
deg_analysis_31124753_16.out:    Running contrast 426/1132
deg_analysis_31124753_16.out:    Running contrast 431/1132
deg_analysis_31124753_16.out:    Running contrast 436/1132
deg_analysis_31124753_16.out:    Running contrast 441/1132
deg_analysis_31124753_16.out:    Running contrast 446/1132
deg_analysis_31124753_16.out:    Running contrast 451/1132
deg_analysis_31124753_16.out:    Running contrast 456/1132
deg_analysis_31124753_16.out:    Running contrast 461/1132
deg_analysis_31124753_16.out:    Running contrast 466/1132
deg_analysis_31124753_16.out:    Running contrast 471/1132
deg_analysis_31124753_16.out:    Running contrast 476/1132
deg_analysis_31124753_16.out:    Running contrast 481/1132
deg_analysis_31124753_16.out:    Running contrast 486/1132
deg_analysis_31124753_16.out:    Running contrast 491/1132
deg_analysis_31124753_16.out:    Running contrast 496/1132
deg_analysis_31124753_16.out:    Running contrast 501/1132
deg_analysis_31124753_16.out:    Running contrast 506/1132
deg_analysis_31124753_16.out:    Running contrast 511/1132
deg_analysis_31124753_16.out:    Running contrast 516/1132
deg_analysis_31124753_16.out:    Running contrast 521/1132
deg_analysis_31124753_16.out:    Running contrast 526/1132
deg_analysis_31124753_16.out:    Running contrast 531/1132
deg_analysis_31124753_16.out:    Running contrast 536/1132
deg_analysis_31124753_16.out:    Running contrast 541/1132
deg_analysis_31124753_16.out:    Running contrast 546/1132
deg_analysis_31124753_16.out:    Running contrast 551/1132
deg_analysis_31124753_16.out:    Running contrast 556/1132
deg_analysis_31124753_16.out:    Running contrast 561/1132
deg_analysis_31124753_16.out:    Running contrast 566/1132
deg_analysis_31124753_16.out:    Running contrast 571/1132
deg_analysis_31124753_16.out:    Running contrast 576/1132
deg_analysis_31124753_16.out:    Running contrast 581/1132
deg_analysis_31124753_16.out:    Running contrast 586/1132
deg_analysis_31124753_16.out:    Running contrast 591/1132
deg_analysis_31124753_16.out:    Running contrast 596/1132
deg_analysis_31124753_16.out:    Running contrast 601/1132
deg_analysis_31124753_16.out:    Running contrast 606/1132
deg_analysis_31124753_16.out:    Running contrast 611/1132
deg_analysis_31124753_16.out:    Running contrast 616/1132
deg_analysis_31124753_16.out:    Running contrast 621/1132
deg_analysis_31124753_16.out:    Running contrast 626/1132
deg_analysis_31124753_16.out:    Running contrast 631/1132
deg_analysis_31124753_16.out:    Running contrast 636/1132
deg_analysis_31124753_16.out:    Running contrast 641/1132
deg_analysis_31124753_16.out:    Running contrast 646/1132
deg_analysis_31124753_16.out:    Running contrast 651/1132
deg_analysis_31124753_16.out:    Running contrast 656/1132
deg_analysis_31124753_16.out:    Running contrast 661/1132
deg_analysis_31124753_16.out:    Running contrast 666/1132
deg_analysis_31124753_16.out:    Running contrast 671/1132
deg_analysis_31124753_16.out:    Running contrast 676/1132
deg_analysis_31124753_16.out:    Running contrast 681/1132
deg_analysis_31124753_16.out:    Running contrast 686/1132
deg_analysis_31124753_16.out:    Running contrast 691/1132
deg_analysis_31124753_16.out:    Running contrast 696/1132
deg_analysis_31124753_16.out:    Running contrast 701/1132
deg_analysis_31124753_16.out:    Running contrast 706/1132
deg_analysis_31124753_16.out:    Running contrast 711/1132
deg_analysis_31124753_16.out:    Running contrast 716/1132
deg_analysis_31124753_16.out:    Running contrast 721/1132
deg_analysis_31124753_16.out:    Running contrast 726/1132
deg_analysis_31124753_16.out:    Running contrast 731/1132
deg_analysis_31124753_16.out:    Running contrast 736/1132
deg_analysis_31124753_16.out:    Running contrast 741/1132
deg_analysis_31124753_16.out:    Running contrast 746/1132
deg_analysis_31124753_16.out:    Running contrast 751/1132
deg_analysis_31124753_16.out:    Running contrast 756/1132
deg_analysis_31124753_16.out:    Running contrast 761/1132
deg_analysis_31124753_16.out:    Running contrast 766/1132
deg_analysis_31124753_16.out:    Running contrast 771/1132
deg_analysis_31124753_16.out:    Running contrast 776/1132
deg_analysis_31124753_16.out:    Running contrast 781/1132
deg_analysis_31124753_16.out:    Running contrast 786/1132
deg_analysis_31124753_16.out:    Running contrast 791/1132
deg_analysis_31124753_16.out:    Running contrast 796/1132
deg_analysis_31124753_16.out:    Running contrast 801/1132
deg_analysis_31124753_16.out:    Running contrast 806/1132
deg_analysis_31124753_16.out:    Running contrast 811/1132
deg_analysis_31124753_16.out:    Running contrast 816/1132
deg_analysis_31124753_16.out:    Running contrast 821/1132
deg_analysis_31124753_16.out:    Running contrast 826/1132
deg_analysis_31124753_16.out:    Running contrast 831/1132
deg_analysis_31124753_16.out:    Running contrast 836/1132
deg_analysis_31124753_16.out:    Running contrast 841/1132
deg_analysis_31124753_16.out:    Running contrast 846/1132
deg_analysis_31124753_16.out:    Running contrast 851/1132
deg_analysis_31124753_16.out:    Running contrast 856/1132
deg_analysis_31124753_16.out:    Running contrast 861/1132
deg_analysis_31124753_16.out:    Running contrast 866/1132
deg_analysis_31124753_16.out:    Running contrast 871/1132
deg_analysis_31124753_16.out:    Running contrast 876/1132
deg_analysis_31124753_16.out:    Running contrast 881/1132
deg_analysis_31124753_16.out:    Running contrast 886/1132
deg_analysis_31124753_16.out:    Running contrast 891/1132
deg_analysis_31124753_16.out:    Running contrast 896/1132
deg_analysis_31124753_16.out:    Running contrast 901/1132
deg_analysis_31124753_16.out:    Running contrast 906/1132
deg_analysis_31124753_16.out:    Running contrast 911/1132
deg_analysis_31124753_16.out:    Running contrast 916/1132
deg_analysis_31124753_16.out:    Running contrast 921/1132
deg_analysis_31124753_16.out:    Running contrast 926/1132
deg_analysis_31124753_16.out:    Running contrast 931/1132
deg_analysis_31124753_16.out:    Running contrast 936/1132
deg_analysis_31124753_16.out:    Running contrast 941/1132
deg_analysis_31124753_16.out:    Running contrast 946/1132
deg_analysis_31124753_16.out:    Running contrast 951/1132
deg_analysis_31124753_16.out:    Running contrast 956/1132
deg_analysis_31124753_16.out:    Running contrast 961/1132
deg_analysis_31124753_16.out:    Running contrast 966/1132
deg_analysis_31124753_16.out:    Running contrast 971/1132
deg_analysis_31124753_16.out:    Running contrast 976/1132
deg_analysis_31124753_16.out:    Running contrast 981/1132
deg_analysis_31124753_16.out:    Running contrast 986/1132
deg_analysis_31124753_16.out:    Running contrast 991/1132
deg_analysis_31124753_16.out:    Running contrast 996/1132
deg_analysis_31124753_16.out:    Running contrast 1001/1132
deg_analysis_31124753_16.out:    Running contrast 1006/1132
deg_analysis_31124753_16.out:    Running contrast 1011/1132
deg_analysis_31124753_16.out:    Running contrast 1016/1132
deg_analysis_31124753_16.out:    Running contrast 1021/1132
deg_analysis_31124753_16.out:    Running contrast 1026/1132
deg_analysis_31124753_16.out:    Running contrast 1031/1132
deg_analysis_31124753_16.out:    Running contrast 1036/1132
deg_analysis_31124753_16.out:    Running contrast 1041/1132
deg_analysis_31124753_16.out:    Running contrast 1046/1132
deg_analysis_31124753_16.out:    Running contrast 1051/1132
deg_analysis_31124753_16.out:    Running contrast 1056/1132
deg_analysis_31124753_16.out:    Running contrast 1061/1132
deg_analysis_31124753_16.out:    Running contrast 1066/1132
deg_analysis_31124753_16.out:    Running contrast 1071/1132
deg_analysis_31124753_16.out:    Running contrast 1076/1132
deg_analysis_31124753_16.out:    Running contrast 1081/1132
deg_analysis_31124753_16.out:    Running contrast 1086/1132
deg_analysis_31124753_16.out:    Running contrast 1091/1132
deg_analysis_31124753_16.out:    Running contrast 1096/1132
deg_analysis_31124753_16.out:    Running contrast 1101/1132
deg_analysis_31124753_16.out:    Running contrast 1106/1132
deg_analysis_31124753_16.out:    Running contrast 1111/1132
deg_analysis_31124753_16.out:    Running contrast 1116/1132
deg_analysis_31124753_16.out:    Running contrast 1121/1132
deg_analysis_31124753_16.out:    Running contrast 1126/1132
deg_analysis_31124753_16.out:    Running contrast 1131/1132
deg_analysis_31124753_16.out:    Running contrast 1132/1132
deg_analysis_31124753_16.out:
deg_analysis_31124753_16.out:    Writing:  ./data/tahoe/deg_data/group_rep/full/qc_false/filter_min_cells_50/CVCL_0397_de.h5ad 
deg_analysis_31124753_16.out:
deg_analysis_31124753_16.out:    Rewriting h5ad file: ./data/tahoe/deg_data/group_rep/full/qc_false/filter_min_cells_50/CVCL_0397_de.h5ad 
deg_analysis_31124753_16.out:    Removed X matrix
deg_analysis_31124753_16.out:    Rewriting h5ad file is done!
deg_analysis_31124753_16.out:✓ Cell line completed in 9116.2 seconds
deg_analysis_31124753_16.out:
deg_analysis_31124753_16.out:DE analysis completed!
deg_analysis_31124753_16.out:
deg_analysis_31124753_16.out:Total runtime: 9130.3 seconds
deg_analysis_31124753_17.out:
deg_analysis_31124753_17.out:DE analysis started...
deg_analysis_31124753_17.out:Loaded input file:  ./data/tahoe/pseudobulk_processed/group_rep/by_celltype/CVCL_0399_processed.h5ad 
deg_analysis_31124753_17.out:Initial dimensions:  1343  samples ×  62710  genes
deg_analysis_31124753_17.out:Filter samples with the low number of cells
deg_analysis_31124753_17.out:    Filter threshold (min_cells):  50 
deg_analysis_31124753_17.out:    n_obs:  1343 -->  1331 
deg_analysis_31124753_17.out:
deg_analysis_31124753_17.out:▶︎ Processing cell_type  1 / 1 :  CVCL_0399 
deg_analysis_31124753_17.out:    Filter controls by  pert_time_h  column
deg_analysis_31124753_17.out:        n_obs:  1331 -->  1331 
deg_analysis_31124753_17.out:
deg_analysis_31124753_17.out:    Running contrast 1/1134
deg_analysis_31124753_17.out:    Running contrast 6/1134
deg_analysis_31124753_17.out:    Running contrast 11/1134
deg_analysis_31124753_17.out:    Running contrast 16/1134
deg_analysis_31124753_17.out:    Running contrast 21/1134
deg_analysis_31124753_17.out:    Running contrast 26/1134
deg_analysis_31124753_17.out:    Running contrast 31/1134
deg_analysis_31124753_17.out:    Running contrast 36/1134
deg_analysis_31124753_17.out:    Running contrast 41/1134
deg_analysis_31124753_17.out:    Running contrast 46/1134
deg_analysis_31124753_17.out:    Running contrast 51/1134
deg_analysis_31124753_17.out:    Running contrast 56/1134
deg_analysis_31124753_17.out:    Running contrast 61/1134
deg_analysis_31124753_17.out:    Running contrast 66/1134
deg_analysis_31124753_17.out:    Running contrast 71/1134
deg_analysis_31124753_17.out:    Running contrast 76/1134
deg_analysis_31124753_17.out:    Running contrast 81/1134
deg_analysis_31124753_17.out:    Running contrast 86/1134
deg_analysis_31124753_17.out:    Running contrast 91/1134
deg_analysis_31124753_17.out:    Running contrast 96/1134
deg_analysis_31124753_17.out:    Running contrast 101/1134
deg_analysis_31124753_17.out:    Running contrast 106/1134
deg_analysis_31124753_17.out:    Running contrast 111/1134
deg_analysis_31124753_17.out:    Running contrast 116/1134
deg_analysis_31124753_17.out:    Running contrast 121/1134
deg_analysis_31124753_17.out:    Running contrast 126/1134
deg_analysis_31124753_17.out:    Running contrast 131/1134
deg_analysis_31124753_17.out:    Running contrast 136/1134
deg_analysis_31124753_17.out:    Running contrast 141/1134
deg_analysis_31124753_17.out:    Running contrast 146/1134
deg_analysis_31124753_17.out:    Running contrast 151/1134
deg_analysis_31124753_17.out:    Running contrast 156/1134
deg_analysis_31124753_17.out:    Running contrast 161/1134
deg_analysis_31124753_17.out:    Running contrast 166/1134
deg_analysis_31124753_17.out:    Running contrast 171/1134
deg_analysis_31124753_17.out:    Running contrast 176/1134
deg_analysis_31124753_17.out:    Running contrast 181/1134
deg_analysis_31124753_17.out:    Running contrast 186/1134
deg_analysis_31124753_17.out:    Running contrast 191/1134
deg_analysis_31124753_17.out:    Running contrast 196/1134
deg_analysis_31124753_17.out:    Running contrast 201/1134
deg_analysis_31124753_17.out:    Running contrast 206/1134
deg_analysis_31124753_17.out:    Running contrast 211/1134
deg_analysis_31124753_17.out:    Running contrast 216/1134
deg_analysis_31124753_17.out:    Running contrast 221/1134
deg_analysis_31124753_17.out:    Running contrast 226/1134
deg_analysis_31124753_17.out:    Running contrast 231/1134
deg_analysis_31124753_17.out:    Running contrast 236/1134
deg_analysis_31124753_17.out:    Running contrast 241/1134
deg_analysis_31124753_17.out:    Running contrast 246/1134
deg_analysis_31124753_17.out:    Running contrast 251/1134
deg_analysis_31124753_17.out:    Running contrast 256/1134
deg_analysis_31124753_17.out:    Running contrast 261/1134
deg_analysis_31124753_17.out:    Running contrast 266/1134
deg_analysis_31124753_17.out:    Running contrast 271/1134
deg_analysis_31124753_17.out:    Running contrast 276/1134
deg_analysis_31124753_17.out:    Running contrast 281/1134
deg_analysis_31124753_17.out:    Running contrast 286/1134
deg_analysis_31124753_17.out:    Running contrast 291/1134
deg_analysis_31124753_17.out:    Running contrast 296/1134
deg_analysis_31124753_17.out:    Running contrast 301/1134
deg_analysis_31124753_17.out:    Running contrast 306/1134
deg_analysis_31124753_17.out:    Running contrast 311/1134
deg_analysis_31124753_17.out:    Running contrast 316/1134
deg_analysis_31124753_17.out:    Running contrast 321/1134
deg_analysis_31124753_17.out:    Running contrast 326/1134
deg_analysis_31124753_17.out:    Running contrast 331/1134
deg_analysis_31124753_17.out:    Running contrast 336/1134
deg_analysis_31124753_17.out:    Running contrast 341/1134
deg_analysis_31124753_17.out:    Running contrast 346/1134
deg_analysis_31124753_17.out:    Running contrast 351/1134
deg_analysis_31124753_17.out:    Running contrast 356/1134
deg_analysis_31124753_17.out:    Running contrast 361/1134
deg_analysis_31124753_17.out:    Running contrast 366/1134
deg_analysis_31124753_17.out:    Running contrast 371/1134
deg_analysis_31124753_17.out:    Running contrast 376/1134
deg_analysis_31124753_17.out:    Running contrast 381/1134
deg_analysis_31124753_17.out:    Running contrast 386/1134
deg_analysis_31124753_17.out:    Running contrast 391/1134
deg_analysis_31124753_17.out:    Running contrast 396/1134
deg_analysis_31124753_17.out:    Running contrast 401/1134
deg_analysis_31124753_17.out:    Running contrast 406/1134
deg_analysis_31124753_17.out:    Running contrast 411/1134
deg_analysis_31124753_17.out:    Running contrast 416/1134
deg_analysis_31124753_17.out:    Running contrast 421/1134
deg_analysis_31124753_17.out:    Running contrast 426/1134
deg_analysis_31124753_17.out:    Running contrast 431/1134
deg_analysis_31124753_17.out:    Running contrast 436/1134
deg_analysis_31124753_17.out:    Running contrast 441/1134
deg_analysis_31124753_17.out:    Running contrast 446/1134
deg_analysis_31124753_17.out:    Running contrast 451/1134
deg_analysis_31124753_17.out:    Running contrast 456/1134
deg_analysis_31124753_17.out:    Running contrast 461/1134
deg_analysis_31124753_17.out:    Running contrast 466/1134
deg_analysis_31124753_17.out:    Running contrast 471/1134
deg_analysis_31124753_17.out:    Running contrast 476/1134
deg_analysis_31124753_17.out:    Running contrast 481/1134
deg_analysis_31124753_17.out:    Running contrast 486/1134
deg_analysis_31124753_17.out:    Running contrast 491/1134
deg_analysis_31124753_17.out:    Running contrast 496/1134
deg_analysis_31124753_17.out:    Running contrast 501/1134
deg_analysis_31124753_17.out:    Running contrast 506/1134
deg_analysis_31124753_17.out:    Running contrast 511/1134
deg_analysis_31124753_17.out:    Running contrast 516/1134
deg_analysis_31124753_17.out:    Running contrast 521/1134
deg_analysis_31124753_17.out:    Running contrast 526/1134
deg_analysis_31124753_17.out:    Running contrast 531/1134
deg_analysis_31124753_17.out:    Running contrast 536/1134
deg_analysis_31124753_17.out:    Running contrast 541/1134
deg_analysis_31124753_17.out:    Running contrast 546/1134
deg_analysis_31124753_17.out:    Running contrast 551/1134
deg_analysis_31124753_17.out:    Running contrast 556/1134
deg_analysis_31124753_17.out:    Running contrast 561/1134
deg_analysis_31124753_17.out:    Running contrast 566/1134
deg_analysis_31124753_17.out:    Running contrast 571/1134
deg_analysis_31124753_17.out:    Running contrast 576/1134
deg_analysis_31124753_17.out:    Running contrast 581/1134
deg_analysis_31124753_17.out:    Running contrast 586/1134
deg_analysis_31124753_17.out:    Running contrast 591/1134
deg_analysis_31124753_17.out:    Running contrast 596/1134
deg_analysis_31124753_17.out:    Running contrast 601/1134
deg_analysis_31124753_17.out:    Running contrast 606/1134
deg_analysis_31124753_17.out:    Running contrast 611/1134
deg_analysis_31124753_17.out:    Running contrast 616/1134
deg_analysis_31124753_17.out:    Running contrast 621/1134
deg_analysis_31124753_17.out:    Running contrast 626/1134
deg_analysis_31124753_17.out:    Running contrast 631/1134
deg_analysis_31124753_17.out:    Running contrast 636/1134
deg_analysis_31124753_17.out:    Running contrast 641/1134
deg_analysis_31124753_17.out:    Running contrast 646/1134
deg_analysis_31124753_17.out:    Running contrast 651/1134
deg_analysis_31124753_17.out:    Running contrast 656/1134
deg_analysis_31124753_17.out:    Running contrast 661/1134
deg_analysis_31124753_17.out:    Running contrast 666/1134
deg_analysis_31124753_17.out:    Running contrast 671/1134
deg_analysis_31124753_17.out:    Running contrast 676/1134
deg_analysis_31124753_17.out:    Running contrast 681/1134
deg_analysis_31124753_17.out:    Running contrast 686/1134
deg_analysis_31124753_17.out:    Running contrast 691/1134
deg_analysis_31124753_17.out:    Running contrast 696/1134
deg_analysis_31124753_17.out:    Running contrast 701/1134
deg_analysis_31124753_17.out:    Running contrast 706/1134
deg_analysis_31124753_17.out:    Running contrast 711/1134
deg_analysis_31124753_17.out:    Running contrast 716/1134
deg_analysis_31124753_17.out:    Running contrast 721/1134
deg_analysis_31124753_17.out:    Running contrast 726/1134
deg_analysis_31124753_17.out:    Running contrast 731/1134
deg_analysis_31124753_17.out:    Running contrast 736/1134
deg_analysis_31124753_17.out:    Running contrast 741/1134
deg_analysis_31124753_17.out:    Running contrast 746/1134
deg_analysis_31124753_17.out:    Running contrast 751/1134
deg_analysis_31124753_17.out:    Running contrast 756/1134
deg_analysis_31124753_17.out:    Running contrast 761/1134
deg_analysis_31124753_17.out:    Running contrast 766/1134
deg_analysis_31124753_17.out:    Running contrast 771/1134
deg_analysis_31124753_17.out:    Running contrast 776/1134
deg_analysis_31124753_17.out:    Running contrast 781/1134
deg_analysis_31124753_17.out:    Running contrast 786/1134
deg_analysis_31124753_17.out:    Running contrast 791/1134
deg_analysis_31124753_17.out:    Running contrast 796/1134
deg_analysis_31124753_17.out:    Running contrast 801/1134
deg_analysis_31124753_17.out:    Running contrast 806/1134
deg_analysis_31124753_17.out:    Running contrast 811/1134
deg_analysis_31124753_17.out:    Running contrast 816/1134
deg_analysis_31124753_17.out:    Running contrast 821/1134
deg_analysis_31124753_17.out:    Running contrast 826/1134
deg_analysis_31124753_17.out:    Running contrast 831/1134
deg_analysis_31124753_17.out:    Running contrast 836/1134
deg_analysis_31124753_17.out:    Running contrast 841/1134
deg_analysis_31124753_17.out:    Running contrast 846/1134
deg_analysis_31124753_17.out:    Running contrast 851/1134
deg_analysis_31124753_17.out:    Running contrast 856/1134
deg_analysis_31124753_17.out:    Running contrast 861/1134
deg_analysis_31124753_17.out:    Running contrast 866/1134
deg_analysis_31124753_17.out:    Running contrast 871/1134
deg_analysis_31124753_17.out:    Running contrast 876/1134
deg_analysis_31124753_17.out:    Running contrast 881/1134
deg_analysis_31124753_17.out:    Running contrast 886/1134
deg_analysis_31124753_17.out:    Running contrast 891/1134
deg_analysis_31124753_17.out:    Running contrast 896/1134
deg_analysis_31124753_17.out:    Running contrast 901/1134
deg_analysis_31124753_17.out:    Running contrast 906/1134
deg_analysis_31124753_17.out:    Running contrast 911/1134
deg_analysis_31124753_17.out:    Running contrast 916/1134
deg_analysis_31124753_17.out:    Running contrast 921/1134
deg_analysis_31124753_17.out:    Running contrast 926/1134
deg_analysis_31124753_17.out:    Running contrast 931/1134
deg_analysis_31124753_17.out:    Running contrast 936/1134
deg_analysis_31124753_17.out:    Running contrast 941/1134
deg_analysis_31124753_17.out:    Running contrast 946/1134
deg_analysis_31124753_17.out:    Running contrast 951/1134
deg_analysis_31124753_17.out:    Running contrast 956/1134
deg_analysis_31124753_17.out:    Running contrast 961/1134
deg_analysis_31124753_17.out:    Running contrast 966/1134
deg_analysis_31124753_17.out:    Running contrast 971/1134
deg_analysis_31124753_17.out:    Running contrast 976/1134
deg_analysis_31124753_17.out:    Running contrast 981/1134
deg_analysis_31124753_17.out:    Running contrast 986/1134
deg_analysis_31124753_17.out:    Running contrast 991/1134
deg_analysis_31124753_17.out:    Running contrast 996/1134
deg_analysis_31124753_17.out:    Running contrast 1001/1134
deg_analysis_31124753_17.out:    Running contrast 1006/1134
deg_analysis_31124753_17.out:    Running contrast 1011/1134
deg_analysis_31124753_17.out:    Running contrast 1016/1134
deg_analysis_31124753_17.out:    Running contrast 1021/1134
deg_analysis_31124753_17.out:    Running contrast 1026/1134
deg_analysis_31124753_17.out:    Running contrast 1031/1134
deg_analysis_31124753_17.out:    Running contrast 1036/1134
deg_analysis_31124753_17.out:    Running contrast 1041/1134
deg_analysis_31124753_17.out:    Running contrast 1046/1134
deg_analysis_31124753_17.out:    Running contrast 1051/1134
deg_analysis_31124753_17.out:    Running contrast 1056/1134
deg_analysis_31124753_17.out:    Running contrast 1061/1134
deg_analysis_31124753_17.out:    Running contrast 1066/1134
deg_analysis_31124753_17.out:    Running contrast 1071/1134
deg_analysis_31124753_17.out:    Running contrast 1076/1134
deg_analysis_31124753_17.out:    Running contrast 1081/1134
deg_analysis_31124753_17.out:    Running contrast 1086/1134
deg_analysis_31124753_17.out:    Running contrast 1091/1134
deg_analysis_31124753_17.out:    Running contrast 1096/1134
deg_analysis_31124753_17.out:    Running contrast 1101/1134
deg_analysis_31124753_17.out:    Running contrast 1106/1134
deg_analysis_31124753_17.out:    Running contrast 1111/1134
deg_analysis_31124753_17.out:    Running contrast 1116/1134
deg_analysis_31124753_17.out:    Running contrast 1121/1134
deg_analysis_31124753_17.out:    Running contrast 1126/1134
deg_analysis_31124753_17.out:    Running contrast 1131/1134
deg_analysis_31124753_17.out:    Running contrast 1134/1134
deg_analysis_31124753_17.out:
deg_analysis_31124753_17.out:    Writing:  ./data/tahoe/deg_data/group_rep/full/qc_false/filter_min_cells_50/CVCL_0399_de.h5ad 
deg_analysis_31124753_17.out:
deg_analysis_31124753_17.out:    Rewriting h5ad file: ./data/tahoe/deg_data/group_rep/full/qc_false/filter_min_cells_50/CVCL_0399_de.h5ad 
deg_analysis_31124753_17.out:    Removed X matrix
deg_analysis_31124753_17.out:    Rewriting h5ad file is done!
deg_analysis_31124753_17.out:✓ Cell line completed in 9012.2 seconds
deg_analysis_31124753_17.out:
deg_analysis_31124753_17.out:DE analysis completed!
deg_analysis_31124753_17.out:
deg_analysis_31124753_17.out:Total runtime: 9032.6 seconds
deg_analysis_31124753_18.out:
deg_analysis_31124753_18.out:DE analysis started...
deg_analysis_31124753_18.out:Loaded input file:  ./data/tahoe/pseudobulk_processed/group_rep/by_celltype/CVCL_0428_processed.h5ad 
deg_analysis_31124753_18.out:Initial dimensions:  1337  samples ×  62710  genes
deg_analysis_31124753_18.out:Filter samples with the low number of cells
deg_analysis_31124753_18.out:    Filter threshold (min_cells):  50 
deg_analysis_31124753_18.out:    n_obs:  1337 -->  1329 
deg_analysis_31124753_18.out:
deg_analysis_31124753_18.out:▶︎ Processing cell_type  1 / 1 :  CVCL_0428 
deg_analysis_31124753_18.out:    Filter controls by  pert_time_h  column
deg_analysis_31124753_18.out:        n_obs:  1329 -->  1329 
deg_analysis_31124753_18.out:
deg_analysis_31124753_18.out:    Running contrast 1/1132
deg_analysis_31124753_18.out:    Running contrast 6/1132
deg_analysis_31124753_18.out:    Running contrast 11/1132
deg_analysis_31124753_18.out:    Running contrast 16/1132
deg_analysis_31124753_18.out:    Running contrast 21/1132
deg_analysis_31124753_18.out:    Running contrast 26/1132
deg_analysis_31124753_18.out:    Running contrast 31/1132
deg_analysis_31124753_18.out:    Running contrast 36/1132
deg_analysis_31124753_18.out:    Running contrast 41/1132
deg_analysis_31124753_18.out:    Running contrast 46/1132
deg_analysis_31124753_18.out:    Running contrast 51/1132
deg_analysis_31124753_18.out:    Running contrast 56/1132
deg_analysis_31124753_18.out:    Running contrast 61/1132
deg_analysis_31124753_18.out:    Running contrast 66/1132
deg_analysis_31124753_18.out:    Running contrast 71/1132
deg_analysis_31124753_18.out:    Running contrast 76/1132
deg_analysis_31124753_18.out:    Running contrast 81/1132
deg_analysis_31124753_18.out:    Running contrast 86/1132
deg_analysis_31124753_18.out:    Running contrast 91/1132
deg_analysis_31124753_18.out:    Running contrast 96/1132
deg_analysis_31124753_18.out:    Running contrast 101/1132
deg_analysis_31124753_18.out:    Running contrast 106/1132
deg_analysis_31124753_18.out:    Running contrast 111/1132
deg_analysis_31124753_18.out:    Running contrast 116/1132
deg_analysis_31124753_18.out:    Running contrast 121/1132
deg_analysis_31124753_18.out:    Running contrast 126/1132
deg_analysis_31124753_18.out:    Running contrast 131/1132
deg_analysis_31124753_18.out:    Running contrast 136/1132
deg_analysis_31124753_18.out:    Running contrast 141/1132
deg_analysis_31124753_18.out:    Running contrast 146/1132
deg_analysis_31124753_18.out:    Running contrast 151/1132
deg_analysis_31124753_18.out:    Running contrast 156/1132
deg_analysis_31124753_18.out:    Running contrast 161/1132
deg_analysis_31124753_18.out:    Running contrast 166/1132
deg_analysis_31124753_18.out:    Running contrast 171/1132
deg_analysis_31124753_18.out:    Running contrast 176/1132
deg_analysis_31124753_18.out:    Running contrast 181/1132
deg_analysis_31124753_18.out:    Running contrast 186/1132
deg_analysis_31124753_18.out:    Running contrast 191/1132
deg_analysis_31124753_18.out:    Running contrast 196/1132
deg_analysis_31124753_18.out:    Running contrast 201/1132
deg_analysis_31124753_18.out:    Running contrast 206/1132
deg_analysis_31124753_18.out:    Running contrast 211/1132
deg_analysis_31124753_18.out:    Running contrast 216/1132
deg_analysis_31124753_18.out:    Running contrast 221/1132
deg_analysis_31124753_18.out:    Running contrast 226/1132
deg_analysis_31124753_18.out:    Running contrast 231/1132
deg_analysis_31124753_18.out:    Running contrast 236/1132
deg_analysis_31124753_18.out:    Running contrast 241/1132
deg_analysis_31124753_18.out:    Running contrast 246/1132
deg_analysis_31124753_18.out:    Running contrast 251/1132
deg_analysis_31124753_18.out:    Running contrast 256/1132
deg_analysis_31124753_18.out:    Running contrast 261/1132
deg_analysis_31124753_18.out:    Running contrast 266/1132
deg_analysis_31124753_18.out:    Running contrast 271/1132
deg_analysis_31124753_18.out:    Running contrast 276/1132
deg_analysis_31124753_18.out:    Running contrast 281/1132
deg_analysis_31124753_18.out:    Running contrast 286/1132
deg_analysis_31124753_18.out:    Running contrast 291/1132
deg_analysis_31124753_18.out:    Running contrast 296/1132
deg_analysis_31124753_18.out:    Running contrast 301/1132
deg_analysis_31124753_18.out:    Running contrast 306/1132
deg_analysis_31124753_18.out:    Running contrast 311/1132
deg_analysis_31124753_18.out:    Running contrast 316/1132
deg_analysis_31124753_18.out:    Running contrast 321/1132
deg_analysis_31124753_18.out:    Running contrast 326/1132
deg_analysis_31124753_18.out:    Running contrast 331/1132
deg_analysis_31124753_18.out:    Running contrast 336/1132
deg_analysis_31124753_18.out:    Running contrast 341/1132
deg_analysis_31124753_18.out:    Running contrast 346/1132
deg_analysis_31124753_18.out:    Running contrast 351/1132
deg_analysis_31124753_18.out:    Running contrast 356/1132
deg_analysis_31124753_18.out:    Running contrast 361/1132
deg_analysis_31124753_18.out:    Running contrast 366/1132
deg_analysis_31124753_18.out:    Running contrast 371/1132
deg_analysis_31124753_18.out:    Running contrast 376/1132
deg_analysis_31124753_18.out:    Running contrast 381/1132
deg_analysis_31124753_18.out:    Running contrast 386/1132
deg_analysis_31124753_18.out:    Running contrast 391/1132
deg_analysis_31124753_18.out:    Running contrast 396/1132
deg_analysis_31124753_18.out:    Running contrast 401/1132
deg_analysis_31124753_18.out:    Running contrast 406/1132
deg_analysis_31124753_18.out:    Running contrast 411/1132
deg_analysis_31124753_18.out:    Running contrast 416/1132
deg_analysis_31124753_18.out:    Running contrast 421/1132
deg_analysis_31124753_18.out:    Running contrast 426/1132
deg_analysis_31124753_18.out:    Running contrast 431/1132
deg_analysis_31124753_18.out:    Running contrast 436/1132
deg_analysis_31124753_18.out:    Running contrast 441/1132
deg_analysis_31124753_18.out:    Running contrast 446/1132
deg_analysis_31124753_18.out:    Running contrast 451/1132
deg_analysis_31124753_18.out:    Running contrast 456/1132
deg_analysis_31124753_18.out:    Running contrast 461/1132
deg_analysis_31124753_18.out:    Running contrast 466/1132
deg_analysis_31124753_18.out:    Running contrast 471/1132
deg_analysis_31124753_18.out:    Running contrast 476/1132
deg_analysis_31124753_18.out:    Running contrast 481/1132
deg_analysis_31124753_18.out:    Running contrast 486/1132
deg_analysis_31124753_18.out:    Running contrast 491/1132
deg_analysis_31124753_18.out:    Running contrast 496/1132
deg_analysis_31124753_18.out:    Running contrast 501/1132
deg_analysis_31124753_18.out:    Running contrast 506/1132
deg_analysis_31124753_18.out:    Running contrast 511/1132
deg_analysis_31124753_18.out:    Running contrast 516/1132
deg_analysis_31124753_18.out:    Running contrast 521/1132
deg_analysis_31124753_18.out:    Running contrast 526/1132
deg_analysis_31124753_18.out:    Running contrast 531/1132
deg_analysis_31124753_18.out:    Running contrast 536/1132
deg_analysis_31124753_18.out:    Running contrast 541/1132
deg_analysis_31124753_18.out:    Running contrast 546/1132
deg_analysis_31124753_18.out:    Running contrast 551/1132
deg_analysis_31124753_18.out:    Running contrast 556/1132
deg_analysis_31124753_18.out:    Running contrast 561/1132
deg_analysis_31124753_18.out:    Running contrast 566/1132
deg_analysis_31124753_18.out:    Running contrast 571/1132
deg_analysis_31124753_18.out:    Running contrast 576/1132
deg_analysis_31124753_18.out:    Running contrast 581/1132
deg_analysis_31124753_18.out:    Running contrast 586/1132
deg_analysis_31124753_18.out:    Running contrast 591/1132
deg_analysis_31124753_18.out:    Running contrast 596/1132
deg_analysis_31124753_18.out:    Running contrast 601/1132
deg_analysis_31124753_18.out:    Running contrast 606/1132
deg_analysis_31124753_18.out:    Running contrast 611/1132
deg_analysis_31124753_18.out:    Running contrast 616/1132
deg_analysis_31124753_18.out:    Running contrast 621/1132
deg_analysis_31124753_18.out:    Running contrast 626/1132
deg_analysis_31124753_18.out:    Running contrast 631/1132
deg_analysis_31124753_18.out:    Running contrast 636/1132
deg_analysis_31124753_18.out:    Running contrast 641/1132
deg_analysis_31124753_18.out:    Running contrast 646/1132
deg_analysis_31124753_18.out:    Running contrast 651/1132
deg_analysis_31124753_18.out:    Running contrast 656/1132
deg_analysis_31124753_18.out:    Running contrast 661/1132
deg_analysis_31124753_18.out:    Running contrast 666/1132
deg_analysis_31124753_18.out:    Running contrast 671/1132
deg_analysis_31124753_18.out:    Running contrast 676/1132
deg_analysis_31124753_18.out:    Running contrast 681/1132
deg_analysis_31124753_18.out:    Running contrast 686/1132
deg_analysis_31124753_18.out:    Running contrast 691/1132
deg_analysis_31124753_18.out:    Running contrast 696/1132
deg_analysis_31124753_18.out:    Running contrast 701/1132
deg_analysis_31124753_18.out:    Running contrast 706/1132
deg_analysis_31124753_18.out:    Running contrast 711/1132
deg_analysis_31124753_18.out:    Running contrast 716/1132
deg_analysis_31124753_18.out:    Running contrast 721/1132
deg_analysis_31124753_18.out:    Running contrast 726/1132
deg_analysis_31124753_18.out:    Running contrast 731/1132
deg_analysis_31124753_18.out:    Running contrast 736/1132
deg_analysis_31124753_18.out:    Running contrast 741/1132
deg_analysis_31124753_18.out:    Running contrast 746/1132
deg_analysis_31124753_18.out:    Running contrast 751/1132
deg_analysis_31124753_18.out:    Running contrast 756/1132
deg_analysis_31124753_18.out:    Running contrast 761/1132
deg_analysis_31124753_18.out:    Running contrast 766/1132
deg_analysis_31124753_18.out:    Running contrast 771/1132
deg_analysis_31124753_18.out:    Running contrast 776/1132
deg_analysis_31124753_18.out:    Running contrast 781/1132
deg_analysis_31124753_18.out:    Running contrast 786/1132
deg_analysis_31124753_18.out:    Running contrast 791/1132
deg_analysis_31124753_18.out:    Running contrast 796/1132
deg_analysis_31124753_18.out:    Running contrast 801/1132
deg_analysis_31124753_18.out:    Running contrast 806/1132
deg_analysis_31124753_18.out:    Running contrast 811/1132
deg_analysis_31124753_18.out:    Running contrast 816/1132
deg_analysis_31124753_18.out:    Running contrast 821/1132
deg_analysis_31124753_18.out:    Running contrast 826/1132
deg_analysis_31124753_18.out:    Running contrast 831/1132
deg_analysis_31124753_18.out:    Running contrast 836/1132
deg_analysis_31124753_18.out:    Running contrast 841/1132
deg_analysis_31124753_18.out:    Running contrast 846/1132
deg_analysis_31124753_18.out:    Running contrast 851/1132
deg_analysis_31124753_18.out:    Running contrast 856/1132
deg_analysis_31124753_18.out:    Running contrast 861/1132
deg_analysis_31124753_18.out:    Running contrast 866/1132
deg_analysis_31124753_18.out:    Running contrast 871/1132
deg_analysis_31124753_18.out:    Running contrast 876/1132
deg_analysis_31124753_18.out:    Running contrast 881/1132
deg_analysis_31124753_18.out:    Running contrast 886/1132
deg_analysis_31124753_18.out:    Running contrast 891/1132
deg_analysis_31124753_18.out:    Running contrast 896/1132
deg_analysis_31124753_18.out:    Running contrast 901/1132
deg_analysis_31124753_18.out:    Running contrast 906/1132
deg_analysis_31124753_18.out:    Running contrast 911/1132
deg_analysis_31124753_18.out:    Running contrast 916/1132
deg_analysis_31124753_18.out:    Running contrast 921/1132
deg_analysis_31124753_18.out:    Running contrast 926/1132
deg_analysis_31124753_18.out:    Running contrast 931/1132
deg_analysis_31124753_18.out:    Running contrast 936/1132
deg_analysis_31124753_18.out:    Running contrast 941/1132
deg_analysis_31124753_18.out:    Running contrast 946/1132
deg_analysis_31124753_18.out:    Running contrast 951/1132
deg_analysis_31124753_18.out:    Running contrast 956/1132
deg_analysis_31124753_18.out:    Running contrast 961/1132
deg_analysis_31124753_18.out:    Running contrast 966/1132
deg_analysis_31124753_18.out:    Running contrast 971/1132
deg_analysis_31124753_18.out:    Running contrast 976/1132
deg_analysis_31124753_18.out:    Running contrast 981/1132
deg_analysis_31124753_18.out:    Running contrast 986/1132
deg_analysis_31124753_18.out:    Running contrast 991/1132
deg_analysis_31124753_18.out:    Running contrast 996/1132
deg_analysis_31124753_18.out:    Running contrast 1001/1132
deg_analysis_31124753_18.out:    Running contrast 1006/1132
deg_analysis_31124753_18.out:    Running contrast 1011/1132
deg_analysis_31124753_18.out:    Running contrast 1016/1132
deg_analysis_31124753_18.out:    Running contrast 1021/1132
deg_analysis_31124753_18.out:    Running contrast 1026/1132
deg_analysis_31124753_18.out:    Running contrast 1031/1132
deg_analysis_31124753_18.out:    Running contrast 1036/1132
deg_analysis_31124753_18.out:    Running contrast 1041/1132
deg_analysis_31124753_18.out:    Running contrast 1046/1132
deg_analysis_31124753_18.out:    Running contrast 1051/1132
deg_analysis_31124753_18.out:    Running contrast 1056/1132
deg_analysis_31124753_18.out:    Running contrast 1061/1132
deg_analysis_31124753_18.out:    Running contrast 1066/1132
deg_analysis_31124753_18.out:    Running contrast 1071/1132
deg_analysis_31124753_18.out:    Running contrast 1076/1132
deg_analysis_31124753_18.out:    Running contrast 1081/1132
deg_analysis_31124753_18.out:    Running contrast 1086/1132
deg_analysis_31124753_18.out:    Running contrast 1091/1132
deg_analysis_31124753_18.out:    Running contrast 1096/1132
deg_analysis_31124753_18.out:    Running contrast 1101/1132
deg_analysis_31124753_18.out:    Running contrast 1106/1132
deg_analysis_31124753_18.out:    Running contrast 1111/1132
deg_analysis_31124753_18.out:    Running contrast 1116/1132
deg_analysis_31124753_18.out:    Running contrast 1121/1132
deg_analysis_31124753_18.out:    Running contrast 1126/1132
deg_analysis_31124753_18.out:    Running contrast 1131/1132
deg_analysis_31124753_18.out:    Running contrast 1132/1132
deg_analysis_31124753_18.out:
deg_analysis_31124753_18.out:    Writing:  ./data/tahoe/deg_data/group_rep/full/qc_false/filter_min_cells_50/CVCL_0428_de.h5ad 
deg_analysis_31124753_18.out:
deg_analysis_31124753_18.out:    Rewriting h5ad file: ./data/tahoe/deg_data/group_rep/full/qc_false/filter_min_cells_50/CVCL_0428_de.h5ad 
deg_analysis_31124753_18.out:    Removed X matrix
deg_analysis_31124753_18.out:    Rewriting h5ad file is done!
deg_analysis_31124753_18.out:✓ Cell line completed in 9435.0 seconds
deg_analysis_31124753_18.out:
deg_analysis_31124753_18.out:DE analysis completed!
deg_analysis_31124753_18.out:
deg_analysis_31124753_18.out:Total runtime: 9448.3 seconds
deg_analysis_31124753_19.out:
deg_analysis_31124753_19.out:DE analysis started...
deg_analysis_31124753_19.out:Loaded input file:  ./data/tahoe/pseudobulk_processed/group_rep/by_celltype/CVCL_0459_processed.h5ad 
deg_analysis_31124753_19.out:Initial dimensions:  1344  samples ×  62710  genes
deg_analysis_31124753_19.out:Filter samples with the low number of cells
deg_analysis_31124753_19.out:    Filter threshold (min_cells):  50 
deg_analysis_31124753_19.out:    n_obs:  1344 -->  1333 
deg_analysis_31124753_19.out:
deg_analysis_31124753_19.out:▶︎ Processing cell_type  1 / 1 :  CVCL_0459 
deg_analysis_31124753_19.out:    Filter controls by  pert_time_h  column
deg_analysis_31124753_19.out:        n_obs:  1333 -->  1333 
deg_analysis_31124753_19.out:
deg_analysis_31124753_19.out:    Running contrast 1/1135
deg_analysis_31124753_19.out:    Running contrast 6/1135
deg_analysis_31124753_19.out:    Running contrast 11/1135
deg_analysis_31124753_19.out:    Running contrast 16/1135
deg_analysis_31124753_19.out:    Running contrast 21/1135
deg_analysis_31124753_19.out:    Running contrast 26/1135
deg_analysis_31124753_19.out:    Running contrast 31/1135
deg_analysis_31124753_19.out:    Running contrast 36/1135
deg_analysis_31124753_19.out:    Running contrast 41/1135
deg_analysis_31124753_19.out:    Running contrast 46/1135
deg_analysis_31124753_19.out:    Running contrast 51/1135
deg_analysis_31124753_19.out:    Running contrast 56/1135
deg_analysis_31124753_19.out:    Running contrast 61/1135
deg_analysis_31124753_19.out:    Running contrast 66/1135
deg_analysis_31124753_19.out:    Running contrast 71/1135
deg_analysis_31124753_19.out:    Running contrast 76/1135
deg_analysis_31124753_19.out:    Running contrast 81/1135
deg_analysis_31124753_19.out:    Running contrast 86/1135
deg_analysis_31124753_19.out:    Running contrast 91/1135
deg_analysis_31124753_19.out:    Running contrast 96/1135
deg_analysis_31124753_19.out:    Running contrast 101/1135
deg_analysis_31124753_19.out:    Running contrast 106/1135
deg_analysis_31124753_19.out:    Running contrast 111/1135
deg_analysis_31124753_19.out:    Running contrast 116/1135
deg_analysis_31124753_19.out:    Running contrast 121/1135
deg_analysis_31124753_19.out:    Running contrast 126/1135
deg_analysis_31124753_19.out:    Running contrast 131/1135
deg_analysis_31124753_19.out:    Running contrast 136/1135
deg_analysis_31124753_19.out:    Running contrast 141/1135
deg_analysis_31124753_19.out:    Running contrast 146/1135
deg_analysis_31124753_19.out:    Running contrast 151/1135
deg_analysis_31124753_19.out:    Running contrast 156/1135
deg_analysis_31124753_19.out:    Running contrast 161/1135
deg_analysis_31124753_19.out:    Running contrast 166/1135
deg_analysis_31124753_19.out:    Running contrast 171/1135
deg_analysis_31124753_19.out:    Running contrast 176/1135
deg_analysis_31124753_19.out:    Running contrast 181/1135
deg_analysis_31124753_19.out:    Running contrast 186/1135
deg_analysis_31124753_19.out:    Running contrast 191/1135
deg_analysis_31124753_19.out:    Running contrast 196/1135
deg_analysis_31124753_19.out:    Running contrast 201/1135
deg_analysis_31124753_19.out:    Running contrast 206/1135
deg_analysis_31124753_19.out:    Running contrast 211/1135
deg_analysis_31124753_19.out:    Running contrast 216/1135
deg_analysis_31124753_19.out:    Running contrast 221/1135
deg_analysis_31124753_19.out:    Running contrast 226/1135
deg_analysis_31124753_19.out:    Running contrast 231/1135
deg_analysis_31124753_19.out:    Running contrast 236/1135
deg_analysis_31124753_19.out:    Running contrast 241/1135
deg_analysis_31124753_19.out:    Running contrast 246/1135
deg_analysis_31124753_19.out:    Running contrast 251/1135
deg_analysis_31124753_19.out:    Running contrast 256/1135
deg_analysis_31124753_19.out:    Running contrast 261/1135
deg_analysis_31124753_19.out:    Running contrast 266/1135
deg_analysis_31124753_19.out:    Running contrast 271/1135
deg_analysis_31124753_19.out:    Running contrast 276/1135
deg_analysis_31124753_19.out:    Running contrast 281/1135
deg_analysis_31124753_19.out:    Running contrast 286/1135
deg_analysis_31124753_19.out:    Running contrast 291/1135
deg_analysis_31124753_19.out:    Running contrast 296/1135
deg_analysis_31124753_19.out:    Running contrast 301/1135
deg_analysis_31124753_19.out:    Running contrast 306/1135
deg_analysis_31124753_19.out:    Running contrast 311/1135
deg_analysis_31124753_19.out:    Running contrast 316/1135
deg_analysis_31124753_19.out:    Running contrast 321/1135
deg_analysis_31124753_19.out:    Running contrast 326/1135
deg_analysis_31124753_19.out:    Running contrast 331/1135
deg_analysis_31124753_19.out:    Running contrast 336/1135
deg_analysis_31124753_19.out:    Running contrast 341/1135
deg_analysis_31124753_19.out:    Running contrast 346/1135
deg_analysis_31124753_19.out:    Running contrast 351/1135
deg_analysis_31124753_19.out:    Running contrast 356/1135
deg_analysis_31124753_19.out:    Running contrast 361/1135
deg_analysis_31124753_19.out:    Running contrast 366/1135
deg_analysis_31124753_19.out:    Running contrast 371/1135
deg_analysis_31124753_19.out:    Running contrast 376/1135
deg_analysis_31124753_19.out:    Running contrast 381/1135
deg_analysis_31124753_19.out:    Running contrast 386/1135
deg_analysis_31124753_19.out:    Running contrast 391/1135
deg_analysis_31124753_19.out:    Running contrast 396/1135
deg_analysis_31124753_19.out:    Running contrast 401/1135
deg_analysis_31124753_19.out:    Running contrast 406/1135
deg_analysis_31124753_19.out:    Running contrast 411/1135
deg_analysis_31124753_19.out:    Running contrast 416/1135
deg_analysis_31124753_19.out:    Running contrast 421/1135
deg_analysis_31124753_19.out:    Running contrast 426/1135
deg_analysis_31124753_19.out:    Running contrast 431/1135
deg_analysis_31124753_19.out:    Running contrast 436/1135
deg_analysis_31124753_19.out:    Running contrast 441/1135
deg_analysis_31124753_19.out:    Running contrast 446/1135
deg_analysis_31124753_19.out:    Running contrast 451/1135
deg_analysis_31124753_19.out:    Running contrast 456/1135
deg_analysis_31124753_19.out:    Running contrast 461/1135
deg_analysis_31124753_19.out:    Running contrast 466/1135
deg_analysis_31124753_19.out:    Running contrast 471/1135
deg_analysis_31124753_19.out:    Running contrast 476/1135
deg_analysis_31124753_19.out:    Running contrast 481/1135
deg_analysis_31124753_19.out:    Running contrast 486/1135
deg_analysis_31124753_19.out:    Running contrast 491/1135
deg_analysis_31124753_19.out:    Running contrast 496/1135
deg_analysis_31124753_19.out:    Running contrast 501/1135
deg_analysis_31124753_19.out:    Running contrast 506/1135
deg_analysis_31124753_19.out:    Running contrast 511/1135
deg_analysis_31124753_19.out:    Running contrast 516/1135
deg_analysis_31124753_19.out:    Running contrast 521/1135
deg_analysis_31124753_19.out:    Running contrast 526/1135
deg_analysis_31124753_19.out:    Running contrast 531/1135
deg_analysis_31124753_19.out:    Running contrast 536/1135
deg_analysis_31124753_19.out:    Running contrast 541/1135
deg_analysis_31124753_19.out:    Running contrast 546/1135
deg_analysis_31124753_19.out:    Running contrast 551/1135
deg_analysis_31124753_19.out:    Running contrast 556/1135
deg_analysis_31124753_19.out:    Running contrast 561/1135
deg_analysis_31124753_19.out:    Running contrast 566/1135
deg_analysis_31124753_19.out:    Running contrast 571/1135
deg_analysis_31124753_19.out:    Running contrast 576/1135
deg_analysis_31124753_19.out:    Running contrast 581/1135
deg_analysis_31124753_19.out:    Running contrast 586/1135
deg_analysis_31124753_19.out:    Running contrast 591/1135
deg_analysis_31124753_19.out:    Running contrast 596/1135
deg_analysis_31124753_19.out:    Running contrast 601/1135
deg_analysis_31124753_19.out:    Running contrast 606/1135
deg_analysis_31124753_19.out:    Running contrast 611/1135
deg_analysis_31124753_19.out:    Running contrast 616/1135
deg_analysis_31124753_19.out:    Running contrast 621/1135
deg_analysis_31124753_19.out:    Running contrast 626/1135
deg_analysis_31124753_19.out:    Running contrast 631/1135
deg_analysis_31124753_19.out:    Running contrast 636/1135
deg_analysis_31124753_19.out:    Running contrast 641/1135
deg_analysis_31124753_19.out:    Running contrast 646/1135
deg_analysis_31124753_19.out:    Running contrast 651/1135
deg_analysis_31124753_19.out:    Running contrast 656/1135
deg_analysis_31124753_19.out:    Running contrast 661/1135
deg_analysis_31124753_19.out:    Running contrast 666/1135
deg_analysis_31124753_19.out:    Running contrast 671/1135
deg_analysis_31124753_19.out:    Running contrast 676/1135
deg_analysis_31124753_19.out:    Running contrast 681/1135
deg_analysis_31124753_19.out:    Running contrast 686/1135
deg_analysis_31124753_19.out:    Running contrast 691/1135
deg_analysis_31124753_19.out:    Running contrast 696/1135
deg_analysis_31124753_19.out:    Running contrast 701/1135
deg_analysis_31124753_19.out:    Running contrast 706/1135
deg_analysis_31124753_19.out:    Running contrast 711/1135
deg_analysis_31124753_19.out:    Running contrast 716/1135
deg_analysis_31124753_19.out:    Running contrast 721/1135
deg_analysis_31124753_19.out:    Running contrast 726/1135
deg_analysis_31124753_19.out:    Running contrast 731/1135
deg_analysis_31124753_19.out:    Running contrast 736/1135
deg_analysis_31124753_19.out:    Running contrast 741/1135
deg_analysis_31124753_19.out:    Running contrast 746/1135
deg_analysis_31124753_19.out:    Running contrast 751/1135
deg_analysis_31124753_19.out:    Running contrast 756/1135
deg_analysis_31124753_19.out:    Running contrast 761/1135
deg_analysis_31124753_19.out:    Running contrast 766/1135
deg_analysis_31124753_19.out:    Running contrast 771/1135
deg_analysis_31124753_19.out:    Running contrast 776/1135
deg_analysis_31124753_19.out:    Running contrast 781/1135
deg_analysis_31124753_19.out:    Running contrast 786/1135
deg_analysis_31124753_19.out:    Running contrast 791/1135
deg_analysis_31124753_19.out:    Running contrast 796/1135
deg_analysis_31124753_19.out:    Running contrast 801/1135
deg_analysis_31124753_19.out:    Running contrast 806/1135
deg_analysis_31124753_19.out:    Running contrast 811/1135
deg_analysis_31124753_19.out:    Running contrast 816/1135
deg_analysis_31124753_19.out:    Running contrast 821/1135
deg_analysis_31124753_19.out:    Running contrast 826/1135
deg_analysis_31124753_19.out:    Running contrast 831/1135
deg_analysis_31124753_19.out:    Running contrast 836/1135
deg_analysis_31124753_19.out:    Running contrast 841/1135
deg_analysis_31124753_19.out:    Running contrast 846/1135
deg_analysis_31124753_19.out:    Running contrast 851/1135
deg_analysis_31124753_19.out:    Running contrast 856/1135
deg_analysis_31124753_19.out:    Running contrast 861/1135
deg_analysis_31124753_19.out:    Running contrast 866/1135
deg_analysis_31124753_19.out:    Running contrast 871/1135
deg_analysis_31124753_19.out:    Running contrast 876/1135
deg_analysis_31124753_19.out:    Running contrast 881/1135
deg_analysis_31124753_19.out:    Running contrast 886/1135
deg_analysis_31124753_19.out:    Running contrast 891/1135
deg_analysis_31124753_19.out:    Running contrast 896/1135
deg_analysis_31124753_19.out:    Running contrast 901/1135
deg_analysis_31124753_19.out:    Running contrast 906/1135
deg_analysis_31124753_19.out:    Running contrast 911/1135
deg_analysis_31124753_19.out:    Running contrast 916/1135
deg_analysis_31124753_19.out:    Running contrast 921/1135
deg_analysis_31124753_19.out:    Running contrast 926/1135
deg_analysis_31124753_19.out:    Running contrast 931/1135
deg_analysis_31124753_19.out:    Running contrast 936/1135
deg_analysis_31124753_19.out:    Running contrast 941/1135
deg_analysis_31124753_19.out:    Running contrast 946/1135
deg_analysis_31124753_19.out:    Running contrast 951/1135
deg_analysis_31124753_19.out:    Running contrast 956/1135
deg_analysis_31124753_19.out:    Running contrast 961/1135
deg_analysis_31124753_19.out:    Running contrast 966/1135
deg_analysis_31124753_19.out:    Running contrast 971/1135
deg_analysis_31124753_19.out:    Running contrast 976/1135
deg_analysis_31124753_19.out:    Running contrast 981/1135
deg_analysis_31124753_19.out:    Running contrast 986/1135
deg_analysis_31124753_19.out:    Running contrast 991/1135
deg_analysis_31124753_19.out:    Running contrast 996/1135
deg_analysis_31124753_19.out:    Running contrast 1001/1135
deg_analysis_31124753_19.out:    Running contrast 1006/1135
deg_analysis_31124753_19.out:    Running contrast 1011/1135
deg_analysis_31124753_19.out:    Running contrast 1016/1135
deg_analysis_31124753_19.out:    Running contrast 1021/1135
deg_analysis_31124753_19.out:    Running contrast 1026/1135
deg_analysis_31124753_19.out:    Running contrast 1031/1135
deg_analysis_31124753_19.out:    Running contrast 1036/1135
deg_analysis_31124753_19.out:    Running contrast 1041/1135
deg_analysis_31124753_19.out:    Running contrast 1046/1135
deg_analysis_31124753_19.out:    Running contrast 1051/1135
deg_analysis_31124753_19.out:    Running contrast 1056/1135
deg_analysis_31124753_19.out:    Running contrast 1061/1135
deg_analysis_31124753_19.out:    Running contrast 1066/1135
deg_analysis_31124753_19.out:    Running contrast 1071/1135
deg_analysis_31124753_19.out:    Running contrast 1076/1135
deg_analysis_31124753_19.out:    Running contrast 1081/1135
deg_analysis_31124753_19.out:    Running contrast 1086/1135
deg_analysis_31124753_19.out:    Running contrast 1091/1135
deg_analysis_31124753_19.out:    Running contrast 1096/1135
deg_analysis_31124753_19.out:    Running contrast 1101/1135
deg_analysis_31124753_19.out:    Running contrast 1106/1135
deg_analysis_31124753_19.out:    Running contrast 1111/1135
deg_analysis_31124753_19.out:    Running contrast 1116/1135
deg_analysis_31124753_19.out:    Running contrast 1121/1135
deg_analysis_31124753_19.out:    Running contrast 1126/1135
deg_analysis_31124753_19.out:    Running contrast 1131/1135
deg_analysis_31124753_19.out:    Running contrast 1135/1135
deg_analysis_31124753_19.out:
deg_analysis_31124753_19.out:    Writing:  ./data/tahoe/deg_data/group_rep/full/qc_false/filter_min_cells_50/CVCL_0459_de.h5ad 
deg_analysis_31124753_19.out:
deg_analysis_31124753_19.out:    Rewriting h5ad file: ./data/tahoe/deg_data/group_rep/full/qc_false/filter_min_cells_50/CVCL_0459_de.h5ad 
deg_analysis_31124753_19.out:    Removed X matrix
deg_analysis_31124753_19.out:    Rewriting h5ad file is done!
deg_analysis_31124753_19.out:✓ Cell line completed in 11699.7 seconds
deg_analysis_31124753_19.out:
deg_analysis_31124753_19.out:DE analysis completed!
deg_analysis_31124753_19.out:
deg_analysis_31124753_19.out:Total runtime: 11715.2 seconds
deg_analysis_31124753_20.out:
deg_analysis_31124753_20.out:DE analysis started...
deg_analysis_31124753_20.out:Loaded input file:  ./data/tahoe/pseudobulk_processed/group_rep/by_celltype/CVCL_0480_processed.h5ad 
deg_analysis_31124753_20.out:Initial dimensions:  1338  samples ×  62710  genes
deg_analysis_31124753_20.out:Filter samples with the low number of cells
deg_analysis_31124753_20.out:    Filter threshold (min_cells):  50 
deg_analysis_31124753_20.out:    n_obs:  1338 -->  1329 
deg_analysis_31124753_20.out:
deg_analysis_31124753_20.out:▶︎ Processing cell_type  1 / 1 :  CVCL_0480 
deg_analysis_31124753_20.out:    Filter controls by  pert_time_h  column
deg_analysis_31124753_20.out:        n_obs:  1329 -->  1329 
deg_analysis_31124753_20.out:
deg_analysis_31124753_20.out:    Running contrast 1/1132
deg_analysis_31124753_20.out:    Running contrast 6/1132
deg_analysis_31124753_20.out:    Running contrast 11/1132
deg_analysis_31124753_20.out:    Running contrast 16/1132
deg_analysis_31124753_20.out:    Running contrast 21/1132
deg_analysis_31124753_20.out:    Running contrast 26/1132
deg_analysis_31124753_20.out:    Running contrast 31/1132
deg_analysis_31124753_20.out:    Running contrast 36/1132
deg_analysis_31124753_20.out:    Running contrast 41/1132
deg_analysis_31124753_20.out:    Running contrast 46/1132
deg_analysis_31124753_20.out:    Running contrast 51/1132
deg_analysis_31124753_20.out:    Running contrast 56/1132
deg_analysis_31124753_20.out:    Running contrast 61/1132
deg_analysis_31124753_20.out:    Running contrast 66/1132
deg_analysis_31124753_20.out:    Running contrast 71/1132
deg_analysis_31124753_20.out:    Running contrast 76/1132
deg_analysis_31124753_20.out:    Running contrast 81/1132
deg_analysis_31124753_20.out:    Running contrast 86/1132
deg_analysis_31124753_20.out:    Running contrast 91/1132
deg_analysis_31124753_20.out:    Running contrast 96/1132
deg_analysis_31124753_20.out:    Running contrast 101/1132
deg_analysis_31124753_20.out:    Running contrast 106/1132
deg_analysis_31124753_20.out:    Running contrast 111/1132
deg_analysis_31124753_20.out:    Running contrast 116/1132
deg_analysis_31124753_20.out:    Running contrast 121/1132
deg_analysis_31124753_20.out:    Running contrast 126/1132
deg_analysis_31124753_20.out:    Running contrast 131/1132
deg_analysis_31124753_20.out:    Running contrast 136/1132
deg_analysis_31124753_20.out:    Running contrast 141/1132
deg_analysis_31124753_20.out:    Running contrast 146/1132
deg_analysis_31124753_20.out:    Running contrast 151/1132
deg_analysis_31124753_20.out:    Running contrast 156/1132
deg_analysis_31124753_20.out:    Running contrast 161/1132
deg_analysis_31124753_20.out:    Running contrast 166/1132
deg_analysis_31124753_20.out:    Running contrast 171/1132
deg_analysis_31124753_20.out:    Running contrast 176/1132
deg_analysis_31124753_20.out:    Running contrast 181/1132
deg_analysis_31124753_20.out:    Running contrast 186/1132
deg_analysis_31124753_20.out:    Running contrast 191/1132
deg_analysis_31124753_20.out:    Running contrast 196/1132
deg_analysis_31124753_20.out:    Running contrast 201/1132
deg_analysis_31124753_20.out:    Running contrast 206/1132
deg_analysis_31124753_20.out:    Running contrast 211/1132
deg_analysis_31124753_20.out:    Running contrast 216/1132
deg_analysis_31124753_20.out:    Running contrast 221/1132
deg_analysis_31124753_20.out:    Running contrast 226/1132
deg_analysis_31124753_20.out:    Running contrast 231/1132
deg_analysis_31124753_20.out:    Running contrast 236/1132
deg_analysis_31124753_20.out:    Running contrast 241/1132
deg_analysis_31124753_20.out:    Running contrast 246/1132
deg_analysis_31124753_20.out:    Running contrast 251/1132
deg_analysis_31124753_20.out:    Running contrast 256/1132
deg_analysis_31124753_20.out:    Running contrast 261/1132
deg_analysis_31124753_20.out:    Running contrast 266/1132
deg_analysis_31124753_20.out:    Running contrast 271/1132
deg_analysis_31124753_20.out:    Running contrast 276/1132
deg_analysis_31124753_20.out:    Running contrast 281/1132
deg_analysis_31124753_20.out:    Running contrast 286/1132
deg_analysis_31124753_20.out:    Running contrast 291/1132
deg_analysis_31124753_20.out:    Running contrast 296/1132
deg_analysis_31124753_20.out:    Running contrast 301/1132
deg_analysis_31124753_20.out:    Running contrast 306/1132
deg_analysis_31124753_20.out:    Running contrast 311/1132
deg_analysis_31124753_20.out:    Running contrast 316/1132
deg_analysis_31124753_20.out:    Running contrast 321/1132
deg_analysis_31124753_20.out:    Running contrast 326/1132
deg_analysis_31124753_20.out:    Running contrast 331/1132
deg_analysis_31124753_20.out:    Running contrast 336/1132
deg_analysis_31124753_20.out:    Running contrast 341/1132
deg_analysis_31124753_20.out:    Running contrast 346/1132
deg_analysis_31124753_20.out:    Running contrast 351/1132
deg_analysis_31124753_20.out:    Running contrast 356/1132
deg_analysis_31124753_20.out:    Running contrast 361/1132
deg_analysis_31124753_20.out:    Running contrast 366/1132
deg_analysis_31124753_20.out:    Running contrast 371/1132
deg_analysis_31124753_20.out:    Running contrast 376/1132
deg_analysis_31124753_20.out:    Running contrast 381/1132
deg_analysis_31124753_20.out:    Running contrast 386/1132
deg_analysis_31124753_20.out:    Running contrast 391/1132
deg_analysis_31124753_20.out:    Running contrast 396/1132
deg_analysis_31124753_20.out:    Running contrast 401/1132
deg_analysis_31124753_20.out:    Running contrast 406/1132
deg_analysis_31124753_20.out:    Running contrast 411/1132
deg_analysis_31124753_20.out:    Running contrast 416/1132
deg_analysis_31124753_20.out:    Running contrast 421/1132
deg_analysis_31124753_20.out:    Running contrast 426/1132
deg_analysis_31124753_20.out:    Running contrast 431/1132
deg_analysis_31124753_20.out:    Running contrast 436/1132
deg_analysis_31124753_20.out:    Running contrast 441/1132
deg_analysis_31124753_20.out:    Running contrast 446/1132
deg_analysis_31124753_20.out:    Running contrast 451/1132
deg_analysis_31124753_20.out:    Running contrast 456/1132
deg_analysis_31124753_20.out:    Running contrast 461/1132
deg_analysis_31124753_20.out:    Running contrast 466/1132
deg_analysis_31124753_20.out:    Running contrast 471/1132
deg_analysis_31124753_20.out:    Running contrast 476/1132
deg_analysis_31124753_20.out:    Running contrast 481/1132
deg_analysis_31124753_20.out:    Running contrast 486/1132
deg_analysis_31124753_20.out:    Running contrast 491/1132
deg_analysis_31124753_20.out:    Running contrast 496/1132
deg_analysis_31124753_20.out:    Running contrast 501/1132
deg_analysis_31124753_20.out:    Running contrast 506/1132
deg_analysis_31124753_20.out:    Running contrast 511/1132
deg_analysis_31124753_20.out:    Running contrast 516/1132
deg_analysis_31124753_20.out:    Running contrast 521/1132
deg_analysis_31124753_20.out:    Running contrast 526/1132
deg_analysis_31124753_20.out:    Running contrast 531/1132
deg_analysis_31124753_20.out:    Running contrast 536/1132
deg_analysis_31124753_20.out:    Running contrast 541/1132
deg_analysis_31124753_20.out:    Running contrast 546/1132
deg_analysis_31124753_20.out:    Running contrast 551/1132
deg_analysis_31124753_20.out:    Running contrast 556/1132
deg_analysis_31124753_20.out:    Running contrast 561/1132
deg_analysis_31124753_20.out:    Running contrast 566/1132
deg_analysis_31124753_20.out:    Running contrast 571/1132
deg_analysis_31124753_20.out:    Running contrast 576/1132
deg_analysis_31124753_20.out:    Running contrast 581/1132
deg_analysis_31124753_20.out:    Running contrast 586/1132
deg_analysis_31124753_20.out:    Running contrast 591/1132
deg_analysis_31124753_20.out:    Running contrast 596/1132
deg_analysis_31124753_20.out:    Running contrast 601/1132
deg_analysis_31124753_20.out:    Running contrast 606/1132
deg_analysis_31124753_20.out:    Running contrast 611/1132
deg_analysis_31124753_20.out:    Running contrast 616/1132
deg_analysis_31124753_20.out:    Running contrast 621/1132
deg_analysis_31124753_20.out:    Running contrast 626/1132
deg_analysis_31124753_20.out:    Running contrast 631/1132
deg_analysis_31124753_20.out:    Running contrast 636/1132
deg_analysis_31124753_20.out:    Running contrast 641/1132
deg_analysis_31124753_20.out:    Running contrast 646/1132
deg_analysis_31124753_20.out:    Running contrast 651/1132
deg_analysis_31124753_20.out:    Running contrast 656/1132
deg_analysis_31124753_20.out:    Running contrast 661/1132
deg_analysis_31124753_20.out:    Running contrast 666/1132
deg_analysis_31124753_20.out:    Running contrast 671/1132
deg_analysis_31124753_20.out:    Running contrast 676/1132
deg_analysis_31124753_20.out:    Running contrast 681/1132
deg_analysis_31124753_20.out:    Running contrast 686/1132
deg_analysis_31124753_20.out:    Running contrast 691/1132
deg_analysis_31124753_20.out:    Running contrast 696/1132
deg_analysis_31124753_20.out:    Running contrast 701/1132
deg_analysis_31124753_20.out:    Running contrast 706/1132
deg_analysis_31124753_20.out:    Running contrast 711/1132
deg_analysis_31124753_20.out:    Running contrast 716/1132
deg_analysis_31124753_20.out:    Running contrast 721/1132
deg_analysis_31124753_20.out:    Running contrast 726/1132
deg_analysis_31124753_20.out:    Running contrast 731/1132
deg_analysis_31124753_20.out:    Running contrast 736/1132
deg_analysis_31124753_20.out:    Running contrast 741/1132
deg_analysis_31124753_20.out:    Running contrast 746/1132
deg_analysis_31124753_20.out:    Running contrast 751/1132
deg_analysis_31124753_20.out:    Running contrast 756/1132
deg_analysis_31124753_20.out:    Running contrast 761/1132
deg_analysis_31124753_20.out:    Running contrast 766/1132
deg_analysis_31124753_20.out:    Running contrast 771/1132
deg_analysis_31124753_20.out:    Running contrast 776/1132
deg_analysis_31124753_20.out:    Running contrast 781/1132
deg_analysis_31124753_20.out:    Running contrast 786/1132
deg_analysis_31124753_20.out:    Running contrast 791/1132
deg_analysis_31124753_20.out:    Running contrast 796/1132
deg_analysis_31124753_20.out:    Running contrast 801/1132
deg_analysis_31124753_20.out:    Running contrast 806/1132
deg_analysis_31124753_20.out:    Running contrast 811/1132
deg_analysis_31124753_20.out:    Running contrast 816/1132
deg_analysis_31124753_20.out:    Running contrast 821/1132
deg_analysis_31124753_20.out:    Running contrast 826/1132
deg_analysis_31124753_20.out:    Running contrast 831/1132
deg_analysis_31124753_20.out:    Running contrast 836/1132
deg_analysis_31124753_20.out:    Running contrast 841/1132
deg_analysis_31124753_20.out:    Running contrast 846/1132
deg_analysis_31124753_20.out:    Running contrast 851/1132
deg_analysis_31124753_20.out:    Running contrast 856/1132
deg_analysis_31124753_20.out:    Running contrast 861/1132
deg_analysis_31124753_20.out:    Running contrast 866/1132
deg_analysis_31124753_20.out:    Running contrast 871/1132
deg_analysis_31124753_20.out:    Running contrast 876/1132
deg_analysis_31124753_20.out:    Running contrast 881/1132
deg_analysis_31124753_20.out:    Running contrast 886/1132
deg_analysis_31124753_20.out:    Running contrast 891/1132
deg_analysis_31124753_20.out:    Running contrast 896/1132
deg_analysis_31124753_20.out:    Running contrast 901/1132
deg_analysis_31124753_20.out:    Running contrast 906/1132
deg_analysis_31124753_20.out:    Running contrast 911/1132
deg_analysis_31124753_20.out:    Running contrast 916/1132
deg_analysis_31124753_20.out:    Running contrast 921/1132
deg_analysis_31124753_20.out:    Running contrast 926/1132
deg_analysis_31124753_20.out:    Running contrast 931/1132
deg_analysis_31124753_20.out:    Running contrast 936/1132
deg_analysis_31124753_20.out:    Running contrast 941/1132
deg_analysis_31124753_20.out:    Running contrast 946/1132
deg_analysis_31124753_20.out:    Running contrast 951/1132
deg_analysis_31124753_20.out:    Running contrast 956/1132
deg_analysis_31124753_20.out:    Running contrast 961/1132
deg_analysis_31124753_20.out:    Running contrast 966/1132
deg_analysis_31124753_20.out:    Running contrast 971/1132
deg_analysis_31124753_20.out:    Running contrast 976/1132
deg_analysis_31124753_20.out:    Running contrast 981/1132
deg_analysis_31124753_20.out:    Running contrast 986/1132
deg_analysis_31124753_20.out:    Running contrast 991/1132
deg_analysis_31124753_20.out:    Running contrast 996/1132
deg_analysis_31124753_20.out:    Running contrast 1001/1132
deg_analysis_31124753_20.out:    Running contrast 1006/1132
deg_analysis_31124753_20.out:    Running contrast 1011/1132
deg_analysis_31124753_20.out:    Running contrast 1016/1132
deg_analysis_31124753_20.out:    Running contrast 1021/1132
deg_analysis_31124753_20.out:    Running contrast 1026/1132
deg_analysis_31124753_20.out:    Running contrast 1031/1132
deg_analysis_31124753_20.out:    Running contrast 1036/1132
deg_analysis_31124753_20.out:    Running contrast 1041/1132
deg_analysis_31124753_20.out:    Running contrast 1046/1132
deg_analysis_31124753_20.out:    Running contrast 1051/1132
deg_analysis_31124753_20.out:    Running contrast 1056/1132
deg_analysis_31124753_20.out:    Running contrast 1061/1132
deg_analysis_31124753_20.out:    Running contrast 1066/1132
deg_analysis_31124753_20.out:    Running contrast 1071/1132
deg_analysis_31124753_20.out:    Running contrast 1076/1132
deg_analysis_31124753_20.out:    Running contrast 1081/1132
deg_analysis_31124753_20.out:    Running contrast 1086/1132
deg_analysis_31124753_20.out:    Running contrast 1091/1132
deg_analysis_31124753_20.out:    Running contrast 1096/1132
deg_analysis_31124753_20.out:    Running contrast 1101/1132
deg_analysis_31124753_20.out:    Running contrast 1106/1132
deg_analysis_31124753_20.out:    Running contrast 1111/1132
deg_analysis_31124753_20.out:    Running contrast 1116/1132
deg_analysis_31124753_20.out:    Running contrast 1121/1132
deg_analysis_31124753_20.out:    Running contrast 1126/1132
deg_analysis_31124753_20.out:    Running contrast 1131/1132
deg_analysis_31124753_20.out:    Running contrast 1132/1132
deg_analysis_31124753_20.out:
deg_analysis_31124753_20.out:    Writing:  ./data/tahoe/deg_data/group_rep/full/qc_false/filter_min_cells_50/CVCL_0480_de.h5ad 
deg_analysis_31124753_20.out:
deg_analysis_31124753_20.out:    Rewriting h5ad file: ./data/tahoe/deg_data/group_rep/full/qc_false/filter_min_cells_50/CVCL_0480_de.h5ad 
deg_analysis_31124753_20.out:    Removed X matrix
deg_analysis_31124753_20.out:    Rewriting h5ad file is done!
deg_analysis_31124753_20.out:✓ Cell line completed in 9116.4 seconds
deg_analysis_31124753_20.out:
deg_analysis_31124753_20.out:DE analysis completed!
deg_analysis_31124753_20.out:
deg_analysis_31124753_20.out:Total runtime: 9137.7 seconds
deg_analysis_31124753_21.out:
deg_analysis_31124753_21.out:DE analysis started...
deg_analysis_31124753_21.out:Loaded input file:  ./data/tahoe/pseudobulk_processed/group_rep/by_celltype/CVCL_0504_processed.h5ad 
deg_analysis_31124753_21.out:Initial dimensions:  1344  samples ×  62710  genes
deg_analysis_31124753_21.out:Filter samples with the low number of cells
deg_analysis_31124753_21.out:    Filter threshold (min_cells):  50 
deg_analysis_31124753_21.out:    n_obs:  1344 -->  1328 
deg_analysis_31124753_21.out:
deg_analysis_31124753_21.out:▶︎ Processing cell_type  1 / 1 :  CVCL_0504 
deg_analysis_31124753_21.out:    Filter controls by  pert_time_h  column
deg_analysis_31124753_21.out:        n_obs:  1328 -->  1328 
deg_analysis_31124753_21.out:
deg_analysis_31124753_21.out:    Running contrast 1/1131
deg_analysis_31124753_21.out:    Running contrast 6/1131
deg_analysis_31124753_21.out:    Running contrast 11/1131
deg_analysis_31124753_21.out:    Running contrast 16/1131
deg_analysis_31124753_21.out:    Running contrast 21/1131
deg_analysis_31124753_21.out:    Running contrast 26/1131
deg_analysis_31124753_21.out:    Running contrast 31/1131
deg_analysis_31124753_21.out:    Running contrast 36/1131
deg_analysis_31124753_21.out:    Running contrast 41/1131
deg_analysis_31124753_21.out:    Running contrast 46/1131
deg_analysis_31124753_21.out:    Running contrast 51/1131
deg_analysis_31124753_21.out:    Running contrast 56/1131
deg_analysis_31124753_21.out:    Running contrast 61/1131
deg_analysis_31124753_21.out:    Running contrast 66/1131
deg_analysis_31124753_21.out:    Running contrast 71/1131
deg_analysis_31124753_21.out:    Running contrast 76/1131
deg_analysis_31124753_21.out:    Running contrast 81/1131
deg_analysis_31124753_21.out:    Running contrast 86/1131
deg_analysis_31124753_21.out:    Running contrast 91/1131
deg_analysis_31124753_21.out:    Running contrast 96/1131
deg_analysis_31124753_21.out:    Running contrast 101/1131
deg_analysis_31124753_21.out:    Running contrast 106/1131
deg_analysis_31124753_21.out:    Running contrast 111/1131
deg_analysis_31124753_21.out:    Running contrast 116/1131
deg_analysis_31124753_21.out:    Running contrast 121/1131
deg_analysis_31124753_21.out:    Running contrast 126/1131
deg_analysis_31124753_21.out:    Running contrast 131/1131
deg_analysis_31124753_21.out:    Running contrast 136/1131
deg_analysis_31124753_21.out:    Running contrast 141/1131
deg_analysis_31124753_21.out:    Running contrast 146/1131
deg_analysis_31124753_21.out:    Running contrast 151/1131
deg_analysis_31124753_21.out:    Running contrast 156/1131
deg_analysis_31124753_21.out:    Running contrast 161/1131
deg_analysis_31124753_21.out:    Running contrast 166/1131
deg_analysis_31124753_21.out:    Running contrast 171/1131
deg_analysis_31124753_21.out:    Running contrast 176/1131
deg_analysis_31124753_21.out:    Running contrast 181/1131
deg_analysis_31124753_21.out:    Running contrast 186/1131
deg_analysis_31124753_21.out:    Running contrast 191/1131
deg_analysis_31124753_21.out:    Running contrast 196/1131
deg_analysis_31124753_21.out:    Running contrast 201/1131
deg_analysis_31124753_21.out:    Running contrast 206/1131
deg_analysis_31124753_21.out:    Running contrast 211/1131
deg_analysis_31124753_21.out:    Running contrast 216/1131
deg_analysis_31124753_21.out:    Running contrast 221/1131
deg_analysis_31124753_21.out:    Running contrast 226/1131
deg_analysis_31124753_21.out:    Running contrast 231/1131
deg_analysis_31124753_21.out:    Running contrast 236/1131
deg_analysis_31124753_21.out:    Running contrast 241/1131
deg_analysis_31124753_21.out:    Running contrast 246/1131
deg_analysis_31124753_21.out:    Running contrast 251/1131
deg_analysis_31124753_21.out:    Running contrast 256/1131
deg_analysis_31124753_21.out:    Running contrast 261/1131
deg_analysis_31124753_21.out:    Running contrast 266/1131
deg_analysis_31124753_21.out:    Running contrast 271/1131
deg_analysis_31124753_21.out:    Running contrast 276/1131
deg_analysis_31124753_21.out:    Running contrast 281/1131
deg_analysis_31124753_21.out:    Running contrast 286/1131
deg_analysis_31124753_21.out:    Running contrast 291/1131
deg_analysis_31124753_21.out:    Running contrast 296/1131
deg_analysis_31124753_21.out:    Running contrast 301/1131
deg_analysis_31124753_21.out:    Running contrast 306/1131
deg_analysis_31124753_21.out:    Running contrast 311/1131
deg_analysis_31124753_21.out:    Running contrast 316/1131
deg_analysis_31124753_21.out:    Running contrast 321/1131
deg_analysis_31124753_21.out:    Running contrast 326/1131
deg_analysis_31124753_21.out:    Running contrast 331/1131
deg_analysis_31124753_21.out:    Running contrast 336/1131
deg_analysis_31124753_21.out:    Running contrast 341/1131
deg_analysis_31124753_21.out:    Running contrast 346/1131
deg_analysis_31124753_21.out:    Running contrast 351/1131
deg_analysis_31124753_21.out:    Running contrast 356/1131
deg_analysis_31124753_21.out:    Running contrast 361/1131
deg_analysis_31124753_21.out:    Running contrast 366/1131
deg_analysis_31124753_21.out:    Running contrast 371/1131
deg_analysis_31124753_21.out:    Running contrast 376/1131
deg_analysis_31124753_21.out:    Running contrast 381/1131
deg_analysis_31124753_21.out:    Running contrast 386/1131
deg_analysis_31124753_21.out:    Running contrast 391/1131
deg_analysis_31124753_21.out:    Running contrast 396/1131
deg_analysis_31124753_21.out:    Running contrast 401/1131
deg_analysis_31124753_21.out:    Running contrast 406/1131
deg_analysis_31124753_21.out:    Running contrast 411/1131
deg_analysis_31124753_21.out:    Running contrast 416/1131
deg_analysis_31124753_21.out:    Running contrast 421/1131
deg_analysis_31124753_21.out:    Running contrast 426/1131
deg_analysis_31124753_21.out:    Running contrast 431/1131
deg_analysis_31124753_21.out:    Running contrast 436/1131
deg_analysis_31124753_21.out:    Running contrast 441/1131
deg_analysis_31124753_21.out:    Running contrast 446/1131
deg_analysis_31124753_21.out:    Running contrast 451/1131
deg_analysis_31124753_21.out:    Running contrast 456/1131
deg_analysis_31124753_21.out:    Running contrast 461/1131
deg_analysis_31124753_21.out:    Running contrast 466/1131
deg_analysis_31124753_21.out:    Running contrast 471/1131
deg_analysis_31124753_21.out:    Running contrast 476/1131
deg_analysis_31124753_21.out:    Running contrast 481/1131
deg_analysis_31124753_21.out:    Running contrast 486/1131
deg_analysis_31124753_21.out:    Running contrast 491/1131
deg_analysis_31124753_21.out:    Running contrast 496/1131
deg_analysis_31124753_21.out:    Running contrast 501/1131
deg_analysis_31124753_21.out:    Running contrast 506/1131
deg_analysis_31124753_21.out:    Running contrast 511/1131
deg_analysis_31124753_21.out:    Running contrast 516/1131
deg_analysis_31124753_21.out:    Running contrast 521/1131
deg_analysis_31124753_21.out:    Running contrast 526/1131
deg_analysis_31124753_21.out:    Running contrast 531/1131
deg_analysis_31124753_21.out:    Running contrast 536/1131
deg_analysis_31124753_21.out:    Running contrast 541/1131
deg_analysis_31124753_21.out:    Running contrast 546/1131
deg_analysis_31124753_21.out:    Running contrast 551/1131
deg_analysis_31124753_21.out:    Running contrast 556/1131
deg_analysis_31124753_21.out:    Running contrast 561/1131
deg_analysis_31124753_21.out:    Running contrast 566/1131
deg_analysis_31124753_21.out:    Running contrast 571/1131
deg_analysis_31124753_21.out:    Running contrast 576/1131
deg_analysis_31124753_21.out:    Running contrast 581/1131
deg_analysis_31124753_21.out:    Running contrast 586/1131
deg_analysis_31124753_21.out:    Running contrast 591/1131
deg_analysis_31124753_21.out:    Running contrast 596/1131
deg_analysis_31124753_21.out:    Running contrast 601/1131
deg_analysis_31124753_21.out:    Running contrast 606/1131
deg_analysis_31124753_21.out:    Running contrast 611/1131
deg_analysis_31124753_21.out:    Running contrast 616/1131
deg_analysis_31124753_21.out:    Running contrast 621/1131
deg_analysis_31124753_21.out:    Running contrast 626/1131
deg_analysis_31124753_21.out:    Running contrast 631/1131
deg_analysis_31124753_21.out:    Running contrast 636/1131
deg_analysis_31124753_21.out:    Running contrast 641/1131
deg_analysis_31124753_21.out:    Running contrast 646/1131
deg_analysis_31124753_21.out:    Running contrast 651/1131
deg_analysis_31124753_21.out:    Running contrast 656/1131
deg_analysis_31124753_21.out:    Running contrast 661/1131
deg_analysis_31124753_21.out:    Running contrast 666/1131
deg_analysis_31124753_21.out:    Running contrast 671/1131
deg_analysis_31124753_21.out:    Running contrast 676/1131
deg_analysis_31124753_21.out:    Running contrast 681/1131
deg_analysis_31124753_21.out:    Running contrast 686/1131
deg_analysis_31124753_21.out:    Running contrast 691/1131
deg_analysis_31124753_21.out:    Running contrast 696/1131
deg_analysis_31124753_21.out:    Running contrast 701/1131
deg_analysis_31124753_21.out:    Running contrast 706/1131
deg_analysis_31124753_21.out:    Running contrast 711/1131
deg_analysis_31124753_21.out:    Running contrast 716/1131
deg_analysis_31124753_21.out:    Running contrast 721/1131
deg_analysis_31124753_21.out:    Running contrast 726/1131
deg_analysis_31124753_21.out:    Running contrast 731/1131
deg_analysis_31124753_21.out:    Running contrast 736/1131
deg_analysis_31124753_21.out:    Running contrast 741/1131
deg_analysis_31124753_21.out:    Running contrast 746/1131
deg_analysis_31124753_21.out:    Running contrast 751/1131
deg_analysis_31124753_21.out:    Running contrast 756/1131
deg_analysis_31124753_21.out:    Running contrast 761/1131
deg_analysis_31124753_21.out:    Running contrast 766/1131
deg_analysis_31124753_21.out:    Running contrast 771/1131
deg_analysis_31124753_21.out:    Running contrast 776/1131
deg_analysis_31124753_21.out:    Running contrast 781/1131
deg_analysis_31124753_21.out:    Running contrast 786/1131
deg_analysis_31124753_21.out:    Running contrast 791/1131
deg_analysis_31124753_21.out:    Running contrast 796/1131
deg_analysis_31124753_21.out:    Running contrast 801/1131
deg_analysis_31124753_21.out:    Running contrast 806/1131
deg_analysis_31124753_21.out:    Running contrast 811/1131
deg_analysis_31124753_21.out:    Running contrast 816/1131
deg_analysis_31124753_21.out:    Running contrast 821/1131
deg_analysis_31124753_21.out:    Running contrast 826/1131
deg_analysis_31124753_21.out:    Running contrast 831/1131
deg_analysis_31124753_21.out:    Running contrast 836/1131
deg_analysis_31124753_21.out:    Running contrast 841/1131
deg_analysis_31124753_21.out:    Running contrast 846/1131
deg_analysis_31124753_21.out:    Running contrast 851/1131
deg_analysis_31124753_21.out:    Running contrast 856/1131
deg_analysis_31124753_21.out:    Running contrast 861/1131
deg_analysis_31124753_21.out:    Running contrast 866/1131
deg_analysis_31124753_21.out:    Running contrast 871/1131
deg_analysis_31124753_21.out:    Running contrast 876/1131
deg_analysis_31124753_21.out:    Running contrast 881/1131
deg_analysis_31124753_21.out:    Running contrast 886/1131
deg_analysis_31124753_21.out:    Running contrast 891/1131
deg_analysis_31124753_21.out:    Running contrast 896/1131
deg_analysis_31124753_21.out:    Running contrast 901/1131
deg_analysis_31124753_21.out:    Running contrast 906/1131
deg_analysis_31124753_21.out:    Running contrast 911/1131
deg_analysis_31124753_21.out:    Running contrast 916/1131
deg_analysis_31124753_21.out:    Running contrast 921/1131
deg_analysis_31124753_21.out:    Running contrast 926/1131
deg_analysis_31124753_21.out:    Running contrast 931/1131
deg_analysis_31124753_21.out:    Running contrast 936/1131
deg_analysis_31124753_21.out:    Running contrast 941/1131
deg_analysis_31124753_21.out:    Running contrast 946/1131
deg_analysis_31124753_21.out:    Running contrast 951/1131
deg_analysis_31124753_21.out:    Running contrast 956/1131
deg_analysis_31124753_21.out:    Running contrast 961/1131
deg_analysis_31124753_21.out:    Running contrast 966/1131
deg_analysis_31124753_21.out:    Running contrast 971/1131
deg_analysis_31124753_21.out:    Running contrast 976/1131
deg_analysis_31124753_21.out:    Running contrast 981/1131
deg_analysis_31124753_21.out:    Running contrast 986/1131
deg_analysis_31124753_21.out:    Running contrast 991/1131
deg_analysis_31124753_21.out:    Running contrast 996/1131
deg_analysis_31124753_21.out:    Running contrast 1001/1131
deg_analysis_31124753_21.out:    Running contrast 1006/1131
deg_analysis_31124753_21.out:    Running contrast 1011/1131
deg_analysis_31124753_21.out:    Running contrast 1016/1131
deg_analysis_31124753_21.out:    Running contrast 1021/1131
deg_analysis_31124753_21.out:    Running contrast 1026/1131
deg_analysis_31124753_21.out:    Running contrast 1031/1131
deg_analysis_31124753_21.out:    Running contrast 1036/1131
deg_analysis_31124753_21.out:    Running contrast 1041/1131
deg_analysis_31124753_21.out:    Running contrast 1046/1131
deg_analysis_31124753_21.out:    Running contrast 1051/1131
deg_analysis_31124753_21.out:    Running contrast 1056/1131
deg_analysis_31124753_21.out:    Running contrast 1061/1131
deg_analysis_31124753_21.out:    Running contrast 1066/1131
deg_analysis_31124753_21.out:    Running contrast 1071/1131
deg_analysis_31124753_21.out:    Running contrast 1076/1131
deg_analysis_31124753_21.out:    Running contrast 1081/1131
deg_analysis_31124753_21.out:    Running contrast 1086/1131
deg_analysis_31124753_21.out:    Running contrast 1091/1131
deg_analysis_31124753_21.out:    Running contrast 1096/1131
deg_analysis_31124753_21.out:    Running contrast 1101/1131
deg_analysis_31124753_21.out:    Running contrast 1106/1131
deg_analysis_31124753_21.out:    Running contrast 1111/1131
deg_analysis_31124753_21.out:    Running contrast 1116/1131
deg_analysis_31124753_21.out:    Running contrast 1121/1131
deg_analysis_31124753_21.out:    Running contrast 1126/1131
deg_analysis_31124753_21.out:    Running contrast 1131/1131
deg_analysis_31124753_21.out:
deg_analysis_31124753_21.out:    Writing:  ./data/tahoe/deg_data/group_rep/full/qc_false/filter_min_cells_50/CVCL_0504_de.h5ad 
deg_analysis_31124753_21.out:
deg_analysis_31124753_21.out:    Rewriting h5ad file: ./data/tahoe/deg_data/group_rep/full/qc_false/filter_min_cells_50/CVCL_0504_de.h5ad 
deg_analysis_31124753_21.out:    Removed X matrix
deg_analysis_31124753_21.out:    Rewriting h5ad file is done!
deg_analysis_31124753_21.out:✓ Cell line completed in 7354.0 seconds
deg_analysis_31124753_21.out:
deg_analysis_31124753_21.out:DE analysis completed!
deg_analysis_31124753_21.out:
deg_analysis_31124753_21.out:Total runtime: 7366.5 seconds
deg_analysis_31124753_22.out:
deg_analysis_31124753_22.out:DE analysis started...
deg_analysis_31124753_22.out:Loaded input file:  ./data/tahoe/pseudobulk_processed/group_rep/by_celltype/CVCL_0546_processed.h5ad 
deg_analysis_31124753_22.out:Initial dimensions:  1343  samples ×  62710  genes
deg_analysis_31124753_22.out:Filter samples with the low number of cells
deg_analysis_31124753_22.out:    Filter threshold (min_cells):  50 
deg_analysis_31124753_22.out:    n_obs:  1343 -->  1332 
deg_analysis_31124753_22.out:
deg_analysis_31124753_22.out:▶︎ Processing cell_type  1 / 1 :  CVCL_0546 
deg_analysis_31124753_22.out:    Filter controls by  pert_time_h  column
deg_analysis_31124753_22.out:        n_obs:  1332 -->  1332 
deg_analysis_31124753_22.out:
deg_analysis_31124753_22.out:    Running contrast 1/1134
deg_analysis_31124753_22.out:    Running contrast 6/1134
deg_analysis_31124753_22.out:    Running contrast 11/1134
deg_analysis_31124753_22.out:    Running contrast 16/1134
deg_analysis_31124753_22.out:    Running contrast 21/1134
deg_analysis_31124753_22.out:    Running contrast 26/1134
deg_analysis_31124753_22.out:    Running contrast 31/1134
deg_analysis_31124753_22.out:    Running contrast 36/1134
deg_analysis_31124753_22.out:    Running contrast 41/1134
deg_analysis_31124753_22.out:    Running contrast 46/1134
deg_analysis_31124753_22.out:    Running contrast 51/1134
deg_analysis_31124753_22.out:    Running contrast 56/1134
deg_analysis_31124753_22.out:    Running contrast 61/1134
deg_analysis_31124753_22.out:    Running contrast 66/1134
deg_analysis_31124753_22.out:    Running contrast 71/1134
deg_analysis_31124753_22.out:    Running contrast 76/1134
deg_analysis_31124753_22.out:    Running contrast 81/1134
deg_analysis_31124753_22.out:    Running contrast 86/1134
deg_analysis_31124753_22.out:    Running contrast 91/1134
deg_analysis_31124753_22.out:    Running contrast 96/1134
deg_analysis_31124753_22.out:    Running contrast 101/1134
deg_analysis_31124753_22.out:    Running contrast 106/1134
deg_analysis_31124753_22.out:    Running contrast 111/1134
deg_analysis_31124753_22.out:    Running contrast 116/1134
deg_analysis_31124753_22.out:    Running contrast 121/1134
deg_analysis_31124753_22.out:    Running contrast 126/1134
deg_analysis_31124753_22.out:    Running contrast 131/1134
deg_analysis_31124753_22.out:    Running contrast 136/1134
deg_analysis_31124753_22.out:    Running contrast 141/1134
deg_analysis_31124753_22.out:    Running contrast 146/1134
deg_analysis_31124753_22.out:    Running contrast 151/1134
deg_analysis_31124753_22.out:    Running contrast 156/1134
deg_analysis_31124753_22.out:    Running contrast 161/1134
deg_analysis_31124753_22.out:    Running contrast 166/1134
deg_analysis_31124753_22.out:    Running contrast 171/1134
deg_analysis_31124753_22.out:    Running contrast 176/1134
deg_analysis_31124753_22.out:    Running contrast 181/1134
deg_analysis_31124753_22.out:    Running contrast 186/1134
deg_analysis_31124753_22.out:    Running contrast 191/1134
deg_analysis_31124753_22.out:    Running contrast 196/1134
deg_analysis_31124753_22.out:    Running contrast 201/1134
deg_analysis_31124753_22.out:    Running contrast 206/1134
deg_analysis_31124753_22.out:    Running contrast 211/1134
deg_analysis_31124753_22.out:    Running contrast 216/1134
deg_analysis_31124753_22.out:    Running contrast 221/1134
deg_analysis_31124753_22.out:    Running contrast 226/1134
deg_analysis_31124753_22.out:    Running contrast 231/1134
deg_analysis_31124753_22.out:    Running contrast 236/1134
deg_analysis_31124753_22.out:    Running contrast 241/1134
deg_analysis_31124753_22.out:    Running contrast 246/1134
deg_analysis_31124753_22.out:    Running contrast 251/1134
deg_analysis_31124753_22.out:    Running contrast 256/1134
deg_analysis_31124753_22.out:    Running contrast 261/1134
deg_analysis_31124753_22.out:    Running contrast 266/1134
deg_analysis_31124753_22.out:    Running contrast 271/1134
deg_analysis_31124753_22.out:    Running contrast 276/1134
deg_analysis_31124753_22.out:    Running contrast 281/1134
deg_analysis_31124753_22.out:    Running contrast 286/1134
deg_analysis_31124753_22.out:    Running contrast 291/1134
deg_analysis_31124753_22.out:    Running contrast 296/1134
deg_analysis_31124753_22.out:    Running contrast 301/1134
deg_analysis_31124753_22.out:    Running contrast 306/1134
deg_analysis_31124753_22.out:    Running contrast 311/1134
deg_analysis_31124753_22.out:    Running contrast 316/1134
deg_analysis_31124753_22.out:    Running contrast 321/1134
deg_analysis_31124753_22.out:    Running contrast 326/1134
deg_analysis_31124753_22.out:    Running contrast 331/1134
deg_analysis_31124753_22.out:    Running contrast 336/1134
deg_analysis_31124753_22.out:    Running contrast 341/1134
deg_analysis_31124753_22.out:    Running contrast 346/1134
deg_analysis_31124753_22.out:    Running contrast 351/1134
deg_analysis_31124753_22.out:    Running contrast 356/1134
deg_analysis_31124753_22.out:    Running contrast 361/1134
deg_analysis_31124753_22.out:    Running contrast 366/1134
deg_analysis_31124753_22.out:    Running contrast 371/1134
deg_analysis_31124753_22.out:    Running contrast 376/1134
deg_analysis_31124753_22.out:    Running contrast 381/1134
deg_analysis_31124753_22.out:    Running contrast 386/1134
deg_analysis_31124753_22.out:    Running contrast 391/1134
deg_analysis_31124753_22.out:    Running contrast 396/1134
deg_analysis_31124753_22.out:    Running contrast 401/1134
deg_analysis_31124753_22.out:    Running contrast 406/1134
deg_analysis_31124753_22.out:    Running contrast 411/1134
deg_analysis_31124753_22.out:    Running contrast 416/1134
deg_analysis_31124753_22.out:    Running contrast 421/1134
deg_analysis_31124753_22.out:    Running contrast 426/1134
deg_analysis_31124753_22.out:    Running contrast 431/1134
deg_analysis_31124753_22.out:    Running contrast 436/1134
deg_analysis_31124753_22.out:    Running contrast 441/1134
deg_analysis_31124753_22.out:    Running contrast 446/1134
deg_analysis_31124753_22.out:    Running contrast 451/1134
deg_analysis_31124753_22.out:    Running contrast 456/1134
deg_analysis_31124753_22.out:    Running contrast 461/1134
deg_analysis_31124753_22.out:    Running contrast 466/1134
deg_analysis_31124753_22.out:    Running contrast 471/1134
deg_analysis_31124753_22.out:    Running contrast 476/1134
deg_analysis_31124753_22.out:    Running contrast 481/1134
deg_analysis_31124753_22.out:    Running contrast 486/1134
deg_analysis_31124753_22.out:    Running contrast 491/1134
deg_analysis_31124753_22.out:    Running contrast 496/1134
deg_analysis_31124753_22.out:    Running contrast 501/1134
deg_analysis_31124753_22.out:    Running contrast 506/1134
deg_analysis_31124753_22.out:    Running contrast 511/1134
deg_analysis_31124753_22.out:    Running contrast 516/1134
deg_analysis_31124753_22.out:    Running contrast 521/1134
deg_analysis_31124753_22.out:    Running contrast 526/1134
deg_analysis_31124753_22.out:    Running contrast 531/1134
deg_analysis_31124753_22.out:    Running contrast 536/1134
deg_analysis_31124753_22.out:    Running contrast 541/1134
deg_analysis_31124753_22.out:    Running contrast 546/1134
deg_analysis_31124753_22.out:    Running contrast 551/1134
deg_analysis_31124753_22.out:    Running contrast 556/1134
deg_analysis_31124753_22.out:    Running contrast 561/1134
deg_analysis_31124753_22.out:    Running contrast 566/1134
deg_analysis_31124753_22.out:    Running contrast 571/1134
deg_analysis_31124753_22.out:    Running contrast 576/1134
deg_analysis_31124753_22.out:    Running contrast 581/1134
deg_analysis_31124753_22.out:    Running contrast 586/1134
deg_analysis_31124753_22.out:    Running contrast 591/1134
deg_analysis_31124753_22.out:    Running contrast 596/1134
deg_analysis_31124753_22.out:    Running contrast 601/1134
deg_analysis_31124753_22.out:    Running contrast 606/1134
deg_analysis_31124753_22.out:    Running contrast 611/1134
deg_analysis_31124753_22.out:    Running contrast 616/1134
deg_analysis_31124753_22.out:    Running contrast 621/1134
deg_analysis_31124753_22.out:    Running contrast 626/1134
deg_analysis_31124753_22.out:    Running contrast 631/1134
deg_analysis_31124753_22.out:    Running contrast 636/1134
deg_analysis_31124753_22.out:    Running contrast 641/1134
deg_analysis_31124753_22.out:    Running contrast 646/1134
deg_analysis_31124753_22.out:    Running contrast 651/1134
deg_analysis_31124753_22.out:    Running contrast 656/1134
deg_analysis_31124753_22.out:    Running contrast 661/1134
deg_analysis_31124753_22.out:    Running contrast 666/1134
deg_analysis_31124753_22.out:    Running contrast 671/1134
deg_analysis_31124753_22.out:    Running contrast 676/1134
deg_analysis_31124753_22.out:    Running contrast 681/1134
deg_analysis_31124753_22.out:    Running contrast 686/1134
deg_analysis_31124753_22.out:    Running contrast 691/1134
deg_analysis_31124753_22.out:    Running contrast 696/1134
deg_analysis_31124753_22.out:    Running contrast 701/1134
deg_analysis_31124753_22.out:    Running contrast 706/1134
deg_analysis_31124753_22.out:    Running contrast 711/1134
deg_analysis_31124753_22.out:    Running contrast 716/1134
deg_analysis_31124753_22.out:    Running contrast 721/1134
deg_analysis_31124753_22.out:    Running contrast 726/1134
deg_analysis_31124753_22.out:    Running contrast 731/1134
deg_analysis_31124753_22.out:    Running contrast 736/1134
deg_analysis_31124753_22.out:    Running contrast 741/1134
deg_analysis_31124753_22.out:    Running contrast 746/1134
deg_analysis_31124753_22.out:    Running contrast 751/1134
deg_analysis_31124753_22.out:    Running contrast 756/1134
deg_analysis_31124753_22.out:    Running contrast 761/1134
deg_analysis_31124753_22.out:    Running contrast 766/1134
deg_analysis_31124753_22.out:    Running contrast 771/1134
deg_analysis_31124753_22.out:    Running contrast 776/1134
deg_analysis_31124753_22.out:    Running contrast 781/1134
deg_analysis_31124753_22.out:    Running contrast 786/1134
deg_analysis_31124753_22.out:    Running contrast 791/1134
deg_analysis_31124753_22.out:    Running contrast 796/1134
deg_analysis_31124753_22.out:    Running contrast 801/1134
deg_analysis_31124753_22.out:    Running contrast 806/1134
deg_analysis_31124753_22.out:    Running contrast 811/1134
deg_analysis_31124753_22.out:    Running contrast 816/1134
deg_analysis_31124753_22.out:    Running contrast 821/1134
deg_analysis_31124753_22.out:    Running contrast 826/1134
deg_analysis_31124753_22.out:    Running contrast 831/1134
deg_analysis_31124753_22.out:    Running contrast 836/1134
deg_analysis_31124753_22.out:    Running contrast 841/1134
deg_analysis_31124753_22.out:    Running contrast 846/1134
deg_analysis_31124753_22.out:    Running contrast 851/1134
deg_analysis_31124753_22.out:    Running contrast 856/1134
deg_analysis_31124753_22.out:    Running contrast 861/1134
deg_analysis_31124753_22.out:    Running contrast 866/1134
deg_analysis_31124753_22.out:    Running contrast 871/1134
deg_analysis_31124753_22.out:    Running contrast 876/1134
deg_analysis_31124753_22.out:    Running contrast 881/1134
deg_analysis_31124753_22.out:    Running contrast 886/1134
deg_analysis_31124753_22.out:    Running contrast 891/1134
deg_analysis_31124753_22.out:    Running contrast 896/1134
deg_analysis_31124753_22.out:    Running contrast 901/1134
deg_analysis_31124753_22.out:    Running contrast 906/1134
deg_analysis_31124753_22.out:    Running contrast 911/1134
deg_analysis_31124753_22.out:    Running contrast 916/1134
deg_analysis_31124753_22.out:    Running contrast 921/1134
deg_analysis_31124753_22.out:    Running contrast 926/1134
deg_analysis_31124753_22.out:    Running contrast 931/1134
deg_analysis_31124753_22.out:    Running contrast 936/1134
deg_analysis_31124753_22.out:    Running contrast 941/1134
deg_analysis_31124753_22.out:    Running contrast 946/1134
deg_analysis_31124753_22.out:    Running contrast 951/1134
deg_analysis_31124753_22.out:    Running contrast 956/1134
deg_analysis_31124753_22.out:    Running contrast 961/1134
deg_analysis_31124753_22.out:    Running contrast 966/1134
deg_analysis_31124753_22.out:    Running contrast 971/1134
deg_analysis_31124753_22.out:    Running contrast 976/1134
deg_analysis_31124753_22.out:    Running contrast 981/1134
deg_analysis_31124753_22.out:    Running contrast 986/1134
deg_analysis_31124753_22.out:    Running contrast 991/1134
deg_analysis_31124753_22.out:    Running contrast 996/1134
deg_analysis_31124753_22.out:    Running contrast 1001/1134
deg_analysis_31124753_22.out:    Running contrast 1006/1134
deg_analysis_31124753_22.out:    Running contrast 1011/1134
deg_analysis_31124753_22.out:    Running contrast 1016/1134
deg_analysis_31124753_22.out:    Running contrast 1021/1134
deg_analysis_31124753_22.out:    Running contrast 1026/1134
deg_analysis_31124753_22.out:    Running contrast 1031/1134
deg_analysis_31124753_22.out:    Running contrast 1036/1134
deg_analysis_31124753_22.out:    Running contrast 1041/1134
deg_analysis_31124753_22.out:    Running contrast 1046/1134
deg_analysis_31124753_22.out:    Running contrast 1051/1134
deg_analysis_31124753_22.out:    Running contrast 1056/1134
deg_analysis_31124753_22.out:    Running contrast 1061/1134
deg_analysis_31124753_22.out:    Running contrast 1066/1134
deg_analysis_31124753_22.out:    Running contrast 1071/1134
deg_analysis_31124753_22.out:    Running contrast 1076/1134
deg_analysis_31124753_22.out:    Running contrast 1081/1134
deg_analysis_31124753_22.out:    Running contrast 1086/1134
deg_analysis_31124753_22.out:    Running contrast 1091/1134
deg_analysis_31124753_22.out:    Running contrast 1096/1134
deg_analysis_31124753_22.out:    Running contrast 1101/1134
deg_analysis_31124753_22.out:    Running contrast 1106/1134
deg_analysis_31124753_22.out:    Running contrast 1111/1134
deg_analysis_31124753_22.out:    Running contrast 1116/1134
deg_analysis_31124753_22.out:    Running contrast 1121/1134
deg_analysis_31124753_22.out:    Running contrast 1126/1134
deg_analysis_31124753_22.out:    Running contrast 1131/1134
deg_analysis_31124753_22.out:    Running contrast 1134/1134
deg_analysis_31124753_22.out:
deg_analysis_31124753_22.out:    Writing:  ./data/tahoe/deg_data/group_rep/full/qc_false/filter_min_cells_50/CVCL_0546_de.h5ad 
deg_analysis_31124753_22.out:
deg_analysis_31124753_22.out:    Rewriting h5ad file: ./data/tahoe/deg_data/group_rep/full/qc_false/filter_min_cells_50/CVCL_0546_de.h5ad 
deg_analysis_31124753_22.out:    Removed X matrix
deg_analysis_31124753_22.out:    Rewriting h5ad file is done!
deg_analysis_31124753_22.out:✓ Cell line completed in 9731.3 seconds
deg_analysis_31124753_22.out:
deg_analysis_31124753_22.out:DE analysis completed!
deg_analysis_31124753_22.out:
deg_analysis_31124753_22.out:Total runtime: 9754.5 seconds
deg_analysis_31124753_23.out:
deg_analysis_31124753_23.out:DE analysis started...
deg_analysis_31124753_23.out:Loaded input file:  ./data/tahoe/pseudobulk_processed/group_rep/by_celltype/CVCL_1055_processed.h5ad 
deg_analysis_31124753_23.out:Initial dimensions:  1340  samples ×  62710  genes
deg_analysis_31124753_23.out:Filter samples with the low number of cells
deg_analysis_31124753_23.out:    Filter threshold (min_cells):  50 
deg_analysis_31124753_23.out:    n_obs:  1340 -->  1326 
deg_analysis_31124753_23.out:
deg_analysis_31124753_23.out:▶︎ Processing cell_type  1 / 1 :  CVCL_1055 
deg_analysis_31124753_23.out:    Filter controls by  pert_time_h  column
deg_analysis_31124753_23.out:        n_obs:  1326 -->  1326 
deg_analysis_31124753_23.out:
deg_analysis_31124753_23.out:    Running contrast 1/1131
deg_analysis_31124753_23.out:    Running contrast 6/1131
deg_analysis_31124753_23.out:    Running contrast 11/1131
deg_analysis_31124753_23.out:    Running contrast 16/1131
deg_analysis_31124753_23.out:    Running contrast 21/1131
deg_analysis_31124753_23.out:    Running contrast 26/1131
deg_analysis_31124753_23.out:    Running contrast 31/1131
deg_analysis_31124753_23.out:    Running contrast 36/1131
deg_analysis_31124753_23.out:    Running contrast 41/1131
deg_analysis_31124753_23.out:    Running contrast 46/1131
deg_analysis_31124753_23.out:    Running contrast 51/1131
deg_analysis_31124753_23.out:    Running contrast 56/1131
deg_analysis_31124753_23.out:    Running contrast 61/1131
deg_analysis_31124753_23.out:    Running contrast 66/1131
deg_analysis_31124753_23.out:    Running contrast 71/1131
deg_analysis_31124753_23.out:    Running contrast 76/1131
deg_analysis_31124753_23.out:    Running contrast 81/1131
deg_analysis_31124753_23.out:    Running contrast 86/1131
deg_analysis_31124753_23.out:    Running contrast 91/1131
deg_analysis_31124753_23.out:    Running contrast 96/1131
deg_analysis_31124753_23.out:    Running contrast 101/1131
deg_analysis_31124753_23.out:    Running contrast 106/1131
deg_analysis_31124753_23.out:    Running contrast 111/1131
deg_analysis_31124753_23.out:    Running contrast 116/1131
deg_analysis_31124753_23.out:    Running contrast 121/1131
deg_analysis_31124753_23.out:    Running contrast 126/1131
deg_analysis_31124753_23.out:    Running contrast 131/1131
deg_analysis_31124753_23.out:    Running contrast 136/1131
deg_analysis_31124753_23.out:    Running contrast 141/1131
deg_analysis_31124753_23.out:    Running contrast 146/1131
deg_analysis_31124753_23.out:    Running contrast 151/1131
deg_analysis_31124753_23.out:    Running contrast 156/1131
deg_analysis_31124753_23.out:    Running contrast 161/1131
deg_analysis_31124753_23.out:    Running contrast 166/1131
deg_analysis_31124753_23.out:    Running contrast 171/1131
deg_analysis_31124753_23.out:    Running contrast 176/1131
deg_analysis_31124753_23.out:    Running contrast 181/1131
deg_analysis_31124753_23.out:    Running contrast 186/1131
deg_analysis_31124753_23.out:    Running contrast 191/1131
deg_analysis_31124753_23.out:    Running contrast 196/1131
deg_analysis_31124753_23.out:    Running contrast 201/1131
deg_analysis_31124753_23.out:    Running contrast 206/1131
deg_analysis_31124753_23.out:    Running contrast 211/1131
deg_analysis_31124753_23.out:    Running contrast 216/1131
deg_analysis_31124753_23.out:    Running contrast 221/1131
deg_analysis_31124753_23.out:    Running contrast 226/1131
deg_analysis_31124753_23.out:    Running contrast 231/1131
deg_analysis_31124753_23.out:    Running contrast 236/1131
deg_analysis_31124753_23.out:    Running contrast 241/1131
deg_analysis_31124753_23.out:    Running contrast 246/1131
deg_analysis_31124753_23.out:    Running contrast 251/1131
deg_analysis_31124753_23.out:    Running contrast 256/1131
deg_analysis_31124753_23.out:    Running contrast 261/1131
deg_analysis_31124753_23.out:    Running contrast 266/1131
deg_analysis_31124753_23.out:    Running contrast 271/1131
deg_analysis_31124753_23.out:    Running contrast 276/1131
deg_analysis_31124753_23.out:    Running contrast 281/1131
deg_analysis_31124753_23.out:    Running contrast 286/1131
deg_analysis_31124753_23.out:    Running contrast 291/1131
deg_analysis_31124753_23.out:    Running contrast 296/1131
deg_analysis_31124753_23.out:    Running contrast 301/1131
deg_analysis_31124753_23.out:    Running contrast 306/1131
deg_analysis_31124753_23.out:    Running contrast 311/1131
deg_analysis_31124753_23.out:    Running contrast 316/1131
deg_analysis_31124753_23.out:    Running contrast 321/1131
deg_analysis_31124753_23.out:    Running contrast 326/1131
deg_analysis_31124753_23.out:    Running contrast 331/1131
deg_analysis_31124753_23.out:    Running contrast 336/1131
deg_analysis_31124753_23.out:    Running contrast 341/1131
deg_analysis_31124753_23.out:    Running contrast 346/1131
deg_analysis_31124753_23.out:    Running contrast 351/1131
deg_analysis_31124753_23.out:    Running contrast 356/1131
deg_analysis_31124753_23.out:    Running contrast 361/1131
deg_analysis_31124753_23.out:    Running contrast 366/1131
deg_analysis_31124753_23.out:    Running contrast 371/1131
deg_analysis_31124753_23.out:    Running contrast 376/1131
deg_analysis_31124753_23.out:    Running contrast 381/1131
deg_analysis_31124753_23.out:    Running contrast 386/1131
deg_analysis_31124753_23.out:    Running contrast 391/1131
deg_analysis_31124753_23.out:    Running contrast 396/1131
deg_analysis_31124753_23.out:    Running contrast 401/1131
deg_analysis_31124753_23.out:    Running contrast 406/1131
deg_analysis_31124753_23.out:    Running contrast 411/1131
deg_analysis_31124753_23.out:    Running contrast 416/1131
deg_analysis_31124753_23.out:    Running contrast 421/1131
deg_analysis_31124753_23.out:    Running contrast 426/1131
deg_analysis_31124753_23.out:    Running contrast 431/1131
deg_analysis_31124753_23.out:    Running contrast 436/1131
deg_analysis_31124753_23.out:    Running contrast 441/1131
deg_analysis_31124753_23.out:    Running contrast 446/1131
deg_analysis_31124753_23.out:    Running contrast 451/1131
deg_analysis_31124753_23.out:    Running contrast 456/1131
deg_analysis_31124753_23.out:    Running contrast 461/1131
deg_analysis_31124753_23.out:    Running contrast 466/1131
deg_analysis_31124753_23.out:    Running contrast 471/1131
deg_analysis_31124753_23.out:    Running contrast 476/1131
deg_analysis_31124753_23.out:    Running contrast 481/1131
deg_analysis_31124753_23.out:    Running contrast 486/1131
deg_analysis_31124753_23.out:    Running contrast 491/1131
deg_analysis_31124753_23.out:    Running contrast 496/1131
deg_analysis_31124753_23.out:    Running contrast 501/1131
deg_analysis_31124753_23.out:    Running contrast 506/1131
deg_analysis_31124753_23.out:    Running contrast 511/1131
deg_analysis_31124753_23.out:    Running contrast 516/1131
deg_analysis_31124753_23.out:    Running contrast 521/1131
deg_analysis_31124753_23.out:    Running contrast 526/1131
deg_analysis_31124753_23.out:    Running contrast 531/1131
deg_analysis_31124753_23.out:    Running contrast 536/1131
deg_analysis_31124753_23.out:    Running contrast 541/1131
deg_analysis_31124753_23.out:    Running contrast 546/1131
deg_analysis_31124753_23.out:    Running contrast 551/1131
deg_analysis_31124753_23.out:    Running contrast 556/1131
deg_analysis_31124753_23.out:    Running contrast 561/1131
deg_analysis_31124753_23.out:    Running contrast 566/1131
deg_analysis_31124753_23.out:    Running contrast 571/1131
deg_analysis_31124753_23.out:    Running contrast 576/1131
deg_analysis_31124753_23.out:    Running contrast 581/1131
deg_analysis_31124753_23.out:    Running contrast 586/1131
deg_analysis_31124753_23.out:    Running contrast 591/1131
deg_analysis_31124753_23.out:    Running contrast 596/1131
deg_analysis_31124753_23.out:    Running contrast 601/1131
deg_analysis_31124753_23.out:    Running contrast 606/1131
deg_analysis_31124753_23.out:    Running contrast 611/1131
deg_analysis_31124753_23.out:    Running contrast 616/1131
deg_analysis_31124753_23.out:    Running contrast 621/1131
deg_analysis_31124753_23.out:    Running contrast 626/1131
deg_analysis_31124753_23.out:    Running contrast 631/1131
deg_analysis_31124753_23.out:    Running contrast 636/1131
deg_analysis_31124753_23.out:    Running contrast 641/1131
deg_analysis_31124753_23.out:    Running contrast 646/1131
deg_analysis_31124753_23.out:    Running contrast 651/1131
deg_analysis_31124753_23.out:    Running contrast 656/1131
deg_analysis_31124753_23.out:    Running contrast 661/1131
deg_analysis_31124753_23.out:    Running contrast 666/1131
deg_analysis_31124753_23.out:    Running contrast 671/1131
deg_analysis_31124753_23.out:    Running contrast 676/1131
deg_analysis_31124753_23.out:    Running contrast 681/1131
deg_analysis_31124753_23.out:    Running contrast 686/1131
deg_analysis_31124753_23.out:    Running contrast 691/1131
deg_analysis_31124753_23.out:    Running contrast 696/1131
deg_analysis_31124753_23.out:    Running contrast 701/1131
deg_analysis_31124753_23.out:    Running contrast 706/1131
deg_analysis_31124753_23.out:    Running contrast 711/1131
deg_analysis_31124753_23.out:    Running contrast 716/1131
deg_analysis_31124753_23.out:    Running contrast 721/1131
deg_analysis_31124753_23.out:    Running contrast 726/1131
deg_analysis_31124753_23.out:    Running contrast 731/1131
deg_analysis_31124753_23.out:    Running contrast 736/1131
deg_analysis_31124753_23.out:    Running contrast 741/1131
deg_analysis_31124753_23.out:    Running contrast 746/1131
deg_analysis_31124753_23.out:    Running contrast 751/1131
deg_analysis_31124753_23.out:    Running contrast 756/1131
deg_analysis_31124753_23.out:    Running contrast 761/1131
deg_analysis_31124753_23.out:    Running contrast 766/1131
deg_analysis_31124753_23.out:    Running contrast 771/1131
deg_analysis_31124753_23.out:    Running contrast 776/1131
deg_analysis_31124753_23.out:    Running contrast 781/1131
deg_analysis_31124753_23.out:    Running contrast 786/1131
deg_analysis_31124753_23.out:    Running contrast 791/1131
deg_analysis_31124753_23.out:    Running contrast 796/1131
deg_analysis_31124753_23.out:    Running contrast 801/1131
deg_analysis_31124753_23.out:    Running contrast 806/1131
deg_analysis_31124753_23.out:    Running contrast 811/1131
deg_analysis_31124753_23.out:    Running contrast 816/1131
deg_analysis_31124753_23.out:    Running contrast 821/1131
deg_analysis_31124753_23.out:    Running contrast 826/1131
deg_analysis_31124753_23.out:    Running contrast 831/1131
deg_analysis_31124753_23.out:    Running contrast 836/1131
deg_analysis_31124753_23.out:    Running contrast 841/1131
deg_analysis_31124753_23.out:    Running contrast 846/1131
deg_analysis_31124753_23.out:    Running contrast 851/1131
deg_analysis_31124753_23.out:    Running contrast 856/1131
deg_analysis_31124753_23.out:    Running contrast 861/1131
deg_analysis_31124753_23.out:    Running contrast 866/1131
deg_analysis_31124753_23.out:    Running contrast 871/1131
deg_analysis_31124753_23.out:    Running contrast 876/1131
deg_analysis_31124753_23.out:    Running contrast 881/1131
deg_analysis_31124753_23.out:    Running contrast 886/1131
deg_analysis_31124753_23.out:    Running contrast 891/1131
deg_analysis_31124753_23.out:    Running contrast 896/1131
deg_analysis_31124753_23.out:    Running contrast 901/1131
deg_analysis_31124753_23.out:    Running contrast 906/1131
deg_analysis_31124753_23.out:    Running contrast 911/1131
deg_analysis_31124753_23.out:    Running contrast 916/1131
deg_analysis_31124753_23.out:    Running contrast 921/1131
deg_analysis_31124753_23.out:    Running contrast 926/1131
deg_analysis_31124753_23.out:    Running contrast 931/1131
deg_analysis_31124753_23.out:    Running contrast 936/1131
deg_analysis_31124753_23.out:    Running contrast 941/1131
deg_analysis_31124753_23.out:    Running contrast 946/1131
deg_analysis_31124753_23.out:    Running contrast 951/1131
deg_analysis_31124753_23.out:    Running contrast 956/1131
deg_analysis_31124753_23.out:    Running contrast 961/1131
deg_analysis_31124753_23.out:    Running contrast 966/1131
deg_analysis_31124753_23.out:    Running contrast 971/1131
deg_analysis_31124753_23.out:    Running contrast 976/1131
deg_analysis_31124753_23.out:    Running contrast 981/1131
deg_analysis_31124753_23.out:    Running contrast 986/1131
deg_analysis_31124753_23.out:    Running contrast 991/1131
deg_analysis_31124753_23.out:    Running contrast 996/1131
deg_analysis_31124753_23.out:    Running contrast 1001/1131
deg_analysis_31124753_23.out:    Running contrast 1006/1131
deg_analysis_31124753_23.out:    Running contrast 1011/1131
deg_analysis_31124753_23.out:    Running contrast 1016/1131
deg_analysis_31124753_23.out:    Running contrast 1021/1131
deg_analysis_31124753_23.out:    Running contrast 1026/1131
deg_analysis_31124753_23.out:    Running contrast 1031/1131
deg_analysis_31124753_23.out:    Running contrast 1036/1131
deg_analysis_31124753_23.out:    Running contrast 1041/1131
deg_analysis_31124753_23.out:    Running contrast 1046/1131
deg_analysis_31124753_23.out:    Running contrast 1051/1131
deg_analysis_31124753_23.out:    Running contrast 1056/1131
deg_analysis_31124753_23.out:    Running contrast 1061/1131
deg_analysis_31124753_23.out:    Running contrast 1066/1131
deg_analysis_31124753_23.out:    Running contrast 1071/1131
deg_analysis_31124753_23.out:    Running contrast 1076/1131
deg_analysis_31124753_23.out:    Running contrast 1081/1131
deg_analysis_31124753_23.out:    Running contrast 1086/1131
deg_analysis_31124753_23.out:    Running contrast 1091/1131
deg_analysis_31124753_23.out:    Running contrast 1096/1131
deg_analysis_31124753_23.out:    Running contrast 1101/1131
deg_analysis_31124753_23.out:    Running contrast 1106/1131
deg_analysis_31124753_23.out:    Running contrast 1111/1131
deg_analysis_31124753_23.out:    Running contrast 1116/1131
deg_analysis_31124753_23.out:    Running contrast 1121/1131
deg_analysis_31124753_23.out:    Running contrast 1126/1131
deg_analysis_31124753_23.out:    Running contrast 1131/1131
deg_analysis_31124753_23.out:
deg_analysis_31124753_23.out:    Writing:  ./data/tahoe/deg_data/group_rep/full/qc_false/filter_min_cells_50/CVCL_1055_de.h5ad 
deg_analysis_31124753_23.out:
deg_analysis_31124753_23.out:    Rewriting h5ad file: ./data/tahoe/deg_data/group_rep/full/qc_false/filter_min_cells_50/CVCL_1055_de.h5ad 
deg_analysis_31124753_23.out:    Removed X matrix
deg_analysis_31124753_23.out:    Rewriting h5ad file is done!
deg_analysis_31124753_23.out:✓ Cell line completed in 7162.6 seconds
deg_analysis_31124753_23.out:
deg_analysis_31124753_23.out:DE analysis completed!
deg_analysis_31124753_23.out:
deg_analysis_31124753_23.out:Total runtime: 7186.0 seconds
deg_analysis_31124753_24.out:
deg_analysis_31124753_24.out:DE analysis started...
deg_analysis_31124753_24.out:Loaded input file:  ./data/tahoe/pseudobulk_processed/group_rep/by_celltype/CVCL_1056_processed.h5ad 
deg_analysis_31124753_24.out:Initial dimensions:  1340  samples ×  62710  genes
deg_analysis_31124753_24.out:Filter samples with the low number of cells
deg_analysis_31124753_24.out:    Filter threshold (min_cells):  50 
deg_analysis_31124753_24.out:    n_obs:  1340 -->  1329 
deg_analysis_31124753_24.out:
deg_analysis_31124753_24.out:▶︎ Processing cell_type  1 / 1 :  CVCL_1056 
deg_analysis_31124753_24.out:    Filter controls by  pert_time_h  column
deg_analysis_31124753_24.out:        n_obs:  1329 -->  1329 
deg_analysis_31124753_24.out:
deg_analysis_31124753_24.out:    Running contrast 1/1132
deg_analysis_31124753_24.out:    Running contrast 6/1132
deg_analysis_31124753_24.out:    Running contrast 11/1132
deg_analysis_31124753_24.out:    Running contrast 16/1132
deg_analysis_31124753_24.out:    Running contrast 21/1132
deg_analysis_31124753_24.out:    Running contrast 26/1132
deg_analysis_31124753_24.out:    Running contrast 31/1132
deg_analysis_31124753_24.out:    Running contrast 36/1132
deg_analysis_31124753_24.out:    Running contrast 41/1132
deg_analysis_31124753_24.out:    Running contrast 46/1132
deg_analysis_31124753_24.out:    Running contrast 51/1132
deg_analysis_31124753_24.out:    Running contrast 56/1132
deg_analysis_31124753_24.out:    Running contrast 61/1132
deg_analysis_31124753_24.out:    Running contrast 66/1132
deg_analysis_31124753_24.out:    Running contrast 71/1132
deg_analysis_31124753_24.out:    Running contrast 76/1132
deg_analysis_31124753_24.out:    Running contrast 81/1132
deg_analysis_31124753_24.out:    Running contrast 86/1132
deg_analysis_31124753_24.out:    Running contrast 91/1132
deg_analysis_31124753_24.out:    Running contrast 96/1132
deg_analysis_31124753_24.out:    Running contrast 101/1132
deg_analysis_31124753_24.out:    Running contrast 106/1132
deg_analysis_31124753_24.out:    Running contrast 111/1132
deg_analysis_31124753_24.out:    Running contrast 116/1132
deg_analysis_31124753_24.out:    Running contrast 121/1132
deg_analysis_31124753_24.out:    Running contrast 126/1132
deg_analysis_31124753_24.out:    Running contrast 131/1132
deg_analysis_31124753_24.out:    Running contrast 136/1132
deg_analysis_31124753_24.out:    Running contrast 141/1132
deg_analysis_31124753_24.out:    Running contrast 146/1132
deg_analysis_31124753_24.out:    Running contrast 151/1132
deg_analysis_31124753_24.out:    Running contrast 156/1132
deg_analysis_31124753_24.out:    Running contrast 161/1132
deg_analysis_31124753_24.out:    Running contrast 166/1132
deg_analysis_31124753_24.out:    Running contrast 171/1132
deg_analysis_31124753_24.out:    Running contrast 176/1132
deg_analysis_31124753_24.out:    Running contrast 181/1132
deg_analysis_31124753_24.out:    Running contrast 186/1132
deg_analysis_31124753_24.out:    Running contrast 191/1132
deg_analysis_31124753_24.out:    Running contrast 196/1132
deg_analysis_31124753_24.out:    Running contrast 201/1132
deg_analysis_31124753_24.out:    Running contrast 206/1132
deg_analysis_31124753_24.out:    Running contrast 211/1132
deg_analysis_31124753_24.out:    Running contrast 216/1132
deg_analysis_31124753_24.out:    Running contrast 221/1132
deg_analysis_31124753_24.out:    Running contrast 226/1132
deg_analysis_31124753_24.out:    Running contrast 231/1132
deg_analysis_31124753_24.out:    Running contrast 236/1132
deg_analysis_31124753_24.out:    Running contrast 241/1132
deg_analysis_31124753_24.out:    Running contrast 246/1132
deg_analysis_31124753_24.out:    Running contrast 251/1132
deg_analysis_31124753_24.out:    Running contrast 256/1132
deg_analysis_31124753_24.out:    Running contrast 261/1132
deg_analysis_31124753_24.out:    Running contrast 266/1132
deg_analysis_31124753_24.out:    Running contrast 271/1132
deg_analysis_31124753_24.out:    Running contrast 276/1132
deg_analysis_31124753_24.out:    Running contrast 281/1132
deg_analysis_31124753_24.out:    Running contrast 286/1132
deg_analysis_31124753_24.out:    Running contrast 291/1132
deg_analysis_31124753_24.out:    Running contrast 296/1132
deg_analysis_31124753_24.out:    Running contrast 301/1132
deg_analysis_31124753_24.out:    Running contrast 306/1132
deg_analysis_31124753_24.out:    Running contrast 311/1132
deg_analysis_31124753_24.out:    Running contrast 316/1132
deg_analysis_31124753_24.out:    Running contrast 321/1132
deg_analysis_31124753_24.out:    Running contrast 326/1132
deg_analysis_31124753_24.out:    Running contrast 331/1132
deg_analysis_31124753_24.out:    Running contrast 336/1132
deg_analysis_31124753_24.out:    Running contrast 341/1132
deg_analysis_31124753_24.out:    Running contrast 346/1132
deg_analysis_31124753_24.out:    Running contrast 351/1132
deg_analysis_31124753_24.out:    Running contrast 356/1132
deg_analysis_31124753_24.out:    Running contrast 361/1132
deg_analysis_31124753_24.out:    Running contrast 366/1132
deg_analysis_31124753_24.out:    Running contrast 371/1132
deg_analysis_31124753_24.out:    Running contrast 376/1132
deg_analysis_31124753_24.out:    Running contrast 381/1132
deg_analysis_31124753_24.out:    Running contrast 386/1132
deg_analysis_31124753_24.out:    Running contrast 391/1132
deg_analysis_31124753_24.out:    Running contrast 396/1132
deg_analysis_31124753_24.out:    Running contrast 401/1132
deg_analysis_31124753_24.out:    Running contrast 406/1132
deg_analysis_31124753_24.out:    Running contrast 411/1132
deg_analysis_31124753_24.out:    Running contrast 416/1132
deg_analysis_31124753_24.out:    Running contrast 421/1132
deg_analysis_31124753_24.out:    Running contrast 426/1132
deg_analysis_31124753_24.out:    Running contrast 431/1132
deg_analysis_31124753_24.out:    Running contrast 436/1132
deg_analysis_31124753_24.out:    Running contrast 441/1132
deg_analysis_31124753_24.out:    Running contrast 446/1132
deg_analysis_31124753_24.out:    Running contrast 451/1132
deg_analysis_31124753_24.out:    Running contrast 456/1132
deg_analysis_31124753_24.out:    Running contrast 461/1132
deg_analysis_31124753_24.out:    Running contrast 466/1132
deg_analysis_31124753_24.out:    Running contrast 471/1132
deg_analysis_31124753_24.out:    Running contrast 476/1132
deg_analysis_31124753_24.out:    Running contrast 481/1132
deg_analysis_31124753_24.out:    Running contrast 486/1132
deg_analysis_31124753_24.out:    Running contrast 491/1132
deg_analysis_31124753_24.out:    Running contrast 496/1132
deg_analysis_31124753_24.out:    Running contrast 501/1132
deg_analysis_31124753_24.out:    Running contrast 506/1132
deg_analysis_31124753_24.out:    Running contrast 511/1132
deg_analysis_31124753_24.out:    Running contrast 516/1132
deg_analysis_31124753_24.out:    Running contrast 521/1132
deg_analysis_31124753_24.out:    Running contrast 526/1132
deg_analysis_31124753_24.out:    Running contrast 531/1132
deg_analysis_31124753_24.out:    Running contrast 536/1132
deg_analysis_31124753_24.out:    Running contrast 541/1132
deg_analysis_31124753_24.out:    Running contrast 546/1132
deg_analysis_31124753_24.out:    Running contrast 551/1132
deg_analysis_31124753_24.out:    Running contrast 556/1132
deg_analysis_31124753_24.out:    Running contrast 561/1132
deg_analysis_31124753_24.out:    Running contrast 566/1132
deg_analysis_31124753_24.out:    Running contrast 571/1132
deg_analysis_31124753_24.out:    Running contrast 576/1132
deg_analysis_31124753_24.out:    Running contrast 581/1132
deg_analysis_31124753_24.out:    Running contrast 586/1132
deg_analysis_31124753_24.out:    Running contrast 591/1132
deg_analysis_31124753_24.out:    Running contrast 596/1132
deg_analysis_31124753_24.out:    Running contrast 601/1132
deg_analysis_31124753_24.out:    Running contrast 606/1132
deg_analysis_31124753_24.out:    Running contrast 611/1132
deg_analysis_31124753_24.out:    Running contrast 616/1132
deg_analysis_31124753_24.out:    Running contrast 621/1132
deg_analysis_31124753_24.out:    Running contrast 626/1132
deg_analysis_31124753_24.out:    Running contrast 631/1132
deg_analysis_31124753_24.out:    Running contrast 636/1132
deg_analysis_31124753_24.out:    Running contrast 641/1132
deg_analysis_31124753_24.out:    Running contrast 646/1132
deg_analysis_31124753_24.out:    Running contrast 651/1132
deg_analysis_31124753_24.out:    Running contrast 656/1132
deg_analysis_31124753_24.out:    Running contrast 661/1132
deg_analysis_31124753_24.out:    Running contrast 666/1132
deg_analysis_31124753_24.out:    Running contrast 671/1132
deg_analysis_31124753_24.out:    Running contrast 676/1132
deg_analysis_31124753_24.out:    Running contrast 681/1132
deg_analysis_31124753_24.out:    Running contrast 686/1132
deg_analysis_31124753_24.out:    Running contrast 691/1132
deg_analysis_31124753_24.out:    Running contrast 696/1132
deg_analysis_31124753_24.out:    Running contrast 701/1132
deg_analysis_31124753_24.out:    Running contrast 706/1132
deg_analysis_31124753_24.out:    Running contrast 711/1132
deg_analysis_31124753_24.out:    Running contrast 716/1132
deg_analysis_31124753_24.out:    Running contrast 721/1132
deg_analysis_31124753_24.out:    Running contrast 726/1132
deg_analysis_31124753_24.out:    Running contrast 731/1132
deg_analysis_31124753_24.out:    Running contrast 736/1132
deg_analysis_31124753_24.out:    Running contrast 741/1132
deg_analysis_31124753_24.out:    Running contrast 746/1132
deg_analysis_31124753_24.out:    Running contrast 751/1132
deg_analysis_31124753_24.out:    Running contrast 756/1132
deg_analysis_31124753_24.out:    Running contrast 761/1132
deg_analysis_31124753_24.out:    Running contrast 766/1132
deg_analysis_31124753_24.out:    Running contrast 771/1132
deg_analysis_31124753_24.out:    Running contrast 776/1132
deg_analysis_31124753_24.out:    Running contrast 781/1132
deg_analysis_31124753_24.out:    Running contrast 786/1132
deg_analysis_31124753_24.out:    Running contrast 791/1132
deg_analysis_31124753_24.out:    Running contrast 796/1132
deg_analysis_31124753_24.out:    Running contrast 801/1132
deg_analysis_31124753_24.out:    Running contrast 806/1132
deg_analysis_31124753_24.out:    Running contrast 811/1132
deg_analysis_31124753_24.out:    Running contrast 816/1132
deg_analysis_31124753_24.out:    Running contrast 821/1132
deg_analysis_31124753_24.out:    Running contrast 826/1132
deg_analysis_31124753_24.out:    Running contrast 831/1132
deg_analysis_31124753_24.out:    Running contrast 836/1132
deg_analysis_31124753_24.out:    Running contrast 841/1132
deg_analysis_31124753_24.out:    Running contrast 846/1132
deg_analysis_31124753_24.out:    Running contrast 851/1132
deg_analysis_31124753_24.out:    Running contrast 856/1132
deg_analysis_31124753_24.out:    Running contrast 861/1132
deg_analysis_31124753_24.out:    Running contrast 866/1132
deg_analysis_31124753_24.out:    Running contrast 871/1132
deg_analysis_31124753_24.out:    Running contrast 876/1132
deg_analysis_31124753_24.out:    Running contrast 881/1132
deg_analysis_31124753_24.out:    Running contrast 886/1132
deg_analysis_31124753_24.out:    Running contrast 891/1132
deg_analysis_31124753_24.out:    Running contrast 896/1132
deg_analysis_31124753_24.out:    Running contrast 901/1132
deg_analysis_31124753_24.out:    Running contrast 906/1132
deg_analysis_31124753_24.out:    Running contrast 911/1132
deg_analysis_31124753_24.out:    Running contrast 916/1132
deg_analysis_31124753_24.out:    Running contrast 921/1132
deg_analysis_31124753_24.out:    Running contrast 926/1132
deg_analysis_31124753_24.out:    Running contrast 931/1132
deg_analysis_31124753_24.out:    Running contrast 936/1132
deg_analysis_31124753_24.out:    Running contrast 941/1132
deg_analysis_31124753_24.out:    Running contrast 946/1132
deg_analysis_31124753_24.out:    Running contrast 951/1132
deg_analysis_31124753_24.out:    Running contrast 956/1132
deg_analysis_31124753_24.out:    Running contrast 961/1132
deg_analysis_31124753_24.out:    Running contrast 966/1132
deg_analysis_31124753_24.out:    Running contrast 971/1132
deg_analysis_31124753_24.out:    Running contrast 976/1132
deg_analysis_31124753_24.out:    Running contrast 981/1132
deg_analysis_31124753_24.out:    Running contrast 986/1132
deg_analysis_31124753_24.out:    Running contrast 991/1132
deg_analysis_31124753_24.out:    Running contrast 996/1132
deg_analysis_31124753_24.out:    Running contrast 1001/1132
deg_analysis_31124753_24.out:    Running contrast 1006/1132
deg_analysis_31124753_24.out:    Running contrast 1011/1132
deg_analysis_31124753_24.out:    Running contrast 1016/1132
deg_analysis_31124753_24.out:    Running contrast 1021/1132
deg_analysis_31124753_24.out:    Running contrast 1026/1132
deg_analysis_31124753_24.out:    Running contrast 1031/1132
deg_analysis_31124753_24.out:    Running contrast 1036/1132
deg_analysis_31124753_24.out:    Running contrast 1041/1132
deg_analysis_31124753_24.out:    Running contrast 1046/1132
deg_analysis_31124753_24.out:    Running contrast 1051/1132
deg_analysis_31124753_24.out:    Running contrast 1056/1132
deg_analysis_31124753_24.out:    Running contrast 1061/1132
deg_analysis_31124753_24.out:    Running contrast 1066/1132
deg_analysis_31124753_24.out:    Running contrast 1071/1132
deg_analysis_31124753_24.out:    Running contrast 1076/1132
deg_analysis_31124753_24.out:    Running contrast 1081/1132
deg_analysis_31124753_24.out:    Running contrast 1086/1132
deg_analysis_31124753_24.out:    Running contrast 1091/1132
deg_analysis_31124753_24.out:    Running contrast 1096/1132
deg_analysis_31124753_24.out:    Running contrast 1101/1132
deg_analysis_31124753_24.out:    Running contrast 1106/1132
deg_analysis_31124753_24.out:    Running contrast 1111/1132
deg_analysis_31124753_24.out:    Running contrast 1116/1132
deg_analysis_31124753_24.out:    Running contrast 1121/1132
deg_analysis_31124753_24.out:    Running contrast 1126/1132
deg_analysis_31124753_24.out:    Running contrast 1131/1132
deg_analysis_31124753_24.out:    Running contrast 1132/1132
deg_analysis_31124753_24.out:
deg_analysis_31124753_24.out:    Writing:  ./data/tahoe/deg_data/group_rep/full/qc_false/filter_min_cells_50/CVCL_1056_de.h5ad 
deg_analysis_31124753_24.out:
deg_analysis_31124753_24.out:    Rewriting h5ad file: ./data/tahoe/deg_data/group_rep/full/qc_false/filter_min_cells_50/CVCL_1056_de.h5ad 
deg_analysis_31124753_24.out:    Removed X matrix
deg_analysis_31124753_24.out:    Rewriting h5ad file is done!
deg_analysis_31124753_24.out:✓ Cell line completed in 7528.4 seconds
deg_analysis_31124753_24.out:
deg_analysis_31124753_24.out:DE analysis completed!
deg_analysis_31124753_24.out:
deg_analysis_31124753_24.out:Total runtime: 7543.3 seconds
deg_analysis_31124753_25.out:
deg_analysis_31124753_25.out:DE analysis started...
deg_analysis_31124753_25.out:Loaded input file:  ./data/tahoe/pseudobulk_processed/group_rep/by_celltype/CVCL_1094_processed.h5ad 
deg_analysis_31124753_25.out:Initial dimensions:  1342  samples ×  62710  genes
deg_analysis_31124753_25.out:Filter samples with the low number of cells
deg_analysis_31124753_25.out:    Filter threshold (min_cells):  50 
deg_analysis_31124753_25.out:    n_obs:  1342 -->  1329 
deg_analysis_31124753_25.out:
deg_analysis_31124753_25.out:▶︎ Processing cell_type  1 / 1 :  CVCL_1094 
deg_analysis_31124753_25.out:    Filter controls by  pert_time_h  column
deg_analysis_31124753_25.out:        n_obs:  1329 -->  1329 
deg_analysis_31124753_25.out:
deg_analysis_31124753_25.out:    Running contrast 1/1132
deg_analysis_31124753_25.out:    Running contrast 6/1132
deg_analysis_31124753_25.out:    Running contrast 11/1132
deg_analysis_31124753_25.out:    Running contrast 16/1132
deg_analysis_31124753_25.out:    Running contrast 21/1132
deg_analysis_31124753_25.out:    Running contrast 26/1132
deg_analysis_31124753_25.out:    Running contrast 31/1132
deg_analysis_31124753_25.out:    Running contrast 36/1132
deg_analysis_31124753_25.out:    Running contrast 41/1132
deg_analysis_31124753_25.out:    Running contrast 46/1132
deg_analysis_31124753_25.out:    Running contrast 51/1132
deg_analysis_31124753_25.out:    Running contrast 56/1132
deg_analysis_31124753_25.out:    Running contrast 61/1132
deg_analysis_31124753_25.out:    Running contrast 66/1132
deg_analysis_31124753_25.out:    Running contrast 71/1132
deg_analysis_31124753_25.out:    Running contrast 76/1132
deg_analysis_31124753_25.out:    Running contrast 81/1132
deg_analysis_31124753_25.out:    Running contrast 86/1132
deg_analysis_31124753_25.out:    Running contrast 91/1132
deg_analysis_31124753_25.out:    Running contrast 96/1132
deg_analysis_31124753_25.out:    Running contrast 101/1132
deg_analysis_31124753_25.out:    Running contrast 106/1132
deg_analysis_31124753_25.out:    Running contrast 111/1132
deg_analysis_31124753_25.out:    Running contrast 116/1132
deg_analysis_31124753_25.out:    Running contrast 121/1132
deg_analysis_31124753_25.out:    Running contrast 126/1132
deg_analysis_31124753_25.out:    Running contrast 131/1132
deg_analysis_31124753_25.out:    Running contrast 136/1132
deg_analysis_31124753_25.out:    Running contrast 141/1132
deg_analysis_31124753_25.out:    Running contrast 146/1132
deg_analysis_31124753_25.out:    Running contrast 151/1132
deg_analysis_31124753_25.out:    Running contrast 156/1132
deg_analysis_31124753_25.out:    Running contrast 161/1132
deg_analysis_31124753_25.out:    Running contrast 166/1132
deg_analysis_31124753_25.out:    Running contrast 171/1132
deg_analysis_31124753_25.out:    Running contrast 176/1132
deg_analysis_31124753_25.out:    Running contrast 181/1132
deg_analysis_31124753_25.out:    Running contrast 186/1132
deg_analysis_31124753_25.out:    Running contrast 191/1132
deg_analysis_31124753_25.out:    Running contrast 196/1132
deg_analysis_31124753_25.out:    Running contrast 201/1132
deg_analysis_31124753_25.out:    Running contrast 206/1132
deg_analysis_31124753_25.out:    Running contrast 211/1132
deg_analysis_31124753_25.out:    Running contrast 216/1132
deg_analysis_31124753_25.out:    Running contrast 221/1132
deg_analysis_31124753_25.out:    Running contrast 226/1132
deg_analysis_31124753_25.out:    Running contrast 231/1132
deg_analysis_31124753_25.out:    Running contrast 236/1132
deg_analysis_31124753_25.out:    Running contrast 241/1132
deg_analysis_31124753_25.out:    Running contrast 246/1132
deg_analysis_31124753_25.out:    Running contrast 251/1132
deg_analysis_31124753_25.out:    Running contrast 256/1132
deg_analysis_31124753_25.out:    Running contrast 261/1132
deg_analysis_31124753_25.out:    Running contrast 266/1132
deg_analysis_31124753_25.out:    Running contrast 271/1132
deg_analysis_31124753_25.out:    Running contrast 276/1132
deg_analysis_31124753_25.out:    Running contrast 281/1132
deg_analysis_31124753_25.out:    Running contrast 286/1132
deg_analysis_31124753_25.out:    Running contrast 291/1132
deg_analysis_31124753_25.out:    Running contrast 296/1132
deg_analysis_31124753_25.out:    Running contrast 301/1132
deg_analysis_31124753_25.out:    Running contrast 306/1132
deg_analysis_31124753_25.out:    Running contrast 311/1132
deg_analysis_31124753_25.out:    Running contrast 316/1132
deg_analysis_31124753_25.out:    Running contrast 321/1132
deg_analysis_31124753_25.out:    Running contrast 326/1132
deg_analysis_31124753_25.out:    Running contrast 331/1132
deg_analysis_31124753_25.out:    Running contrast 336/1132
deg_analysis_31124753_25.out:    Running contrast 341/1132
deg_analysis_31124753_25.out:    Running contrast 346/1132
deg_analysis_31124753_25.out:    Running contrast 351/1132
deg_analysis_31124753_25.out:    Running contrast 356/1132
deg_analysis_31124753_25.out:    Running contrast 361/1132
deg_analysis_31124753_25.out:    Running contrast 366/1132
deg_analysis_31124753_25.out:    Running contrast 371/1132
deg_analysis_31124753_25.out:    Running contrast 376/1132
deg_analysis_31124753_25.out:    Running contrast 381/1132
deg_analysis_31124753_25.out:    Running contrast 386/1132
deg_analysis_31124753_25.out:    Running contrast 391/1132
deg_analysis_31124753_25.out:    Running contrast 396/1132
deg_analysis_31124753_25.out:    Running contrast 401/1132
deg_analysis_31124753_25.out:    Running contrast 406/1132
deg_analysis_31124753_25.out:    Running contrast 411/1132
deg_analysis_31124753_25.out:    Running contrast 416/1132
deg_analysis_31124753_25.out:    Running contrast 421/1132
deg_analysis_31124753_25.out:    Running contrast 426/1132
deg_analysis_31124753_25.out:    Running contrast 431/1132
deg_analysis_31124753_25.out:    Running contrast 436/1132
deg_analysis_31124753_25.out:    Running contrast 441/1132
deg_analysis_31124753_25.out:    Running contrast 446/1132
deg_analysis_31124753_25.out:    Running contrast 451/1132
deg_analysis_31124753_25.out:    Running contrast 456/1132
deg_analysis_31124753_25.out:    Running contrast 461/1132
deg_analysis_31124753_25.out:    Running contrast 466/1132
deg_analysis_31124753_25.out:    Running contrast 471/1132
deg_analysis_31124753_25.out:    Running contrast 476/1132
deg_analysis_31124753_25.out:    Running contrast 481/1132
deg_analysis_31124753_25.out:    Running contrast 486/1132
deg_analysis_31124753_25.out:    Running contrast 491/1132
deg_analysis_31124753_25.out:    Running contrast 496/1132
deg_analysis_31124753_25.out:    Running contrast 501/1132
deg_analysis_31124753_25.out:    Running contrast 506/1132
deg_analysis_31124753_25.out:    Running contrast 511/1132
deg_analysis_31124753_25.out:    Running contrast 516/1132
deg_analysis_31124753_25.out:    Running contrast 521/1132
deg_analysis_31124753_25.out:    Running contrast 526/1132
deg_analysis_31124753_25.out:    Running contrast 531/1132
deg_analysis_31124753_25.out:    Running contrast 536/1132
deg_analysis_31124753_25.out:    Running contrast 541/1132
deg_analysis_31124753_25.out:    Running contrast 546/1132
deg_analysis_31124753_25.out:    Running contrast 551/1132
deg_analysis_31124753_25.out:    Running contrast 556/1132
deg_analysis_31124753_25.out:    Running contrast 561/1132
deg_analysis_31124753_25.out:    Running contrast 566/1132
deg_analysis_31124753_25.out:    Running contrast 571/1132
deg_analysis_31124753_25.out:    Running contrast 576/1132
deg_analysis_31124753_25.out:    Running contrast 581/1132
deg_analysis_31124753_25.out:    Running contrast 586/1132
deg_analysis_31124753_25.out:    Running contrast 591/1132
deg_analysis_31124753_25.out:    Running contrast 596/1132
deg_analysis_31124753_25.out:    Running contrast 601/1132
deg_analysis_31124753_25.out:    Running contrast 606/1132
deg_analysis_31124753_25.out:    Running contrast 611/1132
deg_analysis_31124753_25.out:    Running contrast 616/1132
deg_analysis_31124753_25.out:    Running contrast 621/1132
deg_analysis_31124753_25.out:    Running contrast 626/1132
deg_analysis_31124753_25.out:    Running contrast 631/1132
deg_analysis_31124753_25.out:    Running contrast 636/1132
deg_analysis_31124753_25.out:    Running contrast 641/1132
deg_analysis_31124753_25.out:    Running contrast 646/1132
deg_analysis_31124753_25.out:    Running contrast 651/1132
deg_analysis_31124753_25.out:    Running contrast 656/1132
deg_analysis_31124753_25.out:    Running contrast 661/1132
deg_analysis_31124753_25.out:    Running contrast 666/1132
deg_analysis_31124753_25.out:    Running contrast 671/1132
deg_analysis_31124753_25.out:    Running contrast 676/1132
deg_analysis_31124753_25.out:    Running contrast 681/1132
deg_analysis_31124753_25.out:    Running contrast 686/1132
deg_analysis_31124753_25.out:    Running contrast 691/1132
deg_analysis_31124753_25.out:    Running contrast 696/1132
deg_analysis_31124753_25.out:    Running contrast 701/1132
deg_analysis_31124753_25.out:    Running contrast 706/1132
deg_analysis_31124753_25.out:    Running contrast 711/1132
deg_analysis_31124753_25.out:    Running contrast 716/1132
deg_analysis_31124753_25.out:    Running contrast 721/1132
deg_analysis_31124753_25.out:    Running contrast 726/1132
deg_analysis_31124753_25.out:    Running contrast 731/1132
deg_analysis_31124753_25.out:    Running contrast 736/1132
deg_analysis_31124753_25.out:    Running contrast 741/1132
deg_analysis_31124753_25.out:    Running contrast 746/1132
deg_analysis_31124753_25.out:    Running contrast 751/1132
deg_analysis_31124753_25.out:    Running contrast 756/1132
deg_analysis_31124753_25.out:    Running contrast 761/1132
deg_analysis_31124753_25.out:    Running contrast 766/1132
deg_analysis_31124753_25.out:    Running contrast 771/1132
deg_analysis_31124753_25.out:    Running contrast 776/1132
deg_analysis_31124753_25.out:    Running contrast 781/1132
deg_analysis_31124753_25.out:    Running contrast 786/1132
deg_analysis_31124753_25.out:    Running contrast 791/1132
deg_analysis_31124753_25.out:    Running contrast 796/1132
deg_analysis_31124753_25.out:    Running contrast 801/1132
deg_analysis_31124753_25.out:    Running contrast 806/1132
deg_analysis_31124753_25.out:    Running contrast 811/1132
deg_analysis_31124753_25.out:    Running contrast 816/1132
deg_analysis_31124753_25.out:    Running contrast 821/1132
deg_analysis_31124753_25.out:    Running contrast 826/1132
deg_analysis_31124753_25.out:    Running contrast 831/1132
deg_analysis_31124753_25.out:    Running contrast 836/1132
deg_analysis_31124753_25.out:    Running contrast 841/1132
deg_analysis_31124753_25.out:    Running contrast 846/1132
deg_analysis_31124753_25.out:    Running contrast 851/1132
deg_analysis_31124753_25.out:    Running contrast 856/1132
deg_analysis_31124753_25.out:    Running contrast 861/1132
deg_analysis_31124753_25.out:    Running contrast 866/1132
deg_analysis_31124753_25.out:    Running contrast 871/1132
deg_analysis_31124753_25.out:    Running contrast 876/1132
deg_analysis_31124753_25.out:    Running contrast 881/1132
deg_analysis_31124753_25.out:    Running contrast 886/1132
deg_analysis_31124753_25.out:    Running contrast 891/1132
deg_analysis_31124753_25.out:    Running contrast 896/1132
deg_analysis_31124753_25.out:    Running contrast 901/1132
deg_analysis_31124753_25.out:    Running contrast 906/1132
deg_analysis_31124753_25.out:    Running contrast 911/1132
deg_analysis_31124753_25.out:    Running contrast 916/1132
deg_analysis_31124753_25.out:    Running contrast 921/1132
deg_analysis_31124753_25.out:    Running contrast 926/1132
deg_analysis_31124753_25.out:    Running contrast 931/1132
deg_analysis_31124753_25.out:    Running contrast 936/1132
deg_analysis_31124753_25.out:    Running contrast 941/1132
deg_analysis_31124753_25.out:    Running contrast 946/1132
deg_analysis_31124753_25.out:    Running contrast 951/1132
deg_analysis_31124753_25.out:    Running contrast 956/1132
deg_analysis_31124753_25.out:    Running contrast 961/1132
deg_analysis_31124753_25.out:    Running contrast 966/1132
deg_analysis_31124753_25.out:    Running contrast 971/1132
deg_analysis_31124753_25.out:    Running contrast 976/1132
deg_analysis_31124753_25.out:    Running contrast 981/1132
deg_analysis_31124753_25.out:    Running contrast 986/1132
deg_analysis_31124753_25.out:    Running contrast 991/1132
deg_analysis_31124753_25.out:    Running contrast 996/1132
deg_analysis_31124753_25.out:    Running contrast 1001/1132
deg_analysis_31124753_25.out:    Running contrast 1006/1132
deg_analysis_31124753_25.out:    Running contrast 1011/1132
deg_analysis_31124753_25.out:    Running contrast 1016/1132
deg_analysis_31124753_25.out:    Running contrast 1021/1132
deg_analysis_31124753_25.out:    Running contrast 1026/1132
deg_analysis_31124753_25.out:    Running contrast 1031/1132
deg_analysis_31124753_25.out:    Running contrast 1036/1132
deg_analysis_31124753_25.out:    Running contrast 1041/1132
deg_analysis_31124753_25.out:    Running contrast 1046/1132
deg_analysis_31124753_25.out:    Running contrast 1051/1132
deg_analysis_31124753_25.out:    Running contrast 1056/1132
deg_analysis_31124753_25.out:    Running contrast 1061/1132
deg_analysis_31124753_25.out:    Running contrast 1066/1132
deg_analysis_31124753_25.out:    Running contrast 1071/1132
deg_analysis_31124753_25.out:    Running contrast 1076/1132
deg_analysis_31124753_25.out:    Running contrast 1081/1132
deg_analysis_31124753_25.out:    Running contrast 1086/1132
deg_analysis_31124753_25.out:    Running contrast 1091/1132
deg_analysis_31124753_25.out:    Running contrast 1096/1132
deg_analysis_31124753_25.out:    Running contrast 1101/1132
deg_analysis_31124753_25.out:    Running contrast 1106/1132
deg_analysis_31124753_25.out:    Running contrast 1111/1132
deg_analysis_31124753_25.out:    Running contrast 1116/1132
deg_analysis_31124753_25.out:    Running contrast 1121/1132
deg_analysis_31124753_25.out:    Running contrast 1126/1132
deg_analysis_31124753_25.out:    Running contrast 1131/1132
deg_analysis_31124753_25.out:    Running contrast 1132/1132
deg_analysis_31124753_25.out:
deg_analysis_31124753_25.out:    Writing:  ./data/tahoe/deg_data/group_rep/full/qc_false/filter_min_cells_50/CVCL_1094_de.h5ad 
deg_analysis_31124753_25.out:
deg_analysis_31124753_25.out:    Rewriting h5ad file: ./data/tahoe/deg_data/group_rep/full/qc_false/filter_min_cells_50/CVCL_1094_de.h5ad 
deg_analysis_31124753_25.out:    Removed X matrix
deg_analysis_31124753_25.out:    Rewriting h5ad file is done!
deg_analysis_31124753_25.out:✓ Cell line completed in 5563.2 seconds
deg_analysis_31124753_25.out:
deg_analysis_31124753_25.out:DE analysis completed!
deg_analysis_31124753_25.out:
deg_analysis_31124753_25.out:Total runtime: 5582.3 seconds
deg_analysis_31124753_26.out:
deg_analysis_31124753_26.out:DE analysis started...
deg_analysis_31124753_26.out:Loaded input file:  ./data/tahoe/pseudobulk_processed/group_rep/by_celltype/CVCL_1097_processed.h5ad 
deg_analysis_31124753_26.out:Initial dimensions:  1341  samples ×  62710  genes
deg_analysis_31124753_26.out:Filter samples with the low number of cells
deg_analysis_31124753_26.out:    Filter threshold (min_cells):  50 
deg_analysis_31124753_26.out:    n_obs:  1341 -->  1329 
deg_analysis_31124753_26.out:
deg_analysis_31124753_26.out:▶︎ Processing cell_type  1 / 1 :  CVCL_1097 
deg_analysis_31124753_26.out:    Filter controls by  pert_time_h  column
deg_analysis_31124753_26.out:        n_obs:  1329 -->  1329 
deg_analysis_31124753_26.out:
deg_analysis_31124753_26.out:    Running contrast 1/1132
deg_analysis_31124753_26.out:    Running contrast 6/1132
deg_analysis_31124753_26.out:    Running contrast 11/1132
deg_analysis_31124753_26.out:    Running contrast 16/1132
deg_analysis_31124753_26.out:    Running contrast 21/1132
deg_analysis_31124753_26.out:    Running contrast 26/1132
deg_analysis_31124753_26.out:    Running contrast 31/1132
deg_analysis_31124753_26.out:    Running contrast 36/1132
deg_analysis_31124753_26.out:    Running contrast 41/1132
deg_analysis_31124753_26.out:    Running contrast 46/1132
deg_analysis_31124753_26.out:    Running contrast 51/1132
deg_analysis_31124753_26.out:    Running contrast 56/1132
deg_analysis_31124753_26.out:    Running contrast 61/1132
deg_analysis_31124753_26.out:    Running contrast 66/1132
deg_analysis_31124753_26.out:    Running contrast 71/1132
deg_analysis_31124753_26.out:    Running contrast 76/1132
deg_analysis_31124753_26.out:    Running contrast 81/1132
deg_analysis_31124753_26.out:    Running contrast 86/1132
deg_analysis_31124753_26.out:    Running contrast 91/1132
deg_analysis_31124753_26.out:    Running contrast 96/1132
deg_analysis_31124753_26.out:    Running contrast 101/1132
deg_analysis_31124753_26.out:    Running contrast 106/1132
deg_analysis_31124753_26.out:    Running contrast 111/1132
deg_analysis_31124753_26.out:    Running contrast 116/1132
deg_analysis_31124753_26.out:    Running contrast 121/1132
deg_analysis_31124753_26.out:    Running contrast 126/1132
deg_analysis_31124753_26.out:    Running contrast 131/1132
deg_analysis_31124753_26.out:    Running contrast 136/1132
deg_analysis_31124753_26.out:    Running contrast 141/1132
deg_analysis_31124753_26.out:    Running contrast 146/1132
deg_analysis_31124753_26.out:    Running contrast 151/1132
deg_analysis_31124753_26.out:    Running contrast 156/1132
deg_analysis_31124753_26.out:    Running contrast 161/1132
deg_analysis_31124753_26.out:    Running contrast 166/1132
deg_analysis_31124753_26.out:    Running contrast 171/1132
deg_analysis_31124753_26.out:    Running contrast 176/1132
deg_analysis_31124753_26.out:    Running contrast 181/1132
deg_analysis_31124753_26.out:    Running contrast 186/1132
deg_analysis_31124753_26.out:    Running contrast 191/1132
deg_analysis_31124753_26.out:    Running contrast 196/1132
deg_analysis_31124753_26.out:    Running contrast 201/1132
deg_analysis_31124753_26.out:    Running contrast 206/1132
deg_analysis_31124753_26.out:    Running contrast 211/1132
deg_analysis_31124753_26.out:    Running contrast 216/1132
deg_analysis_31124753_26.out:    Running contrast 221/1132
deg_analysis_31124753_26.out:    Running contrast 226/1132
deg_analysis_31124753_26.out:    Running contrast 231/1132
deg_analysis_31124753_26.out:    Running contrast 236/1132
deg_analysis_31124753_26.out:    Running contrast 241/1132
deg_analysis_31124753_26.out:    Running contrast 246/1132
deg_analysis_31124753_26.out:    Running contrast 251/1132
deg_analysis_31124753_26.out:    Running contrast 256/1132
deg_analysis_31124753_26.out:    Running contrast 261/1132
deg_analysis_31124753_26.out:    Running contrast 266/1132
deg_analysis_31124753_26.out:    Running contrast 271/1132
deg_analysis_31124753_26.out:    Running contrast 276/1132
deg_analysis_31124753_26.out:    Running contrast 281/1132
deg_analysis_31124753_26.out:    Running contrast 286/1132
deg_analysis_31124753_26.out:    Running contrast 291/1132
deg_analysis_31124753_26.out:    Running contrast 296/1132
deg_analysis_31124753_26.out:    Running contrast 301/1132
deg_analysis_31124753_26.out:    Running contrast 306/1132
deg_analysis_31124753_26.out:    Running contrast 311/1132
deg_analysis_31124753_26.out:    Running contrast 316/1132
deg_analysis_31124753_26.out:    Running contrast 321/1132
deg_analysis_31124753_26.out:    Running contrast 326/1132
deg_analysis_31124753_26.out:    Running contrast 331/1132
deg_analysis_31124753_26.out:    Running contrast 336/1132
deg_analysis_31124753_26.out:    Running contrast 341/1132
deg_analysis_31124753_26.out:    Running contrast 346/1132
deg_analysis_31124753_26.out:    Running contrast 351/1132
deg_analysis_31124753_26.out:    Running contrast 356/1132
deg_analysis_31124753_26.out:    Running contrast 361/1132
deg_analysis_31124753_26.out:    Running contrast 366/1132
deg_analysis_31124753_26.out:    Running contrast 371/1132
deg_analysis_31124753_26.out:    Running contrast 376/1132
deg_analysis_31124753_26.out:    Running contrast 381/1132
deg_analysis_31124753_26.out:    Running contrast 386/1132
deg_analysis_31124753_26.out:    Running contrast 391/1132
deg_analysis_31124753_26.out:    Running contrast 396/1132
deg_analysis_31124753_26.out:    Running contrast 401/1132
deg_analysis_31124753_26.out:    Running contrast 406/1132
deg_analysis_31124753_26.out:    Running contrast 411/1132
deg_analysis_31124753_26.out:    Running contrast 416/1132
deg_analysis_31124753_26.out:    Running contrast 421/1132
deg_analysis_31124753_26.out:    Running contrast 426/1132
deg_analysis_31124753_26.out:    Running contrast 431/1132
deg_analysis_31124753_26.out:    Running contrast 436/1132
deg_analysis_31124753_26.out:    Running contrast 441/1132
deg_analysis_31124753_26.out:    Running contrast 446/1132
deg_analysis_31124753_26.out:    Running contrast 451/1132
deg_analysis_31124753_26.out:    Running contrast 456/1132
deg_analysis_31124753_26.out:    Running contrast 461/1132
deg_analysis_31124753_26.out:    Running contrast 466/1132
deg_analysis_31124753_26.out:    Running contrast 471/1132
deg_analysis_31124753_26.out:    Running contrast 476/1132
deg_analysis_31124753_26.out:    Running contrast 481/1132
deg_analysis_31124753_26.out:    Running contrast 486/1132
deg_analysis_31124753_26.out:    Running contrast 491/1132
deg_analysis_31124753_26.out:    Running contrast 496/1132
deg_analysis_31124753_26.out:    Running contrast 501/1132
deg_analysis_31124753_26.out:    Running contrast 506/1132
deg_analysis_31124753_26.out:    Running contrast 511/1132
deg_analysis_31124753_26.out:    Running contrast 516/1132
deg_analysis_31124753_26.out:    Running contrast 521/1132
deg_analysis_31124753_26.out:    Running contrast 526/1132
deg_analysis_31124753_26.out:    Running contrast 531/1132
deg_analysis_31124753_26.out:    Running contrast 536/1132
deg_analysis_31124753_26.out:    Running contrast 541/1132
deg_analysis_31124753_26.out:    Running contrast 546/1132
deg_analysis_31124753_26.out:    Running contrast 551/1132
deg_analysis_31124753_26.out:    Running contrast 556/1132
deg_analysis_31124753_26.out:    Running contrast 561/1132
deg_analysis_31124753_26.out:    Running contrast 566/1132
deg_analysis_31124753_26.out:    Running contrast 571/1132
deg_analysis_31124753_26.out:    Running contrast 576/1132
deg_analysis_31124753_26.out:    Running contrast 581/1132
deg_analysis_31124753_26.out:    Running contrast 586/1132
deg_analysis_31124753_26.out:    Running contrast 591/1132
deg_analysis_31124753_26.out:    Running contrast 596/1132
deg_analysis_31124753_26.out:    Running contrast 601/1132
deg_analysis_31124753_26.out:    Running contrast 606/1132
deg_analysis_31124753_26.out:    Running contrast 611/1132
deg_analysis_31124753_26.out:    Running contrast 616/1132
deg_analysis_31124753_26.out:    Running contrast 621/1132
deg_analysis_31124753_26.out:    Running contrast 626/1132
deg_analysis_31124753_26.out:    Running contrast 631/1132
deg_analysis_31124753_26.out:    Running contrast 636/1132
deg_analysis_31124753_26.out:    Running contrast 641/1132
deg_analysis_31124753_26.out:    Running contrast 646/1132
deg_analysis_31124753_26.out:    Running contrast 651/1132
deg_analysis_31124753_26.out:    Running contrast 656/1132
deg_analysis_31124753_26.out:    Running contrast 661/1132
deg_analysis_31124753_26.out:    Running contrast 666/1132
deg_analysis_31124753_26.out:    Running contrast 671/1132
deg_analysis_31124753_26.out:    Running contrast 676/1132
deg_analysis_31124753_26.out:    Running contrast 681/1132
deg_analysis_31124753_26.out:    Running contrast 686/1132
deg_analysis_31124753_26.out:    Running contrast 691/1132
deg_analysis_31124753_26.out:    Running contrast 696/1132
deg_analysis_31124753_26.out:    Running contrast 701/1132
deg_analysis_31124753_26.out:    Running contrast 706/1132
deg_analysis_31124753_26.out:    Running contrast 711/1132
deg_analysis_31124753_26.out:    Running contrast 716/1132
deg_analysis_31124753_26.out:    Running contrast 721/1132
deg_analysis_31124753_26.out:    Running contrast 726/1132
deg_analysis_31124753_26.out:    Running contrast 731/1132
deg_analysis_31124753_26.out:    Running contrast 736/1132
deg_analysis_31124753_26.out:    Running contrast 741/1132
deg_analysis_31124753_26.out:    Running contrast 746/1132
deg_analysis_31124753_26.out:    Running contrast 751/1132
deg_analysis_31124753_26.out:    Running contrast 756/1132
deg_analysis_31124753_26.out:    Running contrast 761/1132
deg_analysis_31124753_26.out:    Running contrast 766/1132
deg_analysis_31124753_26.out:    Running contrast 771/1132
deg_analysis_31124753_26.out:    Running contrast 776/1132
deg_analysis_31124753_26.out:    Running contrast 781/1132
deg_analysis_31124753_26.out:    Running contrast 786/1132
deg_analysis_31124753_26.out:    Running contrast 791/1132
deg_analysis_31124753_26.out:    Running contrast 796/1132
deg_analysis_31124753_26.out:    Running contrast 801/1132
deg_analysis_31124753_26.out:    Running contrast 806/1132
deg_analysis_31124753_26.out:    Running contrast 811/1132
deg_analysis_31124753_26.out:    Running contrast 816/1132
deg_analysis_31124753_26.out:    Running contrast 821/1132
deg_analysis_31124753_26.out:    Running contrast 826/1132
deg_analysis_31124753_26.out:    Running contrast 831/1132
deg_analysis_31124753_26.out:    Running contrast 836/1132
deg_analysis_31124753_26.out:    Running contrast 841/1132
deg_analysis_31124753_26.out:    Running contrast 846/1132
deg_analysis_31124753_26.out:    Running contrast 851/1132
deg_analysis_31124753_26.out:    Running contrast 856/1132
deg_analysis_31124753_26.out:    Running contrast 861/1132
deg_analysis_31124753_26.out:    Running contrast 866/1132
deg_analysis_31124753_26.out:    Running contrast 871/1132
deg_analysis_31124753_26.out:    Running contrast 876/1132
deg_analysis_31124753_26.out:    Running contrast 881/1132
deg_analysis_31124753_26.out:    Running contrast 886/1132
deg_analysis_31124753_26.out:    Running contrast 891/1132
deg_analysis_31124753_26.out:    Running contrast 896/1132
deg_analysis_31124753_26.out:    Running contrast 901/1132
deg_analysis_31124753_26.out:    Running contrast 906/1132
deg_analysis_31124753_26.out:    Running contrast 911/1132
deg_analysis_31124753_26.out:    Running contrast 916/1132
deg_analysis_31124753_26.out:    Running contrast 921/1132
deg_analysis_31124753_26.out:    Running contrast 926/1132
deg_analysis_31124753_26.out:    Running contrast 931/1132
deg_analysis_31124753_26.out:    Running contrast 936/1132
deg_analysis_31124753_26.out:    Running contrast 941/1132
deg_analysis_31124753_26.out:    Running contrast 946/1132
deg_analysis_31124753_26.out:    Running contrast 951/1132
deg_analysis_31124753_26.out:    Running contrast 956/1132
deg_analysis_31124753_26.out:    Running contrast 961/1132
deg_analysis_31124753_26.out:    Running contrast 966/1132
deg_analysis_31124753_26.out:    Running contrast 971/1132
deg_analysis_31124753_26.out:    Running contrast 976/1132
deg_analysis_31124753_26.out:    Running contrast 981/1132
deg_analysis_31124753_26.out:    Running contrast 986/1132
deg_analysis_31124753_26.out:    Running contrast 991/1132
deg_analysis_31124753_26.out:    Running contrast 996/1132
deg_analysis_31124753_26.out:    Running contrast 1001/1132
deg_analysis_31124753_26.out:    Running contrast 1006/1132
deg_analysis_31124753_26.out:    Running contrast 1011/1132
deg_analysis_31124753_26.out:    Running contrast 1016/1132
deg_analysis_31124753_26.out:    Running contrast 1021/1132
deg_analysis_31124753_26.out:    Running contrast 1026/1132
deg_analysis_31124753_26.out:    Running contrast 1031/1132
deg_analysis_31124753_26.out:    Running contrast 1036/1132
deg_analysis_31124753_26.out:    Running contrast 1041/1132
deg_analysis_31124753_26.out:    Running contrast 1046/1132
deg_analysis_31124753_26.out:    Running contrast 1051/1132
deg_analysis_31124753_26.out:    Running contrast 1056/1132
deg_analysis_31124753_26.out:    Running contrast 1061/1132
deg_analysis_31124753_26.out:    Running contrast 1066/1132
deg_analysis_31124753_26.out:    Running contrast 1071/1132
deg_analysis_31124753_26.out:    Running contrast 1076/1132
deg_analysis_31124753_26.out:    Running contrast 1081/1132
deg_analysis_31124753_26.out:    Running contrast 1086/1132
deg_analysis_31124753_26.out:    Running contrast 1091/1132
deg_analysis_31124753_26.out:    Running contrast 1096/1132
deg_analysis_31124753_26.out:    Running contrast 1101/1132
deg_analysis_31124753_26.out:    Running contrast 1106/1132
deg_analysis_31124753_26.out:    Running contrast 1111/1132
deg_analysis_31124753_26.out:    Running contrast 1116/1132
deg_analysis_31124753_26.out:    Running contrast 1121/1132
deg_analysis_31124753_26.out:    Running contrast 1126/1132
deg_analysis_31124753_26.out:    Running contrast 1131/1132
deg_analysis_31124753_26.out:    Running contrast 1132/1132
deg_analysis_31124753_26.out:
deg_analysis_31124753_26.out:    Writing:  ./data/tahoe/deg_data/group_rep/full/qc_false/filter_min_cells_50/CVCL_1097_de.h5ad 
deg_analysis_31124753_26.out:
deg_analysis_31124753_26.out:    Rewriting h5ad file: ./data/tahoe/deg_data/group_rep/full/qc_false/filter_min_cells_50/CVCL_1097_de.h5ad 
deg_analysis_31124753_26.out:    Removed X matrix
deg_analysis_31124753_26.out:    Rewriting h5ad file is done!
deg_analysis_31124753_26.out:✓ Cell line completed in 7789.4 seconds
deg_analysis_31124753_26.out:
deg_analysis_31124753_26.out:DE analysis completed!
deg_analysis_31124753_26.out:
deg_analysis_31124753_26.out:Total runtime: 7832.5 seconds
deg_analysis_31124753_27.out:
deg_analysis_31124753_27.out:DE analysis started...
deg_analysis_31124753_27.out:Loaded input file:  ./data/tahoe/pseudobulk_processed/group_rep/by_celltype/CVCL_1098_processed.h5ad 
deg_analysis_31124753_27.out:Initial dimensions:  1342  samples ×  62710  genes
deg_analysis_31124753_27.out:Filter samples with the low number of cells
deg_analysis_31124753_27.out:    Filter threshold (min_cells):  50 
deg_analysis_31124753_27.out:    n_obs:  1342 -->  1329 
deg_analysis_31124753_27.out:
deg_analysis_31124753_27.out:▶︎ Processing cell_type  1 / 1 :  CVCL_1098 
deg_analysis_31124753_27.out:    Filter controls by  pert_time_h  column
deg_analysis_31124753_27.out:        n_obs:  1329 -->  1329 
deg_analysis_31124753_27.out:
deg_analysis_31124753_27.out:    Running contrast 1/1132
deg_analysis_31124753_27.out:    Running contrast 6/1132
deg_analysis_31124753_27.out:    Running contrast 11/1132
deg_analysis_31124753_27.out:    Running contrast 16/1132
deg_analysis_31124753_27.out:    Running contrast 21/1132
deg_analysis_31124753_27.out:    Running contrast 26/1132
deg_analysis_31124753_27.out:    Running contrast 31/1132
deg_analysis_31124753_27.out:    Running contrast 36/1132
deg_analysis_31124753_27.out:    Running contrast 41/1132
deg_analysis_31124753_27.out:    Running contrast 46/1132
deg_analysis_31124753_27.out:    Running contrast 51/1132
deg_analysis_31124753_27.out:    Running contrast 56/1132
deg_analysis_31124753_27.out:    Running contrast 61/1132
deg_analysis_31124753_27.out:    Running contrast 66/1132
deg_analysis_31124753_27.out:    Running contrast 71/1132
deg_analysis_31124753_27.out:    Running contrast 76/1132
deg_analysis_31124753_27.out:    Running contrast 81/1132
deg_analysis_31124753_27.out:    Running contrast 86/1132
deg_analysis_31124753_27.out:    Running contrast 91/1132
deg_analysis_31124753_27.out:    Running contrast 96/1132
deg_analysis_31124753_27.out:    Running contrast 101/1132
deg_analysis_31124753_27.out:    Running contrast 106/1132
deg_analysis_31124753_27.out:    Running contrast 111/1132
deg_analysis_31124753_27.out:    Running contrast 116/1132
deg_analysis_31124753_27.out:    Running contrast 121/1132
deg_analysis_31124753_27.out:    Running contrast 126/1132
deg_analysis_31124753_27.out:    Running contrast 131/1132
deg_analysis_31124753_27.out:    Running contrast 136/1132
deg_analysis_31124753_27.out:    Running contrast 141/1132
deg_analysis_31124753_27.out:    Running contrast 146/1132
deg_analysis_31124753_27.out:    Running contrast 151/1132
deg_analysis_31124753_27.out:    Running contrast 156/1132
deg_analysis_31124753_27.out:    Running contrast 161/1132
deg_analysis_31124753_27.out:    Running contrast 166/1132
deg_analysis_31124753_27.out:    Running contrast 171/1132
deg_analysis_31124753_27.out:    Running contrast 176/1132
deg_analysis_31124753_27.out:    Running contrast 181/1132
deg_analysis_31124753_27.out:    Running contrast 186/1132
deg_analysis_31124753_27.out:    Running contrast 191/1132
deg_analysis_31124753_27.out:    Running contrast 196/1132
deg_analysis_31124753_27.out:    Running contrast 201/1132
deg_analysis_31124753_27.out:    Running contrast 206/1132
deg_analysis_31124753_27.out:    Running contrast 211/1132
deg_analysis_31124753_27.out:    Running contrast 216/1132
deg_analysis_31124753_27.out:    Running contrast 221/1132
deg_analysis_31124753_27.out:    Running contrast 226/1132
deg_analysis_31124753_27.out:    Running contrast 231/1132
deg_analysis_31124753_27.out:    Running contrast 236/1132
deg_analysis_31124753_27.out:    Running contrast 241/1132
deg_analysis_31124753_27.out:    Running contrast 246/1132
deg_analysis_31124753_27.out:    Running contrast 251/1132
deg_analysis_31124753_27.out:    Running contrast 256/1132
deg_analysis_31124753_27.out:    Running contrast 261/1132
deg_analysis_31124753_27.out:    Running contrast 266/1132
deg_analysis_31124753_27.out:    Running contrast 271/1132
deg_analysis_31124753_27.out:    Running contrast 276/1132
deg_analysis_31124753_27.out:    Running contrast 281/1132
deg_analysis_31124753_27.out:    Running contrast 286/1132
deg_analysis_31124753_27.out:    Running contrast 291/1132
deg_analysis_31124753_27.out:    Running contrast 296/1132
deg_analysis_31124753_27.out:    Running contrast 301/1132
deg_analysis_31124753_27.out:    Running contrast 306/1132
deg_analysis_31124753_27.out:    Running contrast 311/1132
deg_analysis_31124753_27.out:    Running contrast 316/1132
deg_analysis_31124753_27.out:    Running contrast 321/1132
deg_analysis_31124753_27.out:    Running contrast 326/1132
deg_analysis_31124753_27.out:    Running contrast 331/1132
deg_analysis_31124753_27.out:    Running contrast 336/1132
deg_analysis_31124753_27.out:    Running contrast 341/1132
deg_analysis_31124753_27.out:    Running contrast 346/1132
deg_analysis_31124753_27.out:    Running contrast 351/1132
deg_analysis_31124753_27.out:    Running contrast 356/1132
deg_analysis_31124753_27.out:    Running contrast 361/1132
deg_analysis_31124753_27.out:    Running contrast 366/1132
deg_analysis_31124753_27.out:    Running contrast 371/1132
deg_analysis_31124753_27.out:    Running contrast 376/1132
deg_analysis_31124753_27.out:    Running contrast 381/1132
deg_analysis_31124753_27.out:    Running contrast 386/1132
deg_analysis_31124753_27.out:    Running contrast 391/1132
deg_analysis_31124753_27.out:    Running contrast 396/1132
deg_analysis_31124753_27.out:    Running contrast 401/1132
deg_analysis_31124753_27.out:    Running contrast 406/1132
deg_analysis_31124753_27.out:    Running contrast 411/1132
deg_analysis_31124753_27.out:    Running contrast 416/1132
deg_analysis_31124753_27.out:    Running contrast 421/1132
deg_analysis_31124753_27.out:    Running contrast 426/1132
deg_analysis_31124753_27.out:    Running contrast 431/1132
deg_analysis_31124753_27.out:    Running contrast 436/1132
deg_analysis_31124753_27.out:    Running contrast 441/1132
deg_analysis_31124753_27.out:    Running contrast 446/1132
deg_analysis_31124753_27.out:    Running contrast 451/1132
deg_analysis_31124753_27.out:    Running contrast 456/1132
deg_analysis_31124753_27.out:    Running contrast 461/1132
deg_analysis_31124753_27.out:    Running contrast 466/1132
deg_analysis_31124753_27.out:    Running contrast 471/1132
deg_analysis_31124753_27.out:    Running contrast 476/1132
deg_analysis_31124753_27.out:    Running contrast 481/1132
deg_analysis_31124753_27.out:    Running contrast 486/1132
deg_analysis_31124753_27.out:    Running contrast 491/1132
deg_analysis_31124753_27.out:    Running contrast 496/1132
deg_analysis_31124753_27.out:    Running contrast 501/1132
deg_analysis_31124753_27.out:    Running contrast 506/1132
deg_analysis_31124753_27.out:    Running contrast 511/1132
deg_analysis_31124753_27.out:    Running contrast 516/1132
deg_analysis_31124753_27.out:    Running contrast 521/1132
deg_analysis_31124753_27.out:    Running contrast 526/1132
deg_analysis_31124753_27.out:    Running contrast 531/1132
deg_analysis_31124753_27.out:    Running contrast 536/1132
deg_analysis_31124753_27.out:    Running contrast 541/1132
deg_analysis_31124753_27.out:    Running contrast 546/1132
deg_analysis_31124753_27.out:    Running contrast 551/1132
deg_analysis_31124753_27.out:    Running contrast 556/1132
deg_analysis_31124753_27.out:    Running contrast 561/1132
deg_analysis_31124753_27.out:    Running contrast 566/1132
deg_analysis_31124753_27.out:    Running contrast 571/1132
deg_analysis_31124753_27.out:    Running contrast 576/1132
deg_analysis_31124753_27.out:    Running contrast 581/1132
deg_analysis_31124753_27.out:    Running contrast 586/1132
deg_analysis_31124753_27.out:    Running contrast 591/1132
deg_analysis_31124753_27.out:    Running contrast 596/1132
deg_analysis_31124753_27.out:    Running contrast 601/1132
deg_analysis_31124753_27.out:    Running contrast 606/1132
deg_analysis_31124753_27.out:    Running contrast 611/1132
deg_analysis_31124753_27.out:    Running contrast 616/1132
deg_analysis_31124753_27.out:    Running contrast 621/1132
deg_analysis_31124753_27.out:    Running contrast 626/1132
deg_analysis_31124753_27.out:    Running contrast 631/1132
deg_analysis_31124753_27.out:    Running contrast 636/1132
deg_analysis_31124753_27.out:    Running contrast 641/1132
deg_analysis_31124753_27.out:    Running contrast 646/1132
deg_analysis_31124753_27.out:    Running contrast 651/1132
deg_analysis_31124753_27.out:    Running contrast 656/1132
deg_analysis_31124753_27.out:    Running contrast 661/1132
deg_analysis_31124753_27.out:    Running contrast 666/1132
deg_analysis_31124753_27.out:    Running contrast 671/1132
deg_analysis_31124753_27.out:    Running contrast 676/1132
deg_analysis_31124753_27.out:    Running contrast 681/1132
deg_analysis_31124753_27.out:    Running contrast 686/1132
deg_analysis_31124753_27.out:    Running contrast 691/1132
deg_analysis_31124753_27.out:    Running contrast 696/1132
deg_analysis_31124753_27.out:    Running contrast 701/1132
deg_analysis_31124753_27.out:    Running contrast 706/1132
deg_analysis_31124753_27.out:    Running contrast 711/1132
deg_analysis_31124753_27.out:    Running contrast 716/1132
deg_analysis_31124753_27.out:    Running contrast 721/1132
deg_analysis_31124753_27.out:    Running contrast 726/1132
deg_analysis_31124753_27.out:    Running contrast 731/1132
deg_analysis_31124753_27.out:    Running contrast 736/1132
deg_analysis_31124753_27.out:    Running contrast 741/1132
deg_analysis_31124753_27.out:    Running contrast 746/1132
deg_analysis_31124753_27.out:    Running contrast 751/1132
deg_analysis_31124753_27.out:    Running contrast 756/1132
deg_analysis_31124753_27.out:    Running contrast 761/1132
deg_analysis_31124753_27.out:    Running contrast 766/1132
deg_analysis_31124753_27.out:    Running contrast 771/1132
deg_analysis_31124753_27.out:    Running contrast 776/1132
deg_analysis_31124753_27.out:    Running contrast 781/1132
deg_analysis_31124753_27.out:    Running contrast 786/1132
deg_analysis_31124753_27.out:    Running contrast 791/1132
deg_analysis_31124753_27.out:    Running contrast 796/1132
deg_analysis_31124753_27.out:    Running contrast 801/1132
deg_analysis_31124753_27.out:    Running contrast 806/1132
deg_analysis_31124753_27.out:    Running contrast 811/1132
deg_analysis_31124753_27.out:    Running contrast 816/1132
deg_analysis_31124753_27.out:    Running contrast 821/1132
deg_analysis_31124753_27.out:    Running contrast 826/1132
deg_analysis_31124753_27.out:    Running contrast 831/1132
deg_analysis_31124753_27.out:    Running contrast 836/1132
deg_analysis_31124753_27.out:    Running contrast 841/1132
deg_analysis_31124753_27.out:    Running contrast 846/1132
deg_analysis_31124753_27.out:    Running contrast 851/1132
deg_analysis_31124753_27.out:    Running contrast 856/1132
deg_analysis_31124753_27.out:    Running contrast 861/1132
deg_analysis_31124753_27.out:    Running contrast 866/1132
deg_analysis_31124753_27.out:    Running contrast 871/1132
deg_analysis_31124753_27.out:    Running contrast 876/1132
deg_analysis_31124753_27.out:    Running contrast 881/1132
deg_analysis_31124753_27.out:    Running contrast 886/1132
deg_analysis_31124753_27.out:    Running contrast 891/1132
deg_analysis_31124753_27.out:    Running contrast 896/1132
deg_analysis_31124753_27.out:    Running contrast 901/1132
deg_analysis_31124753_27.out:    Running contrast 906/1132
deg_analysis_31124753_27.out:    Running contrast 911/1132
deg_analysis_31124753_27.out:    Running contrast 916/1132
deg_analysis_31124753_27.out:    Running contrast 921/1132
deg_analysis_31124753_27.out:    Running contrast 926/1132
deg_analysis_31124753_27.out:    Running contrast 931/1132
deg_analysis_31124753_27.out:    Running contrast 936/1132
deg_analysis_31124753_27.out:    Running contrast 941/1132
deg_analysis_31124753_27.out:    Running contrast 946/1132
deg_analysis_31124753_27.out:    Running contrast 951/1132
deg_analysis_31124753_27.out:    Running contrast 956/1132
deg_analysis_31124753_27.out:    Running contrast 961/1132
deg_analysis_31124753_27.out:    Running contrast 966/1132
deg_analysis_31124753_27.out:    Running contrast 971/1132
deg_analysis_31124753_27.out:    Running contrast 976/1132
deg_analysis_31124753_27.out:    Running contrast 981/1132
deg_analysis_31124753_27.out:    Running contrast 986/1132
deg_analysis_31124753_27.out:    Running contrast 991/1132
deg_analysis_31124753_27.out:    Running contrast 996/1132
deg_analysis_31124753_27.out:    Running contrast 1001/1132
deg_analysis_31124753_27.out:    Running contrast 1006/1132
deg_analysis_31124753_27.out:    Running contrast 1011/1132
deg_analysis_31124753_27.out:    Running contrast 1016/1132
deg_analysis_31124753_27.out:    Running contrast 1021/1132
deg_analysis_31124753_27.out:    Running contrast 1026/1132
deg_analysis_31124753_27.out:    Running contrast 1031/1132
deg_analysis_31124753_27.out:    Running contrast 1036/1132
deg_analysis_31124753_27.out:    Running contrast 1041/1132
deg_analysis_31124753_27.out:    Running contrast 1046/1132
deg_analysis_31124753_27.out:    Running contrast 1051/1132
deg_analysis_31124753_27.out:    Running contrast 1056/1132
deg_analysis_31124753_27.out:    Running contrast 1061/1132
deg_analysis_31124753_27.out:    Running contrast 1066/1132
deg_analysis_31124753_27.out:    Running contrast 1071/1132
deg_analysis_31124753_27.out:    Running contrast 1076/1132
deg_analysis_31124753_27.out:    Running contrast 1081/1132
deg_analysis_31124753_27.out:    Running contrast 1086/1132
deg_analysis_31124753_27.out:    Running contrast 1091/1132
deg_analysis_31124753_27.out:    Running contrast 1096/1132
deg_analysis_31124753_27.out:    Running contrast 1101/1132
deg_analysis_31124753_27.out:    Running contrast 1106/1132
deg_analysis_31124753_27.out:    Running contrast 1111/1132
deg_analysis_31124753_27.out:    Running contrast 1116/1132
deg_analysis_31124753_27.out:    Running contrast 1121/1132
deg_analysis_31124753_27.out:    Running contrast 1126/1132
deg_analysis_31124753_27.out:    Running contrast 1131/1132
deg_analysis_31124753_27.out:    Running contrast 1132/1132
deg_analysis_31124753_27.out:
deg_analysis_31124753_27.out:    Writing:  ./data/tahoe/deg_data/group_rep/full/qc_false/filter_min_cells_50/CVCL_1098_de.h5ad 
deg_analysis_31124753_27.out:
deg_analysis_31124753_27.out:    Rewriting h5ad file: ./data/tahoe/deg_data/group_rep/full/qc_false/filter_min_cells_50/CVCL_1098_de.h5ad 
deg_analysis_31124753_27.out:    Removed X matrix
deg_analysis_31124753_27.out:    Rewriting h5ad file is done!
deg_analysis_31124753_27.out:✓ Cell line completed in 7238.0 seconds
deg_analysis_31124753_27.out:
deg_analysis_31124753_27.out:DE analysis completed!
deg_analysis_31124753_27.out:
deg_analysis_31124753_27.out:Total runtime: 7255.7 seconds
deg_analysis_31124753_28.out:
deg_analysis_31124753_28.out:DE analysis started...
deg_analysis_31124753_28.out:Loaded input file:  ./data/tahoe/pseudobulk_processed/group_rep/by_celltype/CVCL_1119_processed.h5ad 
deg_analysis_31124753_28.out:Initial dimensions:  1341  samples ×  62710  genes
deg_analysis_31124753_28.out:Filter samples with the low number of cells
deg_analysis_31124753_28.out:    Filter threshold (min_cells):  50 
deg_analysis_31124753_28.out:    n_obs:  1341 -->  1329 
deg_analysis_31124753_28.out:
deg_analysis_31124753_28.out:▶︎ Processing cell_type  1 / 1 :  CVCL_1119 
deg_analysis_31124753_28.out:    Filter controls by  pert_time_h  column
deg_analysis_31124753_28.out:        n_obs:  1329 -->  1329 
deg_analysis_31124753_28.out:
deg_analysis_31124753_28.out:    Running contrast 1/1132
deg_analysis_31124753_28.out:    Running contrast 6/1132
deg_analysis_31124753_28.out:    Running contrast 11/1132
deg_analysis_31124753_28.out:    Running contrast 16/1132
deg_analysis_31124753_28.out:    Running contrast 21/1132
deg_analysis_31124753_28.out:    Running contrast 26/1132
deg_analysis_31124753_28.out:    Running contrast 31/1132
deg_analysis_31124753_28.out:    Running contrast 36/1132
deg_analysis_31124753_28.out:    Running contrast 41/1132
deg_analysis_31124753_28.out:    Running contrast 46/1132
deg_analysis_31124753_28.out:    Running contrast 51/1132
deg_analysis_31124753_28.out:    Running contrast 56/1132
deg_analysis_31124753_28.out:    Running contrast 61/1132
deg_analysis_31124753_28.out:    Running contrast 66/1132
deg_analysis_31124753_28.out:    Running contrast 71/1132
deg_analysis_31124753_28.out:    Running contrast 76/1132
deg_analysis_31124753_28.out:    Running contrast 81/1132
deg_analysis_31124753_28.out:    Running contrast 86/1132
deg_analysis_31124753_28.out:    Running contrast 91/1132
deg_analysis_31124753_28.out:    Running contrast 96/1132
deg_analysis_31124753_28.out:    Running contrast 101/1132
deg_analysis_31124753_28.out:    Running contrast 106/1132
deg_analysis_31124753_28.out:    Running contrast 111/1132
deg_analysis_31124753_28.out:    Running contrast 116/1132
deg_analysis_31124753_28.out:    Running contrast 121/1132
deg_analysis_31124753_28.out:    Running contrast 126/1132
deg_analysis_31124753_28.out:    Running contrast 131/1132
deg_analysis_31124753_28.out:    Running contrast 136/1132
deg_analysis_31124753_28.out:    Running contrast 141/1132
deg_analysis_31124753_28.out:    Running contrast 146/1132
deg_analysis_31124753_28.out:    Running contrast 151/1132
deg_analysis_31124753_28.out:    Running contrast 156/1132
deg_analysis_31124753_28.out:    Running contrast 161/1132
deg_analysis_31124753_28.out:    Running contrast 166/1132
deg_analysis_31124753_28.out:    Running contrast 171/1132
deg_analysis_31124753_28.out:    Running contrast 176/1132
deg_analysis_31124753_28.out:    Running contrast 181/1132
deg_analysis_31124753_28.out:    Running contrast 186/1132
deg_analysis_31124753_28.out:    Running contrast 191/1132
deg_analysis_31124753_28.out:    Running contrast 196/1132
deg_analysis_31124753_28.out:    Running contrast 201/1132
deg_analysis_31124753_28.out:    Running contrast 206/1132
deg_analysis_31124753_28.out:    Running contrast 211/1132
deg_analysis_31124753_28.out:    Running contrast 216/1132
deg_analysis_31124753_28.out:    Running contrast 221/1132
deg_analysis_31124753_28.out:    Running contrast 226/1132
deg_analysis_31124753_28.out:    Running contrast 231/1132
deg_analysis_31124753_28.out:    Running contrast 236/1132
deg_analysis_31124753_28.out:    Running contrast 241/1132
deg_analysis_31124753_28.out:    Running contrast 246/1132
deg_analysis_31124753_28.out:    Running contrast 251/1132
deg_analysis_31124753_28.out:    Running contrast 256/1132
deg_analysis_31124753_28.out:    Running contrast 261/1132
deg_analysis_31124753_28.out:    Running contrast 266/1132
deg_analysis_31124753_28.out:    Running contrast 271/1132
deg_analysis_31124753_28.out:    Running contrast 276/1132
deg_analysis_31124753_28.out:    Running contrast 281/1132
deg_analysis_31124753_28.out:    Running contrast 286/1132
deg_analysis_31124753_28.out:    Running contrast 291/1132
deg_analysis_31124753_28.out:    Running contrast 296/1132
deg_analysis_31124753_28.out:    Running contrast 301/1132
deg_analysis_31124753_28.out:    Running contrast 306/1132
deg_analysis_31124753_28.out:    Running contrast 311/1132
deg_analysis_31124753_28.out:    Running contrast 316/1132
deg_analysis_31124753_28.out:    Running contrast 321/1132
deg_analysis_31124753_28.out:    Running contrast 326/1132
deg_analysis_31124753_28.out:    Running contrast 331/1132
deg_analysis_31124753_28.out:    Running contrast 336/1132
deg_analysis_31124753_28.out:    Running contrast 341/1132
deg_analysis_31124753_28.out:    Running contrast 346/1132
deg_analysis_31124753_28.out:    Running contrast 351/1132
deg_analysis_31124753_28.out:    Running contrast 356/1132
deg_analysis_31124753_28.out:    Running contrast 361/1132
deg_analysis_31124753_28.out:    Running contrast 366/1132
deg_analysis_31124753_28.out:    Running contrast 371/1132
deg_analysis_31124753_28.out:    Running contrast 376/1132
deg_analysis_31124753_28.out:    Running contrast 381/1132
deg_analysis_31124753_28.out:    Running contrast 386/1132
deg_analysis_31124753_28.out:    Running contrast 391/1132
deg_analysis_31124753_28.out:    Running contrast 396/1132
deg_analysis_31124753_28.out:    Running contrast 401/1132
deg_analysis_31124753_28.out:    Running contrast 406/1132
deg_analysis_31124753_28.out:    Running contrast 411/1132
deg_analysis_31124753_28.out:    Running contrast 416/1132
deg_analysis_31124753_28.out:    Running contrast 421/1132
deg_analysis_31124753_28.out:    Running contrast 426/1132
deg_analysis_31124753_28.out:    Running contrast 431/1132
deg_analysis_31124753_28.out:    Running contrast 436/1132
deg_analysis_31124753_28.out:    Running contrast 441/1132
deg_analysis_31124753_28.out:    Running contrast 446/1132
deg_analysis_31124753_28.out:    Running contrast 451/1132
deg_analysis_31124753_28.out:    Running contrast 456/1132
deg_analysis_31124753_28.out:    Running contrast 461/1132
deg_analysis_31124753_28.out:    Running contrast 466/1132
deg_analysis_31124753_28.out:    Running contrast 471/1132
deg_analysis_31124753_28.out:    Running contrast 476/1132
deg_analysis_31124753_28.out:    Running contrast 481/1132
deg_analysis_31124753_28.out:    Running contrast 486/1132
deg_analysis_31124753_28.out:    Running contrast 491/1132
deg_analysis_31124753_28.out:    Running contrast 496/1132
deg_analysis_31124753_28.out:    Running contrast 501/1132
deg_analysis_31124753_28.out:    Running contrast 506/1132
deg_analysis_31124753_28.out:    Running contrast 511/1132
deg_analysis_31124753_28.out:    Running contrast 516/1132
deg_analysis_31124753_28.out:    Running contrast 521/1132
deg_analysis_31124753_28.out:    Running contrast 526/1132
deg_analysis_31124753_28.out:    Running contrast 531/1132
deg_analysis_31124753_28.out:    Running contrast 536/1132
deg_analysis_31124753_28.out:    Running contrast 541/1132
deg_analysis_31124753_28.out:    Running contrast 546/1132
deg_analysis_31124753_28.out:    Running contrast 551/1132
deg_analysis_31124753_28.out:    Running contrast 556/1132
deg_analysis_31124753_28.out:    Running contrast 561/1132
deg_analysis_31124753_28.out:    Running contrast 566/1132
deg_analysis_31124753_28.out:    Running contrast 571/1132
deg_analysis_31124753_28.out:    Running contrast 576/1132
deg_analysis_31124753_28.out:    Running contrast 581/1132
deg_analysis_31124753_28.out:    Running contrast 586/1132
deg_analysis_31124753_28.out:    Running contrast 591/1132
deg_analysis_31124753_28.out:    Running contrast 596/1132
deg_analysis_31124753_28.out:    Running contrast 601/1132
deg_analysis_31124753_28.out:    Running contrast 606/1132
deg_analysis_31124753_28.out:    Running contrast 611/1132
deg_analysis_31124753_28.out:    Running contrast 616/1132
deg_analysis_31124753_28.out:    Running contrast 621/1132
deg_analysis_31124753_28.out:    Running contrast 626/1132
deg_analysis_31124753_28.out:    Running contrast 631/1132
deg_analysis_31124753_28.out:    Running contrast 636/1132
deg_analysis_31124753_28.out:    Running contrast 641/1132
deg_analysis_31124753_28.out:    Running contrast 646/1132
deg_analysis_31124753_28.out:    Running contrast 651/1132
deg_analysis_31124753_28.out:    Running contrast 656/1132
deg_analysis_31124753_28.out:    Running contrast 661/1132
deg_analysis_31124753_28.out:    Running contrast 666/1132
deg_analysis_31124753_28.out:    Running contrast 671/1132
deg_analysis_31124753_28.out:    Running contrast 676/1132
deg_analysis_31124753_28.out:    Running contrast 681/1132
deg_analysis_31124753_28.out:    Running contrast 686/1132
deg_analysis_31124753_28.out:    Running contrast 691/1132
deg_analysis_31124753_28.out:    Running contrast 696/1132
deg_analysis_31124753_28.out:    Running contrast 701/1132
deg_analysis_31124753_28.out:    Running contrast 706/1132
deg_analysis_31124753_28.out:    Running contrast 711/1132
deg_analysis_31124753_28.out:    Running contrast 716/1132
deg_analysis_31124753_28.out:    Running contrast 721/1132
deg_analysis_31124753_28.out:    Running contrast 726/1132
deg_analysis_31124753_28.out:    Running contrast 731/1132
deg_analysis_31124753_28.out:    Running contrast 736/1132
deg_analysis_31124753_28.out:    Running contrast 741/1132
deg_analysis_31124753_28.out:    Running contrast 746/1132
deg_analysis_31124753_28.out:    Running contrast 751/1132
deg_analysis_31124753_28.out:    Running contrast 756/1132
deg_analysis_31124753_28.out:    Running contrast 761/1132
deg_analysis_31124753_28.out:    Running contrast 766/1132
deg_analysis_31124753_28.out:    Running contrast 771/1132
deg_analysis_31124753_28.out:    Running contrast 776/1132
deg_analysis_31124753_28.out:    Running contrast 781/1132
deg_analysis_31124753_28.out:    Running contrast 786/1132
deg_analysis_31124753_28.out:    Running contrast 791/1132
deg_analysis_31124753_28.out:    Running contrast 796/1132
deg_analysis_31124753_28.out:    Running contrast 801/1132
deg_analysis_31124753_28.out:    Running contrast 806/1132
deg_analysis_31124753_28.out:    Running contrast 811/1132
deg_analysis_31124753_28.out:    Running contrast 816/1132
deg_analysis_31124753_28.out:    Running contrast 821/1132
deg_analysis_31124753_28.out:    Running contrast 826/1132
deg_analysis_31124753_28.out:    Running contrast 831/1132
deg_analysis_31124753_28.out:    Running contrast 836/1132
deg_analysis_31124753_28.out:    Running contrast 841/1132
deg_analysis_31124753_28.out:    Running contrast 846/1132
deg_analysis_31124753_28.out:    Running contrast 851/1132
deg_analysis_31124753_28.out:    Running contrast 856/1132
deg_analysis_31124753_28.out:    Running contrast 861/1132
deg_analysis_31124753_28.out:    Running contrast 866/1132
deg_analysis_31124753_28.out:    Running contrast 871/1132
deg_analysis_31124753_28.out:    Running contrast 876/1132
deg_analysis_31124753_28.out:    Running contrast 881/1132
deg_analysis_31124753_28.out:    Running contrast 886/1132
deg_analysis_31124753_28.out:    Running contrast 891/1132
deg_analysis_31124753_28.out:    Running contrast 896/1132
deg_analysis_31124753_28.out:    Running contrast 901/1132
deg_analysis_31124753_28.out:    Running contrast 906/1132
deg_analysis_31124753_28.out:    Running contrast 911/1132
deg_analysis_31124753_28.out:    Running contrast 916/1132
deg_analysis_31124753_28.out:    Running contrast 921/1132
deg_analysis_31124753_28.out:    Running contrast 926/1132
deg_analysis_31124753_28.out:    Running contrast 931/1132
deg_analysis_31124753_28.out:    Running contrast 936/1132
deg_analysis_31124753_28.out:    Running contrast 941/1132
deg_analysis_31124753_28.out:    Running contrast 946/1132
deg_analysis_31124753_28.out:    Running contrast 951/1132
deg_analysis_31124753_28.out:    Running contrast 956/1132
deg_analysis_31124753_28.out:    Running contrast 961/1132
deg_analysis_31124753_28.out:    Running contrast 966/1132
deg_analysis_31124753_28.out:    Running contrast 971/1132
deg_analysis_31124753_28.out:    Running contrast 976/1132
deg_analysis_31124753_28.out:    Running contrast 981/1132
deg_analysis_31124753_28.out:    Running contrast 986/1132
deg_analysis_31124753_28.out:    Running contrast 991/1132
deg_analysis_31124753_28.out:    Running contrast 996/1132
deg_analysis_31124753_28.out:    Running contrast 1001/1132
deg_analysis_31124753_28.out:    Running contrast 1006/1132
deg_analysis_31124753_28.out:    Running contrast 1011/1132
deg_analysis_31124753_28.out:    Running contrast 1016/1132
deg_analysis_31124753_28.out:    Running contrast 1021/1132
deg_analysis_31124753_28.out:    Running contrast 1026/1132
deg_analysis_31124753_28.out:    Running contrast 1031/1132
deg_analysis_31124753_28.out:    Running contrast 1036/1132
deg_analysis_31124753_28.out:    Running contrast 1041/1132
deg_analysis_31124753_28.out:    Running contrast 1046/1132
deg_analysis_31124753_28.out:    Running contrast 1051/1132
deg_analysis_31124753_28.out:    Running contrast 1056/1132
deg_analysis_31124753_28.out:    Running contrast 1061/1132
deg_analysis_31124753_28.out:    Running contrast 1066/1132
deg_analysis_31124753_28.out:    Running contrast 1071/1132
deg_analysis_31124753_28.out:    Running contrast 1076/1132
deg_analysis_31124753_28.out:    Running contrast 1081/1132
deg_analysis_31124753_28.out:    Running contrast 1086/1132
deg_analysis_31124753_28.out:    Running contrast 1091/1132
deg_analysis_31124753_28.out:    Running contrast 1096/1132
deg_analysis_31124753_28.out:    Running contrast 1101/1132
deg_analysis_31124753_28.out:    Running contrast 1106/1132
deg_analysis_31124753_28.out:    Running contrast 1111/1132
deg_analysis_31124753_28.out:    Running contrast 1116/1132
deg_analysis_31124753_28.out:    Running contrast 1121/1132
deg_analysis_31124753_28.out:    Running contrast 1126/1132
deg_analysis_31124753_28.out:    Running contrast 1131/1132
deg_analysis_31124753_28.out:    Running contrast 1132/1132
deg_analysis_31124753_28.out:
deg_analysis_31124753_28.out:    Writing:  ./data/tahoe/deg_data/group_rep/full/qc_false/filter_min_cells_50/CVCL_1119_de.h5ad 
deg_analysis_31124753_28.out:
deg_analysis_31124753_28.out:    Rewriting h5ad file: ./data/tahoe/deg_data/group_rep/full/qc_false/filter_min_cells_50/CVCL_1119_de.h5ad 
deg_analysis_31124753_28.out:    Removed X matrix
deg_analysis_31124753_28.out:    Rewriting h5ad file is done!
deg_analysis_31124753_28.out:✓ Cell line completed in 7428.5 seconds
deg_analysis_31124753_28.out:
deg_analysis_31124753_28.out:DE analysis completed!
deg_analysis_31124753_28.out:
deg_analysis_31124753_28.out:Total runtime: 7448.4 seconds
deg_analysis_31124753_29.out:
deg_analysis_31124753_29.out:DE analysis started...
deg_analysis_31124753_29.out:Loaded input file:  ./data/tahoe/pseudobulk_processed/group_rep/by_celltype/CVCL_1125_processed.h5ad 
deg_analysis_31124753_29.out:Initial dimensions:  1340  samples ×  62710  genes
deg_analysis_31124753_29.out:Filter samples with the low number of cells
deg_analysis_31124753_29.out:    Filter threshold (min_cells):  50 
deg_analysis_31124753_29.out:    n_obs:  1340 -->  1310 
deg_analysis_31124753_29.out:
deg_analysis_31124753_29.out:▶︎ Processing cell_type  1 / 1 :  CVCL_1125 
deg_analysis_31124753_29.out:    Filter controls by  pert_time_h  column
deg_analysis_31124753_29.out:        n_obs:  1310 -->  1310 
deg_analysis_31124753_29.out:
deg_analysis_31124753_29.out:    Running contrast 1/1116
deg_analysis_31124753_29.out:    Running contrast 6/1116
deg_analysis_31124753_29.out:    Running contrast 11/1116
deg_analysis_31124753_29.out:    Running contrast 16/1116
deg_analysis_31124753_29.out:    Running contrast 21/1116
deg_analysis_31124753_29.out:    Running contrast 26/1116
deg_analysis_31124753_29.out:    Running contrast 31/1116
deg_analysis_31124753_29.out:    Running contrast 36/1116
deg_analysis_31124753_29.out:    Running contrast 41/1116
deg_analysis_31124753_29.out:    Running contrast 46/1116
deg_analysis_31124753_29.out:    Running contrast 51/1116
deg_analysis_31124753_29.out:    Running contrast 56/1116
deg_analysis_31124753_29.out:    Running contrast 61/1116
deg_analysis_31124753_29.out:    Running contrast 66/1116
deg_analysis_31124753_29.out:    Running contrast 71/1116
deg_analysis_31124753_29.out:    Running contrast 76/1116
deg_analysis_31124753_29.out:    Running contrast 81/1116
deg_analysis_31124753_29.out:    Running contrast 86/1116
deg_analysis_31124753_29.out:    Running contrast 91/1116
deg_analysis_31124753_29.out:    Running contrast 96/1116
deg_analysis_31124753_29.out:    Running contrast 101/1116
deg_analysis_31124753_29.out:    Running contrast 106/1116
deg_analysis_31124753_29.out:    Running contrast 111/1116
deg_analysis_31124753_29.out:    Running contrast 116/1116
deg_analysis_31124753_29.out:    Running contrast 121/1116
deg_analysis_31124753_29.out:    Running contrast 126/1116
deg_analysis_31124753_29.out:    Running contrast 131/1116
deg_analysis_31124753_29.out:    Running contrast 136/1116
deg_analysis_31124753_29.out:    Running contrast 141/1116
deg_analysis_31124753_29.out:    Running contrast 146/1116
deg_analysis_31124753_29.out:    Running contrast 151/1116
deg_analysis_31124753_29.out:    Running contrast 156/1116
deg_analysis_31124753_29.out:    Running contrast 161/1116
deg_analysis_31124753_29.out:    Running contrast 166/1116
deg_analysis_31124753_29.out:    Running contrast 171/1116
deg_analysis_31124753_29.out:    Running contrast 176/1116
deg_analysis_31124753_29.out:    Running contrast 181/1116
deg_analysis_31124753_29.out:    Running contrast 186/1116
deg_analysis_31124753_29.out:    Running contrast 191/1116
deg_analysis_31124753_29.out:    Running contrast 196/1116
deg_analysis_31124753_29.out:    Running contrast 201/1116
deg_analysis_31124753_29.out:    Running contrast 206/1116
deg_analysis_31124753_29.out:    Running contrast 211/1116
deg_analysis_31124753_29.out:    Running contrast 216/1116
deg_analysis_31124753_29.out:    Running contrast 221/1116
deg_analysis_31124753_29.out:    Running contrast 226/1116
deg_analysis_31124753_29.out:    Running contrast 231/1116
deg_analysis_31124753_29.out:    Running contrast 236/1116
deg_analysis_31124753_29.out:    Running contrast 241/1116
deg_analysis_31124753_29.out:    Running contrast 246/1116
deg_analysis_31124753_29.out:    Running contrast 251/1116
deg_analysis_31124753_29.out:    Running contrast 256/1116
deg_analysis_31124753_29.out:    Running contrast 261/1116
deg_analysis_31124753_29.out:    Running contrast 266/1116
deg_analysis_31124753_29.out:    Running contrast 271/1116
deg_analysis_31124753_29.out:    Running contrast 276/1116
deg_analysis_31124753_29.out:    Running contrast 281/1116
deg_analysis_31124753_29.out:    Running contrast 286/1116
deg_analysis_31124753_29.out:    Running contrast 291/1116
deg_analysis_31124753_29.out:    Running contrast 296/1116
deg_analysis_31124753_29.out:    Running contrast 301/1116
deg_analysis_31124753_29.out:    Running contrast 306/1116
deg_analysis_31124753_29.out:    Running contrast 311/1116
deg_analysis_31124753_29.out:    Running contrast 316/1116
deg_analysis_31124753_29.out:    Running contrast 321/1116
deg_analysis_31124753_29.out:    Running contrast 326/1116
deg_analysis_31124753_29.out:    Running contrast 331/1116
deg_analysis_31124753_29.out:    Running contrast 336/1116
deg_analysis_31124753_29.out:    Running contrast 341/1116
deg_analysis_31124753_29.out:    Running contrast 346/1116
deg_analysis_31124753_29.out:    Running contrast 351/1116
deg_analysis_31124753_29.out:    Running contrast 356/1116
deg_analysis_31124753_29.out:    Running contrast 361/1116
deg_analysis_31124753_29.out:    Running contrast 366/1116
deg_analysis_31124753_29.out:    Running contrast 371/1116
deg_analysis_31124753_29.out:    Running contrast 376/1116
deg_analysis_31124753_29.out:    Running contrast 381/1116
deg_analysis_31124753_29.out:    Running contrast 386/1116
deg_analysis_31124753_29.out:    Running contrast 391/1116
deg_analysis_31124753_29.out:    Running contrast 396/1116
deg_analysis_31124753_29.out:    Running contrast 401/1116
deg_analysis_31124753_29.out:    Running contrast 406/1116
deg_analysis_31124753_29.out:    Running contrast 411/1116
deg_analysis_31124753_29.out:    Running contrast 416/1116
deg_analysis_31124753_29.out:    Running contrast 421/1116
deg_analysis_31124753_29.out:    Running contrast 426/1116
deg_analysis_31124753_29.out:    Running contrast 431/1116
deg_analysis_31124753_29.out:    Running contrast 436/1116
deg_analysis_31124753_29.out:    Running contrast 441/1116
deg_analysis_31124753_29.out:    Running contrast 446/1116
deg_analysis_31124753_29.out:    Running contrast 451/1116
deg_analysis_31124753_29.out:    Running contrast 456/1116
deg_analysis_31124753_29.out:    Running contrast 461/1116
deg_analysis_31124753_29.out:    Running contrast 466/1116
deg_analysis_31124753_29.out:    Running contrast 471/1116
deg_analysis_31124753_29.out:    Running contrast 476/1116
deg_analysis_31124753_29.out:    Running contrast 481/1116
deg_analysis_31124753_29.out:    Running contrast 486/1116
deg_analysis_31124753_29.out:    Running contrast 491/1116
deg_analysis_31124753_29.out:    Running contrast 496/1116
deg_analysis_31124753_29.out:    Running contrast 501/1116
deg_analysis_31124753_29.out:    Running contrast 506/1116
deg_analysis_31124753_29.out:    Running contrast 511/1116
deg_analysis_31124753_29.out:    Running contrast 516/1116
deg_analysis_31124753_29.out:    Running contrast 521/1116
deg_analysis_31124753_29.out:    Running contrast 526/1116
deg_analysis_31124753_29.out:    Running contrast 531/1116
deg_analysis_31124753_29.out:    Running contrast 536/1116
deg_analysis_31124753_29.out:    Running contrast 541/1116
deg_analysis_31124753_29.out:    Running contrast 546/1116
deg_analysis_31124753_29.out:    Running contrast 551/1116
deg_analysis_31124753_29.out:    Running contrast 556/1116
deg_analysis_31124753_29.out:    Running contrast 561/1116
deg_analysis_31124753_29.out:    Running contrast 566/1116
deg_analysis_31124753_29.out:    Running contrast 571/1116
deg_analysis_31124753_29.out:    Running contrast 576/1116
deg_analysis_31124753_29.out:    Running contrast 581/1116
deg_analysis_31124753_29.out:    Running contrast 586/1116
deg_analysis_31124753_29.out:    Running contrast 591/1116
deg_analysis_31124753_29.out:    Running contrast 596/1116
deg_analysis_31124753_29.out:    Running contrast 601/1116
deg_analysis_31124753_29.out:    Running contrast 606/1116
deg_analysis_31124753_29.out:    Running contrast 611/1116
deg_analysis_31124753_29.out:    Running contrast 616/1116
deg_analysis_31124753_29.out:    Running contrast 621/1116
deg_analysis_31124753_29.out:    Running contrast 626/1116
deg_analysis_31124753_29.out:    Running contrast 631/1116
deg_analysis_31124753_29.out:    Running contrast 636/1116
deg_analysis_31124753_29.out:    Running contrast 641/1116
deg_analysis_31124753_29.out:    Running contrast 646/1116
deg_analysis_31124753_29.out:    Running contrast 651/1116
deg_analysis_31124753_29.out:    Running contrast 656/1116
deg_analysis_31124753_29.out:    Running contrast 661/1116
deg_analysis_31124753_29.out:    Running contrast 666/1116
deg_analysis_31124753_29.out:    Running contrast 671/1116
deg_analysis_31124753_29.out:    Running contrast 676/1116
deg_analysis_31124753_29.out:    Running contrast 681/1116
deg_analysis_31124753_29.out:    Running contrast 686/1116
deg_analysis_31124753_29.out:    Running contrast 691/1116
deg_analysis_31124753_29.out:    Running contrast 696/1116
deg_analysis_31124753_29.out:    Running contrast 701/1116
deg_analysis_31124753_29.out:    Running contrast 706/1116
deg_analysis_31124753_29.out:    Running contrast 711/1116
deg_analysis_31124753_29.out:    Running contrast 716/1116
deg_analysis_31124753_29.out:    Running contrast 721/1116
deg_analysis_31124753_29.out:    Running contrast 726/1116
deg_analysis_31124753_29.out:    Running contrast 731/1116
deg_analysis_31124753_29.out:    Running contrast 736/1116
deg_analysis_31124753_29.out:    Running contrast 741/1116
deg_analysis_31124753_29.out:    Running contrast 746/1116
deg_analysis_31124753_29.out:    Running contrast 751/1116
deg_analysis_31124753_29.out:    Running contrast 756/1116
deg_analysis_31124753_29.out:    Running contrast 761/1116
deg_analysis_31124753_29.out:    Running contrast 766/1116
deg_analysis_31124753_29.out:    Running contrast 771/1116
deg_analysis_31124753_29.out:    Running contrast 776/1116
deg_analysis_31124753_29.out:    Running contrast 781/1116
deg_analysis_31124753_29.out:    Running contrast 786/1116
deg_analysis_31124753_29.out:    Running contrast 791/1116
deg_analysis_31124753_29.out:    Running contrast 796/1116
deg_analysis_31124753_29.out:    Running contrast 801/1116
deg_analysis_31124753_29.out:    Running contrast 806/1116
deg_analysis_31124753_29.out:    Running contrast 811/1116
deg_analysis_31124753_29.out:    Running contrast 816/1116
deg_analysis_31124753_29.out:    Running contrast 821/1116
deg_analysis_31124753_29.out:    Running contrast 826/1116
deg_analysis_31124753_29.out:    Running contrast 831/1116
deg_analysis_31124753_29.out:    Running contrast 836/1116
deg_analysis_31124753_29.out:    Running contrast 841/1116
deg_analysis_31124753_29.out:    Running contrast 846/1116
deg_analysis_31124753_29.out:    Running contrast 851/1116
deg_analysis_31124753_29.out:    Running contrast 856/1116
deg_analysis_31124753_29.out:    Running contrast 861/1116
deg_analysis_31124753_29.out:    Running contrast 866/1116
deg_analysis_31124753_29.out:    Running contrast 871/1116
deg_analysis_31124753_29.out:    Running contrast 876/1116
deg_analysis_31124753_29.out:    Running contrast 881/1116
deg_analysis_31124753_29.out:    Running contrast 886/1116
deg_analysis_31124753_29.out:    Running contrast 891/1116
deg_analysis_31124753_29.out:    Running contrast 896/1116
deg_analysis_31124753_29.out:    Running contrast 901/1116
deg_analysis_31124753_29.out:    Running contrast 906/1116
deg_analysis_31124753_29.out:    Running contrast 911/1116
deg_analysis_31124753_29.out:    Running contrast 916/1116
deg_analysis_31124753_29.out:    Running contrast 921/1116
deg_analysis_31124753_29.out:    Running contrast 926/1116
deg_analysis_31124753_29.out:    Running contrast 931/1116
deg_analysis_31124753_29.out:    Running contrast 936/1116
deg_analysis_31124753_29.out:    Running contrast 941/1116
deg_analysis_31124753_29.out:    Running contrast 946/1116
deg_analysis_31124753_29.out:    Running contrast 951/1116
deg_analysis_31124753_29.out:    Running contrast 956/1116
deg_analysis_31124753_29.out:    Running contrast 961/1116
deg_analysis_31124753_29.out:    Running contrast 966/1116
deg_analysis_31124753_29.out:    Running contrast 971/1116
deg_analysis_31124753_29.out:    Running contrast 976/1116
deg_analysis_31124753_29.out:    Running contrast 981/1116
deg_analysis_31124753_29.out:    Running contrast 986/1116
deg_analysis_31124753_29.out:    Running contrast 991/1116
deg_analysis_31124753_29.out:    Running contrast 996/1116
deg_analysis_31124753_29.out:    Running contrast 1001/1116
deg_analysis_31124753_29.out:    Running contrast 1006/1116
deg_analysis_31124753_29.out:    Running contrast 1011/1116
deg_analysis_31124753_29.out:    Running contrast 1016/1116
deg_analysis_31124753_29.out:    Running contrast 1021/1116
deg_analysis_31124753_29.out:    Running contrast 1026/1116
deg_analysis_31124753_29.out:    Running contrast 1031/1116
deg_analysis_31124753_29.out:    Running contrast 1036/1116
deg_analysis_31124753_29.out:    Running contrast 1041/1116
deg_analysis_31124753_29.out:    Running contrast 1046/1116
deg_analysis_31124753_29.out:    Running contrast 1051/1116
deg_analysis_31124753_29.out:    Running contrast 1056/1116
deg_analysis_31124753_29.out:    Running contrast 1061/1116
deg_analysis_31124753_29.out:    Running contrast 1066/1116
deg_analysis_31124753_29.out:    Running contrast 1071/1116
deg_analysis_31124753_29.out:    Running contrast 1076/1116
deg_analysis_31124753_29.out:    Running contrast 1081/1116
deg_analysis_31124753_29.out:    Running contrast 1086/1116
deg_analysis_31124753_29.out:    Running contrast 1091/1116
deg_analysis_31124753_29.out:    Running contrast 1096/1116
deg_analysis_31124753_29.out:    Running contrast 1101/1116
deg_analysis_31124753_29.out:    Running contrast 1106/1116
deg_analysis_31124753_29.out:    Running contrast 1111/1116
deg_analysis_31124753_29.out:    Running contrast 1116/1116
deg_analysis_31124753_29.out:
deg_analysis_31124753_29.out:    Writing:  ./data/tahoe/deg_data/group_rep/full/qc_false/filter_min_cells_50/CVCL_1125_de.h5ad 
deg_analysis_31124753_29.out:
deg_analysis_31124753_29.out:    Rewriting h5ad file: ./data/tahoe/deg_data/group_rep/full/qc_false/filter_min_cells_50/CVCL_1125_de.h5ad 
deg_analysis_31124753_29.out:    Removed X matrix
deg_analysis_31124753_29.out:    Rewriting h5ad file is done!
deg_analysis_31124753_29.out:✓ Cell line completed in 6365.5 seconds
deg_analysis_31124753_29.out:
deg_analysis_31124753_29.out:DE analysis completed!
deg_analysis_31124753_29.out:
deg_analysis_31124753_29.out:Total runtime: 6378.9 seconds
deg_analysis_31124753_30.out:
deg_analysis_31124753_30.out:DE analysis started...
deg_analysis_31124753_30.out:Loaded input file:  ./data/tahoe/pseudobulk_processed/group_rep/by_celltype/CVCL_1239_processed.h5ad 
deg_analysis_31124753_30.out:Initial dimensions:  1343  samples ×  62710  genes
deg_analysis_31124753_30.out:Filter samples with the low number of cells
deg_analysis_31124753_30.out:    Filter threshold (min_cells):  50 
deg_analysis_31124753_30.out:    n_obs:  1343 -->  1327 
deg_analysis_31124753_30.out:
deg_analysis_31124753_30.out:▶︎ Processing cell_type  1 / 1 :  CVCL_1239 
deg_analysis_31124753_30.out:    Filter controls by  pert_time_h  column
deg_analysis_31124753_30.out:        n_obs:  1327 -->  1327 
deg_analysis_31124753_30.out:
deg_analysis_31124753_30.out:    Running contrast 1/1130
deg_analysis_31124753_30.out:    Running contrast 6/1130
deg_analysis_31124753_30.out:    Running contrast 11/1130
deg_analysis_31124753_30.out:    Running contrast 16/1130
deg_analysis_31124753_30.out:    Running contrast 21/1130
deg_analysis_31124753_30.out:    Running contrast 26/1130
deg_analysis_31124753_30.out:    Running contrast 31/1130
deg_analysis_31124753_30.out:    Running contrast 36/1130
deg_analysis_31124753_30.out:    Running contrast 41/1130
deg_analysis_31124753_30.out:    Running contrast 46/1130
deg_analysis_31124753_30.out:    Running contrast 51/1130
deg_analysis_31124753_30.out:    Running contrast 56/1130
deg_analysis_31124753_30.out:    Running contrast 61/1130
deg_analysis_31124753_30.out:    Running contrast 66/1130
deg_analysis_31124753_30.out:    Running contrast 71/1130
deg_analysis_31124753_30.out:    Running contrast 76/1130
deg_analysis_31124753_30.out:    Running contrast 81/1130
deg_analysis_31124753_30.out:    Running contrast 86/1130
deg_analysis_31124753_30.out:    Running contrast 91/1130
deg_analysis_31124753_30.out:    Running contrast 96/1130
deg_analysis_31124753_30.out:    Running contrast 101/1130
deg_analysis_31124753_30.out:    Running contrast 106/1130
deg_analysis_31124753_30.out:    Running contrast 111/1130
deg_analysis_31124753_30.out:    Running contrast 116/1130
deg_analysis_31124753_30.out:    Running contrast 121/1130
deg_analysis_31124753_30.out:    Running contrast 126/1130
deg_analysis_31124753_30.out:    Running contrast 131/1130
deg_analysis_31124753_30.out:    Running contrast 136/1130
deg_analysis_31124753_30.out:    Running contrast 141/1130
deg_analysis_31124753_30.out:    Running contrast 146/1130
deg_analysis_31124753_30.out:    Running contrast 151/1130
deg_analysis_31124753_30.out:    Running contrast 156/1130
deg_analysis_31124753_30.out:    Running contrast 161/1130
deg_analysis_31124753_30.out:    Running contrast 166/1130
deg_analysis_31124753_30.out:    Running contrast 171/1130
deg_analysis_31124753_30.out:    Running contrast 176/1130
deg_analysis_31124753_30.out:    Running contrast 181/1130
deg_analysis_31124753_30.out:    Running contrast 186/1130
deg_analysis_31124753_30.out:    Running contrast 191/1130
deg_analysis_31124753_30.out:    Running contrast 196/1130
deg_analysis_31124753_30.out:    Running contrast 201/1130
deg_analysis_31124753_30.out:    Running contrast 206/1130
deg_analysis_31124753_30.out:    Running contrast 211/1130
deg_analysis_31124753_30.out:    Running contrast 216/1130
deg_analysis_31124753_30.out:    Running contrast 221/1130
deg_analysis_31124753_30.out:    Running contrast 226/1130
deg_analysis_31124753_30.out:    Running contrast 231/1130
deg_analysis_31124753_30.out:    Running contrast 236/1130
deg_analysis_31124753_30.out:    Running contrast 241/1130
deg_analysis_31124753_30.out:    Running contrast 246/1130
deg_analysis_31124753_30.out:    Running contrast 251/1130
deg_analysis_31124753_30.out:    Running contrast 256/1130
deg_analysis_31124753_30.out:    Running contrast 261/1130
deg_analysis_31124753_30.out:    Running contrast 266/1130
deg_analysis_31124753_30.out:    Running contrast 271/1130
deg_analysis_31124753_30.out:    Running contrast 276/1130
deg_analysis_31124753_30.out:    Running contrast 281/1130
deg_analysis_31124753_30.out:    Running contrast 286/1130
deg_analysis_31124753_30.out:    Running contrast 291/1130
deg_analysis_31124753_30.out:    Running contrast 296/1130
deg_analysis_31124753_30.out:    Running contrast 301/1130
deg_analysis_31124753_30.out:    Running contrast 306/1130
deg_analysis_31124753_30.out:    Running contrast 311/1130
deg_analysis_31124753_30.out:    Running contrast 316/1130
deg_analysis_31124753_30.out:    Running contrast 321/1130
deg_analysis_31124753_30.out:    Running contrast 326/1130
deg_analysis_31124753_30.out:    Running contrast 331/1130
deg_analysis_31124753_30.out:    Running contrast 336/1130
deg_analysis_31124753_30.out:    Running contrast 341/1130
deg_analysis_31124753_30.out:    Running contrast 346/1130
deg_analysis_31124753_30.out:    Running contrast 351/1130
deg_analysis_31124753_30.out:    Running contrast 356/1130
deg_analysis_31124753_30.out:    Running contrast 361/1130
deg_analysis_31124753_30.out:    Running contrast 366/1130
deg_analysis_31124753_30.out:    Running contrast 371/1130
deg_analysis_31124753_30.out:    Running contrast 376/1130
deg_analysis_31124753_30.out:    Running contrast 381/1130
deg_analysis_31124753_30.out:    Running contrast 386/1130
deg_analysis_31124753_30.out:    Running contrast 391/1130
deg_analysis_31124753_30.out:    Running contrast 396/1130
deg_analysis_31124753_30.out:    Running contrast 401/1130
deg_analysis_31124753_30.out:    Running contrast 406/1130
deg_analysis_31124753_30.out:    Running contrast 411/1130
deg_analysis_31124753_30.out:    Running contrast 416/1130
deg_analysis_31124753_30.out:    Running contrast 421/1130
deg_analysis_31124753_30.out:    Running contrast 426/1130
deg_analysis_31124753_30.out:    Running contrast 431/1130
deg_analysis_31124753_30.out:    Running contrast 436/1130
deg_analysis_31124753_30.out:    Running contrast 441/1130
deg_analysis_31124753_30.out:    Running contrast 446/1130
deg_analysis_31124753_30.out:    Running contrast 451/1130
deg_analysis_31124753_30.out:    Running contrast 456/1130
deg_analysis_31124753_30.out:    Running contrast 461/1130
deg_analysis_31124753_30.out:    Running contrast 466/1130
deg_analysis_31124753_30.out:    Running contrast 471/1130
deg_analysis_31124753_30.out:    Running contrast 476/1130
deg_analysis_31124753_30.out:    Running contrast 481/1130
deg_analysis_31124753_30.out:    Running contrast 486/1130
deg_analysis_31124753_30.out:    Running contrast 491/1130
deg_analysis_31124753_30.out:    Running contrast 496/1130
deg_analysis_31124753_30.out:    Running contrast 501/1130
deg_analysis_31124753_30.out:    Running contrast 506/1130
deg_analysis_31124753_30.out:    Running contrast 511/1130
deg_analysis_31124753_30.out:    Running contrast 516/1130
deg_analysis_31124753_30.out:    Running contrast 521/1130
deg_analysis_31124753_30.out:    Running contrast 526/1130
deg_analysis_31124753_30.out:    Running contrast 531/1130
deg_analysis_31124753_30.out:    Running contrast 536/1130
deg_analysis_31124753_30.out:    Running contrast 541/1130
deg_analysis_31124753_30.out:    Running contrast 546/1130
deg_analysis_31124753_30.out:    Running contrast 551/1130
deg_analysis_31124753_30.out:    Running contrast 556/1130
deg_analysis_31124753_30.out:    Running contrast 561/1130
deg_analysis_31124753_30.out:    Running contrast 566/1130
deg_analysis_31124753_30.out:    Running contrast 571/1130
deg_analysis_31124753_30.out:    Running contrast 576/1130
deg_analysis_31124753_30.out:    Running contrast 581/1130
deg_analysis_31124753_30.out:    Running contrast 586/1130
deg_analysis_31124753_30.out:    Running contrast 591/1130
deg_analysis_31124753_30.out:    Running contrast 596/1130
deg_analysis_31124753_30.out:    Running contrast 601/1130
deg_analysis_31124753_30.out:    Running contrast 606/1130
deg_analysis_31124753_30.out:    Running contrast 611/1130
deg_analysis_31124753_30.out:    Running contrast 616/1130
deg_analysis_31124753_30.out:    Running contrast 621/1130
deg_analysis_31124753_30.out:    Running contrast 626/1130
deg_analysis_31124753_30.out:    Running contrast 631/1130
deg_analysis_31124753_30.out:    Running contrast 636/1130
deg_analysis_31124753_30.out:    Running contrast 641/1130
deg_analysis_31124753_30.out:    Running contrast 646/1130
deg_analysis_31124753_30.out:    Running contrast 651/1130
deg_analysis_31124753_30.out:    Running contrast 656/1130
deg_analysis_31124753_30.out:    Running contrast 661/1130
deg_analysis_31124753_30.out:    Running contrast 666/1130
deg_analysis_31124753_30.out:    Running contrast 671/1130
deg_analysis_31124753_30.out:    Running contrast 676/1130
deg_analysis_31124753_30.out:    Running contrast 681/1130
deg_analysis_31124753_30.out:    Running contrast 686/1130
deg_analysis_31124753_30.out:    Running contrast 691/1130
deg_analysis_31124753_30.out:    Running contrast 696/1130
deg_analysis_31124753_30.out:    Running contrast 701/1130
deg_analysis_31124753_30.out:    Running contrast 706/1130
deg_analysis_31124753_30.out:    Running contrast 711/1130
deg_analysis_31124753_30.out:    Running contrast 716/1130
deg_analysis_31124753_30.out:    Running contrast 721/1130
deg_analysis_31124753_30.out:    Running contrast 726/1130
deg_analysis_31124753_30.out:    Running contrast 731/1130
deg_analysis_31124753_30.out:    Running contrast 736/1130
deg_analysis_31124753_30.out:    Running contrast 741/1130
deg_analysis_31124753_30.out:    Running contrast 746/1130
deg_analysis_31124753_30.out:    Running contrast 751/1130
deg_analysis_31124753_30.out:    Running contrast 756/1130
deg_analysis_31124753_30.out:    Running contrast 761/1130
deg_analysis_31124753_30.out:    Running contrast 766/1130
deg_analysis_31124753_30.out:    Running contrast 771/1130
deg_analysis_31124753_30.out:    Running contrast 776/1130
deg_analysis_31124753_30.out:    Running contrast 781/1130
deg_analysis_31124753_30.out:    Running contrast 786/1130
deg_analysis_31124753_30.out:    Running contrast 791/1130
deg_analysis_31124753_30.out:    Running contrast 796/1130
deg_analysis_31124753_30.out:    Running contrast 801/1130
deg_analysis_31124753_30.out:    Running contrast 806/1130
deg_analysis_31124753_30.out:    Running contrast 811/1130
deg_analysis_31124753_30.out:    Running contrast 816/1130
deg_analysis_31124753_30.out:    Running contrast 821/1130
deg_analysis_31124753_30.out:    Running contrast 826/1130
deg_analysis_31124753_30.out:    Running contrast 831/1130
deg_analysis_31124753_30.out:    Running contrast 836/1130
deg_analysis_31124753_30.out:    Running contrast 841/1130
deg_analysis_31124753_30.out:    Running contrast 846/1130
deg_analysis_31124753_30.out:    Running contrast 851/1130
deg_analysis_31124753_30.out:    Running contrast 856/1130
deg_analysis_31124753_30.out:    Running contrast 861/1130
deg_analysis_31124753_30.out:    Running contrast 866/1130
deg_analysis_31124753_30.out:    Running contrast 871/1130
deg_analysis_31124753_30.out:    Running contrast 876/1130
deg_analysis_31124753_30.out:    Running contrast 881/1130
deg_analysis_31124753_30.out:    Running contrast 886/1130
deg_analysis_31124753_30.out:    Running contrast 891/1130
deg_analysis_31124753_30.out:    Running contrast 896/1130
deg_analysis_31124753_30.out:    Running contrast 901/1130
deg_analysis_31124753_30.out:    Running contrast 906/1130
deg_analysis_31124753_30.out:    Running contrast 911/1130
deg_analysis_31124753_30.out:    Running contrast 916/1130
deg_analysis_31124753_30.out:    Running contrast 921/1130
deg_analysis_31124753_30.out:    Running contrast 926/1130
deg_analysis_31124753_30.out:    Running contrast 931/1130
deg_analysis_31124753_30.out:    Running contrast 936/1130
deg_analysis_31124753_30.out:    Running contrast 941/1130
deg_analysis_31124753_30.out:    Running contrast 946/1130
deg_analysis_31124753_30.out:    Running contrast 951/1130
deg_analysis_31124753_30.out:    Running contrast 956/1130
deg_analysis_31124753_30.out:    Running contrast 961/1130
deg_analysis_31124753_30.out:    Running contrast 966/1130
deg_analysis_31124753_30.out:    Running contrast 971/1130
deg_analysis_31124753_30.out:    Running contrast 976/1130
deg_analysis_31124753_30.out:    Running contrast 981/1130
deg_analysis_31124753_30.out:    Running contrast 986/1130
deg_analysis_31124753_30.out:    Running contrast 991/1130
deg_analysis_31124753_30.out:    Running contrast 996/1130
deg_analysis_31124753_30.out:    Running contrast 1001/1130
deg_analysis_31124753_30.out:    Running contrast 1006/1130
deg_analysis_31124753_30.out:    Running contrast 1011/1130
deg_analysis_31124753_30.out:    Running contrast 1016/1130
deg_analysis_31124753_30.out:    Running contrast 1021/1130
deg_analysis_31124753_30.out:    Running contrast 1026/1130
deg_analysis_31124753_30.out:    Running contrast 1031/1130
deg_analysis_31124753_30.out:    Running contrast 1036/1130
deg_analysis_31124753_30.out:    Running contrast 1041/1130
deg_analysis_31124753_30.out:    Running contrast 1046/1130
deg_analysis_31124753_30.out:    Running contrast 1051/1130
deg_analysis_31124753_30.out:    Running contrast 1056/1130
deg_analysis_31124753_30.out:    Running contrast 1061/1130
deg_analysis_31124753_30.out:    Running contrast 1066/1130
deg_analysis_31124753_30.out:    Running contrast 1071/1130
deg_analysis_31124753_30.out:    Running contrast 1076/1130
deg_analysis_31124753_30.out:    Running contrast 1081/1130
deg_analysis_31124753_30.out:    Running contrast 1086/1130
deg_analysis_31124753_30.out:    Running contrast 1091/1130
deg_analysis_31124753_30.out:    Running contrast 1096/1130
deg_analysis_31124753_30.out:    Running contrast 1101/1130
deg_analysis_31124753_30.out:    Running contrast 1106/1130
deg_analysis_31124753_30.out:    Running contrast 1111/1130
deg_analysis_31124753_30.out:    Running contrast 1116/1130
deg_analysis_31124753_30.out:    Running contrast 1121/1130
deg_analysis_31124753_30.out:    Running contrast 1126/1130
deg_analysis_31124753_30.out:    Running contrast 1130/1130
deg_analysis_31124753_30.out:
deg_analysis_31124753_30.out:    Writing:  ./data/tahoe/deg_data/group_rep/full/qc_false/filter_min_cells_50/CVCL_1239_de.h5ad 
deg_analysis_31124753_30.out:
deg_analysis_31124753_30.out:    Rewriting h5ad file: ./data/tahoe/deg_data/group_rep/full/qc_false/filter_min_cells_50/CVCL_1239_de.h5ad 
deg_analysis_31124753_30.out:    Removed X matrix
deg_analysis_31124753_30.out:    Rewriting h5ad file is done!
deg_analysis_31124753_30.out:✓ Cell line completed in 8700.0 seconds
deg_analysis_31124753_30.out:
deg_analysis_31124753_30.out:DE analysis completed!
deg_analysis_31124753_30.out:
deg_analysis_31124753_30.out:Total runtime: 8720.3 seconds
deg_analysis_31124753_31.out:
deg_analysis_31124753_31.out:DE analysis started...
deg_analysis_31124753_31.out:Loaded input file:  ./data/tahoe/pseudobulk_processed/group_rep/by_celltype/CVCL_1285_processed.h5ad 
deg_analysis_31124753_31.out:Initial dimensions:  1343  samples ×  62710  genes
deg_analysis_31124753_31.out:Filter samples with the low number of cells
deg_analysis_31124753_31.out:    Filter threshold (min_cells):  50 
deg_analysis_31124753_31.out:    n_obs:  1343 -->  1330 
deg_analysis_31124753_31.out:
deg_analysis_31124753_31.out:▶︎ Processing cell_type  1 / 1 :  CVCL_1285 
deg_analysis_31124753_31.out:    Filter controls by  pert_time_h  column
deg_analysis_31124753_31.out:        n_obs:  1330 -->  1330 
deg_analysis_31124753_31.out:
deg_analysis_31124753_31.out:    Running contrast 1/1133
deg_analysis_31124753_31.out:    Running contrast 6/1133
deg_analysis_31124753_31.out:    Running contrast 11/1133
deg_analysis_31124753_31.out:    Running contrast 16/1133
deg_analysis_31124753_31.out:    Running contrast 21/1133
deg_analysis_31124753_31.out:    Running contrast 26/1133
deg_analysis_31124753_31.out:    Running contrast 31/1133
deg_analysis_31124753_31.out:    Running contrast 36/1133
deg_analysis_31124753_31.out:    Running contrast 41/1133
deg_analysis_31124753_31.out:    Running contrast 46/1133
deg_analysis_31124753_31.out:    Running contrast 51/1133
deg_analysis_31124753_31.out:    Running contrast 56/1133
deg_analysis_31124753_31.out:    Running contrast 61/1133
deg_analysis_31124753_31.out:    Running contrast 66/1133
deg_analysis_31124753_31.out:    Running contrast 71/1133
deg_analysis_31124753_31.out:    Running contrast 76/1133
deg_analysis_31124753_31.out:    Running contrast 81/1133
deg_analysis_31124753_31.out:    Running contrast 86/1133
deg_analysis_31124753_31.out:    Running contrast 91/1133
deg_analysis_31124753_31.out:    Running contrast 96/1133
deg_analysis_31124753_31.out:    Running contrast 101/1133
deg_analysis_31124753_31.out:    Running contrast 106/1133
deg_analysis_31124753_31.out:    Running contrast 111/1133
deg_analysis_31124753_31.out:    Running contrast 116/1133
deg_analysis_31124753_31.out:    Running contrast 121/1133
deg_analysis_31124753_31.out:    Running contrast 126/1133
deg_analysis_31124753_31.out:    Running contrast 131/1133
deg_analysis_31124753_31.out:    Running contrast 136/1133
deg_analysis_31124753_31.out:    Running contrast 141/1133
deg_analysis_31124753_31.out:    Running contrast 146/1133
deg_analysis_31124753_31.out:    Running contrast 151/1133
deg_analysis_31124753_31.out:    Running contrast 156/1133
deg_analysis_31124753_31.out:    Running contrast 161/1133
deg_analysis_31124753_31.out:    Running contrast 166/1133
deg_analysis_31124753_31.out:    Running contrast 171/1133
deg_analysis_31124753_31.out:    Running contrast 176/1133
deg_analysis_31124753_31.out:    Running contrast 181/1133
deg_analysis_31124753_31.out:    Running contrast 186/1133
deg_analysis_31124753_31.out:    Running contrast 191/1133
deg_analysis_31124753_31.out:    Running contrast 196/1133
deg_analysis_31124753_31.out:    Running contrast 201/1133
deg_analysis_31124753_31.out:    Running contrast 206/1133
deg_analysis_31124753_31.out:    Running contrast 211/1133
deg_analysis_31124753_31.out:    Running contrast 216/1133
deg_analysis_31124753_31.out:    Running contrast 221/1133
deg_analysis_31124753_31.out:    Running contrast 226/1133
deg_analysis_31124753_31.out:    Running contrast 231/1133
deg_analysis_31124753_31.out:    Running contrast 236/1133
deg_analysis_31124753_31.out:    Running contrast 241/1133
deg_analysis_31124753_31.out:    Running contrast 246/1133
deg_analysis_31124753_31.out:    Running contrast 251/1133
deg_analysis_31124753_31.out:    Running contrast 256/1133
deg_analysis_31124753_31.out:    Running contrast 261/1133
deg_analysis_31124753_31.out:    Running contrast 266/1133
deg_analysis_31124753_31.out:    Running contrast 271/1133
deg_analysis_31124753_31.out:    Running contrast 276/1133
deg_analysis_31124753_31.out:    Running contrast 281/1133
deg_analysis_31124753_31.out:    Running contrast 286/1133
deg_analysis_31124753_31.out:    Running contrast 291/1133
deg_analysis_31124753_31.out:    Running contrast 296/1133
deg_analysis_31124753_31.out:    Running contrast 301/1133
deg_analysis_31124753_31.out:    Running contrast 306/1133
deg_analysis_31124753_31.out:    Running contrast 311/1133
deg_analysis_31124753_31.out:    Running contrast 316/1133
deg_analysis_31124753_31.out:    Running contrast 321/1133
deg_analysis_31124753_31.out:    Running contrast 326/1133
deg_analysis_31124753_31.out:    Running contrast 331/1133
deg_analysis_31124753_31.out:    Running contrast 336/1133
deg_analysis_31124753_31.out:    Running contrast 341/1133
deg_analysis_31124753_31.out:    Running contrast 346/1133
deg_analysis_31124753_31.out:    Running contrast 351/1133
deg_analysis_31124753_31.out:    Running contrast 356/1133
deg_analysis_31124753_31.out:    Running contrast 361/1133
deg_analysis_31124753_31.out:    Running contrast 366/1133
deg_analysis_31124753_31.out:    Running contrast 371/1133
deg_analysis_31124753_31.out:    Running contrast 376/1133
deg_analysis_31124753_31.out:    Running contrast 381/1133
deg_analysis_31124753_31.out:    Running contrast 386/1133
deg_analysis_31124753_31.out:    Running contrast 391/1133
deg_analysis_31124753_31.out:    Running contrast 396/1133
deg_analysis_31124753_31.out:    Running contrast 401/1133
deg_analysis_31124753_31.out:    Running contrast 406/1133
deg_analysis_31124753_31.out:    Running contrast 411/1133
deg_analysis_31124753_31.out:    Running contrast 416/1133
deg_analysis_31124753_31.out:    Running contrast 421/1133
deg_analysis_31124753_31.out:    Running contrast 426/1133
deg_analysis_31124753_31.out:    Running contrast 431/1133
deg_analysis_31124753_31.out:    Running contrast 436/1133
deg_analysis_31124753_31.out:    Running contrast 441/1133
deg_analysis_31124753_31.out:    Running contrast 446/1133
deg_analysis_31124753_31.out:    Running contrast 451/1133
deg_analysis_31124753_31.out:    Running contrast 456/1133
deg_analysis_31124753_31.out:    Running contrast 461/1133
deg_analysis_31124753_31.out:    Running contrast 466/1133
deg_analysis_31124753_31.out:    Running contrast 471/1133
deg_analysis_31124753_31.out:    Running contrast 476/1133
deg_analysis_31124753_31.out:    Running contrast 481/1133
deg_analysis_31124753_31.out:    Running contrast 486/1133
deg_analysis_31124753_31.out:    Running contrast 491/1133
deg_analysis_31124753_31.out:    Running contrast 496/1133
deg_analysis_31124753_31.out:    Running contrast 501/1133
deg_analysis_31124753_31.out:    Running contrast 506/1133
deg_analysis_31124753_31.out:    Running contrast 511/1133
deg_analysis_31124753_31.out:    Running contrast 516/1133
deg_analysis_31124753_31.out:    Running contrast 521/1133
deg_analysis_31124753_31.out:    Running contrast 526/1133
deg_analysis_31124753_31.out:    Running contrast 531/1133
deg_analysis_31124753_31.out:    Running contrast 536/1133
deg_analysis_31124753_31.out:    Running contrast 541/1133
deg_analysis_31124753_31.out:    Running contrast 546/1133
deg_analysis_31124753_31.out:    Running contrast 551/1133
deg_analysis_31124753_31.out:    Running contrast 556/1133
deg_analysis_31124753_31.out:    Running contrast 561/1133
deg_analysis_31124753_31.out:    Running contrast 566/1133
deg_analysis_31124753_31.out:    Running contrast 571/1133
deg_analysis_31124753_31.out:    Running contrast 576/1133
deg_analysis_31124753_31.out:    Running contrast 581/1133
deg_analysis_31124753_31.out:    Running contrast 586/1133
deg_analysis_31124753_31.out:    Running contrast 591/1133
deg_analysis_31124753_31.out:    Running contrast 596/1133
deg_analysis_31124753_31.out:    Running contrast 601/1133
deg_analysis_31124753_31.out:    Running contrast 606/1133
deg_analysis_31124753_31.out:    Running contrast 611/1133
deg_analysis_31124753_31.out:    Running contrast 616/1133
deg_analysis_31124753_31.out:    Running contrast 621/1133
deg_analysis_31124753_31.out:    Running contrast 626/1133
deg_analysis_31124753_31.out:    Running contrast 631/1133
deg_analysis_31124753_31.out:    Running contrast 636/1133
deg_analysis_31124753_31.out:    Running contrast 641/1133
deg_analysis_31124753_31.out:    Running contrast 646/1133
deg_analysis_31124753_31.out:    Running contrast 651/1133
deg_analysis_31124753_31.out:    Running contrast 656/1133
deg_analysis_31124753_31.out:    Running contrast 661/1133
deg_analysis_31124753_31.out:    Running contrast 666/1133
deg_analysis_31124753_31.out:    Running contrast 671/1133
deg_analysis_31124753_31.out:    Running contrast 676/1133
deg_analysis_31124753_31.out:    Running contrast 681/1133
deg_analysis_31124753_31.out:    Running contrast 686/1133
deg_analysis_31124753_31.out:    Running contrast 691/1133
deg_analysis_31124753_31.out:    Running contrast 696/1133
deg_analysis_31124753_31.out:    Running contrast 701/1133
deg_analysis_31124753_31.out:    Running contrast 706/1133
deg_analysis_31124753_31.out:    Running contrast 711/1133
deg_analysis_31124753_31.out:    Running contrast 716/1133
deg_analysis_31124753_31.out:    Running contrast 721/1133
deg_analysis_31124753_31.out:    Running contrast 726/1133
deg_analysis_31124753_31.out:    Running contrast 731/1133
deg_analysis_31124753_31.out:    Running contrast 736/1133
deg_analysis_31124753_31.out:    Running contrast 741/1133
deg_analysis_31124753_31.out:    Running contrast 746/1133
deg_analysis_31124753_31.out:    Running contrast 751/1133
deg_analysis_31124753_31.out:    Running contrast 756/1133
deg_analysis_31124753_31.out:    Running contrast 761/1133
deg_analysis_31124753_31.out:    Running contrast 766/1133
deg_analysis_31124753_31.out:    Running contrast 771/1133
deg_analysis_31124753_31.out:    Running contrast 776/1133
deg_analysis_31124753_31.out:    Running contrast 781/1133
deg_analysis_31124753_31.out:    Running contrast 786/1133
deg_analysis_31124753_31.out:    Running contrast 791/1133
deg_analysis_31124753_31.out:    Running contrast 796/1133
deg_analysis_31124753_31.out:    Running contrast 801/1133
deg_analysis_31124753_31.out:    Running contrast 806/1133
deg_analysis_31124753_31.out:    Running contrast 811/1133
deg_analysis_31124753_31.out:    Running contrast 816/1133
deg_analysis_31124753_31.out:    Running contrast 821/1133
deg_analysis_31124753_31.out:    Running contrast 826/1133
deg_analysis_31124753_31.out:    Running contrast 831/1133
deg_analysis_31124753_31.out:    Running contrast 836/1133
deg_analysis_31124753_31.out:    Running contrast 841/1133
deg_analysis_31124753_31.out:    Running contrast 846/1133
deg_analysis_31124753_31.out:    Running contrast 851/1133
deg_analysis_31124753_31.out:    Running contrast 856/1133
deg_analysis_31124753_31.out:    Running contrast 861/1133
deg_analysis_31124753_31.out:    Running contrast 866/1133
deg_analysis_31124753_31.out:    Running contrast 871/1133
deg_analysis_31124753_31.out:    Running contrast 876/1133
deg_analysis_31124753_31.out:    Running contrast 881/1133
deg_analysis_31124753_31.out:    Running contrast 886/1133
deg_analysis_31124753_31.out:    Running contrast 891/1133
deg_analysis_31124753_31.out:    Running contrast 896/1133
deg_analysis_31124753_31.out:    Running contrast 901/1133
deg_analysis_31124753_31.out:    Running contrast 906/1133
deg_analysis_31124753_31.out:    Running contrast 911/1133
deg_analysis_31124753_31.out:    Running contrast 916/1133
deg_analysis_31124753_31.out:    Running contrast 921/1133
deg_analysis_31124753_31.out:    Running contrast 926/1133
deg_analysis_31124753_31.out:    Running contrast 931/1133
deg_analysis_31124753_31.out:    Running contrast 936/1133
deg_analysis_31124753_31.out:    Running contrast 941/1133
deg_analysis_31124753_31.out:    Running contrast 946/1133
deg_analysis_31124753_31.out:    Running contrast 951/1133
deg_analysis_31124753_31.out:    Running contrast 956/1133
deg_analysis_31124753_31.out:    Running contrast 961/1133
deg_analysis_31124753_31.out:    Running contrast 966/1133
deg_analysis_31124753_31.out:    Running contrast 971/1133
deg_analysis_31124753_31.out:    Running contrast 976/1133
deg_analysis_31124753_31.out:    Running contrast 981/1133
deg_analysis_31124753_31.out:    Running contrast 986/1133
deg_analysis_31124753_31.out:    Running contrast 991/1133
deg_analysis_31124753_31.out:    Running contrast 996/1133
deg_analysis_31124753_31.out:    Running contrast 1001/1133
deg_analysis_31124753_31.out:    Running contrast 1006/1133
deg_analysis_31124753_31.out:    Running contrast 1011/1133
deg_analysis_31124753_31.out:    Running contrast 1016/1133
deg_analysis_31124753_31.out:    Running contrast 1021/1133
deg_analysis_31124753_31.out:    Running contrast 1026/1133
deg_analysis_31124753_31.out:    Running contrast 1031/1133
deg_analysis_31124753_31.out:    Running contrast 1036/1133
deg_analysis_31124753_31.out:    Running contrast 1041/1133
deg_analysis_31124753_31.out:    Running contrast 1046/1133
deg_analysis_31124753_31.out:    Running contrast 1051/1133
deg_analysis_31124753_31.out:    Running contrast 1056/1133
deg_analysis_31124753_31.out:    Running contrast 1061/1133
deg_analysis_31124753_31.out:    Running contrast 1066/1133
deg_analysis_31124753_31.out:    Running contrast 1071/1133
deg_analysis_31124753_31.out:    Running contrast 1076/1133
deg_analysis_31124753_31.out:    Running contrast 1081/1133
deg_analysis_31124753_31.out:    Running contrast 1086/1133
deg_analysis_31124753_31.out:    Running contrast 1091/1133
deg_analysis_31124753_31.out:    Running contrast 1096/1133
deg_analysis_31124753_31.out:    Running contrast 1101/1133
deg_analysis_31124753_31.out:    Running contrast 1106/1133
deg_analysis_31124753_31.out:    Running contrast 1111/1133
deg_analysis_31124753_31.out:    Running contrast 1116/1133
deg_analysis_31124753_31.out:    Running contrast 1121/1133
deg_analysis_31124753_31.out:    Running contrast 1126/1133
deg_analysis_31124753_31.out:    Running contrast 1131/1133
deg_analysis_31124753_31.out:    Running contrast 1133/1133
deg_analysis_31124753_31.out:
deg_analysis_31124753_31.out:    Writing:  ./data/tahoe/deg_data/group_rep/full/qc_false/filter_min_cells_50/CVCL_1285_de.h5ad 
deg_analysis_31124753_31.out:
deg_analysis_31124753_31.out:    Rewriting h5ad file: ./data/tahoe/deg_data/group_rep/full/qc_false/filter_min_cells_50/CVCL_1285_de.h5ad 
deg_analysis_31124753_31.out:    Removed X matrix
deg_analysis_31124753_31.out:    Rewriting h5ad file is done!
deg_analysis_31124753_31.out:✓ Cell line completed in 9613.0 seconds
deg_analysis_31124753_31.out:
deg_analysis_31124753_31.out:DE analysis completed!
deg_analysis_31124753_31.out:
deg_analysis_31124753_31.out:Total runtime: 9624.7 seconds
deg_analysis_31124753_32.out:
deg_analysis_31124753_32.out:DE analysis started...
deg_analysis_31124753_32.out:Loaded input file:  ./data/tahoe/pseudobulk_processed/group_rep/by_celltype/CVCL_1381_processed.h5ad 
deg_analysis_31124753_32.out:Initial dimensions:  1342  samples ×  62710  genes
deg_analysis_31124753_32.out:Filter samples with the low number of cells
deg_analysis_31124753_32.out:    Filter threshold (min_cells):  50 
deg_analysis_31124753_32.out:    n_obs:  1342 -->  1329 
deg_analysis_31124753_32.out:
deg_analysis_31124753_32.out:▶︎ Processing cell_type  1 / 1 :  CVCL_1381 
deg_analysis_31124753_32.out:    Filter controls by  pert_time_h  column
deg_analysis_31124753_32.out:        n_obs:  1329 -->  1329 
deg_analysis_31124753_32.out:
deg_analysis_31124753_32.out:    Running contrast 1/1132
deg_analysis_31124753_32.out:    Running contrast 6/1132
deg_analysis_31124753_32.out:    Running contrast 11/1132
deg_analysis_31124753_32.out:    Running contrast 16/1132
deg_analysis_31124753_32.out:    Running contrast 21/1132
deg_analysis_31124753_32.out:    Running contrast 26/1132
deg_analysis_31124753_32.out:    Running contrast 31/1132
deg_analysis_31124753_32.out:    Running contrast 36/1132
deg_analysis_31124753_32.out:    Running contrast 41/1132
deg_analysis_31124753_32.out:    Running contrast 46/1132
deg_analysis_31124753_32.out:    Running contrast 51/1132
deg_analysis_31124753_32.out:    Running contrast 56/1132
deg_analysis_31124753_32.out:    Running contrast 61/1132
deg_analysis_31124753_32.out:    Running contrast 66/1132
deg_analysis_31124753_32.out:    Running contrast 71/1132
deg_analysis_31124753_32.out:    Running contrast 76/1132
deg_analysis_31124753_32.out:    Running contrast 81/1132
deg_analysis_31124753_32.out:    Running contrast 86/1132
deg_analysis_31124753_32.out:    Running contrast 91/1132
deg_analysis_31124753_32.out:    Running contrast 96/1132
deg_analysis_31124753_32.out:    Running contrast 101/1132
deg_analysis_31124753_32.out:    Running contrast 106/1132
deg_analysis_31124753_32.out:    Running contrast 111/1132
deg_analysis_31124753_32.out:    Running contrast 116/1132
deg_analysis_31124753_32.out:    Running contrast 121/1132
deg_analysis_31124753_32.out:    Running contrast 126/1132
deg_analysis_31124753_32.out:    Running contrast 131/1132
deg_analysis_31124753_32.out:    Running contrast 136/1132
deg_analysis_31124753_32.out:    Running contrast 141/1132
deg_analysis_31124753_32.out:    Running contrast 146/1132
deg_analysis_31124753_32.out:    Running contrast 151/1132
deg_analysis_31124753_32.out:    Running contrast 156/1132
deg_analysis_31124753_32.out:    Running contrast 161/1132
deg_analysis_31124753_32.out:    Running contrast 166/1132
deg_analysis_31124753_32.out:    Running contrast 171/1132
deg_analysis_31124753_32.out:    Running contrast 176/1132
deg_analysis_31124753_32.out:    Running contrast 181/1132
deg_analysis_31124753_32.out:    Running contrast 186/1132
deg_analysis_31124753_32.out:    Running contrast 191/1132
deg_analysis_31124753_32.out:    Running contrast 196/1132
deg_analysis_31124753_32.out:    Running contrast 201/1132
deg_analysis_31124753_32.out:    Running contrast 206/1132
deg_analysis_31124753_32.out:    Running contrast 211/1132
deg_analysis_31124753_32.out:    Running contrast 216/1132
deg_analysis_31124753_32.out:    Running contrast 221/1132
deg_analysis_31124753_32.out:    Running contrast 226/1132
deg_analysis_31124753_32.out:    Running contrast 231/1132
deg_analysis_31124753_32.out:    Running contrast 236/1132
deg_analysis_31124753_32.out:    Running contrast 241/1132
deg_analysis_31124753_32.out:    Running contrast 246/1132
deg_analysis_31124753_32.out:    Running contrast 251/1132
deg_analysis_31124753_32.out:    Running contrast 256/1132
deg_analysis_31124753_32.out:    Running contrast 261/1132
deg_analysis_31124753_32.out:    Running contrast 266/1132
deg_analysis_31124753_32.out:    Running contrast 271/1132
deg_analysis_31124753_32.out:    Running contrast 276/1132
deg_analysis_31124753_32.out:    Running contrast 281/1132
deg_analysis_31124753_32.out:    Running contrast 286/1132
deg_analysis_31124753_32.out:    Running contrast 291/1132
deg_analysis_31124753_32.out:    Running contrast 296/1132
deg_analysis_31124753_32.out:    Running contrast 301/1132
deg_analysis_31124753_32.out:    Running contrast 306/1132
deg_analysis_31124753_32.out:    Running contrast 311/1132
deg_analysis_31124753_32.out:    Running contrast 316/1132
deg_analysis_31124753_32.out:    Running contrast 321/1132
deg_analysis_31124753_32.out:    Running contrast 326/1132
deg_analysis_31124753_32.out:    Running contrast 331/1132
deg_analysis_31124753_32.out:    Running contrast 336/1132
deg_analysis_31124753_32.out:    Running contrast 341/1132
deg_analysis_31124753_32.out:    Running contrast 346/1132
deg_analysis_31124753_32.out:    Running contrast 351/1132
deg_analysis_31124753_32.out:    Running contrast 356/1132
deg_analysis_31124753_32.out:    Running contrast 361/1132
deg_analysis_31124753_32.out:    Running contrast 366/1132
deg_analysis_31124753_32.out:    Running contrast 371/1132
deg_analysis_31124753_32.out:    Running contrast 376/1132
deg_analysis_31124753_32.out:    Running contrast 381/1132
deg_analysis_31124753_32.out:    Running contrast 386/1132
deg_analysis_31124753_32.out:    Running contrast 391/1132
deg_analysis_31124753_32.out:    Running contrast 396/1132
deg_analysis_31124753_32.out:    Running contrast 401/1132
deg_analysis_31124753_32.out:    Running contrast 406/1132
deg_analysis_31124753_32.out:    Running contrast 411/1132
deg_analysis_31124753_32.out:    Running contrast 416/1132
deg_analysis_31124753_32.out:    Running contrast 421/1132
deg_analysis_31124753_32.out:    Running contrast 426/1132
deg_analysis_31124753_32.out:    Running contrast 431/1132
deg_analysis_31124753_32.out:    Running contrast 436/1132
deg_analysis_31124753_32.out:    Running contrast 441/1132
deg_analysis_31124753_32.out:    Running contrast 446/1132
deg_analysis_31124753_32.out:    Running contrast 451/1132
deg_analysis_31124753_32.out:    Running contrast 456/1132
deg_analysis_31124753_32.out:    Running contrast 461/1132
deg_analysis_31124753_32.out:    Running contrast 466/1132
deg_analysis_31124753_32.out:    Running contrast 471/1132
deg_analysis_31124753_32.out:    Running contrast 476/1132
deg_analysis_31124753_32.out:    Running contrast 481/1132
deg_analysis_31124753_32.out:    Running contrast 486/1132
deg_analysis_31124753_32.out:    Running contrast 491/1132
deg_analysis_31124753_32.out:    Running contrast 496/1132
deg_analysis_31124753_32.out:    Running contrast 501/1132
deg_analysis_31124753_32.out:    Running contrast 506/1132
deg_analysis_31124753_32.out:    Running contrast 511/1132
deg_analysis_31124753_32.out:    Running contrast 516/1132
deg_analysis_31124753_32.out:    Running contrast 521/1132
deg_analysis_31124753_32.out:    Running contrast 526/1132
deg_analysis_31124753_32.out:    Running contrast 531/1132
deg_analysis_31124753_32.out:    Running contrast 536/1132
deg_analysis_31124753_32.out:    Running contrast 541/1132
deg_analysis_31124753_32.out:    Running contrast 546/1132
deg_analysis_31124753_32.out:    Running contrast 551/1132
deg_analysis_31124753_32.out:    Running contrast 556/1132
deg_analysis_31124753_32.out:    Running contrast 561/1132
deg_analysis_31124753_32.out:    Running contrast 566/1132
deg_analysis_31124753_32.out:    Running contrast 571/1132
deg_analysis_31124753_32.out:    Running contrast 576/1132
deg_analysis_31124753_32.out:    Running contrast 581/1132
deg_analysis_31124753_32.out:    Running contrast 586/1132
deg_analysis_31124753_32.out:    Running contrast 591/1132
deg_analysis_31124753_32.out:    Running contrast 596/1132
deg_analysis_31124753_32.out:    Running contrast 601/1132
deg_analysis_31124753_32.out:    Running contrast 606/1132
deg_analysis_31124753_32.out:    Running contrast 611/1132
deg_analysis_31124753_32.out:    Running contrast 616/1132
deg_analysis_31124753_32.out:    Running contrast 621/1132
deg_analysis_31124753_32.out:    Running contrast 626/1132
deg_analysis_31124753_32.out:    Running contrast 631/1132
deg_analysis_31124753_32.out:    Running contrast 636/1132
deg_analysis_31124753_32.out:    Running contrast 641/1132
deg_analysis_31124753_32.out:    Running contrast 646/1132
deg_analysis_31124753_32.out:    Running contrast 651/1132
deg_analysis_31124753_32.out:    Running contrast 656/1132
deg_analysis_31124753_32.out:    Running contrast 661/1132
deg_analysis_31124753_32.out:    Running contrast 666/1132
deg_analysis_31124753_32.out:    Running contrast 671/1132
deg_analysis_31124753_32.out:    Running contrast 676/1132
deg_analysis_31124753_32.out:    Running contrast 681/1132
deg_analysis_31124753_32.out:    Running contrast 686/1132
deg_analysis_31124753_32.out:    Running contrast 691/1132
deg_analysis_31124753_32.out:    Running contrast 696/1132
deg_analysis_31124753_32.out:    Running contrast 701/1132
deg_analysis_31124753_32.out:    Running contrast 706/1132
deg_analysis_31124753_32.out:    Running contrast 711/1132
deg_analysis_31124753_32.out:    Running contrast 716/1132
deg_analysis_31124753_32.out:    Running contrast 721/1132
deg_analysis_31124753_32.out:    Running contrast 726/1132
deg_analysis_31124753_32.out:    Running contrast 731/1132
deg_analysis_31124753_32.out:    Running contrast 736/1132
deg_analysis_31124753_32.out:    Running contrast 741/1132
deg_analysis_31124753_32.out:    Running contrast 746/1132
deg_analysis_31124753_32.out:    Running contrast 751/1132
deg_analysis_31124753_32.out:    Running contrast 756/1132
deg_analysis_31124753_32.out:    Running contrast 761/1132
deg_analysis_31124753_32.out:    Running contrast 766/1132
deg_analysis_31124753_32.out:    Running contrast 771/1132
deg_analysis_31124753_32.out:    Running contrast 776/1132
deg_analysis_31124753_32.out:    Running contrast 781/1132
deg_analysis_31124753_32.out:    Running contrast 786/1132
deg_analysis_31124753_32.out:    Running contrast 791/1132
deg_analysis_31124753_32.out:    Running contrast 796/1132
deg_analysis_31124753_32.out:    Running contrast 801/1132
deg_analysis_31124753_32.out:    Running contrast 806/1132
deg_analysis_31124753_32.out:    Running contrast 811/1132
deg_analysis_31124753_32.out:    Running contrast 816/1132
deg_analysis_31124753_32.out:    Running contrast 821/1132
deg_analysis_31124753_32.out:    Running contrast 826/1132
deg_analysis_31124753_32.out:    Running contrast 831/1132
deg_analysis_31124753_32.out:    Running contrast 836/1132
deg_analysis_31124753_32.out:    Running contrast 841/1132
deg_analysis_31124753_32.out:    Running contrast 846/1132
deg_analysis_31124753_32.out:    Running contrast 851/1132
deg_analysis_31124753_32.out:    Running contrast 856/1132
deg_analysis_31124753_32.out:    Running contrast 861/1132
deg_analysis_31124753_32.out:    Running contrast 866/1132
deg_analysis_31124753_32.out:    Running contrast 871/1132
deg_analysis_31124753_32.out:    Running contrast 876/1132
deg_analysis_31124753_32.out:    Running contrast 881/1132
deg_analysis_31124753_32.out:    Running contrast 886/1132
deg_analysis_31124753_32.out:    Running contrast 891/1132
deg_analysis_31124753_32.out:    Running contrast 896/1132
deg_analysis_31124753_32.out:    Running contrast 901/1132
deg_analysis_31124753_32.out:    Running contrast 906/1132
deg_analysis_31124753_32.out:    Running contrast 911/1132
deg_analysis_31124753_32.out:    Running contrast 916/1132
deg_analysis_31124753_32.out:    Running contrast 921/1132
deg_analysis_31124753_32.out:    Running contrast 926/1132
deg_analysis_31124753_32.out:    Running contrast 931/1132
deg_analysis_31124753_32.out:    Running contrast 936/1132
deg_analysis_31124753_32.out:    Running contrast 941/1132
deg_analysis_31124753_32.out:    Running contrast 946/1132
deg_analysis_31124753_32.out:    Running contrast 951/1132
deg_analysis_31124753_32.out:    Running contrast 956/1132
deg_analysis_31124753_32.out:    Running contrast 961/1132
deg_analysis_31124753_32.out:    Running contrast 966/1132
deg_analysis_31124753_32.out:    Running contrast 971/1132
deg_analysis_31124753_32.out:    Running contrast 976/1132
deg_analysis_31124753_32.out:    Running contrast 981/1132
deg_analysis_31124753_32.out:    Running contrast 986/1132
deg_analysis_31124753_32.out:    Running contrast 991/1132
deg_analysis_31124753_32.out:    Running contrast 996/1132
deg_analysis_31124753_32.out:    Running contrast 1001/1132
deg_analysis_31124753_32.out:    Running contrast 1006/1132
deg_analysis_31124753_32.out:    Running contrast 1011/1132
deg_analysis_31124753_32.out:    Running contrast 1016/1132
deg_analysis_31124753_32.out:    Running contrast 1021/1132
deg_analysis_31124753_32.out:    Running contrast 1026/1132
deg_analysis_31124753_32.out:    Running contrast 1031/1132
deg_analysis_31124753_32.out:    Running contrast 1036/1132
deg_analysis_31124753_32.out:    Running contrast 1041/1132
deg_analysis_31124753_32.out:    Running contrast 1046/1132
deg_analysis_31124753_32.out:    Running contrast 1051/1132
deg_analysis_31124753_32.out:    Running contrast 1056/1132
deg_analysis_31124753_32.out:    Running contrast 1061/1132
deg_analysis_31124753_32.out:    Running contrast 1066/1132
deg_analysis_31124753_32.out:    Running contrast 1071/1132
deg_analysis_31124753_32.out:    Running contrast 1076/1132
deg_analysis_31124753_32.out:    Running contrast 1081/1132
deg_analysis_31124753_32.out:    Running contrast 1086/1132
deg_analysis_31124753_32.out:    Running contrast 1091/1132
deg_analysis_31124753_32.out:    Running contrast 1096/1132
deg_analysis_31124753_32.out:    Running contrast 1101/1132
deg_analysis_31124753_32.out:    Running contrast 1106/1132
deg_analysis_31124753_32.out:    Running contrast 1111/1132
deg_analysis_31124753_32.out:    Running contrast 1116/1132
deg_analysis_31124753_32.out:    Running contrast 1121/1132
deg_analysis_31124753_32.out:    Running contrast 1126/1132
deg_analysis_31124753_32.out:    Running contrast 1131/1132
deg_analysis_31124753_32.out:    Running contrast 1132/1132
deg_analysis_31124753_32.out:
deg_analysis_31124753_32.out:    Writing:  ./data/tahoe/deg_data/group_rep/full/qc_false/filter_min_cells_50/CVCL_1381_de.h5ad 
deg_analysis_31124753_32.out:
deg_analysis_31124753_32.out:    Rewriting h5ad file: ./data/tahoe/deg_data/group_rep/full/qc_false/filter_min_cells_50/CVCL_1381_de.h5ad 
deg_analysis_31124753_32.out:    Removed X matrix
deg_analysis_31124753_32.out:    Rewriting h5ad file is done!
deg_analysis_31124753_32.out:✓ Cell line completed in 9263.5 seconds
deg_analysis_31124753_32.out:
deg_analysis_31124753_32.out:DE analysis completed!
deg_analysis_31124753_32.out:
deg_analysis_31124753_32.out:Total runtime: 9276.8 seconds
deg_analysis_31124753_33.out:
deg_analysis_31124753_33.out:DE analysis started...
deg_analysis_31124753_33.out:Loaded input file:  ./data/tahoe/pseudobulk_processed/group_rep/by_celltype/CVCL_1478_processed.h5ad 
deg_analysis_31124753_33.out:Initial dimensions:  1341  samples ×  62710  genes
deg_analysis_31124753_33.out:Filter samples with the low number of cells
deg_analysis_31124753_33.out:    Filter threshold (min_cells):  50 
deg_analysis_31124753_33.out:    n_obs:  1341 -->  1329 
deg_analysis_31124753_33.out:
deg_analysis_31124753_33.out:▶︎ Processing cell_type  1 / 1 :  CVCL_1478 
deg_analysis_31124753_33.out:    Filter controls by  pert_time_h  column
deg_analysis_31124753_33.out:        n_obs:  1329 -->  1329 
deg_analysis_31124753_33.out:
deg_analysis_31124753_33.out:    Running contrast 1/1132
deg_analysis_31124753_33.out:    Running contrast 6/1132
deg_analysis_31124753_33.out:    Running contrast 11/1132
deg_analysis_31124753_33.out:    Running contrast 16/1132
deg_analysis_31124753_33.out:    Running contrast 21/1132
deg_analysis_31124753_33.out:    Running contrast 26/1132
deg_analysis_31124753_33.out:    Running contrast 31/1132
deg_analysis_31124753_33.out:    Running contrast 36/1132
deg_analysis_31124753_33.out:    Running contrast 41/1132
deg_analysis_31124753_33.out:    Running contrast 46/1132
deg_analysis_31124753_33.out:    Running contrast 51/1132
deg_analysis_31124753_33.out:    Running contrast 56/1132
deg_analysis_31124753_33.out:    Running contrast 61/1132
deg_analysis_31124753_33.out:    Running contrast 66/1132
deg_analysis_31124753_33.out:    Running contrast 71/1132
deg_analysis_31124753_33.out:    Running contrast 76/1132
deg_analysis_31124753_33.out:    Running contrast 81/1132
deg_analysis_31124753_33.out:    Running contrast 86/1132
deg_analysis_31124753_33.out:    Running contrast 91/1132
deg_analysis_31124753_33.out:    Running contrast 96/1132
deg_analysis_31124753_33.out:    Running contrast 101/1132
deg_analysis_31124753_33.out:    Running contrast 106/1132
deg_analysis_31124753_33.out:    Running contrast 111/1132
deg_analysis_31124753_33.out:    Running contrast 116/1132
deg_analysis_31124753_33.out:    Running contrast 121/1132
deg_analysis_31124753_33.out:    Running contrast 126/1132
deg_analysis_31124753_33.out:    Running contrast 131/1132
deg_analysis_31124753_33.out:    Running contrast 136/1132
deg_analysis_31124753_33.out:    Running contrast 141/1132
deg_analysis_31124753_33.out:    Running contrast 146/1132
deg_analysis_31124753_33.out:    Running contrast 151/1132
deg_analysis_31124753_33.out:    Running contrast 156/1132
deg_analysis_31124753_33.out:    Running contrast 161/1132
deg_analysis_31124753_33.out:    Running contrast 166/1132
deg_analysis_31124753_33.out:    Running contrast 171/1132
deg_analysis_31124753_33.out:    Running contrast 176/1132
deg_analysis_31124753_33.out:    Running contrast 181/1132
deg_analysis_31124753_33.out:    Running contrast 186/1132
deg_analysis_31124753_33.out:    Running contrast 191/1132
deg_analysis_31124753_33.out:    Running contrast 196/1132
deg_analysis_31124753_33.out:    Running contrast 201/1132
deg_analysis_31124753_33.out:    Running contrast 206/1132
deg_analysis_31124753_33.out:    Running contrast 211/1132
deg_analysis_31124753_33.out:    Running contrast 216/1132
deg_analysis_31124753_33.out:    Running contrast 221/1132
deg_analysis_31124753_33.out:    Running contrast 226/1132
deg_analysis_31124753_33.out:    Running contrast 231/1132
deg_analysis_31124753_33.out:    Running contrast 236/1132
deg_analysis_31124753_33.out:    Running contrast 241/1132
deg_analysis_31124753_33.out:    Running contrast 246/1132
deg_analysis_31124753_33.out:    Running contrast 251/1132
deg_analysis_31124753_33.out:    Running contrast 256/1132
deg_analysis_31124753_33.out:    Running contrast 261/1132
deg_analysis_31124753_33.out:    Running contrast 266/1132
deg_analysis_31124753_33.out:    Running contrast 271/1132
deg_analysis_31124753_33.out:    Running contrast 276/1132
deg_analysis_31124753_33.out:    Running contrast 281/1132
deg_analysis_31124753_33.out:    Running contrast 286/1132
deg_analysis_31124753_33.out:    Running contrast 291/1132
deg_analysis_31124753_33.out:    Running contrast 296/1132
deg_analysis_31124753_33.out:    Running contrast 301/1132
deg_analysis_31124753_33.out:    Running contrast 306/1132
deg_analysis_31124753_33.out:    Running contrast 311/1132
deg_analysis_31124753_33.out:    Running contrast 316/1132
deg_analysis_31124753_33.out:    Running contrast 321/1132
deg_analysis_31124753_33.out:    Running contrast 326/1132
deg_analysis_31124753_33.out:    Running contrast 331/1132
deg_analysis_31124753_33.out:    Running contrast 336/1132
deg_analysis_31124753_33.out:    Running contrast 341/1132
deg_analysis_31124753_33.out:    Running contrast 346/1132
deg_analysis_31124753_33.out:    Running contrast 351/1132
deg_analysis_31124753_33.out:    Running contrast 356/1132
deg_analysis_31124753_33.out:    Running contrast 361/1132
deg_analysis_31124753_33.out:    Running contrast 366/1132
deg_analysis_31124753_33.out:    Running contrast 371/1132
deg_analysis_31124753_33.out:    Running contrast 376/1132
deg_analysis_31124753_33.out:    Running contrast 381/1132
deg_analysis_31124753_33.out:    Running contrast 386/1132
deg_analysis_31124753_33.out:    Running contrast 391/1132
deg_analysis_31124753_33.out:    Running contrast 396/1132
deg_analysis_31124753_33.out:    Running contrast 401/1132
deg_analysis_31124753_33.out:    Running contrast 406/1132
deg_analysis_31124753_33.out:    Running contrast 411/1132
deg_analysis_31124753_33.out:    Running contrast 416/1132
deg_analysis_31124753_33.out:    Running contrast 421/1132
deg_analysis_31124753_33.out:    Running contrast 426/1132
deg_analysis_31124753_33.out:    Running contrast 431/1132
deg_analysis_31124753_33.out:    Running contrast 436/1132
deg_analysis_31124753_33.out:    Running contrast 441/1132
deg_analysis_31124753_33.out:    Running contrast 446/1132
deg_analysis_31124753_33.out:    Running contrast 451/1132
deg_analysis_31124753_33.out:    Running contrast 456/1132
deg_analysis_31124753_33.out:    Running contrast 461/1132
deg_analysis_31124753_33.out:    Running contrast 466/1132
deg_analysis_31124753_33.out:    Running contrast 471/1132
deg_analysis_31124753_33.out:    Running contrast 476/1132
deg_analysis_31124753_33.out:    Running contrast 481/1132
deg_analysis_31124753_33.out:    Running contrast 486/1132
deg_analysis_31124753_33.out:    Running contrast 491/1132
deg_analysis_31124753_33.out:    Running contrast 496/1132
deg_analysis_31124753_33.out:    Running contrast 501/1132
deg_analysis_31124753_33.out:    Running contrast 506/1132
deg_analysis_31124753_33.out:    Running contrast 511/1132
deg_analysis_31124753_33.out:    Running contrast 516/1132
deg_analysis_31124753_33.out:    Running contrast 521/1132
deg_analysis_31124753_33.out:    Running contrast 526/1132
deg_analysis_31124753_33.out:    Running contrast 531/1132
deg_analysis_31124753_33.out:    Running contrast 536/1132
deg_analysis_31124753_33.out:    Running contrast 541/1132
deg_analysis_31124753_33.out:    Running contrast 546/1132
deg_analysis_31124753_33.out:    Running contrast 551/1132
deg_analysis_31124753_33.out:    Running contrast 556/1132
deg_analysis_31124753_33.out:    Running contrast 561/1132
deg_analysis_31124753_33.out:    Running contrast 566/1132
deg_analysis_31124753_33.out:    Running contrast 571/1132
deg_analysis_31124753_33.out:    Running contrast 576/1132
deg_analysis_31124753_33.out:    Running contrast 581/1132
deg_analysis_31124753_33.out:    Running contrast 586/1132
deg_analysis_31124753_33.out:    Running contrast 591/1132
deg_analysis_31124753_33.out:    Running contrast 596/1132
deg_analysis_31124753_33.out:    Running contrast 601/1132
deg_analysis_31124753_33.out:    Running contrast 606/1132
deg_analysis_31124753_33.out:    Running contrast 611/1132
deg_analysis_31124753_33.out:    Running contrast 616/1132
deg_analysis_31124753_33.out:    Running contrast 621/1132
deg_analysis_31124753_33.out:    Running contrast 626/1132
deg_analysis_31124753_33.out:    Running contrast 631/1132
deg_analysis_31124753_33.out:    Running contrast 636/1132
deg_analysis_31124753_33.out:    Running contrast 641/1132
deg_analysis_31124753_33.out:    Running contrast 646/1132
deg_analysis_31124753_33.out:    Running contrast 651/1132
deg_analysis_31124753_33.out:    Running contrast 656/1132
deg_analysis_31124753_33.out:    Running contrast 661/1132
deg_analysis_31124753_33.out:    Running contrast 666/1132
deg_analysis_31124753_33.out:    Running contrast 671/1132
deg_analysis_31124753_33.out:    Running contrast 676/1132
deg_analysis_31124753_33.out:    Running contrast 681/1132
deg_analysis_31124753_33.out:    Running contrast 686/1132
deg_analysis_31124753_33.out:    Running contrast 691/1132
deg_analysis_31124753_33.out:    Running contrast 696/1132
deg_analysis_31124753_33.out:    Running contrast 701/1132
deg_analysis_31124753_33.out:    Running contrast 706/1132
deg_analysis_31124753_33.out:    Running contrast 711/1132
deg_analysis_31124753_33.out:    Running contrast 716/1132
deg_analysis_31124753_33.out:    Running contrast 721/1132
deg_analysis_31124753_33.out:    Running contrast 726/1132
deg_analysis_31124753_33.out:    Running contrast 731/1132
deg_analysis_31124753_33.out:    Running contrast 736/1132
deg_analysis_31124753_33.out:    Running contrast 741/1132
deg_analysis_31124753_33.out:    Running contrast 746/1132
deg_analysis_31124753_33.out:    Running contrast 751/1132
deg_analysis_31124753_33.out:    Running contrast 756/1132
deg_analysis_31124753_33.out:    Running contrast 761/1132
deg_analysis_31124753_33.out:    Running contrast 766/1132
deg_analysis_31124753_33.out:    Running contrast 771/1132
deg_analysis_31124753_33.out:    Running contrast 776/1132
deg_analysis_31124753_33.out:    Running contrast 781/1132
deg_analysis_31124753_33.out:    Running contrast 786/1132
deg_analysis_31124753_33.out:    Running contrast 791/1132
deg_analysis_31124753_33.out:    Running contrast 796/1132
deg_analysis_31124753_33.out:    Running contrast 801/1132
deg_analysis_31124753_33.out:    Running contrast 806/1132
deg_analysis_31124753_33.out:    Running contrast 811/1132
deg_analysis_31124753_33.out:    Running contrast 816/1132
deg_analysis_31124753_33.out:    Running contrast 821/1132
deg_analysis_31124753_33.out:    Running contrast 826/1132
deg_analysis_31124753_33.out:    Running contrast 831/1132
deg_analysis_31124753_33.out:    Running contrast 836/1132
deg_analysis_31124753_33.out:    Running contrast 841/1132
deg_analysis_31124753_33.out:    Running contrast 846/1132
deg_analysis_31124753_33.out:    Running contrast 851/1132
deg_analysis_31124753_33.out:    Running contrast 856/1132
deg_analysis_31124753_33.out:    Running contrast 861/1132
deg_analysis_31124753_33.out:    Running contrast 866/1132
deg_analysis_31124753_33.out:    Running contrast 871/1132
deg_analysis_31124753_33.out:    Running contrast 876/1132
deg_analysis_31124753_33.out:    Running contrast 881/1132
deg_analysis_31124753_33.out:    Running contrast 886/1132
deg_analysis_31124753_33.out:    Running contrast 891/1132
deg_analysis_31124753_33.out:    Running contrast 896/1132
deg_analysis_31124753_33.out:    Running contrast 901/1132
deg_analysis_31124753_33.out:    Running contrast 906/1132
deg_analysis_31124753_33.out:    Running contrast 911/1132
deg_analysis_31124753_33.out:    Running contrast 916/1132
deg_analysis_31124753_33.out:    Running contrast 921/1132
deg_analysis_31124753_33.out:    Running contrast 926/1132
deg_analysis_31124753_33.out:    Running contrast 931/1132
deg_analysis_31124753_33.out:    Running contrast 936/1132
deg_analysis_31124753_33.out:    Running contrast 941/1132
deg_analysis_31124753_33.out:    Running contrast 946/1132
deg_analysis_31124753_33.out:    Running contrast 951/1132
deg_analysis_31124753_33.out:    Running contrast 956/1132
deg_analysis_31124753_33.out:    Running contrast 961/1132
deg_analysis_31124753_33.out:    Running contrast 966/1132
deg_analysis_31124753_33.out:    Running contrast 971/1132
deg_analysis_31124753_33.out:    Running contrast 976/1132
deg_analysis_31124753_33.out:    Running contrast 981/1132
deg_analysis_31124753_33.out:    Running contrast 986/1132
deg_analysis_31124753_33.out:    Running contrast 991/1132
deg_analysis_31124753_33.out:    Running contrast 996/1132
deg_analysis_31124753_33.out:    Running contrast 1001/1132
deg_analysis_31124753_33.out:    Running contrast 1006/1132
deg_analysis_31124753_33.out:    Running contrast 1011/1132
deg_analysis_31124753_33.out:    Running contrast 1016/1132
deg_analysis_31124753_33.out:    Running contrast 1021/1132
deg_analysis_31124753_33.out:    Running contrast 1026/1132
deg_analysis_31124753_33.out:    Running contrast 1031/1132
deg_analysis_31124753_33.out:    Running contrast 1036/1132
deg_analysis_31124753_33.out:    Running contrast 1041/1132
deg_analysis_31124753_33.out:    Running contrast 1046/1132
deg_analysis_31124753_33.out:    Running contrast 1051/1132
deg_analysis_31124753_33.out:    Running contrast 1056/1132
deg_analysis_31124753_33.out:    Running contrast 1061/1132
deg_analysis_31124753_33.out:    Running contrast 1066/1132
deg_analysis_31124753_33.out:    Running contrast 1071/1132
deg_analysis_31124753_33.out:    Running contrast 1076/1132
deg_analysis_31124753_33.out:    Running contrast 1081/1132
deg_analysis_31124753_33.out:    Running contrast 1086/1132
deg_analysis_31124753_33.out:    Running contrast 1091/1132
deg_analysis_31124753_33.out:    Running contrast 1096/1132
deg_analysis_31124753_33.out:    Running contrast 1101/1132
deg_analysis_31124753_33.out:    Running contrast 1106/1132
deg_analysis_31124753_33.out:    Running contrast 1111/1132
deg_analysis_31124753_33.out:    Running contrast 1116/1132
deg_analysis_31124753_33.out:    Running contrast 1121/1132
deg_analysis_31124753_33.out:    Running contrast 1126/1132
deg_analysis_31124753_33.out:    Running contrast 1131/1132
deg_analysis_31124753_33.out:    Running contrast 1132/1132
deg_analysis_31124753_33.out:
deg_analysis_31124753_33.out:    Writing:  ./data/tahoe/deg_data/group_rep/full/qc_false/filter_min_cells_50/CVCL_1478_de.h5ad 
deg_analysis_31124753_33.out:
deg_analysis_31124753_33.out:    Rewriting h5ad file: ./data/tahoe/deg_data/group_rep/full/qc_false/filter_min_cells_50/CVCL_1478_de.h5ad 
deg_analysis_31124753_33.out:    Removed X matrix
deg_analysis_31124753_33.out:    Rewriting h5ad file is done!
deg_analysis_31124753_33.out:✓ Cell line completed in 6488.3 seconds
deg_analysis_31124753_33.out:
deg_analysis_31124753_33.out:DE analysis completed!
deg_analysis_31124753_33.out:
deg_analysis_31124753_33.out:Total runtime: 6505.8 seconds
deg_analysis_31124753_34.out:
deg_analysis_31124753_34.out:DE analysis started...
deg_analysis_31124753_34.out:Loaded input file:  ./data/tahoe/pseudobulk_processed/group_rep/by_celltype/CVCL_1495_processed.h5ad 
deg_analysis_31124753_34.out:Initial dimensions:  1338  samples ×  62710  genes
deg_analysis_31124753_34.out:Filter samples with the low number of cells
deg_analysis_31124753_34.out:    Filter threshold (min_cells):  50 
deg_analysis_31124753_34.out:    n_obs:  1338 -->  1329 
deg_analysis_31124753_34.out:
deg_analysis_31124753_34.out:▶︎ Processing cell_type  1 / 1 :  CVCL_1495 
deg_analysis_31124753_34.out:    Filter controls by  pert_time_h  column
deg_analysis_31124753_34.out:        n_obs:  1329 -->  1329 
deg_analysis_31124753_34.out:
deg_analysis_31124753_34.out:    Running contrast 1/1132
deg_analysis_31124753_34.out:    Running contrast 6/1132
deg_analysis_31124753_34.out:    Running contrast 11/1132
deg_analysis_31124753_34.out:    Running contrast 16/1132
deg_analysis_31124753_34.out:    Running contrast 21/1132
deg_analysis_31124753_34.out:    Running contrast 26/1132
deg_analysis_31124753_34.out:    Running contrast 31/1132
deg_analysis_31124753_34.out:    Running contrast 36/1132
deg_analysis_31124753_34.out:    Running contrast 41/1132
deg_analysis_31124753_34.out:    Running contrast 46/1132
deg_analysis_31124753_34.out:    Running contrast 51/1132
deg_analysis_31124753_34.out:    Running contrast 56/1132
deg_analysis_31124753_34.out:    Running contrast 61/1132
deg_analysis_31124753_34.out:    Running contrast 66/1132
deg_analysis_31124753_34.out:    Running contrast 71/1132
deg_analysis_31124753_34.out:    Running contrast 76/1132
deg_analysis_31124753_34.out:    Running contrast 81/1132
deg_analysis_31124753_34.out:    Running contrast 86/1132
deg_analysis_31124753_34.out:    Running contrast 91/1132
deg_analysis_31124753_34.out:    Running contrast 96/1132
deg_analysis_31124753_34.out:    Running contrast 101/1132
deg_analysis_31124753_34.out:    Running contrast 106/1132
deg_analysis_31124753_34.out:    Running contrast 111/1132
deg_analysis_31124753_34.out:    Running contrast 116/1132
deg_analysis_31124753_34.out:    Running contrast 121/1132
deg_analysis_31124753_34.out:    Running contrast 126/1132
deg_analysis_31124753_34.out:    Running contrast 131/1132
deg_analysis_31124753_34.out:    Running contrast 136/1132
deg_analysis_31124753_34.out:    Running contrast 141/1132
deg_analysis_31124753_34.out:    Running contrast 146/1132
deg_analysis_31124753_34.out:    Running contrast 151/1132
deg_analysis_31124753_34.out:    Running contrast 156/1132
deg_analysis_31124753_34.out:    Running contrast 161/1132
deg_analysis_31124753_34.out:    Running contrast 166/1132
deg_analysis_31124753_34.out:    Running contrast 171/1132
deg_analysis_31124753_34.out:    Running contrast 176/1132
deg_analysis_31124753_34.out:    Running contrast 181/1132
deg_analysis_31124753_34.out:    Running contrast 186/1132
deg_analysis_31124753_34.out:    Running contrast 191/1132
deg_analysis_31124753_34.out:    Running contrast 196/1132
deg_analysis_31124753_34.out:    Running contrast 201/1132
deg_analysis_31124753_34.out:    Running contrast 206/1132
deg_analysis_31124753_34.out:    Running contrast 211/1132
deg_analysis_31124753_34.out:    Running contrast 216/1132
deg_analysis_31124753_34.out:    Running contrast 221/1132
deg_analysis_31124753_34.out:    Running contrast 226/1132
deg_analysis_31124753_34.out:    Running contrast 231/1132
deg_analysis_31124753_34.out:    Running contrast 236/1132
deg_analysis_31124753_34.out:    Running contrast 241/1132
deg_analysis_31124753_34.out:    Running contrast 246/1132
deg_analysis_31124753_34.out:    Running contrast 251/1132
deg_analysis_31124753_34.out:    Running contrast 256/1132
deg_analysis_31124753_34.out:    Running contrast 261/1132
deg_analysis_31124753_34.out:    Running contrast 266/1132
deg_analysis_31124753_34.out:    Running contrast 271/1132
deg_analysis_31124753_34.out:    Running contrast 276/1132
deg_analysis_31124753_34.out:    Running contrast 281/1132
deg_analysis_31124753_34.out:    Running contrast 286/1132
deg_analysis_31124753_34.out:    Running contrast 291/1132
deg_analysis_31124753_34.out:    Running contrast 296/1132
deg_analysis_31124753_34.out:    Running contrast 301/1132
deg_analysis_31124753_34.out:    Running contrast 306/1132
deg_analysis_31124753_34.out:    Running contrast 311/1132
deg_analysis_31124753_34.out:    Running contrast 316/1132
deg_analysis_31124753_34.out:    Running contrast 321/1132
deg_analysis_31124753_34.out:    Running contrast 326/1132
deg_analysis_31124753_34.out:    Running contrast 331/1132
deg_analysis_31124753_34.out:    Running contrast 336/1132
deg_analysis_31124753_34.out:    Running contrast 341/1132
deg_analysis_31124753_34.out:    Running contrast 346/1132
deg_analysis_31124753_34.out:    Running contrast 351/1132
deg_analysis_31124753_34.out:    Running contrast 356/1132
deg_analysis_31124753_34.out:    Running contrast 361/1132
deg_analysis_31124753_34.out:    Running contrast 366/1132
deg_analysis_31124753_34.out:    Running contrast 371/1132
deg_analysis_31124753_34.out:    Running contrast 376/1132
deg_analysis_31124753_34.out:    Running contrast 381/1132
deg_analysis_31124753_34.out:    Running contrast 386/1132
deg_analysis_31124753_34.out:    Running contrast 391/1132
deg_analysis_31124753_34.out:    Running contrast 396/1132
deg_analysis_31124753_34.out:    Running contrast 401/1132
deg_analysis_31124753_34.out:    Running contrast 406/1132
deg_analysis_31124753_34.out:    Running contrast 411/1132
deg_analysis_31124753_34.out:    Running contrast 416/1132
deg_analysis_31124753_34.out:    Running contrast 421/1132
deg_analysis_31124753_34.out:    Running contrast 426/1132
deg_analysis_31124753_34.out:    Running contrast 431/1132
deg_analysis_31124753_34.out:    Running contrast 436/1132
deg_analysis_31124753_34.out:    Running contrast 441/1132
deg_analysis_31124753_34.out:    Running contrast 446/1132
deg_analysis_31124753_34.out:    Running contrast 451/1132
deg_analysis_31124753_34.out:    Running contrast 456/1132
deg_analysis_31124753_34.out:    Running contrast 461/1132
deg_analysis_31124753_34.out:    Running contrast 466/1132
deg_analysis_31124753_34.out:    Running contrast 471/1132
deg_analysis_31124753_34.out:    Running contrast 476/1132
deg_analysis_31124753_34.out:    Running contrast 481/1132
deg_analysis_31124753_34.out:    Running contrast 486/1132
deg_analysis_31124753_34.out:    Running contrast 491/1132
deg_analysis_31124753_34.out:    Running contrast 496/1132
deg_analysis_31124753_34.out:    Running contrast 501/1132
deg_analysis_31124753_34.out:    Running contrast 506/1132
deg_analysis_31124753_34.out:    Running contrast 511/1132
deg_analysis_31124753_34.out:    Running contrast 516/1132
deg_analysis_31124753_34.out:    Running contrast 521/1132
deg_analysis_31124753_34.out:    Running contrast 526/1132
deg_analysis_31124753_34.out:    Running contrast 531/1132
deg_analysis_31124753_34.out:    Running contrast 536/1132
deg_analysis_31124753_34.out:    Running contrast 541/1132
deg_analysis_31124753_34.out:    Running contrast 546/1132
deg_analysis_31124753_34.out:    Running contrast 551/1132
deg_analysis_31124753_34.out:    Running contrast 556/1132
deg_analysis_31124753_34.out:    Running contrast 561/1132
deg_analysis_31124753_34.out:    Running contrast 566/1132
deg_analysis_31124753_34.out:    Running contrast 571/1132
deg_analysis_31124753_34.out:    Running contrast 576/1132
deg_analysis_31124753_34.out:    Running contrast 581/1132
deg_analysis_31124753_34.out:    Running contrast 586/1132
deg_analysis_31124753_34.out:    Running contrast 591/1132
deg_analysis_31124753_34.out:    Running contrast 596/1132
deg_analysis_31124753_34.out:    Running contrast 601/1132
deg_analysis_31124753_34.out:    Running contrast 606/1132
deg_analysis_31124753_34.out:    Running contrast 611/1132
deg_analysis_31124753_34.out:    Running contrast 616/1132
deg_analysis_31124753_34.out:    Running contrast 621/1132
deg_analysis_31124753_34.out:    Running contrast 626/1132
deg_analysis_31124753_34.out:    Running contrast 631/1132
deg_analysis_31124753_34.out:    Running contrast 636/1132
deg_analysis_31124753_34.out:    Running contrast 641/1132
deg_analysis_31124753_34.out:    Running contrast 646/1132
deg_analysis_31124753_34.out:    Running contrast 651/1132
deg_analysis_31124753_34.out:    Running contrast 656/1132
deg_analysis_31124753_34.out:    Running contrast 661/1132
deg_analysis_31124753_34.out:    Running contrast 666/1132
deg_analysis_31124753_34.out:    Running contrast 671/1132
deg_analysis_31124753_34.out:    Running contrast 676/1132
deg_analysis_31124753_34.out:    Running contrast 681/1132
deg_analysis_31124753_34.out:    Running contrast 686/1132
deg_analysis_31124753_34.out:    Running contrast 691/1132
deg_analysis_31124753_34.out:    Running contrast 696/1132
deg_analysis_31124753_34.out:    Running contrast 701/1132
deg_analysis_31124753_34.out:    Running contrast 706/1132
deg_analysis_31124753_34.out:    Running contrast 711/1132
deg_analysis_31124753_34.out:    Running contrast 716/1132
deg_analysis_31124753_34.out:    Running contrast 721/1132
deg_analysis_31124753_34.out:    Running contrast 726/1132
deg_analysis_31124753_34.out:    Running contrast 731/1132
deg_analysis_31124753_34.out:    Running contrast 736/1132
deg_analysis_31124753_34.out:    Running contrast 741/1132
deg_analysis_31124753_34.out:    Running contrast 746/1132
deg_analysis_31124753_34.out:    Running contrast 751/1132
deg_analysis_31124753_34.out:    Running contrast 756/1132
deg_analysis_31124753_34.out:    Running contrast 761/1132
deg_analysis_31124753_34.out:    Running contrast 766/1132
deg_analysis_31124753_34.out:    Running contrast 771/1132
deg_analysis_31124753_34.out:    Running contrast 776/1132
deg_analysis_31124753_34.out:    Running contrast 781/1132
deg_analysis_31124753_34.out:    Running contrast 786/1132
deg_analysis_31124753_34.out:    Running contrast 791/1132
deg_analysis_31124753_34.out:    Running contrast 796/1132
deg_analysis_31124753_34.out:    Running contrast 801/1132
deg_analysis_31124753_34.out:    Running contrast 806/1132
deg_analysis_31124753_34.out:    Running contrast 811/1132
deg_analysis_31124753_34.out:    Running contrast 816/1132
deg_analysis_31124753_34.out:    Running contrast 821/1132
deg_analysis_31124753_34.out:    Running contrast 826/1132
deg_analysis_31124753_34.out:    Running contrast 831/1132
deg_analysis_31124753_34.out:    Running contrast 836/1132
deg_analysis_31124753_34.out:    Running contrast 841/1132
deg_analysis_31124753_34.out:    Running contrast 846/1132
deg_analysis_31124753_34.out:    Running contrast 851/1132
deg_analysis_31124753_34.out:    Running contrast 856/1132
deg_analysis_31124753_34.out:    Running contrast 861/1132
deg_analysis_31124753_34.out:    Running contrast 866/1132
deg_analysis_31124753_34.out:    Running contrast 871/1132
deg_analysis_31124753_34.out:    Running contrast 876/1132
deg_analysis_31124753_34.out:    Running contrast 881/1132
deg_analysis_31124753_34.out:    Running contrast 886/1132
deg_analysis_31124753_34.out:    Running contrast 891/1132
deg_analysis_31124753_34.out:    Running contrast 896/1132
deg_analysis_31124753_34.out:    Running contrast 901/1132
deg_analysis_31124753_34.out:    Running contrast 906/1132
deg_analysis_31124753_34.out:    Running contrast 911/1132
deg_analysis_31124753_34.out:    Running contrast 916/1132
deg_analysis_31124753_34.out:    Running contrast 921/1132
deg_analysis_31124753_34.out:    Running contrast 926/1132
deg_analysis_31124753_34.out:    Running contrast 931/1132
deg_analysis_31124753_34.out:    Running contrast 936/1132
deg_analysis_31124753_34.out:    Running contrast 941/1132
deg_analysis_31124753_34.out:    Running contrast 946/1132
deg_analysis_31124753_34.out:    Running contrast 951/1132
deg_analysis_31124753_34.out:    Running contrast 956/1132
deg_analysis_31124753_34.out:    Running contrast 961/1132
deg_analysis_31124753_34.out:    Running contrast 966/1132
deg_analysis_31124753_34.out:    Running contrast 971/1132
deg_analysis_31124753_34.out:    Running contrast 976/1132
deg_analysis_31124753_34.out:    Running contrast 981/1132
deg_analysis_31124753_34.out:    Running contrast 986/1132
deg_analysis_31124753_34.out:    Running contrast 991/1132
deg_analysis_31124753_34.out:    Running contrast 996/1132
deg_analysis_31124753_34.out:    Running contrast 1001/1132
deg_analysis_31124753_34.out:    Running contrast 1006/1132
deg_analysis_31124753_34.out:    Running contrast 1011/1132
deg_analysis_31124753_34.out:    Running contrast 1016/1132
deg_analysis_31124753_34.out:    Running contrast 1021/1132
deg_analysis_31124753_34.out:    Running contrast 1026/1132
deg_analysis_31124753_34.out:    Running contrast 1031/1132
deg_analysis_31124753_34.out:    Running contrast 1036/1132
deg_analysis_31124753_34.out:    Running contrast 1041/1132
deg_analysis_31124753_34.out:    Running contrast 1046/1132
deg_analysis_31124753_34.out:    Running contrast 1051/1132
deg_analysis_31124753_34.out:    Running contrast 1056/1132
deg_analysis_31124753_34.out:    Running contrast 1061/1132
deg_analysis_31124753_34.out:    Running contrast 1066/1132
deg_analysis_31124753_34.out:    Running contrast 1071/1132
deg_analysis_31124753_34.out:    Running contrast 1076/1132
deg_analysis_31124753_34.out:    Running contrast 1081/1132
deg_analysis_31124753_34.out:    Running contrast 1086/1132
deg_analysis_31124753_34.out:    Running contrast 1091/1132
deg_analysis_31124753_34.out:    Running contrast 1096/1132
deg_analysis_31124753_34.out:    Running contrast 1101/1132
deg_analysis_31124753_34.out:    Running contrast 1106/1132
deg_analysis_31124753_34.out:    Running contrast 1111/1132
deg_analysis_31124753_34.out:    Running contrast 1116/1132
deg_analysis_31124753_34.out:    Running contrast 1121/1132
deg_analysis_31124753_34.out:    Running contrast 1126/1132
deg_analysis_31124753_34.out:    Running contrast 1131/1132
deg_analysis_31124753_34.out:    Running contrast 1132/1132
deg_analysis_31124753_34.out:
deg_analysis_31124753_34.out:    Writing:  ./data/tahoe/deg_data/group_rep/full/qc_false/filter_min_cells_50/CVCL_1495_de.h5ad 
deg_analysis_31124753_34.out:
deg_analysis_31124753_34.out:    Rewriting h5ad file: ./data/tahoe/deg_data/group_rep/full/qc_false/filter_min_cells_50/CVCL_1495_de.h5ad 
deg_analysis_31124753_34.out:    Removed X matrix
deg_analysis_31124753_34.out:    Rewriting h5ad file is done!
deg_analysis_31124753_34.out:✓ Cell line completed in 10004.2 seconds
deg_analysis_31124753_34.out:
deg_analysis_31124753_34.out:DE analysis completed!
deg_analysis_31124753_34.out:
deg_analysis_31124753_34.out:Total runtime: 10038.9 seconds
deg_analysis_31124753_35.out:
deg_analysis_31124753_35.out:DE analysis started...
deg_analysis_31124753_35.out:Loaded input file:  ./data/tahoe/pseudobulk_processed/group_rep/by_celltype/CVCL_1517_processed.h5ad 
deg_analysis_31124753_35.out:Initial dimensions:  1344  samples ×  62710  genes
deg_analysis_31124753_35.out:Filter samples with the low number of cells
deg_analysis_31124753_35.out:    Filter threshold (min_cells):  50 
deg_analysis_31124753_35.out:    n_obs:  1344 -->  1330 
deg_analysis_31124753_35.out:
deg_analysis_31124753_35.out:▶︎ Processing cell_type  1 / 1 :  CVCL_1517 
deg_analysis_31124753_35.out:    Filter controls by  pert_time_h  column
deg_analysis_31124753_35.out:        n_obs:  1330 -->  1330 
deg_analysis_31124753_35.out:
deg_analysis_31124753_35.out:    Running contrast 1/1133
deg_analysis_31124753_35.out:    Running contrast 6/1133
deg_analysis_31124753_35.out:    Running contrast 11/1133
deg_analysis_31124753_35.out:    Running contrast 16/1133
deg_analysis_31124753_35.out:    Running contrast 21/1133
deg_analysis_31124753_35.out:    Running contrast 26/1133
deg_analysis_31124753_35.out:    Running contrast 31/1133
deg_analysis_31124753_35.out:    Running contrast 36/1133
deg_analysis_31124753_35.out:    Running contrast 41/1133
deg_analysis_31124753_35.out:    Running contrast 46/1133
deg_analysis_31124753_35.out:    Running contrast 51/1133
deg_analysis_31124753_35.out:    Running contrast 56/1133
deg_analysis_31124753_35.out:    Running contrast 61/1133
deg_analysis_31124753_35.out:    Running contrast 66/1133
deg_analysis_31124753_35.out:    Running contrast 71/1133
deg_analysis_31124753_35.out:    Running contrast 76/1133
deg_analysis_31124753_35.out:    Running contrast 81/1133
deg_analysis_31124753_35.out:    Running contrast 86/1133
deg_analysis_31124753_35.out:    Running contrast 91/1133
deg_analysis_31124753_35.out:    Running contrast 96/1133
deg_analysis_31124753_35.out:    Running contrast 101/1133
deg_analysis_31124753_35.out:    Running contrast 106/1133
deg_analysis_31124753_35.out:    Running contrast 111/1133
deg_analysis_31124753_35.out:    Running contrast 116/1133
deg_analysis_31124753_35.out:    Running contrast 121/1133
deg_analysis_31124753_35.out:    Running contrast 126/1133
deg_analysis_31124753_35.out:    Running contrast 131/1133
deg_analysis_31124753_35.out:    Running contrast 136/1133
deg_analysis_31124753_35.out:    Running contrast 141/1133
deg_analysis_31124753_35.out:    Running contrast 146/1133
deg_analysis_31124753_35.out:    Running contrast 151/1133
deg_analysis_31124753_35.out:    Running contrast 156/1133
deg_analysis_31124753_35.out:    Running contrast 161/1133
deg_analysis_31124753_35.out:    Running contrast 166/1133
deg_analysis_31124753_35.out:    Running contrast 171/1133
deg_analysis_31124753_35.out:    Running contrast 176/1133
deg_analysis_31124753_35.out:    Running contrast 181/1133
deg_analysis_31124753_35.out:    Running contrast 186/1133
deg_analysis_31124753_35.out:    Running contrast 191/1133
deg_analysis_31124753_35.out:    Running contrast 196/1133
deg_analysis_31124753_35.out:    Running contrast 201/1133
deg_analysis_31124753_35.out:    Running contrast 206/1133
deg_analysis_31124753_35.out:    Running contrast 211/1133
deg_analysis_31124753_35.out:    Running contrast 216/1133
deg_analysis_31124753_35.out:    Running contrast 221/1133
deg_analysis_31124753_35.out:    Running contrast 226/1133
deg_analysis_31124753_35.out:    Running contrast 231/1133
deg_analysis_31124753_35.out:    Running contrast 236/1133
deg_analysis_31124753_35.out:    Running contrast 241/1133
deg_analysis_31124753_35.out:    Running contrast 246/1133
deg_analysis_31124753_35.out:    Running contrast 251/1133
deg_analysis_31124753_35.out:    Running contrast 256/1133
deg_analysis_31124753_35.out:    Running contrast 261/1133
deg_analysis_31124753_35.out:    Running contrast 266/1133
deg_analysis_31124753_35.out:    Running contrast 271/1133
deg_analysis_31124753_35.out:    Running contrast 276/1133
deg_analysis_31124753_35.out:    Running contrast 281/1133
deg_analysis_31124753_35.out:    Running contrast 286/1133
deg_analysis_31124753_35.out:    Running contrast 291/1133
deg_analysis_31124753_35.out:    Running contrast 296/1133
deg_analysis_31124753_35.out:    Running contrast 301/1133
deg_analysis_31124753_35.out:    Running contrast 306/1133
deg_analysis_31124753_35.out:    Running contrast 311/1133
deg_analysis_31124753_35.out:    Running contrast 316/1133
deg_analysis_31124753_35.out:    Running contrast 321/1133
deg_analysis_31124753_35.out:    Running contrast 326/1133
deg_analysis_31124753_35.out:    Running contrast 331/1133
deg_analysis_31124753_35.out:    Running contrast 336/1133
deg_analysis_31124753_35.out:    Running contrast 341/1133
deg_analysis_31124753_35.out:    Running contrast 346/1133
deg_analysis_31124753_35.out:    Running contrast 351/1133
deg_analysis_31124753_35.out:    Running contrast 356/1133
deg_analysis_31124753_35.out:    Running contrast 361/1133
deg_analysis_31124753_35.out:    Running contrast 366/1133
deg_analysis_31124753_35.out:    Running contrast 371/1133
deg_analysis_31124753_35.out:    Running contrast 376/1133
deg_analysis_31124753_35.out:    Running contrast 381/1133
deg_analysis_31124753_35.out:    Running contrast 386/1133
deg_analysis_31124753_35.out:    Running contrast 391/1133
deg_analysis_31124753_35.out:    Running contrast 396/1133
deg_analysis_31124753_35.out:    Running contrast 401/1133
deg_analysis_31124753_35.out:    Running contrast 406/1133
deg_analysis_31124753_35.out:    Running contrast 411/1133
deg_analysis_31124753_35.out:    Running contrast 416/1133
deg_analysis_31124753_35.out:    Running contrast 421/1133
deg_analysis_31124753_35.out:    Running contrast 426/1133
deg_analysis_31124753_35.out:    Running contrast 431/1133
deg_analysis_31124753_35.out:    Running contrast 436/1133
deg_analysis_31124753_35.out:    Running contrast 441/1133
deg_analysis_31124753_35.out:    Running contrast 446/1133
deg_analysis_31124753_35.out:    Running contrast 451/1133
deg_analysis_31124753_35.out:    Running contrast 456/1133
deg_analysis_31124753_35.out:    Running contrast 461/1133
deg_analysis_31124753_35.out:    Running contrast 466/1133
deg_analysis_31124753_35.out:    Running contrast 471/1133
deg_analysis_31124753_35.out:    Running contrast 476/1133
deg_analysis_31124753_35.out:    Running contrast 481/1133
deg_analysis_31124753_35.out:    Running contrast 486/1133
deg_analysis_31124753_35.out:    Running contrast 491/1133
deg_analysis_31124753_35.out:    Running contrast 496/1133
deg_analysis_31124753_35.out:    Running contrast 501/1133
deg_analysis_31124753_35.out:    Running contrast 506/1133
deg_analysis_31124753_35.out:    Running contrast 511/1133
deg_analysis_31124753_35.out:    Running contrast 516/1133
deg_analysis_31124753_35.out:    Running contrast 521/1133
deg_analysis_31124753_35.out:    Running contrast 526/1133
deg_analysis_31124753_35.out:    Running contrast 531/1133
deg_analysis_31124753_35.out:    Running contrast 536/1133
deg_analysis_31124753_35.out:    Running contrast 541/1133
deg_analysis_31124753_35.out:    Running contrast 546/1133
deg_analysis_31124753_35.out:    Running contrast 551/1133
deg_analysis_31124753_35.out:    Running contrast 556/1133
deg_analysis_31124753_35.out:    Running contrast 561/1133
deg_analysis_31124753_35.out:    Running contrast 566/1133
deg_analysis_31124753_35.out:    Running contrast 571/1133
deg_analysis_31124753_35.out:    Running contrast 576/1133
deg_analysis_31124753_35.out:    Running contrast 581/1133
deg_analysis_31124753_35.out:    Running contrast 586/1133
deg_analysis_31124753_35.out:    Running contrast 591/1133
deg_analysis_31124753_35.out:    Running contrast 596/1133
deg_analysis_31124753_35.out:    Running contrast 601/1133
deg_analysis_31124753_35.out:    Running contrast 606/1133
deg_analysis_31124753_35.out:    Running contrast 611/1133
deg_analysis_31124753_35.out:    Running contrast 616/1133
deg_analysis_31124753_35.out:    Running contrast 621/1133
deg_analysis_31124753_35.out:    Running contrast 626/1133
deg_analysis_31124753_35.out:    Running contrast 631/1133
deg_analysis_31124753_35.out:    Running contrast 636/1133
deg_analysis_31124753_35.out:    Running contrast 641/1133
deg_analysis_31124753_35.out:    Running contrast 646/1133
deg_analysis_31124753_35.out:    Running contrast 651/1133
deg_analysis_31124753_35.out:    Running contrast 656/1133
deg_analysis_31124753_35.out:    Running contrast 661/1133
deg_analysis_31124753_35.out:    Running contrast 666/1133
deg_analysis_31124753_35.out:    Running contrast 671/1133
deg_analysis_31124753_35.out:    Running contrast 676/1133
deg_analysis_31124753_35.out:    Running contrast 681/1133
deg_analysis_31124753_35.out:    Running contrast 686/1133
deg_analysis_31124753_35.out:    Running contrast 691/1133
deg_analysis_31124753_35.out:    Running contrast 696/1133
deg_analysis_31124753_35.out:    Running contrast 701/1133
deg_analysis_31124753_35.out:    Running contrast 706/1133
deg_analysis_31124753_35.out:    Running contrast 711/1133
deg_analysis_31124753_35.out:    Running contrast 716/1133
deg_analysis_31124753_35.out:    Running contrast 721/1133
deg_analysis_31124753_35.out:    Running contrast 726/1133
deg_analysis_31124753_35.out:    Running contrast 731/1133
deg_analysis_31124753_35.out:    Running contrast 736/1133
deg_analysis_31124753_35.out:    Running contrast 741/1133
deg_analysis_31124753_35.out:    Running contrast 746/1133
deg_analysis_31124753_35.out:    Running contrast 751/1133
deg_analysis_31124753_35.out:    Running contrast 756/1133
deg_analysis_31124753_35.out:    Running contrast 761/1133
deg_analysis_31124753_35.out:    Running contrast 766/1133
deg_analysis_31124753_35.out:    Running contrast 771/1133
deg_analysis_31124753_35.out:    Running contrast 776/1133
deg_analysis_31124753_35.out:    Running contrast 781/1133
deg_analysis_31124753_35.out:    Running contrast 786/1133
deg_analysis_31124753_35.out:    Running contrast 791/1133
deg_analysis_31124753_35.out:    Running contrast 796/1133
deg_analysis_31124753_35.out:    Running contrast 801/1133
deg_analysis_31124753_35.out:    Running contrast 806/1133
deg_analysis_31124753_35.out:    Running contrast 811/1133
deg_analysis_31124753_35.out:    Running contrast 816/1133
deg_analysis_31124753_35.out:    Running contrast 821/1133
deg_analysis_31124753_35.out:    Running contrast 826/1133
deg_analysis_31124753_35.out:    Running contrast 831/1133
deg_analysis_31124753_35.out:    Running contrast 836/1133
deg_analysis_31124753_35.out:    Running contrast 841/1133
deg_analysis_31124753_35.out:    Running contrast 846/1133
deg_analysis_31124753_35.out:    Running contrast 851/1133
deg_analysis_31124753_35.out:    Running contrast 856/1133
deg_analysis_31124753_35.out:    Running contrast 861/1133
deg_analysis_31124753_35.out:    Running contrast 866/1133
deg_analysis_31124753_35.out:    Running contrast 871/1133
deg_analysis_31124753_35.out:    Running contrast 876/1133
deg_analysis_31124753_35.out:    Running contrast 881/1133
deg_analysis_31124753_35.out:    Running contrast 886/1133
deg_analysis_31124753_35.out:    Running contrast 891/1133
deg_analysis_31124753_35.out:    Running contrast 896/1133
deg_analysis_31124753_35.out:    Running contrast 901/1133
deg_analysis_31124753_35.out:    Running contrast 906/1133
deg_analysis_31124753_35.out:    Running contrast 911/1133
deg_analysis_31124753_35.out:    Running contrast 916/1133
deg_analysis_31124753_35.out:    Running contrast 921/1133
deg_analysis_31124753_35.out:    Running contrast 926/1133
deg_analysis_31124753_35.out:    Running contrast 931/1133
deg_analysis_31124753_35.out:    Running contrast 936/1133
deg_analysis_31124753_35.out:    Running contrast 941/1133
deg_analysis_31124753_35.out:    Running contrast 946/1133
deg_analysis_31124753_35.out:    Running contrast 951/1133
deg_analysis_31124753_35.out:    Running contrast 956/1133
deg_analysis_31124753_35.out:    Running contrast 961/1133
deg_analysis_31124753_35.out:    Running contrast 966/1133
deg_analysis_31124753_35.out:    Running contrast 971/1133
deg_analysis_31124753_35.out:    Running contrast 976/1133
deg_analysis_31124753_35.out:    Running contrast 981/1133
deg_analysis_31124753_35.out:    Running contrast 986/1133
deg_analysis_31124753_35.out:    Running contrast 991/1133
deg_analysis_31124753_35.out:    Running contrast 996/1133
deg_analysis_31124753_35.out:    Running contrast 1001/1133
deg_analysis_31124753_35.out:    Running contrast 1006/1133
deg_analysis_31124753_35.out:    Running contrast 1011/1133
deg_analysis_31124753_35.out:    Running contrast 1016/1133
deg_analysis_31124753_35.out:    Running contrast 1021/1133
deg_analysis_31124753_35.out:    Running contrast 1026/1133
deg_analysis_31124753_35.out:    Running contrast 1031/1133
deg_analysis_31124753_35.out:    Running contrast 1036/1133
deg_analysis_31124753_35.out:    Running contrast 1041/1133
deg_analysis_31124753_35.out:    Running contrast 1046/1133
deg_analysis_31124753_35.out:    Running contrast 1051/1133
deg_analysis_31124753_35.out:    Running contrast 1056/1133
deg_analysis_31124753_35.out:    Running contrast 1061/1133
deg_analysis_31124753_35.out:    Running contrast 1066/1133
deg_analysis_31124753_35.out:    Running contrast 1071/1133
deg_analysis_31124753_35.out:    Running contrast 1076/1133
deg_analysis_31124753_35.out:    Running contrast 1081/1133
deg_analysis_31124753_35.out:    Running contrast 1086/1133
deg_analysis_31124753_35.out:    Running contrast 1091/1133
deg_analysis_31124753_35.out:    Running contrast 1096/1133
deg_analysis_31124753_35.out:    Running contrast 1101/1133
deg_analysis_31124753_35.out:    Running contrast 1106/1133
deg_analysis_31124753_35.out:    Running contrast 1111/1133
deg_analysis_31124753_35.out:    Running contrast 1116/1133
deg_analysis_31124753_35.out:    Running contrast 1121/1133
deg_analysis_31124753_35.out:    Running contrast 1126/1133
deg_analysis_31124753_35.out:    Running contrast 1131/1133
deg_analysis_31124753_35.out:    Running contrast 1133/1133
deg_analysis_31124753_35.out:
deg_analysis_31124753_35.out:    Writing:  ./data/tahoe/deg_data/group_rep/full/qc_false/filter_min_cells_50/CVCL_1517_de.h5ad 
deg_analysis_31124753_35.out:
deg_analysis_31124753_35.out:    Rewriting h5ad file: ./data/tahoe/deg_data/group_rep/full/qc_false/filter_min_cells_50/CVCL_1517_de.h5ad 
deg_analysis_31124753_35.out:    Removed X matrix
deg_analysis_31124753_35.out:    Rewriting h5ad file is done!
deg_analysis_31124753_35.out:✓ Cell line completed in 7680.6 seconds
deg_analysis_31124753_35.out:
deg_analysis_31124753_35.out:DE analysis completed!
deg_analysis_31124753_35.out:
deg_analysis_31124753_35.out:Total runtime: 7708.7 seconds
deg_analysis_31124753_36.out:
deg_analysis_31124753_36.out:DE analysis started...
deg_analysis_31124753_36.out:Loaded input file:  ./data/tahoe/pseudobulk_processed/group_rep/by_celltype/CVCL_1531_processed.h5ad 
deg_analysis_31124753_36.out:Initial dimensions:  1331  samples ×  62710  genes
deg_analysis_31124753_36.out:Filter samples with the low number of cells
deg_analysis_31124753_36.out:    Filter threshold (min_cells):  50 
deg_analysis_31124753_36.out:    n_obs:  1331 -->  2 
deg_analysis_31124753_36.out:
deg_analysis_31124753_36.out:▶︎ Processing cell_type  1 / 1 :  CVCL_1531 
deg_analysis_31124753_36.out:    Filter controls by  pert_time_h  column
deg_analysis_31124753_36.out:        n_obs:  2 -->  2 
deg_analysis_31124753_36.out:
deg_analysis_31124753_36.out:Coefficients not estimable: plateplate9 
deg_analysis_31124753_36.out:Coefficients not estimable: plateplate9 
deg_analysis_31124753_36.out:    Running contrast 1/2
deg_analysis_31124753_36.out:    Running contrast 2/2
deg_analysis_31124753_36.out:
deg_analysis_31124753_36.out:DE analysis completed!
deg_analysis_31124753_36.out:
deg_analysis_31124753_36.out:Total runtime: 41.1 seconds
deg_analysis_31124753_36.err:Warning messages:
deg_analysis_31124753_36.err:1: In check_for_controls(obs, "pert_time_h") :
deg_analysis_31124753_36.err:  Missing controls for 'pert_time_h' columns: 24
deg_analysis_31124753_36.err:2: Partial NA coefficients for 1663 probe(s) 
deg_analysis_31124753_36.err:3: In voom(dge, design, plot = FALSE) :
deg_analysis_31124753_36.err:  The experimental design has no replication. Setting weights to 1.
deg_analysis_31124753_36.err:4: Partial NA coefficients for 1663 probe(s) 
deg_analysis_31124753_36.err:5: In find_controls(control_obs, pert_time_h) :
deg_analysis_31124753_36.err:  No control found for time 24h
deg_analysis_31124753_36.err:6: In find_controls(control_obs, pert_time_h) :
deg_analysis_31124753_36.err:  No control found for time 24h
deg_analysis_31124753_36.err:7: In run_dge_pipeline(args) : No valid DE results for cell line CVCL_1531
deg_analysis_31124753_37.out:
deg_analysis_31124753_37.out:DE analysis started...
deg_analysis_31124753_37.out:Loaded input file:  ./data/tahoe/pseudobulk_processed/group_rep/by_celltype/CVCL_1547_processed.h5ad 
deg_analysis_31124753_37.out:Initial dimensions:  1340  samples ×  62710  genes
deg_analysis_31124753_37.out:Filter samples with the low number of cells
deg_analysis_31124753_37.out:    Filter threshold (min_cells):  50 
deg_analysis_31124753_37.out:    n_obs:  1340 -->  1327 
deg_analysis_31124753_37.out:
deg_analysis_31124753_37.out:▶︎ Processing cell_type  1 / 1 :  CVCL_1547 
deg_analysis_31124753_37.out:    Filter controls by  pert_time_h  column
deg_analysis_31124753_37.out:        n_obs:  1327 -->  1327 
deg_analysis_31124753_37.out:
deg_analysis_31124753_37.out:    Running contrast 1/1130
deg_analysis_31124753_37.out:    Running contrast 6/1130
deg_analysis_31124753_37.out:    Running contrast 11/1130
deg_analysis_31124753_37.out:    Running contrast 16/1130
deg_analysis_31124753_37.out:    Running contrast 21/1130
deg_analysis_31124753_37.out:    Running contrast 26/1130
deg_analysis_31124753_37.out:    Running contrast 31/1130
deg_analysis_31124753_37.out:    Running contrast 36/1130
deg_analysis_31124753_37.out:    Running contrast 41/1130
deg_analysis_31124753_37.out:    Running contrast 46/1130
deg_analysis_31124753_37.out:    Running contrast 51/1130
deg_analysis_31124753_37.out:    Running contrast 56/1130
deg_analysis_31124753_37.out:    Running contrast 61/1130
deg_analysis_31124753_37.out:    Running contrast 66/1130
deg_analysis_31124753_37.out:    Running contrast 71/1130
deg_analysis_31124753_37.out:    Running contrast 76/1130
deg_analysis_31124753_37.out:    Running contrast 81/1130
deg_analysis_31124753_37.out:    Running contrast 86/1130
deg_analysis_31124753_37.out:    Running contrast 91/1130
deg_analysis_31124753_37.out:    Running contrast 96/1130
deg_analysis_31124753_37.out:    Running contrast 101/1130
deg_analysis_31124753_37.out:    Running contrast 106/1130
deg_analysis_31124753_37.out:    Running contrast 111/1130
deg_analysis_31124753_37.out:    Running contrast 116/1130
deg_analysis_31124753_37.out:    Running contrast 121/1130
deg_analysis_31124753_37.out:    Running contrast 126/1130
deg_analysis_31124753_37.out:    Running contrast 131/1130
deg_analysis_31124753_37.out:    Running contrast 136/1130
deg_analysis_31124753_37.out:    Running contrast 141/1130
deg_analysis_31124753_37.out:    Running contrast 146/1130
deg_analysis_31124753_37.out:    Running contrast 151/1130
deg_analysis_31124753_37.out:    Running contrast 156/1130
deg_analysis_31124753_37.out:    Running contrast 161/1130
deg_analysis_31124753_37.out:    Running contrast 166/1130
deg_analysis_31124753_37.out:    Running contrast 171/1130
deg_analysis_31124753_37.out:    Running contrast 176/1130
deg_analysis_31124753_37.out:    Running contrast 181/1130
deg_analysis_31124753_37.out:    Running contrast 186/1130
deg_analysis_31124753_37.out:    Running contrast 191/1130
deg_analysis_31124753_37.out:    Running contrast 196/1130
deg_analysis_31124753_37.out:    Running contrast 201/1130
deg_analysis_31124753_37.out:    Running contrast 206/1130
deg_analysis_31124753_37.out:    Running contrast 211/1130
deg_analysis_31124753_37.out:    Running contrast 216/1130
deg_analysis_31124753_37.out:    Running contrast 221/1130
deg_analysis_31124753_37.out:    Running contrast 226/1130
deg_analysis_31124753_37.out:    Running contrast 231/1130
deg_analysis_31124753_37.out:    Running contrast 236/1130
deg_analysis_31124753_37.out:    Running contrast 241/1130
deg_analysis_31124753_37.out:    Running contrast 246/1130
deg_analysis_31124753_37.out:    Running contrast 251/1130
deg_analysis_31124753_37.out:    Running contrast 256/1130
deg_analysis_31124753_37.out:    Running contrast 261/1130
deg_analysis_31124753_37.out:    Running contrast 266/1130
deg_analysis_31124753_37.out:    Running contrast 271/1130
deg_analysis_31124753_37.out:    Running contrast 276/1130
deg_analysis_31124753_37.out:    Running contrast 281/1130
deg_analysis_31124753_37.out:    Running contrast 286/1130
deg_analysis_31124753_37.out:    Running contrast 291/1130
deg_analysis_31124753_37.out:    Running contrast 296/1130
deg_analysis_31124753_37.out:    Running contrast 301/1130
deg_analysis_31124753_37.out:    Running contrast 306/1130
deg_analysis_31124753_37.out:    Running contrast 311/1130
deg_analysis_31124753_37.out:    Running contrast 316/1130
deg_analysis_31124753_37.out:    Running contrast 321/1130
deg_analysis_31124753_37.out:    Running contrast 326/1130
deg_analysis_31124753_37.out:    Running contrast 331/1130
deg_analysis_31124753_37.out:    Running contrast 336/1130
deg_analysis_31124753_37.out:    Running contrast 341/1130
deg_analysis_31124753_37.out:    Running contrast 346/1130
deg_analysis_31124753_37.out:    Running contrast 351/1130
deg_analysis_31124753_37.out:    Running contrast 356/1130
deg_analysis_31124753_37.out:    Running contrast 361/1130
deg_analysis_31124753_37.out:    Running contrast 366/1130
deg_analysis_31124753_37.out:    Running contrast 371/1130
deg_analysis_31124753_37.out:    Running contrast 376/1130
deg_analysis_31124753_37.out:    Running contrast 381/1130
deg_analysis_31124753_37.out:    Running contrast 386/1130
deg_analysis_31124753_37.out:    Running contrast 391/1130
deg_analysis_31124753_37.out:    Running contrast 396/1130
deg_analysis_31124753_37.out:    Running contrast 401/1130
deg_analysis_31124753_37.out:    Running contrast 406/1130
deg_analysis_31124753_37.out:    Running contrast 411/1130
deg_analysis_31124753_37.out:    Running contrast 416/1130
deg_analysis_31124753_37.out:    Running contrast 421/1130
deg_analysis_31124753_37.out:    Running contrast 426/1130
deg_analysis_31124753_37.out:    Running contrast 431/1130
deg_analysis_31124753_37.out:    Running contrast 436/1130
deg_analysis_31124753_37.out:    Running contrast 441/1130
deg_analysis_31124753_37.out:    Running contrast 446/1130
deg_analysis_31124753_37.out:    Running contrast 451/1130
deg_analysis_31124753_37.out:    Running contrast 456/1130
deg_analysis_31124753_37.out:    Running contrast 461/1130
deg_analysis_31124753_37.out:    Running contrast 466/1130
deg_analysis_31124753_37.out:    Running contrast 471/1130
deg_analysis_31124753_37.out:    Running contrast 476/1130
deg_analysis_31124753_37.out:    Running contrast 481/1130
deg_analysis_31124753_37.out:    Running contrast 486/1130
deg_analysis_31124753_37.out:    Running contrast 491/1130
deg_analysis_31124753_37.out:    Running contrast 496/1130
deg_analysis_31124753_37.out:    Running contrast 501/1130
deg_analysis_31124753_37.out:    Running contrast 506/1130
deg_analysis_31124753_37.out:    Running contrast 511/1130
deg_analysis_31124753_37.out:    Running contrast 516/1130
deg_analysis_31124753_37.out:    Running contrast 521/1130
deg_analysis_31124753_37.out:    Running contrast 526/1130
deg_analysis_31124753_37.out:    Running contrast 531/1130
deg_analysis_31124753_37.out:    Running contrast 536/1130
deg_analysis_31124753_37.out:    Running contrast 541/1130
deg_analysis_31124753_37.out:    Running contrast 546/1130
deg_analysis_31124753_37.out:    Running contrast 551/1130
deg_analysis_31124753_37.out:    Running contrast 556/1130
deg_analysis_31124753_37.out:    Running contrast 561/1130
deg_analysis_31124753_37.out:    Running contrast 566/1130
deg_analysis_31124753_37.out:    Running contrast 571/1130
deg_analysis_31124753_37.out:    Running contrast 576/1130
deg_analysis_31124753_37.out:    Running contrast 581/1130
deg_analysis_31124753_37.out:    Running contrast 586/1130
deg_analysis_31124753_37.out:    Running contrast 591/1130
deg_analysis_31124753_37.out:    Running contrast 596/1130
deg_analysis_31124753_37.out:    Running contrast 601/1130
deg_analysis_31124753_37.out:    Running contrast 606/1130
deg_analysis_31124753_37.out:    Running contrast 611/1130
deg_analysis_31124753_37.out:    Running contrast 616/1130
deg_analysis_31124753_37.out:    Running contrast 621/1130
deg_analysis_31124753_37.out:    Running contrast 626/1130
deg_analysis_31124753_37.out:    Running contrast 631/1130
deg_analysis_31124753_37.out:    Running contrast 636/1130
deg_analysis_31124753_37.out:    Running contrast 641/1130
deg_analysis_31124753_37.out:    Running contrast 646/1130
deg_analysis_31124753_37.out:    Running contrast 651/1130
deg_analysis_31124753_37.out:    Running contrast 656/1130
deg_analysis_31124753_37.out:    Running contrast 661/1130
deg_analysis_31124753_37.out:    Running contrast 666/1130
deg_analysis_31124753_37.out:    Running contrast 671/1130
deg_analysis_31124753_37.out:    Running contrast 676/1130
deg_analysis_31124753_37.out:    Running contrast 681/1130
deg_analysis_31124753_37.out:    Running contrast 686/1130
deg_analysis_31124753_37.out:    Running contrast 691/1130
deg_analysis_31124753_37.out:    Running contrast 696/1130
deg_analysis_31124753_37.out:    Running contrast 701/1130
deg_analysis_31124753_37.out:    Running contrast 706/1130
deg_analysis_31124753_37.out:    Running contrast 711/1130
deg_analysis_31124753_37.out:    Running contrast 716/1130
deg_analysis_31124753_37.out:    Running contrast 721/1130
deg_analysis_31124753_37.out:    Running contrast 726/1130
deg_analysis_31124753_37.out:    Running contrast 731/1130
deg_analysis_31124753_37.out:    Running contrast 736/1130
deg_analysis_31124753_37.out:    Running contrast 741/1130
deg_analysis_31124753_37.out:    Running contrast 746/1130
deg_analysis_31124753_37.out:    Running contrast 751/1130
deg_analysis_31124753_37.out:    Running contrast 756/1130
deg_analysis_31124753_37.out:    Running contrast 761/1130
deg_analysis_31124753_37.out:    Running contrast 766/1130
deg_analysis_31124753_37.out:    Running contrast 771/1130
deg_analysis_31124753_37.out:    Running contrast 776/1130
deg_analysis_31124753_37.out:    Running contrast 781/1130
deg_analysis_31124753_37.out:    Running contrast 786/1130
deg_analysis_31124753_37.out:    Running contrast 791/1130
deg_analysis_31124753_37.out:    Running contrast 796/1130
deg_analysis_31124753_37.out:    Running contrast 801/1130
deg_analysis_31124753_37.out:    Running contrast 806/1130
deg_analysis_31124753_37.out:    Running contrast 811/1130
deg_analysis_31124753_37.out:    Running contrast 816/1130
deg_analysis_31124753_37.out:    Running contrast 821/1130
deg_analysis_31124753_37.out:    Running contrast 826/1130
deg_analysis_31124753_37.out:    Running contrast 831/1130
deg_analysis_31124753_37.out:    Running contrast 836/1130
deg_analysis_31124753_37.out:    Running contrast 841/1130
deg_analysis_31124753_37.out:    Running contrast 846/1130
deg_analysis_31124753_37.out:    Running contrast 851/1130
deg_analysis_31124753_37.out:    Running contrast 856/1130
deg_analysis_31124753_37.out:    Running contrast 861/1130
deg_analysis_31124753_37.out:    Running contrast 866/1130
deg_analysis_31124753_37.out:    Running contrast 871/1130
deg_analysis_31124753_37.out:    Running contrast 876/1130
deg_analysis_31124753_37.out:    Running contrast 881/1130
deg_analysis_31124753_37.out:    Running contrast 886/1130
deg_analysis_31124753_37.out:    Running contrast 891/1130
deg_analysis_31124753_37.out:    Running contrast 896/1130
deg_analysis_31124753_37.out:    Running contrast 901/1130
deg_analysis_31124753_37.out:    Running contrast 906/1130
deg_analysis_31124753_37.out:    Running contrast 911/1130
deg_analysis_31124753_37.out:    Running contrast 916/1130
deg_analysis_31124753_37.out:    Running contrast 921/1130
deg_analysis_31124753_37.out:    Running contrast 926/1130
deg_analysis_31124753_37.out:    Running contrast 931/1130
deg_analysis_31124753_37.out:    Running contrast 936/1130
deg_analysis_31124753_37.out:    Running contrast 941/1130
deg_analysis_31124753_37.out:    Running contrast 946/1130
deg_analysis_31124753_37.out:    Running contrast 951/1130
deg_analysis_31124753_37.out:    Running contrast 956/1130
deg_analysis_31124753_37.out:    Running contrast 961/1130
deg_analysis_31124753_37.out:    Running contrast 966/1130
deg_analysis_31124753_37.out:    Running contrast 971/1130
deg_analysis_31124753_37.out:    Running contrast 976/1130
deg_analysis_31124753_37.out:    Running contrast 981/1130
deg_analysis_31124753_37.out:    Running contrast 986/1130
deg_analysis_31124753_37.out:    Running contrast 991/1130
deg_analysis_31124753_37.out:    Running contrast 996/1130
deg_analysis_31124753_37.out:    Running contrast 1001/1130
deg_analysis_31124753_37.out:    Running contrast 1006/1130
deg_analysis_31124753_37.out:    Running contrast 1011/1130
deg_analysis_31124753_37.out:    Running contrast 1016/1130
deg_analysis_31124753_37.out:    Running contrast 1021/1130
deg_analysis_31124753_37.out:    Running contrast 1026/1130
deg_analysis_31124753_37.out:    Running contrast 1031/1130
deg_analysis_31124753_37.out:    Running contrast 1036/1130
deg_analysis_31124753_37.out:    Running contrast 1041/1130
deg_analysis_31124753_37.out:    Running contrast 1046/1130
deg_analysis_31124753_37.out:    Running contrast 1051/1130
deg_analysis_31124753_37.out:    Running contrast 1056/1130
deg_analysis_31124753_37.out:    Running contrast 1061/1130
deg_analysis_31124753_37.out:    Running contrast 1066/1130
deg_analysis_31124753_37.out:    Running contrast 1071/1130
deg_analysis_31124753_37.out:    Running contrast 1076/1130
deg_analysis_31124753_37.out:    Running contrast 1081/1130
deg_analysis_31124753_37.out:    Running contrast 1086/1130
deg_analysis_31124753_37.out:    Running contrast 1091/1130
deg_analysis_31124753_37.out:    Running contrast 1096/1130
deg_analysis_31124753_37.out:    Running contrast 1101/1130
deg_analysis_31124753_37.out:    Running contrast 1106/1130
deg_analysis_31124753_37.out:    Running contrast 1111/1130
deg_analysis_31124753_37.out:    Running contrast 1116/1130
deg_analysis_31124753_37.out:    Running contrast 1121/1130
deg_analysis_31124753_37.out:    Running contrast 1126/1130
deg_analysis_31124753_37.out:    Running contrast 1130/1130
deg_analysis_31124753_37.out:
deg_analysis_31124753_37.out:    Writing:  ./data/tahoe/deg_data/group_rep/full/qc_false/filter_min_cells_50/CVCL_1547_de.h5ad 
deg_analysis_31124753_37.out:
deg_analysis_31124753_37.out:    Rewriting h5ad file: ./data/tahoe/deg_data/group_rep/full/qc_false/filter_min_cells_50/CVCL_1547_de.h5ad 
deg_analysis_31124753_37.out:    Removed X matrix
deg_analysis_31124753_37.out:    Rewriting h5ad file is done!
deg_analysis_31124753_37.out:✓ Cell line completed in 8766.1 seconds
deg_analysis_31124753_37.out:
deg_analysis_31124753_37.out:DE analysis completed!
deg_analysis_31124753_37.out:
deg_analysis_31124753_37.out:Total runtime: 8777.8 seconds
deg_analysis_31124753_38.out:
deg_analysis_31124753_38.out:DE analysis started...
deg_analysis_31124753_38.out:Loaded input file:  ./data/tahoe/pseudobulk_processed/group_rep/by_celltype/CVCL_1550_processed.h5ad 
deg_analysis_31124753_38.out:Initial dimensions:  1338  samples ×  62710  genes
deg_analysis_31124753_38.out:Filter samples with the low number of cells
deg_analysis_31124753_38.out:    Filter threshold (min_cells):  50 
deg_analysis_31124753_38.out:    n_obs:  1338 -->  1329 
deg_analysis_31124753_38.out:
deg_analysis_31124753_38.out:▶︎ Processing cell_type  1 / 1 :  CVCL_1550 
deg_analysis_31124753_38.out:    Filter controls by  pert_time_h  column
deg_analysis_31124753_38.out:        n_obs:  1329 -->  1329 
deg_analysis_31124753_38.out:
deg_analysis_31124753_38.out:    Running contrast 1/1132
deg_analysis_31124753_38.out:    Running contrast 6/1132
deg_analysis_31124753_38.out:    Running contrast 11/1132
deg_analysis_31124753_38.out:    Running contrast 16/1132
deg_analysis_31124753_38.out:    Running contrast 21/1132
deg_analysis_31124753_38.out:    Running contrast 26/1132
deg_analysis_31124753_38.out:    Running contrast 31/1132
deg_analysis_31124753_38.out:    Running contrast 36/1132
deg_analysis_31124753_38.out:    Running contrast 41/1132
deg_analysis_31124753_38.out:    Running contrast 46/1132
deg_analysis_31124753_38.out:    Running contrast 51/1132
deg_analysis_31124753_38.out:    Running contrast 56/1132
deg_analysis_31124753_38.out:    Running contrast 61/1132
deg_analysis_31124753_38.out:    Running contrast 66/1132
deg_analysis_31124753_38.out:    Running contrast 71/1132
deg_analysis_31124753_38.out:    Running contrast 76/1132
deg_analysis_31124753_38.out:    Running contrast 81/1132
deg_analysis_31124753_38.out:    Running contrast 86/1132
deg_analysis_31124753_38.out:    Running contrast 91/1132
deg_analysis_31124753_38.out:    Running contrast 96/1132
deg_analysis_31124753_38.out:    Running contrast 101/1132
deg_analysis_31124753_38.out:    Running contrast 106/1132
deg_analysis_31124753_38.out:    Running contrast 111/1132
deg_analysis_31124753_38.out:    Running contrast 116/1132
deg_analysis_31124753_38.out:    Running contrast 121/1132
deg_analysis_31124753_38.out:    Running contrast 126/1132
deg_analysis_31124753_38.out:    Running contrast 131/1132
deg_analysis_31124753_38.out:    Running contrast 136/1132
deg_analysis_31124753_38.out:    Running contrast 141/1132
deg_analysis_31124753_38.out:    Running contrast 146/1132
deg_analysis_31124753_38.out:    Running contrast 151/1132
deg_analysis_31124753_38.out:    Running contrast 156/1132
deg_analysis_31124753_38.out:    Running contrast 161/1132
deg_analysis_31124753_38.out:    Running contrast 166/1132
deg_analysis_31124753_38.out:    Running contrast 171/1132
deg_analysis_31124753_38.out:    Running contrast 176/1132
deg_analysis_31124753_38.out:    Running contrast 181/1132
deg_analysis_31124753_38.out:    Running contrast 186/1132
deg_analysis_31124753_38.out:    Running contrast 191/1132
deg_analysis_31124753_38.out:    Running contrast 196/1132
deg_analysis_31124753_38.out:    Running contrast 201/1132
deg_analysis_31124753_38.out:    Running contrast 206/1132
deg_analysis_31124753_38.out:    Running contrast 211/1132
deg_analysis_31124753_38.out:    Running contrast 216/1132
deg_analysis_31124753_38.out:    Running contrast 221/1132
deg_analysis_31124753_38.out:    Running contrast 226/1132
deg_analysis_31124753_38.out:    Running contrast 231/1132
deg_analysis_31124753_38.out:    Running contrast 236/1132
deg_analysis_31124753_38.out:    Running contrast 241/1132
deg_analysis_31124753_38.out:    Running contrast 246/1132
deg_analysis_31124753_38.out:    Running contrast 251/1132
deg_analysis_31124753_38.out:    Running contrast 256/1132
deg_analysis_31124753_38.out:    Running contrast 261/1132
deg_analysis_31124753_38.out:    Running contrast 266/1132
deg_analysis_31124753_38.out:    Running contrast 271/1132
deg_analysis_31124753_38.out:    Running contrast 276/1132
deg_analysis_31124753_38.out:    Running contrast 281/1132
deg_analysis_31124753_38.out:    Running contrast 286/1132
deg_analysis_31124753_38.out:    Running contrast 291/1132
deg_analysis_31124753_38.out:    Running contrast 296/1132
deg_analysis_31124753_38.out:    Running contrast 301/1132
deg_analysis_31124753_38.out:    Running contrast 306/1132
deg_analysis_31124753_38.out:    Running contrast 311/1132
deg_analysis_31124753_38.out:    Running contrast 316/1132
deg_analysis_31124753_38.out:    Running contrast 321/1132
deg_analysis_31124753_38.out:    Running contrast 326/1132
deg_analysis_31124753_38.out:    Running contrast 331/1132
deg_analysis_31124753_38.out:    Running contrast 336/1132
deg_analysis_31124753_38.out:    Running contrast 341/1132
deg_analysis_31124753_38.out:    Running contrast 346/1132
deg_analysis_31124753_38.out:    Running contrast 351/1132
deg_analysis_31124753_38.out:    Running contrast 356/1132
deg_analysis_31124753_38.out:    Running contrast 361/1132
deg_analysis_31124753_38.out:    Running contrast 366/1132
deg_analysis_31124753_38.out:    Running contrast 371/1132
deg_analysis_31124753_38.out:    Running contrast 376/1132
deg_analysis_31124753_38.out:    Running contrast 381/1132
deg_analysis_31124753_38.out:    Running contrast 386/1132
deg_analysis_31124753_38.out:    Running contrast 391/1132
deg_analysis_31124753_38.out:    Running contrast 396/1132
deg_analysis_31124753_38.out:    Running contrast 401/1132
deg_analysis_31124753_38.out:    Running contrast 406/1132
deg_analysis_31124753_38.out:    Running contrast 411/1132
deg_analysis_31124753_38.out:    Running contrast 416/1132
deg_analysis_31124753_38.out:    Running contrast 421/1132
deg_analysis_31124753_38.out:    Running contrast 426/1132
deg_analysis_31124753_38.out:    Running contrast 431/1132
deg_analysis_31124753_38.out:    Running contrast 436/1132
deg_analysis_31124753_38.out:    Running contrast 441/1132
deg_analysis_31124753_38.out:    Running contrast 446/1132
deg_analysis_31124753_38.out:    Running contrast 451/1132
deg_analysis_31124753_38.out:    Running contrast 456/1132
deg_analysis_31124753_38.out:    Running contrast 461/1132
deg_analysis_31124753_38.out:    Running contrast 466/1132
deg_analysis_31124753_38.out:    Running contrast 471/1132
deg_analysis_31124753_38.out:    Running contrast 476/1132
deg_analysis_31124753_38.out:    Running contrast 481/1132
deg_analysis_31124753_38.out:    Running contrast 486/1132
deg_analysis_31124753_38.out:    Running contrast 491/1132
deg_analysis_31124753_38.out:    Running contrast 496/1132
deg_analysis_31124753_38.out:    Running contrast 501/1132
deg_analysis_31124753_38.out:    Running contrast 506/1132
deg_analysis_31124753_38.out:    Running contrast 511/1132
deg_analysis_31124753_38.out:    Running contrast 516/1132
deg_analysis_31124753_38.out:    Running contrast 521/1132
deg_analysis_31124753_38.out:    Running contrast 526/1132
deg_analysis_31124753_38.out:    Running contrast 531/1132
deg_analysis_31124753_38.out:    Running contrast 536/1132
deg_analysis_31124753_38.out:    Running contrast 541/1132
deg_analysis_31124753_38.out:    Running contrast 546/1132
deg_analysis_31124753_38.out:    Running contrast 551/1132
deg_analysis_31124753_38.out:    Running contrast 556/1132
deg_analysis_31124753_38.out:    Running contrast 561/1132
deg_analysis_31124753_38.out:    Running contrast 566/1132
deg_analysis_31124753_38.out:    Running contrast 571/1132
deg_analysis_31124753_38.out:    Running contrast 576/1132
deg_analysis_31124753_38.out:    Running contrast 581/1132
deg_analysis_31124753_38.out:    Running contrast 586/1132
deg_analysis_31124753_38.out:    Running contrast 591/1132
deg_analysis_31124753_38.out:    Running contrast 596/1132
deg_analysis_31124753_38.out:    Running contrast 601/1132
deg_analysis_31124753_38.out:    Running contrast 606/1132
deg_analysis_31124753_38.out:    Running contrast 611/1132
deg_analysis_31124753_38.out:    Running contrast 616/1132
deg_analysis_31124753_38.out:    Running contrast 621/1132
deg_analysis_31124753_38.out:    Running contrast 626/1132
deg_analysis_31124753_38.out:    Running contrast 631/1132
deg_analysis_31124753_38.out:    Running contrast 636/1132
deg_analysis_31124753_38.out:    Running contrast 641/1132
deg_analysis_31124753_38.out:    Running contrast 646/1132
deg_analysis_31124753_38.out:    Running contrast 651/1132
deg_analysis_31124753_38.out:    Running contrast 656/1132
deg_analysis_31124753_38.out:    Running contrast 661/1132
deg_analysis_31124753_38.out:    Running contrast 666/1132
deg_analysis_31124753_38.out:    Running contrast 671/1132
deg_analysis_31124753_38.out:    Running contrast 676/1132
deg_analysis_31124753_38.out:    Running contrast 681/1132
deg_analysis_31124753_38.out:    Running contrast 686/1132
deg_analysis_31124753_38.out:    Running contrast 691/1132
deg_analysis_31124753_38.out:    Running contrast 696/1132
deg_analysis_31124753_38.out:    Running contrast 701/1132
deg_analysis_31124753_38.out:    Running contrast 706/1132
deg_analysis_31124753_38.out:    Running contrast 711/1132
deg_analysis_31124753_38.out:    Running contrast 716/1132
deg_analysis_31124753_38.out:    Running contrast 721/1132
deg_analysis_31124753_38.out:    Running contrast 726/1132
deg_analysis_31124753_38.out:    Running contrast 731/1132
deg_analysis_31124753_38.out:    Running contrast 736/1132
deg_analysis_31124753_38.out:    Running contrast 741/1132
deg_analysis_31124753_38.out:    Running contrast 746/1132
deg_analysis_31124753_38.out:    Running contrast 751/1132
deg_analysis_31124753_38.out:    Running contrast 756/1132
deg_analysis_31124753_38.out:    Running contrast 761/1132
deg_analysis_31124753_38.out:    Running contrast 766/1132
deg_analysis_31124753_38.out:    Running contrast 771/1132
deg_analysis_31124753_38.out:    Running contrast 776/1132
deg_analysis_31124753_38.out:    Running contrast 781/1132
deg_analysis_31124753_38.out:    Running contrast 786/1132
deg_analysis_31124753_38.out:    Running contrast 791/1132
deg_analysis_31124753_38.out:    Running contrast 796/1132
deg_analysis_31124753_38.out:    Running contrast 801/1132
deg_analysis_31124753_38.out:    Running contrast 806/1132
deg_analysis_31124753_38.out:    Running contrast 811/1132
deg_analysis_31124753_38.out:    Running contrast 816/1132
deg_analysis_31124753_38.out:    Running contrast 821/1132
deg_analysis_31124753_38.out:    Running contrast 826/1132
deg_analysis_31124753_38.out:    Running contrast 831/1132
deg_analysis_31124753_38.out:    Running contrast 836/1132
deg_analysis_31124753_38.out:    Running contrast 841/1132
deg_analysis_31124753_38.out:    Running contrast 846/1132
deg_analysis_31124753_38.out:    Running contrast 851/1132
deg_analysis_31124753_38.out:    Running contrast 856/1132
deg_analysis_31124753_38.out:    Running contrast 861/1132
deg_analysis_31124753_38.out:    Running contrast 866/1132
deg_analysis_31124753_38.out:    Running contrast 871/1132
deg_analysis_31124753_38.out:    Running contrast 876/1132
deg_analysis_31124753_38.out:    Running contrast 881/1132
deg_analysis_31124753_38.out:    Running contrast 886/1132
deg_analysis_31124753_38.out:    Running contrast 891/1132
deg_analysis_31124753_38.out:    Running contrast 896/1132
deg_analysis_31124753_38.out:    Running contrast 901/1132
deg_analysis_31124753_38.out:    Running contrast 906/1132
deg_analysis_31124753_38.out:    Running contrast 911/1132
deg_analysis_31124753_38.out:    Running contrast 916/1132
deg_analysis_31124753_38.out:    Running contrast 921/1132
deg_analysis_31124753_38.out:    Running contrast 926/1132
deg_analysis_31124753_38.out:    Running contrast 931/1132
deg_analysis_31124753_38.out:    Running contrast 936/1132
deg_analysis_31124753_38.out:    Running contrast 941/1132
deg_analysis_31124753_38.out:    Running contrast 946/1132
deg_analysis_31124753_38.out:    Running contrast 951/1132
deg_analysis_31124753_38.out:    Running contrast 956/1132
deg_analysis_31124753_38.out:    Running contrast 961/1132
deg_analysis_31124753_38.out:    Running contrast 966/1132
deg_analysis_31124753_38.out:    Running contrast 971/1132
deg_analysis_31124753_38.out:    Running contrast 976/1132
deg_analysis_31124753_38.out:    Running contrast 981/1132
deg_analysis_31124753_38.out:    Running contrast 986/1132
deg_analysis_31124753_38.out:    Running contrast 991/1132
deg_analysis_31124753_38.out:    Running contrast 996/1132
deg_analysis_31124753_38.out:    Running contrast 1001/1132
deg_analysis_31124753_38.out:    Running contrast 1006/1132
deg_analysis_31124753_38.out:    Running contrast 1011/1132
deg_analysis_31124753_38.out:    Running contrast 1016/1132
deg_analysis_31124753_38.out:    Running contrast 1021/1132
deg_analysis_31124753_38.out:    Running contrast 1026/1132
deg_analysis_31124753_38.out:    Running contrast 1031/1132
deg_analysis_31124753_38.out:    Running contrast 1036/1132
deg_analysis_31124753_38.out:    Running contrast 1041/1132
deg_analysis_31124753_38.out:    Running contrast 1046/1132
deg_analysis_31124753_38.out:    Running contrast 1051/1132
deg_analysis_31124753_38.out:    Running contrast 1056/1132
deg_analysis_31124753_38.out:    Running contrast 1061/1132
deg_analysis_31124753_38.out:    Running contrast 1066/1132
deg_analysis_31124753_38.out:    Running contrast 1071/1132
deg_analysis_31124753_38.out:    Running contrast 1076/1132
deg_analysis_31124753_38.out:    Running contrast 1081/1132
deg_analysis_31124753_38.out:    Running contrast 1086/1132
deg_analysis_31124753_38.out:    Running contrast 1091/1132
deg_analysis_31124753_38.out:    Running contrast 1096/1132
deg_analysis_31124753_38.out:    Running contrast 1101/1132
deg_analysis_31124753_38.out:    Running contrast 1106/1132
deg_analysis_31124753_38.out:    Running contrast 1111/1132
deg_analysis_31124753_38.out:    Running contrast 1116/1132
deg_analysis_31124753_38.out:    Running contrast 1121/1132
deg_analysis_31124753_38.out:    Running contrast 1126/1132
deg_analysis_31124753_38.out:    Running contrast 1131/1132
deg_analysis_31124753_38.out:    Running contrast 1132/1132
deg_analysis_31124753_38.out:
deg_analysis_31124753_38.out:    Writing:  ./data/tahoe/deg_data/group_rep/full/qc_false/filter_min_cells_50/CVCL_1550_de.h5ad 
deg_analysis_31124753_38.out:
deg_analysis_31124753_38.out:    Rewriting h5ad file: ./data/tahoe/deg_data/group_rep/full/qc_false/filter_min_cells_50/CVCL_1550_de.h5ad 
deg_analysis_31124753_38.out:    Removed X matrix
deg_analysis_31124753_38.out:    Rewriting h5ad file is done!
deg_analysis_31124753_38.out:✓ Cell line completed in 9138.6 seconds
deg_analysis_31124753_38.out:
deg_analysis_31124753_38.out:DE analysis completed!
deg_analysis_31124753_38.out:
deg_analysis_31124753_38.out:Total runtime: 9161.4 seconds
deg_analysis_31124753_39.out:
deg_analysis_31124753_39.out:DE analysis started...
deg_analysis_31124753_39.out:Loaded input file:  ./data/tahoe/pseudobulk_processed/group_rep/by_celltype/CVCL_1571_processed.h5ad 
deg_analysis_31124753_39.out:Initial dimensions:  1331  samples ×  62710  genes
deg_analysis_31124753_39.out:Filter samples with the low number of cells
deg_analysis_31124753_39.out:    Filter threshold (min_cells):  50 
deg_analysis_31124753_39.out:    n_obs:  1331 -->  0 
deg_analysis_31124753_39.out:
deg_analysis_31124753_39.out:DE analysis completed!
deg_analysis_31124753_39.out:
deg_analysis_31124753_39.out:Total runtime: 11.5 seconds
deg_analysis_31124753_40.out:
deg_analysis_31124753_40.out:DE analysis started...
deg_analysis_31124753_40.out:Loaded input file:  ./data/tahoe/pseudobulk_processed/group_rep/by_celltype/CVCL_1577_processed.h5ad 
deg_analysis_31124753_40.out:Initial dimensions:  1333  samples ×  62710  genes
deg_analysis_31124753_40.out:Filter samples with the low number of cells
deg_analysis_31124753_40.out:    Filter threshold (min_cells):  50 
deg_analysis_31124753_40.out:    n_obs:  1333 -->  1196 
deg_analysis_31124753_40.out:
deg_analysis_31124753_40.out:▶︎ Processing cell_type  1 / 1 :  CVCL_1577 
deg_analysis_31124753_40.out:    Filter controls by  pert_time_h  column
deg_analysis_31124753_40.out:        n_obs:  1196 -->  1196 
deg_analysis_31124753_40.out:
deg_analysis_31124753_40.out:    Running contrast 1/1025
deg_analysis_31124753_40.out:    Running contrast 6/1025
deg_analysis_31124753_40.out:    Running contrast 11/1025
deg_analysis_31124753_40.out:    Running contrast 16/1025
deg_analysis_31124753_40.out:    Running contrast 21/1025
deg_analysis_31124753_40.out:    Running contrast 26/1025
deg_analysis_31124753_40.out:    Running contrast 31/1025
deg_analysis_31124753_40.out:    Running contrast 36/1025
deg_analysis_31124753_40.out:    Running contrast 41/1025
deg_analysis_31124753_40.out:    Running contrast 46/1025
deg_analysis_31124753_40.out:    Running contrast 51/1025
deg_analysis_31124753_40.out:    Running contrast 56/1025
deg_analysis_31124753_40.out:    Running contrast 61/1025
deg_analysis_31124753_40.out:    Running contrast 66/1025
deg_analysis_31124753_40.out:    Running contrast 71/1025
deg_analysis_31124753_40.out:    Running contrast 76/1025
deg_analysis_31124753_40.out:    Running contrast 81/1025
deg_analysis_31124753_40.out:    Running contrast 86/1025
deg_analysis_31124753_40.out:    Running contrast 91/1025
deg_analysis_31124753_40.out:    Running contrast 96/1025
deg_analysis_31124753_40.out:    Running contrast 101/1025
deg_analysis_31124753_40.out:    Running contrast 106/1025
deg_analysis_31124753_40.out:    Running contrast 111/1025
deg_analysis_31124753_40.out:    Running contrast 116/1025
deg_analysis_31124753_40.out:    Running contrast 121/1025
deg_analysis_31124753_40.out:    Running contrast 126/1025
deg_analysis_31124753_40.out:    Running contrast 131/1025
deg_analysis_31124753_40.out:    Running contrast 136/1025
deg_analysis_31124753_40.out:    Running contrast 141/1025
deg_analysis_31124753_40.out:    Running contrast 146/1025
deg_analysis_31124753_40.out:    Running contrast 151/1025
deg_analysis_31124753_40.out:    Running contrast 156/1025
deg_analysis_31124753_40.out:    Running contrast 161/1025
deg_analysis_31124753_40.out:    Running contrast 166/1025
deg_analysis_31124753_40.out:    Running contrast 171/1025
deg_analysis_31124753_40.out:    Running contrast 176/1025
deg_analysis_31124753_40.out:    Running contrast 181/1025
deg_analysis_31124753_40.out:    Running contrast 186/1025
deg_analysis_31124753_40.out:    Running contrast 191/1025
deg_analysis_31124753_40.out:    Running contrast 196/1025
deg_analysis_31124753_40.out:    Running contrast 201/1025
deg_analysis_31124753_40.out:    Running contrast 206/1025
deg_analysis_31124753_40.out:    Running contrast 211/1025
deg_analysis_31124753_40.out:    Running contrast 216/1025
deg_analysis_31124753_40.out:    Running contrast 221/1025
deg_analysis_31124753_40.out:    Running contrast 226/1025
deg_analysis_31124753_40.out:    Running contrast 231/1025
deg_analysis_31124753_40.out:    Running contrast 236/1025
deg_analysis_31124753_40.out:    Running contrast 241/1025
deg_analysis_31124753_40.out:    Running contrast 246/1025
deg_analysis_31124753_40.out:    Running contrast 251/1025
deg_analysis_31124753_40.out:    Running contrast 256/1025
deg_analysis_31124753_40.out:    Running contrast 261/1025
deg_analysis_31124753_40.out:    Running contrast 266/1025
deg_analysis_31124753_40.out:    Running contrast 271/1025
deg_analysis_31124753_40.out:    Running contrast 276/1025
deg_analysis_31124753_40.out:    Running contrast 281/1025
deg_analysis_31124753_40.out:    Running contrast 286/1025
deg_analysis_31124753_40.out:    Running contrast 291/1025
deg_analysis_31124753_40.out:    Running contrast 296/1025
deg_analysis_31124753_40.out:    Running contrast 301/1025
deg_analysis_31124753_40.out:    Running contrast 306/1025
deg_analysis_31124753_40.out:    Running contrast 311/1025
deg_analysis_31124753_40.out:    Running contrast 316/1025
deg_analysis_31124753_40.out:    Running contrast 321/1025
deg_analysis_31124753_40.out:    Running contrast 326/1025
deg_analysis_31124753_40.out:    Running contrast 331/1025
deg_analysis_31124753_40.out:    Running contrast 336/1025
deg_analysis_31124753_40.out:    Running contrast 341/1025
deg_analysis_31124753_40.out:    Running contrast 346/1025
deg_analysis_31124753_40.out:    Running contrast 351/1025
deg_analysis_31124753_40.out:    Running contrast 356/1025
deg_analysis_31124753_40.out:    Running contrast 361/1025
deg_analysis_31124753_40.out:    Running contrast 366/1025
deg_analysis_31124753_40.out:    Running contrast 371/1025
deg_analysis_31124753_40.out:    Running contrast 376/1025
deg_analysis_31124753_40.out:    Running contrast 381/1025
deg_analysis_31124753_40.out:    Running contrast 386/1025
deg_analysis_31124753_40.out:    Running contrast 391/1025
deg_analysis_31124753_40.out:    Running contrast 396/1025
deg_analysis_31124753_40.out:    Running contrast 401/1025
deg_analysis_31124753_40.out:    Running contrast 406/1025
deg_analysis_31124753_40.out:    Running contrast 411/1025
deg_analysis_31124753_40.out:    Running contrast 416/1025
deg_analysis_31124753_40.out:    Running contrast 421/1025
deg_analysis_31124753_40.out:    Running contrast 426/1025
deg_analysis_31124753_40.out:    Running contrast 431/1025
deg_analysis_31124753_40.out:    Running contrast 436/1025
deg_analysis_31124753_40.out:    Running contrast 441/1025
deg_analysis_31124753_40.out:    Running contrast 446/1025
deg_analysis_31124753_40.out:    Running contrast 451/1025
deg_analysis_31124753_40.out:    Running contrast 456/1025
deg_analysis_31124753_40.out:    Running contrast 461/1025
deg_analysis_31124753_40.out:    Running contrast 466/1025
deg_analysis_31124753_40.out:    Running contrast 471/1025
deg_analysis_31124753_40.out:    Running contrast 476/1025
deg_analysis_31124753_40.out:    Running contrast 481/1025
deg_analysis_31124753_40.out:    Running contrast 486/1025
deg_analysis_31124753_40.out:    Running contrast 491/1025
deg_analysis_31124753_40.out:    Running contrast 496/1025
deg_analysis_31124753_40.out:    Running contrast 501/1025
deg_analysis_31124753_40.out:    Running contrast 506/1025
deg_analysis_31124753_40.out:    Running contrast 511/1025
deg_analysis_31124753_40.out:    Running contrast 516/1025
deg_analysis_31124753_40.out:    Running contrast 521/1025
deg_analysis_31124753_40.out:    Running contrast 526/1025
deg_analysis_31124753_40.out:    Running contrast 531/1025
deg_analysis_31124753_40.out:    Running contrast 536/1025
deg_analysis_31124753_40.out:    Running contrast 541/1025
deg_analysis_31124753_40.out:    Running contrast 546/1025
deg_analysis_31124753_40.out:    Running contrast 551/1025
deg_analysis_31124753_40.out:    Running contrast 556/1025
deg_analysis_31124753_40.out:    Running contrast 561/1025
deg_analysis_31124753_40.out:    Running contrast 566/1025
deg_analysis_31124753_40.out:    Running contrast 571/1025
deg_analysis_31124753_40.out:    Running contrast 576/1025
deg_analysis_31124753_40.out:    Running contrast 581/1025
deg_analysis_31124753_40.out:    Running contrast 586/1025
deg_analysis_31124753_40.out:    Running contrast 591/1025
deg_analysis_31124753_40.out:    Running contrast 596/1025
deg_analysis_31124753_40.out:    Running contrast 601/1025
deg_analysis_31124753_40.out:    Running contrast 606/1025
deg_analysis_31124753_40.out:    Running contrast 611/1025
deg_analysis_31124753_40.out:    Running contrast 616/1025
deg_analysis_31124753_40.out:    Running contrast 621/1025
deg_analysis_31124753_40.out:    Running contrast 626/1025
deg_analysis_31124753_40.out:    Running contrast 631/1025
deg_analysis_31124753_40.out:    Running contrast 636/1025
deg_analysis_31124753_40.out:    Running contrast 641/1025
deg_analysis_31124753_40.out:    Running contrast 646/1025
deg_analysis_31124753_40.out:    Running contrast 651/1025
deg_analysis_31124753_40.out:    Running contrast 656/1025
deg_analysis_31124753_40.out:    Running contrast 661/1025
deg_analysis_31124753_40.out:    Running contrast 666/1025
deg_analysis_31124753_40.out:    Running contrast 671/1025
deg_analysis_31124753_40.out:    Running contrast 676/1025
deg_analysis_31124753_40.out:    Running contrast 681/1025
deg_analysis_31124753_40.out:    Running contrast 686/1025
deg_analysis_31124753_40.out:    Running contrast 691/1025
deg_analysis_31124753_40.out:    Running contrast 696/1025
deg_analysis_31124753_40.out:    Running contrast 701/1025
deg_analysis_31124753_40.out:    Running contrast 706/1025
deg_analysis_31124753_40.out:    Running contrast 711/1025
deg_analysis_31124753_40.out:    Running contrast 716/1025
deg_analysis_31124753_40.out:    Running contrast 721/1025
deg_analysis_31124753_40.out:    Running contrast 726/1025
deg_analysis_31124753_40.out:    Running contrast 731/1025
deg_analysis_31124753_40.out:    Running contrast 736/1025
deg_analysis_31124753_40.out:    Running contrast 741/1025
deg_analysis_31124753_40.out:    Running contrast 746/1025
deg_analysis_31124753_40.out:    Running contrast 751/1025
deg_analysis_31124753_40.out:    Running contrast 756/1025
deg_analysis_31124753_40.out:    Running contrast 761/1025
deg_analysis_31124753_40.out:    Running contrast 766/1025
deg_analysis_31124753_40.out:    Running contrast 771/1025
deg_analysis_31124753_40.out:    Running contrast 776/1025
deg_analysis_31124753_40.out:    Running contrast 781/1025
deg_analysis_31124753_40.out:    Running contrast 786/1025
deg_analysis_31124753_40.out:    Running contrast 791/1025
deg_analysis_31124753_40.out:    Running contrast 796/1025
deg_analysis_31124753_40.out:    Running contrast 801/1025
deg_analysis_31124753_40.out:    Running contrast 806/1025
deg_analysis_31124753_40.out:    Running contrast 811/1025
deg_analysis_31124753_40.out:    Running contrast 816/1025
deg_analysis_31124753_40.out:    Running contrast 821/1025
deg_analysis_31124753_40.out:    Running contrast 826/1025
deg_analysis_31124753_40.out:    Running contrast 831/1025
deg_analysis_31124753_40.out:    Running contrast 836/1025
deg_analysis_31124753_40.out:    Running contrast 841/1025
deg_analysis_31124753_40.out:    Running contrast 846/1025
deg_analysis_31124753_40.out:    Running contrast 851/1025
deg_analysis_31124753_40.out:    Running contrast 856/1025
deg_analysis_31124753_40.out:    Running contrast 861/1025
deg_analysis_31124753_40.out:    Running contrast 866/1025
deg_analysis_31124753_40.out:    Running contrast 871/1025
deg_analysis_31124753_40.out:    Running contrast 876/1025
deg_analysis_31124753_40.out:    Running contrast 881/1025
deg_analysis_31124753_40.out:    Running contrast 886/1025
deg_analysis_31124753_40.out:    Running contrast 891/1025
deg_analysis_31124753_40.out:    Running contrast 896/1025
deg_analysis_31124753_40.out:    Running contrast 901/1025
deg_analysis_31124753_40.out:    Running contrast 906/1025
deg_analysis_31124753_40.out:    Running contrast 911/1025
deg_analysis_31124753_40.out:    Running contrast 916/1025
deg_analysis_31124753_40.out:    Running contrast 921/1025
deg_analysis_31124753_40.out:    Running contrast 926/1025
deg_analysis_31124753_40.out:    Running contrast 931/1025
deg_analysis_31124753_40.out:    Running contrast 936/1025
deg_analysis_31124753_40.out:    Running contrast 941/1025
deg_analysis_31124753_40.out:    Running contrast 946/1025
deg_analysis_31124753_40.out:    Running contrast 951/1025
deg_analysis_31124753_40.out:    Running contrast 956/1025
deg_analysis_31124753_40.out:    Running contrast 961/1025
deg_analysis_31124753_40.out:    Running contrast 966/1025
deg_analysis_31124753_40.out:    Running contrast 971/1025
deg_analysis_31124753_40.out:    Running contrast 976/1025
deg_analysis_31124753_40.out:    Running contrast 981/1025
deg_analysis_31124753_40.out:    Running contrast 986/1025
deg_analysis_31124753_40.out:    Running contrast 991/1025
deg_analysis_31124753_40.out:    Running contrast 996/1025
deg_analysis_31124753_40.out:    Running contrast 1001/1025
deg_analysis_31124753_40.out:    Running contrast 1006/1025
deg_analysis_31124753_40.out:    Running contrast 1011/1025
deg_analysis_31124753_40.out:    Running contrast 1016/1025
deg_analysis_31124753_40.out:    Running contrast 1021/1025
deg_analysis_31124753_40.out:    Running contrast 1025/1025
deg_analysis_31124753_40.out:
deg_analysis_31124753_40.out:    Writing:  ./data/tahoe/deg_data/group_rep/full/qc_false/filter_min_cells_50/CVCL_1577_de.h5ad 
deg_analysis_31124753_40.out:
deg_analysis_31124753_40.out:    Rewriting h5ad file: ./data/tahoe/deg_data/group_rep/full/qc_false/filter_min_cells_50/CVCL_1577_de.h5ad 
deg_analysis_31124753_40.out:    Removed X matrix
deg_analysis_31124753_40.out:    Rewriting h5ad file is done!
deg_analysis_31124753_40.out:✓ Cell line completed in 3746.9 seconds
deg_analysis_31124753_40.out:
deg_analysis_31124753_40.out:DE analysis completed!
deg_analysis_31124753_40.out:
deg_analysis_31124753_40.out:Total runtime: 3757.5 seconds
deg_analysis_31124753_41.out:
deg_analysis_31124753_41.out:DE analysis started...
deg_analysis_31124753_41.out:Loaded input file:  ./data/tahoe/pseudobulk_processed/group_rep/by_celltype/CVCL_1635_processed.h5ad 
deg_analysis_31124753_41.out:Initial dimensions:  1341  samples ×  62710  genes
deg_analysis_31124753_41.out:Filter samples with the low number of cells
deg_analysis_31124753_41.out:    Filter threshold (min_cells):  50 
deg_analysis_31124753_41.out:    n_obs:  1341 -->  1328 
deg_analysis_31124753_41.out:
deg_analysis_31124753_41.out:▶︎ Processing cell_type  1 / 1 :  CVCL_1635 
deg_analysis_31124753_41.out:    Filter controls by  pert_time_h  column
deg_analysis_31124753_41.out:        n_obs:  1328 -->  1328 
deg_analysis_31124753_41.out:
deg_analysis_31124753_41.out:    Running contrast 1/1131
deg_analysis_31124753_41.out:    Running contrast 6/1131
deg_analysis_31124753_41.out:    Running contrast 11/1131
deg_analysis_31124753_41.out:    Running contrast 16/1131
deg_analysis_31124753_41.out:    Running contrast 21/1131
deg_analysis_31124753_41.out:    Running contrast 26/1131
deg_analysis_31124753_41.out:    Running contrast 31/1131
deg_analysis_31124753_41.out:    Running contrast 36/1131
deg_analysis_31124753_41.out:    Running contrast 41/1131
deg_analysis_31124753_41.out:    Running contrast 46/1131
deg_analysis_31124753_41.out:    Running contrast 51/1131
deg_analysis_31124753_41.out:    Running contrast 56/1131
deg_analysis_31124753_41.out:    Running contrast 61/1131
deg_analysis_31124753_41.out:    Running contrast 66/1131
deg_analysis_31124753_41.out:    Running contrast 71/1131
deg_analysis_31124753_41.out:    Running contrast 76/1131
deg_analysis_31124753_41.out:    Running contrast 81/1131
deg_analysis_31124753_41.out:    Running contrast 86/1131
deg_analysis_31124753_41.out:    Running contrast 91/1131
deg_analysis_31124753_41.out:    Running contrast 96/1131
deg_analysis_31124753_41.out:    Running contrast 101/1131
deg_analysis_31124753_41.out:    Running contrast 106/1131
deg_analysis_31124753_41.out:    Running contrast 111/1131
deg_analysis_31124753_41.out:    Running contrast 116/1131
deg_analysis_31124753_41.out:    Running contrast 121/1131
deg_analysis_31124753_41.out:    Running contrast 126/1131
deg_analysis_31124753_41.out:    Running contrast 131/1131
deg_analysis_31124753_41.out:    Running contrast 136/1131
deg_analysis_31124753_41.out:    Running contrast 141/1131
deg_analysis_31124753_41.out:    Running contrast 146/1131
deg_analysis_31124753_41.out:    Running contrast 151/1131
deg_analysis_31124753_41.out:    Running contrast 156/1131
deg_analysis_31124753_41.out:    Running contrast 161/1131
deg_analysis_31124753_41.out:    Running contrast 166/1131
deg_analysis_31124753_41.out:    Running contrast 171/1131
deg_analysis_31124753_41.out:    Running contrast 176/1131
deg_analysis_31124753_41.out:    Running contrast 181/1131
deg_analysis_31124753_41.out:    Running contrast 186/1131
deg_analysis_31124753_41.out:    Running contrast 191/1131
deg_analysis_31124753_41.out:    Running contrast 196/1131
deg_analysis_31124753_41.out:    Running contrast 201/1131
deg_analysis_31124753_41.out:    Running contrast 206/1131
deg_analysis_31124753_41.out:    Running contrast 211/1131
deg_analysis_31124753_41.out:    Running contrast 216/1131
deg_analysis_31124753_41.out:    Running contrast 221/1131
deg_analysis_31124753_41.out:    Running contrast 226/1131
deg_analysis_31124753_41.out:    Running contrast 231/1131
deg_analysis_31124753_41.out:    Running contrast 236/1131
deg_analysis_31124753_41.out:    Running contrast 241/1131
deg_analysis_31124753_41.out:    Running contrast 246/1131
deg_analysis_31124753_41.out:    Running contrast 251/1131
deg_analysis_31124753_41.out:    Running contrast 256/1131
deg_analysis_31124753_41.out:    Running contrast 261/1131
deg_analysis_31124753_41.out:    Running contrast 266/1131
deg_analysis_31124753_41.out:    Running contrast 271/1131
deg_analysis_31124753_41.out:    Running contrast 276/1131
deg_analysis_31124753_41.out:    Running contrast 281/1131
deg_analysis_31124753_41.out:    Running contrast 286/1131
deg_analysis_31124753_41.out:    Running contrast 291/1131
deg_analysis_31124753_41.out:    Running contrast 296/1131
deg_analysis_31124753_41.out:    Running contrast 301/1131
deg_analysis_31124753_41.out:    Running contrast 306/1131
deg_analysis_31124753_41.out:    Running contrast 311/1131
deg_analysis_31124753_41.out:    Running contrast 316/1131
deg_analysis_31124753_41.out:    Running contrast 321/1131
deg_analysis_31124753_41.out:    Running contrast 326/1131
deg_analysis_31124753_41.out:    Running contrast 331/1131
deg_analysis_31124753_41.out:    Running contrast 336/1131
deg_analysis_31124753_41.out:    Running contrast 341/1131
deg_analysis_31124753_41.out:    Running contrast 346/1131
deg_analysis_31124753_41.out:    Running contrast 351/1131
deg_analysis_31124753_41.out:    Running contrast 356/1131
deg_analysis_31124753_41.out:    Running contrast 361/1131
deg_analysis_31124753_41.out:    Running contrast 366/1131
deg_analysis_31124753_41.out:    Running contrast 371/1131
deg_analysis_31124753_41.out:    Running contrast 376/1131
deg_analysis_31124753_41.out:    Running contrast 381/1131
deg_analysis_31124753_41.out:    Running contrast 386/1131
deg_analysis_31124753_41.out:    Running contrast 391/1131
deg_analysis_31124753_41.out:    Running contrast 396/1131
deg_analysis_31124753_41.out:    Running contrast 401/1131
deg_analysis_31124753_41.out:    Running contrast 406/1131
deg_analysis_31124753_41.out:    Running contrast 411/1131
deg_analysis_31124753_41.out:    Running contrast 416/1131
deg_analysis_31124753_41.out:    Running contrast 421/1131
deg_analysis_31124753_41.out:    Running contrast 426/1131
deg_analysis_31124753_41.out:    Running contrast 431/1131
deg_analysis_31124753_41.out:    Running contrast 436/1131
deg_analysis_31124753_41.out:    Running contrast 441/1131
deg_analysis_31124753_41.out:    Running contrast 446/1131
deg_analysis_31124753_41.out:    Running contrast 451/1131
deg_analysis_31124753_41.out:    Running contrast 456/1131
deg_analysis_31124753_41.out:    Running contrast 461/1131
deg_analysis_31124753_41.out:    Running contrast 466/1131
deg_analysis_31124753_41.out:    Running contrast 471/1131
deg_analysis_31124753_41.out:    Running contrast 476/1131
deg_analysis_31124753_41.out:    Running contrast 481/1131
deg_analysis_31124753_41.out:    Running contrast 486/1131
deg_analysis_31124753_41.out:    Running contrast 491/1131
deg_analysis_31124753_41.out:    Running contrast 496/1131
deg_analysis_31124753_41.out:    Running contrast 501/1131
deg_analysis_31124753_41.out:    Running contrast 506/1131
deg_analysis_31124753_41.out:    Running contrast 511/1131
deg_analysis_31124753_41.out:    Running contrast 516/1131
deg_analysis_31124753_41.out:    Running contrast 521/1131
deg_analysis_31124753_41.out:    Running contrast 526/1131
deg_analysis_31124753_41.out:    Running contrast 531/1131
deg_analysis_31124753_41.out:    Running contrast 536/1131
deg_analysis_31124753_41.out:    Running contrast 541/1131
deg_analysis_31124753_41.out:    Running contrast 546/1131
deg_analysis_31124753_41.out:    Running contrast 551/1131
deg_analysis_31124753_41.out:    Running contrast 556/1131
deg_analysis_31124753_41.out:    Running contrast 561/1131
deg_analysis_31124753_41.out:    Running contrast 566/1131
deg_analysis_31124753_41.out:    Running contrast 571/1131
deg_analysis_31124753_41.out:    Running contrast 576/1131
deg_analysis_31124753_41.out:    Running contrast 581/1131
deg_analysis_31124753_41.out:    Running contrast 586/1131
deg_analysis_31124753_41.out:    Running contrast 591/1131
deg_analysis_31124753_41.out:    Running contrast 596/1131
deg_analysis_31124753_41.out:    Running contrast 601/1131
deg_analysis_31124753_41.out:    Running contrast 606/1131
deg_analysis_31124753_41.out:    Running contrast 611/1131
deg_analysis_31124753_41.out:    Running contrast 616/1131
deg_analysis_31124753_41.out:    Running contrast 621/1131
deg_analysis_31124753_41.out:    Running contrast 626/1131
deg_analysis_31124753_41.out:    Running contrast 631/1131
deg_analysis_31124753_41.out:    Running contrast 636/1131
deg_analysis_31124753_41.out:    Running contrast 641/1131
deg_analysis_31124753_41.out:    Running contrast 646/1131
deg_analysis_31124753_41.out:    Running contrast 651/1131
deg_analysis_31124753_41.out:    Running contrast 656/1131
deg_analysis_31124753_41.out:    Running contrast 661/1131
deg_analysis_31124753_41.out:    Running contrast 666/1131
deg_analysis_31124753_41.out:    Running contrast 671/1131
deg_analysis_31124753_41.out:    Running contrast 676/1131
deg_analysis_31124753_41.out:    Running contrast 681/1131
deg_analysis_31124753_41.out:    Running contrast 686/1131
deg_analysis_31124753_41.out:    Running contrast 691/1131
deg_analysis_31124753_41.out:    Running contrast 696/1131
deg_analysis_31124753_41.out:    Running contrast 701/1131
deg_analysis_31124753_41.out:    Running contrast 706/1131
deg_analysis_31124753_41.out:    Running contrast 711/1131
deg_analysis_31124753_41.out:    Running contrast 716/1131
deg_analysis_31124753_41.out:    Running contrast 721/1131
deg_analysis_31124753_41.out:    Running contrast 726/1131
deg_analysis_31124753_41.out:    Running contrast 731/1131
deg_analysis_31124753_41.out:    Running contrast 736/1131
deg_analysis_31124753_41.out:    Running contrast 741/1131
deg_analysis_31124753_41.out:    Running contrast 746/1131
deg_analysis_31124753_41.out:    Running contrast 751/1131
deg_analysis_31124753_41.out:    Running contrast 756/1131
deg_analysis_31124753_41.out:    Running contrast 761/1131
deg_analysis_31124753_41.out:    Running contrast 766/1131
deg_analysis_31124753_41.out:    Running contrast 771/1131
deg_analysis_31124753_41.out:    Running contrast 776/1131
deg_analysis_31124753_41.out:    Running contrast 781/1131
deg_analysis_31124753_41.out:    Running contrast 786/1131
deg_analysis_31124753_41.out:    Running contrast 791/1131
deg_analysis_31124753_41.out:    Running contrast 796/1131
deg_analysis_31124753_41.out:    Running contrast 801/1131
deg_analysis_31124753_41.out:    Running contrast 806/1131
deg_analysis_31124753_41.out:    Running contrast 811/1131
deg_analysis_31124753_41.out:    Running contrast 816/1131
deg_analysis_31124753_41.out:    Running contrast 821/1131
deg_analysis_31124753_41.out:    Running contrast 826/1131
deg_analysis_31124753_41.out:    Running contrast 831/1131
deg_analysis_31124753_41.out:    Running contrast 836/1131
deg_analysis_31124753_41.out:    Running contrast 841/1131
deg_analysis_31124753_41.out:    Running contrast 846/1131
deg_analysis_31124753_41.out:    Running contrast 851/1131
deg_analysis_31124753_41.out:    Running contrast 856/1131
deg_analysis_31124753_41.out:    Running contrast 861/1131
deg_analysis_31124753_41.out:    Running contrast 866/1131
deg_analysis_31124753_41.out:    Running contrast 871/1131
deg_analysis_31124753_41.out:    Running contrast 876/1131
deg_analysis_31124753_41.out:    Running contrast 881/1131
deg_analysis_31124753_41.out:    Running contrast 886/1131
deg_analysis_31124753_41.out:    Running contrast 891/1131
deg_analysis_31124753_41.out:    Running contrast 896/1131
deg_analysis_31124753_41.out:    Running contrast 901/1131
deg_analysis_31124753_41.out:    Running contrast 906/1131
deg_analysis_31124753_41.out:    Running contrast 911/1131
deg_analysis_31124753_41.out:    Running contrast 916/1131
deg_analysis_31124753_41.out:    Running contrast 921/1131
deg_analysis_31124753_41.out:    Running contrast 926/1131
deg_analysis_31124753_41.out:    Running contrast 931/1131
deg_analysis_31124753_41.out:    Running contrast 936/1131
deg_analysis_31124753_41.out:    Running contrast 941/1131
deg_analysis_31124753_41.out:    Running contrast 946/1131
deg_analysis_31124753_41.out:    Running contrast 951/1131
deg_analysis_31124753_41.out:    Running contrast 956/1131
deg_analysis_31124753_41.out:    Running contrast 961/1131
deg_analysis_31124753_41.out:    Running contrast 966/1131
deg_analysis_31124753_41.out:    Running contrast 971/1131
deg_analysis_31124753_41.out:    Running contrast 976/1131
deg_analysis_31124753_41.out:    Running contrast 981/1131
deg_analysis_31124753_41.out:    Running contrast 986/1131
deg_analysis_31124753_41.out:    Running contrast 991/1131
deg_analysis_31124753_41.out:    Running contrast 996/1131
deg_analysis_31124753_41.out:    Running contrast 1001/1131
deg_analysis_31124753_41.out:    Running contrast 1006/1131
deg_analysis_31124753_41.out:    Running contrast 1011/1131
deg_analysis_31124753_41.out:    Running contrast 1016/1131
deg_analysis_31124753_41.out:    Running contrast 1021/1131
deg_analysis_31124753_41.out:    Running contrast 1026/1131
deg_analysis_31124753_41.out:    Running contrast 1031/1131
deg_analysis_31124753_41.out:    Running contrast 1036/1131
deg_analysis_31124753_41.out:    Running contrast 1041/1131
deg_analysis_31124753_41.out:    Running contrast 1046/1131
deg_analysis_31124753_41.out:    Running contrast 1051/1131
deg_analysis_31124753_41.out:    Running contrast 1056/1131
deg_analysis_31124753_41.out:    Running contrast 1061/1131
deg_analysis_31124753_41.out:    Running contrast 1066/1131
deg_analysis_31124753_41.out:    Running contrast 1071/1131
deg_analysis_31124753_41.out:    Running contrast 1076/1131
deg_analysis_31124753_41.out:    Running contrast 1081/1131
deg_analysis_31124753_41.out:    Running contrast 1086/1131
deg_analysis_31124753_41.out:    Running contrast 1091/1131
deg_analysis_31124753_41.out:    Running contrast 1096/1131
deg_analysis_31124753_41.out:    Running contrast 1101/1131
deg_analysis_31124753_41.out:    Running contrast 1106/1131
deg_analysis_31124753_41.out:    Running contrast 1111/1131
deg_analysis_31124753_41.out:    Running contrast 1116/1131
deg_analysis_31124753_41.out:    Running contrast 1121/1131
deg_analysis_31124753_41.out:    Running contrast 1126/1131
deg_analysis_31124753_41.out:    Running contrast 1131/1131
deg_analysis_31124753_41.out:
deg_analysis_31124753_41.out:    Writing:  ./data/tahoe/deg_data/group_rep/full/qc_false/filter_min_cells_50/CVCL_1635_de.h5ad 
deg_analysis_31124753_41.out:
deg_analysis_31124753_41.out:    Rewriting h5ad file: ./data/tahoe/deg_data/group_rep/full/qc_false/filter_min_cells_50/CVCL_1635_de.h5ad 
deg_analysis_31124753_41.out:    Removed X matrix
deg_analysis_31124753_41.out:    Rewriting h5ad file is done!
deg_analysis_31124753_41.out:✓ Cell line completed in 7880.0 seconds
deg_analysis_31124753_41.out:
deg_analysis_31124753_41.out:DE analysis completed!
deg_analysis_31124753_41.out:
deg_analysis_31124753_41.out:Total runtime: 7907.8 seconds
deg_analysis_31124753_42.out:
deg_analysis_31124753_42.out:DE analysis started...
deg_analysis_31124753_42.out:Loaded input file:  ./data/tahoe/pseudobulk_processed/group_rep/by_celltype/CVCL_1666_processed.h5ad 
deg_analysis_31124753_42.out:Initial dimensions:  1341  samples ×  62710  genes
deg_analysis_31124753_42.out:Filter samples with the low number of cells
deg_analysis_31124753_42.out:    Filter threshold (min_cells):  50 
deg_analysis_31124753_42.out:    n_obs:  1341 -->  1328 
deg_analysis_31124753_42.out:
deg_analysis_31124753_42.out:▶︎ Processing cell_type  1 / 1 :  CVCL_1666 
deg_analysis_31124753_42.out:    Filter controls by  pert_time_h  column
deg_analysis_31124753_42.out:        n_obs:  1328 -->  1328 
deg_analysis_31124753_42.out:
deg_analysis_31124753_42.out:    Running contrast 1/1131
deg_analysis_31124753_42.out:    Running contrast 6/1131
deg_analysis_31124753_42.out:    Running contrast 11/1131
deg_analysis_31124753_42.out:    Running contrast 16/1131
deg_analysis_31124753_42.out:    Running contrast 21/1131
deg_analysis_31124753_42.out:    Running contrast 26/1131
deg_analysis_31124753_42.out:    Running contrast 31/1131
deg_analysis_31124753_42.out:    Running contrast 36/1131
deg_analysis_31124753_42.out:    Running contrast 41/1131
deg_analysis_31124753_42.out:    Running contrast 46/1131
deg_analysis_31124753_42.out:    Running contrast 51/1131
deg_analysis_31124753_42.out:    Running contrast 56/1131
deg_analysis_31124753_42.out:    Running contrast 61/1131
deg_analysis_31124753_42.out:    Running contrast 66/1131
deg_analysis_31124753_42.out:    Running contrast 71/1131
deg_analysis_31124753_42.out:    Running contrast 76/1131
deg_analysis_31124753_42.out:    Running contrast 81/1131
deg_analysis_31124753_42.out:    Running contrast 86/1131
deg_analysis_31124753_42.out:    Running contrast 91/1131
deg_analysis_31124753_42.out:    Running contrast 96/1131
deg_analysis_31124753_42.out:    Running contrast 101/1131
deg_analysis_31124753_42.out:    Running contrast 106/1131
deg_analysis_31124753_42.out:    Running contrast 111/1131
deg_analysis_31124753_42.out:    Running contrast 116/1131
deg_analysis_31124753_42.out:    Running contrast 121/1131
deg_analysis_31124753_42.out:    Running contrast 126/1131
deg_analysis_31124753_42.out:    Running contrast 131/1131
deg_analysis_31124753_42.out:    Running contrast 136/1131
deg_analysis_31124753_42.out:    Running contrast 141/1131
deg_analysis_31124753_42.out:    Running contrast 146/1131
deg_analysis_31124753_42.out:    Running contrast 151/1131
deg_analysis_31124753_42.out:    Running contrast 156/1131
deg_analysis_31124753_42.out:    Running contrast 161/1131
deg_analysis_31124753_42.out:    Running contrast 166/1131
deg_analysis_31124753_42.out:    Running contrast 171/1131
deg_analysis_31124753_42.out:    Running contrast 176/1131
deg_analysis_31124753_42.out:    Running contrast 181/1131
deg_analysis_31124753_42.out:    Running contrast 186/1131
deg_analysis_31124753_42.out:    Running contrast 191/1131
deg_analysis_31124753_42.out:    Running contrast 196/1131
deg_analysis_31124753_42.out:    Running contrast 201/1131
deg_analysis_31124753_42.out:    Running contrast 206/1131
deg_analysis_31124753_42.out:    Running contrast 211/1131
deg_analysis_31124753_42.out:    Running contrast 216/1131
deg_analysis_31124753_42.out:    Running contrast 221/1131
deg_analysis_31124753_42.out:    Running contrast 226/1131
deg_analysis_31124753_42.out:    Running contrast 231/1131
deg_analysis_31124753_42.out:    Running contrast 236/1131
deg_analysis_31124753_42.out:    Running contrast 241/1131
deg_analysis_31124753_42.out:    Running contrast 246/1131
deg_analysis_31124753_42.out:    Running contrast 251/1131
deg_analysis_31124753_42.out:    Running contrast 256/1131
deg_analysis_31124753_42.out:    Running contrast 261/1131
deg_analysis_31124753_42.out:    Running contrast 266/1131
deg_analysis_31124753_42.out:    Running contrast 271/1131
deg_analysis_31124753_42.out:    Running contrast 276/1131
deg_analysis_31124753_42.out:    Running contrast 281/1131
deg_analysis_31124753_42.out:    Running contrast 286/1131
deg_analysis_31124753_42.out:    Running contrast 291/1131
deg_analysis_31124753_42.out:    Running contrast 296/1131
deg_analysis_31124753_42.out:    Running contrast 301/1131
deg_analysis_31124753_42.out:    Running contrast 306/1131
deg_analysis_31124753_42.out:    Running contrast 311/1131
deg_analysis_31124753_42.out:    Running contrast 316/1131
deg_analysis_31124753_42.out:    Running contrast 321/1131
deg_analysis_31124753_42.out:    Running contrast 326/1131
deg_analysis_31124753_42.out:    Running contrast 331/1131
deg_analysis_31124753_42.out:    Running contrast 336/1131
deg_analysis_31124753_42.out:    Running contrast 341/1131
deg_analysis_31124753_42.out:    Running contrast 346/1131
deg_analysis_31124753_42.out:    Running contrast 351/1131
deg_analysis_31124753_42.out:    Running contrast 356/1131
deg_analysis_31124753_42.out:    Running contrast 361/1131
deg_analysis_31124753_42.out:    Running contrast 366/1131
deg_analysis_31124753_42.out:    Running contrast 371/1131
deg_analysis_31124753_42.out:    Running contrast 376/1131
deg_analysis_31124753_42.out:    Running contrast 381/1131
deg_analysis_31124753_42.out:    Running contrast 386/1131
deg_analysis_31124753_42.out:    Running contrast 391/1131
deg_analysis_31124753_42.out:    Running contrast 396/1131
deg_analysis_31124753_42.out:    Running contrast 401/1131
deg_analysis_31124753_42.out:    Running contrast 406/1131
deg_analysis_31124753_42.out:    Running contrast 411/1131
deg_analysis_31124753_42.out:    Running contrast 416/1131
deg_analysis_31124753_42.out:    Running contrast 421/1131
deg_analysis_31124753_42.out:    Running contrast 426/1131
deg_analysis_31124753_42.out:    Running contrast 431/1131
deg_analysis_31124753_42.out:    Running contrast 436/1131
deg_analysis_31124753_42.out:    Running contrast 441/1131
deg_analysis_31124753_42.out:    Running contrast 446/1131
deg_analysis_31124753_42.out:    Running contrast 451/1131
deg_analysis_31124753_42.out:    Running contrast 456/1131
deg_analysis_31124753_42.out:    Running contrast 461/1131
deg_analysis_31124753_42.out:    Running contrast 466/1131
deg_analysis_31124753_42.out:    Running contrast 471/1131
deg_analysis_31124753_42.out:    Running contrast 476/1131
deg_analysis_31124753_42.out:    Running contrast 481/1131
deg_analysis_31124753_42.out:    Running contrast 486/1131
deg_analysis_31124753_42.out:    Running contrast 491/1131
deg_analysis_31124753_42.out:    Running contrast 496/1131
deg_analysis_31124753_42.out:    Running contrast 501/1131
deg_analysis_31124753_42.out:    Running contrast 506/1131
deg_analysis_31124753_42.out:    Running contrast 511/1131
deg_analysis_31124753_42.out:    Running contrast 516/1131
deg_analysis_31124753_42.out:    Running contrast 521/1131
deg_analysis_31124753_42.out:    Running contrast 526/1131
deg_analysis_31124753_42.out:    Running contrast 531/1131
deg_analysis_31124753_42.out:    Running contrast 536/1131
deg_analysis_31124753_42.out:    Running contrast 541/1131
deg_analysis_31124753_42.out:    Running contrast 546/1131
deg_analysis_31124753_42.out:    Running contrast 551/1131
deg_analysis_31124753_42.out:    Running contrast 556/1131
deg_analysis_31124753_42.out:    Running contrast 561/1131
deg_analysis_31124753_42.out:    Running contrast 566/1131
deg_analysis_31124753_42.out:    Running contrast 571/1131
deg_analysis_31124753_42.out:    Running contrast 576/1131
deg_analysis_31124753_42.out:    Running contrast 581/1131
deg_analysis_31124753_42.out:    Running contrast 586/1131
deg_analysis_31124753_42.out:    Running contrast 591/1131
deg_analysis_31124753_42.out:    Running contrast 596/1131
deg_analysis_31124753_42.out:    Running contrast 601/1131
deg_analysis_31124753_42.out:    Running contrast 606/1131
deg_analysis_31124753_42.out:    Running contrast 611/1131
deg_analysis_31124753_42.out:    Running contrast 616/1131
deg_analysis_31124753_42.out:    Running contrast 621/1131
deg_analysis_31124753_42.out:    Running contrast 626/1131
deg_analysis_31124753_42.out:    Running contrast 631/1131
deg_analysis_31124753_42.out:    Running contrast 636/1131
deg_analysis_31124753_42.out:    Running contrast 641/1131
deg_analysis_31124753_42.out:    Running contrast 646/1131
deg_analysis_31124753_42.out:    Running contrast 651/1131
deg_analysis_31124753_42.out:    Running contrast 656/1131
deg_analysis_31124753_42.out:    Running contrast 661/1131
deg_analysis_31124753_42.out:    Running contrast 666/1131
deg_analysis_31124753_42.out:    Running contrast 671/1131
deg_analysis_31124753_42.out:    Running contrast 676/1131
deg_analysis_31124753_42.out:    Running contrast 681/1131
deg_analysis_31124753_42.out:    Running contrast 686/1131
deg_analysis_31124753_42.out:    Running contrast 691/1131
deg_analysis_31124753_42.out:    Running contrast 696/1131
deg_analysis_31124753_42.out:    Running contrast 701/1131
deg_analysis_31124753_42.out:    Running contrast 706/1131
deg_analysis_31124753_42.out:    Running contrast 711/1131
deg_analysis_31124753_42.out:    Running contrast 716/1131
deg_analysis_31124753_42.out:    Running contrast 721/1131
deg_analysis_31124753_42.out:    Running contrast 726/1131
deg_analysis_31124753_42.out:    Running contrast 731/1131
deg_analysis_31124753_42.out:    Running contrast 736/1131
deg_analysis_31124753_42.out:    Running contrast 741/1131
deg_analysis_31124753_42.out:    Running contrast 746/1131
deg_analysis_31124753_42.out:    Running contrast 751/1131
deg_analysis_31124753_42.out:    Running contrast 756/1131
deg_analysis_31124753_42.out:    Running contrast 761/1131
deg_analysis_31124753_42.out:    Running contrast 766/1131
deg_analysis_31124753_42.out:    Running contrast 771/1131
deg_analysis_31124753_42.out:    Running contrast 776/1131
deg_analysis_31124753_42.out:    Running contrast 781/1131
deg_analysis_31124753_42.out:    Running contrast 786/1131
deg_analysis_31124753_42.out:    Running contrast 791/1131
deg_analysis_31124753_42.out:    Running contrast 796/1131
deg_analysis_31124753_42.out:    Running contrast 801/1131
deg_analysis_31124753_42.out:    Running contrast 806/1131
deg_analysis_31124753_42.out:    Running contrast 811/1131
deg_analysis_31124753_42.out:    Running contrast 816/1131
deg_analysis_31124753_42.out:    Running contrast 821/1131
deg_analysis_31124753_42.out:    Running contrast 826/1131
deg_analysis_31124753_42.out:    Running contrast 831/1131
deg_analysis_31124753_42.out:    Running contrast 836/1131
deg_analysis_31124753_42.out:    Running contrast 841/1131
deg_analysis_31124753_42.out:    Running contrast 846/1131
deg_analysis_31124753_42.out:    Running contrast 851/1131
deg_analysis_31124753_42.out:    Running contrast 856/1131
deg_analysis_31124753_42.out:    Running contrast 861/1131
deg_analysis_31124753_42.out:    Running contrast 866/1131
deg_analysis_31124753_42.out:    Running contrast 871/1131
deg_analysis_31124753_42.out:    Running contrast 876/1131
deg_analysis_31124753_42.out:    Running contrast 881/1131
deg_analysis_31124753_42.out:    Running contrast 886/1131
deg_analysis_31124753_42.out:    Running contrast 891/1131
deg_analysis_31124753_42.out:    Running contrast 896/1131
deg_analysis_31124753_42.out:    Running contrast 901/1131
deg_analysis_31124753_42.out:    Running contrast 906/1131
deg_analysis_31124753_42.out:    Running contrast 911/1131
deg_analysis_31124753_42.out:    Running contrast 916/1131
deg_analysis_31124753_42.out:    Running contrast 921/1131
deg_analysis_31124753_42.out:    Running contrast 926/1131
deg_analysis_31124753_42.out:    Running contrast 931/1131
deg_analysis_31124753_42.out:    Running contrast 936/1131
deg_analysis_31124753_42.out:    Running contrast 941/1131
deg_analysis_31124753_42.out:    Running contrast 946/1131
deg_analysis_31124753_42.out:    Running contrast 951/1131
deg_analysis_31124753_42.out:    Running contrast 956/1131
deg_analysis_31124753_42.out:    Running contrast 961/1131
deg_analysis_31124753_42.out:    Running contrast 966/1131
deg_analysis_31124753_42.out:    Running contrast 971/1131
deg_analysis_31124753_42.out:    Running contrast 976/1131
deg_analysis_31124753_42.out:    Running contrast 981/1131
deg_analysis_31124753_42.out:    Running contrast 986/1131
deg_analysis_31124753_42.out:    Running contrast 991/1131
deg_analysis_31124753_42.out:    Running contrast 996/1131
deg_analysis_31124753_42.out:    Running contrast 1001/1131
deg_analysis_31124753_42.out:    Running contrast 1006/1131
deg_analysis_31124753_42.out:    Running contrast 1011/1131
deg_analysis_31124753_42.out:    Running contrast 1016/1131
deg_analysis_31124753_42.out:    Running contrast 1021/1131
deg_analysis_31124753_42.out:    Running contrast 1026/1131
deg_analysis_31124753_42.out:    Running contrast 1031/1131
deg_analysis_31124753_42.out:    Running contrast 1036/1131
deg_analysis_31124753_42.out:    Running contrast 1041/1131
deg_analysis_31124753_42.out:    Running contrast 1046/1131
deg_analysis_31124753_42.out:    Running contrast 1051/1131
deg_analysis_31124753_42.out:    Running contrast 1056/1131
deg_analysis_31124753_42.out:    Running contrast 1061/1131
deg_analysis_31124753_42.out:    Running contrast 1066/1131
deg_analysis_31124753_42.out:    Running contrast 1071/1131
deg_analysis_31124753_42.out:    Running contrast 1076/1131
deg_analysis_31124753_42.out:    Running contrast 1081/1131
deg_analysis_31124753_42.out:    Running contrast 1086/1131
deg_analysis_31124753_42.out:    Running contrast 1091/1131
deg_analysis_31124753_42.out:    Running contrast 1096/1131
deg_analysis_31124753_42.out:    Running contrast 1101/1131
deg_analysis_31124753_42.out:    Running contrast 1106/1131
deg_analysis_31124753_42.out:    Running contrast 1111/1131
deg_analysis_31124753_42.out:    Running contrast 1116/1131
deg_analysis_31124753_42.out:    Running contrast 1121/1131
deg_analysis_31124753_42.out:    Running contrast 1126/1131
deg_analysis_31124753_42.out:    Running contrast 1131/1131
deg_analysis_31124753_42.out:
deg_analysis_31124753_42.out:    Writing:  ./data/tahoe/deg_data/group_rep/full/qc_false/filter_min_cells_50/CVCL_1666_de.h5ad 
deg_analysis_31124753_42.out:
deg_analysis_31124753_42.out:    Rewriting h5ad file: ./data/tahoe/deg_data/group_rep/full/qc_false/filter_min_cells_50/CVCL_1666_de.h5ad 
deg_analysis_31124753_42.out:    Removed X matrix
deg_analysis_31124753_42.out:    Rewriting h5ad file is done!
deg_analysis_31124753_42.out:✓ Cell line completed in 6583.9 seconds
deg_analysis_31124753_42.out:
deg_analysis_31124753_42.out:DE analysis completed!
deg_analysis_31124753_42.out:
deg_analysis_31124753_42.out:Total runtime: 6608.1 seconds
deg_analysis_31124753_43.out:
deg_analysis_31124753_43.out:DE analysis started...
deg_analysis_31124753_43.out:Loaded input file:  ./data/tahoe/pseudobulk_processed/group_rep/by_celltype/CVCL_1693_processed.h5ad 
deg_analysis_31124753_43.out:Initial dimensions:  1342  samples ×  62710  genes
deg_analysis_31124753_43.out:Filter samples with the low number of cells
deg_analysis_31124753_43.out:    Filter threshold (min_cells):  50 
deg_analysis_31124753_43.out:    n_obs:  1342 -->  1330 
deg_analysis_31124753_43.out:
deg_analysis_31124753_43.out:▶︎ Processing cell_type  1 / 1 :  CVCL_1693 
deg_analysis_31124753_43.out:    Filter controls by  pert_time_h  column
deg_analysis_31124753_43.out:        n_obs:  1330 -->  1330 
deg_analysis_31124753_43.out:
deg_analysis_31124753_43.out:    Running contrast 1/1133
deg_analysis_31124753_43.out:    Running contrast 6/1133
deg_analysis_31124753_43.out:    Running contrast 11/1133
deg_analysis_31124753_43.out:    Running contrast 16/1133
deg_analysis_31124753_43.out:    Running contrast 21/1133
deg_analysis_31124753_43.out:    Running contrast 26/1133
deg_analysis_31124753_43.out:    Running contrast 31/1133
deg_analysis_31124753_43.out:    Running contrast 36/1133
deg_analysis_31124753_43.out:    Running contrast 41/1133
deg_analysis_31124753_43.out:    Running contrast 46/1133
deg_analysis_31124753_43.out:    Running contrast 51/1133
deg_analysis_31124753_43.out:    Running contrast 56/1133
deg_analysis_31124753_43.out:    Running contrast 61/1133
deg_analysis_31124753_43.out:    Running contrast 66/1133
deg_analysis_31124753_43.out:    Running contrast 71/1133
deg_analysis_31124753_43.out:    Running contrast 76/1133
deg_analysis_31124753_43.out:    Running contrast 81/1133
deg_analysis_31124753_43.out:    Running contrast 86/1133
deg_analysis_31124753_43.out:    Running contrast 91/1133
deg_analysis_31124753_43.out:    Running contrast 96/1133
deg_analysis_31124753_43.out:    Running contrast 101/1133
deg_analysis_31124753_43.out:    Running contrast 106/1133
deg_analysis_31124753_43.out:    Running contrast 111/1133
deg_analysis_31124753_43.out:    Running contrast 116/1133
deg_analysis_31124753_43.out:    Running contrast 121/1133
deg_analysis_31124753_43.out:    Running contrast 126/1133
deg_analysis_31124753_43.out:    Running contrast 131/1133
deg_analysis_31124753_43.out:    Running contrast 136/1133
deg_analysis_31124753_43.out:    Running contrast 141/1133
deg_analysis_31124753_43.out:    Running contrast 146/1133
deg_analysis_31124753_43.out:    Running contrast 151/1133
deg_analysis_31124753_43.out:    Running contrast 156/1133
deg_analysis_31124753_43.out:    Running contrast 161/1133
deg_analysis_31124753_43.out:    Running contrast 166/1133
deg_analysis_31124753_43.out:    Running contrast 171/1133
deg_analysis_31124753_43.out:    Running contrast 176/1133
deg_analysis_31124753_43.out:    Running contrast 181/1133
deg_analysis_31124753_43.out:    Running contrast 186/1133
deg_analysis_31124753_43.out:    Running contrast 191/1133
deg_analysis_31124753_43.out:    Running contrast 196/1133
deg_analysis_31124753_43.out:    Running contrast 201/1133
deg_analysis_31124753_43.out:    Running contrast 206/1133
deg_analysis_31124753_43.out:    Running contrast 211/1133
deg_analysis_31124753_43.out:    Running contrast 216/1133
deg_analysis_31124753_43.out:    Running contrast 221/1133
deg_analysis_31124753_43.out:    Running contrast 226/1133
deg_analysis_31124753_43.out:    Running contrast 231/1133
deg_analysis_31124753_43.out:    Running contrast 236/1133
deg_analysis_31124753_43.out:    Running contrast 241/1133
deg_analysis_31124753_43.out:    Running contrast 246/1133
deg_analysis_31124753_43.out:    Running contrast 251/1133
deg_analysis_31124753_43.out:    Running contrast 256/1133
deg_analysis_31124753_43.out:    Running contrast 261/1133
deg_analysis_31124753_43.out:    Running contrast 266/1133
deg_analysis_31124753_43.out:    Running contrast 271/1133
deg_analysis_31124753_43.out:    Running contrast 276/1133
deg_analysis_31124753_43.out:    Running contrast 281/1133
deg_analysis_31124753_43.out:    Running contrast 286/1133
deg_analysis_31124753_43.out:    Running contrast 291/1133
deg_analysis_31124753_43.out:    Running contrast 296/1133
deg_analysis_31124753_43.out:    Running contrast 301/1133
deg_analysis_31124753_43.out:    Running contrast 306/1133
deg_analysis_31124753_43.out:    Running contrast 311/1133
deg_analysis_31124753_43.out:    Running contrast 316/1133
deg_analysis_31124753_43.out:    Running contrast 321/1133
deg_analysis_31124753_43.out:    Running contrast 326/1133
deg_analysis_31124753_43.out:    Running contrast 331/1133
deg_analysis_31124753_43.out:    Running contrast 336/1133
deg_analysis_31124753_43.out:    Running contrast 341/1133
deg_analysis_31124753_43.out:    Running contrast 346/1133
deg_analysis_31124753_43.out:    Running contrast 351/1133
deg_analysis_31124753_43.out:    Running contrast 356/1133
deg_analysis_31124753_43.out:    Running contrast 361/1133
deg_analysis_31124753_43.out:    Running contrast 366/1133
deg_analysis_31124753_43.out:    Running contrast 371/1133
deg_analysis_31124753_43.out:    Running contrast 376/1133
deg_analysis_31124753_43.out:    Running contrast 381/1133
deg_analysis_31124753_43.out:    Running contrast 386/1133
deg_analysis_31124753_43.out:    Running contrast 391/1133
deg_analysis_31124753_43.out:    Running contrast 396/1133
deg_analysis_31124753_43.out:    Running contrast 401/1133
deg_analysis_31124753_43.out:    Running contrast 406/1133
deg_analysis_31124753_43.out:    Running contrast 411/1133
deg_analysis_31124753_43.out:    Running contrast 416/1133
deg_analysis_31124753_43.out:    Running contrast 421/1133
deg_analysis_31124753_43.out:    Running contrast 426/1133
deg_analysis_31124753_43.out:    Running contrast 431/1133
deg_analysis_31124753_43.out:    Running contrast 436/1133
deg_analysis_31124753_43.out:    Running contrast 441/1133
deg_analysis_31124753_43.out:    Running contrast 446/1133
deg_analysis_31124753_43.out:    Running contrast 451/1133
deg_analysis_31124753_43.out:    Running contrast 456/1133
deg_analysis_31124753_43.out:    Running contrast 461/1133
deg_analysis_31124753_43.out:    Running contrast 466/1133
deg_analysis_31124753_43.out:    Running contrast 471/1133
deg_analysis_31124753_43.out:    Running contrast 476/1133
deg_analysis_31124753_43.out:    Running contrast 481/1133
deg_analysis_31124753_43.out:    Running contrast 486/1133
deg_analysis_31124753_43.out:    Running contrast 491/1133
deg_analysis_31124753_43.out:    Running contrast 496/1133
deg_analysis_31124753_43.out:    Running contrast 501/1133
deg_analysis_31124753_43.out:    Running contrast 506/1133
deg_analysis_31124753_43.out:    Running contrast 511/1133
deg_analysis_31124753_43.out:    Running contrast 516/1133
deg_analysis_31124753_43.out:    Running contrast 521/1133
deg_analysis_31124753_43.out:    Running contrast 526/1133
deg_analysis_31124753_43.out:    Running contrast 531/1133
deg_analysis_31124753_43.out:    Running contrast 536/1133
deg_analysis_31124753_43.out:    Running contrast 541/1133
deg_analysis_31124753_43.out:    Running contrast 546/1133
deg_analysis_31124753_43.out:    Running contrast 551/1133
deg_analysis_31124753_43.out:    Running contrast 556/1133
deg_analysis_31124753_43.out:    Running contrast 561/1133
deg_analysis_31124753_43.out:    Running contrast 566/1133
deg_analysis_31124753_43.out:    Running contrast 571/1133
deg_analysis_31124753_43.out:    Running contrast 576/1133
deg_analysis_31124753_43.out:    Running contrast 581/1133
deg_analysis_31124753_43.out:    Running contrast 586/1133
deg_analysis_31124753_43.out:    Running contrast 591/1133
deg_analysis_31124753_43.out:    Running contrast 596/1133
deg_analysis_31124753_43.out:    Running contrast 601/1133
deg_analysis_31124753_43.out:    Running contrast 606/1133
deg_analysis_31124753_43.out:    Running contrast 611/1133
deg_analysis_31124753_43.out:    Running contrast 616/1133
deg_analysis_31124753_43.out:    Running contrast 621/1133
deg_analysis_31124753_43.out:    Running contrast 626/1133
deg_analysis_31124753_43.out:    Running contrast 631/1133
deg_analysis_31124753_43.out:    Running contrast 636/1133
deg_analysis_31124753_43.out:    Running contrast 641/1133
deg_analysis_31124753_43.out:    Running contrast 646/1133
deg_analysis_31124753_43.out:    Running contrast 651/1133
deg_analysis_31124753_43.out:    Running contrast 656/1133
deg_analysis_31124753_43.out:    Running contrast 661/1133
deg_analysis_31124753_43.out:    Running contrast 666/1133
deg_analysis_31124753_43.out:    Running contrast 671/1133
deg_analysis_31124753_43.out:    Running contrast 676/1133
deg_analysis_31124753_43.out:    Running contrast 681/1133
deg_analysis_31124753_43.out:    Running contrast 686/1133
deg_analysis_31124753_43.out:    Running contrast 691/1133
deg_analysis_31124753_43.out:    Running contrast 696/1133
deg_analysis_31124753_43.out:    Running contrast 701/1133
deg_analysis_31124753_43.out:    Running contrast 706/1133
deg_analysis_31124753_43.out:    Running contrast 711/1133
deg_analysis_31124753_43.out:    Running contrast 716/1133
deg_analysis_31124753_43.out:    Running contrast 721/1133
deg_analysis_31124753_43.out:    Running contrast 726/1133
deg_analysis_31124753_43.out:    Running contrast 731/1133
deg_analysis_31124753_43.out:    Running contrast 736/1133
deg_analysis_31124753_43.out:    Running contrast 741/1133
deg_analysis_31124753_43.out:    Running contrast 746/1133
deg_analysis_31124753_43.out:    Running contrast 751/1133
deg_analysis_31124753_43.out:    Running contrast 756/1133
deg_analysis_31124753_43.out:    Running contrast 761/1133
deg_analysis_31124753_43.out:    Running contrast 766/1133
deg_analysis_31124753_43.out:    Running contrast 771/1133
deg_analysis_31124753_43.out:    Running contrast 776/1133
deg_analysis_31124753_43.out:    Running contrast 781/1133
deg_analysis_31124753_43.out:    Running contrast 786/1133
deg_analysis_31124753_43.out:    Running contrast 791/1133
deg_analysis_31124753_43.out:    Running contrast 796/1133
deg_analysis_31124753_43.out:    Running contrast 801/1133
deg_analysis_31124753_43.out:    Running contrast 806/1133
deg_analysis_31124753_43.out:    Running contrast 811/1133
deg_analysis_31124753_43.out:    Running contrast 816/1133
deg_analysis_31124753_43.out:    Running contrast 821/1133
deg_analysis_31124753_43.out:    Running contrast 826/1133
deg_analysis_31124753_43.out:    Running contrast 831/1133
deg_analysis_31124753_43.out:    Running contrast 836/1133
deg_analysis_31124753_43.out:    Running contrast 841/1133
deg_analysis_31124753_43.out:    Running contrast 846/1133
deg_analysis_31124753_43.out:    Running contrast 851/1133
deg_analysis_31124753_43.out:    Running contrast 856/1133
deg_analysis_31124753_43.out:    Running contrast 861/1133
deg_analysis_31124753_43.out:    Running contrast 866/1133
deg_analysis_31124753_43.out:    Running contrast 871/1133
deg_analysis_31124753_43.out:    Running contrast 876/1133
deg_analysis_31124753_43.out:    Running contrast 881/1133
deg_analysis_31124753_43.out:    Running contrast 886/1133
deg_analysis_31124753_43.out:    Running contrast 891/1133
deg_analysis_31124753_43.out:    Running contrast 896/1133
deg_analysis_31124753_43.out:    Running contrast 901/1133
deg_analysis_31124753_43.out:    Running contrast 906/1133
deg_analysis_31124753_43.out:    Running contrast 911/1133
deg_analysis_31124753_43.out:    Running contrast 916/1133
deg_analysis_31124753_43.out:    Running contrast 921/1133
deg_analysis_31124753_43.out:    Running contrast 926/1133
deg_analysis_31124753_43.out:    Running contrast 931/1133
deg_analysis_31124753_43.out:    Running contrast 936/1133
deg_analysis_31124753_43.out:    Running contrast 941/1133
deg_analysis_31124753_43.out:    Running contrast 946/1133
deg_analysis_31124753_43.out:    Running contrast 951/1133
deg_analysis_31124753_43.out:    Running contrast 956/1133
deg_analysis_31124753_43.out:    Running contrast 961/1133
deg_analysis_31124753_43.out:    Running contrast 966/1133
deg_analysis_31124753_43.out:    Running contrast 971/1133
deg_analysis_31124753_43.out:    Running contrast 976/1133
deg_analysis_31124753_43.out:    Running contrast 981/1133
deg_analysis_31124753_43.out:    Running contrast 986/1133
deg_analysis_31124753_43.out:    Running contrast 991/1133
deg_analysis_31124753_43.out:    Running contrast 996/1133
deg_analysis_31124753_43.out:    Running contrast 1001/1133
deg_analysis_31124753_43.out:    Running contrast 1006/1133
deg_analysis_31124753_43.out:    Running contrast 1011/1133
deg_analysis_31124753_43.out:    Running contrast 1016/1133
deg_analysis_31124753_43.out:    Running contrast 1021/1133
deg_analysis_31124753_43.out:    Running contrast 1026/1133
deg_analysis_31124753_43.out:    Running contrast 1031/1133
deg_analysis_31124753_43.out:    Running contrast 1036/1133
deg_analysis_31124753_43.out:    Running contrast 1041/1133
deg_analysis_31124753_43.out:    Running contrast 1046/1133
deg_analysis_31124753_43.out:    Running contrast 1051/1133
deg_analysis_31124753_43.out:    Running contrast 1056/1133
deg_analysis_31124753_43.out:    Running contrast 1061/1133
deg_analysis_31124753_43.out:    Running contrast 1066/1133
deg_analysis_31124753_43.out:    Running contrast 1071/1133
deg_analysis_31124753_43.out:    Running contrast 1076/1133
deg_analysis_31124753_43.out:    Running contrast 1081/1133
deg_analysis_31124753_43.out:    Running contrast 1086/1133
deg_analysis_31124753_43.out:    Running contrast 1091/1133
deg_analysis_31124753_43.out:    Running contrast 1096/1133
deg_analysis_31124753_43.out:    Running contrast 1101/1133
deg_analysis_31124753_43.out:    Running contrast 1106/1133
deg_analysis_31124753_43.out:    Running contrast 1111/1133
deg_analysis_31124753_43.out:    Running contrast 1116/1133
deg_analysis_31124753_43.out:    Running contrast 1121/1133
deg_analysis_31124753_43.out:    Running contrast 1126/1133
deg_analysis_31124753_43.out:    Running contrast 1131/1133
deg_analysis_31124753_43.out:    Running contrast 1133/1133
deg_analysis_31124753_43.out:
deg_analysis_31124753_43.out:    Writing:  ./data/tahoe/deg_data/group_rep/full/qc_false/filter_min_cells_50/CVCL_1693_de.h5ad 
deg_analysis_31124753_43.out:
deg_analysis_31124753_43.out:    Rewriting h5ad file: ./data/tahoe/deg_data/group_rep/full/qc_false/filter_min_cells_50/CVCL_1693_de.h5ad 
deg_analysis_31124753_43.out:    Removed X matrix
deg_analysis_31124753_43.out:    Rewriting h5ad file is done!
deg_analysis_31124753_43.out:✓ Cell line completed in 9994.0 seconds
deg_analysis_31124753_43.out:
deg_analysis_31124753_43.out:DE analysis completed!
deg_analysis_31124753_43.out:
deg_analysis_31124753_43.out:Total runtime: 10037.9 seconds
deg_analysis_31124753_44.out:
deg_analysis_31124753_44.out:DE analysis started...
deg_analysis_31124753_44.out:Loaded input file:  ./data/tahoe/pseudobulk_processed/group_rep/by_celltype/CVCL_1715_processed.h5ad 
deg_analysis_31124753_44.out:Initial dimensions:  1340  samples ×  62710  genes
deg_analysis_31124753_44.out:Filter samples with the low number of cells
deg_analysis_31124753_44.out:    Filter threshold (min_cells):  50 
deg_analysis_31124753_44.out:    n_obs:  1340 -->  1040 
deg_analysis_31124753_44.out:
deg_analysis_31124753_44.out:▶︎ Processing cell_type  1 / 1 :  CVCL_1715 
deg_analysis_31124753_44.out:    Filter controls by  pert_time_h  column
deg_analysis_31124753_44.out:        n_obs:  1040 -->  1040 
deg_analysis_31124753_44.out:
deg_analysis_31124753_44.out:    Running contrast 1/887
deg_analysis_31124753_44.out:    Running contrast 6/887
deg_analysis_31124753_44.out:    Running contrast 11/887
deg_analysis_31124753_44.out:    Running contrast 16/887
deg_analysis_31124753_44.out:    Running contrast 21/887
deg_analysis_31124753_44.out:    Running contrast 26/887
deg_analysis_31124753_44.out:    Running contrast 31/887
deg_analysis_31124753_44.out:    Running contrast 36/887
deg_analysis_31124753_44.out:    Running contrast 41/887
deg_analysis_31124753_44.out:    Running contrast 46/887
deg_analysis_31124753_44.out:    Running contrast 51/887
deg_analysis_31124753_44.out:    Running contrast 56/887
deg_analysis_31124753_44.out:    Running contrast 61/887
deg_analysis_31124753_44.out:    Running contrast 66/887
deg_analysis_31124753_44.out:    Running contrast 71/887
deg_analysis_31124753_44.out:    Running contrast 76/887
deg_analysis_31124753_44.out:    Running contrast 81/887
deg_analysis_31124753_44.out:    Running contrast 86/887
deg_analysis_31124753_44.out:    Running contrast 91/887
deg_analysis_31124753_44.out:    Running contrast 96/887
deg_analysis_31124753_44.out:    Running contrast 101/887
deg_analysis_31124753_44.out:    Running contrast 106/887
deg_analysis_31124753_44.out:    Running contrast 111/887
deg_analysis_31124753_44.out:    Running contrast 116/887
deg_analysis_31124753_44.out:    Running contrast 121/887
deg_analysis_31124753_44.out:    Running contrast 126/887
deg_analysis_31124753_44.out:    Running contrast 131/887
deg_analysis_31124753_44.out:    Running contrast 136/887
deg_analysis_31124753_44.out:    Running contrast 141/887
deg_analysis_31124753_44.out:    Running contrast 146/887
deg_analysis_31124753_44.out:    Running contrast 151/887
deg_analysis_31124753_44.out:    Running contrast 156/887
deg_analysis_31124753_44.out:    Running contrast 161/887
deg_analysis_31124753_44.out:    Running contrast 166/887
deg_analysis_31124753_44.out:    Running contrast 171/887
deg_analysis_31124753_44.out:    Running contrast 176/887
deg_analysis_31124753_44.out:    Running contrast 181/887
deg_analysis_31124753_44.out:    Running contrast 186/887
deg_analysis_31124753_44.out:    Running contrast 191/887
deg_analysis_31124753_44.out:    Running contrast 196/887
deg_analysis_31124753_44.out:    Running contrast 201/887
deg_analysis_31124753_44.out:    Running contrast 206/887
deg_analysis_31124753_44.out:    Running contrast 211/887
deg_analysis_31124753_44.out:    Running contrast 216/887
deg_analysis_31124753_44.out:    Running contrast 221/887
deg_analysis_31124753_44.out:    Running contrast 226/887
deg_analysis_31124753_44.out:    Running contrast 231/887
deg_analysis_31124753_44.out:    Running contrast 236/887
deg_analysis_31124753_44.out:    Running contrast 241/887
deg_analysis_31124753_44.out:    Running contrast 246/887
deg_analysis_31124753_44.out:    Running contrast 251/887
deg_analysis_31124753_44.out:    Running contrast 256/887
deg_analysis_31124753_44.out:    Running contrast 261/887
deg_analysis_31124753_44.out:    Running contrast 266/887
deg_analysis_31124753_44.out:    Running contrast 271/887
deg_analysis_31124753_44.out:    Running contrast 276/887
deg_analysis_31124753_44.out:    Running contrast 281/887
deg_analysis_31124753_44.out:    Running contrast 286/887
deg_analysis_31124753_44.out:    Running contrast 291/887
deg_analysis_31124753_44.out:    Running contrast 296/887
deg_analysis_31124753_44.out:    Running contrast 301/887
deg_analysis_31124753_44.out:    Running contrast 306/887
deg_analysis_31124753_44.out:    Running contrast 311/887
deg_analysis_31124753_44.out:    Running contrast 316/887
deg_analysis_31124753_44.out:    Running contrast 321/887
deg_analysis_31124753_44.out:    Running contrast 326/887
deg_analysis_31124753_44.out:    Running contrast 331/887
deg_analysis_31124753_44.out:    Running contrast 336/887
deg_analysis_31124753_44.out:    Running contrast 341/887
deg_analysis_31124753_44.out:    Running contrast 346/887
deg_analysis_31124753_44.out:    Running contrast 351/887
deg_analysis_31124753_44.out:    Running contrast 356/887
deg_analysis_31124753_44.out:    Running contrast 361/887
deg_analysis_31124753_44.out:    Running contrast 366/887
deg_analysis_31124753_44.out:    Running contrast 371/887
deg_analysis_31124753_44.out:    Running contrast 376/887
deg_analysis_31124753_44.out:    Running contrast 381/887
deg_analysis_31124753_44.out:    Running contrast 386/887
deg_analysis_31124753_44.out:    Running contrast 391/887
deg_analysis_31124753_44.out:    Running contrast 396/887
deg_analysis_31124753_44.out:    Running contrast 401/887
deg_analysis_31124753_44.out:    Running contrast 406/887
deg_analysis_31124753_44.out:    Running contrast 411/887
deg_analysis_31124753_44.out:    Running contrast 416/887
deg_analysis_31124753_44.out:    Running contrast 421/887
deg_analysis_31124753_44.out:    Running contrast 426/887
deg_analysis_31124753_44.out:    Running contrast 431/887
deg_analysis_31124753_44.out:    Running contrast 436/887
deg_analysis_31124753_44.out:    Running contrast 441/887
deg_analysis_31124753_44.out:    Running contrast 446/887
deg_analysis_31124753_44.out:    Running contrast 451/887
deg_analysis_31124753_44.out:    Running contrast 456/887
deg_analysis_31124753_44.out:    Running contrast 461/887
deg_analysis_31124753_44.out:    Running contrast 466/887
deg_analysis_31124753_44.out:    Running contrast 471/887
deg_analysis_31124753_44.out:    Running contrast 476/887
deg_analysis_31124753_44.out:    Running contrast 481/887
deg_analysis_31124753_44.out:    Running contrast 486/887
deg_analysis_31124753_44.out:    Running contrast 491/887
deg_analysis_31124753_44.out:    Running contrast 496/887
deg_analysis_31124753_44.out:    Running contrast 501/887
deg_analysis_31124753_44.out:    Running contrast 506/887
deg_analysis_31124753_44.out:    Running contrast 511/887
deg_analysis_31124753_44.out:    Running contrast 516/887
deg_analysis_31124753_44.out:    Running contrast 521/887
deg_analysis_31124753_44.out:    Running contrast 526/887
deg_analysis_31124753_44.out:    Running contrast 531/887
deg_analysis_31124753_44.out:    Running contrast 536/887
deg_analysis_31124753_44.out:    Running contrast 541/887
deg_analysis_31124753_44.out:    Running contrast 546/887
deg_analysis_31124753_44.out:    Running contrast 551/887
deg_analysis_31124753_44.out:    Running contrast 556/887
deg_analysis_31124753_44.out:    Running contrast 561/887
deg_analysis_31124753_44.out:    Running contrast 566/887
deg_analysis_31124753_44.out:    Running contrast 571/887
deg_analysis_31124753_44.out:    Running contrast 576/887
deg_analysis_31124753_44.out:    Running contrast 581/887
deg_analysis_31124753_44.out:    Running contrast 586/887
deg_analysis_31124753_44.out:    Running contrast 591/887
deg_analysis_31124753_44.out:    Running contrast 596/887
deg_analysis_31124753_44.out:    Running contrast 601/887
deg_analysis_31124753_44.out:    Running contrast 606/887
deg_analysis_31124753_44.out:    Running contrast 611/887
deg_analysis_31124753_44.out:    Running contrast 616/887
deg_analysis_31124753_44.out:    Running contrast 621/887
deg_analysis_31124753_44.out:    Running contrast 626/887
deg_analysis_31124753_44.out:    Running contrast 631/887
deg_analysis_31124753_44.out:    Running contrast 636/887
deg_analysis_31124753_44.out:    Running contrast 641/887
deg_analysis_31124753_44.out:    Running contrast 646/887
deg_analysis_31124753_44.out:    Running contrast 651/887
deg_analysis_31124753_44.out:    Running contrast 656/887
deg_analysis_31124753_44.out:    Running contrast 661/887
deg_analysis_31124753_44.out:    Running contrast 666/887
deg_analysis_31124753_44.out:    Running contrast 671/887
deg_analysis_31124753_44.out:    Running contrast 676/887
deg_analysis_31124753_44.out:    Running contrast 681/887
deg_analysis_31124753_44.out:    Running contrast 686/887
deg_analysis_31124753_44.out:    Running contrast 691/887
deg_analysis_31124753_44.out:    Running contrast 696/887
deg_analysis_31124753_44.out:    Running contrast 701/887
deg_analysis_31124753_44.out:    Running contrast 706/887
deg_analysis_31124753_44.out:    Running contrast 711/887
deg_analysis_31124753_44.out:    Running contrast 716/887
deg_analysis_31124753_44.out:    Running contrast 721/887
deg_analysis_31124753_44.out:    Running contrast 726/887
deg_analysis_31124753_44.out:    Running contrast 731/887
deg_analysis_31124753_44.out:    Running contrast 736/887
deg_analysis_31124753_44.out:    Running contrast 741/887
deg_analysis_31124753_44.out:    Running contrast 746/887
deg_analysis_31124753_44.out:    Running contrast 751/887
deg_analysis_31124753_44.out:    Running contrast 756/887
deg_analysis_31124753_44.out:    Running contrast 761/887
deg_analysis_31124753_44.out:    Running contrast 766/887
deg_analysis_31124753_44.out:    Running contrast 771/887
deg_analysis_31124753_44.out:    Running contrast 776/887
deg_analysis_31124753_44.out:    Running contrast 781/887
deg_analysis_31124753_44.out:    Running contrast 786/887
deg_analysis_31124753_44.out:    Running contrast 791/887
deg_analysis_31124753_44.out:    Running contrast 796/887
deg_analysis_31124753_44.out:    Running contrast 801/887
deg_analysis_31124753_44.out:    Running contrast 806/887
deg_analysis_31124753_44.out:    Running contrast 811/887
deg_analysis_31124753_44.out:    Running contrast 816/887
deg_analysis_31124753_44.out:    Running contrast 821/887
deg_analysis_31124753_44.out:    Running contrast 826/887
deg_analysis_31124753_44.out:    Running contrast 831/887
deg_analysis_31124753_44.out:    Running contrast 836/887
deg_analysis_31124753_44.out:    Running contrast 841/887
deg_analysis_31124753_44.out:    Running contrast 846/887
deg_analysis_31124753_44.out:    Running contrast 851/887
deg_analysis_31124753_44.out:    Running contrast 856/887
deg_analysis_31124753_44.out:    Running contrast 861/887
deg_analysis_31124753_44.out:    Running contrast 866/887
deg_analysis_31124753_44.out:    Running contrast 871/887
deg_analysis_31124753_44.out:    Running contrast 876/887
deg_analysis_31124753_44.out:    Running contrast 881/887
deg_analysis_31124753_44.out:    Running contrast 886/887
deg_analysis_31124753_44.out:    Running contrast 887/887
deg_analysis_31124753_44.out:
deg_analysis_31124753_44.out:    Writing:  ./data/tahoe/deg_data/group_rep/full/qc_false/filter_min_cells_50/CVCL_1715_de.h5ad 
deg_analysis_31124753_44.out:
deg_analysis_31124753_44.out:    Rewriting h5ad file: ./data/tahoe/deg_data/group_rep/full/qc_false/filter_min_cells_50/CVCL_1715_de.h5ad 
deg_analysis_31124753_44.out:    Removed X matrix
deg_analysis_31124753_44.out:    Rewriting h5ad file is done!
deg_analysis_31124753_44.out:✓ Cell line completed in 2063.8 seconds
deg_analysis_31124753_44.out:
deg_analysis_31124753_44.out:DE analysis completed!
deg_analysis_31124753_44.out:
deg_analysis_31124753_44.out:Total runtime: 2076.5 seconds
deg_analysis_31124753_45.out:
deg_analysis_31124753_45.out:DE analysis started...
deg_analysis_31124753_45.out:Loaded input file:  ./data/tahoe/pseudobulk_processed/group_rep/by_celltype/CVCL_1716_processed.h5ad 
deg_analysis_31124753_45.out:Initial dimensions:  1333  samples ×  62710  genes
deg_analysis_31124753_45.out:Filter samples with the low number of cells
deg_analysis_31124753_45.out:    Filter threshold (min_cells):  50 
deg_analysis_31124753_45.out:    n_obs:  1333 -->  1265 
deg_analysis_31124753_45.out:
deg_analysis_31124753_45.out:▶︎ Processing cell_type  1 / 1 :  CVCL_1716 
deg_analysis_31124753_45.out:    Filter controls by  pert_time_h  column
deg_analysis_31124753_45.out:        n_obs:  1265 -->  1265 
deg_analysis_31124753_45.out:
deg_analysis_31124753_45.out:    Running contrast 1/1080
deg_analysis_31124753_45.out:    Running contrast 6/1080
deg_analysis_31124753_45.out:    Running contrast 11/1080
deg_analysis_31124753_45.out:    Running contrast 16/1080
deg_analysis_31124753_45.out:    Running contrast 21/1080
deg_analysis_31124753_45.out:    Running contrast 26/1080
deg_analysis_31124753_45.out:    Running contrast 31/1080
deg_analysis_31124753_45.out:    Running contrast 36/1080
deg_analysis_31124753_45.out:    Running contrast 41/1080
deg_analysis_31124753_45.out:    Running contrast 46/1080
deg_analysis_31124753_45.out:    Running contrast 51/1080
deg_analysis_31124753_45.out:    Running contrast 56/1080
deg_analysis_31124753_45.out:    Running contrast 61/1080
deg_analysis_31124753_45.out:    Running contrast 66/1080
deg_analysis_31124753_45.out:    Running contrast 71/1080
deg_analysis_31124753_45.out:    Running contrast 76/1080
deg_analysis_31124753_45.out:    Running contrast 81/1080
deg_analysis_31124753_45.out:    Running contrast 86/1080
deg_analysis_31124753_45.out:    Running contrast 91/1080
deg_analysis_31124753_45.out:    Running contrast 96/1080
deg_analysis_31124753_45.out:    Running contrast 101/1080
deg_analysis_31124753_45.out:    Running contrast 106/1080
deg_analysis_31124753_45.out:    Running contrast 111/1080
deg_analysis_31124753_45.out:    Running contrast 116/1080
deg_analysis_31124753_45.out:    Running contrast 121/1080
deg_analysis_31124753_45.out:    Running contrast 126/1080
deg_analysis_31124753_45.out:    Running contrast 131/1080
deg_analysis_31124753_45.out:    Running contrast 136/1080
deg_analysis_31124753_45.out:    Running contrast 141/1080
deg_analysis_31124753_45.out:    Running contrast 146/1080
deg_analysis_31124753_45.out:    Running contrast 151/1080
deg_analysis_31124753_45.out:    Running contrast 156/1080
deg_analysis_31124753_45.out:    Running contrast 161/1080
deg_analysis_31124753_45.out:    Running contrast 166/1080
deg_analysis_31124753_45.out:    Running contrast 171/1080
deg_analysis_31124753_45.out:    Running contrast 176/1080
deg_analysis_31124753_45.out:    Running contrast 181/1080
deg_analysis_31124753_45.out:    Running contrast 186/1080
deg_analysis_31124753_45.out:    Running contrast 191/1080
deg_analysis_31124753_45.out:    Running contrast 196/1080
deg_analysis_31124753_45.out:    Running contrast 201/1080
deg_analysis_31124753_45.out:    Running contrast 206/1080
deg_analysis_31124753_45.out:    Running contrast 211/1080
deg_analysis_31124753_45.out:    Running contrast 216/1080
deg_analysis_31124753_45.out:    Running contrast 221/1080
deg_analysis_31124753_45.out:    Running contrast 226/1080
deg_analysis_31124753_45.out:    Running contrast 231/1080
deg_analysis_31124753_45.out:    Running contrast 236/1080
deg_analysis_31124753_45.out:    Running contrast 241/1080
deg_analysis_31124753_45.out:    Running contrast 246/1080
deg_analysis_31124753_45.out:    Running contrast 251/1080
deg_analysis_31124753_45.out:    Running contrast 256/1080
deg_analysis_31124753_45.out:    Running contrast 261/1080
deg_analysis_31124753_45.out:    Running contrast 266/1080
deg_analysis_31124753_45.out:    Running contrast 271/1080
deg_analysis_31124753_45.out:    Running contrast 276/1080
deg_analysis_31124753_45.out:    Running contrast 281/1080
deg_analysis_31124753_45.out:    Running contrast 286/1080
deg_analysis_31124753_45.out:    Running contrast 291/1080
deg_analysis_31124753_45.out:    Running contrast 296/1080
deg_analysis_31124753_45.out:    Running contrast 301/1080
deg_analysis_31124753_45.out:    Running contrast 306/1080
deg_analysis_31124753_45.out:    Running contrast 311/1080
deg_analysis_31124753_45.out:    Running contrast 316/1080
deg_analysis_31124753_45.out:    Running contrast 321/1080
deg_analysis_31124753_45.out:    Running contrast 326/1080
deg_analysis_31124753_45.out:    Running contrast 331/1080
deg_analysis_31124753_45.out:    Running contrast 336/1080
deg_analysis_31124753_45.out:    Running contrast 341/1080
deg_analysis_31124753_45.out:    Running contrast 346/1080
deg_analysis_31124753_45.out:    Running contrast 351/1080
deg_analysis_31124753_45.out:    Running contrast 356/1080
deg_analysis_31124753_45.out:    Running contrast 361/1080
deg_analysis_31124753_45.out:    Running contrast 366/1080
deg_analysis_31124753_45.out:    Running contrast 371/1080
deg_analysis_31124753_45.out:    Running contrast 376/1080
deg_analysis_31124753_45.out:    Running contrast 381/1080
deg_analysis_31124753_45.out:    Running contrast 386/1080
deg_analysis_31124753_45.out:    Running contrast 391/1080
deg_analysis_31124753_45.out:    Running contrast 396/1080
deg_analysis_31124753_45.out:    Running contrast 401/1080
deg_analysis_31124753_45.out:    Running contrast 406/1080
deg_analysis_31124753_45.out:    Running contrast 411/1080
deg_analysis_31124753_45.out:    Running contrast 416/1080
deg_analysis_31124753_45.out:    Running contrast 421/1080
deg_analysis_31124753_45.out:    Running contrast 426/1080
deg_analysis_31124753_45.out:    Running contrast 431/1080
deg_analysis_31124753_45.out:    Running contrast 436/1080
deg_analysis_31124753_45.out:    Running contrast 441/1080
deg_analysis_31124753_45.out:    Running contrast 446/1080
deg_analysis_31124753_45.out:    Running contrast 451/1080
deg_analysis_31124753_45.out:    Running contrast 456/1080
deg_analysis_31124753_45.out:    Running contrast 461/1080
deg_analysis_31124753_45.out:    Running contrast 466/1080
deg_analysis_31124753_45.out:    Running contrast 471/1080
deg_analysis_31124753_45.out:    Running contrast 476/1080
deg_analysis_31124753_45.out:    Running contrast 481/1080
deg_analysis_31124753_45.out:    Running contrast 486/1080
deg_analysis_31124753_45.out:    Running contrast 491/1080
deg_analysis_31124753_45.out:    Running contrast 496/1080
deg_analysis_31124753_45.out:    Running contrast 501/1080
deg_analysis_31124753_45.out:    Running contrast 506/1080
deg_analysis_31124753_45.out:    Running contrast 511/1080
deg_analysis_31124753_45.out:    Running contrast 516/1080
deg_analysis_31124753_45.out:    Running contrast 521/1080
deg_analysis_31124753_45.out:    Running contrast 526/1080
deg_analysis_31124753_45.out:    Running contrast 531/1080
deg_analysis_31124753_45.out:    Running contrast 536/1080
deg_analysis_31124753_45.out:    Running contrast 541/1080
deg_analysis_31124753_45.out:    Running contrast 546/1080
deg_analysis_31124753_45.out:    Running contrast 551/1080
deg_analysis_31124753_45.out:    Running contrast 556/1080
deg_analysis_31124753_45.out:    Running contrast 561/1080
deg_analysis_31124753_45.out:    Running contrast 566/1080
deg_analysis_31124753_45.out:    Running contrast 571/1080
deg_analysis_31124753_45.out:    Running contrast 576/1080
deg_analysis_31124753_45.out:    Running contrast 581/1080
deg_analysis_31124753_45.out:    Running contrast 586/1080
deg_analysis_31124753_45.out:    Running contrast 591/1080
deg_analysis_31124753_45.out:    Running contrast 596/1080
deg_analysis_31124753_45.out:    Running contrast 601/1080
deg_analysis_31124753_45.out:    Running contrast 606/1080
deg_analysis_31124753_45.out:    Running contrast 611/1080
deg_analysis_31124753_45.out:    Running contrast 616/1080
deg_analysis_31124753_45.out:    Running contrast 621/1080
deg_analysis_31124753_45.out:    Running contrast 626/1080
deg_analysis_31124753_45.out:    Running contrast 631/1080
deg_analysis_31124753_45.out:    Running contrast 636/1080
deg_analysis_31124753_45.out:    Running contrast 641/1080
deg_analysis_31124753_45.out:    Running contrast 646/1080
deg_analysis_31124753_45.out:    Running contrast 651/1080
deg_analysis_31124753_45.out:    Running contrast 656/1080
deg_analysis_31124753_45.out:    Running contrast 661/1080
deg_analysis_31124753_45.out:    Running contrast 666/1080
deg_analysis_31124753_45.out:    Running contrast 671/1080
deg_analysis_31124753_45.out:    Running contrast 676/1080
deg_analysis_31124753_45.out:    Running contrast 681/1080
deg_analysis_31124753_45.out:    Running contrast 686/1080
deg_analysis_31124753_45.out:    Running contrast 691/1080
deg_analysis_31124753_45.out:    Running contrast 696/1080
deg_analysis_31124753_45.out:    Running contrast 701/1080
deg_analysis_31124753_45.out:    Running contrast 706/1080
deg_analysis_31124753_45.out:    Running contrast 711/1080
deg_analysis_31124753_45.out:    Running contrast 716/1080
deg_analysis_31124753_45.out:    Running contrast 721/1080
deg_analysis_31124753_45.out:    Running contrast 726/1080
deg_analysis_31124753_45.out:    Running contrast 731/1080
deg_analysis_31124753_45.out:    Running contrast 736/1080
deg_analysis_31124753_45.out:    Running contrast 741/1080
deg_analysis_31124753_45.out:    Running contrast 746/1080
deg_analysis_31124753_45.out:    Running contrast 751/1080
deg_analysis_31124753_45.out:    Running contrast 756/1080
deg_analysis_31124753_45.out:    Running contrast 761/1080
deg_analysis_31124753_45.out:    Running contrast 766/1080
deg_analysis_31124753_45.out:    Running contrast 771/1080
deg_analysis_31124753_45.out:    Running contrast 776/1080
deg_analysis_31124753_45.out:    Running contrast 781/1080
deg_analysis_31124753_45.out:    Running contrast 786/1080
deg_analysis_31124753_45.out:    Running contrast 791/1080
deg_analysis_31124753_45.out:    Running contrast 796/1080
deg_analysis_31124753_45.out:    Running contrast 801/1080
deg_analysis_31124753_45.out:    Running contrast 806/1080
deg_analysis_31124753_45.out:    Running contrast 811/1080
deg_analysis_31124753_45.out:    Running contrast 816/1080
deg_analysis_31124753_45.out:    Running contrast 821/1080
deg_analysis_31124753_45.out:    Running contrast 826/1080
deg_analysis_31124753_45.out:    Running contrast 831/1080
deg_analysis_31124753_45.out:    Running contrast 836/1080
deg_analysis_31124753_45.out:    Running contrast 841/1080
deg_analysis_31124753_45.out:    Running contrast 846/1080
deg_analysis_31124753_45.out:    Running contrast 851/1080
deg_analysis_31124753_45.out:    Running contrast 856/1080
deg_analysis_31124753_45.out:    Running contrast 861/1080
deg_analysis_31124753_45.out:    Running contrast 866/1080
deg_analysis_31124753_45.out:    Running contrast 871/1080
deg_analysis_31124753_45.out:    Running contrast 876/1080
deg_analysis_31124753_45.out:    Running contrast 881/1080
deg_analysis_31124753_45.out:    Running contrast 886/1080
deg_analysis_31124753_45.out:    Running contrast 891/1080
deg_analysis_31124753_45.out:    Running contrast 896/1080
deg_analysis_31124753_45.out:    Running contrast 901/1080
deg_analysis_31124753_45.out:    Running contrast 906/1080
deg_analysis_31124753_45.out:    Running contrast 911/1080
deg_analysis_31124753_45.out:    Running contrast 916/1080
deg_analysis_31124753_45.out:    Running contrast 921/1080
deg_analysis_31124753_45.out:    Running contrast 926/1080
deg_analysis_31124753_45.out:    Running contrast 931/1080
deg_analysis_31124753_45.out:    Running contrast 936/1080
deg_analysis_31124753_45.out:    Running contrast 941/1080
deg_analysis_31124753_45.out:    Running contrast 946/1080
deg_analysis_31124753_45.out:    Running contrast 951/1080
deg_analysis_31124753_45.out:    Running contrast 956/1080
deg_analysis_31124753_45.out:    Running contrast 961/1080
deg_analysis_31124753_45.out:    Running contrast 966/1080
deg_analysis_31124753_45.out:    Running contrast 971/1080
deg_analysis_31124753_45.out:    Running contrast 976/1080
deg_analysis_31124753_45.out:    Running contrast 981/1080
deg_analysis_31124753_45.out:    Running contrast 986/1080
deg_analysis_31124753_45.out:    Running contrast 991/1080
deg_analysis_31124753_45.out:    Running contrast 996/1080
deg_analysis_31124753_45.out:    Running contrast 1001/1080
deg_analysis_31124753_45.out:    Running contrast 1006/1080
deg_analysis_31124753_45.out:    Running contrast 1011/1080
deg_analysis_31124753_45.out:    Running contrast 1016/1080
deg_analysis_31124753_45.out:    Running contrast 1021/1080
deg_analysis_31124753_45.out:    Running contrast 1026/1080
deg_analysis_31124753_45.out:    Running contrast 1031/1080
deg_analysis_31124753_45.out:    Running contrast 1036/1080
deg_analysis_31124753_45.out:    Running contrast 1041/1080
deg_analysis_31124753_45.out:    Running contrast 1046/1080
deg_analysis_31124753_45.out:    Running contrast 1051/1080
deg_analysis_31124753_45.out:    Running contrast 1056/1080
deg_analysis_31124753_45.out:    Running contrast 1061/1080
deg_analysis_31124753_45.out:    Running contrast 1066/1080
deg_analysis_31124753_45.out:    Running contrast 1071/1080
deg_analysis_31124753_45.out:    Running contrast 1076/1080
deg_analysis_31124753_45.out:    Running contrast 1080/1080
deg_analysis_31124753_45.out:
deg_analysis_31124753_45.out:    Writing:  ./data/tahoe/deg_data/group_rep/full/qc_false/filter_min_cells_50/CVCL_1716_de.h5ad 
deg_analysis_31124753_45.out:
deg_analysis_31124753_45.out:    Rewriting h5ad file: ./data/tahoe/deg_data/group_rep/full/qc_false/filter_min_cells_50/CVCL_1716_de.h5ad 
deg_analysis_31124753_45.out:    Removed X matrix
deg_analysis_31124753_45.out:    Rewriting h5ad file is done!
deg_analysis_31124753_45.out:✓ Cell line completed in 3445.2 seconds
deg_analysis_31124753_45.out:
deg_analysis_31124753_45.out:DE analysis completed!
deg_analysis_31124753_45.out:
deg_analysis_31124753_45.out:Total runtime: 3460.9 seconds
deg_analysis_31124753_45.err:Warning message:
deg_analysis_31124753_45.err:Partial NA coefficients for 1 probe(s) 
deg_analysis_31124753_46.out:
deg_analysis_31124753_46.out:DE analysis started...
deg_analysis_31124753_46.out:Loaded input file:  ./data/tahoe/pseudobulk_processed/group_rep/by_celltype/CVCL_1717_processed.h5ad 
deg_analysis_31124753_46.out:Initial dimensions:  1340  samples ×  62710  genes
deg_analysis_31124753_46.out:Filter samples with the low number of cells
deg_analysis_31124753_46.out:    Filter threshold (min_cells):  50 
deg_analysis_31124753_46.out:    n_obs:  1340 -->  1329 
deg_analysis_31124753_46.out:
deg_analysis_31124753_46.out:▶︎ Processing cell_type  1 / 1 :  CVCL_1717 
deg_analysis_31124753_46.out:    Filter controls by  pert_time_h  column
deg_analysis_31124753_46.out:        n_obs:  1329 -->  1329 
deg_analysis_31124753_46.out:
deg_analysis_31124753_46.out:    Running contrast 1/1132
deg_analysis_31124753_46.out:    Running contrast 6/1132
deg_analysis_31124753_46.out:    Running contrast 11/1132
deg_analysis_31124753_46.out:    Running contrast 16/1132
deg_analysis_31124753_46.out:    Running contrast 21/1132
deg_analysis_31124753_46.out:    Running contrast 26/1132
deg_analysis_31124753_46.out:    Running contrast 31/1132
deg_analysis_31124753_46.out:    Running contrast 36/1132
deg_analysis_31124753_46.out:    Running contrast 41/1132
deg_analysis_31124753_46.out:    Running contrast 46/1132
deg_analysis_31124753_46.out:    Running contrast 51/1132
deg_analysis_31124753_46.out:    Running contrast 56/1132
deg_analysis_31124753_46.out:    Running contrast 61/1132
deg_analysis_31124753_46.out:    Running contrast 66/1132
deg_analysis_31124753_46.out:    Running contrast 71/1132
deg_analysis_31124753_46.out:    Running contrast 76/1132
deg_analysis_31124753_46.out:    Running contrast 81/1132
deg_analysis_31124753_46.out:    Running contrast 86/1132
deg_analysis_31124753_46.out:    Running contrast 91/1132
deg_analysis_31124753_46.out:    Running contrast 96/1132
deg_analysis_31124753_46.out:    Running contrast 101/1132
deg_analysis_31124753_46.out:    Running contrast 106/1132
deg_analysis_31124753_46.out:    Running contrast 111/1132
deg_analysis_31124753_46.out:    Running contrast 116/1132
deg_analysis_31124753_46.out:    Running contrast 121/1132
deg_analysis_31124753_46.out:    Running contrast 126/1132
deg_analysis_31124753_46.out:    Running contrast 131/1132
deg_analysis_31124753_46.out:    Running contrast 136/1132
deg_analysis_31124753_46.out:    Running contrast 141/1132
deg_analysis_31124753_46.out:    Running contrast 146/1132
deg_analysis_31124753_46.out:    Running contrast 151/1132
deg_analysis_31124753_46.out:    Running contrast 156/1132
deg_analysis_31124753_46.out:    Running contrast 161/1132
deg_analysis_31124753_46.out:    Running contrast 166/1132
deg_analysis_31124753_46.out:    Running contrast 171/1132
deg_analysis_31124753_46.out:    Running contrast 176/1132
deg_analysis_31124753_46.out:    Running contrast 181/1132
deg_analysis_31124753_46.out:    Running contrast 186/1132
deg_analysis_31124753_46.out:    Running contrast 191/1132
deg_analysis_31124753_46.out:    Running contrast 196/1132
deg_analysis_31124753_46.out:    Running contrast 201/1132
deg_analysis_31124753_46.out:    Running contrast 206/1132
deg_analysis_31124753_46.out:    Running contrast 211/1132
deg_analysis_31124753_46.out:    Running contrast 216/1132
deg_analysis_31124753_46.out:    Running contrast 221/1132
deg_analysis_31124753_46.out:    Running contrast 226/1132
deg_analysis_31124753_46.out:    Running contrast 231/1132
deg_analysis_31124753_46.out:    Running contrast 236/1132
deg_analysis_31124753_46.out:    Running contrast 241/1132
deg_analysis_31124753_46.out:    Running contrast 246/1132
deg_analysis_31124753_46.out:    Running contrast 251/1132
deg_analysis_31124753_46.out:    Running contrast 256/1132
deg_analysis_31124753_46.out:    Running contrast 261/1132
deg_analysis_31124753_46.out:    Running contrast 266/1132
deg_analysis_31124753_46.out:    Running contrast 271/1132
deg_analysis_31124753_46.out:    Running contrast 276/1132
deg_analysis_31124753_46.out:    Running contrast 281/1132
deg_analysis_31124753_46.out:    Running contrast 286/1132
deg_analysis_31124753_46.out:    Running contrast 291/1132
deg_analysis_31124753_46.out:    Running contrast 296/1132
deg_analysis_31124753_46.out:    Running contrast 301/1132
deg_analysis_31124753_46.out:    Running contrast 306/1132
deg_analysis_31124753_46.out:    Running contrast 311/1132
deg_analysis_31124753_46.out:    Running contrast 316/1132
deg_analysis_31124753_46.out:    Running contrast 321/1132
deg_analysis_31124753_46.out:    Running contrast 326/1132
deg_analysis_31124753_46.out:    Running contrast 331/1132
deg_analysis_31124753_46.out:    Running contrast 336/1132
deg_analysis_31124753_46.out:    Running contrast 341/1132
deg_analysis_31124753_46.out:    Running contrast 346/1132
deg_analysis_31124753_46.out:    Running contrast 351/1132
deg_analysis_31124753_46.out:    Running contrast 356/1132
deg_analysis_31124753_46.out:    Running contrast 361/1132
deg_analysis_31124753_46.out:    Running contrast 366/1132
deg_analysis_31124753_46.out:    Running contrast 371/1132
deg_analysis_31124753_46.out:    Running contrast 376/1132
deg_analysis_31124753_46.out:    Running contrast 381/1132
deg_analysis_31124753_46.out:    Running contrast 386/1132
deg_analysis_31124753_46.out:    Running contrast 391/1132
deg_analysis_31124753_46.out:    Running contrast 396/1132
deg_analysis_31124753_46.out:    Running contrast 401/1132
deg_analysis_31124753_46.out:    Running contrast 406/1132
deg_analysis_31124753_46.out:    Running contrast 411/1132
deg_analysis_31124753_46.out:    Running contrast 416/1132
deg_analysis_31124753_46.out:    Running contrast 421/1132
deg_analysis_31124753_46.out:    Running contrast 426/1132
deg_analysis_31124753_46.out:    Running contrast 431/1132
deg_analysis_31124753_46.out:    Running contrast 436/1132
deg_analysis_31124753_46.out:    Running contrast 441/1132
deg_analysis_31124753_46.out:    Running contrast 446/1132
deg_analysis_31124753_46.out:    Running contrast 451/1132
deg_analysis_31124753_46.out:    Running contrast 456/1132
deg_analysis_31124753_46.out:    Running contrast 461/1132
deg_analysis_31124753_46.out:    Running contrast 466/1132
deg_analysis_31124753_46.out:    Running contrast 471/1132
deg_analysis_31124753_46.out:    Running contrast 476/1132
deg_analysis_31124753_46.out:    Running contrast 481/1132
deg_analysis_31124753_46.out:    Running contrast 486/1132
deg_analysis_31124753_46.out:    Running contrast 491/1132
deg_analysis_31124753_46.out:    Running contrast 496/1132
deg_analysis_31124753_46.out:    Running contrast 501/1132
deg_analysis_31124753_46.out:    Running contrast 506/1132
deg_analysis_31124753_46.out:    Running contrast 511/1132
deg_analysis_31124753_46.out:    Running contrast 516/1132
deg_analysis_31124753_46.out:    Running contrast 521/1132
deg_analysis_31124753_46.out:    Running contrast 526/1132
deg_analysis_31124753_46.out:    Running contrast 531/1132
deg_analysis_31124753_46.out:    Running contrast 536/1132
deg_analysis_31124753_46.out:    Running contrast 541/1132
deg_analysis_31124753_46.out:    Running contrast 546/1132
deg_analysis_31124753_46.out:    Running contrast 551/1132
deg_analysis_31124753_46.out:    Running contrast 556/1132
deg_analysis_31124753_46.out:    Running contrast 561/1132
deg_analysis_31124753_46.out:    Running contrast 566/1132
deg_analysis_31124753_46.out:    Running contrast 571/1132
deg_analysis_31124753_46.out:    Running contrast 576/1132
deg_analysis_31124753_46.out:    Running contrast 581/1132
deg_analysis_31124753_46.out:    Running contrast 586/1132
deg_analysis_31124753_46.out:    Running contrast 591/1132
deg_analysis_31124753_46.out:    Running contrast 596/1132
deg_analysis_31124753_46.out:    Running contrast 601/1132
deg_analysis_31124753_46.out:    Running contrast 606/1132
deg_analysis_31124753_46.out:    Running contrast 611/1132
deg_analysis_31124753_46.out:    Running contrast 616/1132
deg_analysis_31124753_46.out:    Running contrast 621/1132
deg_analysis_31124753_46.out:    Running contrast 626/1132
deg_analysis_31124753_46.out:    Running contrast 631/1132
deg_analysis_31124753_46.out:    Running contrast 636/1132
deg_analysis_31124753_46.out:    Running contrast 641/1132
deg_analysis_31124753_46.out:    Running contrast 646/1132
deg_analysis_31124753_46.out:    Running contrast 651/1132
deg_analysis_31124753_46.out:    Running contrast 656/1132
deg_analysis_31124753_46.out:    Running contrast 661/1132
deg_analysis_31124753_46.out:    Running contrast 666/1132
deg_analysis_31124753_46.out:    Running contrast 671/1132
deg_analysis_31124753_46.out:    Running contrast 676/1132
deg_analysis_31124753_46.out:    Running contrast 681/1132
deg_analysis_31124753_46.out:    Running contrast 686/1132
deg_analysis_31124753_46.out:    Running contrast 691/1132
deg_analysis_31124753_46.out:    Running contrast 696/1132
deg_analysis_31124753_46.out:    Running contrast 701/1132
deg_analysis_31124753_46.out:    Running contrast 706/1132
deg_analysis_31124753_46.out:    Running contrast 711/1132
deg_analysis_31124753_46.out:    Running contrast 716/1132
deg_analysis_31124753_46.out:    Running contrast 721/1132
deg_analysis_31124753_46.out:    Running contrast 726/1132
deg_analysis_31124753_46.out:    Running contrast 731/1132
deg_analysis_31124753_46.out:    Running contrast 736/1132
deg_analysis_31124753_46.out:    Running contrast 741/1132
deg_analysis_31124753_46.out:    Running contrast 746/1132
deg_analysis_31124753_46.out:    Running contrast 751/1132
deg_analysis_31124753_46.out:    Running contrast 756/1132
deg_analysis_31124753_46.out:    Running contrast 761/1132
deg_analysis_31124753_46.out:    Running contrast 766/1132
deg_analysis_31124753_46.out:    Running contrast 771/1132
deg_analysis_31124753_46.out:    Running contrast 776/1132
deg_analysis_31124753_46.out:    Running contrast 781/1132
deg_analysis_31124753_46.out:    Running contrast 786/1132
deg_analysis_31124753_46.out:    Running contrast 791/1132
deg_analysis_31124753_46.out:    Running contrast 796/1132
deg_analysis_31124753_46.out:    Running contrast 801/1132
deg_analysis_31124753_46.out:    Running contrast 806/1132
deg_analysis_31124753_46.out:    Running contrast 811/1132
deg_analysis_31124753_46.out:    Running contrast 816/1132
deg_analysis_31124753_46.out:    Running contrast 821/1132
deg_analysis_31124753_46.out:    Running contrast 826/1132
deg_analysis_31124753_46.out:    Running contrast 831/1132
deg_analysis_31124753_46.out:    Running contrast 836/1132
deg_analysis_31124753_46.out:    Running contrast 841/1132
deg_analysis_31124753_46.out:    Running contrast 846/1132
deg_analysis_31124753_46.out:    Running contrast 851/1132
deg_analysis_31124753_46.out:    Running contrast 856/1132
deg_analysis_31124753_46.out:    Running contrast 861/1132
deg_analysis_31124753_46.out:    Running contrast 866/1132
deg_analysis_31124753_46.out:    Running contrast 871/1132
deg_analysis_31124753_46.out:    Running contrast 876/1132
deg_analysis_31124753_46.out:    Running contrast 881/1132
deg_analysis_31124753_46.out:    Running contrast 886/1132
deg_analysis_31124753_46.out:    Running contrast 891/1132
deg_analysis_31124753_46.out:    Running contrast 896/1132
deg_analysis_31124753_46.out:    Running contrast 901/1132
deg_analysis_31124753_46.out:    Running contrast 906/1132
deg_analysis_31124753_46.out:    Running contrast 911/1132
deg_analysis_31124753_46.out:    Running contrast 916/1132
deg_analysis_31124753_46.out:    Running contrast 921/1132
deg_analysis_31124753_46.out:    Running contrast 926/1132
deg_analysis_31124753_46.out:    Running contrast 931/1132
deg_analysis_31124753_46.out:    Running contrast 936/1132
deg_analysis_31124753_46.out:    Running contrast 941/1132
deg_analysis_31124753_46.out:    Running contrast 946/1132
deg_analysis_31124753_46.out:    Running contrast 951/1132
deg_analysis_31124753_46.out:    Running contrast 956/1132
deg_analysis_31124753_46.out:    Running contrast 961/1132
deg_analysis_31124753_46.out:    Running contrast 966/1132
deg_analysis_31124753_46.out:    Running contrast 971/1132
deg_analysis_31124753_46.out:    Running contrast 976/1132
deg_analysis_31124753_46.out:    Running contrast 981/1132
deg_analysis_31124753_46.out:    Running contrast 986/1132
deg_analysis_31124753_46.out:    Running contrast 991/1132
deg_analysis_31124753_46.out:    Running contrast 996/1132
deg_analysis_31124753_46.out:    Running contrast 1001/1132
deg_analysis_31124753_46.out:    Running contrast 1006/1132
deg_analysis_31124753_46.out:    Running contrast 1011/1132
deg_analysis_31124753_46.out:    Running contrast 1016/1132
deg_analysis_31124753_46.out:    Running contrast 1021/1132
deg_analysis_31124753_46.out:    Running contrast 1026/1132
deg_analysis_31124753_46.out:    Running contrast 1031/1132
deg_analysis_31124753_46.out:    Running contrast 1036/1132
deg_analysis_31124753_46.out:    Running contrast 1041/1132
deg_analysis_31124753_46.out:    Running contrast 1046/1132
deg_analysis_31124753_46.out:    Running contrast 1051/1132
deg_analysis_31124753_46.out:    Running contrast 1056/1132
deg_analysis_31124753_46.out:    Running contrast 1061/1132
deg_analysis_31124753_46.out:    Running contrast 1066/1132
deg_analysis_31124753_46.out:    Running contrast 1071/1132
deg_analysis_31124753_46.out:    Running contrast 1076/1132
deg_analysis_31124753_46.out:    Running contrast 1081/1132
deg_analysis_31124753_46.out:    Running contrast 1086/1132
deg_analysis_31124753_46.out:    Running contrast 1091/1132
deg_analysis_31124753_46.out:    Running contrast 1096/1132
deg_analysis_31124753_46.out:    Running contrast 1101/1132
deg_analysis_31124753_46.out:    Running contrast 1106/1132
deg_analysis_31124753_46.out:    Running contrast 1111/1132
deg_analysis_31124753_46.out:    Running contrast 1116/1132
deg_analysis_31124753_46.out:    Running contrast 1121/1132
deg_analysis_31124753_46.out:    Running contrast 1126/1132
deg_analysis_31124753_46.out:    Running contrast 1131/1132
deg_analysis_31124753_46.out:    Running contrast 1132/1132
deg_analysis_31124753_46.out:
deg_analysis_31124753_46.out:    Writing:  ./data/tahoe/deg_data/group_rep/full/qc_false/filter_min_cells_50/CVCL_1717_de.h5ad 
deg_analysis_31124753_46.out:
deg_analysis_31124753_46.out:    Rewriting h5ad file: ./data/tahoe/deg_data/group_rep/full/qc_false/filter_min_cells_50/CVCL_1717_de.h5ad 
deg_analysis_31124753_46.out:    Removed X matrix
deg_analysis_31124753_46.out:    Rewriting h5ad file is done!
deg_analysis_31124753_46.out:✓ Cell line completed in 9726.1 seconds
deg_analysis_31124753_46.out:
deg_analysis_31124753_46.out:DE analysis completed!
deg_analysis_31124753_46.out:
deg_analysis_31124753_46.out:Total runtime: 9739.9 seconds
deg_analysis_31124753_47.out:
deg_analysis_31124753_47.out:DE analysis started...
deg_analysis_31124753_47.out:Loaded input file:  ./data/tahoe/pseudobulk_processed/group_rep/by_celltype/CVCL_1724_processed.h5ad 
deg_analysis_31124753_47.out:Initial dimensions:  1339  samples ×  62710  genes
deg_analysis_31124753_47.out:Filter samples with the low number of cells
deg_analysis_31124753_47.out:    Filter threshold (min_cells):  50 
deg_analysis_31124753_47.out:    n_obs:  1339 -->  1328 
deg_analysis_31124753_47.out:
deg_analysis_31124753_47.out:▶︎ Processing cell_type  1 / 1 :  CVCL_1724 
deg_analysis_31124753_47.out:    Filter controls by  pert_time_h  column
deg_analysis_31124753_47.out:        n_obs:  1328 -->  1328 
deg_analysis_31124753_47.out:
deg_analysis_31124753_47.out:    Running contrast 1/1131
deg_analysis_31124753_47.out:    Running contrast 6/1131
deg_analysis_31124753_47.out:    Running contrast 11/1131
deg_analysis_31124753_47.out:    Running contrast 16/1131
deg_analysis_31124753_47.out:    Running contrast 21/1131
deg_analysis_31124753_47.out:    Running contrast 26/1131
deg_analysis_31124753_47.out:    Running contrast 31/1131
deg_analysis_31124753_47.out:    Running contrast 36/1131
deg_analysis_31124753_47.out:    Running contrast 41/1131
deg_analysis_31124753_47.out:    Running contrast 46/1131
deg_analysis_31124753_47.out:    Running contrast 51/1131
deg_analysis_31124753_47.out:    Running contrast 56/1131
deg_analysis_31124753_47.out:    Running contrast 61/1131
deg_analysis_31124753_47.out:    Running contrast 66/1131
deg_analysis_31124753_47.out:    Running contrast 71/1131
deg_analysis_31124753_47.out:    Running contrast 76/1131
deg_analysis_31124753_47.out:    Running contrast 81/1131
deg_analysis_31124753_47.out:    Running contrast 86/1131
deg_analysis_31124753_47.out:    Running contrast 91/1131
deg_analysis_31124753_47.out:    Running contrast 96/1131
deg_analysis_31124753_47.out:    Running contrast 101/1131
deg_analysis_31124753_47.out:    Running contrast 106/1131
deg_analysis_31124753_47.out:    Running contrast 111/1131
deg_analysis_31124753_47.out:    Running contrast 116/1131
deg_analysis_31124753_47.out:    Running contrast 121/1131
deg_analysis_31124753_47.out:    Running contrast 126/1131
deg_analysis_31124753_47.out:    Running contrast 131/1131
deg_analysis_31124753_47.out:    Running contrast 136/1131
deg_analysis_31124753_47.out:    Running contrast 141/1131
deg_analysis_31124753_47.out:    Running contrast 146/1131
deg_analysis_31124753_47.out:    Running contrast 151/1131
deg_analysis_31124753_47.out:    Running contrast 156/1131
deg_analysis_31124753_47.out:    Running contrast 161/1131
deg_analysis_31124753_47.out:    Running contrast 166/1131
deg_analysis_31124753_47.out:    Running contrast 171/1131
deg_analysis_31124753_47.out:    Running contrast 176/1131
deg_analysis_31124753_47.out:    Running contrast 181/1131
deg_analysis_31124753_47.out:    Running contrast 186/1131
deg_analysis_31124753_47.out:    Running contrast 191/1131
deg_analysis_31124753_47.out:    Running contrast 196/1131
deg_analysis_31124753_47.out:    Running contrast 201/1131
deg_analysis_31124753_47.out:    Running contrast 206/1131
deg_analysis_31124753_47.out:    Running contrast 211/1131
deg_analysis_31124753_47.out:    Running contrast 216/1131
deg_analysis_31124753_47.out:    Running contrast 221/1131
deg_analysis_31124753_47.out:    Running contrast 226/1131
deg_analysis_31124753_47.out:    Running contrast 231/1131
deg_analysis_31124753_47.out:    Running contrast 236/1131
deg_analysis_31124753_47.out:    Running contrast 241/1131
deg_analysis_31124753_47.out:    Running contrast 246/1131
deg_analysis_31124753_47.out:    Running contrast 251/1131
deg_analysis_31124753_47.out:    Running contrast 256/1131
deg_analysis_31124753_47.out:    Running contrast 261/1131
deg_analysis_31124753_47.out:    Running contrast 266/1131
deg_analysis_31124753_47.out:    Running contrast 271/1131
deg_analysis_31124753_47.out:    Running contrast 276/1131
deg_analysis_31124753_47.out:    Running contrast 281/1131
deg_analysis_31124753_47.out:    Running contrast 286/1131
deg_analysis_31124753_47.out:    Running contrast 291/1131
deg_analysis_31124753_47.out:    Running contrast 296/1131
deg_analysis_31124753_47.out:    Running contrast 301/1131
deg_analysis_31124753_47.out:    Running contrast 306/1131
deg_analysis_31124753_47.out:    Running contrast 311/1131
deg_analysis_31124753_47.out:    Running contrast 316/1131
deg_analysis_31124753_47.out:    Running contrast 321/1131
deg_analysis_31124753_47.out:    Running contrast 326/1131
deg_analysis_31124753_47.out:    Running contrast 331/1131
deg_analysis_31124753_47.out:    Running contrast 336/1131
deg_analysis_31124753_47.out:    Running contrast 341/1131
deg_analysis_31124753_47.out:    Running contrast 346/1131
deg_analysis_31124753_47.out:    Running contrast 351/1131
deg_analysis_31124753_47.out:    Running contrast 356/1131
deg_analysis_31124753_47.out:    Running contrast 361/1131
deg_analysis_31124753_47.out:    Running contrast 366/1131
deg_analysis_31124753_47.out:    Running contrast 371/1131
deg_analysis_31124753_47.out:    Running contrast 376/1131
deg_analysis_31124753_47.out:    Running contrast 381/1131
deg_analysis_31124753_47.out:    Running contrast 386/1131
deg_analysis_31124753_47.out:    Running contrast 391/1131
deg_analysis_31124753_47.out:    Running contrast 396/1131
deg_analysis_31124753_47.out:    Running contrast 401/1131
deg_analysis_31124753_47.out:    Running contrast 406/1131
deg_analysis_31124753_47.out:    Running contrast 411/1131
deg_analysis_31124753_47.out:    Running contrast 416/1131
deg_analysis_31124753_47.out:    Running contrast 421/1131
deg_analysis_31124753_47.out:    Running contrast 426/1131
deg_analysis_31124753_47.out:    Running contrast 431/1131
deg_analysis_31124753_47.out:    Running contrast 436/1131
deg_analysis_31124753_47.out:    Running contrast 441/1131
deg_analysis_31124753_47.out:    Running contrast 446/1131
deg_analysis_31124753_47.out:    Running contrast 451/1131
deg_analysis_31124753_47.out:    Running contrast 456/1131
deg_analysis_31124753_47.out:    Running contrast 461/1131
deg_analysis_31124753_47.out:    Running contrast 466/1131
deg_analysis_31124753_47.out:    Running contrast 471/1131
deg_analysis_31124753_47.out:    Running contrast 476/1131
deg_analysis_31124753_47.out:    Running contrast 481/1131
deg_analysis_31124753_47.out:    Running contrast 486/1131
deg_analysis_31124753_47.out:    Running contrast 491/1131
deg_analysis_31124753_47.out:    Running contrast 496/1131
deg_analysis_31124753_47.out:    Running contrast 501/1131
deg_analysis_31124753_47.out:    Running contrast 506/1131
deg_analysis_31124753_47.out:    Running contrast 511/1131
deg_analysis_31124753_47.out:    Running contrast 516/1131
deg_analysis_31124753_47.out:    Running contrast 521/1131
deg_analysis_31124753_47.out:    Running contrast 526/1131
deg_analysis_31124753_47.out:    Running contrast 531/1131
deg_analysis_31124753_47.out:    Running contrast 536/1131
deg_analysis_31124753_47.out:    Running contrast 541/1131
deg_analysis_31124753_47.out:    Running contrast 546/1131
deg_analysis_31124753_47.out:    Running contrast 551/1131
deg_analysis_31124753_47.out:    Running contrast 556/1131
deg_analysis_31124753_47.out:    Running contrast 561/1131
deg_analysis_31124753_47.out:    Running contrast 566/1131
deg_analysis_31124753_47.out:    Running contrast 571/1131
deg_analysis_31124753_47.out:    Running contrast 576/1131
deg_analysis_31124753_47.out:    Running contrast 581/1131
deg_analysis_31124753_47.out:    Running contrast 586/1131
deg_analysis_31124753_47.out:    Running contrast 591/1131
deg_analysis_31124753_47.out:    Running contrast 596/1131
deg_analysis_31124753_47.out:    Running contrast 601/1131
deg_analysis_31124753_47.out:    Running contrast 606/1131
deg_analysis_31124753_47.out:    Running contrast 611/1131
deg_analysis_31124753_47.out:    Running contrast 616/1131
deg_analysis_31124753_47.out:    Running contrast 621/1131
deg_analysis_31124753_47.out:    Running contrast 626/1131
deg_analysis_31124753_47.out:    Running contrast 631/1131
deg_analysis_31124753_47.out:    Running contrast 636/1131
deg_analysis_31124753_47.out:    Running contrast 641/1131
deg_analysis_31124753_47.out:    Running contrast 646/1131
deg_analysis_31124753_47.out:    Running contrast 651/1131
deg_analysis_31124753_47.out:    Running contrast 656/1131
deg_analysis_31124753_47.out:    Running contrast 661/1131
deg_analysis_31124753_47.out:    Running contrast 666/1131
deg_analysis_31124753_47.out:    Running contrast 671/1131
deg_analysis_31124753_47.out:    Running contrast 676/1131
deg_analysis_31124753_47.out:    Running contrast 681/1131
deg_analysis_31124753_47.out:    Running contrast 686/1131
deg_analysis_31124753_47.out:    Running contrast 691/1131
deg_analysis_31124753_47.out:    Running contrast 696/1131
deg_analysis_31124753_47.out:    Running contrast 701/1131
deg_analysis_31124753_47.out:    Running contrast 706/1131
deg_analysis_31124753_47.out:    Running contrast 711/1131
deg_analysis_31124753_47.out:    Running contrast 716/1131
deg_analysis_31124753_47.out:    Running contrast 721/1131
deg_analysis_31124753_47.out:    Running contrast 726/1131
deg_analysis_31124753_47.out:    Running contrast 731/1131
deg_analysis_31124753_47.out:    Running contrast 736/1131
deg_analysis_31124753_47.out:    Running contrast 741/1131
deg_analysis_31124753_47.out:    Running contrast 746/1131
deg_analysis_31124753_47.out:    Running contrast 751/1131
deg_analysis_31124753_47.out:    Running contrast 756/1131
deg_analysis_31124753_47.out:    Running contrast 761/1131
deg_analysis_31124753_47.out:    Running contrast 766/1131
deg_analysis_31124753_47.out:    Running contrast 771/1131
deg_analysis_31124753_47.out:    Running contrast 776/1131
deg_analysis_31124753_47.out:    Running contrast 781/1131
deg_analysis_31124753_47.out:    Running contrast 786/1131
deg_analysis_31124753_47.out:    Running contrast 791/1131
deg_analysis_31124753_47.out:    Running contrast 796/1131
deg_analysis_31124753_47.out:    Running contrast 801/1131
deg_analysis_31124753_47.out:    Running contrast 806/1131
deg_analysis_31124753_47.out:    Running contrast 811/1131
deg_analysis_31124753_47.out:    Running contrast 816/1131
deg_analysis_31124753_47.out:    Running contrast 821/1131
deg_analysis_31124753_47.out:    Running contrast 826/1131
deg_analysis_31124753_47.out:    Running contrast 831/1131
deg_analysis_31124753_47.out:    Running contrast 836/1131
deg_analysis_31124753_47.out:    Running contrast 841/1131
deg_analysis_31124753_47.out:    Running contrast 846/1131
deg_analysis_31124753_47.out:    Running contrast 851/1131
deg_analysis_31124753_47.out:    Running contrast 856/1131
deg_analysis_31124753_47.out:    Running contrast 861/1131
deg_analysis_31124753_47.out:    Running contrast 866/1131
deg_analysis_31124753_47.out:    Running contrast 871/1131
deg_analysis_31124753_47.out:    Running contrast 876/1131
deg_analysis_31124753_47.out:    Running contrast 881/1131
deg_analysis_31124753_47.out:    Running contrast 886/1131
deg_analysis_31124753_47.out:    Running contrast 891/1131
deg_analysis_31124753_47.out:    Running contrast 896/1131
deg_analysis_31124753_47.out:    Running contrast 901/1131
deg_analysis_31124753_47.out:    Running contrast 906/1131
deg_analysis_31124753_47.out:    Running contrast 911/1131
deg_analysis_31124753_47.out:    Running contrast 916/1131
deg_analysis_31124753_47.out:    Running contrast 921/1131
deg_analysis_31124753_47.out:    Running contrast 926/1131
deg_analysis_31124753_47.out:    Running contrast 931/1131
deg_analysis_31124753_47.out:    Running contrast 936/1131
deg_analysis_31124753_47.out:    Running contrast 941/1131
deg_analysis_31124753_47.out:    Running contrast 946/1131
deg_analysis_31124753_47.out:    Running contrast 951/1131
deg_analysis_31124753_47.out:    Running contrast 956/1131
deg_analysis_31124753_47.out:    Running contrast 961/1131
deg_analysis_31124753_47.out:    Running contrast 966/1131
deg_analysis_31124753_47.out:    Running contrast 971/1131
deg_analysis_31124753_47.out:    Running contrast 976/1131
deg_analysis_31124753_47.out:    Running contrast 981/1131
deg_analysis_31124753_47.out:    Running contrast 986/1131
deg_analysis_31124753_47.out:    Running contrast 991/1131
deg_analysis_31124753_47.out:    Running contrast 996/1131
deg_analysis_31124753_47.out:    Running contrast 1001/1131
deg_analysis_31124753_47.out:    Running contrast 1006/1131
deg_analysis_31124753_47.out:    Running contrast 1011/1131
deg_analysis_31124753_47.out:    Running contrast 1016/1131
deg_analysis_31124753_47.out:    Running contrast 1021/1131
deg_analysis_31124753_47.out:    Running contrast 1026/1131
deg_analysis_31124753_47.out:    Running contrast 1031/1131
deg_analysis_31124753_47.out:    Running contrast 1036/1131
deg_analysis_31124753_47.out:    Running contrast 1041/1131
deg_analysis_31124753_47.out:    Running contrast 1046/1131
deg_analysis_31124753_47.out:    Running contrast 1051/1131
deg_analysis_31124753_47.out:    Running contrast 1056/1131
deg_analysis_31124753_47.out:    Running contrast 1061/1131
deg_analysis_31124753_47.out:    Running contrast 1066/1131
deg_analysis_31124753_47.out:    Running contrast 1071/1131
deg_analysis_31124753_47.out:    Running contrast 1076/1131
deg_analysis_31124753_47.out:    Running contrast 1081/1131
deg_analysis_31124753_47.out:    Running contrast 1086/1131
deg_analysis_31124753_47.out:    Running contrast 1091/1131
deg_analysis_31124753_47.out:    Running contrast 1096/1131
deg_analysis_31124753_47.out:    Running contrast 1101/1131
deg_analysis_31124753_47.out:    Running contrast 1106/1131
deg_analysis_31124753_47.out:    Running contrast 1111/1131
deg_analysis_31124753_47.out:    Running contrast 1116/1131
deg_analysis_31124753_47.out:    Running contrast 1121/1131
deg_analysis_31124753_47.out:    Running contrast 1126/1131
deg_analysis_31124753_47.out:    Running contrast 1131/1131
deg_analysis_31124753_47.out:
deg_analysis_31124753_47.out:    Writing:  ./data/tahoe/deg_data/group_rep/full/qc_false/filter_min_cells_50/CVCL_1724_de.h5ad 
deg_analysis_31124753_47.out:
deg_analysis_31124753_47.out:    Rewriting h5ad file: ./data/tahoe/deg_data/group_rep/full/qc_false/filter_min_cells_50/CVCL_1724_de.h5ad 
deg_analysis_31124753_47.out:    Removed X matrix
deg_analysis_31124753_47.out:    Rewriting h5ad file is done!
deg_analysis_31124753_47.out:✓ Cell line completed in 8535.4 seconds
deg_analysis_31124753_47.out:
deg_analysis_31124753_47.out:DE analysis completed!
deg_analysis_31124753_47.out:
deg_analysis_31124753_47.out:Total runtime: 8554.0 seconds
deg_analysis_31124753_48.out:
deg_analysis_31124753_48.out:DE analysis started...
deg_analysis_31124753_48.out:Loaded input file:  ./data/tahoe/pseudobulk_processed/group_rep/by_celltype/CVCL_1731_processed.h5ad 
deg_analysis_31124753_48.out:Initial dimensions:  1342  samples ×  62710  genes
deg_analysis_31124753_48.out:Filter samples with the low number of cells
deg_analysis_31124753_48.out:    Filter threshold (min_cells):  50 
deg_analysis_31124753_48.out:    n_obs:  1342 -->  1329 
deg_analysis_31124753_48.out:
deg_analysis_31124753_48.out:▶︎ Processing cell_type  1 / 1 :  CVCL_1731 
deg_analysis_31124753_48.out:    Filter controls by  pert_time_h  column
deg_analysis_31124753_48.out:        n_obs:  1329 -->  1329 
deg_analysis_31124753_48.out:
deg_analysis_31124753_48.out:    Running contrast 1/1132
deg_analysis_31124753_48.out:    Running contrast 6/1132
deg_analysis_31124753_48.out:    Running contrast 11/1132
deg_analysis_31124753_48.out:    Running contrast 16/1132
deg_analysis_31124753_48.out:    Running contrast 21/1132
deg_analysis_31124753_48.out:    Running contrast 26/1132
deg_analysis_31124753_48.out:    Running contrast 31/1132
deg_analysis_31124753_48.out:    Running contrast 36/1132
deg_analysis_31124753_48.out:    Running contrast 41/1132
deg_analysis_31124753_48.out:    Running contrast 46/1132
deg_analysis_31124753_48.out:    Running contrast 51/1132
deg_analysis_31124753_48.out:    Running contrast 56/1132
deg_analysis_31124753_48.out:    Running contrast 61/1132
deg_analysis_31124753_48.out:    Running contrast 66/1132
deg_analysis_31124753_48.out:    Running contrast 71/1132
deg_analysis_31124753_48.out:    Running contrast 76/1132
deg_analysis_31124753_48.out:    Running contrast 81/1132
deg_analysis_31124753_48.out:    Running contrast 86/1132
deg_analysis_31124753_48.out:    Running contrast 91/1132
deg_analysis_31124753_48.out:    Running contrast 96/1132
deg_analysis_31124753_48.out:    Running contrast 101/1132
deg_analysis_31124753_48.out:    Running contrast 106/1132
deg_analysis_31124753_48.out:    Running contrast 111/1132
deg_analysis_31124753_48.out:    Running contrast 116/1132
deg_analysis_31124753_48.out:    Running contrast 121/1132
deg_analysis_31124753_48.out:    Running contrast 126/1132
deg_analysis_31124753_48.out:    Running contrast 131/1132
deg_analysis_31124753_48.out:    Running contrast 136/1132
deg_analysis_31124753_48.out:    Running contrast 141/1132
deg_analysis_31124753_48.out:    Running contrast 146/1132
deg_analysis_31124753_48.out:    Running contrast 151/1132
deg_analysis_31124753_48.out:    Running contrast 156/1132
deg_analysis_31124753_48.out:    Running contrast 161/1132
deg_analysis_31124753_48.out:    Running contrast 166/1132
deg_analysis_31124753_48.out:    Running contrast 171/1132
deg_analysis_31124753_48.out:    Running contrast 176/1132
deg_analysis_31124753_48.out:    Running contrast 181/1132
deg_analysis_31124753_48.out:    Running contrast 186/1132
deg_analysis_31124753_48.out:    Running contrast 191/1132
deg_analysis_31124753_48.out:    Running contrast 196/1132
deg_analysis_31124753_48.out:    Running contrast 201/1132
deg_analysis_31124753_48.out:    Running contrast 206/1132
deg_analysis_31124753_48.out:    Running contrast 211/1132
deg_analysis_31124753_48.out:    Running contrast 216/1132
deg_analysis_31124753_48.out:    Running contrast 221/1132
deg_analysis_31124753_48.out:    Running contrast 226/1132
deg_analysis_31124753_48.out:    Running contrast 231/1132
deg_analysis_31124753_48.out:    Running contrast 236/1132
deg_analysis_31124753_48.out:    Running contrast 241/1132
deg_analysis_31124753_48.out:    Running contrast 246/1132
deg_analysis_31124753_48.out:    Running contrast 251/1132
deg_analysis_31124753_48.out:    Running contrast 256/1132
deg_analysis_31124753_48.out:    Running contrast 261/1132
deg_analysis_31124753_48.out:    Running contrast 266/1132
deg_analysis_31124753_48.out:    Running contrast 271/1132
deg_analysis_31124753_48.out:    Running contrast 276/1132
deg_analysis_31124753_48.out:    Running contrast 281/1132
deg_analysis_31124753_48.out:    Running contrast 286/1132
deg_analysis_31124753_48.out:    Running contrast 291/1132
deg_analysis_31124753_48.out:    Running contrast 296/1132
deg_analysis_31124753_48.out:    Running contrast 301/1132
deg_analysis_31124753_48.out:    Running contrast 306/1132
deg_analysis_31124753_48.out:    Running contrast 311/1132
deg_analysis_31124753_48.out:    Running contrast 316/1132
deg_analysis_31124753_48.out:    Running contrast 321/1132
deg_analysis_31124753_48.out:    Running contrast 326/1132
deg_analysis_31124753_48.out:    Running contrast 331/1132
deg_analysis_31124753_48.out:    Running contrast 336/1132
deg_analysis_31124753_48.out:    Running contrast 341/1132
deg_analysis_31124753_48.out:    Running contrast 346/1132
deg_analysis_31124753_48.out:    Running contrast 351/1132
deg_analysis_31124753_48.out:    Running contrast 356/1132
deg_analysis_31124753_48.out:    Running contrast 361/1132
deg_analysis_31124753_48.out:    Running contrast 366/1132
deg_analysis_31124753_48.out:    Running contrast 371/1132
deg_analysis_31124753_48.out:    Running contrast 376/1132
deg_analysis_31124753_48.out:    Running contrast 381/1132
deg_analysis_31124753_48.out:    Running contrast 386/1132
deg_analysis_31124753_48.out:    Running contrast 391/1132
deg_analysis_31124753_48.out:    Running contrast 396/1132
deg_analysis_31124753_48.out:    Running contrast 401/1132
deg_analysis_31124753_48.out:    Running contrast 406/1132
deg_analysis_31124753_48.out:    Running contrast 411/1132
deg_analysis_31124753_48.out:    Running contrast 416/1132
deg_analysis_31124753_48.out:    Running contrast 421/1132
deg_analysis_31124753_48.out:    Running contrast 426/1132
deg_analysis_31124753_48.out:    Running contrast 431/1132
deg_analysis_31124753_48.out:    Running contrast 436/1132
deg_analysis_31124753_48.out:    Running contrast 441/1132
deg_analysis_31124753_48.out:    Running contrast 446/1132
deg_analysis_31124753_48.out:    Running contrast 451/1132
deg_analysis_31124753_48.out:    Running contrast 456/1132
deg_analysis_31124753_48.out:    Running contrast 461/1132
deg_analysis_31124753_48.out:    Running contrast 466/1132
deg_analysis_31124753_48.out:    Running contrast 471/1132
deg_analysis_31124753_48.out:    Running contrast 476/1132
deg_analysis_31124753_48.out:    Running contrast 481/1132
deg_analysis_31124753_48.out:    Running contrast 486/1132
deg_analysis_31124753_48.out:    Running contrast 491/1132
deg_analysis_31124753_48.out:    Running contrast 496/1132
deg_analysis_31124753_48.out:    Running contrast 501/1132
deg_analysis_31124753_48.out:    Running contrast 506/1132
deg_analysis_31124753_48.out:    Running contrast 511/1132
deg_analysis_31124753_48.out:    Running contrast 516/1132
deg_analysis_31124753_48.out:    Running contrast 521/1132
deg_analysis_31124753_48.out:    Running contrast 526/1132
deg_analysis_31124753_48.out:    Running contrast 531/1132
deg_analysis_31124753_48.out:    Running contrast 536/1132
deg_analysis_31124753_48.out:    Running contrast 541/1132
deg_analysis_31124753_48.out:    Running contrast 546/1132
deg_analysis_31124753_48.out:    Running contrast 551/1132
deg_analysis_31124753_48.out:    Running contrast 556/1132
deg_analysis_31124753_48.out:    Running contrast 561/1132
deg_analysis_31124753_48.out:    Running contrast 566/1132
deg_analysis_31124753_48.out:    Running contrast 571/1132
deg_analysis_31124753_48.out:    Running contrast 576/1132
deg_analysis_31124753_48.out:    Running contrast 581/1132
deg_analysis_31124753_48.out:    Running contrast 586/1132
deg_analysis_31124753_48.out:    Running contrast 591/1132
deg_analysis_31124753_48.out:    Running contrast 596/1132
deg_analysis_31124753_48.out:    Running contrast 601/1132
deg_analysis_31124753_48.out:    Running contrast 606/1132
deg_analysis_31124753_48.out:    Running contrast 611/1132
deg_analysis_31124753_48.out:    Running contrast 616/1132
deg_analysis_31124753_48.out:    Running contrast 621/1132
deg_analysis_31124753_48.out:    Running contrast 626/1132
deg_analysis_31124753_48.out:    Running contrast 631/1132
deg_analysis_31124753_48.out:    Running contrast 636/1132
deg_analysis_31124753_48.out:    Running contrast 641/1132
deg_analysis_31124753_48.out:    Running contrast 646/1132
deg_analysis_31124753_48.out:    Running contrast 651/1132
deg_analysis_31124753_48.out:    Running contrast 656/1132
deg_analysis_31124753_48.out:    Running contrast 661/1132
deg_analysis_31124753_48.out:    Running contrast 666/1132
deg_analysis_31124753_48.out:    Running contrast 671/1132
deg_analysis_31124753_48.out:    Running contrast 676/1132
deg_analysis_31124753_48.out:    Running contrast 681/1132
deg_analysis_31124753_48.out:    Running contrast 686/1132
deg_analysis_31124753_48.out:    Running contrast 691/1132
deg_analysis_31124753_48.out:    Running contrast 696/1132
deg_analysis_31124753_48.out:    Running contrast 701/1132
deg_analysis_31124753_48.out:    Running contrast 706/1132
deg_analysis_31124753_48.out:    Running contrast 711/1132
deg_analysis_31124753_48.out:    Running contrast 716/1132
deg_analysis_31124753_48.out:    Running contrast 721/1132
deg_analysis_31124753_48.out:    Running contrast 726/1132
deg_analysis_31124753_48.out:    Running contrast 731/1132
deg_analysis_31124753_48.out:    Running contrast 736/1132
deg_analysis_31124753_48.out:    Running contrast 741/1132
deg_analysis_31124753_48.out:    Running contrast 746/1132
deg_analysis_31124753_48.out:    Running contrast 751/1132
deg_analysis_31124753_48.out:    Running contrast 756/1132
deg_analysis_31124753_48.out:    Running contrast 761/1132
deg_analysis_31124753_48.out:    Running contrast 766/1132
deg_analysis_31124753_48.out:    Running contrast 771/1132
deg_analysis_31124753_48.out:    Running contrast 776/1132
deg_analysis_31124753_48.out:    Running contrast 781/1132
deg_analysis_31124753_48.out:    Running contrast 786/1132
deg_analysis_31124753_48.out:    Running contrast 791/1132
deg_analysis_31124753_48.out:    Running contrast 796/1132
deg_analysis_31124753_48.out:    Running contrast 801/1132
deg_analysis_31124753_48.out:    Running contrast 806/1132
deg_analysis_31124753_48.out:    Running contrast 811/1132
deg_analysis_31124753_48.out:    Running contrast 816/1132
deg_analysis_31124753_48.out:    Running contrast 821/1132
deg_analysis_31124753_48.out:    Running contrast 826/1132
deg_analysis_31124753_48.out:    Running contrast 831/1132
deg_analysis_31124753_48.out:    Running contrast 836/1132
deg_analysis_31124753_48.out:    Running contrast 841/1132
deg_analysis_31124753_48.out:    Running contrast 846/1132
deg_analysis_31124753_48.out:    Running contrast 851/1132
deg_analysis_31124753_48.out:    Running contrast 856/1132
deg_analysis_31124753_48.out:    Running contrast 861/1132
deg_analysis_31124753_48.out:    Running contrast 866/1132
deg_analysis_31124753_48.out:    Running contrast 871/1132
deg_analysis_31124753_48.out:    Running contrast 876/1132
deg_analysis_31124753_48.out:    Running contrast 881/1132
deg_analysis_31124753_48.out:    Running contrast 886/1132
deg_analysis_31124753_48.out:    Running contrast 891/1132
deg_analysis_31124753_48.out:    Running contrast 896/1132
deg_analysis_31124753_48.out:    Running contrast 901/1132
deg_analysis_31124753_48.out:    Running contrast 906/1132
deg_analysis_31124753_48.out:    Running contrast 911/1132
deg_analysis_31124753_48.out:    Running contrast 916/1132
deg_analysis_31124753_48.out:    Running contrast 921/1132
deg_analysis_31124753_48.out:    Running contrast 926/1132
deg_analysis_31124753_48.out:    Running contrast 931/1132
deg_analysis_31124753_48.out:    Running contrast 936/1132
deg_analysis_31124753_48.out:    Running contrast 941/1132
deg_analysis_31124753_48.out:    Running contrast 946/1132
deg_analysis_31124753_48.out:    Running contrast 951/1132
deg_analysis_31124753_48.out:    Running contrast 956/1132
deg_analysis_31124753_48.out:    Running contrast 961/1132
deg_analysis_31124753_48.out:    Running contrast 966/1132
deg_analysis_31124753_48.out:    Running contrast 971/1132
deg_analysis_31124753_48.out:    Running contrast 976/1132
deg_analysis_31124753_48.out:    Running contrast 981/1132
deg_analysis_31124753_48.out:    Running contrast 986/1132
deg_analysis_31124753_48.out:    Running contrast 991/1132
deg_analysis_31124753_48.out:    Running contrast 996/1132
deg_analysis_31124753_48.out:    Running contrast 1001/1132
deg_analysis_31124753_48.out:    Running contrast 1006/1132
deg_analysis_31124753_48.out:    Running contrast 1011/1132
deg_analysis_31124753_48.out:    Running contrast 1016/1132
deg_analysis_31124753_48.out:    Running contrast 1021/1132
deg_analysis_31124753_48.out:    Running contrast 1026/1132
deg_analysis_31124753_48.out:    Running contrast 1031/1132
deg_analysis_31124753_48.out:    Running contrast 1036/1132
deg_analysis_31124753_48.out:    Running contrast 1041/1132
deg_analysis_31124753_48.out:    Running contrast 1046/1132
deg_analysis_31124753_48.out:    Running contrast 1051/1132
deg_analysis_31124753_48.out:    Running contrast 1056/1132
deg_analysis_31124753_48.out:    Running contrast 1061/1132
deg_analysis_31124753_48.out:    Running contrast 1066/1132
deg_analysis_31124753_48.out:    Running contrast 1071/1132
deg_analysis_31124753_48.out:    Running contrast 1076/1132
deg_analysis_31124753_48.out:    Running contrast 1081/1132
deg_analysis_31124753_48.out:    Running contrast 1086/1132
deg_analysis_31124753_48.out:    Running contrast 1091/1132
deg_analysis_31124753_48.out:    Running contrast 1096/1132
deg_analysis_31124753_48.out:    Running contrast 1101/1132
deg_analysis_31124753_48.out:    Running contrast 1106/1132
deg_analysis_31124753_48.out:    Running contrast 1111/1132
deg_analysis_31124753_48.out:    Running contrast 1116/1132
deg_analysis_31124753_48.out:    Running contrast 1121/1132
deg_analysis_31124753_48.out:    Running contrast 1126/1132
deg_analysis_31124753_48.out:    Running contrast 1131/1132
deg_analysis_31124753_48.out:    Running contrast 1132/1132
deg_analysis_31124753_48.out:
deg_analysis_31124753_48.out:    Writing:  ./data/tahoe/deg_data/group_rep/full/qc_false/filter_min_cells_50/CVCL_1731_de.h5ad 
deg_analysis_31124753_48.out:
deg_analysis_31124753_48.out:    Rewriting h5ad file: ./data/tahoe/deg_data/group_rep/full/qc_false/filter_min_cells_50/CVCL_1731_de.h5ad 
deg_analysis_31124753_48.out:    Removed X matrix
deg_analysis_31124753_48.out:    Rewriting h5ad file is done!
deg_analysis_31124753_48.out:✓ Cell line completed in 7891.0 seconds
deg_analysis_31124753_48.out:
deg_analysis_31124753_48.out:DE analysis completed!
deg_analysis_31124753_48.out:
deg_analysis_31124753_48.out:Total runtime: 7904.4 seconds
deg_analysis_31124753_49.out:
deg_analysis_31124753_49.out:DE analysis started...
deg_analysis_31124753_49.out:Loaded input file:  ./data/tahoe/pseudobulk_processed/group_rep/by_celltype/CVCL_C466_processed.h5ad 
deg_analysis_31124753_49.out:Initial dimensions:  1344  samples ×  62710  genes
deg_analysis_31124753_49.out:Filter samples with the low number of cells
deg_analysis_31124753_49.out:    Filter threshold (min_cells):  50 
deg_analysis_31124753_49.out:    n_obs:  1344 -->  1330 
deg_analysis_31124753_49.out:
deg_analysis_31124753_49.out:▶︎ Processing cell_type  1 / 1 :  CVCL_C466 
deg_analysis_31124753_49.out:    Filter controls by  pert_time_h  column
deg_analysis_31124753_49.out:        n_obs:  1330 -->  1330 
deg_analysis_31124753_49.out:
deg_analysis_31124753_49.out:    Running contrast 1/1133
deg_analysis_31124753_49.out:    Running contrast 6/1133
deg_analysis_31124753_49.out:    Running contrast 11/1133
deg_analysis_31124753_49.out:    Running contrast 16/1133
deg_analysis_31124753_49.out:    Running contrast 21/1133
deg_analysis_31124753_49.out:    Running contrast 26/1133
deg_analysis_31124753_49.out:    Running contrast 31/1133
deg_analysis_31124753_49.out:    Running contrast 36/1133
deg_analysis_31124753_49.out:    Running contrast 41/1133
deg_analysis_31124753_49.out:    Running contrast 46/1133
deg_analysis_31124753_49.out:    Running contrast 51/1133
deg_analysis_31124753_49.out:    Running contrast 56/1133
deg_analysis_31124753_49.out:    Running contrast 61/1133
deg_analysis_31124753_49.out:    Running contrast 66/1133
deg_analysis_31124753_49.out:    Running contrast 71/1133
deg_analysis_31124753_49.out:    Running contrast 76/1133
deg_analysis_31124753_49.out:    Running contrast 81/1133
deg_analysis_31124753_49.out:    Running contrast 86/1133
deg_analysis_31124753_49.out:    Running contrast 91/1133
deg_analysis_31124753_49.out:    Running contrast 96/1133
deg_analysis_31124753_49.out:    Running contrast 101/1133
deg_analysis_31124753_49.out:    Running contrast 106/1133
deg_analysis_31124753_49.out:    Running contrast 111/1133
deg_analysis_31124753_49.out:    Running contrast 116/1133
deg_analysis_31124753_49.out:    Running contrast 121/1133
deg_analysis_31124753_49.out:    Running contrast 126/1133
deg_analysis_31124753_49.out:    Running contrast 131/1133
deg_analysis_31124753_49.out:    Running contrast 136/1133
deg_analysis_31124753_49.out:    Running contrast 141/1133
deg_analysis_31124753_49.out:    Running contrast 146/1133
deg_analysis_31124753_49.out:    Running contrast 151/1133
deg_analysis_31124753_49.out:    Running contrast 156/1133
deg_analysis_31124753_49.out:    Running contrast 161/1133
deg_analysis_31124753_49.out:    Running contrast 166/1133
deg_analysis_31124753_49.out:    Running contrast 171/1133
deg_analysis_31124753_49.out:    Running contrast 176/1133
deg_analysis_31124753_49.out:    Running contrast 181/1133
deg_analysis_31124753_49.out:    Running contrast 186/1133
deg_analysis_31124753_49.out:    Running contrast 191/1133
deg_analysis_31124753_49.out:    Running contrast 196/1133
deg_analysis_31124753_49.out:    Running contrast 201/1133
deg_analysis_31124753_49.out:    Running contrast 206/1133
deg_analysis_31124753_49.out:    Running contrast 211/1133
deg_analysis_31124753_49.out:    Running contrast 216/1133
deg_analysis_31124753_49.out:    Running contrast 221/1133
deg_analysis_31124753_49.out:    Running contrast 226/1133
deg_analysis_31124753_49.out:    Running contrast 231/1133
deg_analysis_31124753_49.out:    Running contrast 236/1133
deg_analysis_31124753_49.out:    Running contrast 241/1133
deg_analysis_31124753_49.out:    Running contrast 246/1133
deg_analysis_31124753_49.out:    Running contrast 251/1133
deg_analysis_31124753_49.out:    Running contrast 256/1133
deg_analysis_31124753_49.out:    Running contrast 261/1133
deg_analysis_31124753_49.out:    Running contrast 266/1133
deg_analysis_31124753_49.out:    Running contrast 271/1133
deg_analysis_31124753_49.out:    Running contrast 276/1133
deg_analysis_31124753_49.out:    Running contrast 281/1133
deg_analysis_31124753_49.out:    Running contrast 286/1133
deg_analysis_31124753_49.out:    Running contrast 291/1133
deg_analysis_31124753_49.out:    Running contrast 296/1133
deg_analysis_31124753_49.out:    Running contrast 301/1133
deg_analysis_31124753_49.out:    Running contrast 306/1133
deg_analysis_31124753_49.out:    Running contrast 311/1133
deg_analysis_31124753_49.out:    Running contrast 316/1133
deg_analysis_31124753_49.out:    Running contrast 321/1133
deg_analysis_31124753_49.out:    Running contrast 326/1133
deg_analysis_31124753_49.out:    Running contrast 331/1133
deg_analysis_31124753_49.out:    Running contrast 336/1133
deg_analysis_31124753_49.out:    Running contrast 341/1133
deg_analysis_31124753_49.out:    Running contrast 346/1133
deg_analysis_31124753_49.out:    Running contrast 351/1133
deg_analysis_31124753_49.out:    Running contrast 356/1133
deg_analysis_31124753_49.out:    Running contrast 361/1133
deg_analysis_31124753_49.out:    Running contrast 366/1133
deg_analysis_31124753_49.out:    Running contrast 371/1133
deg_analysis_31124753_49.out:    Running contrast 376/1133
deg_analysis_31124753_49.out:    Running contrast 381/1133
deg_analysis_31124753_49.out:    Running contrast 386/1133
deg_analysis_31124753_49.out:    Running contrast 391/1133
deg_analysis_31124753_49.out:    Running contrast 396/1133
deg_analysis_31124753_49.out:    Running contrast 401/1133
deg_analysis_31124753_49.out:    Running contrast 406/1133
deg_analysis_31124753_49.out:    Running contrast 411/1133
deg_analysis_31124753_49.out:    Running contrast 416/1133
deg_analysis_31124753_49.out:    Running contrast 421/1133
deg_analysis_31124753_49.out:    Running contrast 426/1133
deg_analysis_31124753_49.out:    Running contrast 431/1133
deg_analysis_31124753_49.out:    Running contrast 436/1133
deg_analysis_31124753_49.out:    Running contrast 441/1133
deg_analysis_31124753_49.out:    Running contrast 446/1133
deg_analysis_31124753_49.out:    Running contrast 451/1133
deg_analysis_31124753_49.out:    Running contrast 456/1133
deg_analysis_31124753_49.out:    Running contrast 461/1133
deg_analysis_31124753_49.out:    Running contrast 466/1133
deg_analysis_31124753_49.out:    Running contrast 471/1133
deg_analysis_31124753_49.out:    Running contrast 476/1133
deg_analysis_31124753_49.out:    Running contrast 481/1133
deg_analysis_31124753_49.out:    Running contrast 486/1133
deg_analysis_31124753_49.out:    Running contrast 491/1133
deg_analysis_31124753_49.out:    Running contrast 496/1133
deg_analysis_31124753_49.out:    Running contrast 501/1133
deg_analysis_31124753_49.out:    Running contrast 506/1133
deg_analysis_31124753_49.out:    Running contrast 511/1133
deg_analysis_31124753_49.out:    Running contrast 516/1133
deg_analysis_31124753_49.out:    Running contrast 521/1133
deg_analysis_31124753_49.out:    Running contrast 526/1133
deg_analysis_31124753_49.out:    Running contrast 531/1133
deg_analysis_31124753_49.out:    Running contrast 536/1133
deg_analysis_31124753_49.out:    Running contrast 541/1133
deg_analysis_31124753_49.out:    Running contrast 546/1133
deg_analysis_31124753_49.out:    Running contrast 551/1133
deg_analysis_31124753_49.out:    Running contrast 556/1133
deg_analysis_31124753_49.out:    Running contrast 561/1133
deg_analysis_31124753_49.out:    Running contrast 566/1133
deg_analysis_31124753_49.out:    Running contrast 571/1133
deg_analysis_31124753_49.out:    Running contrast 576/1133
deg_analysis_31124753_49.out:    Running contrast 581/1133
deg_analysis_31124753_49.out:    Running contrast 586/1133
deg_analysis_31124753_49.out:    Running contrast 591/1133
deg_analysis_31124753_49.out:    Running contrast 596/1133
deg_analysis_31124753_49.out:    Running contrast 601/1133
deg_analysis_31124753_49.out:    Running contrast 606/1133
deg_analysis_31124753_49.out:    Running contrast 611/1133
deg_analysis_31124753_49.out:    Running contrast 616/1133
deg_analysis_31124753_49.out:    Running contrast 621/1133
deg_analysis_31124753_49.out:    Running contrast 626/1133
deg_analysis_31124753_49.out:    Running contrast 631/1133
deg_analysis_31124753_49.out:    Running contrast 636/1133
deg_analysis_31124753_49.out:    Running contrast 641/1133
deg_analysis_31124753_49.out:    Running contrast 646/1133
deg_analysis_31124753_49.out:    Running contrast 651/1133
deg_analysis_31124753_49.out:    Running contrast 656/1133
deg_analysis_31124753_49.out:    Running contrast 661/1133
deg_analysis_31124753_49.out:    Running contrast 666/1133
deg_analysis_31124753_49.out:    Running contrast 671/1133
deg_analysis_31124753_49.out:    Running contrast 676/1133
deg_analysis_31124753_49.out:    Running contrast 681/1133
deg_analysis_31124753_49.out:    Running contrast 686/1133
deg_analysis_31124753_49.out:    Running contrast 691/1133
deg_analysis_31124753_49.out:    Running contrast 696/1133
deg_analysis_31124753_49.out:    Running contrast 701/1133
deg_analysis_31124753_49.out:    Running contrast 706/1133
deg_analysis_31124753_49.out:    Running contrast 711/1133
deg_analysis_31124753_49.out:    Running contrast 716/1133
deg_analysis_31124753_49.out:    Running contrast 721/1133
deg_analysis_31124753_49.out:    Running contrast 726/1133
deg_analysis_31124753_49.out:    Running contrast 731/1133
deg_analysis_31124753_49.out:    Running contrast 736/1133
deg_analysis_31124753_49.out:    Running contrast 741/1133
deg_analysis_31124753_49.out:    Running contrast 746/1133
deg_analysis_31124753_49.out:    Running contrast 751/1133
deg_analysis_31124753_49.out:    Running contrast 756/1133
deg_analysis_31124753_49.out:    Running contrast 761/1133
deg_analysis_31124753_49.out:    Running contrast 766/1133
deg_analysis_31124753_49.out:    Running contrast 771/1133
deg_analysis_31124753_49.out:    Running contrast 776/1133
deg_analysis_31124753_49.out:    Running contrast 781/1133
deg_analysis_31124753_49.out:    Running contrast 786/1133
deg_analysis_31124753_49.out:    Running contrast 791/1133
deg_analysis_31124753_49.out:    Running contrast 796/1133
deg_analysis_31124753_49.out:    Running contrast 801/1133
deg_analysis_31124753_49.out:    Running contrast 806/1133
deg_analysis_31124753_49.out:    Running contrast 811/1133
deg_analysis_31124753_49.out:    Running contrast 816/1133
deg_analysis_31124753_49.out:    Running contrast 821/1133
deg_analysis_31124753_49.out:    Running contrast 826/1133
deg_analysis_31124753_49.out:    Running contrast 831/1133
deg_analysis_31124753_49.out:    Running contrast 836/1133
deg_analysis_31124753_49.out:    Running contrast 841/1133
deg_analysis_31124753_49.out:    Running contrast 846/1133
deg_analysis_31124753_49.out:    Running contrast 851/1133
deg_analysis_31124753_49.out:    Running contrast 856/1133
deg_analysis_31124753_49.out:    Running contrast 861/1133
deg_analysis_31124753_49.out:    Running contrast 866/1133
deg_analysis_31124753_49.out:    Running contrast 871/1133
deg_analysis_31124753_49.out:    Running contrast 876/1133
deg_analysis_31124753_49.out:    Running contrast 881/1133
deg_analysis_31124753_49.out:    Running contrast 886/1133
deg_analysis_31124753_49.out:    Running contrast 891/1133
deg_analysis_31124753_49.out:    Running contrast 896/1133
deg_analysis_31124753_49.out:    Running contrast 901/1133
deg_analysis_31124753_49.out:    Running contrast 906/1133
deg_analysis_31124753_49.out:    Running contrast 911/1133
deg_analysis_31124753_49.out:    Running contrast 916/1133
deg_analysis_31124753_49.out:    Running contrast 921/1133
deg_analysis_31124753_49.out:    Running contrast 926/1133
deg_analysis_31124753_49.out:    Running contrast 931/1133
deg_analysis_31124753_49.out:    Running contrast 936/1133
deg_analysis_31124753_49.out:    Running contrast 941/1133
deg_analysis_31124753_49.out:    Running contrast 946/1133
deg_analysis_31124753_49.out:    Running contrast 951/1133
deg_analysis_31124753_49.out:    Running contrast 956/1133
deg_analysis_31124753_49.out:    Running contrast 961/1133
deg_analysis_31124753_49.out:    Running contrast 966/1133
deg_analysis_31124753_49.out:    Running contrast 971/1133
deg_analysis_31124753_49.out:    Running contrast 976/1133
deg_analysis_31124753_49.out:    Running contrast 981/1133
deg_analysis_31124753_49.out:    Running contrast 986/1133
deg_analysis_31124753_49.out:    Running contrast 991/1133
deg_analysis_31124753_49.out:    Running contrast 996/1133
deg_analysis_31124753_49.out:    Running contrast 1001/1133
deg_analysis_31124753_49.out:    Running contrast 1006/1133
deg_analysis_31124753_49.out:    Running contrast 1011/1133
deg_analysis_31124753_49.out:    Running contrast 1016/1133
deg_analysis_31124753_49.out:    Running contrast 1021/1133
deg_analysis_31124753_49.out:    Running contrast 1026/1133
deg_analysis_31124753_49.out:    Running contrast 1031/1133
deg_analysis_31124753_49.out:    Running contrast 1036/1133
deg_analysis_31124753_49.out:    Running contrast 1041/1133
deg_analysis_31124753_49.out:    Running contrast 1046/1133
deg_analysis_31124753_49.out:    Running contrast 1051/1133
deg_analysis_31124753_49.out:    Running contrast 1056/1133
deg_analysis_31124753_49.out:    Running contrast 1061/1133
deg_analysis_31124753_49.out:    Running contrast 1066/1133
deg_analysis_31124753_49.out:    Running contrast 1071/1133
deg_analysis_31124753_49.out:    Running contrast 1076/1133
deg_analysis_31124753_49.out:    Running contrast 1081/1133
deg_analysis_31124753_49.out:    Running contrast 1086/1133
deg_analysis_31124753_49.out:    Running contrast 1091/1133
deg_analysis_31124753_49.out:    Running contrast 1096/1133
deg_analysis_31124753_49.out:    Running contrast 1101/1133
deg_analysis_31124753_49.out:    Running contrast 1106/1133
deg_analysis_31124753_49.out:    Running contrast 1111/1133
deg_analysis_31124753_49.out:    Running contrast 1116/1133
deg_analysis_31124753_49.out:    Running contrast 1121/1133
deg_analysis_31124753_49.out:    Running contrast 1126/1133
deg_analysis_31124753_49.out:    Running contrast 1131/1133
deg_analysis_31124753_49.out:    Running contrast 1133/1133
deg_analysis_31124753_49.out:
deg_analysis_31124753_49.out:    Writing:  ./data/tahoe/deg_data/group_rep/full/qc_false/filter_min_cells_50/CVCL_C466_de.h5ad 
deg_analysis_31124753_49.out:
deg_analysis_31124753_49.out:    Rewriting h5ad file: ./data/tahoe/deg_data/group_rep/full/qc_false/filter_min_cells_50/CVCL_C466_de.h5ad 
deg_analysis_31124753_49.out:    Removed X matrix
deg_analysis_31124753_49.out:    Rewriting h5ad file is done!
deg_analysis_31124753_49.out:✓ Cell line completed in 8188.6 seconds
deg_analysis_31124753_49.out:
deg_analysis_31124753_49.out:DE analysis completed!
deg_analysis_31124753_49.out:
deg_analysis_31124753_49.out:Total runtime: 8211.6 seconds
