deg_tahoe.out:> Do not filter samples that did not pass quality control
deg_tahoe.out:> Work with a full version
deg_tahoe.out:> Mode: PARALLEL (array jobs per cell type)
deg_tahoe.out:> Using config: ./pipelines/tahoe/configs/deg/config.json
deg_tahoe.out:> Preprocess pseudobulk with a separate_replicates parameter
deg_tahoe.out:> Running preprocessing pseudobulk
deg_tahoe.out:Submitted batch job 31124300
deg_tahoe.out:> Preprocessing pseudobulk is done
deg_tahoe.out:> Starting DGE analysis with a separate_replicates parameter
deg_tahoe.out:  Found 50 files to process
deg_tahoe.out:  Submitting array job [50 jobs, max 10 concurrent]...
deg_tahoe.out:Submitted batch job 31124716
deg_tahoe.out:> DGE analysis is done
deg_tahoe.out:> DGE pipeline is finished
deg_processing_pseudobulk.31124300.out:2025-11-07 21:49:42 | [INFO] Read pseudobulk file
deg_processing_pseudobulk.31124300.out:2025-11-07 21:51:38 | [INFO] Add perturbation label
deg_processing_pseudobulk.31124300.out:2025-11-07 21:51:39 | [INFO] Save data
deg_processing_pseudobulk.31124300.out:2025-11-07 22:03:52 | [INFO] Splitting into 50 cell types
deg_processing_pseudobulk.31124300.out:2025-11-07 22:04:08 | [INFO]   Saved: CVCL_0023 (1342 obs)
deg_processing_pseudobulk.31124300.out:2025-11-07 22:04:19 | [INFO]   Saved: CVCL_0028 (1339 obs)
deg_processing_pseudobulk.31124300.out:2025-11-07 22:04:35 | [INFO]   Saved: CVCL_0069 (1339 obs)
deg_processing_pseudobulk.31124300.out:2025-11-07 22:04:47 | [INFO]   Saved: CVCL_0099 (1340 obs)
deg_processing_pseudobulk.31124300.out:2025-11-07 22:05:04 | [INFO]   Saved: CVCL_0131 (1338 obs)
deg_processing_pseudobulk.31124300.out:2025-11-07 22:05:18 | [INFO]   Saved: CVCL_0152 (1341 obs)
deg_processing_pseudobulk.31124300.out:2025-11-07 22:05:33 | [INFO]   Saved: CVCL_0179 (1338 obs)
deg_processing_pseudobulk.31124300.out:2025-11-07 22:05:47 | [INFO]   Saved: CVCL_0218 (1343 obs)
deg_processing_pseudobulk.31124300.out:2025-11-07 22:06:00 | [INFO]   Saved: CVCL_0292 (1343 obs)
deg_processing_pseudobulk.31124300.out:2025-11-07 22:06:19 | [INFO]   Saved: CVCL_0293 (1342 obs)
deg_processing_pseudobulk.31124300.out:2025-11-07 22:06:34 | [INFO]   Saved: CVCL_0320 (1342 obs)
deg_processing_pseudobulk.31124300.out:2025-11-07 22:06:50 | [INFO]   Saved: CVCL_0332 (1342 obs)
deg_processing_pseudobulk.31124300.out:2025-11-07 22:07:05 | [INFO]   Saved: CVCL_0334 (1340 obs)
deg_processing_pseudobulk.31124300.out:2025-11-07 22:07:21 | [INFO]   Saved: CVCL_0359 (1342 obs)
deg_processing_pseudobulk.31124300.out:2025-11-07 22:07:36 | [INFO]   Saved: CVCL_0366 (1344 obs)
deg_processing_pseudobulk.31124300.out:2025-11-07 22:07:51 | [INFO]   Saved: CVCL_0371 (1340 obs)
deg_processing_pseudobulk.31124300.out:2025-11-07 22:08:07 | [INFO]   Saved: CVCL_0397 (1342 obs)
deg_processing_pseudobulk.31124300.out:2025-11-07 22:08:24 | [INFO]   Saved: CVCL_0399 (1343 obs)
deg_processing_pseudobulk.31124300.out:2025-11-07 22:08:39 | [INFO]   Saved: CVCL_0428 (1337 obs)
deg_processing_pseudobulk.31124300.out:2025-11-07 22:08:57 | [INFO]   Saved: CVCL_0459 (1344 obs)
deg_processing_pseudobulk.31124300.out:2025-11-07 22:09:15 | [INFO]   Saved: CVCL_0480 (1338 obs)
deg_processing_pseudobulk.31124300.out:2025-11-07 22:09:29 | [INFO]   Saved: CVCL_0504 (1344 obs)
deg_processing_pseudobulk.31124300.out:2025-11-07 22:09:48 | [INFO]   Saved: CVCL_0546 (1343 obs)
deg_processing_pseudobulk.31124300.out:2025-11-07 22:10:03 | [INFO]   Saved: CVCL_1055 (1340 obs)
deg_processing_pseudobulk.31124300.out:2025-11-07 22:10:20 | [INFO]   Saved: CVCL_1056 (1340 obs)
deg_processing_pseudobulk.31124300.out:2025-11-07 22:10:34 | [INFO]   Saved: CVCL_1094 (1342 obs)
deg_processing_pseudobulk.31124300.out:2025-11-07 22:10:48 | [INFO]   Saved: CVCL_1097 (1341 obs)
deg_processing_pseudobulk.31124300.out:2025-11-07 22:11:01 | [INFO]   Saved: CVCL_1098 (1342 obs)
deg_processing_pseudobulk.31124300.out:2025-11-07 22:11:17 | [INFO]   Saved: CVCL_1119 (1341 obs)
deg_processing_pseudobulk.31124300.out:2025-11-07 22:11:28 | [INFO]   Saved: CVCL_1125 (1340 obs)
deg_processing_pseudobulk.31124300.out:2025-11-07 22:11:41 | [INFO]   Saved: CVCL_1239 (1343 obs)
deg_processing_pseudobulk.31124300.out:2025-11-07 22:11:58 | [INFO]   Saved: CVCL_1285 (1343 obs)
deg_processing_pseudobulk.31124300.out:2025-11-07 22:12:13 | [INFO]   Saved: CVCL_1381 (1342 obs)
deg_processing_pseudobulk.31124300.out:2025-11-07 22:12:30 | [INFO]   Saved: CVCL_1478 (1341 obs)
deg_processing_pseudobulk.31124300.out:2025-11-07 22:12:45 | [INFO]   Saved: CVCL_1495 (1338 obs)
deg_processing_pseudobulk.31124300.out:2025-11-07 22:13:02 | [INFO]   Saved: CVCL_1517 (1344 obs)
deg_processing_pseudobulk.31124300.out:2025-11-07 22:13:06 | [INFO]   Saved: CVCL_1531 (1331 obs)
deg_processing_pseudobulk.31124300.out:2025-11-07 22:13:21 | [INFO]   Saved: CVCL_1547 (1340 obs)
deg_processing_pseudobulk.31124300.out:2025-11-07 22:13:38 | [INFO]   Saved: CVCL_1550 (1338 obs)
deg_processing_pseudobulk.31124300.out:2025-11-07 22:13:41 | [INFO]   Saved: CVCL_1571 (1331 obs)
deg_processing_pseudobulk.31124300.out:2025-11-07 22:13:51 | [INFO]   Saved: CVCL_1577 (1333 obs)
deg_processing_pseudobulk.31124300.out:2025-11-07 22:14:05 | [INFO]   Saved: CVCL_1635 (1341 obs)
deg_processing_pseudobulk.31124300.out:2025-11-07 22:14:20 | [INFO]   Saved: CVCL_1666 (1341 obs)
deg_processing_pseudobulk.31124300.out:2025-11-07 22:14:34 | [INFO]   Saved: CVCL_1693 (1342 obs)
deg_processing_pseudobulk.31124300.out:2025-11-07 22:14:42 | [INFO]   Saved: CVCL_1715 (1340 obs)
deg_processing_pseudobulk.31124300.out:2025-11-07 22:14:52 | [INFO]   Saved: CVCL_1716 (1333 obs)
deg_processing_pseudobulk.31124300.out:2025-11-07 22:15:07 | [INFO]   Saved: CVCL_1717 (1340 obs)
deg_processing_pseudobulk.31124300.out:2025-11-07 22:15:20 | [INFO]   Saved: CVCL_1724 (1339 obs)
deg_processing_pseudobulk.31124300.out:2025-11-07 22:15:35 | [INFO]   Saved: CVCL_1731 (1342 obs)
deg_processing_pseudobulk.31124300.out:2025-11-07 22:15:48 | [INFO]   Saved: CVCL_C466 (1344 obs)
deg_analysis_31124716_0.out:
deg_analysis_31124716_0.out:DE analysis started...
deg_analysis_31124716_0.out:Loaded input file:  ./data/tahoe/pseudobulk_processed/sep_rep/by_celltype/CVCL_0023_processed.h5ad 
deg_analysis_31124716_0.out:Initial dimensions:  1342  samples ×  62710  genes
deg_analysis_31124716_0.out:Filter samples with the low number of cells
deg_analysis_31124716_0.out:    Filter threshold (min_cells):  50 
deg_analysis_31124716_0.out:    n_obs:  1342 -->  1329 
deg_analysis_31124716_0.out:
deg_analysis_31124716_0.out:▶︎ Processing cell_type  1 / 1 :  CVCL_0023 
deg_analysis_31124716_0.out:    Filter controls by  pert_time_h  column
deg_analysis_31124716_0.out:        n_obs:  1329 -->  1329 
deg_analysis_31124716_0.out:
deg_analysis_31124716_0.out:    Running contrast 1/1301
deg_analysis_31124716_0.out:    Running contrast 6/1301
deg_analysis_31124716_0.out:    Running contrast 11/1301
deg_analysis_31124716_0.out:    Running contrast 16/1301
deg_analysis_31124716_0.out:    Running contrast 21/1301
deg_analysis_31124716_0.out:    Running contrast 26/1301
deg_analysis_31124716_0.out:    Running contrast 31/1301
deg_analysis_31124716_0.out:    Running contrast 36/1301
deg_analysis_31124716_0.out:    Running contrast 41/1301
deg_analysis_31124716_0.out:    Running contrast 46/1301
deg_analysis_31124716_0.out:    Running contrast 51/1301
deg_analysis_31124716_0.out:    Running contrast 56/1301
deg_analysis_31124716_0.out:    Running contrast 61/1301
deg_analysis_31124716_0.out:    Running contrast 66/1301
deg_analysis_31124716_0.out:    Running contrast 71/1301
deg_analysis_31124716_0.out:    Running contrast 76/1301
deg_analysis_31124716_0.out:    Running contrast 81/1301
deg_analysis_31124716_0.out:    Running contrast 86/1301
deg_analysis_31124716_0.out:    Running contrast 91/1301
deg_analysis_31124716_0.out:    Running contrast 96/1301
deg_analysis_31124716_0.out:    Running contrast 101/1301
deg_analysis_31124716_0.out:    Running contrast 106/1301
deg_analysis_31124716_0.out:    Running contrast 111/1301
deg_analysis_31124716_0.out:    Running contrast 116/1301
deg_analysis_31124716_0.out:    Running contrast 121/1301
deg_analysis_31124716_0.out:    Running contrast 126/1301
deg_analysis_31124716_0.out:    Running contrast 131/1301
deg_analysis_31124716_0.out:    Running contrast 136/1301
deg_analysis_31124716_0.out:    Running contrast 141/1301
deg_analysis_31124716_0.out:    Running contrast 146/1301
deg_analysis_31124716_0.out:    Running contrast 151/1301
deg_analysis_31124716_0.out:    Running contrast 156/1301
deg_analysis_31124716_0.out:    Running contrast 161/1301
deg_analysis_31124716_0.out:    Running contrast 166/1301
deg_analysis_31124716_0.out:    Running contrast 171/1301
deg_analysis_31124716_0.out:    Running contrast 176/1301
deg_analysis_31124716_0.out:    Running contrast 181/1301
deg_analysis_31124716_0.out:    Running contrast 186/1301
deg_analysis_31124716_0.out:    Running contrast 191/1301
deg_analysis_31124716_0.out:    Running contrast 196/1301
deg_analysis_31124716_0.out:    Running contrast 201/1301
deg_analysis_31124716_0.out:    Running contrast 206/1301
deg_analysis_31124716_0.out:    Running contrast 211/1301
deg_analysis_31124716_0.out:    Running contrast 216/1301
deg_analysis_31124716_0.out:    Running contrast 221/1301
deg_analysis_31124716_0.out:    Running contrast 226/1301
deg_analysis_31124716_0.out:    Running contrast 231/1301
deg_analysis_31124716_0.out:    Running contrast 236/1301
deg_analysis_31124716_0.out:    Running contrast 241/1301
deg_analysis_31124716_0.out:    Running contrast 246/1301
deg_analysis_31124716_0.out:    Running contrast 251/1301
deg_analysis_31124716_0.out:    Running contrast 256/1301
deg_analysis_31124716_0.out:    Running contrast 261/1301
deg_analysis_31124716_0.out:    Running contrast 266/1301
deg_analysis_31124716_0.out:    Running contrast 271/1301
deg_analysis_31124716_0.out:    Running contrast 276/1301
deg_analysis_31124716_0.out:    Running contrast 281/1301
deg_analysis_31124716_0.out:    Running contrast 286/1301
deg_analysis_31124716_0.out:    Running contrast 291/1301
deg_analysis_31124716_0.out:    Running contrast 296/1301
deg_analysis_31124716_0.out:    Running contrast 301/1301
deg_analysis_31124716_0.out:    Running contrast 306/1301
deg_analysis_31124716_0.out:    Running contrast 311/1301
deg_analysis_31124716_0.out:    Running contrast 316/1301
deg_analysis_31124716_0.out:    Running contrast 321/1301
deg_analysis_31124716_0.out:    Running contrast 326/1301
deg_analysis_31124716_0.out:    Running contrast 331/1301
deg_analysis_31124716_0.out:    Running contrast 336/1301
deg_analysis_31124716_0.out:    Running contrast 341/1301
deg_analysis_31124716_0.out:    Running contrast 346/1301
deg_analysis_31124716_0.out:    Running contrast 351/1301
deg_analysis_31124716_0.out:    Running contrast 356/1301
deg_analysis_31124716_0.out:    Running contrast 361/1301
deg_analysis_31124716_0.out:    Running contrast 366/1301
deg_analysis_31124716_0.out:    Running contrast 371/1301
deg_analysis_31124716_0.out:    Running contrast 376/1301
deg_analysis_31124716_0.out:    Running contrast 381/1301
deg_analysis_31124716_0.out:    Running contrast 386/1301
deg_analysis_31124716_0.out:    Running contrast 391/1301
deg_analysis_31124716_0.out:    Running contrast 396/1301
deg_analysis_31124716_0.out:    Running contrast 401/1301
deg_analysis_31124716_0.out:    Running contrast 406/1301
deg_analysis_31124716_0.out:    Running contrast 411/1301
deg_analysis_31124716_0.out:    Running contrast 416/1301
deg_analysis_31124716_0.out:    Running contrast 421/1301
deg_analysis_31124716_0.out:    Running contrast 426/1301
deg_analysis_31124716_0.out:    Running contrast 431/1301
deg_analysis_31124716_0.out:    Running contrast 436/1301
deg_analysis_31124716_0.out:    Running contrast 441/1301
deg_analysis_31124716_0.out:    Running contrast 446/1301
deg_analysis_31124716_0.out:    Running contrast 451/1301
deg_analysis_31124716_0.out:    Running contrast 456/1301
deg_analysis_31124716_0.out:    Running contrast 461/1301
deg_analysis_31124716_0.out:    Running contrast 466/1301
deg_analysis_31124716_0.out:    Running contrast 471/1301
deg_analysis_31124716_0.out:    Running contrast 476/1301
deg_analysis_31124716_0.out:    Running contrast 481/1301
deg_analysis_31124716_0.out:    Running contrast 486/1301
deg_analysis_31124716_0.out:    Running contrast 491/1301
deg_analysis_31124716_0.out:    Running contrast 496/1301
deg_analysis_31124716_0.out:    Running contrast 501/1301
deg_analysis_31124716_0.out:    Running contrast 506/1301
deg_analysis_31124716_0.out:    Running contrast 511/1301
deg_analysis_31124716_0.out:    Running contrast 516/1301
deg_analysis_31124716_0.out:    Running contrast 521/1301
deg_analysis_31124716_0.out:    Running contrast 526/1301
deg_analysis_31124716_0.out:    Running contrast 531/1301
deg_analysis_31124716_0.out:    Running contrast 536/1301
deg_analysis_31124716_0.out:    Running contrast 541/1301
deg_analysis_31124716_0.out:    Running contrast 546/1301
deg_analysis_31124716_0.out:    Running contrast 551/1301
deg_analysis_31124716_0.out:    Running contrast 556/1301
deg_analysis_31124716_0.out:    Running contrast 561/1301
deg_analysis_31124716_0.out:    Running contrast 566/1301
deg_analysis_31124716_0.out:    Running contrast 571/1301
deg_analysis_31124716_0.out:    Running contrast 576/1301
deg_analysis_31124716_0.out:    Running contrast 581/1301
deg_analysis_31124716_0.out:    Running contrast 586/1301
deg_analysis_31124716_0.out:    Running contrast 591/1301
deg_analysis_31124716_0.out:    Running contrast 596/1301
deg_analysis_31124716_0.out:    Running contrast 601/1301
deg_analysis_31124716_0.out:    Running contrast 606/1301
deg_analysis_31124716_0.out:    Running contrast 611/1301
deg_analysis_31124716_0.out:    Running contrast 616/1301
deg_analysis_31124716_0.out:    Running contrast 621/1301
deg_analysis_31124716_0.out:    Running contrast 626/1301
deg_analysis_31124716_0.out:    Running contrast 631/1301
deg_analysis_31124716_0.out:    Running contrast 636/1301
deg_analysis_31124716_0.out:    Running contrast 641/1301
deg_analysis_31124716_0.out:    Running contrast 646/1301
deg_analysis_31124716_0.out:    Running contrast 651/1301
deg_analysis_31124716_0.out:    Running contrast 656/1301
deg_analysis_31124716_0.out:    Running contrast 661/1301
deg_analysis_31124716_0.out:    Running contrast 666/1301
deg_analysis_31124716_0.out:    Running contrast 671/1301
deg_analysis_31124716_0.out:    Running contrast 676/1301
deg_analysis_31124716_0.out:    Running contrast 681/1301
deg_analysis_31124716_0.out:    Running contrast 686/1301
deg_analysis_31124716_0.out:    Running contrast 691/1301
deg_analysis_31124716_0.out:    Running contrast 696/1301
deg_analysis_31124716_0.out:    Running contrast 701/1301
deg_analysis_31124716_0.out:    Running contrast 706/1301
deg_analysis_31124716_0.out:    Running contrast 711/1301
deg_analysis_31124716_0.out:    Running contrast 716/1301
deg_analysis_31124716_0.out:    Running contrast 721/1301
deg_analysis_31124716_0.out:    Running contrast 726/1301
deg_analysis_31124716_0.out:    Running contrast 731/1301
deg_analysis_31124716_0.out:    Running contrast 736/1301
deg_analysis_31124716_0.out:    Running contrast 741/1301
deg_analysis_31124716_0.out:    Running contrast 746/1301
deg_analysis_31124716_0.out:    Running contrast 751/1301
deg_analysis_31124716_0.out:    Running contrast 756/1301
deg_analysis_31124716_0.out:    Running contrast 761/1301
deg_analysis_31124716_0.out:    Running contrast 766/1301
deg_analysis_31124716_0.out:    Running contrast 771/1301
deg_analysis_31124716_0.out:    Running contrast 776/1301
deg_analysis_31124716_0.out:    Running contrast 781/1301
deg_analysis_31124716_0.out:    Running contrast 786/1301
deg_analysis_31124716_0.out:    Running contrast 791/1301
deg_analysis_31124716_0.out:    Running contrast 796/1301
deg_analysis_31124716_0.out:    Running contrast 801/1301
deg_analysis_31124716_0.out:    Running contrast 806/1301
deg_analysis_31124716_0.out:    Running contrast 811/1301
deg_analysis_31124716_0.out:    Running contrast 816/1301
deg_analysis_31124716_0.out:    Running contrast 821/1301
deg_analysis_31124716_0.out:    Running contrast 826/1301
deg_analysis_31124716_0.out:    Running contrast 831/1301
deg_analysis_31124716_0.out:    Running contrast 836/1301
deg_analysis_31124716_0.out:    Running contrast 841/1301
deg_analysis_31124716_0.out:    Running contrast 846/1301
deg_analysis_31124716_0.out:    Running contrast 851/1301
deg_analysis_31124716_0.out:    Running contrast 856/1301
deg_analysis_31124716_0.out:    Running contrast 861/1301
deg_analysis_31124716_0.out:    Running contrast 866/1301
deg_analysis_31124716_0.out:    Running contrast 871/1301
deg_analysis_31124716_0.out:    Running contrast 876/1301
deg_analysis_31124716_0.out:    Running contrast 881/1301
deg_analysis_31124716_0.out:    Running contrast 886/1301
deg_analysis_31124716_0.out:    Running contrast 891/1301
deg_analysis_31124716_0.out:    Running contrast 896/1301
deg_analysis_31124716_0.out:    Running contrast 901/1301
deg_analysis_31124716_0.out:    Running contrast 906/1301
deg_analysis_31124716_0.out:    Running contrast 911/1301
deg_analysis_31124716_0.out:    Running contrast 916/1301
deg_analysis_31124716_0.out:    Running contrast 921/1301
deg_analysis_31124716_0.out:    Running contrast 926/1301
deg_analysis_31124716_0.out:    Running contrast 931/1301
deg_analysis_31124716_0.out:    Running contrast 936/1301
deg_analysis_31124716_0.out:    Running contrast 941/1301
deg_analysis_31124716_0.out:    Running contrast 946/1301
deg_analysis_31124716_0.out:    Running contrast 951/1301
deg_analysis_31124716_0.out:    Running contrast 956/1301
deg_analysis_31124716_0.out:    Running contrast 961/1301
deg_analysis_31124716_0.out:    Running contrast 966/1301
deg_analysis_31124716_0.out:    Running contrast 971/1301
deg_analysis_31124716_0.out:    Running contrast 976/1301
deg_analysis_31124716_0.out:    Running contrast 981/1301
deg_analysis_31124716_0.out:    Running contrast 986/1301
deg_analysis_31124716_0.out:    Running contrast 991/1301
deg_analysis_31124716_0.out:    Running contrast 996/1301
deg_analysis_31124716_0.out:    Running contrast 1001/1301
deg_analysis_31124716_0.out:    Running contrast 1006/1301
deg_analysis_31124716_0.out:    Running contrast 1011/1301
deg_analysis_31124716_0.out:    Running contrast 1016/1301
deg_analysis_31124716_0.out:    Running contrast 1021/1301
deg_analysis_31124716_0.out:    Running contrast 1026/1301
deg_analysis_31124716_0.out:    Running contrast 1031/1301
deg_analysis_31124716_0.out:    Running contrast 1036/1301
deg_analysis_31124716_0.out:    Running contrast 1041/1301
deg_analysis_31124716_0.out:    Running contrast 1046/1301
deg_analysis_31124716_0.out:    Running contrast 1051/1301
deg_analysis_31124716_0.out:    Running contrast 1056/1301
deg_analysis_31124716_0.out:    Running contrast 1061/1301
deg_analysis_31124716_0.out:    Running contrast 1066/1301
deg_analysis_31124716_0.out:    Running contrast 1071/1301
deg_analysis_31124716_0.out:    Running contrast 1076/1301
deg_analysis_31124716_0.out:    Running contrast 1081/1301
deg_analysis_31124716_0.out:    Running contrast 1086/1301
deg_analysis_31124716_0.out:    Running contrast 1091/1301
deg_analysis_31124716_0.out:    Running contrast 1096/1301
deg_analysis_31124716_0.out:    Running contrast 1101/1301
deg_analysis_31124716_0.out:    Running contrast 1106/1301
deg_analysis_31124716_0.out:    Running contrast 1111/1301
deg_analysis_31124716_0.out:    Running contrast 1116/1301
deg_analysis_31124716_0.out:    Running contrast 1121/1301
deg_analysis_31124716_0.out:    Running contrast 1126/1301
deg_analysis_31124716_0.out:    Running contrast 1131/1301
deg_analysis_31124716_0.out:    Running contrast 1136/1301
deg_analysis_31124716_0.out:    Running contrast 1141/1301
deg_analysis_31124716_0.out:    Running contrast 1146/1301
deg_analysis_31124716_0.out:    Running contrast 1151/1301
deg_analysis_31124716_0.out:    Running contrast 1156/1301
deg_analysis_31124716_0.out:    Running contrast 1161/1301
deg_analysis_31124716_0.out:    Running contrast 1166/1301
deg_analysis_31124716_0.out:    Running contrast 1171/1301
deg_analysis_31124716_0.out:    Running contrast 1176/1301
deg_analysis_31124716_0.out:    Running contrast 1181/1301
deg_analysis_31124716_0.out:    Running contrast 1186/1301
deg_analysis_31124716_0.out:    Running contrast 1191/1301
deg_analysis_31124716_0.out:    Running contrast 1196/1301
deg_analysis_31124716_0.out:    Running contrast 1201/1301
deg_analysis_31124716_0.out:    Running contrast 1206/1301
deg_analysis_31124716_0.out:    Running contrast 1211/1301
deg_analysis_31124716_0.out:    Running contrast 1216/1301
deg_analysis_31124716_0.out:    Running contrast 1221/1301
deg_analysis_31124716_0.out:    Running contrast 1226/1301
deg_analysis_31124716_0.out:    Running contrast 1231/1301
deg_analysis_31124716_0.out:    Running contrast 1236/1301
deg_analysis_31124716_0.out:    Running contrast 1241/1301
deg_analysis_31124716_0.out:    Running contrast 1246/1301
deg_analysis_31124716_0.out:    Running contrast 1251/1301
deg_analysis_31124716_0.out:    Running contrast 1256/1301
deg_analysis_31124716_0.out:    Running contrast 1261/1301
deg_analysis_31124716_0.out:    Running contrast 1266/1301
deg_analysis_31124716_0.out:    Running contrast 1271/1301
deg_analysis_31124716_0.out:    Running contrast 1276/1301
deg_analysis_31124716_0.out:    Running contrast 1281/1301
deg_analysis_31124716_0.out:    Running contrast 1286/1301
deg_analysis_31124716_0.out:    Running contrast 1291/1301
deg_analysis_31124716_0.out:    Running contrast 1296/1301
deg_analysis_31124716_0.out:    Running contrast 1301/1301
deg_analysis_31124716_0.out:
deg_analysis_31124716_0.out:    Writing:  ./data/tahoe/deg_data/sep_rep/full/qc_false/filter_min_cells_50/CVCL_0023_de.h5ad 
deg_analysis_31124716_0.out:
deg_analysis_31124716_0.out:    Rewriting h5ad file: ./data/tahoe/deg_data/sep_rep/full/qc_false/filter_min_cells_50/CVCL_0023_de.h5ad 
deg_analysis_31124716_0.out:    Removed X matrix
deg_analysis_31124716_0.out:    Rewriting h5ad file is done!
deg_analysis_31124716_0.out:✓ Cell line completed in 10737.6 seconds
deg_analysis_31124716_0.out:
deg_analysis_31124716_0.out:DE analysis completed!
deg_analysis_31124716_0.out:
deg_analysis_31124716_0.out:Total runtime: 10756.6 seconds
deg_analysis_31124716_1.out:
deg_analysis_31124716_1.out:DE analysis started...
deg_analysis_31124716_1.out:Loaded input file:  ./data/tahoe/pseudobulk_processed/sep_rep/by_celltype/CVCL_0028_processed.h5ad 
deg_analysis_31124716_1.out:Initial dimensions:  1339  samples ×  62710  genes
deg_analysis_31124716_1.out:Filter samples with the low number of cells
deg_analysis_31124716_1.out:    Filter threshold (min_cells):  50 
deg_analysis_31124716_1.out:    n_obs:  1339 -->  1321 
deg_analysis_31124716_1.out:
deg_analysis_31124716_1.out:▶︎ Processing cell_type  1 / 1 :  CVCL_0028 
deg_analysis_31124716_1.out:    Filter controls by  pert_time_h  column
deg_analysis_31124716_1.out:        n_obs:  1321 -->  1321 
deg_analysis_31124716_1.out:
deg_analysis_31124716_1.out:    Running contrast 1/1293
deg_analysis_31124716_1.out:    Running contrast 6/1293
deg_analysis_31124716_1.out:    Running contrast 11/1293
deg_analysis_31124716_1.out:    Running contrast 16/1293
deg_analysis_31124716_1.out:    Running contrast 21/1293
deg_analysis_31124716_1.out:    Running contrast 26/1293
deg_analysis_31124716_1.out:    Running contrast 31/1293
deg_analysis_31124716_1.out:    Running contrast 36/1293
deg_analysis_31124716_1.out:    Running contrast 41/1293
deg_analysis_31124716_1.out:    Running contrast 46/1293
deg_analysis_31124716_1.out:    Running contrast 51/1293
deg_analysis_31124716_1.out:    Running contrast 56/1293
deg_analysis_31124716_1.out:    Running contrast 61/1293
deg_analysis_31124716_1.out:    Running contrast 66/1293
deg_analysis_31124716_1.out:    Running contrast 71/1293
deg_analysis_31124716_1.out:    Running contrast 76/1293
deg_analysis_31124716_1.out:    Running contrast 81/1293
deg_analysis_31124716_1.out:    Running contrast 86/1293
deg_analysis_31124716_1.out:    Running contrast 91/1293
deg_analysis_31124716_1.out:    Running contrast 96/1293
deg_analysis_31124716_1.out:    Running contrast 101/1293
deg_analysis_31124716_1.out:    Running contrast 106/1293
deg_analysis_31124716_1.out:    Running contrast 111/1293
deg_analysis_31124716_1.out:    Running contrast 116/1293
deg_analysis_31124716_1.out:    Running contrast 121/1293
deg_analysis_31124716_1.out:    Running contrast 126/1293
deg_analysis_31124716_1.out:    Running contrast 131/1293
deg_analysis_31124716_1.out:    Running contrast 136/1293
deg_analysis_31124716_1.out:    Running contrast 141/1293
deg_analysis_31124716_1.out:    Running contrast 146/1293
deg_analysis_31124716_1.out:    Running contrast 151/1293
deg_analysis_31124716_1.out:    Running contrast 156/1293
deg_analysis_31124716_1.out:    Running contrast 161/1293
deg_analysis_31124716_1.out:    Running contrast 166/1293
deg_analysis_31124716_1.out:    Running contrast 171/1293
deg_analysis_31124716_1.out:    Running contrast 176/1293
deg_analysis_31124716_1.out:    Running contrast 181/1293
deg_analysis_31124716_1.out:    Running contrast 186/1293
deg_analysis_31124716_1.out:    Running contrast 191/1293
deg_analysis_31124716_1.out:    Running contrast 196/1293
deg_analysis_31124716_1.out:    Running contrast 201/1293
deg_analysis_31124716_1.out:    Running contrast 206/1293
deg_analysis_31124716_1.out:    Running contrast 211/1293
deg_analysis_31124716_1.out:    Running contrast 216/1293
deg_analysis_31124716_1.out:    Running contrast 221/1293
deg_analysis_31124716_1.out:    Running contrast 226/1293
deg_analysis_31124716_1.out:    Running contrast 231/1293
deg_analysis_31124716_1.out:    Running contrast 236/1293
deg_analysis_31124716_1.out:    Running contrast 241/1293
deg_analysis_31124716_1.out:    Running contrast 246/1293
deg_analysis_31124716_1.out:    Running contrast 251/1293
deg_analysis_31124716_1.out:    Running contrast 256/1293
deg_analysis_31124716_1.out:    Running contrast 261/1293
deg_analysis_31124716_1.out:    Running contrast 266/1293
deg_analysis_31124716_1.out:    Running contrast 271/1293
deg_analysis_31124716_1.out:    Running contrast 276/1293
deg_analysis_31124716_1.out:    Running contrast 281/1293
deg_analysis_31124716_1.out:    Running contrast 286/1293
deg_analysis_31124716_1.out:    Running contrast 291/1293
deg_analysis_31124716_1.out:    Running contrast 296/1293
deg_analysis_31124716_1.out:    Running contrast 301/1293
deg_analysis_31124716_1.out:    Running contrast 306/1293
deg_analysis_31124716_1.out:    Running contrast 311/1293
deg_analysis_31124716_1.out:    Running contrast 316/1293
deg_analysis_31124716_1.out:    Running contrast 321/1293
deg_analysis_31124716_1.out:    Running contrast 326/1293
deg_analysis_31124716_1.out:    Running contrast 331/1293
deg_analysis_31124716_1.out:    Running contrast 336/1293
deg_analysis_31124716_1.out:    Running contrast 341/1293
deg_analysis_31124716_1.out:    Running contrast 346/1293
deg_analysis_31124716_1.out:    Running contrast 351/1293
deg_analysis_31124716_1.out:    Running contrast 356/1293
deg_analysis_31124716_1.out:    Running contrast 361/1293
deg_analysis_31124716_1.out:    Running contrast 366/1293
deg_analysis_31124716_1.out:    Running contrast 371/1293
deg_analysis_31124716_1.out:    Running contrast 376/1293
deg_analysis_31124716_1.out:    Running contrast 381/1293
deg_analysis_31124716_1.out:    Running contrast 386/1293
deg_analysis_31124716_1.out:    Running contrast 391/1293
deg_analysis_31124716_1.out:    Running contrast 396/1293
deg_analysis_31124716_1.out:    Running contrast 401/1293
deg_analysis_31124716_1.out:    Running contrast 406/1293
deg_analysis_31124716_1.out:    Running contrast 411/1293
deg_analysis_31124716_1.out:    Running contrast 416/1293
deg_analysis_31124716_1.out:    Running contrast 421/1293
deg_analysis_31124716_1.out:    Running contrast 426/1293
deg_analysis_31124716_1.out:    Running contrast 431/1293
deg_analysis_31124716_1.out:    Running contrast 436/1293
deg_analysis_31124716_1.out:    Running contrast 441/1293
deg_analysis_31124716_1.out:    Running contrast 446/1293
deg_analysis_31124716_1.out:    Running contrast 451/1293
deg_analysis_31124716_1.out:    Running contrast 456/1293
deg_analysis_31124716_1.out:    Running contrast 461/1293
deg_analysis_31124716_1.out:    Running contrast 466/1293
deg_analysis_31124716_1.out:    Running contrast 471/1293
deg_analysis_31124716_1.out:    Running contrast 476/1293
deg_analysis_31124716_1.out:    Running contrast 481/1293
deg_analysis_31124716_1.out:    Running contrast 486/1293
deg_analysis_31124716_1.out:    Running contrast 491/1293
deg_analysis_31124716_1.out:    Running contrast 496/1293
deg_analysis_31124716_1.out:    Running contrast 501/1293
deg_analysis_31124716_1.out:    Running contrast 506/1293
deg_analysis_31124716_1.out:    Running contrast 511/1293
deg_analysis_31124716_1.out:    Running contrast 516/1293
deg_analysis_31124716_1.out:    Running contrast 521/1293
deg_analysis_31124716_1.out:    Running contrast 526/1293
deg_analysis_31124716_1.out:    Running contrast 531/1293
deg_analysis_31124716_1.out:    Running contrast 536/1293
deg_analysis_31124716_1.out:    Running contrast 541/1293
deg_analysis_31124716_1.out:    Running contrast 546/1293
deg_analysis_31124716_1.out:    Running contrast 551/1293
deg_analysis_31124716_1.out:    Running contrast 556/1293
deg_analysis_31124716_1.out:    Running contrast 561/1293
deg_analysis_31124716_1.out:    Running contrast 566/1293
deg_analysis_31124716_1.out:    Running contrast 571/1293
deg_analysis_31124716_1.out:    Running contrast 576/1293
deg_analysis_31124716_1.out:    Running contrast 581/1293
deg_analysis_31124716_1.out:    Running contrast 586/1293
deg_analysis_31124716_1.out:    Running contrast 591/1293
deg_analysis_31124716_1.out:    Running contrast 596/1293
deg_analysis_31124716_1.out:    Running contrast 601/1293
deg_analysis_31124716_1.out:    Running contrast 606/1293
deg_analysis_31124716_1.out:    Running contrast 611/1293
deg_analysis_31124716_1.out:    Running contrast 616/1293
deg_analysis_31124716_1.out:    Running contrast 621/1293
deg_analysis_31124716_1.out:    Running contrast 626/1293
deg_analysis_31124716_1.out:    Running contrast 631/1293
deg_analysis_31124716_1.out:    Running contrast 636/1293
deg_analysis_31124716_1.out:    Running contrast 641/1293
deg_analysis_31124716_1.out:    Running contrast 646/1293
deg_analysis_31124716_1.out:    Running contrast 651/1293
deg_analysis_31124716_1.out:    Running contrast 656/1293
deg_analysis_31124716_1.out:    Running contrast 661/1293
deg_analysis_31124716_1.out:    Running contrast 666/1293
deg_analysis_31124716_1.out:    Running contrast 671/1293
deg_analysis_31124716_1.out:    Running contrast 676/1293
deg_analysis_31124716_1.out:    Running contrast 681/1293
deg_analysis_31124716_1.out:    Running contrast 686/1293
deg_analysis_31124716_1.out:    Running contrast 691/1293
deg_analysis_31124716_1.out:    Running contrast 696/1293
deg_analysis_31124716_1.out:    Running contrast 701/1293
deg_analysis_31124716_1.out:    Running contrast 706/1293
deg_analysis_31124716_1.out:    Running contrast 711/1293
deg_analysis_31124716_1.out:    Running contrast 716/1293
deg_analysis_31124716_1.out:    Running contrast 721/1293
deg_analysis_31124716_1.out:    Running contrast 726/1293
deg_analysis_31124716_1.out:    Running contrast 731/1293
deg_analysis_31124716_1.out:    Running contrast 736/1293
deg_analysis_31124716_1.out:    Running contrast 741/1293
deg_analysis_31124716_1.out:    Running contrast 746/1293
deg_analysis_31124716_1.out:    Running contrast 751/1293
deg_analysis_31124716_1.out:    Running contrast 756/1293
deg_analysis_31124716_1.out:    Running contrast 761/1293
deg_analysis_31124716_1.out:    Running contrast 766/1293
deg_analysis_31124716_1.out:    Running contrast 771/1293
deg_analysis_31124716_1.out:    Running contrast 776/1293
deg_analysis_31124716_1.out:    Running contrast 781/1293
deg_analysis_31124716_1.out:    Running contrast 786/1293
deg_analysis_31124716_1.out:    Running contrast 791/1293
deg_analysis_31124716_1.out:    Running contrast 796/1293
deg_analysis_31124716_1.out:    Running contrast 801/1293
deg_analysis_31124716_1.out:    Running contrast 806/1293
deg_analysis_31124716_1.out:    Running contrast 811/1293
deg_analysis_31124716_1.out:    Running contrast 816/1293
deg_analysis_31124716_1.out:    Running contrast 821/1293
deg_analysis_31124716_1.out:    Running contrast 826/1293
deg_analysis_31124716_1.out:    Running contrast 831/1293
deg_analysis_31124716_1.out:    Running contrast 836/1293
deg_analysis_31124716_1.out:    Running contrast 841/1293
deg_analysis_31124716_1.out:    Running contrast 846/1293
deg_analysis_31124716_1.out:    Running contrast 851/1293
deg_analysis_31124716_1.out:    Running contrast 856/1293
deg_analysis_31124716_1.out:    Running contrast 861/1293
deg_analysis_31124716_1.out:    Running contrast 866/1293
deg_analysis_31124716_1.out:    Running contrast 871/1293
deg_analysis_31124716_1.out:    Running contrast 876/1293
deg_analysis_31124716_1.out:    Running contrast 881/1293
deg_analysis_31124716_1.out:    Running contrast 886/1293
deg_analysis_31124716_1.out:    Running contrast 891/1293
deg_analysis_31124716_1.out:    Running contrast 896/1293
deg_analysis_31124716_1.out:    Running contrast 901/1293
deg_analysis_31124716_1.out:    Running contrast 906/1293
deg_analysis_31124716_1.out:    Running contrast 911/1293
deg_analysis_31124716_1.out:    Running contrast 916/1293
deg_analysis_31124716_1.out:    Running contrast 921/1293
deg_analysis_31124716_1.out:    Running contrast 926/1293
deg_analysis_31124716_1.out:    Running contrast 931/1293
deg_analysis_31124716_1.out:    Running contrast 936/1293
deg_analysis_31124716_1.out:    Running contrast 941/1293
deg_analysis_31124716_1.out:    Running contrast 946/1293
deg_analysis_31124716_1.out:    Running contrast 951/1293
deg_analysis_31124716_1.out:    Running contrast 956/1293
deg_analysis_31124716_1.out:    Running contrast 961/1293
deg_analysis_31124716_1.out:    Running contrast 966/1293
deg_analysis_31124716_1.out:    Running contrast 971/1293
deg_analysis_31124716_1.out:    Running contrast 976/1293
deg_analysis_31124716_1.out:    Running contrast 981/1293
deg_analysis_31124716_1.out:    Running contrast 986/1293
deg_analysis_31124716_1.out:    Running contrast 991/1293
deg_analysis_31124716_1.out:    Running contrast 996/1293
deg_analysis_31124716_1.out:    Running contrast 1001/1293
deg_analysis_31124716_1.out:    Running contrast 1006/1293
deg_analysis_31124716_1.out:    Running contrast 1011/1293
deg_analysis_31124716_1.out:    Running contrast 1016/1293
deg_analysis_31124716_1.out:    Running contrast 1021/1293
deg_analysis_31124716_1.out:    Running contrast 1026/1293
deg_analysis_31124716_1.out:    Running contrast 1031/1293
deg_analysis_31124716_1.out:    Running contrast 1036/1293
deg_analysis_31124716_1.out:    Running contrast 1041/1293
deg_analysis_31124716_1.out:    Running contrast 1046/1293
deg_analysis_31124716_1.out:    Running contrast 1051/1293
deg_analysis_31124716_1.out:    Running contrast 1056/1293
deg_analysis_31124716_1.out:    Running contrast 1061/1293
deg_analysis_31124716_1.out:    Running contrast 1066/1293
deg_analysis_31124716_1.out:    Running contrast 1071/1293
deg_analysis_31124716_1.out:    Running contrast 1076/1293
deg_analysis_31124716_1.out:    Running contrast 1081/1293
deg_analysis_31124716_1.out:    Running contrast 1086/1293
deg_analysis_31124716_1.out:    Running contrast 1091/1293
deg_analysis_31124716_1.out:    Running contrast 1096/1293
deg_analysis_31124716_1.out:    Running contrast 1101/1293
deg_analysis_31124716_1.out:    Running contrast 1106/1293
deg_analysis_31124716_1.out:    Running contrast 1111/1293
deg_analysis_31124716_1.out:    Running contrast 1116/1293
deg_analysis_31124716_1.out:    Running contrast 1121/1293
deg_analysis_31124716_1.out:    Running contrast 1126/1293
deg_analysis_31124716_1.out:    Running contrast 1131/1293
deg_analysis_31124716_1.out:    Running contrast 1136/1293
deg_analysis_31124716_1.out:    Running contrast 1141/1293
deg_analysis_31124716_1.out:    Running contrast 1146/1293
deg_analysis_31124716_1.out:    Running contrast 1151/1293
deg_analysis_31124716_1.out:    Running contrast 1156/1293
deg_analysis_31124716_1.out:    Running contrast 1161/1293
deg_analysis_31124716_1.out:    Running contrast 1166/1293
deg_analysis_31124716_1.out:    Running contrast 1171/1293
deg_analysis_31124716_1.out:    Running contrast 1176/1293
deg_analysis_31124716_1.out:    Running contrast 1181/1293
deg_analysis_31124716_1.out:    Running contrast 1186/1293
deg_analysis_31124716_1.out:    Running contrast 1191/1293
deg_analysis_31124716_1.out:    Running contrast 1196/1293
deg_analysis_31124716_1.out:    Running contrast 1201/1293
deg_analysis_31124716_1.out:    Running contrast 1206/1293
deg_analysis_31124716_1.out:    Running contrast 1211/1293
deg_analysis_31124716_1.out:    Running contrast 1216/1293
deg_analysis_31124716_1.out:    Running contrast 1221/1293
deg_analysis_31124716_1.out:    Running contrast 1226/1293
deg_analysis_31124716_1.out:    Running contrast 1231/1293
deg_analysis_31124716_1.out:    Running contrast 1236/1293
deg_analysis_31124716_1.out:    Running contrast 1241/1293
deg_analysis_31124716_1.out:    Running contrast 1246/1293
deg_analysis_31124716_1.out:    Running contrast 1251/1293
deg_analysis_31124716_1.out:    Running contrast 1256/1293
deg_analysis_31124716_1.out:    Running contrast 1261/1293
deg_analysis_31124716_1.out:    Running contrast 1266/1293
deg_analysis_31124716_1.out:    Running contrast 1271/1293
deg_analysis_31124716_1.out:    Running contrast 1276/1293
deg_analysis_31124716_1.out:    Running contrast 1281/1293
deg_analysis_31124716_1.out:    Running contrast 1286/1293
deg_analysis_31124716_1.out:    Running contrast 1291/1293
deg_analysis_31124716_1.out:    Running contrast 1293/1293
deg_analysis_31124716_1.out:
deg_analysis_31124716_1.out:    Writing:  ./data/tahoe/deg_data/sep_rep/full/qc_false/filter_min_cells_50/CVCL_0028_de.h5ad 
deg_analysis_31124716_1.out:
deg_analysis_31124716_1.out:    Rewriting h5ad file: ./data/tahoe/deg_data/sep_rep/full/qc_false/filter_min_cells_50/CVCL_0028_de.h5ad 
deg_analysis_31124716_1.out:    Removed X matrix
deg_analysis_31124716_1.out:    Rewriting h5ad file is done!
deg_analysis_31124716_1.out:✓ Cell line completed in 6451.1 seconds
deg_analysis_31124716_1.out:
deg_analysis_31124716_1.out:DE analysis completed!
deg_analysis_31124716_1.out:
deg_analysis_31124716_1.out:Total runtime: 6469.1 seconds
deg_analysis_31124716_2.out:
deg_analysis_31124716_2.out:DE analysis started...
deg_analysis_31124716_2.out:Loaded input file:  ./data/tahoe/pseudobulk_processed/sep_rep/by_celltype/CVCL_0069_processed.h5ad 
deg_analysis_31124716_2.out:Initial dimensions:  1339  samples ×  62710  genes
deg_analysis_31124716_2.out:Filter samples with the low number of cells
deg_analysis_31124716_2.out:    Filter threshold (min_cells):  50 
deg_analysis_31124716_2.out:    n_obs:  1339 -->  1327 
deg_analysis_31124716_2.out:
deg_analysis_31124716_2.out:▶︎ Processing cell_type  1 / 1 :  CVCL_0069 
deg_analysis_31124716_2.out:    Filter controls by  pert_time_h  column
deg_analysis_31124716_2.out:        n_obs:  1327 -->  1327 
deg_analysis_31124716_2.out:
deg_analysis_31124716_2.out:    Running contrast 1/1299
deg_analysis_31124716_2.out:    Running contrast 6/1299
deg_analysis_31124716_2.out:    Running contrast 11/1299
deg_analysis_31124716_2.out:    Running contrast 16/1299
deg_analysis_31124716_2.out:    Running contrast 21/1299
deg_analysis_31124716_2.out:    Running contrast 26/1299
deg_analysis_31124716_2.out:    Running contrast 31/1299
deg_analysis_31124716_2.out:    Running contrast 36/1299
deg_analysis_31124716_2.out:    Running contrast 41/1299
deg_analysis_31124716_2.out:    Running contrast 46/1299
deg_analysis_31124716_2.out:    Running contrast 51/1299
deg_analysis_31124716_2.out:    Running contrast 56/1299
deg_analysis_31124716_2.out:    Running contrast 61/1299
deg_analysis_31124716_2.out:    Running contrast 66/1299
deg_analysis_31124716_2.out:    Running contrast 71/1299
deg_analysis_31124716_2.out:    Running contrast 76/1299
deg_analysis_31124716_2.out:    Running contrast 81/1299
deg_analysis_31124716_2.out:    Running contrast 86/1299
deg_analysis_31124716_2.out:    Running contrast 91/1299
deg_analysis_31124716_2.out:    Running contrast 96/1299
deg_analysis_31124716_2.out:    Running contrast 101/1299
deg_analysis_31124716_2.out:    Running contrast 106/1299
deg_analysis_31124716_2.out:    Running contrast 111/1299
deg_analysis_31124716_2.out:    Running contrast 116/1299
deg_analysis_31124716_2.out:    Running contrast 121/1299
deg_analysis_31124716_2.out:    Running contrast 126/1299
deg_analysis_31124716_2.out:    Running contrast 131/1299
deg_analysis_31124716_2.out:    Running contrast 136/1299
deg_analysis_31124716_2.out:    Running contrast 141/1299
deg_analysis_31124716_2.out:    Running contrast 146/1299
deg_analysis_31124716_2.out:    Running contrast 151/1299
deg_analysis_31124716_2.out:    Running contrast 156/1299
deg_analysis_31124716_2.out:    Running contrast 161/1299
deg_analysis_31124716_2.out:    Running contrast 166/1299
deg_analysis_31124716_2.out:    Running contrast 171/1299
deg_analysis_31124716_2.out:    Running contrast 176/1299
deg_analysis_31124716_2.out:    Running contrast 181/1299
deg_analysis_31124716_2.out:    Running contrast 186/1299
deg_analysis_31124716_2.out:    Running contrast 191/1299
deg_analysis_31124716_2.out:    Running contrast 196/1299
deg_analysis_31124716_2.out:    Running contrast 201/1299
deg_analysis_31124716_2.out:    Running contrast 206/1299
deg_analysis_31124716_2.out:    Running contrast 211/1299
deg_analysis_31124716_2.out:    Running contrast 216/1299
deg_analysis_31124716_2.out:    Running contrast 221/1299
deg_analysis_31124716_2.out:    Running contrast 226/1299
deg_analysis_31124716_2.out:    Running contrast 231/1299
deg_analysis_31124716_2.out:    Running contrast 236/1299
deg_analysis_31124716_2.out:    Running contrast 241/1299
deg_analysis_31124716_2.out:    Running contrast 246/1299
deg_analysis_31124716_2.out:    Running contrast 251/1299
deg_analysis_31124716_2.out:    Running contrast 256/1299
deg_analysis_31124716_2.out:    Running contrast 261/1299
deg_analysis_31124716_2.out:    Running contrast 266/1299
deg_analysis_31124716_2.out:    Running contrast 271/1299
deg_analysis_31124716_2.out:    Running contrast 276/1299
deg_analysis_31124716_2.out:    Running contrast 281/1299
deg_analysis_31124716_2.out:    Running contrast 286/1299
deg_analysis_31124716_2.out:    Running contrast 291/1299
deg_analysis_31124716_2.out:    Running contrast 296/1299
deg_analysis_31124716_2.out:    Running contrast 301/1299
deg_analysis_31124716_2.out:    Running contrast 306/1299
deg_analysis_31124716_2.out:    Running contrast 311/1299
deg_analysis_31124716_2.out:    Running contrast 316/1299
deg_analysis_31124716_2.out:    Running contrast 321/1299
deg_analysis_31124716_2.out:    Running contrast 326/1299
deg_analysis_31124716_2.out:    Running contrast 331/1299
deg_analysis_31124716_2.out:    Running contrast 336/1299
deg_analysis_31124716_2.out:    Running contrast 341/1299
deg_analysis_31124716_2.out:    Running contrast 346/1299
deg_analysis_31124716_2.out:    Running contrast 351/1299
deg_analysis_31124716_2.out:    Running contrast 356/1299
deg_analysis_31124716_2.out:    Running contrast 361/1299
deg_analysis_31124716_2.out:    Running contrast 366/1299
deg_analysis_31124716_2.out:    Running contrast 371/1299
deg_analysis_31124716_2.out:    Running contrast 376/1299
deg_analysis_31124716_2.out:    Running contrast 381/1299
deg_analysis_31124716_2.out:    Running contrast 386/1299
deg_analysis_31124716_2.out:    Running contrast 391/1299
deg_analysis_31124716_2.out:    Running contrast 396/1299
deg_analysis_31124716_2.out:    Running contrast 401/1299
deg_analysis_31124716_2.out:    Running contrast 406/1299
deg_analysis_31124716_2.out:    Running contrast 411/1299
deg_analysis_31124716_2.out:    Running contrast 416/1299
deg_analysis_31124716_2.out:    Running contrast 421/1299
deg_analysis_31124716_2.out:    Running contrast 426/1299
deg_analysis_31124716_2.out:    Running contrast 431/1299
deg_analysis_31124716_2.out:    Running contrast 436/1299
deg_analysis_31124716_2.out:    Running contrast 441/1299
deg_analysis_31124716_2.out:    Running contrast 446/1299
deg_analysis_31124716_2.out:    Running contrast 451/1299
deg_analysis_31124716_2.out:    Running contrast 456/1299
deg_analysis_31124716_2.out:    Running contrast 461/1299
deg_analysis_31124716_2.out:    Running contrast 466/1299
deg_analysis_31124716_2.out:    Running contrast 471/1299
deg_analysis_31124716_2.out:    Running contrast 476/1299
deg_analysis_31124716_2.out:    Running contrast 481/1299
deg_analysis_31124716_2.out:    Running contrast 486/1299
deg_analysis_31124716_2.out:    Running contrast 491/1299
deg_analysis_31124716_2.out:    Running contrast 496/1299
deg_analysis_31124716_2.out:    Running contrast 501/1299
deg_analysis_31124716_2.out:    Running contrast 506/1299
deg_analysis_31124716_2.out:    Running contrast 511/1299
deg_analysis_31124716_2.out:    Running contrast 516/1299
deg_analysis_31124716_2.out:    Running contrast 521/1299
deg_analysis_31124716_2.out:    Running contrast 526/1299
deg_analysis_31124716_2.out:    Running contrast 531/1299
deg_analysis_31124716_2.out:    Running contrast 536/1299
deg_analysis_31124716_2.out:    Running contrast 541/1299
deg_analysis_31124716_2.out:    Running contrast 546/1299
deg_analysis_31124716_2.out:    Running contrast 551/1299
deg_analysis_31124716_2.out:    Running contrast 556/1299
deg_analysis_31124716_2.out:    Running contrast 561/1299
deg_analysis_31124716_2.out:    Running contrast 566/1299
deg_analysis_31124716_2.out:    Running contrast 571/1299
deg_analysis_31124716_2.out:    Running contrast 576/1299
deg_analysis_31124716_2.out:    Running contrast 581/1299
deg_analysis_31124716_2.out:    Running contrast 586/1299
deg_analysis_31124716_2.out:    Running contrast 591/1299
deg_analysis_31124716_2.out:    Running contrast 596/1299
deg_analysis_31124716_2.out:    Running contrast 601/1299
deg_analysis_31124716_2.out:    Running contrast 606/1299
deg_analysis_31124716_2.out:    Running contrast 611/1299
deg_analysis_31124716_2.out:    Running contrast 616/1299
deg_analysis_31124716_2.out:    Running contrast 621/1299
deg_analysis_31124716_2.out:    Running contrast 626/1299
deg_analysis_31124716_2.out:    Running contrast 631/1299
deg_analysis_31124716_2.out:    Running contrast 636/1299
deg_analysis_31124716_2.out:    Running contrast 641/1299
deg_analysis_31124716_2.out:    Running contrast 646/1299
deg_analysis_31124716_2.out:    Running contrast 651/1299
deg_analysis_31124716_2.out:    Running contrast 656/1299
deg_analysis_31124716_2.out:    Running contrast 661/1299
deg_analysis_31124716_2.out:    Running contrast 666/1299
deg_analysis_31124716_2.out:    Running contrast 671/1299
deg_analysis_31124716_2.out:    Running contrast 676/1299
deg_analysis_31124716_2.out:    Running contrast 681/1299
deg_analysis_31124716_2.out:    Running contrast 686/1299
deg_analysis_31124716_2.out:    Running contrast 691/1299
deg_analysis_31124716_2.out:    Running contrast 696/1299
deg_analysis_31124716_2.out:    Running contrast 701/1299
deg_analysis_31124716_2.out:    Running contrast 706/1299
deg_analysis_31124716_2.out:    Running contrast 711/1299
deg_analysis_31124716_2.out:    Running contrast 716/1299
deg_analysis_31124716_2.out:    Running contrast 721/1299
deg_analysis_31124716_2.out:    Running contrast 726/1299
deg_analysis_31124716_2.out:    Running contrast 731/1299
deg_analysis_31124716_2.out:    Running contrast 736/1299
deg_analysis_31124716_2.out:    Running contrast 741/1299
deg_analysis_31124716_2.out:    Running contrast 746/1299
deg_analysis_31124716_2.out:    Running contrast 751/1299
deg_analysis_31124716_2.out:    Running contrast 756/1299
deg_analysis_31124716_2.out:    Running contrast 761/1299
deg_analysis_31124716_2.out:    Running contrast 766/1299
deg_analysis_31124716_2.out:    Running contrast 771/1299
deg_analysis_31124716_2.out:    Running contrast 776/1299
deg_analysis_31124716_2.out:    Running contrast 781/1299
deg_analysis_31124716_2.out:    Running contrast 786/1299
deg_analysis_31124716_2.out:    Running contrast 791/1299
deg_analysis_31124716_2.out:    Running contrast 796/1299
deg_analysis_31124716_2.out:    Running contrast 801/1299
deg_analysis_31124716_2.out:    Running contrast 806/1299
deg_analysis_31124716_2.out:    Running contrast 811/1299
deg_analysis_31124716_2.out:    Running contrast 816/1299
deg_analysis_31124716_2.out:    Running contrast 821/1299
deg_analysis_31124716_2.out:    Running contrast 826/1299
deg_analysis_31124716_2.out:    Running contrast 831/1299
deg_analysis_31124716_2.out:    Running contrast 836/1299
deg_analysis_31124716_2.out:    Running contrast 841/1299
deg_analysis_31124716_2.out:    Running contrast 846/1299
deg_analysis_31124716_2.out:    Running contrast 851/1299
deg_analysis_31124716_2.out:    Running contrast 856/1299
deg_analysis_31124716_2.out:    Running contrast 861/1299
deg_analysis_31124716_2.out:    Running contrast 866/1299
deg_analysis_31124716_2.out:    Running contrast 871/1299
deg_analysis_31124716_2.out:    Running contrast 876/1299
deg_analysis_31124716_2.out:    Running contrast 881/1299
deg_analysis_31124716_2.out:    Running contrast 886/1299
deg_analysis_31124716_2.out:    Running contrast 891/1299
deg_analysis_31124716_2.out:    Running contrast 896/1299
deg_analysis_31124716_2.out:    Running contrast 901/1299
deg_analysis_31124716_2.out:    Running contrast 906/1299
deg_analysis_31124716_2.out:    Running contrast 911/1299
deg_analysis_31124716_2.out:    Running contrast 916/1299
deg_analysis_31124716_2.out:    Running contrast 921/1299
deg_analysis_31124716_2.out:    Running contrast 926/1299
deg_analysis_31124716_2.out:    Running contrast 931/1299
deg_analysis_31124716_2.out:    Running contrast 936/1299
deg_analysis_31124716_2.out:    Running contrast 941/1299
deg_analysis_31124716_2.out:    Running contrast 946/1299
deg_analysis_31124716_2.out:    Running contrast 951/1299
deg_analysis_31124716_2.out:    Running contrast 956/1299
deg_analysis_31124716_2.out:    Running contrast 961/1299
deg_analysis_31124716_2.out:    Running contrast 966/1299
deg_analysis_31124716_2.out:    Running contrast 971/1299
deg_analysis_31124716_2.out:    Running contrast 976/1299
deg_analysis_31124716_2.out:    Running contrast 981/1299
deg_analysis_31124716_2.out:    Running contrast 986/1299
deg_analysis_31124716_2.out:    Running contrast 991/1299
deg_analysis_31124716_2.out:    Running contrast 996/1299
deg_analysis_31124716_2.out:    Running contrast 1001/1299
deg_analysis_31124716_2.out:    Running contrast 1006/1299
deg_analysis_31124716_2.out:    Running contrast 1011/1299
deg_analysis_31124716_2.out:    Running contrast 1016/1299
deg_analysis_31124716_2.out:    Running contrast 1021/1299
deg_analysis_31124716_2.out:    Running contrast 1026/1299
deg_analysis_31124716_2.out:    Running contrast 1031/1299
deg_analysis_31124716_2.out:    Running contrast 1036/1299
deg_analysis_31124716_2.out:    Running contrast 1041/1299
deg_analysis_31124716_2.out:    Running contrast 1046/1299
deg_analysis_31124716_2.out:    Running contrast 1051/1299
deg_analysis_31124716_2.out:    Running contrast 1056/1299
deg_analysis_31124716_2.out:    Running contrast 1061/1299
deg_analysis_31124716_2.out:    Running contrast 1066/1299
deg_analysis_31124716_2.out:    Running contrast 1071/1299
deg_analysis_31124716_2.out:    Running contrast 1076/1299
deg_analysis_31124716_2.out:    Running contrast 1081/1299
deg_analysis_31124716_2.out:    Running contrast 1086/1299
deg_analysis_31124716_2.out:    Running contrast 1091/1299
deg_analysis_31124716_2.out:    Running contrast 1096/1299
deg_analysis_31124716_2.out:    Running contrast 1101/1299
deg_analysis_31124716_2.out:    Running contrast 1106/1299
deg_analysis_31124716_2.out:    Running contrast 1111/1299
deg_analysis_31124716_2.out:    Running contrast 1116/1299
deg_analysis_31124716_2.out:    Running contrast 1121/1299
deg_analysis_31124716_2.out:    Running contrast 1126/1299
deg_analysis_31124716_2.out:    Running contrast 1131/1299
deg_analysis_31124716_2.out:    Running contrast 1136/1299
deg_analysis_31124716_2.out:    Running contrast 1141/1299
deg_analysis_31124716_2.out:    Running contrast 1146/1299
deg_analysis_31124716_2.out:    Running contrast 1151/1299
deg_analysis_31124716_2.out:    Running contrast 1156/1299
deg_analysis_31124716_2.out:    Running contrast 1161/1299
deg_analysis_31124716_2.out:    Running contrast 1166/1299
deg_analysis_31124716_2.out:    Running contrast 1171/1299
deg_analysis_31124716_2.out:    Running contrast 1176/1299
deg_analysis_31124716_2.out:    Running contrast 1181/1299
deg_analysis_31124716_2.out:    Running contrast 1186/1299
deg_analysis_31124716_2.out:    Running contrast 1191/1299
deg_analysis_31124716_2.out:    Running contrast 1196/1299
deg_analysis_31124716_2.out:    Running contrast 1201/1299
deg_analysis_31124716_2.out:    Running contrast 1206/1299
deg_analysis_31124716_2.out:    Running contrast 1211/1299
deg_analysis_31124716_2.out:    Running contrast 1216/1299
deg_analysis_31124716_2.out:    Running contrast 1221/1299
deg_analysis_31124716_2.out:    Running contrast 1226/1299
deg_analysis_31124716_2.out:    Running contrast 1231/1299
deg_analysis_31124716_2.out:    Running contrast 1236/1299
deg_analysis_31124716_2.out:    Running contrast 1241/1299
deg_analysis_31124716_2.out:    Running contrast 1246/1299
deg_analysis_31124716_2.out:    Running contrast 1251/1299
deg_analysis_31124716_2.out:    Running contrast 1256/1299
deg_analysis_31124716_2.out:    Running contrast 1261/1299
deg_analysis_31124716_2.out:    Running contrast 1266/1299
deg_analysis_31124716_2.out:    Running contrast 1271/1299
deg_analysis_31124716_2.out:    Running contrast 1276/1299
deg_analysis_31124716_2.out:    Running contrast 1281/1299
deg_analysis_31124716_2.out:    Running contrast 1286/1299
deg_analysis_31124716_2.out:    Running contrast 1291/1299
deg_analysis_31124716_2.out:    Running contrast 1296/1299
deg_analysis_31124716_2.out:    Running contrast 1299/1299
deg_analysis_31124716_2.out:
deg_analysis_31124716_2.out:    Writing:  ./data/tahoe/deg_data/sep_rep/full/qc_false/filter_min_cells_50/CVCL_0069_de.h5ad 
deg_analysis_31124716_2.out:
deg_analysis_31124716_2.out:    Rewriting h5ad file: ./data/tahoe/deg_data/sep_rep/full/qc_false/filter_min_cells_50/CVCL_0069_de.h5ad 
deg_analysis_31124716_2.out:    Removed X matrix
deg_analysis_31124716_2.out:    Rewriting h5ad file is done!
deg_analysis_31124716_2.out:✓ Cell line completed in 10970.2 seconds
deg_analysis_31124716_2.out:
deg_analysis_31124716_2.out:DE analysis completed!
deg_analysis_31124716_2.out:
deg_analysis_31124716_2.out:Total runtime: 10989.3 seconds
deg_analysis_31124716_3.out:
deg_analysis_31124716_3.out:DE analysis started...
deg_analysis_31124716_3.out:Loaded input file:  ./data/tahoe/pseudobulk_processed/sep_rep/by_celltype/CVCL_0099_processed.h5ad 
deg_analysis_31124716_3.out:Initial dimensions:  1340  samples ×  62710  genes
deg_analysis_31124716_3.out:Filter samples with the low number of cells
deg_analysis_31124716_3.out:    Filter threshold (min_cells):  50 
deg_analysis_31124716_3.out:    n_obs:  1340 -->  1327 
deg_analysis_31124716_3.out:
deg_analysis_31124716_3.out:▶︎ Processing cell_type  1 / 1 :  CVCL_0099 
deg_analysis_31124716_3.out:    Filter controls by  pert_time_h  column
deg_analysis_31124716_3.out:        n_obs:  1327 -->  1327 
deg_analysis_31124716_3.out:
deg_analysis_31124716_3.out:    Running contrast 1/1299
deg_analysis_31124716_3.out:    Running contrast 6/1299
deg_analysis_31124716_3.out:    Running contrast 11/1299
deg_analysis_31124716_3.out:    Running contrast 16/1299
deg_analysis_31124716_3.out:    Running contrast 21/1299
deg_analysis_31124716_3.out:    Running contrast 26/1299
deg_analysis_31124716_3.out:    Running contrast 31/1299
deg_analysis_31124716_3.out:    Running contrast 36/1299
deg_analysis_31124716_3.out:    Running contrast 41/1299
deg_analysis_31124716_3.out:    Running contrast 46/1299
deg_analysis_31124716_3.out:    Running contrast 51/1299
deg_analysis_31124716_3.out:    Running contrast 56/1299
deg_analysis_31124716_3.out:    Running contrast 61/1299
deg_analysis_31124716_3.out:    Running contrast 66/1299
deg_analysis_31124716_3.out:    Running contrast 71/1299
deg_analysis_31124716_3.out:    Running contrast 76/1299
deg_analysis_31124716_3.out:    Running contrast 81/1299
deg_analysis_31124716_3.out:    Running contrast 86/1299
deg_analysis_31124716_3.out:    Running contrast 91/1299
deg_analysis_31124716_3.out:    Running contrast 96/1299
deg_analysis_31124716_3.out:    Running contrast 101/1299
deg_analysis_31124716_3.out:    Running contrast 106/1299
deg_analysis_31124716_3.out:    Running contrast 111/1299
deg_analysis_31124716_3.out:    Running contrast 116/1299
deg_analysis_31124716_3.out:    Running contrast 121/1299
deg_analysis_31124716_3.out:    Running contrast 126/1299
deg_analysis_31124716_3.out:    Running contrast 131/1299
deg_analysis_31124716_3.out:    Running contrast 136/1299
deg_analysis_31124716_3.out:    Running contrast 141/1299
deg_analysis_31124716_3.out:    Running contrast 146/1299
deg_analysis_31124716_3.out:    Running contrast 151/1299
deg_analysis_31124716_3.out:    Running contrast 156/1299
deg_analysis_31124716_3.out:    Running contrast 161/1299
deg_analysis_31124716_3.out:    Running contrast 166/1299
deg_analysis_31124716_3.out:    Running contrast 171/1299
deg_analysis_31124716_3.out:    Running contrast 176/1299
deg_analysis_31124716_3.out:    Running contrast 181/1299
deg_analysis_31124716_3.out:    Running contrast 186/1299
deg_analysis_31124716_3.out:    Running contrast 191/1299
deg_analysis_31124716_3.out:    Running contrast 196/1299
deg_analysis_31124716_3.out:    Running contrast 201/1299
deg_analysis_31124716_3.out:    Running contrast 206/1299
deg_analysis_31124716_3.out:    Running contrast 211/1299
deg_analysis_31124716_3.out:    Running contrast 216/1299
deg_analysis_31124716_3.out:    Running contrast 221/1299
deg_analysis_31124716_3.out:    Running contrast 226/1299
deg_analysis_31124716_3.out:    Running contrast 231/1299
deg_analysis_31124716_3.out:    Running contrast 236/1299
deg_analysis_31124716_3.out:    Running contrast 241/1299
deg_analysis_31124716_3.out:    Running contrast 246/1299
deg_analysis_31124716_3.out:    Running contrast 251/1299
deg_analysis_31124716_3.out:    Running contrast 256/1299
deg_analysis_31124716_3.out:    Running contrast 261/1299
deg_analysis_31124716_3.out:    Running contrast 266/1299
deg_analysis_31124716_3.out:    Running contrast 271/1299
deg_analysis_31124716_3.out:    Running contrast 276/1299
deg_analysis_31124716_3.out:    Running contrast 281/1299
deg_analysis_31124716_3.out:    Running contrast 286/1299
deg_analysis_31124716_3.out:    Running contrast 291/1299
deg_analysis_31124716_3.out:    Running contrast 296/1299
deg_analysis_31124716_3.out:    Running contrast 301/1299
deg_analysis_31124716_3.out:    Running contrast 306/1299
deg_analysis_31124716_3.out:    Running contrast 311/1299
deg_analysis_31124716_3.out:    Running contrast 316/1299
deg_analysis_31124716_3.out:    Running contrast 321/1299
deg_analysis_31124716_3.out:    Running contrast 326/1299
deg_analysis_31124716_3.out:    Running contrast 331/1299
deg_analysis_31124716_3.out:    Running contrast 336/1299
deg_analysis_31124716_3.out:    Running contrast 341/1299
deg_analysis_31124716_3.out:    Running contrast 346/1299
deg_analysis_31124716_3.out:    Running contrast 351/1299
deg_analysis_31124716_3.out:    Running contrast 356/1299
deg_analysis_31124716_3.out:    Running contrast 361/1299
deg_analysis_31124716_3.out:    Running contrast 366/1299
deg_analysis_31124716_3.out:    Running contrast 371/1299
deg_analysis_31124716_3.out:    Running contrast 376/1299
deg_analysis_31124716_3.out:    Running contrast 381/1299
deg_analysis_31124716_3.out:    Running contrast 386/1299
deg_analysis_31124716_3.out:    Running contrast 391/1299
deg_analysis_31124716_3.out:    Running contrast 396/1299
deg_analysis_31124716_3.out:    Running contrast 401/1299
deg_analysis_31124716_3.out:    Running contrast 406/1299
deg_analysis_31124716_3.out:    Running contrast 411/1299
deg_analysis_31124716_3.out:    Running contrast 416/1299
deg_analysis_31124716_3.out:    Running contrast 421/1299
deg_analysis_31124716_3.out:    Running contrast 426/1299
deg_analysis_31124716_3.out:    Running contrast 431/1299
deg_analysis_31124716_3.out:    Running contrast 436/1299
deg_analysis_31124716_3.out:    Running contrast 441/1299
deg_analysis_31124716_3.out:    Running contrast 446/1299
deg_analysis_31124716_3.out:    Running contrast 451/1299
deg_analysis_31124716_3.out:    Running contrast 456/1299
deg_analysis_31124716_3.out:    Running contrast 461/1299
deg_analysis_31124716_3.out:    Running contrast 466/1299
deg_analysis_31124716_3.out:    Running contrast 471/1299
deg_analysis_31124716_3.out:    Running contrast 476/1299
deg_analysis_31124716_3.out:    Running contrast 481/1299
deg_analysis_31124716_3.out:    Running contrast 486/1299
deg_analysis_31124716_3.out:    Running contrast 491/1299
deg_analysis_31124716_3.out:    Running contrast 496/1299
deg_analysis_31124716_3.out:    Running contrast 501/1299
deg_analysis_31124716_3.out:    Running contrast 506/1299
deg_analysis_31124716_3.out:    Running contrast 511/1299
deg_analysis_31124716_3.out:    Running contrast 516/1299
deg_analysis_31124716_3.out:    Running contrast 521/1299
deg_analysis_31124716_3.out:    Running contrast 526/1299
deg_analysis_31124716_3.out:    Running contrast 531/1299
deg_analysis_31124716_3.out:    Running contrast 536/1299
deg_analysis_31124716_3.out:    Running contrast 541/1299
deg_analysis_31124716_3.out:    Running contrast 546/1299
deg_analysis_31124716_3.out:    Running contrast 551/1299
deg_analysis_31124716_3.out:    Running contrast 556/1299
deg_analysis_31124716_3.out:    Running contrast 561/1299
deg_analysis_31124716_3.out:    Running contrast 566/1299
deg_analysis_31124716_3.out:    Running contrast 571/1299
deg_analysis_31124716_3.out:    Running contrast 576/1299
deg_analysis_31124716_3.out:    Running contrast 581/1299
deg_analysis_31124716_3.out:    Running contrast 586/1299
deg_analysis_31124716_3.out:    Running contrast 591/1299
deg_analysis_31124716_3.out:    Running contrast 596/1299
deg_analysis_31124716_3.out:    Running contrast 601/1299
deg_analysis_31124716_3.out:    Running contrast 606/1299
deg_analysis_31124716_3.out:    Running contrast 611/1299
deg_analysis_31124716_3.out:    Running contrast 616/1299
deg_analysis_31124716_3.out:    Running contrast 621/1299
deg_analysis_31124716_3.out:    Running contrast 626/1299
deg_analysis_31124716_3.out:    Running contrast 631/1299
deg_analysis_31124716_3.out:    Running contrast 636/1299
deg_analysis_31124716_3.out:    Running contrast 641/1299
deg_analysis_31124716_3.out:    Running contrast 646/1299
deg_analysis_31124716_3.out:    Running contrast 651/1299
deg_analysis_31124716_3.out:    Running contrast 656/1299
deg_analysis_31124716_3.out:    Running contrast 661/1299
deg_analysis_31124716_3.out:    Running contrast 666/1299
deg_analysis_31124716_3.out:    Running contrast 671/1299
deg_analysis_31124716_3.out:    Running contrast 676/1299
deg_analysis_31124716_3.out:    Running contrast 681/1299
deg_analysis_31124716_3.out:    Running contrast 686/1299
deg_analysis_31124716_3.out:    Running contrast 691/1299
deg_analysis_31124716_3.out:    Running contrast 696/1299
deg_analysis_31124716_3.out:    Running contrast 701/1299
deg_analysis_31124716_3.out:    Running contrast 706/1299
deg_analysis_31124716_3.out:    Running contrast 711/1299
deg_analysis_31124716_3.out:    Running contrast 716/1299
deg_analysis_31124716_3.out:    Running contrast 721/1299
deg_analysis_31124716_3.out:    Running contrast 726/1299
deg_analysis_31124716_3.out:    Running contrast 731/1299
deg_analysis_31124716_3.out:    Running contrast 736/1299
deg_analysis_31124716_3.out:    Running contrast 741/1299
deg_analysis_31124716_3.out:    Running contrast 746/1299
deg_analysis_31124716_3.out:    Running contrast 751/1299
deg_analysis_31124716_3.out:    Running contrast 756/1299
deg_analysis_31124716_3.out:    Running contrast 761/1299
deg_analysis_31124716_3.out:    Running contrast 766/1299
deg_analysis_31124716_3.out:    Running contrast 771/1299
deg_analysis_31124716_3.out:    Running contrast 776/1299
deg_analysis_31124716_3.out:    Running contrast 781/1299
deg_analysis_31124716_3.out:    Running contrast 786/1299
deg_analysis_31124716_3.out:    Running contrast 791/1299
deg_analysis_31124716_3.out:    Running contrast 796/1299
deg_analysis_31124716_3.out:    Running contrast 801/1299
deg_analysis_31124716_3.out:    Running contrast 806/1299
deg_analysis_31124716_3.out:    Running contrast 811/1299
deg_analysis_31124716_3.out:    Running contrast 816/1299
deg_analysis_31124716_3.out:    Running contrast 821/1299
deg_analysis_31124716_3.out:    Running contrast 826/1299
deg_analysis_31124716_3.out:    Running contrast 831/1299
deg_analysis_31124716_3.out:    Running contrast 836/1299
deg_analysis_31124716_3.out:    Running contrast 841/1299
deg_analysis_31124716_3.out:    Running contrast 846/1299
deg_analysis_31124716_3.out:    Running contrast 851/1299
deg_analysis_31124716_3.out:    Running contrast 856/1299
deg_analysis_31124716_3.out:    Running contrast 861/1299
deg_analysis_31124716_3.out:    Running contrast 866/1299
deg_analysis_31124716_3.out:    Running contrast 871/1299
deg_analysis_31124716_3.out:    Running contrast 876/1299
deg_analysis_31124716_3.out:    Running contrast 881/1299
deg_analysis_31124716_3.out:    Running contrast 886/1299
deg_analysis_31124716_3.out:    Running contrast 891/1299
deg_analysis_31124716_3.out:    Running contrast 896/1299
deg_analysis_31124716_3.out:    Running contrast 901/1299
deg_analysis_31124716_3.out:    Running contrast 906/1299
deg_analysis_31124716_3.out:    Running contrast 911/1299
deg_analysis_31124716_3.out:    Running contrast 916/1299
deg_analysis_31124716_3.out:    Running contrast 921/1299
deg_analysis_31124716_3.out:    Running contrast 926/1299
deg_analysis_31124716_3.out:    Running contrast 931/1299
deg_analysis_31124716_3.out:    Running contrast 936/1299
deg_analysis_31124716_3.out:    Running contrast 941/1299
deg_analysis_31124716_3.out:    Running contrast 946/1299
deg_analysis_31124716_3.out:    Running contrast 951/1299
deg_analysis_31124716_3.out:    Running contrast 956/1299
deg_analysis_31124716_3.out:    Running contrast 961/1299
deg_analysis_31124716_3.out:    Running contrast 966/1299
deg_analysis_31124716_3.out:    Running contrast 971/1299
deg_analysis_31124716_3.out:    Running contrast 976/1299
deg_analysis_31124716_3.out:    Running contrast 981/1299
deg_analysis_31124716_3.out:    Running contrast 986/1299
deg_analysis_31124716_3.out:    Running contrast 991/1299
deg_analysis_31124716_3.out:    Running contrast 996/1299
deg_analysis_31124716_3.out:    Running contrast 1001/1299
deg_analysis_31124716_3.out:    Running contrast 1006/1299
deg_analysis_31124716_3.out:    Running contrast 1011/1299
deg_analysis_31124716_3.out:    Running contrast 1016/1299
deg_analysis_31124716_3.out:    Running contrast 1021/1299
deg_analysis_31124716_3.out:    Running contrast 1026/1299
deg_analysis_31124716_3.out:    Running contrast 1031/1299
deg_analysis_31124716_3.out:    Running contrast 1036/1299
deg_analysis_31124716_3.out:    Running contrast 1041/1299
deg_analysis_31124716_3.out:    Running contrast 1046/1299
deg_analysis_31124716_3.out:    Running contrast 1051/1299
deg_analysis_31124716_3.out:    Running contrast 1056/1299
deg_analysis_31124716_3.out:    Running contrast 1061/1299
deg_analysis_31124716_3.out:    Running contrast 1066/1299
deg_analysis_31124716_3.out:    Running contrast 1071/1299
deg_analysis_31124716_3.out:    Running contrast 1076/1299
deg_analysis_31124716_3.out:    Running contrast 1081/1299
deg_analysis_31124716_3.out:    Running contrast 1086/1299
deg_analysis_31124716_3.out:    Running contrast 1091/1299
deg_analysis_31124716_3.out:    Running contrast 1096/1299
deg_analysis_31124716_3.out:    Running contrast 1101/1299
deg_analysis_31124716_3.out:    Running contrast 1106/1299
deg_analysis_31124716_3.out:    Running contrast 1111/1299
deg_analysis_31124716_3.out:    Running contrast 1116/1299
deg_analysis_31124716_3.out:    Running contrast 1121/1299
deg_analysis_31124716_3.out:    Running contrast 1126/1299
deg_analysis_31124716_3.out:    Running contrast 1131/1299
deg_analysis_31124716_3.out:    Running contrast 1136/1299
deg_analysis_31124716_3.out:    Running contrast 1141/1299
deg_analysis_31124716_3.out:    Running contrast 1146/1299
deg_analysis_31124716_3.out:    Running contrast 1151/1299
deg_analysis_31124716_3.out:    Running contrast 1156/1299
deg_analysis_31124716_3.out:    Running contrast 1161/1299
deg_analysis_31124716_3.out:    Running contrast 1166/1299
deg_analysis_31124716_3.out:    Running contrast 1171/1299
deg_analysis_31124716_3.out:    Running contrast 1176/1299
deg_analysis_31124716_3.out:    Running contrast 1181/1299
deg_analysis_31124716_3.out:    Running contrast 1186/1299
deg_analysis_31124716_3.out:    Running contrast 1191/1299
deg_analysis_31124716_3.out:    Running contrast 1196/1299
deg_analysis_31124716_3.out:    Running contrast 1201/1299
deg_analysis_31124716_3.out:    Running contrast 1206/1299
deg_analysis_31124716_3.out:    Running contrast 1211/1299
deg_analysis_31124716_3.out:    Running contrast 1216/1299
deg_analysis_31124716_3.out:    Running contrast 1221/1299
deg_analysis_31124716_3.out:    Running contrast 1226/1299
deg_analysis_31124716_3.out:    Running contrast 1231/1299
deg_analysis_31124716_3.out:    Running contrast 1236/1299
deg_analysis_31124716_3.out:    Running contrast 1241/1299
deg_analysis_31124716_3.out:    Running contrast 1246/1299
deg_analysis_31124716_3.out:    Running contrast 1251/1299
deg_analysis_31124716_3.out:    Running contrast 1256/1299
deg_analysis_31124716_3.out:    Running contrast 1261/1299
deg_analysis_31124716_3.out:    Running contrast 1266/1299
deg_analysis_31124716_3.out:    Running contrast 1271/1299
deg_analysis_31124716_3.out:    Running contrast 1276/1299
deg_analysis_31124716_3.out:    Running contrast 1281/1299
deg_analysis_31124716_3.out:    Running contrast 1286/1299
deg_analysis_31124716_3.out:    Running contrast 1291/1299
deg_analysis_31124716_3.out:    Running contrast 1296/1299
deg_analysis_31124716_3.out:    Running contrast 1299/1299
deg_analysis_31124716_3.out:
deg_analysis_31124716_3.out:    Writing:  ./data/tahoe/deg_data/sep_rep/full/qc_false/filter_min_cells_50/CVCL_0099_de.h5ad 
deg_analysis_31124716_3.out:
deg_analysis_31124716_3.out:    Rewriting h5ad file: ./data/tahoe/deg_data/sep_rep/full/qc_false/filter_min_cells_50/CVCL_0099_de.h5ad 
deg_analysis_31124716_3.out:    Removed X matrix
deg_analysis_31124716_3.out:    Rewriting h5ad file is done!
deg_analysis_31124716_3.out:✓ Cell line completed in 8903.4 seconds
deg_analysis_31124716_3.out:
deg_analysis_31124716_3.out:DE analysis completed!
deg_analysis_31124716_3.out:
deg_analysis_31124716_3.out:Total runtime: 8921.8 seconds
deg_analysis_31124716_4.out:
deg_analysis_31124716_4.out:DE analysis started...
deg_analysis_31124716_4.out:Loaded input file:  ./data/tahoe/pseudobulk_processed/sep_rep/by_celltype/CVCL_0131_processed.h5ad 
deg_analysis_31124716_4.out:Initial dimensions:  1338  samples ×  62710  genes
deg_analysis_31124716_4.out:Filter samples with the low number of cells
deg_analysis_31124716_4.out:    Filter threshold (min_cells):  50 
deg_analysis_31124716_4.out:    n_obs:  1338 -->  1329 
deg_analysis_31124716_4.out:
deg_analysis_31124716_4.out:▶︎ Processing cell_type  1 / 1 :  CVCL_0131 
deg_analysis_31124716_4.out:    Filter controls by  pert_time_h  column
deg_analysis_31124716_4.out:        n_obs:  1329 -->  1329 
deg_analysis_31124716_4.out:
deg_analysis_31124716_4.out:    Running contrast 1/1301
deg_analysis_31124716_4.out:    Running contrast 6/1301
deg_analysis_31124716_4.out:    Running contrast 11/1301
deg_analysis_31124716_4.out:    Running contrast 16/1301
deg_analysis_31124716_4.out:    Running contrast 21/1301
deg_analysis_31124716_4.out:    Running contrast 26/1301
deg_analysis_31124716_4.out:    Running contrast 31/1301
deg_analysis_31124716_4.out:    Running contrast 36/1301
deg_analysis_31124716_4.out:    Running contrast 41/1301
deg_analysis_31124716_4.out:    Running contrast 46/1301
deg_analysis_31124716_4.out:    Running contrast 51/1301
deg_analysis_31124716_4.out:    Running contrast 56/1301
deg_analysis_31124716_4.out:    Running contrast 61/1301
deg_analysis_31124716_4.out:    Running contrast 66/1301
deg_analysis_31124716_4.out:    Running contrast 71/1301
deg_analysis_31124716_4.out:    Running contrast 76/1301
deg_analysis_31124716_4.out:    Running contrast 81/1301
deg_analysis_31124716_4.out:    Running contrast 86/1301
deg_analysis_31124716_4.out:    Running contrast 91/1301
deg_analysis_31124716_4.out:    Running contrast 96/1301
deg_analysis_31124716_4.out:    Running contrast 101/1301
deg_analysis_31124716_4.out:    Running contrast 106/1301
deg_analysis_31124716_4.out:    Running contrast 111/1301
deg_analysis_31124716_4.out:    Running contrast 116/1301
deg_analysis_31124716_4.out:    Running contrast 121/1301
deg_analysis_31124716_4.out:    Running contrast 126/1301
deg_analysis_31124716_4.out:    Running contrast 131/1301
deg_analysis_31124716_4.out:    Running contrast 136/1301
deg_analysis_31124716_4.out:    Running contrast 141/1301
deg_analysis_31124716_4.out:    Running contrast 146/1301
deg_analysis_31124716_4.out:    Running contrast 151/1301
deg_analysis_31124716_4.out:    Running contrast 156/1301
deg_analysis_31124716_4.out:    Running contrast 161/1301
deg_analysis_31124716_4.out:    Running contrast 166/1301
deg_analysis_31124716_4.out:    Running contrast 171/1301
deg_analysis_31124716_4.out:    Running contrast 176/1301
deg_analysis_31124716_4.out:    Running contrast 181/1301
deg_analysis_31124716_4.out:    Running contrast 186/1301
deg_analysis_31124716_4.out:    Running contrast 191/1301
deg_analysis_31124716_4.out:    Running contrast 196/1301
deg_analysis_31124716_4.out:    Running contrast 201/1301
deg_analysis_31124716_4.out:    Running contrast 206/1301
deg_analysis_31124716_4.out:    Running contrast 211/1301
deg_analysis_31124716_4.out:    Running contrast 216/1301
deg_analysis_31124716_4.out:    Running contrast 221/1301
deg_analysis_31124716_4.out:    Running contrast 226/1301
deg_analysis_31124716_4.out:    Running contrast 231/1301
deg_analysis_31124716_4.out:    Running contrast 236/1301
deg_analysis_31124716_4.out:    Running contrast 241/1301
deg_analysis_31124716_4.out:    Running contrast 246/1301
deg_analysis_31124716_4.out:    Running contrast 251/1301
deg_analysis_31124716_4.out:    Running contrast 256/1301
deg_analysis_31124716_4.out:    Running contrast 261/1301
deg_analysis_31124716_4.out:    Running contrast 266/1301
deg_analysis_31124716_4.out:    Running contrast 271/1301
deg_analysis_31124716_4.out:    Running contrast 276/1301
deg_analysis_31124716_4.out:    Running contrast 281/1301
deg_analysis_31124716_4.out:    Running contrast 286/1301
deg_analysis_31124716_4.out:    Running contrast 291/1301
deg_analysis_31124716_4.out:    Running contrast 296/1301
deg_analysis_31124716_4.out:    Running contrast 301/1301
deg_analysis_31124716_4.out:    Running contrast 306/1301
deg_analysis_31124716_4.out:    Running contrast 311/1301
deg_analysis_31124716_4.out:    Running contrast 316/1301
deg_analysis_31124716_4.out:    Running contrast 321/1301
deg_analysis_31124716_4.out:    Running contrast 326/1301
deg_analysis_31124716_4.out:    Running contrast 331/1301
deg_analysis_31124716_4.out:    Running contrast 336/1301
deg_analysis_31124716_4.out:    Running contrast 341/1301
deg_analysis_31124716_4.out:    Running contrast 346/1301
deg_analysis_31124716_4.out:    Running contrast 351/1301
deg_analysis_31124716_4.out:    Running contrast 356/1301
deg_analysis_31124716_4.out:    Running contrast 361/1301
deg_analysis_31124716_4.out:    Running contrast 366/1301
deg_analysis_31124716_4.out:    Running contrast 371/1301
deg_analysis_31124716_4.out:    Running contrast 376/1301
deg_analysis_31124716_4.out:    Running contrast 381/1301
deg_analysis_31124716_4.out:    Running contrast 386/1301
deg_analysis_31124716_4.out:    Running contrast 391/1301
deg_analysis_31124716_4.out:    Running contrast 396/1301
deg_analysis_31124716_4.out:    Running contrast 401/1301
deg_analysis_31124716_4.out:    Running contrast 406/1301
deg_analysis_31124716_4.out:    Running contrast 411/1301
deg_analysis_31124716_4.out:    Running contrast 416/1301
deg_analysis_31124716_4.out:    Running contrast 421/1301
deg_analysis_31124716_4.out:    Running contrast 426/1301
deg_analysis_31124716_4.out:    Running contrast 431/1301
deg_analysis_31124716_4.out:    Running contrast 436/1301
deg_analysis_31124716_4.out:    Running contrast 441/1301
deg_analysis_31124716_4.out:    Running contrast 446/1301
deg_analysis_31124716_4.out:    Running contrast 451/1301
deg_analysis_31124716_4.out:    Running contrast 456/1301
deg_analysis_31124716_4.out:    Running contrast 461/1301
deg_analysis_31124716_4.out:    Running contrast 466/1301
deg_analysis_31124716_4.out:    Running contrast 471/1301
deg_analysis_31124716_4.out:    Running contrast 476/1301
deg_analysis_31124716_4.out:    Running contrast 481/1301
deg_analysis_31124716_4.out:    Running contrast 486/1301
deg_analysis_31124716_4.out:    Running contrast 491/1301
deg_analysis_31124716_4.out:    Running contrast 496/1301
deg_analysis_31124716_4.out:    Running contrast 501/1301
deg_analysis_31124716_4.out:    Running contrast 506/1301
deg_analysis_31124716_4.out:    Running contrast 511/1301
deg_analysis_31124716_4.out:    Running contrast 516/1301
deg_analysis_31124716_4.out:    Running contrast 521/1301
deg_analysis_31124716_4.out:    Running contrast 526/1301
deg_analysis_31124716_4.out:    Running contrast 531/1301
deg_analysis_31124716_4.out:    Running contrast 536/1301
deg_analysis_31124716_4.out:    Running contrast 541/1301
deg_analysis_31124716_4.out:    Running contrast 546/1301
deg_analysis_31124716_4.out:    Running contrast 551/1301
deg_analysis_31124716_4.out:    Running contrast 556/1301
deg_analysis_31124716_4.out:    Running contrast 561/1301
deg_analysis_31124716_4.out:    Running contrast 566/1301
deg_analysis_31124716_4.out:    Running contrast 571/1301
deg_analysis_31124716_4.out:    Running contrast 576/1301
deg_analysis_31124716_4.out:    Running contrast 581/1301
deg_analysis_31124716_4.out:    Running contrast 586/1301
deg_analysis_31124716_4.out:    Running contrast 591/1301
deg_analysis_31124716_4.out:    Running contrast 596/1301
deg_analysis_31124716_4.out:    Running contrast 601/1301
deg_analysis_31124716_4.out:    Running contrast 606/1301
deg_analysis_31124716_4.out:    Running contrast 611/1301
deg_analysis_31124716_4.out:    Running contrast 616/1301
deg_analysis_31124716_4.out:    Running contrast 621/1301
deg_analysis_31124716_4.out:    Running contrast 626/1301
deg_analysis_31124716_4.out:    Running contrast 631/1301
deg_analysis_31124716_4.out:    Running contrast 636/1301
deg_analysis_31124716_4.out:    Running contrast 641/1301
deg_analysis_31124716_4.out:    Running contrast 646/1301
deg_analysis_31124716_4.out:    Running contrast 651/1301
deg_analysis_31124716_4.out:    Running contrast 656/1301
deg_analysis_31124716_4.out:    Running contrast 661/1301
deg_analysis_31124716_4.out:    Running contrast 666/1301
deg_analysis_31124716_4.out:    Running contrast 671/1301
deg_analysis_31124716_4.out:    Running contrast 676/1301
deg_analysis_31124716_4.out:    Running contrast 681/1301
deg_analysis_31124716_4.out:    Running contrast 686/1301
deg_analysis_31124716_4.out:    Running contrast 691/1301
deg_analysis_31124716_4.out:    Running contrast 696/1301
deg_analysis_31124716_4.out:    Running contrast 701/1301
deg_analysis_31124716_4.out:    Running contrast 706/1301
deg_analysis_31124716_4.out:    Running contrast 711/1301
deg_analysis_31124716_4.out:    Running contrast 716/1301
deg_analysis_31124716_4.out:    Running contrast 721/1301
deg_analysis_31124716_4.out:    Running contrast 726/1301
deg_analysis_31124716_4.out:    Running contrast 731/1301
deg_analysis_31124716_4.out:    Running contrast 736/1301
deg_analysis_31124716_4.out:    Running contrast 741/1301
deg_analysis_31124716_4.out:    Running contrast 746/1301
deg_analysis_31124716_4.out:    Running contrast 751/1301
deg_analysis_31124716_4.out:    Running contrast 756/1301
deg_analysis_31124716_4.out:    Running contrast 761/1301
deg_analysis_31124716_4.out:    Running contrast 766/1301
deg_analysis_31124716_4.out:    Running contrast 771/1301
deg_analysis_31124716_4.out:    Running contrast 776/1301
deg_analysis_31124716_4.out:    Running contrast 781/1301
deg_analysis_31124716_4.out:    Running contrast 786/1301
deg_analysis_31124716_4.out:    Running contrast 791/1301
deg_analysis_31124716_4.out:    Running contrast 796/1301
deg_analysis_31124716_4.out:    Running contrast 801/1301
deg_analysis_31124716_4.out:    Running contrast 806/1301
deg_analysis_31124716_4.out:    Running contrast 811/1301
deg_analysis_31124716_4.out:    Running contrast 816/1301
deg_analysis_31124716_4.out:    Running contrast 821/1301
deg_analysis_31124716_4.out:    Running contrast 826/1301
deg_analysis_31124716_4.out:    Running contrast 831/1301
deg_analysis_31124716_4.out:    Running contrast 836/1301
deg_analysis_31124716_4.out:    Running contrast 841/1301
deg_analysis_31124716_4.out:    Running contrast 846/1301
deg_analysis_31124716_4.out:    Running contrast 851/1301
deg_analysis_31124716_4.out:    Running contrast 856/1301
deg_analysis_31124716_4.out:    Running contrast 861/1301
deg_analysis_31124716_4.out:    Running contrast 866/1301
deg_analysis_31124716_4.out:    Running contrast 871/1301
deg_analysis_31124716_4.out:    Running contrast 876/1301
deg_analysis_31124716_4.out:    Running contrast 881/1301
deg_analysis_31124716_4.out:    Running contrast 886/1301
deg_analysis_31124716_4.out:    Running contrast 891/1301
deg_analysis_31124716_4.out:    Running contrast 896/1301
deg_analysis_31124716_4.out:    Running contrast 901/1301
deg_analysis_31124716_4.out:    Running contrast 906/1301
deg_analysis_31124716_4.out:    Running contrast 911/1301
deg_analysis_31124716_4.out:    Running contrast 916/1301
deg_analysis_31124716_4.out:    Running contrast 921/1301
deg_analysis_31124716_4.out:    Running contrast 926/1301
deg_analysis_31124716_4.out:    Running contrast 931/1301
deg_analysis_31124716_4.out:    Running contrast 936/1301
deg_analysis_31124716_4.out:    Running contrast 941/1301
deg_analysis_31124716_4.out:    Running contrast 946/1301
deg_analysis_31124716_4.out:    Running contrast 951/1301
deg_analysis_31124716_4.out:    Running contrast 956/1301
deg_analysis_31124716_4.out:    Running contrast 961/1301
deg_analysis_31124716_4.out:    Running contrast 966/1301
deg_analysis_31124716_4.out:    Running contrast 971/1301
deg_analysis_31124716_4.out:    Running contrast 976/1301
deg_analysis_31124716_4.out:    Running contrast 981/1301
deg_analysis_31124716_4.out:    Running contrast 986/1301
deg_analysis_31124716_4.out:    Running contrast 991/1301
deg_analysis_31124716_4.out:    Running contrast 996/1301
deg_analysis_31124716_4.out:    Running contrast 1001/1301
deg_analysis_31124716_4.out:    Running contrast 1006/1301
deg_analysis_31124716_4.out:    Running contrast 1011/1301
deg_analysis_31124716_4.out:    Running contrast 1016/1301
deg_analysis_31124716_4.out:    Running contrast 1021/1301
deg_analysis_31124716_4.out:    Running contrast 1026/1301
deg_analysis_31124716_4.out:    Running contrast 1031/1301
deg_analysis_31124716_4.out:    Running contrast 1036/1301
deg_analysis_31124716_4.out:    Running contrast 1041/1301
deg_analysis_31124716_4.out:    Running contrast 1046/1301
deg_analysis_31124716_4.out:    Running contrast 1051/1301
deg_analysis_31124716_4.out:    Running contrast 1056/1301
deg_analysis_31124716_4.out:    Running contrast 1061/1301
deg_analysis_31124716_4.out:    Running contrast 1066/1301
deg_analysis_31124716_4.out:    Running contrast 1071/1301
deg_analysis_31124716_4.out:    Running contrast 1076/1301
deg_analysis_31124716_4.out:    Running contrast 1081/1301
deg_analysis_31124716_4.out:    Running contrast 1086/1301
deg_analysis_31124716_4.out:    Running contrast 1091/1301
deg_analysis_31124716_4.out:    Running contrast 1096/1301
deg_analysis_31124716_4.out:    Running contrast 1101/1301
deg_analysis_31124716_4.out:    Running contrast 1106/1301
deg_analysis_31124716_4.out:    Running contrast 1111/1301
deg_analysis_31124716_4.out:    Running contrast 1116/1301
deg_analysis_31124716_4.out:    Running contrast 1121/1301
deg_analysis_31124716_4.out:    Running contrast 1126/1301
deg_analysis_31124716_4.out:    Running contrast 1131/1301
deg_analysis_31124716_4.out:    Running contrast 1136/1301
deg_analysis_31124716_4.out:    Running contrast 1141/1301
deg_analysis_31124716_4.out:    Running contrast 1146/1301
deg_analysis_31124716_4.out:    Running contrast 1151/1301
deg_analysis_31124716_4.out:    Running contrast 1156/1301
deg_analysis_31124716_4.out:    Running contrast 1161/1301
deg_analysis_31124716_4.out:    Running contrast 1166/1301
deg_analysis_31124716_4.out:    Running contrast 1171/1301
deg_analysis_31124716_4.out:    Running contrast 1176/1301
deg_analysis_31124716_4.out:    Running contrast 1181/1301
deg_analysis_31124716_4.out:    Running contrast 1186/1301
deg_analysis_31124716_4.out:    Running contrast 1191/1301
deg_analysis_31124716_4.out:    Running contrast 1196/1301
deg_analysis_31124716_4.out:    Running contrast 1201/1301
deg_analysis_31124716_4.out:    Running contrast 1206/1301
deg_analysis_31124716_4.out:    Running contrast 1211/1301
deg_analysis_31124716_4.out:    Running contrast 1216/1301
deg_analysis_31124716_4.out:    Running contrast 1221/1301
deg_analysis_31124716_4.out:    Running contrast 1226/1301
deg_analysis_31124716_4.out:    Running contrast 1231/1301
deg_analysis_31124716_4.out:    Running contrast 1236/1301
deg_analysis_31124716_4.out:    Running contrast 1241/1301
deg_analysis_31124716_4.out:    Running contrast 1246/1301
deg_analysis_31124716_4.out:    Running contrast 1251/1301
deg_analysis_31124716_4.out:    Running contrast 1256/1301
deg_analysis_31124716_4.out:    Running contrast 1261/1301
deg_analysis_31124716_4.out:    Running contrast 1266/1301
deg_analysis_31124716_4.out:    Running contrast 1271/1301
deg_analysis_31124716_4.out:    Running contrast 1276/1301
deg_analysis_31124716_4.out:    Running contrast 1281/1301
deg_analysis_31124716_4.out:    Running contrast 1286/1301
deg_analysis_31124716_4.out:    Running contrast 1291/1301
deg_analysis_31124716_4.out:    Running contrast 1296/1301
deg_analysis_31124716_4.out:    Running contrast 1301/1301
deg_analysis_31124716_4.out:
deg_analysis_31124716_4.out:    Writing:  ./data/tahoe/deg_data/sep_rep/full/qc_false/filter_min_cells_50/CVCL_0131_de.h5ad 
deg_analysis_31124716_4.out:
deg_analysis_31124716_4.out:    Rewriting h5ad file: ./data/tahoe/deg_data/sep_rep/full/qc_false/filter_min_cells_50/CVCL_0131_de.h5ad 
deg_analysis_31124716_4.out:    Removed X matrix
deg_analysis_31124716_4.out:    Rewriting h5ad file is done!
deg_analysis_31124716_4.out:✓ Cell line completed in 12900.1 seconds
deg_analysis_31124716_4.out:
deg_analysis_31124716_4.out:DE analysis completed!
deg_analysis_31124716_4.out:
deg_analysis_31124716_4.out:Total runtime: 12919.5 seconds
deg_analysis_31124716_5.out:
deg_analysis_31124716_5.out:DE analysis started...
deg_analysis_31124716_5.out:Loaded input file:  ./data/tahoe/pseudobulk_processed/sep_rep/by_celltype/CVCL_0152_processed.h5ad 
deg_analysis_31124716_5.out:Initial dimensions:  1341  samples ×  62710  genes
deg_analysis_31124716_5.out:Filter samples with the low number of cells
deg_analysis_31124716_5.out:    Filter threshold (min_cells):  50 
deg_analysis_31124716_5.out:    n_obs:  1341 -->  1330 
deg_analysis_31124716_5.out:
deg_analysis_31124716_5.out:▶︎ Processing cell_type  1 / 1 :  CVCL_0152 
deg_analysis_31124716_5.out:    Filter controls by  pert_time_h  column
deg_analysis_31124716_5.out:        n_obs:  1330 -->  1330 
deg_analysis_31124716_5.out:
deg_analysis_31124716_5.out:    Running contrast 1/1302
deg_analysis_31124716_5.out:    Running contrast 6/1302
deg_analysis_31124716_5.out:    Running contrast 11/1302
deg_analysis_31124716_5.out:    Running contrast 16/1302
deg_analysis_31124716_5.out:    Running contrast 21/1302
deg_analysis_31124716_5.out:    Running contrast 26/1302
deg_analysis_31124716_5.out:    Running contrast 31/1302
deg_analysis_31124716_5.out:    Running contrast 36/1302
deg_analysis_31124716_5.out:    Running contrast 41/1302
deg_analysis_31124716_5.out:    Running contrast 46/1302
deg_analysis_31124716_5.out:    Running contrast 51/1302
deg_analysis_31124716_5.out:    Running contrast 56/1302
deg_analysis_31124716_5.out:    Running contrast 61/1302
deg_analysis_31124716_5.out:    Running contrast 66/1302
deg_analysis_31124716_5.out:    Running contrast 71/1302
deg_analysis_31124716_5.out:    Running contrast 76/1302
deg_analysis_31124716_5.out:    Running contrast 81/1302
deg_analysis_31124716_5.out:    Running contrast 86/1302
deg_analysis_31124716_5.out:    Running contrast 91/1302
deg_analysis_31124716_5.out:    Running contrast 96/1302
deg_analysis_31124716_5.out:    Running contrast 101/1302
deg_analysis_31124716_5.out:    Running contrast 106/1302
deg_analysis_31124716_5.out:    Running contrast 111/1302
deg_analysis_31124716_5.out:    Running contrast 116/1302
deg_analysis_31124716_5.out:    Running contrast 121/1302
deg_analysis_31124716_5.out:    Running contrast 126/1302
deg_analysis_31124716_5.out:    Running contrast 131/1302
deg_analysis_31124716_5.out:    Running contrast 136/1302
deg_analysis_31124716_5.out:    Running contrast 141/1302
deg_analysis_31124716_5.out:    Running contrast 146/1302
deg_analysis_31124716_5.out:    Running contrast 151/1302
deg_analysis_31124716_5.out:    Running contrast 156/1302
deg_analysis_31124716_5.out:    Running contrast 161/1302
deg_analysis_31124716_5.out:    Running contrast 166/1302
deg_analysis_31124716_5.out:    Running contrast 171/1302
deg_analysis_31124716_5.out:    Running contrast 176/1302
deg_analysis_31124716_5.out:    Running contrast 181/1302
deg_analysis_31124716_5.out:    Running contrast 186/1302
deg_analysis_31124716_5.out:    Running contrast 191/1302
deg_analysis_31124716_5.out:    Running contrast 196/1302
deg_analysis_31124716_5.out:    Running contrast 201/1302
deg_analysis_31124716_5.out:    Running contrast 206/1302
deg_analysis_31124716_5.out:    Running contrast 211/1302
deg_analysis_31124716_5.out:    Running contrast 216/1302
deg_analysis_31124716_5.out:    Running contrast 221/1302
deg_analysis_31124716_5.out:    Running contrast 226/1302
deg_analysis_31124716_5.out:    Running contrast 231/1302
deg_analysis_31124716_5.out:    Running contrast 236/1302
deg_analysis_31124716_5.out:    Running contrast 241/1302
deg_analysis_31124716_5.out:    Running contrast 246/1302
deg_analysis_31124716_5.out:    Running contrast 251/1302
deg_analysis_31124716_5.out:    Running contrast 256/1302
deg_analysis_31124716_5.out:    Running contrast 261/1302
deg_analysis_31124716_5.out:    Running contrast 266/1302
deg_analysis_31124716_5.out:    Running contrast 271/1302
deg_analysis_31124716_5.out:    Running contrast 276/1302
deg_analysis_31124716_5.out:    Running contrast 281/1302
deg_analysis_31124716_5.out:    Running contrast 286/1302
deg_analysis_31124716_5.out:    Running contrast 291/1302
deg_analysis_31124716_5.out:    Running contrast 296/1302
deg_analysis_31124716_5.out:    Running contrast 301/1302
deg_analysis_31124716_5.out:    Running contrast 306/1302
deg_analysis_31124716_5.out:    Running contrast 311/1302
deg_analysis_31124716_5.out:    Running contrast 316/1302
deg_analysis_31124716_5.out:    Running contrast 321/1302
deg_analysis_31124716_5.out:    Running contrast 326/1302
deg_analysis_31124716_5.out:    Running contrast 331/1302
deg_analysis_31124716_5.out:    Running contrast 336/1302
deg_analysis_31124716_5.out:    Running contrast 341/1302
deg_analysis_31124716_5.out:    Running contrast 346/1302
deg_analysis_31124716_5.out:    Running contrast 351/1302
deg_analysis_31124716_5.out:    Running contrast 356/1302
deg_analysis_31124716_5.out:    Running contrast 361/1302
deg_analysis_31124716_5.out:    Running contrast 366/1302
deg_analysis_31124716_5.out:    Running contrast 371/1302
deg_analysis_31124716_5.out:    Running contrast 376/1302
deg_analysis_31124716_5.out:    Running contrast 381/1302
deg_analysis_31124716_5.out:    Running contrast 386/1302
deg_analysis_31124716_5.out:    Running contrast 391/1302
deg_analysis_31124716_5.out:    Running contrast 396/1302
deg_analysis_31124716_5.out:    Running contrast 401/1302
deg_analysis_31124716_5.out:    Running contrast 406/1302
deg_analysis_31124716_5.out:    Running contrast 411/1302
deg_analysis_31124716_5.out:    Running contrast 416/1302
deg_analysis_31124716_5.out:    Running contrast 421/1302
deg_analysis_31124716_5.out:    Running contrast 426/1302
deg_analysis_31124716_5.out:    Running contrast 431/1302
deg_analysis_31124716_5.out:    Running contrast 436/1302
deg_analysis_31124716_5.out:    Running contrast 441/1302
deg_analysis_31124716_5.out:    Running contrast 446/1302
deg_analysis_31124716_5.out:    Running contrast 451/1302
deg_analysis_31124716_5.out:    Running contrast 456/1302
deg_analysis_31124716_5.out:    Running contrast 461/1302
deg_analysis_31124716_5.out:    Running contrast 466/1302
deg_analysis_31124716_5.out:    Running contrast 471/1302
deg_analysis_31124716_5.out:    Running contrast 476/1302
deg_analysis_31124716_5.out:    Running contrast 481/1302
deg_analysis_31124716_5.out:    Running contrast 486/1302
deg_analysis_31124716_5.out:    Running contrast 491/1302
deg_analysis_31124716_5.out:    Running contrast 496/1302
deg_analysis_31124716_5.out:    Running contrast 501/1302
deg_analysis_31124716_5.out:    Running contrast 506/1302
deg_analysis_31124716_5.out:    Running contrast 511/1302
deg_analysis_31124716_5.out:    Running contrast 516/1302
deg_analysis_31124716_5.out:    Running contrast 521/1302
deg_analysis_31124716_5.out:    Running contrast 526/1302
deg_analysis_31124716_5.out:    Running contrast 531/1302
deg_analysis_31124716_5.out:    Running contrast 536/1302
deg_analysis_31124716_5.out:    Running contrast 541/1302
deg_analysis_31124716_5.out:    Running contrast 546/1302
deg_analysis_31124716_5.out:    Running contrast 551/1302
deg_analysis_31124716_5.out:    Running contrast 556/1302
deg_analysis_31124716_5.out:    Running contrast 561/1302
deg_analysis_31124716_5.out:    Running contrast 566/1302
deg_analysis_31124716_5.out:    Running contrast 571/1302
deg_analysis_31124716_5.out:    Running contrast 576/1302
deg_analysis_31124716_5.out:    Running contrast 581/1302
deg_analysis_31124716_5.out:    Running contrast 586/1302
deg_analysis_31124716_5.out:    Running contrast 591/1302
deg_analysis_31124716_5.out:    Running contrast 596/1302
deg_analysis_31124716_5.out:    Running contrast 601/1302
deg_analysis_31124716_5.out:    Running contrast 606/1302
deg_analysis_31124716_5.out:    Running contrast 611/1302
deg_analysis_31124716_5.out:    Running contrast 616/1302
deg_analysis_31124716_5.out:    Running contrast 621/1302
deg_analysis_31124716_5.out:    Running contrast 626/1302
deg_analysis_31124716_5.out:    Running contrast 631/1302
deg_analysis_31124716_5.out:    Running contrast 636/1302
deg_analysis_31124716_5.out:    Running contrast 641/1302
deg_analysis_31124716_5.out:    Running contrast 646/1302
deg_analysis_31124716_5.out:    Running contrast 651/1302
deg_analysis_31124716_5.out:    Running contrast 656/1302
deg_analysis_31124716_5.out:    Running contrast 661/1302
deg_analysis_31124716_5.out:    Running contrast 666/1302
deg_analysis_31124716_5.out:    Running contrast 671/1302
deg_analysis_31124716_5.out:    Running contrast 676/1302
deg_analysis_31124716_5.out:    Running contrast 681/1302
deg_analysis_31124716_5.out:    Running contrast 686/1302
deg_analysis_31124716_5.out:    Running contrast 691/1302
deg_analysis_31124716_5.out:    Running contrast 696/1302
deg_analysis_31124716_5.out:    Running contrast 701/1302
deg_analysis_31124716_5.out:    Running contrast 706/1302
deg_analysis_31124716_5.out:    Running contrast 711/1302
deg_analysis_31124716_5.out:    Running contrast 716/1302
deg_analysis_31124716_5.out:    Running contrast 721/1302
deg_analysis_31124716_5.out:    Running contrast 726/1302
deg_analysis_31124716_5.out:    Running contrast 731/1302
deg_analysis_31124716_5.out:    Running contrast 736/1302
deg_analysis_31124716_5.out:    Running contrast 741/1302
deg_analysis_31124716_5.out:    Running contrast 746/1302
deg_analysis_31124716_5.out:    Running contrast 751/1302
deg_analysis_31124716_5.out:    Running contrast 756/1302
deg_analysis_31124716_5.out:    Running contrast 761/1302
deg_analysis_31124716_5.out:    Running contrast 766/1302
deg_analysis_31124716_5.out:    Running contrast 771/1302
deg_analysis_31124716_5.out:    Running contrast 776/1302
deg_analysis_31124716_5.out:    Running contrast 781/1302
deg_analysis_31124716_5.out:    Running contrast 786/1302
deg_analysis_31124716_5.out:    Running contrast 791/1302
deg_analysis_31124716_5.out:    Running contrast 796/1302
deg_analysis_31124716_5.out:    Running contrast 801/1302
deg_analysis_31124716_5.out:    Running contrast 806/1302
deg_analysis_31124716_5.out:    Running contrast 811/1302
deg_analysis_31124716_5.out:    Running contrast 816/1302
deg_analysis_31124716_5.out:    Running contrast 821/1302
deg_analysis_31124716_5.out:    Running contrast 826/1302
deg_analysis_31124716_5.out:    Running contrast 831/1302
deg_analysis_31124716_5.out:    Running contrast 836/1302
deg_analysis_31124716_5.out:    Running contrast 841/1302
deg_analysis_31124716_5.out:    Running contrast 846/1302
deg_analysis_31124716_5.out:    Running contrast 851/1302
deg_analysis_31124716_5.out:    Running contrast 856/1302
deg_analysis_31124716_5.out:    Running contrast 861/1302
deg_analysis_31124716_5.out:    Running contrast 866/1302
deg_analysis_31124716_5.out:    Running contrast 871/1302
deg_analysis_31124716_5.out:    Running contrast 876/1302
deg_analysis_31124716_5.out:    Running contrast 881/1302
deg_analysis_31124716_5.out:    Running contrast 886/1302
deg_analysis_31124716_5.out:    Running contrast 891/1302
deg_analysis_31124716_5.out:    Running contrast 896/1302
deg_analysis_31124716_5.out:    Running contrast 901/1302
deg_analysis_31124716_5.out:    Running contrast 906/1302
deg_analysis_31124716_5.out:    Running contrast 911/1302
deg_analysis_31124716_5.out:    Running contrast 916/1302
deg_analysis_31124716_5.out:    Running contrast 921/1302
deg_analysis_31124716_5.out:    Running contrast 926/1302
deg_analysis_31124716_5.out:    Running contrast 931/1302
deg_analysis_31124716_5.out:    Running contrast 936/1302
deg_analysis_31124716_5.out:    Running contrast 941/1302
deg_analysis_31124716_5.out:    Running contrast 946/1302
deg_analysis_31124716_5.out:    Running contrast 951/1302
deg_analysis_31124716_5.out:    Running contrast 956/1302
deg_analysis_31124716_5.out:    Running contrast 961/1302
deg_analysis_31124716_5.out:    Running contrast 966/1302
deg_analysis_31124716_5.out:    Running contrast 971/1302
deg_analysis_31124716_5.out:    Running contrast 976/1302
deg_analysis_31124716_5.out:    Running contrast 981/1302
deg_analysis_31124716_5.out:    Running contrast 986/1302
deg_analysis_31124716_5.out:    Running contrast 991/1302
deg_analysis_31124716_5.out:    Running contrast 996/1302
deg_analysis_31124716_5.out:    Running contrast 1001/1302
deg_analysis_31124716_5.out:    Running contrast 1006/1302
deg_analysis_31124716_5.out:    Running contrast 1011/1302
deg_analysis_31124716_5.out:    Running contrast 1016/1302
deg_analysis_31124716_5.out:    Running contrast 1021/1302
deg_analysis_31124716_5.out:    Running contrast 1026/1302
deg_analysis_31124716_5.out:    Running contrast 1031/1302
deg_analysis_31124716_5.out:    Running contrast 1036/1302
deg_analysis_31124716_5.out:    Running contrast 1041/1302
deg_analysis_31124716_5.out:    Running contrast 1046/1302
deg_analysis_31124716_5.out:    Running contrast 1051/1302
deg_analysis_31124716_5.out:    Running contrast 1056/1302
deg_analysis_31124716_5.out:    Running contrast 1061/1302
deg_analysis_31124716_5.out:    Running contrast 1066/1302
deg_analysis_31124716_5.out:    Running contrast 1071/1302
deg_analysis_31124716_5.out:    Running contrast 1076/1302
deg_analysis_31124716_5.out:    Running contrast 1081/1302
deg_analysis_31124716_5.out:    Running contrast 1086/1302
deg_analysis_31124716_5.out:    Running contrast 1091/1302
deg_analysis_31124716_5.out:    Running contrast 1096/1302
deg_analysis_31124716_5.out:    Running contrast 1101/1302
deg_analysis_31124716_5.out:    Running contrast 1106/1302
deg_analysis_31124716_5.out:    Running contrast 1111/1302
deg_analysis_31124716_5.out:    Running contrast 1116/1302
deg_analysis_31124716_5.out:    Running contrast 1121/1302
deg_analysis_31124716_5.out:    Running contrast 1126/1302
deg_analysis_31124716_5.out:    Running contrast 1131/1302
deg_analysis_31124716_5.out:    Running contrast 1136/1302
deg_analysis_31124716_5.out:    Running contrast 1141/1302
deg_analysis_31124716_5.out:    Running contrast 1146/1302
deg_analysis_31124716_5.out:    Running contrast 1151/1302
deg_analysis_31124716_5.out:    Running contrast 1156/1302
deg_analysis_31124716_5.out:    Running contrast 1161/1302
deg_analysis_31124716_5.out:    Running contrast 1166/1302
deg_analysis_31124716_5.out:    Running contrast 1171/1302
deg_analysis_31124716_5.out:    Running contrast 1176/1302
deg_analysis_31124716_5.out:    Running contrast 1181/1302
deg_analysis_31124716_5.out:    Running contrast 1186/1302
deg_analysis_31124716_5.out:    Running contrast 1191/1302
deg_analysis_31124716_5.out:    Running contrast 1196/1302
deg_analysis_31124716_5.out:    Running contrast 1201/1302
deg_analysis_31124716_5.out:    Running contrast 1206/1302
deg_analysis_31124716_5.out:    Running contrast 1211/1302
deg_analysis_31124716_5.out:    Running contrast 1216/1302
deg_analysis_31124716_5.out:    Running contrast 1221/1302
deg_analysis_31124716_5.out:    Running contrast 1226/1302
deg_analysis_31124716_5.out:    Running contrast 1231/1302
deg_analysis_31124716_5.out:    Running contrast 1236/1302
deg_analysis_31124716_5.out:    Running contrast 1241/1302
deg_analysis_31124716_5.out:    Running contrast 1246/1302
deg_analysis_31124716_5.out:    Running contrast 1251/1302
deg_analysis_31124716_5.out:    Running contrast 1256/1302
deg_analysis_31124716_5.out:    Running contrast 1261/1302
deg_analysis_31124716_5.out:    Running contrast 1266/1302
deg_analysis_31124716_5.out:    Running contrast 1271/1302
deg_analysis_31124716_5.out:    Running contrast 1276/1302
deg_analysis_31124716_5.out:    Running contrast 1281/1302
deg_analysis_31124716_5.out:    Running contrast 1286/1302
deg_analysis_31124716_5.out:    Running contrast 1291/1302
deg_analysis_31124716_5.out:    Running contrast 1296/1302
deg_analysis_31124716_5.out:    Running contrast 1301/1302
deg_analysis_31124716_5.out:    Running contrast 1302/1302
deg_analysis_31124716_5.out:
deg_analysis_31124716_5.out:    Writing:  ./data/tahoe/deg_data/sep_rep/full/qc_false/filter_min_cells_50/CVCL_0152_de.h5ad 
deg_analysis_31124716_5.out:
deg_analysis_31124716_5.out:    Rewriting h5ad file: ./data/tahoe/deg_data/sep_rep/full/qc_false/filter_min_cells_50/CVCL_0152_de.h5ad 
deg_analysis_31124716_5.out:    Removed X matrix
deg_analysis_31124716_5.out:    Rewriting h5ad file is done!
deg_analysis_31124716_5.out:✓ Cell line completed in 12216.4 seconds
deg_analysis_31124716_5.out:
deg_analysis_31124716_5.out:DE analysis completed!
deg_analysis_31124716_5.out:
deg_analysis_31124716_5.out:Total runtime: 12235.2 seconds
deg_analysis_31124716_6.out:
deg_analysis_31124716_6.out:DE analysis started...
deg_analysis_31124716_6.out:Loaded input file:  ./data/tahoe/pseudobulk_processed/sep_rep/by_celltype/CVCL_0179_processed.h5ad 
deg_analysis_31124716_6.out:Initial dimensions:  1338  samples ×  62710  genes
deg_analysis_31124716_6.out:Filter samples with the low number of cells
deg_analysis_31124716_6.out:    Filter threshold (min_cells):  50 
deg_analysis_31124716_6.out:    n_obs:  1338 -->  1328 
deg_analysis_31124716_6.out:
deg_analysis_31124716_6.out:▶︎ Processing cell_type  1 / 1 :  CVCL_0179 
deg_analysis_31124716_6.out:    Filter controls by  pert_time_h  column
deg_analysis_31124716_6.out:        n_obs:  1328 -->  1328 
deg_analysis_31124716_6.out:
deg_analysis_31124716_6.out:    Running contrast 1/1300
deg_analysis_31124716_6.out:    Running contrast 6/1300
deg_analysis_31124716_6.out:    Running contrast 11/1300
deg_analysis_31124716_6.out:    Running contrast 16/1300
deg_analysis_31124716_6.out:    Running contrast 21/1300
deg_analysis_31124716_6.out:    Running contrast 26/1300
deg_analysis_31124716_6.out:    Running contrast 31/1300
deg_analysis_31124716_6.out:    Running contrast 36/1300
deg_analysis_31124716_6.out:    Running contrast 41/1300
deg_analysis_31124716_6.out:    Running contrast 46/1300
deg_analysis_31124716_6.out:    Running contrast 51/1300
deg_analysis_31124716_6.out:    Running contrast 56/1300
deg_analysis_31124716_6.out:    Running contrast 61/1300
deg_analysis_31124716_6.out:    Running contrast 66/1300
deg_analysis_31124716_6.out:    Running contrast 71/1300
deg_analysis_31124716_6.out:    Running contrast 76/1300
deg_analysis_31124716_6.out:    Running contrast 81/1300
deg_analysis_31124716_6.out:    Running contrast 86/1300
deg_analysis_31124716_6.out:    Running contrast 91/1300
deg_analysis_31124716_6.out:    Running contrast 96/1300
deg_analysis_31124716_6.out:    Running contrast 101/1300
deg_analysis_31124716_6.out:    Running contrast 106/1300
deg_analysis_31124716_6.out:    Running contrast 111/1300
deg_analysis_31124716_6.out:    Running contrast 116/1300
deg_analysis_31124716_6.out:    Running contrast 121/1300
deg_analysis_31124716_6.out:    Running contrast 126/1300
deg_analysis_31124716_6.out:    Running contrast 131/1300
deg_analysis_31124716_6.out:    Running contrast 136/1300
deg_analysis_31124716_6.out:    Running contrast 141/1300
deg_analysis_31124716_6.out:    Running contrast 146/1300
deg_analysis_31124716_6.out:    Running contrast 151/1300
deg_analysis_31124716_6.out:    Running contrast 156/1300
deg_analysis_31124716_6.out:    Running contrast 161/1300
deg_analysis_31124716_6.out:    Running contrast 166/1300
deg_analysis_31124716_6.out:    Running contrast 171/1300
deg_analysis_31124716_6.out:    Running contrast 176/1300
deg_analysis_31124716_6.out:    Running contrast 181/1300
deg_analysis_31124716_6.out:    Running contrast 186/1300
deg_analysis_31124716_6.out:    Running contrast 191/1300
deg_analysis_31124716_6.out:    Running contrast 196/1300
deg_analysis_31124716_6.out:    Running contrast 201/1300
deg_analysis_31124716_6.out:    Running contrast 206/1300
deg_analysis_31124716_6.out:    Running contrast 211/1300
deg_analysis_31124716_6.out:    Running contrast 216/1300
deg_analysis_31124716_6.out:    Running contrast 221/1300
deg_analysis_31124716_6.out:    Running contrast 226/1300
deg_analysis_31124716_6.out:    Running contrast 231/1300
deg_analysis_31124716_6.out:    Running contrast 236/1300
deg_analysis_31124716_6.out:    Running contrast 241/1300
deg_analysis_31124716_6.out:    Running contrast 246/1300
deg_analysis_31124716_6.out:    Running contrast 251/1300
deg_analysis_31124716_6.out:    Running contrast 256/1300
deg_analysis_31124716_6.out:    Running contrast 261/1300
deg_analysis_31124716_6.out:    Running contrast 266/1300
deg_analysis_31124716_6.out:    Running contrast 271/1300
deg_analysis_31124716_6.out:    Running contrast 276/1300
deg_analysis_31124716_6.out:    Running contrast 281/1300
deg_analysis_31124716_6.out:    Running contrast 286/1300
deg_analysis_31124716_6.out:    Running contrast 291/1300
deg_analysis_31124716_6.out:    Running contrast 296/1300
deg_analysis_31124716_6.out:    Running contrast 301/1300
deg_analysis_31124716_6.out:    Running contrast 306/1300
deg_analysis_31124716_6.out:    Running contrast 311/1300
deg_analysis_31124716_6.out:    Running contrast 316/1300
deg_analysis_31124716_6.out:    Running contrast 321/1300
deg_analysis_31124716_6.out:    Running contrast 326/1300
deg_analysis_31124716_6.out:    Running contrast 331/1300
deg_analysis_31124716_6.out:    Running contrast 336/1300
deg_analysis_31124716_6.out:    Running contrast 341/1300
deg_analysis_31124716_6.out:    Running contrast 346/1300
deg_analysis_31124716_6.out:    Running contrast 351/1300
deg_analysis_31124716_6.out:    Running contrast 356/1300
deg_analysis_31124716_6.out:    Running contrast 361/1300
deg_analysis_31124716_6.out:    Running contrast 366/1300
deg_analysis_31124716_6.out:    Running contrast 371/1300
deg_analysis_31124716_6.out:    Running contrast 376/1300
deg_analysis_31124716_6.out:    Running contrast 381/1300
deg_analysis_31124716_6.out:    Running contrast 386/1300
deg_analysis_31124716_6.out:    Running contrast 391/1300
deg_analysis_31124716_6.out:    Running contrast 396/1300
deg_analysis_31124716_6.out:    Running contrast 401/1300
deg_analysis_31124716_6.out:    Running contrast 406/1300
deg_analysis_31124716_6.out:    Running contrast 411/1300
deg_analysis_31124716_6.out:    Running contrast 416/1300
deg_analysis_31124716_6.out:    Running contrast 421/1300
deg_analysis_31124716_6.out:    Running contrast 426/1300
deg_analysis_31124716_6.out:    Running contrast 431/1300
deg_analysis_31124716_6.out:    Running contrast 436/1300
deg_analysis_31124716_6.out:    Running contrast 441/1300
deg_analysis_31124716_6.out:    Running contrast 446/1300
deg_analysis_31124716_6.out:    Running contrast 451/1300
deg_analysis_31124716_6.out:    Running contrast 456/1300
deg_analysis_31124716_6.out:    Running contrast 461/1300
deg_analysis_31124716_6.out:    Running contrast 466/1300
deg_analysis_31124716_6.out:    Running contrast 471/1300
deg_analysis_31124716_6.out:    Running contrast 476/1300
deg_analysis_31124716_6.out:    Running contrast 481/1300
deg_analysis_31124716_6.out:    Running contrast 486/1300
deg_analysis_31124716_6.out:    Running contrast 491/1300
deg_analysis_31124716_6.out:    Running contrast 496/1300
deg_analysis_31124716_6.out:    Running contrast 501/1300
deg_analysis_31124716_6.out:    Running contrast 506/1300
deg_analysis_31124716_6.out:    Running contrast 511/1300
deg_analysis_31124716_6.out:    Running contrast 516/1300
deg_analysis_31124716_6.out:    Running contrast 521/1300
deg_analysis_31124716_6.out:    Running contrast 526/1300
deg_analysis_31124716_6.out:    Running contrast 531/1300
deg_analysis_31124716_6.out:    Running contrast 536/1300
deg_analysis_31124716_6.out:    Running contrast 541/1300
deg_analysis_31124716_6.out:    Running contrast 546/1300
deg_analysis_31124716_6.out:    Running contrast 551/1300
deg_analysis_31124716_6.out:    Running contrast 556/1300
deg_analysis_31124716_6.out:    Running contrast 561/1300
deg_analysis_31124716_6.out:    Running contrast 566/1300
deg_analysis_31124716_6.out:    Running contrast 571/1300
deg_analysis_31124716_6.out:    Running contrast 576/1300
deg_analysis_31124716_6.out:    Running contrast 581/1300
deg_analysis_31124716_6.out:    Running contrast 586/1300
deg_analysis_31124716_6.out:    Running contrast 591/1300
deg_analysis_31124716_6.out:    Running contrast 596/1300
deg_analysis_31124716_6.out:    Running contrast 601/1300
deg_analysis_31124716_6.out:    Running contrast 606/1300
deg_analysis_31124716_6.out:    Running contrast 611/1300
deg_analysis_31124716_6.out:    Running contrast 616/1300
deg_analysis_31124716_6.out:    Running contrast 621/1300
deg_analysis_31124716_6.out:    Running contrast 626/1300
deg_analysis_31124716_6.out:    Running contrast 631/1300
deg_analysis_31124716_6.out:    Running contrast 636/1300
deg_analysis_31124716_6.out:    Running contrast 641/1300
deg_analysis_31124716_6.out:    Running contrast 646/1300
deg_analysis_31124716_6.out:    Running contrast 651/1300
deg_analysis_31124716_6.out:    Running contrast 656/1300
deg_analysis_31124716_6.out:    Running contrast 661/1300
deg_analysis_31124716_6.out:    Running contrast 666/1300
deg_analysis_31124716_6.out:    Running contrast 671/1300
deg_analysis_31124716_6.out:    Running contrast 676/1300
deg_analysis_31124716_6.out:    Running contrast 681/1300
deg_analysis_31124716_6.out:    Running contrast 686/1300
deg_analysis_31124716_6.out:    Running contrast 691/1300
deg_analysis_31124716_6.out:    Running contrast 696/1300
deg_analysis_31124716_6.out:    Running contrast 701/1300
deg_analysis_31124716_6.out:    Running contrast 706/1300
deg_analysis_31124716_6.out:    Running contrast 711/1300
deg_analysis_31124716_6.out:    Running contrast 716/1300
deg_analysis_31124716_6.out:    Running contrast 721/1300
deg_analysis_31124716_6.out:    Running contrast 726/1300
deg_analysis_31124716_6.out:    Running contrast 731/1300
deg_analysis_31124716_6.out:    Running contrast 736/1300
deg_analysis_31124716_6.out:    Running contrast 741/1300
deg_analysis_31124716_6.out:    Running contrast 746/1300
deg_analysis_31124716_6.out:    Running contrast 751/1300
deg_analysis_31124716_6.out:    Running contrast 756/1300
deg_analysis_31124716_6.out:    Running contrast 761/1300
deg_analysis_31124716_6.out:    Running contrast 766/1300
deg_analysis_31124716_6.out:    Running contrast 771/1300
deg_analysis_31124716_6.out:    Running contrast 776/1300
deg_analysis_31124716_6.out:    Running contrast 781/1300
deg_analysis_31124716_6.out:    Running contrast 786/1300
deg_analysis_31124716_6.out:    Running contrast 791/1300
deg_analysis_31124716_6.out:    Running contrast 796/1300
deg_analysis_31124716_6.out:    Running contrast 801/1300
deg_analysis_31124716_6.out:    Running contrast 806/1300
deg_analysis_31124716_6.out:    Running contrast 811/1300
deg_analysis_31124716_6.out:    Running contrast 816/1300
deg_analysis_31124716_6.out:    Running contrast 821/1300
deg_analysis_31124716_6.out:    Running contrast 826/1300
deg_analysis_31124716_6.out:    Running contrast 831/1300
deg_analysis_31124716_6.out:    Running contrast 836/1300
deg_analysis_31124716_6.out:    Running contrast 841/1300
deg_analysis_31124716_6.out:    Running contrast 846/1300
deg_analysis_31124716_6.out:    Running contrast 851/1300
deg_analysis_31124716_6.out:    Running contrast 856/1300
deg_analysis_31124716_6.out:    Running contrast 861/1300
deg_analysis_31124716_6.out:    Running contrast 866/1300
deg_analysis_31124716_6.out:    Running contrast 871/1300
deg_analysis_31124716_6.out:    Running contrast 876/1300
deg_analysis_31124716_6.out:    Running contrast 881/1300
deg_analysis_31124716_6.out:    Running contrast 886/1300
deg_analysis_31124716_6.out:    Running contrast 891/1300
deg_analysis_31124716_6.out:    Running contrast 896/1300
deg_analysis_31124716_6.out:    Running contrast 901/1300
deg_analysis_31124716_6.out:    Running contrast 906/1300
deg_analysis_31124716_6.out:    Running contrast 911/1300
deg_analysis_31124716_6.out:    Running contrast 916/1300
deg_analysis_31124716_6.out:    Running contrast 921/1300
deg_analysis_31124716_6.out:    Running contrast 926/1300
deg_analysis_31124716_6.out:    Running contrast 931/1300
deg_analysis_31124716_6.out:    Running contrast 936/1300
deg_analysis_31124716_6.out:    Running contrast 941/1300
deg_analysis_31124716_6.out:    Running contrast 946/1300
deg_analysis_31124716_6.out:    Running contrast 951/1300
deg_analysis_31124716_6.out:    Running contrast 956/1300
deg_analysis_31124716_6.out:    Running contrast 961/1300
deg_analysis_31124716_6.out:    Running contrast 966/1300
deg_analysis_31124716_6.out:    Running contrast 971/1300
deg_analysis_31124716_6.out:    Running contrast 976/1300
deg_analysis_31124716_6.out:    Running contrast 981/1300
deg_analysis_31124716_6.out:    Running contrast 986/1300
deg_analysis_31124716_6.out:    Running contrast 991/1300
deg_analysis_31124716_6.out:    Running contrast 996/1300
deg_analysis_31124716_6.out:    Running contrast 1001/1300
deg_analysis_31124716_6.out:    Running contrast 1006/1300
deg_analysis_31124716_6.out:    Running contrast 1011/1300
deg_analysis_31124716_6.out:    Running contrast 1016/1300
deg_analysis_31124716_6.out:    Running contrast 1021/1300
deg_analysis_31124716_6.out:    Running contrast 1026/1300
deg_analysis_31124716_6.out:    Running contrast 1031/1300
deg_analysis_31124716_6.out:    Running contrast 1036/1300
deg_analysis_31124716_6.out:    Running contrast 1041/1300
deg_analysis_31124716_6.out:    Running contrast 1046/1300
deg_analysis_31124716_6.out:    Running contrast 1051/1300
deg_analysis_31124716_6.out:    Running contrast 1056/1300
deg_analysis_31124716_6.out:    Running contrast 1061/1300
deg_analysis_31124716_6.out:    Running contrast 1066/1300
deg_analysis_31124716_6.out:    Running contrast 1071/1300
deg_analysis_31124716_6.out:    Running contrast 1076/1300
deg_analysis_31124716_6.out:    Running contrast 1081/1300
deg_analysis_31124716_6.out:    Running contrast 1086/1300
deg_analysis_31124716_6.out:    Running contrast 1091/1300
deg_analysis_31124716_6.out:    Running contrast 1096/1300
deg_analysis_31124716_6.out:    Running contrast 1101/1300
deg_analysis_31124716_6.out:    Running contrast 1106/1300
deg_analysis_31124716_6.out:    Running contrast 1111/1300
deg_analysis_31124716_6.out:    Running contrast 1116/1300
deg_analysis_31124716_6.out:    Running contrast 1121/1300
deg_analysis_31124716_6.out:    Running contrast 1126/1300
deg_analysis_31124716_6.out:    Running contrast 1131/1300
deg_analysis_31124716_6.out:    Running contrast 1136/1300
deg_analysis_31124716_6.out:    Running contrast 1141/1300
deg_analysis_31124716_6.out:    Running contrast 1146/1300
deg_analysis_31124716_6.out:    Running contrast 1151/1300
deg_analysis_31124716_6.out:    Running contrast 1156/1300
deg_analysis_31124716_6.out:    Running contrast 1161/1300
deg_analysis_31124716_6.out:    Running contrast 1166/1300
deg_analysis_31124716_6.out:    Running contrast 1171/1300
deg_analysis_31124716_6.out:    Running contrast 1176/1300
deg_analysis_31124716_6.out:    Running contrast 1181/1300
deg_analysis_31124716_6.out:    Running contrast 1186/1300
deg_analysis_31124716_6.out:    Running contrast 1191/1300
deg_analysis_31124716_6.out:    Running contrast 1196/1300
deg_analysis_31124716_6.out:    Running contrast 1201/1300
deg_analysis_31124716_6.out:    Running contrast 1206/1300
deg_analysis_31124716_6.out:    Running contrast 1211/1300
deg_analysis_31124716_6.out:    Running contrast 1216/1300
deg_analysis_31124716_6.out:    Running contrast 1221/1300
deg_analysis_31124716_6.out:    Running contrast 1226/1300
deg_analysis_31124716_6.out:    Running contrast 1231/1300
deg_analysis_31124716_6.out:    Running contrast 1236/1300
deg_analysis_31124716_6.out:    Running contrast 1241/1300
deg_analysis_31124716_6.out:    Running contrast 1246/1300
deg_analysis_31124716_6.out:    Running contrast 1251/1300
deg_analysis_31124716_6.out:    Running contrast 1256/1300
deg_analysis_31124716_6.out:    Running contrast 1261/1300
deg_analysis_31124716_6.out:    Running contrast 1266/1300
deg_analysis_31124716_6.out:    Running contrast 1271/1300
deg_analysis_31124716_6.out:    Running contrast 1276/1300
deg_analysis_31124716_6.out:    Running contrast 1281/1300
deg_analysis_31124716_6.out:    Running contrast 1286/1300
deg_analysis_31124716_6.out:    Running contrast 1291/1300
deg_analysis_31124716_6.out:    Running contrast 1296/1300
deg_analysis_31124716_6.out:    Running contrast 1300/1300
deg_analysis_31124716_6.out:
deg_analysis_31124716_6.out:    Writing:  ./data/tahoe/deg_data/sep_rep/full/qc_false/filter_min_cells_50/CVCL_0179_de.h5ad 
deg_analysis_31124716_6.out:
deg_analysis_31124716_6.out:    Rewriting h5ad file: ./data/tahoe/deg_data/sep_rep/full/qc_false/filter_min_cells_50/CVCL_0179_de.h5ad 
deg_analysis_31124716_6.out:    Removed X matrix
deg_analysis_31124716_6.out:    Rewriting h5ad file is done!
deg_analysis_31124716_6.out:✓ Cell line completed in 8822.4 seconds
deg_analysis_31124716_6.out:
deg_analysis_31124716_6.out:DE analysis completed!
deg_analysis_31124716_6.out:
deg_analysis_31124716_6.out:Total runtime: 8841.1 seconds
deg_analysis_31124716_7.out:
deg_analysis_31124716_7.out:DE analysis started...
deg_analysis_31124716_7.out:Loaded input file:  ./data/tahoe/pseudobulk_processed/sep_rep/by_celltype/CVCL_0218_processed.h5ad 
deg_analysis_31124716_7.out:Initial dimensions:  1343  samples ×  62710  genes
deg_analysis_31124716_7.out:Filter samples with the low number of cells
deg_analysis_31124716_7.out:    Filter threshold (min_cells):  50 
deg_analysis_31124716_7.out:    n_obs:  1343 -->  1328 
deg_analysis_31124716_7.out:
deg_analysis_31124716_7.out:▶︎ Processing cell_type  1 / 1 :  CVCL_0218 
deg_analysis_31124716_7.out:    Filter controls by  pert_time_h  column
deg_analysis_31124716_7.out:        n_obs:  1328 -->  1328 
deg_analysis_31124716_7.out:
deg_analysis_31124716_7.out:    Running contrast 1/1300
deg_analysis_31124716_7.out:    Running contrast 6/1300
deg_analysis_31124716_7.out:    Running contrast 11/1300
deg_analysis_31124716_7.out:    Running contrast 16/1300
deg_analysis_31124716_7.out:    Running contrast 21/1300
deg_analysis_31124716_7.out:    Running contrast 26/1300
deg_analysis_31124716_7.out:    Running contrast 31/1300
deg_analysis_31124716_7.out:    Running contrast 36/1300
deg_analysis_31124716_7.out:    Running contrast 41/1300
deg_analysis_31124716_7.out:    Running contrast 46/1300
deg_analysis_31124716_7.out:    Running contrast 51/1300
deg_analysis_31124716_7.out:    Running contrast 56/1300
deg_analysis_31124716_7.out:    Running contrast 61/1300
deg_analysis_31124716_7.out:    Running contrast 66/1300
deg_analysis_31124716_7.out:    Running contrast 71/1300
deg_analysis_31124716_7.out:    Running contrast 76/1300
deg_analysis_31124716_7.out:    Running contrast 81/1300
deg_analysis_31124716_7.out:    Running contrast 86/1300
deg_analysis_31124716_7.out:    Running contrast 91/1300
deg_analysis_31124716_7.out:    Running contrast 96/1300
deg_analysis_31124716_7.out:    Running contrast 101/1300
deg_analysis_31124716_7.out:    Running contrast 106/1300
deg_analysis_31124716_7.out:    Running contrast 111/1300
deg_analysis_31124716_7.out:    Running contrast 116/1300
deg_analysis_31124716_7.out:    Running contrast 121/1300
deg_analysis_31124716_7.out:    Running contrast 126/1300
deg_analysis_31124716_7.out:    Running contrast 131/1300
deg_analysis_31124716_7.out:    Running contrast 136/1300
deg_analysis_31124716_7.out:    Running contrast 141/1300
deg_analysis_31124716_7.out:    Running contrast 146/1300
deg_analysis_31124716_7.out:    Running contrast 151/1300
deg_analysis_31124716_7.out:    Running contrast 156/1300
deg_analysis_31124716_7.out:    Running contrast 161/1300
deg_analysis_31124716_7.out:    Running contrast 166/1300
deg_analysis_31124716_7.out:    Running contrast 171/1300
deg_analysis_31124716_7.out:    Running contrast 176/1300
deg_analysis_31124716_7.out:    Running contrast 181/1300
deg_analysis_31124716_7.out:    Running contrast 186/1300
deg_analysis_31124716_7.out:    Running contrast 191/1300
deg_analysis_31124716_7.out:    Running contrast 196/1300
deg_analysis_31124716_7.out:    Running contrast 201/1300
deg_analysis_31124716_7.out:    Running contrast 206/1300
deg_analysis_31124716_7.out:    Running contrast 211/1300
deg_analysis_31124716_7.out:    Running contrast 216/1300
deg_analysis_31124716_7.out:    Running contrast 221/1300
deg_analysis_31124716_7.out:    Running contrast 226/1300
deg_analysis_31124716_7.out:    Running contrast 231/1300
deg_analysis_31124716_7.out:    Running contrast 236/1300
deg_analysis_31124716_7.out:    Running contrast 241/1300
deg_analysis_31124716_7.out:    Running contrast 246/1300
deg_analysis_31124716_7.out:    Running contrast 251/1300
deg_analysis_31124716_7.out:    Running contrast 256/1300
deg_analysis_31124716_7.out:    Running contrast 261/1300
deg_analysis_31124716_7.out:    Running contrast 266/1300
deg_analysis_31124716_7.out:    Running contrast 271/1300
deg_analysis_31124716_7.out:    Running contrast 276/1300
deg_analysis_31124716_7.out:    Running contrast 281/1300
deg_analysis_31124716_7.out:    Running contrast 286/1300
deg_analysis_31124716_7.out:    Running contrast 291/1300
deg_analysis_31124716_7.out:    Running contrast 296/1300
deg_analysis_31124716_7.out:    Running contrast 301/1300
deg_analysis_31124716_7.out:    Running contrast 306/1300
deg_analysis_31124716_7.out:    Running contrast 311/1300
deg_analysis_31124716_7.out:    Running contrast 316/1300
deg_analysis_31124716_7.out:    Running contrast 321/1300
deg_analysis_31124716_7.out:    Running contrast 326/1300
deg_analysis_31124716_7.out:    Running contrast 331/1300
deg_analysis_31124716_7.out:    Running contrast 336/1300
deg_analysis_31124716_7.out:    Running contrast 341/1300
deg_analysis_31124716_7.out:    Running contrast 346/1300
deg_analysis_31124716_7.out:    Running contrast 351/1300
deg_analysis_31124716_7.out:    Running contrast 356/1300
deg_analysis_31124716_7.out:    Running contrast 361/1300
deg_analysis_31124716_7.out:    Running contrast 366/1300
deg_analysis_31124716_7.out:    Running contrast 371/1300
deg_analysis_31124716_7.out:    Running contrast 376/1300
deg_analysis_31124716_7.out:    Running contrast 381/1300
deg_analysis_31124716_7.out:    Running contrast 386/1300
deg_analysis_31124716_7.out:    Running contrast 391/1300
deg_analysis_31124716_7.out:    Running contrast 396/1300
deg_analysis_31124716_7.out:    Running contrast 401/1300
deg_analysis_31124716_7.out:    Running contrast 406/1300
deg_analysis_31124716_7.out:    Running contrast 411/1300
deg_analysis_31124716_7.out:    Running contrast 416/1300
deg_analysis_31124716_7.out:    Running contrast 421/1300
deg_analysis_31124716_7.out:    Running contrast 426/1300
deg_analysis_31124716_7.out:    Running contrast 431/1300
deg_analysis_31124716_7.out:    Running contrast 436/1300
deg_analysis_31124716_7.out:    Running contrast 441/1300
deg_analysis_31124716_7.out:    Running contrast 446/1300
deg_analysis_31124716_7.out:    Running contrast 451/1300
deg_analysis_31124716_7.out:    Running contrast 456/1300
deg_analysis_31124716_7.out:    Running contrast 461/1300
deg_analysis_31124716_7.out:    Running contrast 466/1300
deg_analysis_31124716_7.out:    Running contrast 471/1300
deg_analysis_31124716_7.out:    Running contrast 476/1300
deg_analysis_31124716_7.out:    Running contrast 481/1300
deg_analysis_31124716_7.out:    Running contrast 486/1300
deg_analysis_31124716_7.out:    Running contrast 491/1300
deg_analysis_31124716_7.out:    Running contrast 496/1300
deg_analysis_31124716_7.out:    Running contrast 501/1300
deg_analysis_31124716_7.out:    Running contrast 506/1300
deg_analysis_31124716_7.out:    Running contrast 511/1300
deg_analysis_31124716_7.out:    Running contrast 516/1300
deg_analysis_31124716_7.out:    Running contrast 521/1300
deg_analysis_31124716_7.out:    Running contrast 526/1300
deg_analysis_31124716_7.out:    Running contrast 531/1300
deg_analysis_31124716_7.out:    Running contrast 536/1300
deg_analysis_31124716_7.out:    Running contrast 541/1300
deg_analysis_31124716_7.out:    Running contrast 546/1300
deg_analysis_31124716_7.out:    Running contrast 551/1300
deg_analysis_31124716_7.out:    Running contrast 556/1300
deg_analysis_31124716_7.out:    Running contrast 561/1300
deg_analysis_31124716_7.out:    Running contrast 566/1300
deg_analysis_31124716_7.out:    Running contrast 571/1300
deg_analysis_31124716_7.out:    Running contrast 576/1300
deg_analysis_31124716_7.out:    Running contrast 581/1300
deg_analysis_31124716_7.out:    Running contrast 586/1300
deg_analysis_31124716_7.out:    Running contrast 591/1300
deg_analysis_31124716_7.out:    Running contrast 596/1300
deg_analysis_31124716_7.out:    Running contrast 601/1300
deg_analysis_31124716_7.out:    Running contrast 606/1300
deg_analysis_31124716_7.out:    Running contrast 611/1300
deg_analysis_31124716_7.out:    Running contrast 616/1300
deg_analysis_31124716_7.out:    Running contrast 621/1300
deg_analysis_31124716_7.out:    Running contrast 626/1300
deg_analysis_31124716_7.out:    Running contrast 631/1300
deg_analysis_31124716_7.out:    Running contrast 636/1300
deg_analysis_31124716_7.out:    Running contrast 641/1300
deg_analysis_31124716_7.out:    Running contrast 646/1300
deg_analysis_31124716_7.out:    Running contrast 651/1300
deg_analysis_31124716_7.out:    Running contrast 656/1300
deg_analysis_31124716_7.out:    Running contrast 661/1300
deg_analysis_31124716_7.out:    Running contrast 666/1300
deg_analysis_31124716_7.out:    Running contrast 671/1300
deg_analysis_31124716_7.out:    Running contrast 676/1300
deg_analysis_31124716_7.out:    Running contrast 681/1300
deg_analysis_31124716_7.out:    Running contrast 686/1300
deg_analysis_31124716_7.out:    Running contrast 691/1300
deg_analysis_31124716_7.out:    Running contrast 696/1300
deg_analysis_31124716_7.out:    Running contrast 701/1300
deg_analysis_31124716_7.out:    Running contrast 706/1300
deg_analysis_31124716_7.out:    Running contrast 711/1300
deg_analysis_31124716_7.out:    Running contrast 716/1300
deg_analysis_31124716_7.out:    Running contrast 721/1300
deg_analysis_31124716_7.out:    Running contrast 726/1300
deg_analysis_31124716_7.out:    Running contrast 731/1300
deg_analysis_31124716_7.out:    Running contrast 736/1300
deg_analysis_31124716_7.out:    Running contrast 741/1300
deg_analysis_31124716_7.out:    Running contrast 746/1300
deg_analysis_31124716_7.out:    Running contrast 751/1300
deg_analysis_31124716_7.out:    Running contrast 756/1300
deg_analysis_31124716_7.out:    Running contrast 761/1300
deg_analysis_31124716_7.out:    Running contrast 766/1300
deg_analysis_31124716_7.out:    Running contrast 771/1300
deg_analysis_31124716_7.out:    Running contrast 776/1300
deg_analysis_31124716_7.out:    Running contrast 781/1300
deg_analysis_31124716_7.out:    Running contrast 786/1300
deg_analysis_31124716_7.out:    Running contrast 791/1300
deg_analysis_31124716_7.out:    Running contrast 796/1300
deg_analysis_31124716_7.out:    Running contrast 801/1300
deg_analysis_31124716_7.out:    Running contrast 806/1300
deg_analysis_31124716_7.out:    Running contrast 811/1300
deg_analysis_31124716_7.out:    Running contrast 816/1300
deg_analysis_31124716_7.out:    Running contrast 821/1300
deg_analysis_31124716_7.out:    Running contrast 826/1300
deg_analysis_31124716_7.out:    Running contrast 831/1300
deg_analysis_31124716_7.out:    Running contrast 836/1300
deg_analysis_31124716_7.out:    Running contrast 841/1300
deg_analysis_31124716_7.out:    Running contrast 846/1300
deg_analysis_31124716_7.out:    Running contrast 851/1300
deg_analysis_31124716_7.out:    Running contrast 856/1300
deg_analysis_31124716_7.out:    Running contrast 861/1300
deg_analysis_31124716_7.out:    Running contrast 866/1300
deg_analysis_31124716_7.out:    Running contrast 871/1300
deg_analysis_31124716_7.out:    Running contrast 876/1300
deg_analysis_31124716_7.out:    Running contrast 881/1300
deg_analysis_31124716_7.out:    Running contrast 886/1300
deg_analysis_31124716_7.out:    Running contrast 891/1300
deg_analysis_31124716_7.out:    Running contrast 896/1300
deg_analysis_31124716_7.out:    Running contrast 901/1300
deg_analysis_31124716_7.out:    Running contrast 906/1300
deg_analysis_31124716_7.out:    Running contrast 911/1300
deg_analysis_31124716_7.out:    Running contrast 916/1300
deg_analysis_31124716_7.out:    Running contrast 921/1300
deg_analysis_31124716_7.out:    Running contrast 926/1300
deg_analysis_31124716_7.out:    Running contrast 931/1300
deg_analysis_31124716_7.out:    Running contrast 936/1300
deg_analysis_31124716_7.out:    Running contrast 941/1300
deg_analysis_31124716_7.out:    Running contrast 946/1300
deg_analysis_31124716_7.out:    Running contrast 951/1300
deg_analysis_31124716_7.out:    Running contrast 956/1300
deg_analysis_31124716_7.out:    Running contrast 961/1300
deg_analysis_31124716_7.out:    Running contrast 966/1300
deg_analysis_31124716_7.out:    Running contrast 971/1300
deg_analysis_31124716_7.out:    Running contrast 976/1300
deg_analysis_31124716_7.out:    Running contrast 981/1300
deg_analysis_31124716_7.out:    Running contrast 986/1300
deg_analysis_31124716_7.out:    Running contrast 991/1300
deg_analysis_31124716_7.out:    Running contrast 996/1300
deg_analysis_31124716_7.out:    Running contrast 1001/1300
deg_analysis_31124716_7.out:    Running contrast 1006/1300
deg_analysis_31124716_7.out:    Running contrast 1011/1300
deg_analysis_31124716_7.out:    Running contrast 1016/1300
deg_analysis_31124716_7.out:    Running contrast 1021/1300
deg_analysis_31124716_7.out:    Running contrast 1026/1300
deg_analysis_31124716_7.out:    Running contrast 1031/1300
deg_analysis_31124716_7.out:    Running contrast 1036/1300
deg_analysis_31124716_7.out:    Running contrast 1041/1300
deg_analysis_31124716_7.out:    Running contrast 1046/1300
deg_analysis_31124716_7.out:    Running contrast 1051/1300
deg_analysis_31124716_7.out:    Running contrast 1056/1300
deg_analysis_31124716_7.out:    Running contrast 1061/1300
deg_analysis_31124716_7.out:    Running contrast 1066/1300
deg_analysis_31124716_7.out:    Running contrast 1071/1300
deg_analysis_31124716_7.out:    Running contrast 1076/1300
deg_analysis_31124716_7.out:    Running contrast 1081/1300
deg_analysis_31124716_7.out:    Running contrast 1086/1300
deg_analysis_31124716_7.out:    Running contrast 1091/1300
deg_analysis_31124716_7.out:    Running contrast 1096/1300
deg_analysis_31124716_7.out:    Running contrast 1101/1300
deg_analysis_31124716_7.out:    Running contrast 1106/1300
deg_analysis_31124716_7.out:    Running contrast 1111/1300
deg_analysis_31124716_7.out:    Running contrast 1116/1300
deg_analysis_31124716_7.out:    Running contrast 1121/1300
deg_analysis_31124716_7.out:    Running contrast 1126/1300
deg_analysis_31124716_7.out:    Running contrast 1131/1300
deg_analysis_31124716_7.out:    Running contrast 1136/1300
deg_analysis_31124716_7.out:    Running contrast 1141/1300
deg_analysis_31124716_7.out:    Running contrast 1146/1300
deg_analysis_31124716_7.out:    Running contrast 1151/1300
deg_analysis_31124716_7.out:    Running contrast 1156/1300
deg_analysis_31124716_7.out:    Running contrast 1161/1300
deg_analysis_31124716_7.out:    Running contrast 1166/1300
deg_analysis_31124716_7.out:    Running contrast 1171/1300
deg_analysis_31124716_7.out:    Running contrast 1176/1300
deg_analysis_31124716_7.out:    Running contrast 1181/1300
deg_analysis_31124716_7.out:    Running contrast 1186/1300
deg_analysis_31124716_7.out:    Running contrast 1191/1300
deg_analysis_31124716_7.out:    Running contrast 1196/1300
deg_analysis_31124716_7.out:    Running contrast 1201/1300
deg_analysis_31124716_7.out:    Running contrast 1206/1300
deg_analysis_31124716_7.out:    Running contrast 1211/1300
deg_analysis_31124716_7.out:    Running contrast 1216/1300
deg_analysis_31124716_7.out:    Running contrast 1221/1300
deg_analysis_31124716_7.out:    Running contrast 1226/1300
deg_analysis_31124716_7.out:    Running contrast 1231/1300
deg_analysis_31124716_7.out:    Running contrast 1236/1300
deg_analysis_31124716_7.out:    Running contrast 1241/1300
deg_analysis_31124716_7.out:    Running contrast 1246/1300
deg_analysis_31124716_7.out:    Running contrast 1251/1300
deg_analysis_31124716_7.out:    Running contrast 1256/1300
deg_analysis_31124716_7.out:    Running contrast 1261/1300
deg_analysis_31124716_7.out:    Running contrast 1266/1300
deg_analysis_31124716_7.out:    Running contrast 1271/1300
deg_analysis_31124716_7.out:    Running contrast 1276/1300
deg_analysis_31124716_7.out:    Running contrast 1281/1300
deg_analysis_31124716_7.out:    Running contrast 1286/1300
deg_analysis_31124716_7.out:    Running contrast 1291/1300
deg_analysis_31124716_7.out:    Running contrast 1296/1300
deg_analysis_31124716_7.out:    Running contrast 1300/1300
deg_analysis_31124716_7.out:
deg_analysis_31124716_7.out:    Writing:  ./data/tahoe/deg_data/sep_rep/full/qc_false/filter_min_cells_50/CVCL_0218_de.h5ad 
deg_analysis_31124716_7.out:
deg_analysis_31124716_7.out:    Rewriting h5ad file: ./data/tahoe/deg_data/sep_rep/full/qc_false/filter_min_cells_50/CVCL_0218_de.h5ad 
deg_analysis_31124716_7.out:    Removed X matrix
deg_analysis_31124716_7.out:    Rewriting h5ad file is done!
deg_analysis_31124716_7.out:✓ Cell line completed in 9249.6 seconds
deg_analysis_31124716_7.out:
deg_analysis_31124716_7.out:DE analysis completed!
deg_analysis_31124716_7.out:
deg_analysis_31124716_7.out:Total runtime: 9267.7 seconds
deg_analysis_31124716_8.out:
deg_analysis_31124716_8.out:DE analysis started...
deg_analysis_31124716_8.out:Loaded input file:  ./data/tahoe/pseudobulk_processed/sep_rep/by_celltype/CVCL_0292_processed.h5ad 
deg_analysis_31124716_8.out:Initial dimensions:  1343  samples ×  62710  genes
deg_analysis_31124716_8.out:Filter samples with the low number of cells
deg_analysis_31124716_8.out:    Filter threshold (min_cells):  50 
deg_analysis_31124716_8.out:    n_obs:  1343 -->  1331 
deg_analysis_31124716_8.out:
deg_analysis_31124716_8.out:▶︎ Processing cell_type  1 / 1 :  CVCL_0292 
deg_analysis_31124716_8.out:    Filter controls by  pert_time_h  column
deg_analysis_31124716_8.out:        n_obs:  1331 -->  1331 
deg_analysis_31124716_8.out:
deg_analysis_31124716_8.out:    Running contrast 1/1303
deg_analysis_31124716_8.out:    Running contrast 6/1303
deg_analysis_31124716_8.out:    Running contrast 11/1303
deg_analysis_31124716_8.out:    Running contrast 16/1303
deg_analysis_31124716_8.out:    Running contrast 21/1303
deg_analysis_31124716_8.out:    Running contrast 26/1303
deg_analysis_31124716_8.out:    Running contrast 31/1303
deg_analysis_31124716_8.out:    Running contrast 36/1303
deg_analysis_31124716_8.out:    Running contrast 41/1303
deg_analysis_31124716_8.out:    Running contrast 46/1303
deg_analysis_31124716_8.out:    Running contrast 51/1303
deg_analysis_31124716_8.out:    Running contrast 56/1303
deg_analysis_31124716_8.out:    Running contrast 61/1303
deg_analysis_31124716_8.out:    Running contrast 66/1303
deg_analysis_31124716_8.out:    Running contrast 71/1303
deg_analysis_31124716_8.out:    Running contrast 76/1303
deg_analysis_31124716_8.out:    Running contrast 81/1303
deg_analysis_31124716_8.out:    Running contrast 86/1303
deg_analysis_31124716_8.out:    Running contrast 91/1303
deg_analysis_31124716_8.out:    Running contrast 96/1303
deg_analysis_31124716_8.out:    Running contrast 101/1303
deg_analysis_31124716_8.out:    Running contrast 106/1303
deg_analysis_31124716_8.out:    Running contrast 111/1303
deg_analysis_31124716_8.out:    Running contrast 116/1303
deg_analysis_31124716_8.out:    Running contrast 121/1303
deg_analysis_31124716_8.out:    Running contrast 126/1303
deg_analysis_31124716_8.out:    Running contrast 131/1303
deg_analysis_31124716_8.out:    Running contrast 136/1303
deg_analysis_31124716_8.out:    Running contrast 141/1303
deg_analysis_31124716_8.out:    Running contrast 146/1303
deg_analysis_31124716_8.out:    Running contrast 151/1303
deg_analysis_31124716_8.out:    Running contrast 156/1303
deg_analysis_31124716_8.out:    Running contrast 161/1303
deg_analysis_31124716_8.out:    Running contrast 166/1303
deg_analysis_31124716_8.out:    Running contrast 171/1303
deg_analysis_31124716_8.out:    Running contrast 176/1303
deg_analysis_31124716_8.out:    Running contrast 181/1303
deg_analysis_31124716_8.out:    Running contrast 186/1303
deg_analysis_31124716_8.out:    Running contrast 191/1303
deg_analysis_31124716_8.out:    Running contrast 196/1303
deg_analysis_31124716_8.out:    Running contrast 201/1303
deg_analysis_31124716_8.out:    Running contrast 206/1303
deg_analysis_31124716_8.out:    Running contrast 211/1303
deg_analysis_31124716_8.out:    Running contrast 216/1303
deg_analysis_31124716_8.out:    Running contrast 221/1303
deg_analysis_31124716_8.out:    Running contrast 226/1303
deg_analysis_31124716_8.out:    Running contrast 231/1303
deg_analysis_31124716_8.out:    Running contrast 236/1303
deg_analysis_31124716_8.out:    Running contrast 241/1303
deg_analysis_31124716_8.out:    Running contrast 246/1303
deg_analysis_31124716_8.out:    Running contrast 251/1303
deg_analysis_31124716_8.out:    Running contrast 256/1303
deg_analysis_31124716_8.out:    Running contrast 261/1303
deg_analysis_31124716_8.out:    Running contrast 266/1303
deg_analysis_31124716_8.out:    Running contrast 271/1303
deg_analysis_31124716_8.out:    Running contrast 276/1303
deg_analysis_31124716_8.out:    Running contrast 281/1303
deg_analysis_31124716_8.out:    Running contrast 286/1303
deg_analysis_31124716_8.out:    Running contrast 291/1303
deg_analysis_31124716_8.out:    Running contrast 296/1303
deg_analysis_31124716_8.out:    Running contrast 301/1303
deg_analysis_31124716_8.out:    Running contrast 306/1303
deg_analysis_31124716_8.out:    Running contrast 311/1303
deg_analysis_31124716_8.out:    Running contrast 316/1303
deg_analysis_31124716_8.out:    Running contrast 321/1303
deg_analysis_31124716_8.out:    Running contrast 326/1303
deg_analysis_31124716_8.out:    Running contrast 331/1303
deg_analysis_31124716_8.out:    Running contrast 336/1303
deg_analysis_31124716_8.out:    Running contrast 341/1303
deg_analysis_31124716_8.out:    Running contrast 346/1303
deg_analysis_31124716_8.out:    Running contrast 351/1303
deg_analysis_31124716_8.out:    Running contrast 356/1303
deg_analysis_31124716_8.out:    Running contrast 361/1303
deg_analysis_31124716_8.out:    Running contrast 366/1303
deg_analysis_31124716_8.out:    Running contrast 371/1303
deg_analysis_31124716_8.out:    Running contrast 376/1303
deg_analysis_31124716_8.out:    Running contrast 381/1303
deg_analysis_31124716_8.out:    Running contrast 386/1303
deg_analysis_31124716_8.out:    Running contrast 391/1303
deg_analysis_31124716_8.out:    Running contrast 396/1303
deg_analysis_31124716_8.out:    Running contrast 401/1303
deg_analysis_31124716_8.out:    Running contrast 406/1303
deg_analysis_31124716_8.out:    Running contrast 411/1303
deg_analysis_31124716_8.out:    Running contrast 416/1303
deg_analysis_31124716_8.out:    Running contrast 421/1303
deg_analysis_31124716_8.out:    Running contrast 426/1303
deg_analysis_31124716_8.out:    Running contrast 431/1303
deg_analysis_31124716_8.out:    Running contrast 436/1303
deg_analysis_31124716_8.out:    Running contrast 441/1303
deg_analysis_31124716_8.out:    Running contrast 446/1303
deg_analysis_31124716_8.out:    Running contrast 451/1303
deg_analysis_31124716_8.out:    Running contrast 456/1303
deg_analysis_31124716_8.out:    Running contrast 461/1303
deg_analysis_31124716_8.out:    Running contrast 466/1303
deg_analysis_31124716_8.out:    Running contrast 471/1303
deg_analysis_31124716_8.out:    Running contrast 476/1303
deg_analysis_31124716_8.out:    Running contrast 481/1303
deg_analysis_31124716_8.out:    Running contrast 486/1303
deg_analysis_31124716_8.out:    Running contrast 491/1303
deg_analysis_31124716_8.out:    Running contrast 496/1303
deg_analysis_31124716_8.out:    Running contrast 501/1303
deg_analysis_31124716_8.out:    Running contrast 506/1303
deg_analysis_31124716_8.out:    Running contrast 511/1303
deg_analysis_31124716_8.out:    Running contrast 516/1303
deg_analysis_31124716_8.out:    Running contrast 521/1303
deg_analysis_31124716_8.out:    Running contrast 526/1303
deg_analysis_31124716_8.out:    Running contrast 531/1303
deg_analysis_31124716_8.out:    Running contrast 536/1303
deg_analysis_31124716_8.out:    Running contrast 541/1303
deg_analysis_31124716_8.out:    Running contrast 546/1303
deg_analysis_31124716_8.out:    Running contrast 551/1303
deg_analysis_31124716_8.out:    Running contrast 556/1303
deg_analysis_31124716_8.out:    Running contrast 561/1303
deg_analysis_31124716_8.out:    Running contrast 566/1303
deg_analysis_31124716_8.out:    Running contrast 571/1303
deg_analysis_31124716_8.out:    Running contrast 576/1303
deg_analysis_31124716_8.out:    Running contrast 581/1303
deg_analysis_31124716_8.out:    Running contrast 586/1303
deg_analysis_31124716_8.out:    Running contrast 591/1303
deg_analysis_31124716_8.out:    Running contrast 596/1303
deg_analysis_31124716_8.out:    Running contrast 601/1303
deg_analysis_31124716_8.out:    Running contrast 606/1303
deg_analysis_31124716_8.out:    Running contrast 611/1303
deg_analysis_31124716_8.out:    Running contrast 616/1303
deg_analysis_31124716_8.out:    Running contrast 621/1303
deg_analysis_31124716_8.out:    Running contrast 626/1303
deg_analysis_31124716_8.out:    Running contrast 631/1303
deg_analysis_31124716_8.out:    Running contrast 636/1303
deg_analysis_31124716_8.out:    Running contrast 641/1303
deg_analysis_31124716_8.out:    Running contrast 646/1303
deg_analysis_31124716_8.out:    Running contrast 651/1303
deg_analysis_31124716_8.out:    Running contrast 656/1303
deg_analysis_31124716_8.out:    Running contrast 661/1303
deg_analysis_31124716_8.out:    Running contrast 666/1303
deg_analysis_31124716_8.out:    Running contrast 671/1303
deg_analysis_31124716_8.out:    Running contrast 676/1303
deg_analysis_31124716_8.out:    Running contrast 681/1303
deg_analysis_31124716_8.out:    Running contrast 686/1303
deg_analysis_31124716_8.out:    Running contrast 691/1303
deg_analysis_31124716_8.out:    Running contrast 696/1303
deg_analysis_31124716_8.out:    Running contrast 701/1303
deg_analysis_31124716_8.out:    Running contrast 706/1303
deg_analysis_31124716_8.out:    Running contrast 711/1303
deg_analysis_31124716_8.out:    Running contrast 716/1303
deg_analysis_31124716_8.out:    Running contrast 721/1303
deg_analysis_31124716_8.out:    Running contrast 726/1303
deg_analysis_31124716_8.out:    Running contrast 731/1303
deg_analysis_31124716_8.out:    Running contrast 736/1303
deg_analysis_31124716_8.out:    Running contrast 741/1303
deg_analysis_31124716_8.out:    Running contrast 746/1303
deg_analysis_31124716_8.out:    Running contrast 751/1303
deg_analysis_31124716_8.out:    Running contrast 756/1303
deg_analysis_31124716_8.out:    Running contrast 761/1303
deg_analysis_31124716_8.out:    Running contrast 766/1303
deg_analysis_31124716_8.out:    Running contrast 771/1303
deg_analysis_31124716_8.out:    Running contrast 776/1303
deg_analysis_31124716_8.out:    Running contrast 781/1303
deg_analysis_31124716_8.out:    Running contrast 786/1303
deg_analysis_31124716_8.out:    Running contrast 791/1303
deg_analysis_31124716_8.out:    Running contrast 796/1303
deg_analysis_31124716_8.out:    Running contrast 801/1303
deg_analysis_31124716_8.out:    Running contrast 806/1303
deg_analysis_31124716_8.out:    Running contrast 811/1303
deg_analysis_31124716_8.out:    Running contrast 816/1303
deg_analysis_31124716_8.out:    Running contrast 821/1303
deg_analysis_31124716_8.out:    Running contrast 826/1303
deg_analysis_31124716_8.out:    Running contrast 831/1303
deg_analysis_31124716_8.out:    Running contrast 836/1303
deg_analysis_31124716_8.out:    Running contrast 841/1303
deg_analysis_31124716_8.out:    Running contrast 846/1303
deg_analysis_31124716_8.out:    Running contrast 851/1303
deg_analysis_31124716_8.out:    Running contrast 856/1303
deg_analysis_31124716_8.out:    Running contrast 861/1303
deg_analysis_31124716_8.out:    Running contrast 866/1303
deg_analysis_31124716_8.out:    Running contrast 871/1303
deg_analysis_31124716_8.out:    Running contrast 876/1303
deg_analysis_31124716_8.out:    Running contrast 881/1303
deg_analysis_31124716_8.out:    Running contrast 886/1303
deg_analysis_31124716_8.out:    Running contrast 891/1303
deg_analysis_31124716_8.out:    Running contrast 896/1303
deg_analysis_31124716_8.out:    Running contrast 901/1303
deg_analysis_31124716_8.out:    Running contrast 906/1303
deg_analysis_31124716_8.out:    Running contrast 911/1303
deg_analysis_31124716_8.out:    Running contrast 916/1303
deg_analysis_31124716_8.out:    Running contrast 921/1303
deg_analysis_31124716_8.out:    Running contrast 926/1303
deg_analysis_31124716_8.out:    Running contrast 931/1303
deg_analysis_31124716_8.out:    Running contrast 936/1303
deg_analysis_31124716_8.out:    Running contrast 941/1303
deg_analysis_31124716_8.out:    Running contrast 946/1303
deg_analysis_31124716_8.out:    Running contrast 951/1303
deg_analysis_31124716_8.out:    Running contrast 956/1303
deg_analysis_31124716_8.out:    Running contrast 961/1303
deg_analysis_31124716_8.out:    Running contrast 966/1303
deg_analysis_31124716_8.out:    Running contrast 971/1303
deg_analysis_31124716_8.out:    Running contrast 976/1303
deg_analysis_31124716_8.out:    Running contrast 981/1303
deg_analysis_31124716_8.out:    Running contrast 986/1303
deg_analysis_31124716_8.out:    Running contrast 991/1303
deg_analysis_31124716_8.out:    Running contrast 996/1303
deg_analysis_31124716_8.out:    Running contrast 1001/1303
deg_analysis_31124716_8.out:    Running contrast 1006/1303
deg_analysis_31124716_8.out:    Running contrast 1011/1303
deg_analysis_31124716_8.out:    Running contrast 1016/1303
deg_analysis_31124716_8.out:    Running contrast 1021/1303
deg_analysis_31124716_8.out:    Running contrast 1026/1303
deg_analysis_31124716_8.out:    Running contrast 1031/1303
deg_analysis_31124716_8.out:    Running contrast 1036/1303
deg_analysis_31124716_8.out:    Running contrast 1041/1303
deg_analysis_31124716_8.out:    Running contrast 1046/1303
deg_analysis_31124716_8.out:    Running contrast 1051/1303
deg_analysis_31124716_8.out:    Running contrast 1056/1303
deg_analysis_31124716_8.out:    Running contrast 1061/1303
deg_analysis_31124716_8.out:    Running contrast 1066/1303
deg_analysis_31124716_8.out:    Running contrast 1071/1303
deg_analysis_31124716_8.out:    Running contrast 1076/1303
deg_analysis_31124716_8.out:    Running contrast 1081/1303
deg_analysis_31124716_8.out:    Running contrast 1086/1303
deg_analysis_31124716_8.out:    Running contrast 1091/1303
deg_analysis_31124716_8.out:    Running contrast 1096/1303
deg_analysis_31124716_8.out:    Running contrast 1101/1303
deg_analysis_31124716_8.out:    Running contrast 1106/1303
deg_analysis_31124716_8.out:    Running contrast 1111/1303
deg_analysis_31124716_8.out:    Running contrast 1116/1303
deg_analysis_31124716_8.out:    Running contrast 1121/1303
deg_analysis_31124716_8.out:    Running contrast 1126/1303
deg_analysis_31124716_8.out:    Running contrast 1131/1303
deg_analysis_31124716_8.out:    Running contrast 1136/1303
deg_analysis_31124716_8.out:    Running contrast 1141/1303
deg_analysis_31124716_8.out:    Running contrast 1146/1303
deg_analysis_31124716_8.out:    Running contrast 1151/1303
deg_analysis_31124716_8.out:    Running contrast 1156/1303
deg_analysis_31124716_8.out:    Running contrast 1161/1303
deg_analysis_31124716_8.out:    Running contrast 1166/1303
deg_analysis_31124716_8.out:    Running contrast 1171/1303
deg_analysis_31124716_8.out:    Running contrast 1176/1303
deg_analysis_31124716_8.out:    Running contrast 1181/1303
deg_analysis_31124716_8.out:    Running contrast 1186/1303
deg_analysis_31124716_8.out:    Running contrast 1191/1303
deg_analysis_31124716_8.out:    Running contrast 1196/1303
deg_analysis_31124716_8.out:    Running contrast 1201/1303
deg_analysis_31124716_8.out:    Running contrast 1206/1303
deg_analysis_31124716_8.out:    Running contrast 1211/1303
deg_analysis_31124716_8.out:    Running contrast 1216/1303
deg_analysis_31124716_8.out:    Running contrast 1221/1303
deg_analysis_31124716_8.out:    Running contrast 1226/1303
deg_analysis_31124716_8.out:    Running contrast 1231/1303
deg_analysis_31124716_8.out:    Running contrast 1236/1303
deg_analysis_31124716_8.out:    Running contrast 1241/1303
deg_analysis_31124716_8.out:    Running contrast 1246/1303
deg_analysis_31124716_8.out:    Running contrast 1251/1303
deg_analysis_31124716_8.out:    Running contrast 1256/1303
deg_analysis_31124716_8.out:    Running contrast 1261/1303
deg_analysis_31124716_8.out:    Running contrast 1266/1303
deg_analysis_31124716_8.out:    Running contrast 1271/1303
deg_analysis_31124716_8.out:    Running contrast 1276/1303
deg_analysis_31124716_8.out:    Running contrast 1281/1303
deg_analysis_31124716_8.out:    Running contrast 1286/1303
deg_analysis_31124716_8.out:    Running contrast 1291/1303
deg_analysis_31124716_8.out:    Running contrast 1296/1303
deg_analysis_31124716_8.out:    Running contrast 1301/1303
deg_analysis_31124716_8.out:    Running contrast 1303/1303
deg_analysis_31124716_8.out:
deg_analysis_31124716_8.out:    Writing:  ./data/tahoe/deg_data/sep_rep/full/qc_false/filter_min_cells_50/CVCL_0292_de.h5ad 
deg_analysis_31124716_8.out:
deg_analysis_31124716_8.out:    Rewriting h5ad file: ./data/tahoe/deg_data/sep_rep/full/qc_false/filter_min_cells_50/CVCL_0292_de.h5ad 
deg_analysis_31124716_8.out:    Removed X matrix
deg_analysis_31124716_8.out:    Rewriting h5ad file is done!
deg_analysis_31124716_8.out:✓ Cell line completed in 10204.3 seconds
deg_analysis_31124716_8.out:
deg_analysis_31124716_8.out:DE analysis completed!
deg_analysis_31124716_8.out:
deg_analysis_31124716_8.out:Total runtime: 10216.6 seconds
deg_analysis_31124716_9.out:
deg_analysis_31124716_9.out:DE analysis started...
deg_analysis_31124716_9.out:Loaded input file:  ./data/tahoe/pseudobulk_processed/sep_rep/by_celltype/CVCL_0293_processed.h5ad 
deg_analysis_31124716_9.out:Initial dimensions:  1342  samples ×  62710  genes
deg_analysis_31124716_9.out:Filter samples with the low number of cells
deg_analysis_31124716_9.out:    Filter threshold (min_cells):  50 
deg_analysis_31124716_9.out:    n_obs:  1342 -->  1331 
deg_analysis_31124716_9.out:
deg_analysis_31124716_9.out:▶︎ Processing cell_type  1 / 1 :  CVCL_0293 
deg_analysis_31124716_9.out:    Filter controls by  pert_time_h  column
deg_analysis_31124716_9.out:        n_obs:  1331 -->  1331 
deg_analysis_31124716_9.out:
deg_analysis_31124716_9.out:    Running contrast 1/1303
deg_analysis_31124716_9.out:    Running contrast 6/1303
deg_analysis_31124716_9.out:    Running contrast 11/1303
deg_analysis_31124716_9.out:    Running contrast 16/1303
deg_analysis_31124716_9.out:    Running contrast 21/1303
deg_analysis_31124716_9.out:    Running contrast 26/1303
deg_analysis_31124716_9.out:    Running contrast 31/1303
deg_analysis_31124716_9.out:    Running contrast 36/1303
deg_analysis_31124716_9.out:    Running contrast 41/1303
deg_analysis_31124716_9.out:    Running contrast 46/1303
deg_analysis_31124716_9.out:    Running contrast 51/1303
deg_analysis_31124716_9.out:    Running contrast 56/1303
deg_analysis_31124716_9.out:    Running contrast 61/1303
deg_analysis_31124716_9.out:    Running contrast 66/1303
deg_analysis_31124716_9.out:    Running contrast 71/1303
deg_analysis_31124716_9.out:    Running contrast 76/1303
deg_analysis_31124716_9.out:    Running contrast 81/1303
deg_analysis_31124716_9.out:    Running contrast 86/1303
deg_analysis_31124716_9.out:    Running contrast 91/1303
deg_analysis_31124716_9.out:    Running contrast 96/1303
deg_analysis_31124716_9.out:    Running contrast 101/1303
deg_analysis_31124716_9.out:    Running contrast 106/1303
deg_analysis_31124716_9.out:    Running contrast 111/1303
deg_analysis_31124716_9.out:    Running contrast 116/1303
deg_analysis_31124716_9.out:    Running contrast 121/1303
deg_analysis_31124716_9.out:    Running contrast 126/1303
deg_analysis_31124716_9.out:    Running contrast 131/1303
deg_analysis_31124716_9.out:    Running contrast 136/1303
deg_analysis_31124716_9.out:    Running contrast 141/1303
deg_analysis_31124716_9.out:    Running contrast 146/1303
deg_analysis_31124716_9.out:    Running contrast 151/1303
deg_analysis_31124716_9.out:    Running contrast 156/1303
deg_analysis_31124716_9.out:    Running contrast 161/1303
deg_analysis_31124716_9.out:    Running contrast 166/1303
deg_analysis_31124716_9.out:    Running contrast 171/1303
deg_analysis_31124716_9.out:    Running contrast 176/1303
deg_analysis_31124716_9.out:    Running contrast 181/1303
deg_analysis_31124716_9.out:    Running contrast 186/1303
deg_analysis_31124716_9.out:    Running contrast 191/1303
deg_analysis_31124716_9.out:    Running contrast 196/1303
deg_analysis_31124716_9.out:    Running contrast 201/1303
deg_analysis_31124716_9.out:    Running contrast 206/1303
deg_analysis_31124716_9.out:    Running contrast 211/1303
deg_analysis_31124716_9.out:    Running contrast 216/1303
deg_analysis_31124716_9.out:    Running contrast 221/1303
deg_analysis_31124716_9.out:    Running contrast 226/1303
deg_analysis_31124716_9.out:    Running contrast 231/1303
deg_analysis_31124716_9.out:    Running contrast 236/1303
deg_analysis_31124716_9.out:    Running contrast 241/1303
deg_analysis_31124716_9.out:    Running contrast 246/1303
deg_analysis_31124716_9.out:    Running contrast 251/1303
deg_analysis_31124716_9.out:    Running contrast 256/1303
deg_analysis_31124716_9.out:    Running contrast 261/1303
deg_analysis_31124716_9.out:    Running contrast 266/1303
deg_analysis_31124716_9.out:    Running contrast 271/1303
deg_analysis_31124716_9.out:    Running contrast 276/1303
deg_analysis_31124716_9.out:    Running contrast 281/1303
deg_analysis_31124716_9.out:    Running contrast 286/1303
deg_analysis_31124716_9.out:    Running contrast 291/1303
deg_analysis_31124716_9.out:    Running contrast 296/1303
deg_analysis_31124716_9.out:    Running contrast 301/1303
deg_analysis_31124716_9.out:    Running contrast 306/1303
deg_analysis_31124716_9.out:    Running contrast 311/1303
deg_analysis_31124716_9.out:    Running contrast 316/1303
deg_analysis_31124716_9.out:    Running contrast 321/1303
deg_analysis_31124716_9.out:    Running contrast 326/1303
deg_analysis_31124716_9.out:    Running contrast 331/1303
deg_analysis_31124716_9.out:    Running contrast 336/1303
deg_analysis_31124716_9.out:    Running contrast 341/1303
deg_analysis_31124716_9.out:    Running contrast 346/1303
deg_analysis_31124716_9.out:    Running contrast 351/1303
deg_analysis_31124716_9.out:    Running contrast 356/1303
deg_analysis_31124716_9.out:    Running contrast 361/1303
deg_analysis_31124716_9.out:    Running contrast 366/1303
deg_analysis_31124716_9.out:    Running contrast 371/1303
deg_analysis_31124716_9.out:    Running contrast 376/1303
deg_analysis_31124716_9.out:    Running contrast 381/1303
deg_analysis_31124716_9.out:    Running contrast 386/1303
deg_analysis_31124716_9.out:    Running contrast 391/1303
deg_analysis_31124716_9.out:    Running contrast 396/1303
deg_analysis_31124716_9.out:    Running contrast 401/1303
deg_analysis_31124716_9.out:    Running contrast 406/1303
deg_analysis_31124716_9.out:    Running contrast 411/1303
deg_analysis_31124716_9.out:    Running contrast 416/1303
deg_analysis_31124716_9.out:    Running contrast 421/1303
deg_analysis_31124716_9.out:    Running contrast 426/1303
deg_analysis_31124716_9.out:    Running contrast 431/1303
deg_analysis_31124716_9.out:    Running contrast 436/1303
deg_analysis_31124716_9.out:    Running contrast 441/1303
deg_analysis_31124716_9.out:    Running contrast 446/1303
deg_analysis_31124716_9.out:    Running contrast 451/1303
deg_analysis_31124716_9.out:    Running contrast 456/1303
deg_analysis_31124716_9.out:    Running contrast 461/1303
deg_analysis_31124716_9.out:    Running contrast 466/1303
deg_analysis_31124716_9.out:    Running contrast 471/1303
deg_analysis_31124716_9.out:    Running contrast 476/1303
deg_analysis_31124716_9.out:    Running contrast 481/1303
deg_analysis_31124716_9.out:    Running contrast 486/1303
deg_analysis_31124716_9.out:    Running contrast 491/1303
deg_analysis_31124716_9.out:    Running contrast 496/1303
deg_analysis_31124716_9.out:    Running contrast 501/1303
deg_analysis_31124716_9.out:    Running contrast 506/1303
deg_analysis_31124716_9.out:    Running contrast 511/1303
deg_analysis_31124716_9.out:    Running contrast 516/1303
deg_analysis_31124716_9.out:    Running contrast 521/1303
deg_analysis_31124716_9.out:    Running contrast 526/1303
deg_analysis_31124716_9.out:    Running contrast 531/1303
deg_analysis_31124716_9.out:    Running contrast 536/1303
deg_analysis_31124716_9.out:    Running contrast 541/1303
deg_analysis_31124716_9.out:    Running contrast 546/1303
deg_analysis_31124716_9.out:    Running contrast 551/1303
deg_analysis_31124716_9.out:    Running contrast 556/1303
deg_analysis_31124716_9.out:    Running contrast 561/1303
deg_analysis_31124716_9.out:    Running contrast 566/1303
deg_analysis_31124716_9.out:    Running contrast 571/1303
deg_analysis_31124716_9.out:    Running contrast 576/1303
deg_analysis_31124716_9.out:    Running contrast 581/1303
deg_analysis_31124716_9.out:    Running contrast 586/1303
deg_analysis_31124716_9.out:    Running contrast 591/1303
deg_analysis_31124716_9.out:    Running contrast 596/1303
deg_analysis_31124716_9.out:    Running contrast 601/1303
deg_analysis_31124716_9.out:    Running contrast 606/1303
deg_analysis_31124716_9.out:    Running contrast 611/1303
deg_analysis_31124716_9.out:    Running contrast 616/1303
deg_analysis_31124716_9.out:    Running contrast 621/1303
deg_analysis_31124716_9.out:    Running contrast 626/1303
deg_analysis_31124716_9.out:    Running contrast 631/1303
deg_analysis_31124716_9.out:    Running contrast 636/1303
deg_analysis_31124716_9.out:    Running contrast 641/1303
deg_analysis_31124716_9.out:    Running contrast 646/1303
deg_analysis_31124716_9.out:    Running contrast 651/1303
deg_analysis_31124716_9.out:    Running contrast 656/1303
deg_analysis_31124716_9.out:    Running contrast 661/1303
deg_analysis_31124716_9.out:    Running contrast 666/1303
deg_analysis_31124716_9.out:    Running contrast 671/1303
deg_analysis_31124716_9.out:    Running contrast 676/1303
deg_analysis_31124716_9.out:    Running contrast 681/1303
deg_analysis_31124716_9.out:    Running contrast 686/1303
deg_analysis_31124716_9.out:    Running contrast 691/1303
deg_analysis_31124716_9.out:    Running contrast 696/1303
deg_analysis_31124716_9.out:    Running contrast 701/1303
deg_analysis_31124716_9.out:    Running contrast 706/1303
deg_analysis_31124716_9.out:    Running contrast 711/1303
deg_analysis_31124716_9.out:    Running contrast 716/1303
deg_analysis_31124716_9.out:    Running contrast 721/1303
deg_analysis_31124716_9.out:    Running contrast 726/1303
deg_analysis_31124716_9.out:    Running contrast 731/1303
deg_analysis_31124716_9.out:    Running contrast 736/1303
deg_analysis_31124716_9.out:    Running contrast 741/1303
deg_analysis_31124716_9.out:    Running contrast 746/1303
deg_analysis_31124716_9.out:    Running contrast 751/1303
deg_analysis_31124716_9.out:    Running contrast 756/1303
deg_analysis_31124716_9.out:    Running contrast 761/1303
deg_analysis_31124716_9.out:    Running contrast 766/1303
deg_analysis_31124716_9.out:    Running contrast 771/1303
deg_analysis_31124716_9.out:    Running contrast 776/1303
deg_analysis_31124716_9.out:    Running contrast 781/1303
deg_analysis_31124716_9.out:    Running contrast 786/1303
deg_analysis_31124716_9.out:    Running contrast 791/1303
deg_analysis_31124716_9.out:    Running contrast 796/1303
deg_analysis_31124716_9.out:    Running contrast 801/1303
deg_analysis_31124716_9.out:    Running contrast 806/1303
deg_analysis_31124716_9.out:    Running contrast 811/1303
deg_analysis_31124716_9.out:    Running contrast 816/1303
deg_analysis_31124716_9.out:    Running contrast 821/1303
deg_analysis_31124716_9.out:    Running contrast 826/1303
deg_analysis_31124716_9.out:    Running contrast 831/1303
deg_analysis_31124716_9.out:    Running contrast 836/1303
deg_analysis_31124716_9.out:    Running contrast 841/1303
deg_analysis_31124716_9.out:    Running contrast 846/1303
deg_analysis_31124716_9.out:    Running contrast 851/1303
deg_analysis_31124716_9.out:    Running contrast 856/1303
deg_analysis_31124716_9.out:    Running contrast 861/1303
deg_analysis_31124716_9.out:    Running contrast 866/1303
deg_analysis_31124716_9.out:    Running contrast 871/1303
deg_analysis_31124716_9.out:    Running contrast 876/1303
deg_analysis_31124716_9.out:    Running contrast 881/1303
deg_analysis_31124716_9.out:    Running contrast 886/1303
deg_analysis_31124716_9.out:    Running contrast 891/1303
deg_analysis_31124716_9.out:    Running contrast 896/1303
deg_analysis_31124716_9.out:    Running contrast 901/1303
deg_analysis_31124716_9.out:    Running contrast 906/1303
deg_analysis_31124716_9.out:    Running contrast 911/1303
deg_analysis_31124716_9.out:    Running contrast 916/1303
deg_analysis_31124716_9.out:    Running contrast 921/1303
deg_analysis_31124716_9.out:    Running contrast 926/1303
deg_analysis_31124716_9.out:    Running contrast 931/1303
deg_analysis_31124716_9.out:    Running contrast 936/1303
deg_analysis_31124716_9.out:    Running contrast 941/1303
deg_analysis_31124716_9.out:    Running contrast 946/1303
deg_analysis_31124716_9.out:    Running contrast 951/1303
deg_analysis_31124716_9.out:    Running contrast 956/1303
deg_analysis_31124716_9.out:    Running contrast 961/1303
deg_analysis_31124716_9.out:    Running contrast 966/1303
deg_analysis_31124716_9.out:    Running contrast 971/1303
deg_analysis_31124716_9.out:    Running contrast 976/1303
deg_analysis_31124716_9.out:    Running contrast 981/1303
deg_analysis_31124716_9.out:    Running contrast 986/1303
deg_analysis_31124716_9.out:    Running contrast 991/1303
deg_analysis_31124716_9.out:    Running contrast 996/1303
deg_analysis_31124716_9.out:    Running contrast 1001/1303
deg_analysis_31124716_9.out:    Running contrast 1006/1303
deg_analysis_31124716_9.out:    Running contrast 1011/1303
deg_analysis_31124716_9.out:    Running contrast 1016/1303
deg_analysis_31124716_9.out:    Running contrast 1021/1303
deg_analysis_31124716_9.out:    Running contrast 1026/1303
deg_analysis_31124716_9.out:    Running contrast 1031/1303
deg_analysis_31124716_9.out:    Running contrast 1036/1303
deg_analysis_31124716_9.out:    Running contrast 1041/1303
deg_analysis_31124716_9.out:    Running contrast 1046/1303
deg_analysis_31124716_9.out:    Running contrast 1051/1303
deg_analysis_31124716_9.out:    Running contrast 1056/1303
deg_analysis_31124716_9.out:    Running contrast 1061/1303
deg_analysis_31124716_9.out:    Running contrast 1066/1303
deg_analysis_31124716_9.out:    Running contrast 1071/1303
deg_analysis_31124716_9.out:    Running contrast 1076/1303
deg_analysis_31124716_9.out:    Running contrast 1081/1303
deg_analysis_31124716_9.out:    Running contrast 1086/1303
deg_analysis_31124716_9.out:    Running contrast 1091/1303
deg_analysis_31124716_9.out:    Running contrast 1096/1303
deg_analysis_31124716_9.out:    Running contrast 1101/1303
deg_analysis_31124716_9.out:    Running contrast 1106/1303
deg_analysis_31124716_9.out:    Running contrast 1111/1303
deg_analysis_31124716_9.out:    Running contrast 1116/1303
deg_analysis_31124716_9.out:    Running contrast 1121/1303
deg_analysis_31124716_9.out:    Running contrast 1126/1303
deg_analysis_31124716_9.out:    Running contrast 1131/1303
deg_analysis_31124716_9.out:    Running contrast 1136/1303
deg_analysis_31124716_9.out:    Running contrast 1141/1303
deg_analysis_31124716_9.out:    Running contrast 1146/1303
deg_analysis_31124716_9.out:    Running contrast 1151/1303
deg_analysis_31124716_9.out:    Running contrast 1156/1303
deg_analysis_31124716_9.out:    Running contrast 1161/1303
deg_analysis_31124716_9.out:    Running contrast 1166/1303
deg_analysis_31124716_9.out:    Running contrast 1171/1303
deg_analysis_31124716_9.out:    Running contrast 1176/1303
deg_analysis_31124716_9.out:    Running contrast 1181/1303
deg_analysis_31124716_9.out:    Running contrast 1186/1303
deg_analysis_31124716_9.out:    Running contrast 1191/1303
deg_analysis_31124716_9.out:    Running contrast 1196/1303
deg_analysis_31124716_9.out:    Running contrast 1201/1303
deg_analysis_31124716_9.out:    Running contrast 1206/1303
deg_analysis_31124716_9.out:    Running contrast 1211/1303
deg_analysis_31124716_9.out:    Running contrast 1216/1303
deg_analysis_31124716_9.out:    Running contrast 1221/1303
deg_analysis_31124716_9.out:    Running contrast 1226/1303
deg_analysis_31124716_9.out:    Running contrast 1231/1303
deg_analysis_31124716_9.out:    Running contrast 1236/1303
deg_analysis_31124716_9.out:    Running contrast 1241/1303
deg_analysis_31124716_9.out:    Running contrast 1246/1303
deg_analysis_31124716_9.out:    Running contrast 1251/1303
deg_analysis_31124716_9.out:    Running contrast 1256/1303
deg_analysis_31124716_9.out:    Running contrast 1261/1303
deg_analysis_31124716_9.out:    Running contrast 1266/1303
deg_analysis_31124716_9.out:    Running contrast 1271/1303
deg_analysis_31124716_9.out:    Running contrast 1276/1303
deg_analysis_31124716_9.out:    Running contrast 1281/1303
deg_analysis_31124716_9.out:    Running contrast 1286/1303
deg_analysis_31124716_9.out:    Running contrast 1291/1303
deg_analysis_31124716_9.out:    Running contrast 1296/1303
deg_analysis_31124716_9.out:    Running contrast 1301/1303
deg_analysis_31124716_9.out:    Running contrast 1303/1303
deg_analysis_31124716_9.out:
deg_analysis_31124716_9.out:    Writing:  ./data/tahoe/deg_data/sep_rep/full/qc_false/filter_min_cells_50/CVCL_0293_de.h5ad 
deg_analysis_31124716_9.out:
deg_analysis_31124716_9.out:    Rewriting h5ad file: ./data/tahoe/deg_data/sep_rep/full/qc_false/filter_min_cells_50/CVCL_0293_de.h5ad 
deg_analysis_31124716_9.out:    Removed X matrix
deg_analysis_31124716_9.out:    Rewriting h5ad file is done!
deg_analysis_31124716_9.out:✓ Cell line completed in 10930.4 seconds
deg_analysis_31124716_9.out:
deg_analysis_31124716_9.out:DE analysis completed!
deg_analysis_31124716_9.out:
deg_analysis_31124716_9.out:Total runtime: 10940.8 seconds
deg_analysis_31124716_10.out:
deg_analysis_31124716_10.out:DE analysis started...
deg_analysis_31124716_10.out:Loaded input file:  ./data/tahoe/pseudobulk_processed/sep_rep/by_celltype/CVCL_0320_processed.h5ad 
deg_analysis_31124716_10.out:Initial dimensions:  1342  samples ×  62710  genes
deg_analysis_31124716_10.out:Filter samples with the low number of cells
deg_analysis_31124716_10.out:    Filter threshold (min_cells):  50 
deg_analysis_31124716_10.out:    n_obs:  1342 -->  1330 
deg_analysis_31124716_10.out:
deg_analysis_31124716_10.out:▶︎ Processing cell_type  1 / 1 :  CVCL_0320 
deg_analysis_31124716_10.out:    Filter controls by  pert_time_h  column
deg_analysis_31124716_10.out:        n_obs:  1330 -->  1330 
deg_analysis_31124716_10.out:
deg_analysis_31124716_10.out:    Running contrast 1/1302
deg_analysis_31124716_10.out:    Running contrast 6/1302
deg_analysis_31124716_10.out:    Running contrast 11/1302
deg_analysis_31124716_10.out:    Running contrast 16/1302
deg_analysis_31124716_10.out:    Running contrast 21/1302
deg_analysis_31124716_10.out:    Running contrast 26/1302
deg_analysis_31124716_10.out:    Running contrast 31/1302
deg_analysis_31124716_10.out:    Running contrast 36/1302
deg_analysis_31124716_10.out:    Running contrast 41/1302
deg_analysis_31124716_10.out:    Running contrast 46/1302
deg_analysis_31124716_10.out:    Running contrast 51/1302
deg_analysis_31124716_10.out:    Running contrast 56/1302
deg_analysis_31124716_10.out:    Running contrast 61/1302
deg_analysis_31124716_10.out:    Running contrast 66/1302
deg_analysis_31124716_10.out:    Running contrast 71/1302
deg_analysis_31124716_10.out:    Running contrast 76/1302
deg_analysis_31124716_10.out:    Running contrast 81/1302
deg_analysis_31124716_10.out:    Running contrast 86/1302
deg_analysis_31124716_10.out:    Running contrast 91/1302
deg_analysis_31124716_10.out:    Running contrast 96/1302
deg_analysis_31124716_10.out:    Running contrast 101/1302
deg_analysis_31124716_10.out:    Running contrast 106/1302
deg_analysis_31124716_10.out:    Running contrast 111/1302
deg_analysis_31124716_10.out:    Running contrast 116/1302
deg_analysis_31124716_10.out:    Running contrast 121/1302
deg_analysis_31124716_10.out:    Running contrast 126/1302
deg_analysis_31124716_10.out:    Running contrast 131/1302
deg_analysis_31124716_10.out:    Running contrast 136/1302
deg_analysis_31124716_10.out:    Running contrast 141/1302
deg_analysis_31124716_10.out:    Running contrast 146/1302
deg_analysis_31124716_10.out:    Running contrast 151/1302
deg_analysis_31124716_10.out:    Running contrast 156/1302
deg_analysis_31124716_10.out:    Running contrast 161/1302
deg_analysis_31124716_10.out:    Running contrast 166/1302
deg_analysis_31124716_10.out:    Running contrast 171/1302
deg_analysis_31124716_10.out:    Running contrast 176/1302
deg_analysis_31124716_10.out:    Running contrast 181/1302
deg_analysis_31124716_10.out:    Running contrast 186/1302
deg_analysis_31124716_10.out:    Running contrast 191/1302
deg_analysis_31124716_10.out:    Running contrast 196/1302
deg_analysis_31124716_10.out:    Running contrast 201/1302
deg_analysis_31124716_10.out:    Running contrast 206/1302
deg_analysis_31124716_10.out:    Running contrast 211/1302
deg_analysis_31124716_10.out:    Running contrast 216/1302
deg_analysis_31124716_10.out:    Running contrast 221/1302
deg_analysis_31124716_10.out:    Running contrast 226/1302
deg_analysis_31124716_10.out:    Running contrast 231/1302
deg_analysis_31124716_10.out:    Running contrast 236/1302
deg_analysis_31124716_10.out:    Running contrast 241/1302
deg_analysis_31124716_10.out:    Running contrast 246/1302
deg_analysis_31124716_10.out:    Running contrast 251/1302
deg_analysis_31124716_10.out:    Running contrast 256/1302
deg_analysis_31124716_10.out:    Running contrast 261/1302
deg_analysis_31124716_10.out:    Running contrast 266/1302
deg_analysis_31124716_10.out:    Running contrast 271/1302
deg_analysis_31124716_10.out:    Running contrast 276/1302
deg_analysis_31124716_10.out:    Running contrast 281/1302
deg_analysis_31124716_10.out:    Running contrast 286/1302
deg_analysis_31124716_10.out:    Running contrast 291/1302
deg_analysis_31124716_10.out:    Running contrast 296/1302
deg_analysis_31124716_10.out:    Running contrast 301/1302
deg_analysis_31124716_10.out:    Running contrast 306/1302
deg_analysis_31124716_10.out:    Running contrast 311/1302
deg_analysis_31124716_10.out:    Running contrast 316/1302
deg_analysis_31124716_10.out:    Running contrast 321/1302
deg_analysis_31124716_10.out:    Running contrast 326/1302
deg_analysis_31124716_10.out:    Running contrast 331/1302
deg_analysis_31124716_10.out:    Running contrast 336/1302
deg_analysis_31124716_10.out:    Running contrast 341/1302
deg_analysis_31124716_10.out:    Running contrast 346/1302
deg_analysis_31124716_10.out:    Running contrast 351/1302
deg_analysis_31124716_10.out:    Running contrast 356/1302
deg_analysis_31124716_10.out:    Running contrast 361/1302
deg_analysis_31124716_10.out:    Running contrast 366/1302
deg_analysis_31124716_10.out:    Running contrast 371/1302
deg_analysis_31124716_10.out:    Running contrast 376/1302
deg_analysis_31124716_10.out:    Running contrast 381/1302
deg_analysis_31124716_10.out:    Running contrast 386/1302
deg_analysis_31124716_10.out:    Running contrast 391/1302
deg_analysis_31124716_10.out:    Running contrast 396/1302
deg_analysis_31124716_10.out:    Running contrast 401/1302
deg_analysis_31124716_10.out:    Running contrast 406/1302
deg_analysis_31124716_10.out:    Running contrast 411/1302
deg_analysis_31124716_10.out:    Running contrast 416/1302
deg_analysis_31124716_10.out:    Running contrast 421/1302
deg_analysis_31124716_10.out:    Running contrast 426/1302
deg_analysis_31124716_10.out:    Running contrast 431/1302
deg_analysis_31124716_10.out:    Running contrast 436/1302
deg_analysis_31124716_10.out:    Running contrast 441/1302
deg_analysis_31124716_10.out:    Running contrast 446/1302
deg_analysis_31124716_10.out:    Running contrast 451/1302
deg_analysis_31124716_10.out:    Running contrast 456/1302
deg_analysis_31124716_10.out:    Running contrast 461/1302
deg_analysis_31124716_10.out:    Running contrast 466/1302
deg_analysis_31124716_10.out:    Running contrast 471/1302
deg_analysis_31124716_10.out:    Running contrast 476/1302
deg_analysis_31124716_10.out:    Running contrast 481/1302
deg_analysis_31124716_10.out:    Running contrast 486/1302
deg_analysis_31124716_10.out:    Running contrast 491/1302
deg_analysis_31124716_10.out:    Running contrast 496/1302
deg_analysis_31124716_10.out:    Running contrast 501/1302
deg_analysis_31124716_10.out:    Running contrast 506/1302
deg_analysis_31124716_10.out:    Running contrast 511/1302
deg_analysis_31124716_10.out:    Running contrast 516/1302
deg_analysis_31124716_10.out:    Running contrast 521/1302
deg_analysis_31124716_10.out:    Running contrast 526/1302
deg_analysis_31124716_10.out:    Running contrast 531/1302
deg_analysis_31124716_10.out:    Running contrast 536/1302
deg_analysis_31124716_10.out:    Running contrast 541/1302
deg_analysis_31124716_10.out:    Running contrast 546/1302
deg_analysis_31124716_10.out:    Running contrast 551/1302
deg_analysis_31124716_10.out:    Running contrast 556/1302
deg_analysis_31124716_10.out:    Running contrast 561/1302
deg_analysis_31124716_10.out:    Running contrast 566/1302
deg_analysis_31124716_10.out:    Running contrast 571/1302
deg_analysis_31124716_10.out:    Running contrast 576/1302
deg_analysis_31124716_10.out:    Running contrast 581/1302
deg_analysis_31124716_10.out:    Running contrast 586/1302
deg_analysis_31124716_10.out:    Running contrast 591/1302
deg_analysis_31124716_10.out:    Running contrast 596/1302
deg_analysis_31124716_10.out:    Running contrast 601/1302
deg_analysis_31124716_10.out:    Running contrast 606/1302
deg_analysis_31124716_10.out:    Running contrast 611/1302
deg_analysis_31124716_10.out:    Running contrast 616/1302
deg_analysis_31124716_10.out:    Running contrast 621/1302
deg_analysis_31124716_10.out:    Running contrast 626/1302
deg_analysis_31124716_10.out:    Running contrast 631/1302
deg_analysis_31124716_10.out:    Running contrast 636/1302
deg_analysis_31124716_10.out:    Running contrast 641/1302
deg_analysis_31124716_10.out:    Running contrast 646/1302
deg_analysis_31124716_10.out:    Running contrast 651/1302
deg_analysis_31124716_10.out:    Running contrast 656/1302
deg_analysis_31124716_10.out:    Running contrast 661/1302
deg_analysis_31124716_10.out:    Running contrast 666/1302
deg_analysis_31124716_10.out:    Running contrast 671/1302
deg_analysis_31124716_10.out:    Running contrast 676/1302
deg_analysis_31124716_10.out:    Running contrast 681/1302
deg_analysis_31124716_10.out:    Running contrast 686/1302
deg_analysis_31124716_10.out:    Running contrast 691/1302
deg_analysis_31124716_10.out:    Running contrast 696/1302
deg_analysis_31124716_10.out:    Running contrast 701/1302
deg_analysis_31124716_10.out:    Running contrast 706/1302
deg_analysis_31124716_10.out:    Running contrast 711/1302
deg_analysis_31124716_10.out:    Running contrast 716/1302
deg_analysis_31124716_10.out:    Running contrast 721/1302
deg_analysis_31124716_10.out:    Running contrast 726/1302
deg_analysis_31124716_10.out:    Running contrast 731/1302
deg_analysis_31124716_10.out:    Running contrast 736/1302
deg_analysis_31124716_10.out:    Running contrast 741/1302
deg_analysis_31124716_10.out:    Running contrast 746/1302
deg_analysis_31124716_10.out:    Running contrast 751/1302
deg_analysis_31124716_10.out:    Running contrast 756/1302
deg_analysis_31124716_10.out:    Running contrast 761/1302
deg_analysis_31124716_10.out:    Running contrast 766/1302
deg_analysis_31124716_10.out:    Running contrast 771/1302
deg_analysis_31124716_10.out:    Running contrast 776/1302
deg_analysis_31124716_10.out:    Running contrast 781/1302
deg_analysis_31124716_10.out:    Running contrast 786/1302
deg_analysis_31124716_10.out:    Running contrast 791/1302
deg_analysis_31124716_10.out:    Running contrast 796/1302
deg_analysis_31124716_10.out:    Running contrast 801/1302
deg_analysis_31124716_10.out:    Running contrast 806/1302
deg_analysis_31124716_10.out:    Running contrast 811/1302
deg_analysis_31124716_10.out:    Running contrast 816/1302
deg_analysis_31124716_10.out:    Running contrast 821/1302
deg_analysis_31124716_10.out:    Running contrast 826/1302
deg_analysis_31124716_10.out:    Running contrast 831/1302
deg_analysis_31124716_10.out:    Running contrast 836/1302
deg_analysis_31124716_10.out:    Running contrast 841/1302
deg_analysis_31124716_10.out:    Running contrast 846/1302
deg_analysis_31124716_10.out:    Running contrast 851/1302
deg_analysis_31124716_10.out:    Running contrast 856/1302
deg_analysis_31124716_10.out:    Running contrast 861/1302
deg_analysis_31124716_10.out:    Running contrast 866/1302
deg_analysis_31124716_10.out:    Running contrast 871/1302
deg_analysis_31124716_10.out:    Running contrast 876/1302
deg_analysis_31124716_10.out:    Running contrast 881/1302
deg_analysis_31124716_10.out:    Running contrast 886/1302
deg_analysis_31124716_10.out:    Running contrast 891/1302
deg_analysis_31124716_10.out:    Running contrast 896/1302
deg_analysis_31124716_10.out:    Running contrast 901/1302
deg_analysis_31124716_10.out:    Running contrast 906/1302
deg_analysis_31124716_10.out:    Running contrast 911/1302
deg_analysis_31124716_10.out:    Running contrast 916/1302
deg_analysis_31124716_10.out:    Running contrast 921/1302
deg_analysis_31124716_10.out:    Running contrast 926/1302
deg_analysis_31124716_10.out:    Running contrast 931/1302
deg_analysis_31124716_10.out:    Running contrast 936/1302
deg_analysis_31124716_10.out:    Running contrast 941/1302
deg_analysis_31124716_10.out:    Running contrast 946/1302
deg_analysis_31124716_10.out:    Running contrast 951/1302
deg_analysis_31124716_10.out:    Running contrast 956/1302
deg_analysis_31124716_10.out:    Running contrast 961/1302
deg_analysis_31124716_10.out:    Running contrast 966/1302
deg_analysis_31124716_10.out:    Running contrast 971/1302
deg_analysis_31124716_10.out:    Running contrast 976/1302
deg_analysis_31124716_10.out:    Running contrast 981/1302
deg_analysis_31124716_10.out:    Running contrast 986/1302
deg_analysis_31124716_10.out:    Running contrast 991/1302
deg_analysis_31124716_10.out:    Running contrast 996/1302
deg_analysis_31124716_10.out:    Running contrast 1001/1302
deg_analysis_31124716_10.out:    Running contrast 1006/1302
deg_analysis_31124716_10.out:    Running contrast 1011/1302
deg_analysis_31124716_10.out:    Running contrast 1016/1302
deg_analysis_31124716_10.out:    Running contrast 1021/1302
deg_analysis_31124716_10.out:    Running contrast 1026/1302
deg_analysis_31124716_10.out:    Running contrast 1031/1302
deg_analysis_31124716_10.out:    Running contrast 1036/1302
deg_analysis_31124716_10.out:    Running contrast 1041/1302
deg_analysis_31124716_10.out:    Running contrast 1046/1302
deg_analysis_31124716_10.out:    Running contrast 1051/1302
deg_analysis_31124716_10.out:    Running contrast 1056/1302
deg_analysis_31124716_10.out:    Running contrast 1061/1302
deg_analysis_31124716_10.out:    Running contrast 1066/1302
deg_analysis_31124716_10.out:    Running contrast 1071/1302
deg_analysis_31124716_10.out:    Running contrast 1076/1302
deg_analysis_31124716_10.out:    Running contrast 1081/1302
deg_analysis_31124716_10.out:    Running contrast 1086/1302
deg_analysis_31124716_10.out:    Running contrast 1091/1302
deg_analysis_31124716_10.out:    Running contrast 1096/1302
deg_analysis_31124716_10.out:    Running contrast 1101/1302
deg_analysis_31124716_10.out:    Running contrast 1106/1302
deg_analysis_31124716_10.out:    Running contrast 1111/1302
deg_analysis_31124716_10.out:    Running contrast 1116/1302
deg_analysis_31124716_10.out:    Running contrast 1121/1302
deg_analysis_31124716_10.out:    Running contrast 1126/1302
deg_analysis_31124716_10.out:    Running contrast 1131/1302
deg_analysis_31124716_10.out:    Running contrast 1136/1302
deg_analysis_31124716_10.out:    Running contrast 1141/1302
deg_analysis_31124716_10.out:    Running contrast 1146/1302
deg_analysis_31124716_10.out:    Running contrast 1151/1302
deg_analysis_31124716_10.out:    Running contrast 1156/1302
deg_analysis_31124716_10.out:    Running contrast 1161/1302
deg_analysis_31124716_10.out:    Running contrast 1166/1302
deg_analysis_31124716_10.out:    Running contrast 1171/1302
deg_analysis_31124716_10.out:    Running contrast 1176/1302
deg_analysis_31124716_10.out:    Running contrast 1181/1302
deg_analysis_31124716_10.out:    Running contrast 1186/1302
deg_analysis_31124716_10.out:    Running contrast 1191/1302
deg_analysis_31124716_10.out:    Running contrast 1196/1302
deg_analysis_31124716_10.out:    Running contrast 1201/1302
deg_analysis_31124716_10.out:    Running contrast 1206/1302
deg_analysis_31124716_10.out:    Running contrast 1211/1302
deg_analysis_31124716_10.out:    Running contrast 1216/1302
deg_analysis_31124716_10.out:    Running contrast 1221/1302
deg_analysis_31124716_10.out:    Running contrast 1226/1302
deg_analysis_31124716_10.out:    Running contrast 1231/1302
deg_analysis_31124716_10.out:    Running contrast 1236/1302
deg_analysis_31124716_10.out:    Running contrast 1241/1302
deg_analysis_31124716_10.out:    Running contrast 1246/1302
deg_analysis_31124716_10.out:    Running contrast 1251/1302
deg_analysis_31124716_10.out:    Running contrast 1256/1302
deg_analysis_31124716_10.out:    Running contrast 1261/1302
deg_analysis_31124716_10.out:    Running contrast 1266/1302
deg_analysis_31124716_10.out:    Running contrast 1271/1302
deg_analysis_31124716_10.out:    Running contrast 1276/1302
deg_analysis_31124716_10.out:    Running contrast 1281/1302
deg_analysis_31124716_10.out:    Running contrast 1286/1302
deg_analysis_31124716_10.out:    Running contrast 1291/1302
deg_analysis_31124716_10.out:    Running contrast 1296/1302
deg_analysis_31124716_10.out:    Running contrast 1301/1302
deg_analysis_31124716_10.out:    Running contrast 1302/1302
deg_analysis_31124716_10.out:
deg_analysis_31124716_10.out:    Writing:  ./data/tahoe/deg_data/sep_rep/full/qc_false/filter_min_cells_50/CVCL_0320_de.h5ad 
deg_analysis_31124716_10.out:
deg_analysis_31124716_10.out:    Rewriting h5ad file: ./data/tahoe/deg_data/sep_rep/full/qc_false/filter_min_cells_50/CVCL_0320_de.h5ad 
deg_analysis_31124716_10.out:    Removed X matrix
deg_analysis_31124716_10.out:    Rewriting h5ad file is done!
deg_analysis_31124716_10.out:✓ Cell line completed in 9375.3 seconds
deg_analysis_31124716_10.out:
deg_analysis_31124716_10.out:DE analysis completed!
deg_analysis_31124716_10.out:
deg_analysis_31124716_10.out:Total runtime: 9387.6 seconds
deg_analysis_31124716_11.out:
deg_analysis_31124716_11.out:DE analysis started...
deg_analysis_31124716_11.out:Loaded input file:  ./data/tahoe/pseudobulk_processed/sep_rep/by_celltype/CVCL_0332_processed.h5ad 
deg_analysis_31124716_11.out:Initial dimensions:  1342  samples ×  62710  genes
deg_analysis_31124716_11.out:Filter samples with the low number of cells
deg_analysis_31124716_11.out:    Filter threshold (min_cells):  50 
deg_analysis_31124716_11.out:    n_obs:  1342 -->  1329 
deg_analysis_31124716_11.out:
deg_analysis_31124716_11.out:▶︎ Processing cell_type  1 / 1 :  CVCL_0332 
deg_analysis_31124716_11.out:    Filter controls by  pert_time_h  column
deg_analysis_31124716_11.out:        n_obs:  1329 -->  1329 
deg_analysis_31124716_11.out:
deg_analysis_31124716_11.out:    Running contrast 1/1301
deg_analysis_31124716_11.out:    Running contrast 6/1301
deg_analysis_31124716_11.out:    Running contrast 11/1301
deg_analysis_31124716_11.out:    Running contrast 16/1301
deg_analysis_31124716_11.out:    Running contrast 21/1301
deg_analysis_31124716_11.out:    Running contrast 26/1301
deg_analysis_31124716_11.out:    Running contrast 31/1301
deg_analysis_31124716_11.out:    Running contrast 36/1301
deg_analysis_31124716_11.out:    Running contrast 41/1301
deg_analysis_31124716_11.out:    Running contrast 46/1301
deg_analysis_31124716_11.out:    Running contrast 51/1301
deg_analysis_31124716_11.out:    Running contrast 56/1301
deg_analysis_31124716_11.out:    Running contrast 61/1301
deg_analysis_31124716_11.out:    Running contrast 66/1301
deg_analysis_31124716_11.out:    Running contrast 71/1301
deg_analysis_31124716_11.out:    Running contrast 76/1301
deg_analysis_31124716_11.out:    Running contrast 81/1301
deg_analysis_31124716_11.out:    Running contrast 86/1301
deg_analysis_31124716_11.out:    Running contrast 91/1301
deg_analysis_31124716_11.out:    Running contrast 96/1301
deg_analysis_31124716_11.out:    Running contrast 101/1301
deg_analysis_31124716_11.out:    Running contrast 106/1301
deg_analysis_31124716_11.out:    Running contrast 111/1301
deg_analysis_31124716_11.out:    Running contrast 116/1301
deg_analysis_31124716_11.out:    Running contrast 121/1301
deg_analysis_31124716_11.out:    Running contrast 126/1301
deg_analysis_31124716_11.out:    Running contrast 131/1301
deg_analysis_31124716_11.out:    Running contrast 136/1301
deg_analysis_31124716_11.out:    Running contrast 141/1301
deg_analysis_31124716_11.out:    Running contrast 146/1301
deg_analysis_31124716_11.out:    Running contrast 151/1301
deg_analysis_31124716_11.out:    Running contrast 156/1301
deg_analysis_31124716_11.out:    Running contrast 161/1301
deg_analysis_31124716_11.out:    Running contrast 166/1301
deg_analysis_31124716_11.out:    Running contrast 171/1301
deg_analysis_31124716_11.out:    Running contrast 176/1301
deg_analysis_31124716_11.out:    Running contrast 181/1301
deg_analysis_31124716_11.out:    Running contrast 186/1301
deg_analysis_31124716_11.out:    Running contrast 191/1301
deg_analysis_31124716_11.out:    Running contrast 196/1301
deg_analysis_31124716_11.out:    Running contrast 201/1301
deg_analysis_31124716_11.out:    Running contrast 206/1301
deg_analysis_31124716_11.out:    Running contrast 211/1301
deg_analysis_31124716_11.out:    Running contrast 216/1301
deg_analysis_31124716_11.out:    Running contrast 221/1301
deg_analysis_31124716_11.out:    Running contrast 226/1301
deg_analysis_31124716_11.out:    Running contrast 231/1301
deg_analysis_31124716_11.out:    Running contrast 236/1301
deg_analysis_31124716_11.out:    Running contrast 241/1301
deg_analysis_31124716_11.out:    Running contrast 246/1301
deg_analysis_31124716_11.out:    Running contrast 251/1301
deg_analysis_31124716_11.out:    Running contrast 256/1301
deg_analysis_31124716_11.out:    Running contrast 261/1301
deg_analysis_31124716_11.out:    Running contrast 266/1301
deg_analysis_31124716_11.out:    Running contrast 271/1301
deg_analysis_31124716_11.out:    Running contrast 276/1301
deg_analysis_31124716_11.out:    Running contrast 281/1301
deg_analysis_31124716_11.out:    Running contrast 286/1301
deg_analysis_31124716_11.out:    Running contrast 291/1301
deg_analysis_31124716_11.out:    Running contrast 296/1301
deg_analysis_31124716_11.out:    Running contrast 301/1301
deg_analysis_31124716_11.out:    Running contrast 306/1301
deg_analysis_31124716_11.out:    Running contrast 311/1301
deg_analysis_31124716_11.out:    Running contrast 316/1301
deg_analysis_31124716_11.out:    Running contrast 321/1301
deg_analysis_31124716_11.out:    Running contrast 326/1301
deg_analysis_31124716_11.out:    Running contrast 331/1301
deg_analysis_31124716_11.out:    Running contrast 336/1301
deg_analysis_31124716_11.out:    Running contrast 341/1301
deg_analysis_31124716_11.out:    Running contrast 346/1301
deg_analysis_31124716_11.out:    Running contrast 351/1301
deg_analysis_31124716_11.out:    Running contrast 356/1301
deg_analysis_31124716_11.out:    Running contrast 361/1301
deg_analysis_31124716_11.out:    Running contrast 366/1301
deg_analysis_31124716_11.out:    Running contrast 371/1301
deg_analysis_31124716_11.out:    Running contrast 376/1301
deg_analysis_31124716_11.out:    Running contrast 381/1301
deg_analysis_31124716_11.out:    Running contrast 386/1301
deg_analysis_31124716_11.out:    Running contrast 391/1301
deg_analysis_31124716_11.out:    Running contrast 396/1301
deg_analysis_31124716_11.out:    Running contrast 401/1301
deg_analysis_31124716_11.out:    Running contrast 406/1301
deg_analysis_31124716_11.out:    Running contrast 411/1301
deg_analysis_31124716_11.out:    Running contrast 416/1301
deg_analysis_31124716_11.out:    Running contrast 421/1301
deg_analysis_31124716_11.out:    Running contrast 426/1301
deg_analysis_31124716_11.out:    Running contrast 431/1301
deg_analysis_31124716_11.out:    Running contrast 436/1301
deg_analysis_31124716_11.out:    Running contrast 441/1301
deg_analysis_31124716_11.out:    Running contrast 446/1301
deg_analysis_31124716_11.out:    Running contrast 451/1301
deg_analysis_31124716_11.out:    Running contrast 456/1301
deg_analysis_31124716_11.out:    Running contrast 461/1301
deg_analysis_31124716_11.out:    Running contrast 466/1301
deg_analysis_31124716_11.out:    Running contrast 471/1301
deg_analysis_31124716_11.out:    Running contrast 476/1301
deg_analysis_31124716_11.out:    Running contrast 481/1301
deg_analysis_31124716_11.out:    Running contrast 486/1301
deg_analysis_31124716_11.out:    Running contrast 491/1301
deg_analysis_31124716_11.out:    Running contrast 496/1301
deg_analysis_31124716_11.out:    Running contrast 501/1301
deg_analysis_31124716_11.out:    Running contrast 506/1301
deg_analysis_31124716_11.out:    Running contrast 511/1301
deg_analysis_31124716_11.out:    Running contrast 516/1301
deg_analysis_31124716_11.out:    Running contrast 521/1301
deg_analysis_31124716_11.out:    Running contrast 526/1301
deg_analysis_31124716_11.out:    Running contrast 531/1301
deg_analysis_31124716_11.out:    Running contrast 536/1301
deg_analysis_31124716_11.out:    Running contrast 541/1301
deg_analysis_31124716_11.out:    Running contrast 546/1301
deg_analysis_31124716_11.out:    Running contrast 551/1301
deg_analysis_31124716_11.out:    Running contrast 556/1301
deg_analysis_31124716_11.out:    Running contrast 561/1301
deg_analysis_31124716_11.out:    Running contrast 566/1301
deg_analysis_31124716_11.out:    Running contrast 571/1301
deg_analysis_31124716_11.out:    Running contrast 576/1301
deg_analysis_31124716_11.out:    Running contrast 581/1301
deg_analysis_31124716_11.out:    Running contrast 586/1301
deg_analysis_31124716_11.out:    Running contrast 591/1301
deg_analysis_31124716_11.out:    Running contrast 596/1301
deg_analysis_31124716_11.out:    Running contrast 601/1301
deg_analysis_31124716_11.out:    Running contrast 606/1301
deg_analysis_31124716_11.out:    Running contrast 611/1301
deg_analysis_31124716_11.out:    Running contrast 616/1301
deg_analysis_31124716_11.out:    Running contrast 621/1301
deg_analysis_31124716_11.out:    Running contrast 626/1301
deg_analysis_31124716_11.out:    Running contrast 631/1301
deg_analysis_31124716_11.out:    Running contrast 636/1301
deg_analysis_31124716_11.out:    Running contrast 641/1301
deg_analysis_31124716_11.out:    Running contrast 646/1301
deg_analysis_31124716_11.out:    Running contrast 651/1301
deg_analysis_31124716_11.out:    Running contrast 656/1301
deg_analysis_31124716_11.out:    Running contrast 661/1301
deg_analysis_31124716_11.out:    Running contrast 666/1301
deg_analysis_31124716_11.out:    Running contrast 671/1301
deg_analysis_31124716_11.out:    Running contrast 676/1301
deg_analysis_31124716_11.out:    Running contrast 681/1301
deg_analysis_31124716_11.out:    Running contrast 686/1301
deg_analysis_31124716_11.out:    Running contrast 691/1301
deg_analysis_31124716_11.out:    Running contrast 696/1301
deg_analysis_31124716_11.out:    Running contrast 701/1301
deg_analysis_31124716_11.out:    Running contrast 706/1301
deg_analysis_31124716_11.out:    Running contrast 711/1301
deg_analysis_31124716_11.out:    Running contrast 716/1301
deg_analysis_31124716_11.out:    Running contrast 721/1301
deg_analysis_31124716_11.out:    Running contrast 726/1301
deg_analysis_31124716_11.out:    Running contrast 731/1301
deg_analysis_31124716_11.out:    Running contrast 736/1301
deg_analysis_31124716_11.out:    Running contrast 741/1301
deg_analysis_31124716_11.out:    Running contrast 746/1301
deg_analysis_31124716_11.out:    Running contrast 751/1301
deg_analysis_31124716_11.out:    Running contrast 756/1301
deg_analysis_31124716_11.out:    Running contrast 761/1301
deg_analysis_31124716_11.out:    Running contrast 766/1301
deg_analysis_31124716_11.out:    Running contrast 771/1301
deg_analysis_31124716_11.out:    Running contrast 776/1301
deg_analysis_31124716_11.out:    Running contrast 781/1301
deg_analysis_31124716_11.out:    Running contrast 786/1301
deg_analysis_31124716_11.out:    Running contrast 791/1301
deg_analysis_31124716_11.out:    Running contrast 796/1301
deg_analysis_31124716_11.out:    Running contrast 801/1301
deg_analysis_31124716_11.out:    Running contrast 806/1301
deg_analysis_31124716_11.out:    Running contrast 811/1301
deg_analysis_31124716_11.out:    Running contrast 816/1301
deg_analysis_31124716_11.out:    Running contrast 821/1301
deg_analysis_31124716_11.out:    Running contrast 826/1301
deg_analysis_31124716_11.out:    Running contrast 831/1301
deg_analysis_31124716_11.out:    Running contrast 836/1301
deg_analysis_31124716_11.out:    Running contrast 841/1301
deg_analysis_31124716_11.out:    Running contrast 846/1301
deg_analysis_31124716_11.out:    Running contrast 851/1301
deg_analysis_31124716_11.out:    Running contrast 856/1301
deg_analysis_31124716_11.out:    Running contrast 861/1301
deg_analysis_31124716_11.out:    Running contrast 866/1301
deg_analysis_31124716_11.out:    Running contrast 871/1301
deg_analysis_31124716_11.out:    Running contrast 876/1301
deg_analysis_31124716_11.out:    Running contrast 881/1301
deg_analysis_31124716_11.out:    Running contrast 886/1301
deg_analysis_31124716_11.out:    Running contrast 891/1301
deg_analysis_31124716_11.out:    Running contrast 896/1301
deg_analysis_31124716_11.out:    Running contrast 901/1301
deg_analysis_31124716_11.out:    Running contrast 906/1301
deg_analysis_31124716_11.out:    Running contrast 911/1301
deg_analysis_31124716_11.out:    Running contrast 916/1301
deg_analysis_31124716_11.out:    Running contrast 921/1301
deg_analysis_31124716_11.out:    Running contrast 926/1301
deg_analysis_31124716_11.out:    Running contrast 931/1301
deg_analysis_31124716_11.out:    Running contrast 936/1301
deg_analysis_31124716_11.out:    Running contrast 941/1301
deg_analysis_31124716_11.out:    Running contrast 946/1301
deg_analysis_31124716_11.out:    Running contrast 951/1301
deg_analysis_31124716_11.out:    Running contrast 956/1301
deg_analysis_31124716_11.out:    Running contrast 961/1301
deg_analysis_31124716_11.out:    Running contrast 966/1301
deg_analysis_31124716_11.out:    Running contrast 971/1301
deg_analysis_31124716_11.out:    Running contrast 976/1301
deg_analysis_31124716_11.out:    Running contrast 981/1301
deg_analysis_31124716_11.out:    Running contrast 986/1301
deg_analysis_31124716_11.out:    Running contrast 991/1301
deg_analysis_31124716_11.out:    Running contrast 996/1301
deg_analysis_31124716_11.out:    Running contrast 1001/1301
deg_analysis_31124716_11.out:    Running contrast 1006/1301
deg_analysis_31124716_11.out:    Running contrast 1011/1301
deg_analysis_31124716_11.out:    Running contrast 1016/1301
deg_analysis_31124716_11.out:    Running contrast 1021/1301
deg_analysis_31124716_11.out:    Running contrast 1026/1301
deg_analysis_31124716_11.out:    Running contrast 1031/1301
deg_analysis_31124716_11.out:    Running contrast 1036/1301
deg_analysis_31124716_11.out:    Running contrast 1041/1301
deg_analysis_31124716_11.out:    Running contrast 1046/1301
deg_analysis_31124716_11.out:    Running contrast 1051/1301
deg_analysis_31124716_11.out:    Running contrast 1056/1301
deg_analysis_31124716_11.out:    Running contrast 1061/1301
deg_analysis_31124716_11.out:    Running contrast 1066/1301
deg_analysis_31124716_11.out:    Running contrast 1071/1301
deg_analysis_31124716_11.out:    Running contrast 1076/1301
deg_analysis_31124716_11.out:    Running contrast 1081/1301
deg_analysis_31124716_11.out:    Running contrast 1086/1301
deg_analysis_31124716_11.out:    Running contrast 1091/1301
deg_analysis_31124716_11.out:    Running contrast 1096/1301
deg_analysis_31124716_11.out:    Running contrast 1101/1301
deg_analysis_31124716_11.out:    Running contrast 1106/1301
deg_analysis_31124716_11.out:    Running contrast 1111/1301
deg_analysis_31124716_11.out:    Running contrast 1116/1301
deg_analysis_31124716_11.out:    Running contrast 1121/1301
deg_analysis_31124716_11.out:    Running contrast 1126/1301
deg_analysis_31124716_11.out:    Running contrast 1131/1301
deg_analysis_31124716_11.out:    Running contrast 1136/1301
deg_analysis_31124716_11.out:    Running contrast 1141/1301
deg_analysis_31124716_11.out:    Running contrast 1146/1301
deg_analysis_31124716_11.out:    Running contrast 1151/1301
deg_analysis_31124716_11.out:    Running contrast 1156/1301
deg_analysis_31124716_11.out:    Running contrast 1161/1301
deg_analysis_31124716_11.out:    Running contrast 1166/1301
deg_analysis_31124716_11.out:    Running contrast 1171/1301
deg_analysis_31124716_11.out:    Running contrast 1176/1301
deg_analysis_31124716_11.out:    Running contrast 1181/1301
deg_analysis_31124716_11.out:    Running contrast 1186/1301
deg_analysis_31124716_11.out:    Running contrast 1191/1301
deg_analysis_31124716_11.out:    Running contrast 1196/1301
deg_analysis_31124716_11.out:    Running contrast 1201/1301
deg_analysis_31124716_11.out:    Running contrast 1206/1301
deg_analysis_31124716_11.out:    Running contrast 1211/1301
deg_analysis_31124716_11.out:    Running contrast 1216/1301
deg_analysis_31124716_11.out:    Running contrast 1221/1301
deg_analysis_31124716_11.out:    Running contrast 1226/1301
deg_analysis_31124716_11.out:    Running contrast 1231/1301
deg_analysis_31124716_11.out:    Running contrast 1236/1301
deg_analysis_31124716_11.out:    Running contrast 1241/1301
deg_analysis_31124716_11.out:    Running contrast 1246/1301
deg_analysis_31124716_11.out:    Running contrast 1251/1301
deg_analysis_31124716_11.out:    Running contrast 1256/1301
deg_analysis_31124716_11.out:    Running contrast 1261/1301
deg_analysis_31124716_11.out:    Running contrast 1266/1301
deg_analysis_31124716_11.out:    Running contrast 1271/1301
deg_analysis_31124716_11.out:    Running contrast 1276/1301
deg_analysis_31124716_11.out:    Running contrast 1281/1301
deg_analysis_31124716_11.out:    Running contrast 1286/1301
deg_analysis_31124716_11.out:    Running contrast 1291/1301
deg_analysis_31124716_11.out:    Running contrast 1296/1301
deg_analysis_31124716_11.out:    Running contrast 1301/1301
deg_analysis_31124716_11.out:
deg_analysis_31124716_11.out:    Writing:  ./data/tahoe/deg_data/sep_rep/full/qc_false/filter_min_cells_50/CVCL_0332_de.h5ad 
deg_analysis_31124716_11.out:
deg_analysis_31124716_11.out:    Rewriting h5ad file: ./data/tahoe/deg_data/sep_rep/full/qc_false/filter_min_cells_50/CVCL_0332_de.h5ad 
deg_analysis_31124716_11.out:    Removed X matrix
deg_analysis_31124716_11.out:    Rewriting h5ad file is done!
deg_analysis_31124716_11.out:✓ Cell line completed in 9257.1 seconds
deg_analysis_31124716_11.out:
deg_analysis_31124716_11.out:DE analysis completed!
deg_analysis_31124716_11.out:
deg_analysis_31124716_11.out:Total runtime: 9270.8 seconds
deg_analysis_31124716_12.out:
deg_analysis_31124716_12.out:DE analysis started...
deg_analysis_31124716_12.out:Loaded input file:  ./data/tahoe/pseudobulk_processed/sep_rep/by_celltype/CVCL_0334_processed.h5ad 
deg_analysis_31124716_12.out:Initial dimensions:  1340  samples ×  62710  genes
deg_analysis_31124716_12.out:Filter samples with the low number of cells
deg_analysis_31124716_12.out:    Filter threshold (min_cells):  50 
deg_analysis_31124716_12.out:    n_obs:  1340 -->  1328 
deg_analysis_31124716_12.out:
deg_analysis_31124716_12.out:▶︎ Processing cell_type  1 / 1 :  CVCL_0334 
deg_analysis_31124716_12.out:    Filter controls by  pert_time_h  column
deg_analysis_31124716_12.out:        n_obs:  1328 -->  1328 
deg_analysis_31124716_12.out:
deg_analysis_31124716_12.out:    Running contrast 1/1300
deg_analysis_31124716_12.out:    Running contrast 6/1300
deg_analysis_31124716_12.out:    Running contrast 11/1300
deg_analysis_31124716_12.out:    Running contrast 16/1300
deg_analysis_31124716_12.out:    Running contrast 21/1300
deg_analysis_31124716_12.out:    Running contrast 26/1300
deg_analysis_31124716_12.out:    Running contrast 31/1300
deg_analysis_31124716_12.out:    Running contrast 36/1300
deg_analysis_31124716_12.out:    Running contrast 41/1300
deg_analysis_31124716_12.out:    Running contrast 46/1300
deg_analysis_31124716_12.out:    Running contrast 51/1300
deg_analysis_31124716_12.out:    Running contrast 56/1300
deg_analysis_31124716_12.out:    Running contrast 61/1300
deg_analysis_31124716_12.out:    Running contrast 66/1300
deg_analysis_31124716_12.out:    Running contrast 71/1300
deg_analysis_31124716_12.out:    Running contrast 76/1300
deg_analysis_31124716_12.out:    Running contrast 81/1300
deg_analysis_31124716_12.out:    Running contrast 86/1300
deg_analysis_31124716_12.out:    Running contrast 91/1300
deg_analysis_31124716_12.out:    Running contrast 96/1300
deg_analysis_31124716_12.out:    Running contrast 101/1300
deg_analysis_31124716_12.out:    Running contrast 106/1300
deg_analysis_31124716_12.out:    Running contrast 111/1300
deg_analysis_31124716_12.out:    Running contrast 116/1300
deg_analysis_31124716_12.out:    Running contrast 121/1300
deg_analysis_31124716_12.out:    Running contrast 126/1300
deg_analysis_31124716_12.out:    Running contrast 131/1300
deg_analysis_31124716_12.out:    Running contrast 136/1300
deg_analysis_31124716_12.out:    Running contrast 141/1300
deg_analysis_31124716_12.out:    Running contrast 146/1300
deg_analysis_31124716_12.out:    Running contrast 151/1300
deg_analysis_31124716_12.out:    Running contrast 156/1300
deg_analysis_31124716_12.out:    Running contrast 161/1300
deg_analysis_31124716_12.out:    Running contrast 166/1300
deg_analysis_31124716_12.out:    Running contrast 171/1300
deg_analysis_31124716_12.out:    Running contrast 176/1300
deg_analysis_31124716_12.out:    Running contrast 181/1300
deg_analysis_31124716_12.out:    Running contrast 186/1300
deg_analysis_31124716_12.out:    Running contrast 191/1300
deg_analysis_31124716_12.out:    Running contrast 196/1300
deg_analysis_31124716_12.out:    Running contrast 201/1300
deg_analysis_31124716_12.out:    Running contrast 206/1300
deg_analysis_31124716_12.out:    Running contrast 211/1300
deg_analysis_31124716_12.out:    Running contrast 216/1300
deg_analysis_31124716_12.out:    Running contrast 221/1300
deg_analysis_31124716_12.out:    Running contrast 226/1300
deg_analysis_31124716_12.out:    Running contrast 231/1300
deg_analysis_31124716_12.out:    Running contrast 236/1300
deg_analysis_31124716_12.out:    Running contrast 241/1300
deg_analysis_31124716_12.out:    Running contrast 246/1300
deg_analysis_31124716_12.out:    Running contrast 251/1300
deg_analysis_31124716_12.out:    Running contrast 256/1300
deg_analysis_31124716_12.out:    Running contrast 261/1300
deg_analysis_31124716_12.out:    Running contrast 266/1300
deg_analysis_31124716_12.out:    Running contrast 271/1300
deg_analysis_31124716_12.out:    Running contrast 276/1300
deg_analysis_31124716_12.out:    Running contrast 281/1300
deg_analysis_31124716_12.out:    Running contrast 286/1300
deg_analysis_31124716_12.out:    Running contrast 291/1300
deg_analysis_31124716_12.out:    Running contrast 296/1300
deg_analysis_31124716_12.out:    Running contrast 301/1300
deg_analysis_31124716_12.out:    Running contrast 306/1300
deg_analysis_31124716_12.out:    Running contrast 311/1300
deg_analysis_31124716_12.out:    Running contrast 316/1300
deg_analysis_31124716_12.out:    Running contrast 321/1300
deg_analysis_31124716_12.out:    Running contrast 326/1300
deg_analysis_31124716_12.out:    Running contrast 331/1300
deg_analysis_31124716_12.out:    Running contrast 336/1300
deg_analysis_31124716_12.out:    Running contrast 341/1300
deg_analysis_31124716_12.out:    Running contrast 346/1300
deg_analysis_31124716_12.out:    Running contrast 351/1300
deg_analysis_31124716_12.out:    Running contrast 356/1300
deg_analysis_31124716_12.out:    Running contrast 361/1300
deg_analysis_31124716_12.out:    Running contrast 366/1300
deg_analysis_31124716_12.out:    Running contrast 371/1300
deg_analysis_31124716_12.out:    Running contrast 376/1300
deg_analysis_31124716_12.out:    Running contrast 381/1300
deg_analysis_31124716_12.out:    Running contrast 386/1300
deg_analysis_31124716_12.out:    Running contrast 391/1300
deg_analysis_31124716_12.out:    Running contrast 396/1300
deg_analysis_31124716_12.out:    Running contrast 401/1300
deg_analysis_31124716_12.out:    Running contrast 406/1300
deg_analysis_31124716_12.out:    Running contrast 411/1300
deg_analysis_31124716_12.out:    Running contrast 416/1300
deg_analysis_31124716_12.out:    Running contrast 421/1300
deg_analysis_31124716_12.out:    Running contrast 426/1300
deg_analysis_31124716_12.out:    Running contrast 431/1300
deg_analysis_31124716_12.out:    Running contrast 436/1300
deg_analysis_31124716_12.out:    Running contrast 441/1300
deg_analysis_31124716_12.out:    Running contrast 446/1300
deg_analysis_31124716_12.out:    Running contrast 451/1300
deg_analysis_31124716_12.out:    Running contrast 456/1300
deg_analysis_31124716_12.out:    Running contrast 461/1300
deg_analysis_31124716_12.out:    Running contrast 466/1300
deg_analysis_31124716_12.out:    Running contrast 471/1300
deg_analysis_31124716_12.out:    Running contrast 476/1300
deg_analysis_31124716_12.out:    Running contrast 481/1300
deg_analysis_31124716_12.out:    Running contrast 486/1300
deg_analysis_31124716_12.out:    Running contrast 491/1300
deg_analysis_31124716_12.out:    Running contrast 496/1300
deg_analysis_31124716_12.out:    Running contrast 501/1300
deg_analysis_31124716_12.out:    Running contrast 506/1300
deg_analysis_31124716_12.out:    Running contrast 511/1300
deg_analysis_31124716_12.out:    Running contrast 516/1300
deg_analysis_31124716_12.out:    Running contrast 521/1300
deg_analysis_31124716_12.out:    Running contrast 526/1300
deg_analysis_31124716_12.out:    Running contrast 531/1300
deg_analysis_31124716_12.out:    Running contrast 536/1300
deg_analysis_31124716_12.out:    Running contrast 541/1300
deg_analysis_31124716_12.out:    Running contrast 546/1300
deg_analysis_31124716_12.out:    Running contrast 551/1300
deg_analysis_31124716_12.out:    Running contrast 556/1300
deg_analysis_31124716_12.out:    Running contrast 561/1300
deg_analysis_31124716_12.out:    Running contrast 566/1300
deg_analysis_31124716_12.out:    Running contrast 571/1300
deg_analysis_31124716_12.out:    Running contrast 576/1300
deg_analysis_31124716_12.out:    Running contrast 581/1300
deg_analysis_31124716_12.out:    Running contrast 586/1300
deg_analysis_31124716_12.out:    Running contrast 591/1300
deg_analysis_31124716_12.out:    Running contrast 596/1300
deg_analysis_31124716_12.out:    Running contrast 601/1300
deg_analysis_31124716_12.out:    Running contrast 606/1300
deg_analysis_31124716_12.out:    Running contrast 611/1300
deg_analysis_31124716_12.out:    Running contrast 616/1300
deg_analysis_31124716_12.out:    Running contrast 621/1300
deg_analysis_31124716_12.out:    Running contrast 626/1300
deg_analysis_31124716_12.out:    Running contrast 631/1300
deg_analysis_31124716_12.out:    Running contrast 636/1300
deg_analysis_31124716_12.out:    Running contrast 641/1300
deg_analysis_31124716_12.out:    Running contrast 646/1300
deg_analysis_31124716_12.out:    Running contrast 651/1300
deg_analysis_31124716_12.out:    Running contrast 656/1300
deg_analysis_31124716_12.out:    Running contrast 661/1300
deg_analysis_31124716_12.out:    Running contrast 666/1300
deg_analysis_31124716_12.out:    Running contrast 671/1300
deg_analysis_31124716_12.out:    Running contrast 676/1300
deg_analysis_31124716_12.out:    Running contrast 681/1300
deg_analysis_31124716_12.out:    Running contrast 686/1300
deg_analysis_31124716_12.out:    Running contrast 691/1300
deg_analysis_31124716_12.out:    Running contrast 696/1300
deg_analysis_31124716_12.out:    Running contrast 701/1300
deg_analysis_31124716_12.out:    Running contrast 706/1300
deg_analysis_31124716_12.out:    Running contrast 711/1300
deg_analysis_31124716_12.out:    Running contrast 716/1300
deg_analysis_31124716_12.out:    Running contrast 721/1300
deg_analysis_31124716_12.out:    Running contrast 726/1300
deg_analysis_31124716_12.out:    Running contrast 731/1300
deg_analysis_31124716_12.out:    Running contrast 736/1300
deg_analysis_31124716_12.out:    Running contrast 741/1300
deg_analysis_31124716_12.out:    Running contrast 746/1300
deg_analysis_31124716_12.out:    Running contrast 751/1300
deg_analysis_31124716_12.out:    Running contrast 756/1300
deg_analysis_31124716_12.out:    Running contrast 761/1300
deg_analysis_31124716_12.out:    Running contrast 766/1300
deg_analysis_31124716_12.out:    Running contrast 771/1300
deg_analysis_31124716_12.out:    Running contrast 776/1300
deg_analysis_31124716_12.out:    Running contrast 781/1300
deg_analysis_31124716_12.out:    Running contrast 786/1300
deg_analysis_31124716_12.out:    Running contrast 791/1300
deg_analysis_31124716_12.out:    Running contrast 796/1300
deg_analysis_31124716_12.out:    Running contrast 801/1300
deg_analysis_31124716_12.out:    Running contrast 806/1300
deg_analysis_31124716_12.out:    Running contrast 811/1300
deg_analysis_31124716_12.out:    Running contrast 816/1300
deg_analysis_31124716_12.out:    Running contrast 821/1300
deg_analysis_31124716_12.out:    Running contrast 826/1300
deg_analysis_31124716_12.out:    Running contrast 831/1300
deg_analysis_31124716_12.out:    Running contrast 836/1300
deg_analysis_31124716_12.out:    Running contrast 841/1300
deg_analysis_31124716_12.out:    Running contrast 846/1300
deg_analysis_31124716_12.out:    Running contrast 851/1300
deg_analysis_31124716_12.out:    Running contrast 856/1300
deg_analysis_31124716_12.out:    Running contrast 861/1300
deg_analysis_31124716_12.out:    Running contrast 866/1300
deg_analysis_31124716_12.out:    Running contrast 871/1300
deg_analysis_31124716_12.out:    Running contrast 876/1300
deg_analysis_31124716_12.out:    Running contrast 881/1300
deg_analysis_31124716_12.out:    Running contrast 886/1300
deg_analysis_31124716_12.out:    Running contrast 891/1300
deg_analysis_31124716_12.out:    Running contrast 896/1300
deg_analysis_31124716_12.out:    Running contrast 901/1300
deg_analysis_31124716_12.out:    Running contrast 906/1300
deg_analysis_31124716_12.out:    Running contrast 911/1300
deg_analysis_31124716_12.out:    Running contrast 916/1300
deg_analysis_31124716_12.out:    Running contrast 921/1300
deg_analysis_31124716_12.out:    Running contrast 926/1300
deg_analysis_31124716_12.out:    Running contrast 931/1300
deg_analysis_31124716_12.out:    Running contrast 936/1300
deg_analysis_31124716_12.out:    Running contrast 941/1300
deg_analysis_31124716_12.out:    Running contrast 946/1300
deg_analysis_31124716_12.out:    Running contrast 951/1300
deg_analysis_31124716_12.out:    Running contrast 956/1300
deg_analysis_31124716_12.out:    Running contrast 961/1300
deg_analysis_31124716_12.out:    Running contrast 966/1300
deg_analysis_31124716_12.out:    Running contrast 971/1300
deg_analysis_31124716_12.out:    Running contrast 976/1300
deg_analysis_31124716_12.out:    Running contrast 981/1300
deg_analysis_31124716_12.out:    Running contrast 986/1300
deg_analysis_31124716_12.out:    Running contrast 991/1300
deg_analysis_31124716_12.out:    Running contrast 996/1300
deg_analysis_31124716_12.out:    Running contrast 1001/1300
deg_analysis_31124716_12.out:    Running contrast 1006/1300
deg_analysis_31124716_12.out:    Running contrast 1011/1300
deg_analysis_31124716_12.out:    Running contrast 1016/1300
deg_analysis_31124716_12.out:    Running contrast 1021/1300
deg_analysis_31124716_12.out:    Running contrast 1026/1300
deg_analysis_31124716_12.out:    Running contrast 1031/1300
deg_analysis_31124716_12.out:    Running contrast 1036/1300
deg_analysis_31124716_12.out:    Running contrast 1041/1300
deg_analysis_31124716_12.out:    Running contrast 1046/1300
deg_analysis_31124716_12.out:    Running contrast 1051/1300
deg_analysis_31124716_12.out:    Running contrast 1056/1300
deg_analysis_31124716_12.out:    Running contrast 1061/1300
deg_analysis_31124716_12.out:    Running contrast 1066/1300
deg_analysis_31124716_12.out:    Running contrast 1071/1300
deg_analysis_31124716_12.out:    Running contrast 1076/1300
deg_analysis_31124716_12.out:    Running contrast 1081/1300
deg_analysis_31124716_12.out:    Running contrast 1086/1300
deg_analysis_31124716_12.out:    Running contrast 1091/1300
deg_analysis_31124716_12.out:    Running contrast 1096/1300
deg_analysis_31124716_12.out:    Running contrast 1101/1300
deg_analysis_31124716_12.out:    Running contrast 1106/1300
deg_analysis_31124716_12.out:    Running contrast 1111/1300
deg_analysis_31124716_12.out:    Running contrast 1116/1300
deg_analysis_31124716_12.out:    Running contrast 1121/1300
deg_analysis_31124716_12.out:    Running contrast 1126/1300
deg_analysis_31124716_12.out:    Running contrast 1131/1300
deg_analysis_31124716_12.out:    Running contrast 1136/1300
deg_analysis_31124716_12.out:    Running contrast 1141/1300
deg_analysis_31124716_12.out:    Running contrast 1146/1300
deg_analysis_31124716_12.out:    Running contrast 1151/1300
deg_analysis_31124716_12.out:    Running contrast 1156/1300
deg_analysis_31124716_12.out:    Running contrast 1161/1300
deg_analysis_31124716_12.out:    Running contrast 1166/1300
deg_analysis_31124716_12.out:    Running contrast 1171/1300
deg_analysis_31124716_12.out:    Running contrast 1176/1300
deg_analysis_31124716_12.out:    Running contrast 1181/1300
deg_analysis_31124716_12.out:    Running contrast 1186/1300
deg_analysis_31124716_12.out:    Running contrast 1191/1300
deg_analysis_31124716_12.out:    Running contrast 1196/1300
deg_analysis_31124716_12.out:    Running contrast 1201/1300
deg_analysis_31124716_12.out:    Running contrast 1206/1300
deg_analysis_31124716_12.out:    Running contrast 1211/1300
deg_analysis_31124716_12.out:    Running contrast 1216/1300
deg_analysis_31124716_12.out:    Running contrast 1221/1300
deg_analysis_31124716_12.out:    Running contrast 1226/1300
deg_analysis_31124716_12.out:    Running contrast 1231/1300
deg_analysis_31124716_12.out:    Running contrast 1236/1300
deg_analysis_31124716_12.out:    Running contrast 1241/1300
deg_analysis_31124716_12.out:    Running contrast 1246/1300
deg_analysis_31124716_12.out:    Running contrast 1251/1300
deg_analysis_31124716_12.out:    Running contrast 1256/1300
deg_analysis_31124716_12.out:    Running contrast 1261/1300
deg_analysis_31124716_12.out:    Running contrast 1266/1300
deg_analysis_31124716_12.out:    Running contrast 1271/1300
deg_analysis_31124716_12.out:    Running contrast 1276/1300
deg_analysis_31124716_12.out:    Running contrast 1281/1300
deg_analysis_31124716_12.out:    Running contrast 1286/1300
deg_analysis_31124716_12.out:    Running contrast 1291/1300
deg_analysis_31124716_12.out:    Running contrast 1296/1300
deg_analysis_31124716_12.out:    Running contrast 1300/1300
deg_analysis_31124716_12.out:
deg_analysis_31124716_12.out:    Writing:  ./data/tahoe/deg_data/sep_rep/full/qc_false/filter_min_cells_50/CVCL_0334_de.h5ad 
deg_analysis_31124716_12.out:
deg_analysis_31124716_12.out:    Rewriting h5ad file: ./data/tahoe/deg_data/sep_rep/full/qc_false/filter_min_cells_50/CVCL_0334_de.h5ad 
deg_analysis_31124716_12.out:    Removed X matrix
deg_analysis_31124716_12.out:    Rewriting h5ad file is done!
deg_analysis_31124716_12.out:✓ Cell line completed in 11876.1 seconds
deg_analysis_31124716_12.out:
deg_analysis_31124716_12.out:DE analysis completed!
deg_analysis_31124716_12.out:
deg_analysis_31124716_12.out:Total runtime: 11889.0 seconds
deg_analysis_31124716_13.out:
deg_analysis_31124716_13.out:DE analysis started...
deg_analysis_31124716_13.out:Loaded input file:  ./data/tahoe/pseudobulk_processed/sep_rep/by_celltype/CVCL_0359_processed.h5ad 
deg_analysis_31124716_13.out:Initial dimensions:  1342  samples ×  62710  genes
deg_analysis_31124716_13.out:Filter samples with the low number of cells
deg_analysis_31124716_13.out:    Filter threshold (min_cells):  50 
deg_analysis_31124716_13.out:    n_obs:  1342 -->  1329 
deg_analysis_31124716_13.out:
deg_analysis_31124716_13.out:▶︎ Processing cell_type  1 / 1 :  CVCL_0359 
deg_analysis_31124716_13.out:    Filter controls by  pert_time_h  column
deg_analysis_31124716_13.out:        n_obs:  1329 -->  1329 
deg_analysis_31124716_13.out:
deg_analysis_31124716_13.out:    Running contrast 1/1301
deg_analysis_31124716_13.out:    Running contrast 6/1301
deg_analysis_31124716_13.out:    Running contrast 11/1301
deg_analysis_31124716_13.out:    Running contrast 16/1301
deg_analysis_31124716_13.out:    Running contrast 21/1301
deg_analysis_31124716_13.out:    Running contrast 26/1301
deg_analysis_31124716_13.out:    Running contrast 31/1301
deg_analysis_31124716_13.out:    Running contrast 36/1301
deg_analysis_31124716_13.out:    Running contrast 41/1301
deg_analysis_31124716_13.out:    Running contrast 46/1301
deg_analysis_31124716_13.out:    Running contrast 51/1301
deg_analysis_31124716_13.out:    Running contrast 56/1301
deg_analysis_31124716_13.out:    Running contrast 61/1301
deg_analysis_31124716_13.out:    Running contrast 66/1301
deg_analysis_31124716_13.out:    Running contrast 71/1301
deg_analysis_31124716_13.out:    Running contrast 76/1301
deg_analysis_31124716_13.out:    Running contrast 81/1301
deg_analysis_31124716_13.out:    Running contrast 86/1301
deg_analysis_31124716_13.out:    Running contrast 91/1301
deg_analysis_31124716_13.out:    Running contrast 96/1301
deg_analysis_31124716_13.out:    Running contrast 101/1301
deg_analysis_31124716_13.out:    Running contrast 106/1301
deg_analysis_31124716_13.out:    Running contrast 111/1301
deg_analysis_31124716_13.out:    Running contrast 116/1301
deg_analysis_31124716_13.out:    Running contrast 121/1301
deg_analysis_31124716_13.out:    Running contrast 126/1301
deg_analysis_31124716_13.out:    Running contrast 131/1301
deg_analysis_31124716_13.out:    Running contrast 136/1301
deg_analysis_31124716_13.out:    Running contrast 141/1301
deg_analysis_31124716_13.out:    Running contrast 146/1301
deg_analysis_31124716_13.out:    Running contrast 151/1301
deg_analysis_31124716_13.out:    Running contrast 156/1301
deg_analysis_31124716_13.out:    Running contrast 161/1301
deg_analysis_31124716_13.out:    Running contrast 166/1301
deg_analysis_31124716_13.out:    Running contrast 171/1301
deg_analysis_31124716_13.out:    Running contrast 176/1301
deg_analysis_31124716_13.out:    Running contrast 181/1301
deg_analysis_31124716_13.out:    Running contrast 186/1301
deg_analysis_31124716_13.out:    Running contrast 191/1301
deg_analysis_31124716_13.out:    Running contrast 196/1301
deg_analysis_31124716_13.out:    Running contrast 201/1301
deg_analysis_31124716_13.out:    Running contrast 206/1301
deg_analysis_31124716_13.out:    Running contrast 211/1301
deg_analysis_31124716_13.out:    Running contrast 216/1301
deg_analysis_31124716_13.out:    Running contrast 221/1301
deg_analysis_31124716_13.out:    Running contrast 226/1301
deg_analysis_31124716_13.out:    Running contrast 231/1301
deg_analysis_31124716_13.out:    Running contrast 236/1301
deg_analysis_31124716_13.out:    Running contrast 241/1301
deg_analysis_31124716_13.out:    Running contrast 246/1301
deg_analysis_31124716_13.out:    Running contrast 251/1301
deg_analysis_31124716_13.out:    Running contrast 256/1301
deg_analysis_31124716_13.out:    Running contrast 261/1301
deg_analysis_31124716_13.out:    Running contrast 266/1301
deg_analysis_31124716_13.out:    Running contrast 271/1301
deg_analysis_31124716_13.out:    Running contrast 276/1301
deg_analysis_31124716_13.out:    Running contrast 281/1301
deg_analysis_31124716_13.out:    Running contrast 286/1301
deg_analysis_31124716_13.out:    Running contrast 291/1301
deg_analysis_31124716_13.out:    Running contrast 296/1301
deg_analysis_31124716_13.out:    Running contrast 301/1301
deg_analysis_31124716_13.out:    Running contrast 306/1301
deg_analysis_31124716_13.out:    Running contrast 311/1301
deg_analysis_31124716_13.out:    Running contrast 316/1301
deg_analysis_31124716_13.out:    Running contrast 321/1301
deg_analysis_31124716_13.out:    Running contrast 326/1301
deg_analysis_31124716_13.out:    Running contrast 331/1301
deg_analysis_31124716_13.out:    Running contrast 336/1301
deg_analysis_31124716_13.out:    Running contrast 341/1301
deg_analysis_31124716_13.out:    Running contrast 346/1301
deg_analysis_31124716_13.out:    Running contrast 351/1301
deg_analysis_31124716_13.out:    Running contrast 356/1301
deg_analysis_31124716_13.out:    Running contrast 361/1301
deg_analysis_31124716_13.out:    Running contrast 366/1301
deg_analysis_31124716_13.out:    Running contrast 371/1301
deg_analysis_31124716_13.out:    Running contrast 376/1301
deg_analysis_31124716_13.out:    Running contrast 381/1301
deg_analysis_31124716_13.out:    Running contrast 386/1301
deg_analysis_31124716_13.out:    Running contrast 391/1301
deg_analysis_31124716_13.out:    Running contrast 396/1301
deg_analysis_31124716_13.out:    Running contrast 401/1301
deg_analysis_31124716_13.out:    Running contrast 406/1301
deg_analysis_31124716_13.out:    Running contrast 411/1301
deg_analysis_31124716_13.out:    Running contrast 416/1301
deg_analysis_31124716_13.out:    Running contrast 421/1301
deg_analysis_31124716_13.out:    Running contrast 426/1301
deg_analysis_31124716_13.out:    Running contrast 431/1301
deg_analysis_31124716_13.out:    Running contrast 436/1301
deg_analysis_31124716_13.out:    Running contrast 441/1301
deg_analysis_31124716_13.out:    Running contrast 446/1301
deg_analysis_31124716_13.out:    Running contrast 451/1301
deg_analysis_31124716_13.out:    Running contrast 456/1301
deg_analysis_31124716_13.out:    Running contrast 461/1301
deg_analysis_31124716_13.out:    Running contrast 466/1301
deg_analysis_31124716_13.out:    Running contrast 471/1301
deg_analysis_31124716_13.out:    Running contrast 476/1301
deg_analysis_31124716_13.out:    Running contrast 481/1301
deg_analysis_31124716_13.out:    Running contrast 486/1301
deg_analysis_31124716_13.out:    Running contrast 491/1301
deg_analysis_31124716_13.out:    Running contrast 496/1301
deg_analysis_31124716_13.out:    Running contrast 501/1301
deg_analysis_31124716_13.out:    Running contrast 506/1301
deg_analysis_31124716_13.out:    Running contrast 511/1301
deg_analysis_31124716_13.out:    Running contrast 516/1301
deg_analysis_31124716_13.out:    Running contrast 521/1301
deg_analysis_31124716_13.out:    Running contrast 526/1301
deg_analysis_31124716_13.out:    Running contrast 531/1301
deg_analysis_31124716_13.out:    Running contrast 536/1301
deg_analysis_31124716_13.out:    Running contrast 541/1301
deg_analysis_31124716_13.out:    Running contrast 546/1301
deg_analysis_31124716_13.out:    Running contrast 551/1301
deg_analysis_31124716_13.out:    Running contrast 556/1301
deg_analysis_31124716_13.out:    Running contrast 561/1301
deg_analysis_31124716_13.out:    Running contrast 566/1301
deg_analysis_31124716_13.out:    Running contrast 571/1301
deg_analysis_31124716_13.out:    Running contrast 576/1301
deg_analysis_31124716_13.out:    Running contrast 581/1301
deg_analysis_31124716_13.out:    Running contrast 586/1301
deg_analysis_31124716_13.out:    Running contrast 591/1301
deg_analysis_31124716_13.out:    Running contrast 596/1301
deg_analysis_31124716_13.out:    Running contrast 601/1301
deg_analysis_31124716_13.out:    Running contrast 606/1301
deg_analysis_31124716_13.out:    Running contrast 611/1301
deg_analysis_31124716_13.out:    Running contrast 616/1301
deg_analysis_31124716_13.out:    Running contrast 621/1301
deg_analysis_31124716_13.out:    Running contrast 626/1301
deg_analysis_31124716_13.out:    Running contrast 631/1301
deg_analysis_31124716_13.out:    Running contrast 636/1301
deg_analysis_31124716_13.out:    Running contrast 641/1301
deg_analysis_31124716_13.out:    Running contrast 646/1301
deg_analysis_31124716_13.out:    Running contrast 651/1301
deg_analysis_31124716_13.out:    Running contrast 656/1301
deg_analysis_31124716_13.out:    Running contrast 661/1301
deg_analysis_31124716_13.out:    Running contrast 666/1301
deg_analysis_31124716_13.out:    Running contrast 671/1301
deg_analysis_31124716_13.out:    Running contrast 676/1301
deg_analysis_31124716_13.out:    Running contrast 681/1301
deg_analysis_31124716_13.out:    Running contrast 686/1301
deg_analysis_31124716_13.out:    Running contrast 691/1301
deg_analysis_31124716_13.out:    Running contrast 696/1301
deg_analysis_31124716_13.out:    Running contrast 701/1301
deg_analysis_31124716_13.out:    Running contrast 706/1301
deg_analysis_31124716_13.out:    Running contrast 711/1301
deg_analysis_31124716_13.out:    Running contrast 716/1301
deg_analysis_31124716_13.out:    Running contrast 721/1301
deg_analysis_31124716_13.out:    Running contrast 726/1301
deg_analysis_31124716_13.out:    Running contrast 731/1301
deg_analysis_31124716_13.out:    Running contrast 736/1301
deg_analysis_31124716_13.out:    Running contrast 741/1301
deg_analysis_31124716_13.out:    Running contrast 746/1301
deg_analysis_31124716_13.out:    Running contrast 751/1301
deg_analysis_31124716_13.out:    Running contrast 756/1301
deg_analysis_31124716_13.out:    Running contrast 761/1301
deg_analysis_31124716_13.out:    Running contrast 766/1301
deg_analysis_31124716_13.out:    Running contrast 771/1301
deg_analysis_31124716_13.out:    Running contrast 776/1301
deg_analysis_31124716_13.out:    Running contrast 781/1301
deg_analysis_31124716_13.out:    Running contrast 786/1301
deg_analysis_31124716_13.out:    Running contrast 791/1301
deg_analysis_31124716_13.out:    Running contrast 796/1301
deg_analysis_31124716_13.out:    Running contrast 801/1301
deg_analysis_31124716_13.out:    Running contrast 806/1301
deg_analysis_31124716_13.out:    Running contrast 811/1301
deg_analysis_31124716_13.out:    Running contrast 816/1301
deg_analysis_31124716_13.out:    Running contrast 821/1301
deg_analysis_31124716_13.out:    Running contrast 826/1301
deg_analysis_31124716_13.out:    Running contrast 831/1301
deg_analysis_31124716_13.out:    Running contrast 836/1301
deg_analysis_31124716_13.out:    Running contrast 841/1301
deg_analysis_31124716_13.out:    Running contrast 846/1301
deg_analysis_31124716_13.out:    Running contrast 851/1301
deg_analysis_31124716_13.out:    Running contrast 856/1301
deg_analysis_31124716_13.out:    Running contrast 861/1301
deg_analysis_31124716_13.out:    Running contrast 866/1301
deg_analysis_31124716_13.out:    Running contrast 871/1301
deg_analysis_31124716_13.out:    Running contrast 876/1301
deg_analysis_31124716_13.out:    Running contrast 881/1301
deg_analysis_31124716_13.out:    Running contrast 886/1301
deg_analysis_31124716_13.out:    Running contrast 891/1301
deg_analysis_31124716_13.out:    Running contrast 896/1301
deg_analysis_31124716_13.out:    Running contrast 901/1301
deg_analysis_31124716_13.out:    Running contrast 906/1301
deg_analysis_31124716_13.out:    Running contrast 911/1301
deg_analysis_31124716_13.out:    Running contrast 916/1301
deg_analysis_31124716_13.out:    Running contrast 921/1301
deg_analysis_31124716_13.out:    Running contrast 926/1301
deg_analysis_31124716_13.out:    Running contrast 931/1301
deg_analysis_31124716_13.out:    Running contrast 936/1301
deg_analysis_31124716_13.out:    Running contrast 941/1301
deg_analysis_31124716_13.out:    Running contrast 946/1301
deg_analysis_31124716_13.out:    Running contrast 951/1301
deg_analysis_31124716_13.out:    Running contrast 956/1301
deg_analysis_31124716_13.out:    Running contrast 961/1301
deg_analysis_31124716_13.out:    Running contrast 966/1301
deg_analysis_31124716_13.out:    Running contrast 971/1301
deg_analysis_31124716_13.out:    Running contrast 976/1301
deg_analysis_31124716_13.out:    Running contrast 981/1301
deg_analysis_31124716_13.out:    Running contrast 986/1301
deg_analysis_31124716_13.out:    Running contrast 991/1301
deg_analysis_31124716_13.out:    Running contrast 996/1301
deg_analysis_31124716_13.out:    Running contrast 1001/1301
deg_analysis_31124716_13.out:    Running contrast 1006/1301
deg_analysis_31124716_13.out:    Running contrast 1011/1301
deg_analysis_31124716_13.out:    Running contrast 1016/1301
deg_analysis_31124716_13.out:    Running contrast 1021/1301
deg_analysis_31124716_13.out:    Running contrast 1026/1301
deg_analysis_31124716_13.out:    Running contrast 1031/1301
deg_analysis_31124716_13.out:    Running contrast 1036/1301
deg_analysis_31124716_13.out:    Running contrast 1041/1301
deg_analysis_31124716_13.out:    Running contrast 1046/1301
deg_analysis_31124716_13.out:    Running contrast 1051/1301
deg_analysis_31124716_13.out:    Running contrast 1056/1301
deg_analysis_31124716_13.out:    Running contrast 1061/1301
deg_analysis_31124716_13.out:    Running contrast 1066/1301
deg_analysis_31124716_13.out:    Running contrast 1071/1301
deg_analysis_31124716_13.out:    Running contrast 1076/1301
deg_analysis_31124716_13.out:    Running contrast 1081/1301
deg_analysis_31124716_13.out:    Running contrast 1086/1301
deg_analysis_31124716_13.out:    Running contrast 1091/1301
deg_analysis_31124716_13.out:    Running contrast 1096/1301
deg_analysis_31124716_13.out:    Running contrast 1101/1301
deg_analysis_31124716_13.out:    Running contrast 1106/1301
deg_analysis_31124716_13.out:    Running contrast 1111/1301
deg_analysis_31124716_13.out:    Running contrast 1116/1301
deg_analysis_31124716_13.out:    Running contrast 1121/1301
deg_analysis_31124716_13.out:    Running contrast 1126/1301
deg_analysis_31124716_13.out:    Running contrast 1131/1301
deg_analysis_31124716_13.out:    Running contrast 1136/1301
deg_analysis_31124716_13.out:    Running contrast 1141/1301
deg_analysis_31124716_13.out:    Running contrast 1146/1301
deg_analysis_31124716_13.out:    Running contrast 1151/1301
deg_analysis_31124716_13.out:    Running contrast 1156/1301
deg_analysis_31124716_13.out:    Running contrast 1161/1301
deg_analysis_31124716_13.out:    Running contrast 1166/1301
deg_analysis_31124716_13.out:    Running contrast 1171/1301
deg_analysis_31124716_13.out:    Running contrast 1176/1301
deg_analysis_31124716_13.out:    Running contrast 1181/1301
deg_analysis_31124716_13.out:    Running contrast 1186/1301
deg_analysis_31124716_13.out:    Running contrast 1191/1301
deg_analysis_31124716_13.out:    Running contrast 1196/1301
deg_analysis_31124716_13.out:    Running contrast 1201/1301
deg_analysis_31124716_13.out:    Running contrast 1206/1301
deg_analysis_31124716_13.out:    Running contrast 1211/1301
deg_analysis_31124716_13.out:    Running contrast 1216/1301
deg_analysis_31124716_13.out:    Running contrast 1221/1301
deg_analysis_31124716_13.out:    Running contrast 1226/1301
deg_analysis_31124716_13.out:    Running contrast 1231/1301
deg_analysis_31124716_13.out:    Running contrast 1236/1301
deg_analysis_31124716_13.out:    Running contrast 1241/1301
deg_analysis_31124716_13.out:    Running contrast 1246/1301
deg_analysis_31124716_13.out:    Running contrast 1251/1301
deg_analysis_31124716_13.out:    Running contrast 1256/1301
deg_analysis_31124716_13.out:    Running contrast 1261/1301
deg_analysis_31124716_13.out:    Running contrast 1266/1301
deg_analysis_31124716_13.out:    Running contrast 1271/1301
deg_analysis_31124716_13.out:    Running contrast 1276/1301
deg_analysis_31124716_13.out:    Running contrast 1281/1301
deg_analysis_31124716_13.out:    Running contrast 1286/1301
deg_analysis_31124716_13.out:    Running contrast 1291/1301
deg_analysis_31124716_13.out:    Running contrast 1296/1301
deg_analysis_31124716_13.out:    Running contrast 1301/1301
deg_analysis_31124716_13.out:
deg_analysis_31124716_13.out:    Writing:  ./data/tahoe/deg_data/sep_rep/full/qc_false/filter_min_cells_50/CVCL_0359_de.h5ad 
deg_analysis_31124716_13.out:
deg_analysis_31124716_13.out:    Rewriting h5ad file: ./data/tahoe/deg_data/sep_rep/full/qc_false/filter_min_cells_50/CVCL_0359_de.h5ad 
deg_analysis_31124716_13.out:    Removed X matrix
deg_analysis_31124716_13.out:    Rewriting h5ad file is done!
deg_analysis_31124716_13.out:✓ Cell line completed in 10029.2 seconds
deg_analysis_31124716_13.out:
deg_analysis_31124716_13.out:DE analysis completed!
deg_analysis_31124716_13.out:
deg_analysis_31124716_13.out:Total runtime: 10042.5 seconds
deg_analysis_31124716_14.out:
deg_analysis_31124716_14.out:DE analysis started...
deg_analysis_31124716_14.out:Loaded input file:  ./data/tahoe/pseudobulk_processed/sep_rep/by_celltype/CVCL_0366_processed.h5ad 
deg_analysis_31124716_14.out:Initial dimensions:  1344  samples ×  62710  genes
deg_analysis_31124716_14.out:Filter samples with the low number of cells
deg_analysis_31124716_14.out:    Filter threshold (min_cells):  50 
deg_analysis_31124716_14.out:    n_obs:  1344 -->  1329 
deg_analysis_31124716_14.out:
deg_analysis_31124716_14.out:▶︎ Processing cell_type  1 / 1 :  CVCL_0366 
deg_analysis_31124716_14.out:    Filter controls by  pert_time_h  column
deg_analysis_31124716_14.out:        n_obs:  1329 -->  1329 
deg_analysis_31124716_14.out:
deg_analysis_31124716_14.out:    Running contrast 1/1301
deg_analysis_31124716_14.out:    Running contrast 6/1301
deg_analysis_31124716_14.out:    Running contrast 11/1301
deg_analysis_31124716_14.out:    Running contrast 16/1301
deg_analysis_31124716_14.out:    Running contrast 21/1301
deg_analysis_31124716_14.out:    Running contrast 26/1301
deg_analysis_31124716_14.out:    Running contrast 31/1301
deg_analysis_31124716_14.out:    Running contrast 36/1301
deg_analysis_31124716_14.out:    Running contrast 41/1301
deg_analysis_31124716_14.out:    Running contrast 46/1301
deg_analysis_31124716_14.out:    Running contrast 51/1301
deg_analysis_31124716_14.out:    Running contrast 56/1301
deg_analysis_31124716_14.out:    Running contrast 61/1301
deg_analysis_31124716_14.out:    Running contrast 66/1301
deg_analysis_31124716_14.out:    Running contrast 71/1301
deg_analysis_31124716_14.out:    Running contrast 76/1301
deg_analysis_31124716_14.out:    Running contrast 81/1301
deg_analysis_31124716_14.out:    Running contrast 86/1301
deg_analysis_31124716_14.out:    Running contrast 91/1301
deg_analysis_31124716_14.out:    Running contrast 96/1301
deg_analysis_31124716_14.out:    Running contrast 101/1301
deg_analysis_31124716_14.out:    Running contrast 106/1301
deg_analysis_31124716_14.out:    Running contrast 111/1301
deg_analysis_31124716_14.out:    Running contrast 116/1301
deg_analysis_31124716_14.out:    Running contrast 121/1301
deg_analysis_31124716_14.out:    Running contrast 126/1301
deg_analysis_31124716_14.out:    Running contrast 131/1301
deg_analysis_31124716_14.out:    Running contrast 136/1301
deg_analysis_31124716_14.out:    Running contrast 141/1301
deg_analysis_31124716_14.out:    Running contrast 146/1301
deg_analysis_31124716_14.out:    Running contrast 151/1301
deg_analysis_31124716_14.out:    Running contrast 156/1301
deg_analysis_31124716_14.out:    Running contrast 161/1301
deg_analysis_31124716_14.out:    Running contrast 166/1301
deg_analysis_31124716_14.out:    Running contrast 171/1301
deg_analysis_31124716_14.out:    Running contrast 176/1301
deg_analysis_31124716_14.out:    Running contrast 181/1301
deg_analysis_31124716_14.out:    Running contrast 186/1301
deg_analysis_31124716_14.out:    Running contrast 191/1301
deg_analysis_31124716_14.out:    Running contrast 196/1301
deg_analysis_31124716_14.out:    Running contrast 201/1301
deg_analysis_31124716_14.out:    Running contrast 206/1301
deg_analysis_31124716_14.out:    Running contrast 211/1301
deg_analysis_31124716_14.out:    Running contrast 216/1301
deg_analysis_31124716_14.out:    Running contrast 221/1301
deg_analysis_31124716_14.out:    Running contrast 226/1301
deg_analysis_31124716_14.out:    Running contrast 231/1301
deg_analysis_31124716_14.out:    Running contrast 236/1301
deg_analysis_31124716_14.out:    Running contrast 241/1301
deg_analysis_31124716_14.out:    Running contrast 246/1301
deg_analysis_31124716_14.out:    Running contrast 251/1301
deg_analysis_31124716_14.out:    Running contrast 256/1301
deg_analysis_31124716_14.out:    Running contrast 261/1301
deg_analysis_31124716_14.out:    Running contrast 266/1301
deg_analysis_31124716_14.out:    Running contrast 271/1301
deg_analysis_31124716_14.out:    Running contrast 276/1301
deg_analysis_31124716_14.out:    Running contrast 281/1301
deg_analysis_31124716_14.out:    Running contrast 286/1301
deg_analysis_31124716_14.out:    Running contrast 291/1301
deg_analysis_31124716_14.out:    Running contrast 296/1301
deg_analysis_31124716_14.out:    Running contrast 301/1301
deg_analysis_31124716_14.out:    Running contrast 306/1301
deg_analysis_31124716_14.out:    Running contrast 311/1301
deg_analysis_31124716_14.out:    Running contrast 316/1301
deg_analysis_31124716_14.out:    Running contrast 321/1301
deg_analysis_31124716_14.out:    Running contrast 326/1301
deg_analysis_31124716_14.out:    Running contrast 331/1301
deg_analysis_31124716_14.out:    Running contrast 336/1301
deg_analysis_31124716_14.out:    Running contrast 341/1301
deg_analysis_31124716_14.out:    Running contrast 346/1301
deg_analysis_31124716_14.out:    Running contrast 351/1301
deg_analysis_31124716_14.out:    Running contrast 356/1301
deg_analysis_31124716_14.out:    Running contrast 361/1301
deg_analysis_31124716_14.out:    Running contrast 366/1301
deg_analysis_31124716_14.out:    Running contrast 371/1301
deg_analysis_31124716_14.out:    Running contrast 376/1301
deg_analysis_31124716_14.out:    Running contrast 381/1301
deg_analysis_31124716_14.out:    Running contrast 386/1301
deg_analysis_31124716_14.out:    Running contrast 391/1301
deg_analysis_31124716_14.out:    Running contrast 396/1301
deg_analysis_31124716_14.out:    Running contrast 401/1301
deg_analysis_31124716_14.out:    Running contrast 406/1301
deg_analysis_31124716_14.out:    Running contrast 411/1301
deg_analysis_31124716_14.out:    Running contrast 416/1301
deg_analysis_31124716_14.out:    Running contrast 421/1301
deg_analysis_31124716_14.out:    Running contrast 426/1301
deg_analysis_31124716_14.out:    Running contrast 431/1301
deg_analysis_31124716_14.out:    Running contrast 436/1301
deg_analysis_31124716_14.out:    Running contrast 441/1301
deg_analysis_31124716_14.out:    Running contrast 446/1301
deg_analysis_31124716_14.out:    Running contrast 451/1301
deg_analysis_31124716_14.out:    Running contrast 456/1301
deg_analysis_31124716_14.out:    Running contrast 461/1301
deg_analysis_31124716_14.out:    Running contrast 466/1301
deg_analysis_31124716_14.out:    Running contrast 471/1301
deg_analysis_31124716_14.out:    Running contrast 476/1301
deg_analysis_31124716_14.out:    Running contrast 481/1301
deg_analysis_31124716_14.out:    Running contrast 486/1301
deg_analysis_31124716_14.out:    Running contrast 491/1301
deg_analysis_31124716_14.out:    Running contrast 496/1301
deg_analysis_31124716_14.out:    Running contrast 501/1301
deg_analysis_31124716_14.out:    Running contrast 506/1301
deg_analysis_31124716_14.out:    Running contrast 511/1301
deg_analysis_31124716_14.out:    Running contrast 516/1301
deg_analysis_31124716_14.out:    Running contrast 521/1301
deg_analysis_31124716_14.out:    Running contrast 526/1301
deg_analysis_31124716_14.out:    Running contrast 531/1301
deg_analysis_31124716_14.out:    Running contrast 536/1301
deg_analysis_31124716_14.out:    Running contrast 541/1301
deg_analysis_31124716_14.out:    Running contrast 546/1301
deg_analysis_31124716_14.out:    Running contrast 551/1301
deg_analysis_31124716_14.out:    Running contrast 556/1301
deg_analysis_31124716_14.out:    Running contrast 561/1301
deg_analysis_31124716_14.out:    Running contrast 566/1301
deg_analysis_31124716_14.out:    Running contrast 571/1301
deg_analysis_31124716_14.out:    Running contrast 576/1301
deg_analysis_31124716_14.out:    Running contrast 581/1301
deg_analysis_31124716_14.out:    Running contrast 586/1301
deg_analysis_31124716_14.out:    Running contrast 591/1301
deg_analysis_31124716_14.out:    Running contrast 596/1301
deg_analysis_31124716_14.out:    Running contrast 601/1301
deg_analysis_31124716_14.out:    Running contrast 606/1301
deg_analysis_31124716_14.out:    Running contrast 611/1301
deg_analysis_31124716_14.out:    Running contrast 616/1301
deg_analysis_31124716_14.out:    Running contrast 621/1301
deg_analysis_31124716_14.out:    Running contrast 626/1301
deg_analysis_31124716_14.out:    Running contrast 631/1301
deg_analysis_31124716_14.out:    Running contrast 636/1301
deg_analysis_31124716_14.out:    Running contrast 641/1301
deg_analysis_31124716_14.out:    Running contrast 646/1301
deg_analysis_31124716_14.out:    Running contrast 651/1301
deg_analysis_31124716_14.out:    Running contrast 656/1301
deg_analysis_31124716_14.out:    Running contrast 661/1301
deg_analysis_31124716_14.out:    Running contrast 666/1301
deg_analysis_31124716_14.out:    Running contrast 671/1301
deg_analysis_31124716_14.out:    Running contrast 676/1301
deg_analysis_31124716_14.out:    Running contrast 681/1301
deg_analysis_31124716_14.out:    Running contrast 686/1301
deg_analysis_31124716_14.out:    Running contrast 691/1301
deg_analysis_31124716_14.out:    Running contrast 696/1301
deg_analysis_31124716_14.out:    Running contrast 701/1301
deg_analysis_31124716_14.out:    Running contrast 706/1301
deg_analysis_31124716_14.out:    Running contrast 711/1301
deg_analysis_31124716_14.out:    Running contrast 716/1301
deg_analysis_31124716_14.out:    Running contrast 721/1301
deg_analysis_31124716_14.out:    Running contrast 726/1301
deg_analysis_31124716_14.out:    Running contrast 731/1301
deg_analysis_31124716_14.out:    Running contrast 736/1301
deg_analysis_31124716_14.out:    Running contrast 741/1301
deg_analysis_31124716_14.out:    Running contrast 746/1301
deg_analysis_31124716_14.out:    Running contrast 751/1301
deg_analysis_31124716_14.out:    Running contrast 756/1301
deg_analysis_31124716_14.out:    Running contrast 761/1301
deg_analysis_31124716_14.out:    Running contrast 766/1301
deg_analysis_31124716_14.out:    Running contrast 771/1301
deg_analysis_31124716_14.out:    Running contrast 776/1301
deg_analysis_31124716_14.out:    Running contrast 781/1301
deg_analysis_31124716_14.out:    Running contrast 786/1301
deg_analysis_31124716_14.out:    Running contrast 791/1301
deg_analysis_31124716_14.out:    Running contrast 796/1301
deg_analysis_31124716_14.out:    Running contrast 801/1301
deg_analysis_31124716_14.out:    Running contrast 806/1301
deg_analysis_31124716_14.out:    Running contrast 811/1301
deg_analysis_31124716_14.out:    Running contrast 816/1301
deg_analysis_31124716_14.out:    Running contrast 821/1301
deg_analysis_31124716_14.out:    Running contrast 826/1301
deg_analysis_31124716_14.out:    Running contrast 831/1301
deg_analysis_31124716_14.out:    Running contrast 836/1301
deg_analysis_31124716_14.out:    Running contrast 841/1301
deg_analysis_31124716_14.out:    Running contrast 846/1301
deg_analysis_31124716_14.out:    Running contrast 851/1301
deg_analysis_31124716_14.out:    Running contrast 856/1301
deg_analysis_31124716_14.out:    Running contrast 861/1301
deg_analysis_31124716_14.out:    Running contrast 866/1301
deg_analysis_31124716_14.out:    Running contrast 871/1301
deg_analysis_31124716_14.out:    Running contrast 876/1301
deg_analysis_31124716_14.out:    Running contrast 881/1301
deg_analysis_31124716_14.out:    Running contrast 886/1301
deg_analysis_31124716_14.out:    Running contrast 891/1301
deg_analysis_31124716_14.out:    Running contrast 896/1301
deg_analysis_31124716_14.out:    Running contrast 901/1301
deg_analysis_31124716_14.out:    Running contrast 906/1301
deg_analysis_31124716_14.out:    Running contrast 911/1301
deg_analysis_31124716_14.out:    Running contrast 916/1301
deg_analysis_31124716_14.out:    Running contrast 921/1301
deg_analysis_31124716_14.out:    Running contrast 926/1301
deg_analysis_31124716_14.out:    Running contrast 931/1301
deg_analysis_31124716_14.out:    Running contrast 936/1301
deg_analysis_31124716_14.out:    Running contrast 941/1301
deg_analysis_31124716_14.out:    Running contrast 946/1301
deg_analysis_31124716_14.out:    Running contrast 951/1301
deg_analysis_31124716_14.out:    Running contrast 956/1301
deg_analysis_31124716_14.out:    Running contrast 961/1301
deg_analysis_31124716_14.out:    Running contrast 966/1301
deg_analysis_31124716_14.out:    Running contrast 971/1301
deg_analysis_31124716_14.out:    Running contrast 976/1301
deg_analysis_31124716_14.out:    Running contrast 981/1301
deg_analysis_31124716_14.out:    Running contrast 986/1301
deg_analysis_31124716_14.out:    Running contrast 991/1301
deg_analysis_31124716_14.out:    Running contrast 996/1301
deg_analysis_31124716_14.out:    Running contrast 1001/1301
deg_analysis_31124716_14.out:    Running contrast 1006/1301
deg_analysis_31124716_14.out:    Running contrast 1011/1301
deg_analysis_31124716_14.out:    Running contrast 1016/1301
deg_analysis_31124716_14.out:    Running contrast 1021/1301
deg_analysis_31124716_14.out:    Running contrast 1026/1301
deg_analysis_31124716_14.out:    Running contrast 1031/1301
deg_analysis_31124716_14.out:    Running contrast 1036/1301
deg_analysis_31124716_14.out:    Running contrast 1041/1301
deg_analysis_31124716_14.out:    Running contrast 1046/1301
deg_analysis_31124716_14.out:    Running contrast 1051/1301
deg_analysis_31124716_14.out:    Running contrast 1056/1301
deg_analysis_31124716_14.out:    Running contrast 1061/1301
deg_analysis_31124716_14.out:    Running contrast 1066/1301
deg_analysis_31124716_14.out:    Running contrast 1071/1301
deg_analysis_31124716_14.out:    Running contrast 1076/1301
deg_analysis_31124716_14.out:    Running contrast 1081/1301
deg_analysis_31124716_14.out:    Running contrast 1086/1301
deg_analysis_31124716_14.out:    Running contrast 1091/1301
deg_analysis_31124716_14.out:    Running contrast 1096/1301
deg_analysis_31124716_14.out:    Running contrast 1101/1301
deg_analysis_31124716_14.out:    Running contrast 1106/1301
deg_analysis_31124716_14.out:    Running contrast 1111/1301
deg_analysis_31124716_14.out:    Running contrast 1116/1301
deg_analysis_31124716_14.out:    Running contrast 1121/1301
deg_analysis_31124716_14.out:    Running contrast 1126/1301
deg_analysis_31124716_14.out:    Running contrast 1131/1301
deg_analysis_31124716_14.out:    Running contrast 1136/1301
deg_analysis_31124716_14.out:    Running contrast 1141/1301
deg_analysis_31124716_14.out:    Running contrast 1146/1301
deg_analysis_31124716_14.out:    Running contrast 1151/1301
deg_analysis_31124716_14.out:    Running contrast 1156/1301
deg_analysis_31124716_14.out:    Running contrast 1161/1301
deg_analysis_31124716_14.out:    Running contrast 1166/1301
deg_analysis_31124716_14.out:    Running contrast 1171/1301
deg_analysis_31124716_14.out:    Running contrast 1176/1301
deg_analysis_31124716_14.out:    Running contrast 1181/1301
deg_analysis_31124716_14.out:    Running contrast 1186/1301
deg_analysis_31124716_14.out:    Running contrast 1191/1301
deg_analysis_31124716_14.out:    Running contrast 1196/1301
deg_analysis_31124716_14.out:    Running contrast 1201/1301
deg_analysis_31124716_14.out:    Running contrast 1206/1301
deg_analysis_31124716_14.out:    Running contrast 1211/1301
deg_analysis_31124716_14.out:    Running contrast 1216/1301
deg_analysis_31124716_14.out:    Running contrast 1221/1301
deg_analysis_31124716_14.out:    Running contrast 1226/1301
deg_analysis_31124716_14.out:    Running contrast 1231/1301
deg_analysis_31124716_14.out:    Running contrast 1236/1301
deg_analysis_31124716_14.out:    Running contrast 1241/1301
deg_analysis_31124716_14.out:    Running contrast 1246/1301
deg_analysis_31124716_14.out:    Running contrast 1251/1301
deg_analysis_31124716_14.out:    Running contrast 1256/1301
deg_analysis_31124716_14.out:    Running contrast 1261/1301
deg_analysis_31124716_14.out:    Running contrast 1266/1301
deg_analysis_31124716_14.out:    Running contrast 1271/1301
deg_analysis_31124716_14.out:    Running contrast 1276/1301
deg_analysis_31124716_14.out:    Running contrast 1281/1301
deg_analysis_31124716_14.out:    Running contrast 1286/1301
deg_analysis_31124716_14.out:    Running contrast 1291/1301
deg_analysis_31124716_14.out:    Running contrast 1296/1301
deg_analysis_31124716_14.out:    Running contrast 1301/1301
deg_analysis_31124716_14.out:
deg_analysis_31124716_14.out:    Writing:  ./data/tahoe/deg_data/sep_rep/full/qc_false/filter_min_cells_50/CVCL_0366_de.h5ad 
deg_analysis_31124716_14.out:
deg_analysis_31124716_14.out:    Rewriting h5ad file: ./data/tahoe/deg_data/sep_rep/full/qc_false/filter_min_cells_50/CVCL_0366_de.h5ad 
deg_analysis_31124716_14.out:    Removed X matrix
deg_analysis_31124716_14.out:    Rewriting h5ad file is done!
deg_analysis_31124716_14.out:✓ Cell line completed in 9607.6 seconds
deg_analysis_31124716_14.out:
deg_analysis_31124716_14.out:DE analysis completed!
deg_analysis_31124716_14.out:
deg_analysis_31124716_14.out:Total runtime: 9623.5 seconds
deg_analysis_31124716_15.out:
deg_analysis_31124716_15.out:DE analysis started...
deg_analysis_31124716_15.out:Loaded input file:  ./data/tahoe/pseudobulk_processed/sep_rep/by_celltype/CVCL_0371_processed.h5ad 
deg_analysis_31124716_15.out:Initial dimensions:  1340  samples ×  62710  genes
deg_analysis_31124716_15.out:Filter samples with the low number of cells
deg_analysis_31124716_15.out:    Filter threshold (min_cells):  50 
deg_analysis_31124716_15.out:    n_obs:  1340 -->  1329 
deg_analysis_31124716_15.out:
deg_analysis_31124716_15.out:▶︎ Processing cell_type  1 / 1 :  CVCL_0371 
deg_analysis_31124716_15.out:    Filter controls by  pert_time_h  column
deg_analysis_31124716_15.out:        n_obs:  1329 -->  1329 
deg_analysis_31124716_15.out:
deg_analysis_31124716_15.out:    Running contrast 1/1301
deg_analysis_31124716_15.out:    Running contrast 6/1301
deg_analysis_31124716_15.out:    Running contrast 11/1301
deg_analysis_31124716_15.out:    Running contrast 16/1301
deg_analysis_31124716_15.out:    Running contrast 21/1301
deg_analysis_31124716_15.out:    Running contrast 26/1301
deg_analysis_31124716_15.out:    Running contrast 31/1301
deg_analysis_31124716_15.out:    Running contrast 36/1301
deg_analysis_31124716_15.out:    Running contrast 41/1301
deg_analysis_31124716_15.out:    Running contrast 46/1301
deg_analysis_31124716_15.out:    Running contrast 51/1301
deg_analysis_31124716_15.out:    Running contrast 56/1301
deg_analysis_31124716_15.out:    Running contrast 61/1301
deg_analysis_31124716_15.out:    Running contrast 66/1301
deg_analysis_31124716_15.out:    Running contrast 71/1301
deg_analysis_31124716_15.out:    Running contrast 76/1301
deg_analysis_31124716_15.out:    Running contrast 81/1301
deg_analysis_31124716_15.out:    Running contrast 86/1301
deg_analysis_31124716_15.out:    Running contrast 91/1301
deg_analysis_31124716_15.out:    Running contrast 96/1301
deg_analysis_31124716_15.out:    Running contrast 101/1301
deg_analysis_31124716_15.out:    Running contrast 106/1301
deg_analysis_31124716_15.out:    Running contrast 111/1301
deg_analysis_31124716_15.out:    Running contrast 116/1301
deg_analysis_31124716_15.out:    Running contrast 121/1301
deg_analysis_31124716_15.out:    Running contrast 126/1301
deg_analysis_31124716_15.out:    Running contrast 131/1301
deg_analysis_31124716_15.out:    Running contrast 136/1301
deg_analysis_31124716_15.out:    Running contrast 141/1301
deg_analysis_31124716_15.out:    Running contrast 146/1301
deg_analysis_31124716_15.out:    Running contrast 151/1301
deg_analysis_31124716_15.out:    Running contrast 156/1301
deg_analysis_31124716_15.out:    Running contrast 161/1301
deg_analysis_31124716_15.out:    Running contrast 166/1301
deg_analysis_31124716_15.out:    Running contrast 171/1301
deg_analysis_31124716_15.out:    Running contrast 176/1301
deg_analysis_31124716_15.out:    Running contrast 181/1301
deg_analysis_31124716_15.out:    Running contrast 186/1301
deg_analysis_31124716_15.out:    Running contrast 191/1301
deg_analysis_31124716_15.out:    Running contrast 196/1301
deg_analysis_31124716_15.out:    Running contrast 201/1301
deg_analysis_31124716_15.out:    Running contrast 206/1301
deg_analysis_31124716_15.out:    Running contrast 211/1301
deg_analysis_31124716_15.out:    Running contrast 216/1301
deg_analysis_31124716_15.out:    Running contrast 221/1301
deg_analysis_31124716_15.out:    Running contrast 226/1301
deg_analysis_31124716_15.out:    Running contrast 231/1301
deg_analysis_31124716_15.out:    Running contrast 236/1301
deg_analysis_31124716_15.out:    Running contrast 241/1301
deg_analysis_31124716_15.out:    Running contrast 246/1301
deg_analysis_31124716_15.out:    Running contrast 251/1301
deg_analysis_31124716_15.out:    Running contrast 256/1301
deg_analysis_31124716_15.out:    Running contrast 261/1301
deg_analysis_31124716_15.out:    Running contrast 266/1301
deg_analysis_31124716_15.out:    Running contrast 271/1301
deg_analysis_31124716_15.out:    Running contrast 276/1301
deg_analysis_31124716_15.out:    Running contrast 281/1301
deg_analysis_31124716_15.out:    Running contrast 286/1301
deg_analysis_31124716_15.out:    Running contrast 291/1301
deg_analysis_31124716_15.out:    Running contrast 296/1301
deg_analysis_31124716_15.out:    Running contrast 301/1301
deg_analysis_31124716_15.out:    Running contrast 306/1301
deg_analysis_31124716_15.out:    Running contrast 311/1301
deg_analysis_31124716_15.out:    Running contrast 316/1301
deg_analysis_31124716_15.out:    Running contrast 321/1301
deg_analysis_31124716_15.out:    Running contrast 326/1301
deg_analysis_31124716_15.out:    Running contrast 331/1301
deg_analysis_31124716_15.out:    Running contrast 336/1301
deg_analysis_31124716_15.out:    Running contrast 341/1301
deg_analysis_31124716_15.out:    Running contrast 346/1301
deg_analysis_31124716_15.out:    Running contrast 351/1301
deg_analysis_31124716_15.out:    Running contrast 356/1301
deg_analysis_31124716_15.out:    Running contrast 361/1301
deg_analysis_31124716_15.out:    Running contrast 366/1301
deg_analysis_31124716_15.out:    Running contrast 371/1301
deg_analysis_31124716_15.out:    Running contrast 376/1301
deg_analysis_31124716_15.out:    Running contrast 381/1301
deg_analysis_31124716_15.out:    Running contrast 386/1301
deg_analysis_31124716_15.out:    Running contrast 391/1301
deg_analysis_31124716_15.out:    Running contrast 396/1301
deg_analysis_31124716_15.out:    Running contrast 401/1301
deg_analysis_31124716_15.out:    Running contrast 406/1301
deg_analysis_31124716_15.out:    Running contrast 411/1301
deg_analysis_31124716_15.out:    Running contrast 416/1301
deg_analysis_31124716_15.out:    Running contrast 421/1301
deg_analysis_31124716_15.out:    Running contrast 426/1301
deg_analysis_31124716_15.out:    Running contrast 431/1301
deg_analysis_31124716_15.out:    Running contrast 436/1301
deg_analysis_31124716_15.out:    Running contrast 441/1301
deg_analysis_31124716_15.out:    Running contrast 446/1301
deg_analysis_31124716_15.out:    Running contrast 451/1301
deg_analysis_31124716_15.out:    Running contrast 456/1301
deg_analysis_31124716_15.out:    Running contrast 461/1301
deg_analysis_31124716_15.out:    Running contrast 466/1301
deg_analysis_31124716_15.out:    Running contrast 471/1301
deg_analysis_31124716_15.out:    Running contrast 476/1301
deg_analysis_31124716_15.out:    Running contrast 481/1301
deg_analysis_31124716_15.out:    Running contrast 486/1301
deg_analysis_31124716_15.out:    Running contrast 491/1301
deg_analysis_31124716_15.out:    Running contrast 496/1301
deg_analysis_31124716_15.out:    Running contrast 501/1301
deg_analysis_31124716_15.out:    Running contrast 506/1301
deg_analysis_31124716_15.out:    Running contrast 511/1301
deg_analysis_31124716_15.out:    Running contrast 516/1301
deg_analysis_31124716_15.out:    Running contrast 521/1301
deg_analysis_31124716_15.out:    Running contrast 526/1301
deg_analysis_31124716_15.out:    Running contrast 531/1301
deg_analysis_31124716_15.out:    Running contrast 536/1301
deg_analysis_31124716_15.out:    Running contrast 541/1301
deg_analysis_31124716_15.out:    Running contrast 546/1301
deg_analysis_31124716_15.out:    Running contrast 551/1301
deg_analysis_31124716_15.out:    Running contrast 556/1301
deg_analysis_31124716_15.out:    Running contrast 561/1301
deg_analysis_31124716_15.out:    Running contrast 566/1301
deg_analysis_31124716_15.out:    Running contrast 571/1301
deg_analysis_31124716_15.out:    Running contrast 576/1301
deg_analysis_31124716_15.out:    Running contrast 581/1301
deg_analysis_31124716_15.out:    Running contrast 586/1301
deg_analysis_31124716_15.out:    Running contrast 591/1301
deg_analysis_31124716_15.out:    Running contrast 596/1301
deg_analysis_31124716_15.out:    Running contrast 601/1301
deg_analysis_31124716_15.out:    Running contrast 606/1301
deg_analysis_31124716_15.out:    Running contrast 611/1301
deg_analysis_31124716_15.out:    Running contrast 616/1301
deg_analysis_31124716_15.out:    Running contrast 621/1301
deg_analysis_31124716_15.out:    Running contrast 626/1301
deg_analysis_31124716_15.out:    Running contrast 631/1301
deg_analysis_31124716_15.out:    Running contrast 636/1301
deg_analysis_31124716_15.out:    Running contrast 641/1301
deg_analysis_31124716_15.out:    Running contrast 646/1301
deg_analysis_31124716_15.out:    Running contrast 651/1301
deg_analysis_31124716_15.out:    Running contrast 656/1301
deg_analysis_31124716_15.out:    Running contrast 661/1301
deg_analysis_31124716_15.out:    Running contrast 666/1301
deg_analysis_31124716_15.out:    Running contrast 671/1301
deg_analysis_31124716_15.out:    Running contrast 676/1301
deg_analysis_31124716_15.out:    Running contrast 681/1301
deg_analysis_31124716_15.out:    Running contrast 686/1301
deg_analysis_31124716_15.out:    Running contrast 691/1301
deg_analysis_31124716_15.out:    Running contrast 696/1301
deg_analysis_31124716_15.out:    Running contrast 701/1301
deg_analysis_31124716_15.out:    Running contrast 706/1301
deg_analysis_31124716_15.out:    Running contrast 711/1301
deg_analysis_31124716_15.out:    Running contrast 716/1301
deg_analysis_31124716_15.out:    Running contrast 721/1301
deg_analysis_31124716_15.out:    Running contrast 726/1301
deg_analysis_31124716_15.out:    Running contrast 731/1301
deg_analysis_31124716_15.out:    Running contrast 736/1301
deg_analysis_31124716_15.out:    Running contrast 741/1301
deg_analysis_31124716_15.out:    Running contrast 746/1301
deg_analysis_31124716_15.out:    Running contrast 751/1301
deg_analysis_31124716_15.out:    Running contrast 756/1301
deg_analysis_31124716_15.out:    Running contrast 761/1301
deg_analysis_31124716_15.out:    Running contrast 766/1301
deg_analysis_31124716_15.out:    Running contrast 771/1301
deg_analysis_31124716_15.out:    Running contrast 776/1301
deg_analysis_31124716_15.out:    Running contrast 781/1301
deg_analysis_31124716_15.out:    Running contrast 786/1301
deg_analysis_31124716_15.out:    Running contrast 791/1301
deg_analysis_31124716_15.out:    Running contrast 796/1301
deg_analysis_31124716_15.out:    Running contrast 801/1301
deg_analysis_31124716_15.out:    Running contrast 806/1301
deg_analysis_31124716_15.out:    Running contrast 811/1301
deg_analysis_31124716_15.out:    Running contrast 816/1301
deg_analysis_31124716_15.out:    Running contrast 821/1301
deg_analysis_31124716_15.out:    Running contrast 826/1301
deg_analysis_31124716_15.out:    Running contrast 831/1301
deg_analysis_31124716_15.out:    Running contrast 836/1301
deg_analysis_31124716_15.out:    Running contrast 841/1301
deg_analysis_31124716_15.out:    Running contrast 846/1301
deg_analysis_31124716_15.out:    Running contrast 851/1301
deg_analysis_31124716_15.out:    Running contrast 856/1301
deg_analysis_31124716_15.out:    Running contrast 861/1301
deg_analysis_31124716_15.out:    Running contrast 866/1301
deg_analysis_31124716_15.out:    Running contrast 871/1301
deg_analysis_31124716_15.out:    Running contrast 876/1301
deg_analysis_31124716_15.out:    Running contrast 881/1301
deg_analysis_31124716_15.out:    Running contrast 886/1301
deg_analysis_31124716_15.out:    Running contrast 891/1301
deg_analysis_31124716_15.out:    Running contrast 896/1301
deg_analysis_31124716_15.out:    Running contrast 901/1301
deg_analysis_31124716_15.out:    Running contrast 906/1301
deg_analysis_31124716_15.out:    Running contrast 911/1301
deg_analysis_31124716_15.out:    Running contrast 916/1301
deg_analysis_31124716_15.out:    Running contrast 921/1301
deg_analysis_31124716_15.out:    Running contrast 926/1301
deg_analysis_31124716_15.out:    Running contrast 931/1301
deg_analysis_31124716_15.out:    Running contrast 936/1301
deg_analysis_31124716_15.out:    Running contrast 941/1301
deg_analysis_31124716_15.out:    Running contrast 946/1301
deg_analysis_31124716_15.out:    Running contrast 951/1301
deg_analysis_31124716_15.out:    Running contrast 956/1301
deg_analysis_31124716_15.out:    Running contrast 961/1301
deg_analysis_31124716_15.out:    Running contrast 966/1301
deg_analysis_31124716_15.out:    Running contrast 971/1301
deg_analysis_31124716_15.out:    Running contrast 976/1301
deg_analysis_31124716_15.out:    Running contrast 981/1301
deg_analysis_31124716_15.out:    Running contrast 986/1301
deg_analysis_31124716_15.out:    Running contrast 991/1301
deg_analysis_31124716_15.out:    Running contrast 996/1301
deg_analysis_31124716_15.out:    Running contrast 1001/1301
deg_analysis_31124716_15.out:    Running contrast 1006/1301
deg_analysis_31124716_15.out:    Running contrast 1011/1301
deg_analysis_31124716_15.out:    Running contrast 1016/1301
deg_analysis_31124716_15.out:    Running contrast 1021/1301
deg_analysis_31124716_15.out:    Running contrast 1026/1301
deg_analysis_31124716_15.out:    Running contrast 1031/1301
deg_analysis_31124716_15.out:    Running contrast 1036/1301
deg_analysis_31124716_15.out:    Running contrast 1041/1301
deg_analysis_31124716_15.out:    Running contrast 1046/1301
deg_analysis_31124716_15.out:    Running contrast 1051/1301
deg_analysis_31124716_15.out:    Running contrast 1056/1301
deg_analysis_31124716_15.out:    Running contrast 1061/1301
deg_analysis_31124716_15.out:    Running contrast 1066/1301
deg_analysis_31124716_15.out:    Running contrast 1071/1301
deg_analysis_31124716_15.out:    Running contrast 1076/1301
deg_analysis_31124716_15.out:    Running contrast 1081/1301
deg_analysis_31124716_15.out:    Running contrast 1086/1301
deg_analysis_31124716_15.out:    Running contrast 1091/1301
deg_analysis_31124716_15.out:    Running contrast 1096/1301
deg_analysis_31124716_15.out:    Running contrast 1101/1301
deg_analysis_31124716_15.out:    Running contrast 1106/1301
deg_analysis_31124716_15.out:    Running contrast 1111/1301
deg_analysis_31124716_15.out:    Running contrast 1116/1301
deg_analysis_31124716_15.out:    Running contrast 1121/1301
deg_analysis_31124716_15.out:    Running contrast 1126/1301
deg_analysis_31124716_15.out:    Running contrast 1131/1301
deg_analysis_31124716_15.out:    Running contrast 1136/1301
deg_analysis_31124716_15.out:    Running contrast 1141/1301
deg_analysis_31124716_15.out:    Running contrast 1146/1301
deg_analysis_31124716_15.out:    Running contrast 1151/1301
deg_analysis_31124716_15.out:    Running contrast 1156/1301
deg_analysis_31124716_15.out:    Running contrast 1161/1301
deg_analysis_31124716_15.out:    Running contrast 1166/1301
deg_analysis_31124716_15.out:    Running contrast 1171/1301
deg_analysis_31124716_15.out:    Running contrast 1176/1301
deg_analysis_31124716_15.out:    Running contrast 1181/1301
deg_analysis_31124716_15.out:    Running contrast 1186/1301
deg_analysis_31124716_15.out:    Running contrast 1191/1301
deg_analysis_31124716_15.out:    Running contrast 1196/1301
deg_analysis_31124716_15.out:    Running contrast 1201/1301
deg_analysis_31124716_15.out:    Running contrast 1206/1301
deg_analysis_31124716_15.out:    Running contrast 1211/1301
deg_analysis_31124716_15.out:    Running contrast 1216/1301
deg_analysis_31124716_15.out:    Running contrast 1221/1301
deg_analysis_31124716_15.out:    Running contrast 1226/1301
deg_analysis_31124716_15.out:    Running contrast 1231/1301
deg_analysis_31124716_15.out:    Running contrast 1236/1301
deg_analysis_31124716_15.out:    Running contrast 1241/1301
deg_analysis_31124716_15.out:    Running contrast 1246/1301
deg_analysis_31124716_15.out:    Running contrast 1251/1301
deg_analysis_31124716_15.out:    Running contrast 1256/1301
deg_analysis_31124716_15.out:    Running contrast 1261/1301
deg_analysis_31124716_15.out:    Running contrast 1266/1301
deg_analysis_31124716_15.out:    Running contrast 1271/1301
deg_analysis_31124716_15.out:    Running contrast 1276/1301
deg_analysis_31124716_15.out:    Running contrast 1281/1301
deg_analysis_31124716_15.out:    Running contrast 1286/1301
deg_analysis_31124716_15.out:    Running contrast 1291/1301
deg_analysis_31124716_15.out:    Running contrast 1296/1301
deg_analysis_31124716_15.out:    Running contrast 1301/1301
deg_analysis_31124716_15.out:
deg_analysis_31124716_15.out:    Writing:  ./data/tahoe/deg_data/sep_rep/full/qc_false/filter_min_cells_50/CVCL_0371_de.h5ad 
deg_analysis_31124716_15.out:
deg_analysis_31124716_15.out:    Rewriting h5ad file: ./data/tahoe/deg_data/sep_rep/full/qc_false/filter_min_cells_50/CVCL_0371_de.h5ad 
deg_analysis_31124716_15.out:    Removed X matrix
deg_analysis_31124716_15.out:    Rewriting h5ad file is done!
deg_analysis_31124716_15.out:✓ Cell line completed in 10134.4 seconds
deg_analysis_31124716_15.out:
deg_analysis_31124716_15.out:DE analysis completed!
deg_analysis_31124716_15.out:
deg_analysis_31124716_15.out:Total runtime: 10147.0 seconds
deg_analysis_31124716_16.out:
deg_analysis_31124716_16.out:DE analysis started...
deg_analysis_31124716_16.out:Loaded input file:  ./data/tahoe/pseudobulk_processed/sep_rep/by_celltype/CVCL_0397_processed.h5ad 
deg_analysis_31124716_16.out:Initial dimensions:  1342  samples ×  62710  genes
deg_analysis_31124716_16.out:Filter samples with the low number of cells
deg_analysis_31124716_16.out:    Filter threshold (min_cells):  50 
deg_analysis_31124716_16.out:    n_obs:  1342 -->  1329 
deg_analysis_31124716_16.out:
deg_analysis_31124716_16.out:▶︎ Processing cell_type  1 / 1 :  CVCL_0397 
deg_analysis_31124716_16.out:    Filter controls by  pert_time_h  column
deg_analysis_31124716_16.out:        n_obs:  1329 -->  1329 
deg_analysis_31124716_16.out:
deg_analysis_31124716_16.out:    Running contrast 1/1301
deg_analysis_31124716_16.out:    Running contrast 6/1301
deg_analysis_31124716_16.out:    Running contrast 11/1301
deg_analysis_31124716_16.out:    Running contrast 16/1301
deg_analysis_31124716_16.out:    Running contrast 21/1301
deg_analysis_31124716_16.out:    Running contrast 26/1301
deg_analysis_31124716_16.out:    Running contrast 31/1301
deg_analysis_31124716_16.out:    Running contrast 36/1301
deg_analysis_31124716_16.out:    Running contrast 41/1301
deg_analysis_31124716_16.out:    Running contrast 46/1301
deg_analysis_31124716_16.out:    Running contrast 51/1301
deg_analysis_31124716_16.out:    Running contrast 56/1301
deg_analysis_31124716_16.out:    Running contrast 61/1301
deg_analysis_31124716_16.out:    Running contrast 66/1301
deg_analysis_31124716_16.out:    Running contrast 71/1301
deg_analysis_31124716_16.out:    Running contrast 76/1301
deg_analysis_31124716_16.out:    Running contrast 81/1301
deg_analysis_31124716_16.out:    Running contrast 86/1301
deg_analysis_31124716_16.out:    Running contrast 91/1301
deg_analysis_31124716_16.out:    Running contrast 96/1301
deg_analysis_31124716_16.out:    Running contrast 101/1301
deg_analysis_31124716_16.out:    Running contrast 106/1301
deg_analysis_31124716_16.out:    Running contrast 111/1301
deg_analysis_31124716_16.out:    Running contrast 116/1301
deg_analysis_31124716_16.out:    Running contrast 121/1301
deg_analysis_31124716_16.out:    Running contrast 126/1301
deg_analysis_31124716_16.out:    Running contrast 131/1301
deg_analysis_31124716_16.out:    Running contrast 136/1301
deg_analysis_31124716_16.out:    Running contrast 141/1301
deg_analysis_31124716_16.out:    Running contrast 146/1301
deg_analysis_31124716_16.out:    Running contrast 151/1301
deg_analysis_31124716_16.out:    Running contrast 156/1301
deg_analysis_31124716_16.out:    Running contrast 161/1301
deg_analysis_31124716_16.out:    Running contrast 166/1301
deg_analysis_31124716_16.out:    Running contrast 171/1301
deg_analysis_31124716_16.out:    Running contrast 176/1301
deg_analysis_31124716_16.out:    Running contrast 181/1301
deg_analysis_31124716_16.out:    Running contrast 186/1301
deg_analysis_31124716_16.out:    Running contrast 191/1301
deg_analysis_31124716_16.out:    Running contrast 196/1301
deg_analysis_31124716_16.out:    Running contrast 201/1301
deg_analysis_31124716_16.out:    Running contrast 206/1301
deg_analysis_31124716_16.out:    Running contrast 211/1301
deg_analysis_31124716_16.out:    Running contrast 216/1301
deg_analysis_31124716_16.out:    Running contrast 221/1301
deg_analysis_31124716_16.out:    Running contrast 226/1301
deg_analysis_31124716_16.out:    Running contrast 231/1301
deg_analysis_31124716_16.out:    Running contrast 236/1301
deg_analysis_31124716_16.out:    Running contrast 241/1301
deg_analysis_31124716_16.out:    Running contrast 246/1301
deg_analysis_31124716_16.out:    Running contrast 251/1301
deg_analysis_31124716_16.out:    Running contrast 256/1301
deg_analysis_31124716_16.out:    Running contrast 261/1301
deg_analysis_31124716_16.out:    Running contrast 266/1301
deg_analysis_31124716_16.out:    Running contrast 271/1301
deg_analysis_31124716_16.out:    Running contrast 276/1301
deg_analysis_31124716_16.out:    Running contrast 281/1301
deg_analysis_31124716_16.out:    Running contrast 286/1301
deg_analysis_31124716_16.out:    Running contrast 291/1301
deg_analysis_31124716_16.out:    Running contrast 296/1301
deg_analysis_31124716_16.out:    Running contrast 301/1301
deg_analysis_31124716_16.out:    Running contrast 306/1301
deg_analysis_31124716_16.out:    Running contrast 311/1301
deg_analysis_31124716_16.out:    Running contrast 316/1301
deg_analysis_31124716_16.out:    Running contrast 321/1301
deg_analysis_31124716_16.out:    Running contrast 326/1301
deg_analysis_31124716_16.out:    Running contrast 331/1301
deg_analysis_31124716_16.out:    Running contrast 336/1301
deg_analysis_31124716_16.out:    Running contrast 341/1301
deg_analysis_31124716_16.out:    Running contrast 346/1301
deg_analysis_31124716_16.out:    Running contrast 351/1301
deg_analysis_31124716_16.out:    Running contrast 356/1301
deg_analysis_31124716_16.out:    Running contrast 361/1301
deg_analysis_31124716_16.out:    Running contrast 366/1301
deg_analysis_31124716_16.out:    Running contrast 371/1301
deg_analysis_31124716_16.out:    Running contrast 376/1301
deg_analysis_31124716_16.out:    Running contrast 381/1301
deg_analysis_31124716_16.out:    Running contrast 386/1301
deg_analysis_31124716_16.out:    Running contrast 391/1301
deg_analysis_31124716_16.out:    Running contrast 396/1301
deg_analysis_31124716_16.out:    Running contrast 401/1301
deg_analysis_31124716_16.out:    Running contrast 406/1301
deg_analysis_31124716_16.out:    Running contrast 411/1301
deg_analysis_31124716_16.out:    Running contrast 416/1301
deg_analysis_31124716_16.out:    Running contrast 421/1301
deg_analysis_31124716_16.out:    Running contrast 426/1301
deg_analysis_31124716_16.out:    Running contrast 431/1301
deg_analysis_31124716_16.out:    Running contrast 436/1301
deg_analysis_31124716_16.out:    Running contrast 441/1301
deg_analysis_31124716_16.out:    Running contrast 446/1301
deg_analysis_31124716_16.out:    Running contrast 451/1301
deg_analysis_31124716_16.out:    Running contrast 456/1301
deg_analysis_31124716_16.out:    Running contrast 461/1301
deg_analysis_31124716_16.out:    Running contrast 466/1301
deg_analysis_31124716_16.out:    Running contrast 471/1301
deg_analysis_31124716_16.out:    Running contrast 476/1301
deg_analysis_31124716_16.out:    Running contrast 481/1301
deg_analysis_31124716_16.out:    Running contrast 486/1301
deg_analysis_31124716_16.out:    Running contrast 491/1301
deg_analysis_31124716_16.out:    Running contrast 496/1301
deg_analysis_31124716_16.out:    Running contrast 501/1301
deg_analysis_31124716_16.out:    Running contrast 506/1301
deg_analysis_31124716_16.out:    Running contrast 511/1301
deg_analysis_31124716_16.out:    Running contrast 516/1301
deg_analysis_31124716_16.out:    Running contrast 521/1301
deg_analysis_31124716_16.out:    Running contrast 526/1301
deg_analysis_31124716_16.out:    Running contrast 531/1301
deg_analysis_31124716_16.out:    Running contrast 536/1301
deg_analysis_31124716_16.out:    Running contrast 541/1301
deg_analysis_31124716_16.out:    Running contrast 546/1301
deg_analysis_31124716_16.out:    Running contrast 551/1301
deg_analysis_31124716_16.out:    Running contrast 556/1301
deg_analysis_31124716_16.out:    Running contrast 561/1301
deg_analysis_31124716_16.out:    Running contrast 566/1301
deg_analysis_31124716_16.out:    Running contrast 571/1301
deg_analysis_31124716_16.out:    Running contrast 576/1301
deg_analysis_31124716_16.out:    Running contrast 581/1301
deg_analysis_31124716_16.out:    Running contrast 586/1301
deg_analysis_31124716_16.out:    Running contrast 591/1301
deg_analysis_31124716_16.out:    Running contrast 596/1301
deg_analysis_31124716_16.out:    Running contrast 601/1301
deg_analysis_31124716_16.out:    Running contrast 606/1301
deg_analysis_31124716_16.out:    Running contrast 611/1301
deg_analysis_31124716_16.out:    Running contrast 616/1301
deg_analysis_31124716_16.out:    Running contrast 621/1301
deg_analysis_31124716_16.out:    Running contrast 626/1301
deg_analysis_31124716_16.out:    Running contrast 631/1301
deg_analysis_31124716_16.out:    Running contrast 636/1301
deg_analysis_31124716_16.out:    Running contrast 641/1301
deg_analysis_31124716_16.out:    Running contrast 646/1301
deg_analysis_31124716_16.out:    Running contrast 651/1301
deg_analysis_31124716_16.out:    Running contrast 656/1301
deg_analysis_31124716_16.out:    Running contrast 661/1301
deg_analysis_31124716_16.out:    Running contrast 666/1301
deg_analysis_31124716_16.out:    Running contrast 671/1301
deg_analysis_31124716_16.out:    Running contrast 676/1301
deg_analysis_31124716_16.out:    Running contrast 681/1301
deg_analysis_31124716_16.out:    Running contrast 686/1301
deg_analysis_31124716_16.out:    Running contrast 691/1301
deg_analysis_31124716_16.out:    Running contrast 696/1301
deg_analysis_31124716_16.out:    Running contrast 701/1301
deg_analysis_31124716_16.out:    Running contrast 706/1301
deg_analysis_31124716_16.out:    Running contrast 711/1301
deg_analysis_31124716_16.out:    Running contrast 716/1301
deg_analysis_31124716_16.out:    Running contrast 721/1301
deg_analysis_31124716_16.out:    Running contrast 726/1301
deg_analysis_31124716_16.out:    Running contrast 731/1301
deg_analysis_31124716_16.out:    Running contrast 736/1301
deg_analysis_31124716_16.out:    Running contrast 741/1301
deg_analysis_31124716_16.out:    Running contrast 746/1301
deg_analysis_31124716_16.out:    Running contrast 751/1301
deg_analysis_31124716_16.out:    Running contrast 756/1301
deg_analysis_31124716_16.out:    Running contrast 761/1301
deg_analysis_31124716_16.out:    Running contrast 766/1301
deg_analysis_31124716_16.out:    Running contrast 771/1301
deg_analysis_31124716_16.out:    Running contrast 776/1301
deg_analysis_31124716_16.out:    Running contrast 781/1301
deg_analysis_31124716_16.out:    Running contrast 786/1301
deg_analysis_31124716_16.out:    Running contrast 791/1301
deg_analysis_31124716_16.out:    Running contrast 796/1301
deg_analysis_31124716_16.out:    Running contrast 801/1301
deg_analysis_31124716_16.out:    Running contrast 806/1301
deg_analysis_31124716_16.out:    Running contrast 811/1301
deg_analysis_31124716_16.out:    Running contrast 816/1301
deg_analysis_31124716_16.out:    Running contrast 821/1301
deg_analysis_31124716_16.out:    Running contrast 826/1301
deg_analysis_31124716_16.out:    Running contrast 831/1301
deg_analysis_31124716_16.out:    Running contrast 836/1301
deg_analysis_31124716_16.out:    Running contrast 841/1301
deg_analysis_31124716_16.out:    Running contrast 846/1301
deg_analysis_31124716_16.out:    Running contrast 851/1301
deg_analysis_31124716_16.out:    Running contrast 856/1301
deg_analysis_31124716_16.out:    Running contrast 861/1301
deg_analysis_31124716_16.out:    Running contrast 866/1301
deg_analysis_31124716_16.out:    Running contrast 871/1301
deg_analysis_31124716_16.out:    Running contrast 876/1301
deg_analysis_31124716_16.out:    Running contrast 881/1301
deg_analysis_31124716_16.out:    Running contrast 886/1301
deg_analysis_31124716_16.out:    Running contrast 891/1301
deg_analysis_31124716_16.out:    Running contrast 896/1301
deg_analysis_31124716_16.out:    Running contrast 901/1301
deg_analysis_31124716_16.out:    Running contrast 906/1301
deg_analysis_31124716_16.out:    Running contrast 911/1301
deg_analysis_31124716_16.out:    Running contrast 916/1301
deg_analysis_31124716_16.out:    Running contrast 921/1301
deg_analysis_31124716_16.out:    Running contrast 926/1301
deg_analysis_31124716_16.out:    Running contrast 931/1301
deg_analysis_31124716_16.out:    Running contrast 936/1301
deg_analysis_31124716_16.out:    Running contrast 941/1301
deg_analysis_31124716_16.out:    Running contrast 946/1301
deg_analysis_31124716_16.out:    Running contrast 951/1301
deg_analysis_31124716_16.out:    Running contrast 956/1301
deg_analysis_31124716_16.out:    Running contrast 961/1301
deg_analysis_31124716_16.out:    Running contrast 966/1301
deg_analysis_31124716_16.out:    Running contrast 971/1301
deg_analysis_31124716_16.out:    Running contrast 976/1301
deg_analysis_31124716_16.out:    Running contrast 981/1301
deg_analysis_31124716_16.out:    Running contrast 986/1301
deg_analysis_31124716_16.out:    Running contrast 991/1301
deg_analysis_31124716_16.out:    Running contrast 996/1301
deg_analysis_31124716_16.out:    Running contrast 1001/1301
deg_analysis_31124716_16.out:    Running contrast 1006/1301
deg_analysis_31124716_16.out:    Running contrast 1011/1301
deg_analysis_31124716_16.out:    Running contrast 1016/1301
deg_analysis_31124716_16.out:    Running contrast 1021/1301
deg_analysis_31124716_16.out:    Running contrast 1026/1301
deg_analysis_31124716_16.out:    Running contrast 1031/1301
deg_analysis_31124716_16.out:    Running contrast 1036/1301
deg_analysis_31124716_16.out:    Running contrast 1041/1301
deg_analysis_31124716_16.out:    Running contrast 1046/1301
deg_analysis_31124716_16.out:    Running contrast 1051/1301
deg_analysis_31124716_16.out:    Running contrast 1056/1301
deg_analysis_31124716_16.out:    Running contrast 1061/1301
deg_analysis_31124716_16.out:    Running contrast 1066/1301
deg_analysis_31124716_16.out:    Running contrast 1071/1301
deg_analysis_31124716_16.out:    Running contrast 1076/1301
deg_analysis_31124716_16.out:    Running contrast 1081/1301
deg_analysis_31124716_16.out:    Running contrast 1086/1301
deg_analysis_31124716_16.out:    Running contrast 1091/1301
deg_analysis_31124716_16.out:    Running contrast 1096/1301
deg_analysis_31124716_16.out:    Running contrast 1101/1301
deg_analysis_31124716_16.out:    Running contrast 1106/1301
deg_analysis_31124716_16.out:    Running contrast 1111/1301
deg_analysis_31124716_16.out:    Running contrast 1116/1301
deg_analysis_31124716_16.out:    Running contrast 1121/1301
deg_analysis_31124716_16.out:    Running contrast 1126/1301
deg_analysis_31124716_16.out:    Running contrast 1131/1301
deg_analysis_31124716_16.out:    Running contrast 1136/1301
deg_analysis_31124716_16.out:    Running contrast 1141/1301
deg_analysis_31124716_16.out:    Running contrast 1146/1301
deg_analysis_31124716_16.out:    Running contrast 1151/1301
deg_analysis_31124716_16.out:    Running contrast 1156/1301
deg_analysis_31124716_16.out:    Running contrast 1161/1301
deg_analysis_31124716_16.out:    Running contrast 1166/1301
deg_analysis_31124716_16.out:    Running contrast 1171/1301
deg_analysis_31124716_16.out:    Running contrast 1176/1301
deg_analysis_31124716_16.out:    Running contrast 1181/1301
deg_analysis_31124716_16.out:    Running contrast 1186/1301
deg_analysis_31124716_16.out:    Running contrast 1191/1301
deg_analysis_31124716_16.out:    Running contrast 1196/1301
deg_analysis_31124716_16.out:    Running contrast 1201/1301
deg_analysis_31124716_16.out:    Running contrast 1206/1301
deg_analysis_31124716_16.out:    Running contrast 1211/1301
deg_analysis_31124716_16.out:    Running contrast 1216/1301
deg_analysis_31124716_16.out:    Running contrast 1221/1301
deg_analysis_31124716_16.out:    Running contrast 1226/1301
deg_analysis_31124716_16.out:    Running contrast 1231/1301
deg_analysis_31124716_16.out:    Running contrast 1236/1301
deg_analysis_31124716_16.out:    Running contrast 1241/1301
deg_analysis_31124716_16.out:    Running contrast 1246/1301
deg_analysis_31124716_16.out:    Running contrast 1251/1301
deg_analysis_31124716_16.out:    Running contrast 1256/1301
deg_analysis_31124716_16.out:    Running contrast 1261/1301
deg_analysis_31124716_16.out:    Running contrast 1266/1301
deg_analysis_31124716_16.out:    Running contrast 1271/1301
deg_analysis_31124716_16.out:    Running contrast 1276/1301
deg_analysis_31124716_16.out:    Running contrast 1281/1301
deg_analysis_31124716_16.out:    Running contrast 1286/1301
deg_analysis_31124716_16.out:    Running contrast 1291/1301
deg_analysis_31124716_16.out:    Running contrast 1296/1301
deg_analysis_31124716_16.out:    Running contrast 1301/1301
deg_analysis_31124716_16.out:
deg_analysis_31124716_16.out:    Writing:  ./data/tahoe/deg_data/sep_rep/full/qc_false/filter_min_cells_50/CVCL_0397_de.h5ad 
deg_analysis_31124716_16.out:
deg_analysis_31124716_16.out:    Rewriting h5ad file: ./data/tahoe/deg_data/sep_rep/full/qc_false/filter_min_cells_50/CVCL_0397_de.h5ad 
deg_analysis_31124716_16.out:    Removed X matrix
deg_analysis_31124716_16.out:    Rewriting h5ad file is done!
deg_analysis_31124716_16.out:✓ Cell line completed in 10155.5 seconds
deg_analysis_31124716_16.out:
deg_analysis_31124716_16.out:DE analysis completed!
deg_analysis_31124716_16.out:
deg_analysis_31124716_16.out:Total runtime: 10168.7 seconds
deg_analysis_31124716_17.out:
deg_analysis_31124716_17.out:DE analysis started...
deg_analysis_31124716_17.out:Loaded input file:  ./data/tahoe/pseudobulk_processed/sep_rep/by_celltype/CVCL_0399_processed.h5ad 
deg_analysis_31124716_17.out:Initial dimensions:  1343  samples ×  62710  genes
deg_analysis_31124716_17.out:Filter samples with the low number of cells
deg_analysis_31124716_17.out:    Filter threshold (min_cells):  50 
deg_analysis_31124716_17.out:    n_obs:  1343 -->  1331 
deg_analysis_31124716_17.out:
deg_analysis_31124716_17.out:▶︎ Processing cell_type  1 / 1 :  CVCL_0399 
deg_analysis_31124716_17.out:    Filter controls by  pert_time_h  column
deg_analysis_31124716_17.out:        n_obs:  1331 -->  1331 
deg_analysis_31124716_17.out:
deg_analysis_31124716_17.out:    Running contrast 1/1303
deg_analysis_31124716_17.out:    Running contrast 6/1303
deg_analysis_31124716_17.out:    Running contrast 11/1303
deg_analysis_31124716_17.out:    Running contrast 16/1303
deg_analysis_31124716_17.out:    Running contrast 21/1303
deg_analysis_31124716_17.out:    Running contrast 26/1303
deg_analysis_31124716_17.out:    Running contrast 31/1303
deg_analysis_31124716_17.out:    Running contrast 36/1303
deg_analysis_31124716_17.out:    Running contrast 41/1303
deg_analysis_31124716_17.out:    Running contrast 46/1303
deg_analysis_31124716_17.out:    Running contrast 51/1303
deg_analysis_31124716_17.out:    Running contrast 56/1303
deg_analysis_31124716_17.out:    Running contrast 61/1303
deg_analysis_31124716_17.out:    Running contrast 66/1303
deg_analysis_31124716_17.out:    Running contrast 71/1303
deg_analysis_31124716_17.out:    Running contrast 76/1303
deg_analysis_31124716_17.out:    Running contrast 81/1303
deg_analysis_31124716_17.out:    Running contrast 86/1303
deg_analysis_31124716_17.out:    Running contrast 91/1303
deg_analysis_31124716_17.out:    Running contrast 96/1303
deg_analysis_31124716_17.out:    Running contrast 101/1303
deg_analysis_31124716_17.out:    Running contrast 106/1303
deg_analysis_31124716_17.out:    Running contrast 111/1303
deg_analysis_31124716_17.out:    Running contrast 116/1303
deg_analysis_31124716_17.out:    Running contrast 121/1303
deg_analysis_31124716_17.out:    Running contrast 126/1303
deg_analysis_31124716_17.out:    Running contrast 131/1303
deg_analysis_31124716_17.out:    Running contrast 136/1303
deg_analysis_31124716_17.out:    Running contrast 141/1303
deg_analysis_31124716_17.out:    Running contrast 146/1303
deg_analysis_31124716_17.out:    Running contrast 151/1303
deg_analysis_31124716_17.out:    Running contrast 156/1303
deg_analysis_31124716_17.out:    Running contrast 161/1303
deg_analysis_31124716_17.out:    Running contrast 166/1303
deg_analysis_31124716_17.out:    Running contrast 171/1303
deg_analysis_31124716_17.out:    Running contrast 176/1303
deg_analysis_31124716_17.out:    Running contrast 181/1303
deg_analysis_31124716_17.out:    Running contrast 186/1303
deg_analysis_31124716_17.out:    Running contrast 191/1303
deg_analysis_31124716_17.out:    Running contrast 196/1303
deg_analysis_31124716_17.out:    Running contrast 201/1303
deg_analysis_31124716_17.out:    Running contrast 206/1303
deg_analysis_31124716_17.out:    Running contrast 211/1303
deg_analysis_31124716_17.out:    Running contrast 216/1303
deg_analysis_31124716_17.out:    Running contrast 221/1303
deg_analysis_31124716_17.out:    Running contrast 226/1303
deg_analysis_31124716_17.out:    Running contrast 231/1303
deg_analysis_31124716_17.out:    Running contrast 236/1303
deg_analysis_31124716_17.out:    Running contrast 241/1303
deg_analysis_31124716_17.out:    Running contrast 246/1303
deg_analysis_31124716_17.out:    Running contrast 251/1303
deg_analysis_31124716_17.out:    Running contrast 256/1303
deg_analysis_31124716_17.out:    Running contrast 261/1303
deg_analysis_31124716_17.out:    Running contrast 266/1303
deg_analysis_31124716_17.out:    Running contrast 271/1303
deg_analysis_31124716_17.out:    Running contrast 276/1303
deg_analysis_31124716_17.out:    Running contrast 281/1303
deg_analysis_31124716_17.out:    Running contrast 286/1303
deg_analysis_31124716_17.out:    Running contrast 291/1303
deg_analysis_31124716_17.out:    Running contrast 296/1303
deg_analysis_31124716_17.out:    Running contrast 301/1303
deg_analysis_31124716_17.out:    Running contrast 306/1303
deg_analysis_31124716_17.out:    Running contrast 311/1303
deg_analysis_31124716_17.out:    Running contrast 316/1303
deg_analysis_31124716_17.out:    Running contrast 321/1303
deg_analysis_31124716_17.out:    Running contrast 326/1303
deg_analysis_31124716_17.out:    Running contrast 331/1303
deg_analysis_31124716_17.out:    Running contrast 336/1303
deg_analysis_31124716_17.out:    Running contrast 341/1303
deg_analysis_31124716_17.out:    Running contrast 346/1303
deg_analysis_31124716_17.out:    Running contrast 351/1303
deg_analysis_31124716_17.out:    Running contrast 356/1303
deg_analysis_31124716_17.out:    Running contrast 361/1303
deg_analysis_31124716_17.out:    Running contrast 366/1303
deg_analysis_31124716_17.out:    Running contrast 371/1303
deg_analysis_31124716_17.out:    Running contrast 376/1303
deg_analysis_31124716_17.out:    Running contrast 381/1303
deg_analysis_31124716_17.out:    Running contrast 386/1303
deg_analysis_31124716_17.out:    Running contrast 391/1303
deg_analysis_31124716_17.out:    Running contrast 396/1303
deg_analysis_31124716_17.out:    Running contrast 401/1303
deg_analysis_31124716_17.out:    Running contrast 406/1303
deg_analysis_31124716_17.out:    Running contrast 411/1303
deg_analysis_31124716_17.out:    Running contrast 416/1303
deg_analysis_31124716_17.out:    Running contrast 421/1303
deg_analysis_31124716_17.out:    Running contrast 426/1303
deg_analysis_31124716_17.out:    Running contrast 431/1303
deg_analysis_31124716_17.out:    Running contrast 436/1303
deg_analysis_31124716_17.out:    Running contrast 441/1303
deg_analysis_31124716_17.out:    Running contrast 446/1303
deg_analysis_31124716_17.out:    Running contrast 451/1303
deg_analysis_31124716_17.out:    Running contrast 456/1303
deg_analysis_31124716_17.out:    Running contrast 461/1303
deg_analysis_31124716_17.out:    Running contrast 466/1303
deg_analysis_31124716_17.out:    Running contrast 471/1303
deg_analysis_31124716_17.out:    Running contrast 476/1303
deg_analysis_31124716_17.out:    Running contrast 481/1303
deg_analysis_31124716_17.out:    Running contrast 486/1303
deg_analysis_31124716_17.out:    Running contrast 491/1303
deg_analysis_31124716_17.out:    Running contrast 496/1303
deg_analysis_31124716_17.out:    Running contrast 501/1303
deg_analysis_31124716_17.out:    Running contrast 506/1303
deg_analysis_31124716_17.out:    Running contrast 511/1303
deg_analysis_31124716_17.out:    Running contrast 516/1303
deg_analysis_31124716_17.out:    Running contrast 521/1303
deg_analysis_31124716_17.out:    Running contrast 526/1303
deg_analysis_31124716_17.out:    Running contrast 531/1303
deg_analysis_31124716_17.out:    Running contrast 536/1303
deg_analysis_31124716_17.out:    Running contrast 541/1303
deg_analysis_31124716_17.out:    Running contrast 546/1303
deg_analysis_31124716_17.out:    Running contrast 551/1303
deg_analysis_31124716_17.out:    Running contrast 556/1303
deg_analysis_31124716_17.out:    Running contrast 561/1303
deg_analysis_31124716_17.out:    Running contrast 566/1303
deg_analysis_31124716_17.out:    Running contrast 571/1303
deg_analysis_31124716_17.out:    Running contrast 576/1303
deg_analysis_31124716_17.out:    Running contrast 581/1303
deg_analysis_31124716_17.out:    Running contrast 586/1303
deg_analysis_31124716_17.out:    Running contrast 591/1303
deg_analysis_31124716_17.out:    Running contrast 596/1303
deg_analysis_31124716_17.out:    Running contrast 601/1303
deg_analysis_31124716_17.out:    Running contrast 606/1303
deg_analysis_31124716_17.out:    Running contrast 611/1303
deg_analysis_31124716_17.out:    Running contrast 616/1303
deg_analysis_31124716_17.out:    Running contrast 621/1303
deg_analysis_31124716_17.out:    Running contrast 626/1303
deg_analysis_31124716_17.out:    Running contrast 631/1303
deg_analysis_31124716_17.out:    Running contrast 636/1303
deg_analysis_31124716_17.out:    Running contrast 641/1303
deg_analysis_31124716_17.out:    Running contrast 646/1303
deg_analysis_31124716_17.out:    Running contrast 651/1303
deg_analysis_31124716_17.out:    Running contrast 656/1303
deg_analysis_31124716_17.out:    Running contrast 661/1303
deg_analysis_31124716_17.out:    Running contrast 666/1303
deg_analysis_31124716_17.out:    Running contrast 671/1303
deg_analysis_31124716_17.out:    Running contrast 676/1303
deg_analysis_31124716_17.out:    Running contrast 681/1303
deg_analysis_31124716_17.out:    Running contrast 686/1303
deg_analysis_31124716_17.out:    Running contrast 691/1303
deg_analysis_31124716_17.out:    Running contrast 696/1303
deg_analysis_31124716_17.out:    Running contrast 701/1303
deg_analysis_31124716_17.out:    Running contrast 706/1303
deg_analysis_31124716_17.out:    Running contrast 711/1303
deg_analysis_31124716_17.out:    Running contrast 716/1303
deg_analysis_31124716_17.out:    Running contrast 721/1303
deg_analysis_31124716_17.out:    Running contrast 726/1303
deg_analysis_31124716_17.out:    Running contrast 731/1303
deg_analysis_31124716_17.out:    Running contrast 736/1303
deg_analysis_31124716_17.out:    Running contrast 741/1303
deg_analysis_31124716_17.out:    Running contrast 746/1303
deg_analysis_31124716_17.out:    Running contrast 751/1303
deg_analysis_31124716_17.out:    Running contrast 756/1303
deg_analysis_31124716_17.out:    Running contrast 761/1303
deg_analysis_31124716_17.out:    Running contrast 766/1303
deg_analysis_31124716_17.out:    Running contrast 771/1303
deg_analysis_31124716_17.out:    Running contrast 776/1303
deg_analysis_31124716_17.out:    Running contrast 781/1303
deg_analysis_31124716_17.out:    Running contrast 786/1303
deg_analysis_31124716_17.out:    Running contrast 791/1303
deg_analysis_31124716_17.out:    Running contrast 796/1303
deg_analysis_31124716_17.out:    Running contrast 801/1303
deg_analysis_31124716_17.out:    Running contrast 806/1303
deg_analysis_31124716_17.out:    Running contrast 811/1303
deg_analysis_31124716_17.out:    Running contrast 816/1303
deg_analysis_31124716_17.out:    Running contrast 821/1303
deg_analysis_31124716_17.out:    Running contrast 826/1303
deg_analysis_31124716_17.out:    Running contrast 831/1303
deg_analysis_31124716_17.out:    Running contrast 836/1303
deg_analysis_31124716_17.out:    Running contrast 841/1303
deg_analysis_31124716_17.out:    Running contrast 846/1303
deg_analysis_31124716_17.out:    Running contrast 851/1303
deg_analysis_31124716_17.out:    Running contrast 856/1303
deg_analysis_31124716_17.out:    Running contrast 861/1303
deg_analysis_31124716_17.out:    Running contrast 866/1303
deg_analysis_31124716_17.out:    Running contrast 871/1303
deg_analysis_31124716_17.out:    Running contrast 876/1303
deg_analysis_31124716_17.out:    Running contrast 881/1303
deg_analysis_31124716_17.out:    Running contrast 886/1303
deg_analysis_31124716_17.out:    Running contrast 891/1303
deg_analysis_31124716_17.out:    Running contrast 896/1303
deg_analysis_31124716_17.out:    Running contrast 901/1303
deg_analysis_31124716_17.out:    Running contrast 906/1303
deg_analysis_31124716_17.out:    Running contrast 911/1303
deg_analysis_31124716_17.out:    Running contrast 916/1303
deg_analysis_31124716_17.out:    Running contrast 921/1303
deg_analysis_31124716_17.out:    Running contrast 926/1303
deg_analysis_31124716_17.out:    Running contrast 931/1303
deg_analysis_31124716_17.out:    Running contrast 936/1303
deg_analysis_31124716_17.out:    Running contrast 941/1303
deg_analysis_31124716_17.out:    Running contrast 946/1303
deg_analysis_31124716_17.out:    Running contrast 951/1303
deg_analysis_31124716_17.out:    Running contrast 956/1303
deg_analysis_31124716_17.out:    Running contrast 961/1303
deg_analysis_31124716_17.out:    Running contrast 966/1303
deg_analysis_31124716_17.out:    Running contrast 971/1303
deg_analysis_31124716_17.out:    Running contrast 976/1303
deg_analysis_31124716_17.out:    Running contrast 981/1303
deg_analysis_31124716_17.out:    Running contrast 986/1303
deg_analysis_31124716_17.out:    Running contrast 991/1303
deg_analysis_31124716_17.out:    Running contrast 996/1303
deg_analysis_31124716_17.out:    Running contrast 1001/1303
deg_analysis_31124716_17.out:    Running contrast 1006/1303
deg_analysis_31124716_17.out:    Running contrast 1011/1303
deg_analysis_31124716_17.out:    Running contrast 1016/1303
deg_analysis_31124716_17.out:    Running contrast 1021/1303
deg_analysis_31124716_17.out:    Running contrast 1026/1303
deg_analysis_31124716_17.out:    Running contrast 1031/1303
deg_analysis_31124716_17.out:    Running contrast 1036/1303
deg_analysis_31124716_17.out:    Running contrast 1041/1303
deg_analysis_31124716_17.out:    Running contrast 1046/1303
deg_analysis_31124716_17.out:    Running contrast 1051/1303
deg_analysis_31124716_17.out:    Running contrast 1056/1303
deg_analysis_31124716_17.out:    Running contrast 1061/1303
deg_analysis_31124716_17.out:    Running contrast 1066/1303
deg_analysis_31124716_17.out:    Running contrast 1071/1303
deg_analysis_31124716_17.out:    Running contrast 1076/1303
deg_analysis_31124716_17.out:    Running contrast 1081/1303
deg_analysis_31124716_17.out:    Running contrast 1086/1303
deg_analysis_31124716_17.out:    Running contrast 1091/1303
deg_analysis_31124716_17.out:    Running contrast 1096/1303
deg_analysis_31124716_17.out:    Running contrast 1101/1303
deg_analysis_31124716_17.out:    Running contrast 1106/1303
deg_analysis_31124716_17.out:    Running contrast 1111/1303
deg_analysis_31124716_17.out:    Running contrast 1116/1303
deg_analysis_31124716_17.out:    Running contrast 1121/1303
deg_analysis_31124716_17.out:    Running contrast 1126/1303
deg_analysis_31124716_17.out:    Running contrast 1131/1303
deg_analysis_31124716_17.out:    Running contrast 1136/1303
deg_analysis_31124716_17.out:    Running contrast 1141/1303
deg_analysis_31124716_17.out:    Running contrast 1146/1303
deg_analysis_31124716_17.out:    Running contrast 1151/1303
deg_analysis_31124716_17.out:    Running contrast 1156/1303
deg_analysis_31124716_17.out:    Running contrast 1161/1303
deg_analysis_31124716_17.out:    Running contrast 1166/1303
deg_analysis_31124716_17.out:    Running contrast 1171/1303
deg_analysis_31124716_17.out:    Running contrast 1176/1303
deg_analysis_31124716_17.out:    Running contrast 1181/1303
deg_analysis_31124716_17.out:    Running contrast 1186/1303
deg_analysis_31124716_17.out:    Running contrast 1191/1303
deg_analysis_31124716_17.out:    Running contrast 1196/1303
deg_analysis_31124716_17.out:    Running contrast 1201/1303
deg_analysis_31124716_17.out:    Running contrast 1206/1303
deg_analysis_31124716_17.out:    Running contrast 1211/1303
deg_analysis_31124716_17.out:    Running contrast 1216/1303
deg_analysis_31124716_17.out:    Running contrast 1221/1303
deg_analysis_31124716_17.out:    Running contrast 1226/1303
deg_analysis_31124716_17.out:    Running contrast 1231/1303
deg_analysis_31124716_17.out:    Running contrast 1236/1303
deg_analysis_31124716_17.out:    Running contrast 1241/1303
deg_analysis_31124716_17.out:    Running contrast 1246/1303
deg_analysis_31124716_17.out:    Running contrast 1251/1303
deg_analysis_31124716_17.out:    Running contrast 1256/1303
deg_analysis_31124716_17.out:    Running contrast 1261/1303
deg_analysis_31124716_17.out:    Running contrast 1266/1303
deg_analysis_31124716_17.out:    Running contrast 1271/1303
deg_analysis_31124716_17.out:    Running contrast 1276/1303
deg_analysis_31124716_17.out:    Running contrast 1281/1303
deg_analysis_31124716_17.out:    Running contrast 1286/1303
deg_analysis_31124716_17.out:    Running contrast 1291/1303
deg_analysis_31124716_17.out:    Running contrast 1296/1303
deg_analysis_31124716_17.out:    Running contrast 1301/1303
deg_analysis_31124716_17.out:    Running contrast 1303/1303
deg_analysis_31124716_17.out:
deg_analysis_31124716_17.out:    Writing:  ./data/tahoe/deg_data/sep_rep/full/qc_false/filter_min_cells_50/CVCL_0399_de.h5ad 
deg_analysis_31124716_17.out:
deg_analysis_31124716_17.out:    Rewriting h5ad file: ./data/tahoe/deg_data/sep_rep/full/qc_false/filter_min_cells_50/CVCL_0399_de.h5ad 
deg_analysis_31124716_17.out:    Removed X matrix
deg_analysis_31124716_17.out:    Rewriting h5ad file is done!
deg_analysis_31124716_17.out:✓ Cell line completed in 12088.6 seconds
deg_analysis_31124716_17.out:
deg_analysis_31124716_17.out:DE analysis completed!
deg_analysis_31124716_17.out:
deg_analysis_31124716_17.out:Total runtime: 12102.6 seconds
deg_analysis_31124716_18.out:
deg_analysis_31124716_18.out:DE analysis started...
deg_analysis_31124716_18.out:Loaded input file:  ./data/tahoe/pseudobulk_processed/sep_rep/by_celltype/CVCL_0428_processed.h5ad 
deg_analysis_31124716_18.out:Initial dimensions:  1337  samples ×  62710  genes
deg_analysis_31124716_18.out:Filter samples with the low number of cells
deg_analysis_31124716_18.out:    Filter threshold (min_cells):  50 
deg_analysis_31124716_18.out:    n_obs:  1337 -->  1329 
deg_analysis_31124716_18.out:
deg_analysis_31124716_18.out:▶︎ Processing cell_type  1 / 1 :  CVCL_0428 
deg_analysis_31124716_18.out:    Filter controls by  pert_time_h  column
deg_analysis_31124716_18.out:        n_obs:  1329 -->  1329 
deg_analysis_31124716_18.out:
deg_analysis_31124716_18.out:    Running contrast 1/1301
deg_analysis_31124716_18.out:    Running contrast 6/1301
deg_analysis_31124716_18.out:    Running contrast 11/1301
deg_analysis_31124716_18.out:    Running contrast 16/1301
deg_analysis_31124716_18.out:    Running contrast 21/1301
deg_analysis_31124716_18.out:    Running contrast 26/1301
deg_analysis_31124716_18.out:    Running contrast 31/1301
deg_analysis_31124716_18.out:    Running contrast 36/1301
deg_analysis_31124716_18.out:    Running contrast 41/1301
deg_analysis_31124716_18.out:    Running contrast 46/1301
deg_analysis_31124716_18.out:    Running contrast 51/1301
deg_analysis_31124716_18.out:    Running contrast 56/1301
deg_analysis_31124716_18.out:    Running contrast 61/1301
deg_analysis_31124716_18.out:    Running contrast 66/1301
deg_analysis_31124716_18.out:    Running contrast 71/1301
deg_analysis_31124716_18.out:    Running contrast 76/1301
deg_analysis_31124716_18.out:    Running contrast 81/1301
deg_analysis_31124716_18.out:    Running contrast 86/1301
deg_analysis_31124716_18.out:    Running contrast 91/1301
deg_analysis_31124716_18.out:    Running contrast 96/1301
deg_analysis_31124716_18.out:    Running contrast 101/1301
deg_analysis_31124716_18.out:    Running contrast 106/1301
deg_analysis_31124716_18.out:    Running contrast 111/1301
deg_analysis_31124716_18.out:    Running contrast 116/1301
deg_analysis_31124716_18.out:    Running contrast 121/1301
deg_analysis_31124716_18.out:    Running contrast 126/1301
deg_analysis_31124716_18.out:    Running contrast 131/1301
deg_analysis_31124716_18.out:    Running contrast 136/1301
deg_analysis_31124716_18.out:    Running contrast 141/1301
deg_analysis_31124716_18.out:    Running contrast 146/1301
deg_analysis_31124716_18.out:    Running contrast 151/1301
deg_analysis_31124716_18.out:    Running contrast 156/1301
deg_analysis_31124716_18.out:    Running contrast 161/1301
deg_analysis_31124716_18.out:    Running contrast 166/1301
deg_analysis_31124716_18.out:    Running contrast 171/1301
deg_analysis_31124716_18.out:    Running contrast 176/1301
deg_analysis_31124716_18.out:    Running contrast 181/1301
deg_analysis_31124716_18.out:    Running contrast 186/1301
deg_analysis_31124716_18.out:    Running contrast 191/1301
deg_analysis_31124716_18.out:    Running contrast 196/1301
deg_analysis_31124716_18.out:    Running contrast 201/1301
deg_analysis_31124716_18.out:    Running contrast 206/1301
deg_analysis_31124716_18.out:    Running contrast 211/1301
deg_analysis_31124716_18.out:    Running contrast 216/1301
deg_analysis_31124716_18.out:    Running contrast 221/1301
deg_analysis_31124716_18.out:    Running contrast 226/1301
deg_analysis_31124716_18.out:    Running contrast 231/1301
deg_analysis_31124716_18.out:    Running contrast 236/1301
deg_analysis_31124716_18.out:    Running contrast 241/1301
deg_analysis_31124716_18.out:    Running contrast 246/1301
deg_analysis_31124716_18.out:    Running contrast 251/1301
deg_analysis_31124716_18.out:    Running contrast 256/1301
deg_analysis_31124716_18.out:    Running contrast 261/1301
deg_analysis_31124716_18.out:    Running contrast 266/1301
deg_analysis_31124716_18.out:    Running contrast 271/1301
deg_analysis_31124716_18.out:    Running contrast 276/1301
deg_analysis_31124716_18.out:    Running contrast 281/1301
deg_analysis_31124716_18.out:    Running contrast 286/1301
deg_analysis_31124716_18.out:    Running contrast 291/1301
deg_analysis_31124716_18.out:    Running contrast 296/1301
deg_analysis_31124716_18.out:    Running contrast 301/1301
deg_analysis_31124716_18.out:    Running contrast 306/1301
deg_analysis_31124716_18.out:    Running contrast 311/1301
deg_analysis_31124716_18.out:    Running contrast 316/1301
deg_analysis_31124716_18.out:    Running contrast 321/1301
deg_analysis_31124716_18.out:    Running contrast 326/1301
deg_analysis_31124716_18.out:    Running contrast 331/1301
deg_analysis_31124716_18.out:    Running contrast 336/1301
deg_analysis_31124716_18.out:    Running contrast 341/1301
deg_analysis_31124716_18.out:    Running contrast 346/1301
deg_analysis_31124716_18.out:    Running contrast 351/1301
deg_analysis_31124716_18.out:    Running contrast 356/1301
deg_analysis_31124716_18.out:    Running contrast 361/1301
deg_analysis_31124716_18.out:    Running contrast 366/1301
deg_analysis_31124716_18.out:    Running contrast 371/1301
deg_analysis_31124716_18.out:    Running contrast 376/1301
deg_analysis_31124716_18.out:    Running contrast 381/1301
deg_analysis_31124716_18.out:    Running contrast 386/1301
deg_analysis_31124716_18.out:    Running contrast 391/1301
deg_analysis_31124716_18.out:    Running contrast 396/1301
deg_analysis_31124716_18.out:    Running contrast 401/1301
deg_analysis_31124716_18.out:    Running contrast 406/1301
deg_analysis_31124716_18.out:    Running contrast 411/1301
deg_analysis_31124716_18.out:    Running contrast 416/1301
deg_analysis_31124716_18.out:    Running contrast 421/1301
deg_analysis_31124716_18.out:    Running contrast 426/1301
deg_analysis_31124716_18.out:    Running contrast 431/1301
deg_analysis_31124716_18.out:    Running contrast 436/1301
deg_analysis_31124716_18.out:    Running contrast 441/1301
deg_analysis_31124716_18.out:    Running contrast 446/1301
deg_analysis_31124716_18.out:    Running contrast 451/1301
deg_analysis_31124716_18.out:    Running contrast 456/1301
deg_analysis_31124716_18.out:    Running contrast 461/1301
deg_analysis_31124716_18.out:    Running contrast 466/1301
deg_analysis_31124716_18.out:    Running contrast 471/1301
deg_analysis_31124716_18.out:    Running contrast 476/1301
deg_analysis_31124716_18.out:    Running contrast 481/1301
deg_analysis_31124716_18.out:    Running contrast 486/1301
deg_analysis_31124716_18.out:    Running contrast 491/1301
deg_analysis_31124716_18.out:    Running contrast 496/1301
deg_analysis_31124716_18.out:    Running contrast 501/1301
deg_analysis_31124716_18.out:    Running contrast 506/1301
deg_analysis_31124716_18.out:    Running contrast 511/1301
deg_analysis_31124716_18.out:    Running contrast 516/1301
deg_analysis_31124716_18.out:    Running contrast 521/1301
deg_analysis_31124716_18.out:    Running contrast 526/1301
deg_analysis_31124716_18.out:    Running contrast 531/1301
deg_analysis_31124716_18.out:    Running contrast 536/1301
deg_analysis_31124716_18.out:    Running contrast 541/1301
deg_analysis_31124716_18.out:    Running contrast 546/1301
deg_analysis_31124716_18.out:    Running contrast 551/1301
deg_analysis_31124716_18.out:    Running contrast 556/1301
deg_analysis_31124716_18.out:    Running contrast 561/1301
deg_analysis_31124716_18.out:    Running contrast 566/1301
deg_analysis_31124716_18.out:    Running contrast 571/1301
deg_analysis_31124716_18.out:    Running contrast 576/1301
deg_analysis_31124716_18.out:    Running contrast 581/1301
deg_analysis_31124716_18.out:    Running contrast 586/1301
deg_analysis_31124716_18.out:    Running contrast 591/1301
deg_analysis_31124716_18.out:    Running contrast 596/1301
deg_analysis_31124716_18.out:    Running contrast 601/1301
deg_analysis_31124716_18.out:    Running contrast 606/1301
deg_analysis_31124716_18.out:    Running contrast 611/1301
deg_analysis_31124716_18.out:    Running contrast 616/1301
deg_analysis_31124716_18.out:    Running contrast 621/1301
deg_analysis_31124716_18.out:    Running contrast 626/1301
deg_analysis_31124716_18.out:    Running contrast 631/1301
deg_analysis_31124716_18.out:    Running contrast 636/1301
deg_analysis_31124716_18.out:    Running contrast 641/1301
deg_analysis_31124716_18.out:    Running contrast 646/1301
deg_analysis_31124716_18.out:    Running contrast 651/1301
deg_analysis_31124716_18.out:    Running contrast 656/1301
deg_analysis_31124716_18.out:    Running contrast 661/1301
deg_analysis_31124716_18.out:    Running contrast 666/1301
deg_analysis_31124716_18.out:    Running contrast 671/1301
deg_analysis_31124716_18.out:    Running contrast 676/1301
deg_analysis_31124716_18.out:    Running contrast 681/1301
deg_analysis_31124716_18.out:    Running contrast 686/1301
deg_analysis_31124716_18.out:    Running contrast 691/1301
deg_analysis_31124716_18.out:    Running contrast 696/1301
deg_analysis_31124716_18.out:    Running contrast 701/1301
deg_analysis_31124716_18.out:    Running contrast 706/1301
deg_analysis_31124716_18.out:    Running contrast 711/1301
deg_analysis_31124716_18.out:    Running contrast 716/1301
deg_analysis_31124716_18.out:    Running contrast 721/1301
deg_analysis_31124716_18.out:    Running contrast 726/1301
deg_analysis_31124716_18.out:    Running contrast 731/1301
deg_analysis_31124716_18.out:    Running contrast 736/1301
deg_analysis_31124716_18.out:    Running contrast 741/1301
deg_analysis_31124716_18.out:    Running contrast 746/1301
deg_analysis_31124716_18.out:    Running contrast 751/1301
deg_analysis_31124716_18.out:    Running contrast 756/1301
deg_analysis_31124716_18.out:    Running contrast 761/1301
deg_analysis_31124716_18.out:    Running contrast 766/1301
deg_analysis_31124716_18.out:    Running contrast 771/1301
deg_analysis_31124716_18.out:    Running contrast 776/1301
deg_analysis_31124716_18.out:    Running contrast 781/1301
deg_analysis_31124716_18.out:    Running contrast 786/1301
deg_analysis_31124716_18.out:    Running contrast 791/1301
deg_analysis_31124716_18.out:    Running contrast 796/1301
deg_analysis_31124716_18.out:    Running contrast 801/1301
deg_analysis_31124716_18.out:    Running contrast 806/1301
deg_analysis_31124716_18.out:    Running contrast 811/1301
deg_analysis_31124716_18.out:    Running contrast 816/1301
deg_analysis_31124716_18.out:    Running contrast 821/1301
deg_analysis_31124716_18.out:    Running contrast 826/1301
deg_analysis_31124716_18.out:    Running contrast 831/1301
deg_analysis_31124716_18.out:    Running contrast 836/1301
deg_analysis_31124716_18.out:    Running contrast 841/1301
deg_analysis_31124716_18.out:    Running contrast 846/1301
deg_analysis_31124716_18.out:    Running contrast 851/1301
deg_analysis_31124716_18.out:    Running contrast 856/1301
deg_analysis_31124716_18.out:    Running contrast 861/1301
deg_analysis_31124716_18.out:    Running contrast 866/1301
deg_analysis_31124716_18.out:    Running contrast 871/1301
deg_analysis_31124716_18.out:    Running contrast 876/1301
deg_analysis_31124716_18.out:    Running contrast 881/1301
deg_analysis_31124716_18.out:    Running contrast 886/1301
deg_analysis_31124716_18.out:    Running contrast 891/1301
deg_analysis_31124716_18.out:    Running contrast 896/1301
deg_analysis_31124716_18.out:    Running contrast 901/1301
deg_analysis_31124716_18.out:    Running contrast 906/1301
deg_analysis_31124716_18.out:    Running contrast 911/1301
deg_analysis_31124716_18.out:    Running contrast 916/1301
deg_analysis_31124716_18.out:    Running contrast 921/1301
deg_analysis_31124716_18.out:    Running contrast 926/1301
deg_analysis_31124716_18.out:    Running contrast 931/1301
deg_analysis_31124716_18.out:    Running contrast 936/1301
deg_analysis_31124716_18.out:    Running contrast 941/1301
deg_analysis_31124716_18.out:    Running contrast 946/1301
deg_analysis_31124716_18.out:    Running contrast 951/1301
deg_analysis_31124716_18.out:    Running contrast 956/1301
deg_analysis_31124716_18.out:    Running contrast 961/1301
deg_analysis_31124716_18.out:    Running contrast 966/1301
deg_analysis_31124716_18.out:    Running contrast 971/1301
deg_analysis_31124716_18.out:    Running contrast 976/1301
deg_analysis_31124716_18.out:    Running contrast 981/1301
deg_analysis_31124716_18.out:    Running contrast 986/1301
deg_analysis_31124716_18.out:    Running contrast 991/1301
deg_analysis_31124716_18.out:    Running contrast 996/1301
deg_analysis_31124716_18.out:    Running contrast 1001/1301
deg_analysis_31124716_18.out:    Running contrast 1006/1301
deg_analysis_31124716_18.out:    Running contrast 1011/1301
deg_analysis_31124716_18.out:    Running contrast 1016/1301
deg_analysis_31124716_18.out:    Running contrast 1021/1301
deg_analysis_31124716_18.out:    Running contrast 1026/1301
deg_analysis_31124716_18.out:    Running contrast 1031/1301
deg_analysis_31124716_18.out:    Running contrast 1036/1301
deg_analysis_31124716_18.out:    Running contrast 1041/1301
deg_analysis_31124716_18.out:    Running contrast 1046/1301
deg_analysis_31124716_18.out:    Running contrast 1051/1301
deg_analysis_31124716_18.out:    Running contrast 1056/1301
deg_analysis_31124716_18.out:    Running contrast 1061/1301
deg_analysis_31124716_18.out:    Running contrast 1066/1301
deg_analysis_31124716_18.out:    Running contrast 1071/1301
deg_analysis_31124716_18.out:    Running contrast 1076/1301
deg_analysis_31124716_18.out:    Running contrast 1081/1301
deg_analysis_31124716_18.out:    Running contrast 1086/1301
deg_analysis_31124716_18.out:    Running contrast 1091/1301
deg_analysis_31124716_18.out:    Running contrast 1096/1301
deg_analysis_31124716_18.out:    Running contrast 1101/1301
deg_analysis_31124716_18.out:    Running contrast 1106/1301
deg_analysis_31124716_18.out:    Running contrast 1111/1301
deg_analysis_31124716_18.out:    Running contrast 1116/1301
deg_analysis_31124716_18.out:    Running contrast 1121/1301
deg_analysis_31124716_18.out:    Running contrast 1126/1301
deg_analysis_31124716_18.out:    Running contrast 1131/1301
deg_analysis_31124716_18.out:    Running contrast 1136/1301
deg_analysis_31124716_18.out:    Running contrast 1141/1301
deg_analysis_31124716_18.out:    Running contrast 1146/1301
deg_analysis_31124716_18.out:    Running contrast 1151/1301
deg_analysis_31124716_18.out:    Running contrast 1156/1301
deg_analysis_31124716_18.out:    Running contrast 1161/1301
deg_analysis_31124716_18.out:    Running contrast 1166/1301
deg_analysis_31124716_18.out:    Running contrast 1171/1301
deg_analysis_31124716_18.out:    Running contrast 1176/1301
deg_analysis_31124716_18.out:    Running contrast 1181/1301
deg_analysis_31124716_18.out:    Running contrast 1186/1301
deg_analysis_31124716_18.out:    Running contrast 1191/1301
deg_analysis_31124716_18.out:    Running contrast 1196/1301
deg_analysis_31124716_18.out:    Running contrast 1201/1301
deg_analysis_31124716_18.out:    Running contrast 1206/1301
deg_analysis_31124716_18.out:    Running contrast 1211/1301
deg_analysis_31124716_18.out:    Running contrast 1216/1301
deg_analysis_31124716_18.out:    Running contrast 1221/1301
deg_analysis_31124716_18.out:    Running contrast 1226/1301
deg_analysis_31124716_18.out:    Running contrast 1231/1301
deg_analysis_31124716_18.out:    Running contrast 1236/1301
deg_analysis_31124716_18.out:    Running contrast 1241/1301
deg_analysis_31124716_18.out:    Running contrast 1246/1301
deg_analysis_31124716_18.out:    Running contrast 1251/1301
deg_analysis_31124716_18.out:    Running contrast 1256/1301
deg_analysis_31124716_18.out:    Running contrast 1261/1301
deg_analysis_31124716_18.out:    Running contrast 1266/1301
deg_analysis_31124716_18.out:    Running contrast 1271/1301
deg_analysis_31124716_18.out:    Running contrast 1276/1301
deg_analysis_31124716_18.out:    Running contrast 1281/1301
deg_analysis_31124716_18.out:    Running contrast 1286/1301
deg_analysis_31124716_18.out:    Running contrast 1291/1301
deg_analysis_31124716_18.out:    Running contrast 1296/1301
deg_analysis_31124716_18.out:    Running contrast 1301/1301
deg_analysis_31124716_18.out:
deg_analysis_31124716_18.out:    Writing:  ./data/tahoe/deg_data/sep_rep/full/qc_false/filter_min_cells_50/CVCL_0428_de.h5ad 
deg_analysis_31124716_18.out:
deg_analysis_31124716_18.out:    Rewriting h5ad file: ./data/tahoe/deg_data/sep_rep/full/qc_false/filter_min_cells_50/CVCL_0428_de.h5ad 
deg_analysis_31124716_18.out:    Removed X matrix
deg_analysis_31124716_18.out:    Rewriting h5ad file is done!
deg_analysis_31124716_18.out:✓ Cell line completed in 13392.6 seconds
deg_analysis_31124716_18.out:
deg_analysis_31124716_18.out:DE analysis completed!
deg_analysis_31124716_18.out:
deg_analysis_31124716_18.out:Total runtime: 13413.5 seconds
deg_analysis_31124716_19.out:
deg_analysis_31124716_19.out:DE analysis started...
deg_analysis_31124716_19.out:Loaded input file:  ./data/tahoe/pseudobulk_processed/sep_rep/by_celltype/CVCL_0459_processed.h5ad 
deg_analysis_31124716_19.out:Initial dimensions:  1344  samples ×  62710  genes
deg_analysis_31124716_19.out:Filter samples with the low number of cells
deg_analysis_31124716_19.out:    Filter threshold (min_cells):  50 
deg_analysis_31124716_19.out:    n_obs:  1344 -->  1333 
deg_analysis_31124716_19.out:
deg_analysis_31124716_19.out:▶︎ Processing cell_type  1 / 1 :  CVCL_0459 
deg_analysis_31124716_19.out:    Filter controls by  pert_time_h  column
deg_analysis_31124716_19.out:        n_obs:  1333 -->  1333 
deg_analysis_31124716_19.out:
deg_analysis_31124716_19.out:    Running contrast 1/1305
deg_analysis_31124716_19.out:    Running contrast 6/1305
deg_analysis_31124716_19.out:    Running contrast 11/1305
deg_analysis_31124716_19.out:    Running contrast 16/1305
deg_analysis_31124716_19.out:    Running contrast 21/1305
deg_analysis_31124716_19.out:    Running contrast 26/1305
deg_analysis_31124716_19.out:    Running contrast 31/1305
deg_analysis_31124716_19.out:    Running contrast 36/1305
deg_analysis_31124716_19.out:    Running contrast 41/1305
deg_analysis_31124716_19.out:    Running contrast 46/1305
deg_analysis_31124716_19.out:    Running contrast 51/1305
deg_analysis_31124716_19.out:    Running contrast 56/1305
deg_analysis_31124716_19.out:    Running contrast 61/1305
deg_analysis_31124716_19.out:    Running contrast 66/1305
deg_analysis_31124716_19.out:    Running contrast 71/1305
deg_analysis_31124716_19.out:    Running contrast 76/1305
deg_analysis_31124716_19.out:    Running contrast 81/1305
deg_analysis_31124716_19.out:    Running contrast 86/1305
deg_analysis_31124716_19.out:    Running contrast 91/1305
deg_analysis_31124716_19.out:    Running contrast 96/1305
deg_analysis_31124716_19.out:    Running contrast 101/1305
deg_analysis_31124716_19.out:    Running contrast 106/1305
deg_analysis_31124716_19.out:    Running contrast 111/1305
deg_analysis_31124716_19.out:    Running contrast 116/1305
deg_analysis_31124716_19.out:    Running contrast 121/1305
deg_analysis_31124716_19.out:    Running contrast 126/1305
deg_analysis_31124716_19.out:    Running contrast 131/1305
deg_analysis_31124716_19.out:    Running contrast 136/1305
deg_analysis_31124716_19.out:    Running contrast 141/1305
deg_analysis_31124716_19.out:    Running contrast 146/1305
deg_analysis_31124716_19.out:    Running contrast 151/1305
deg_analysis_31124716_19.out:    Running contrast 156/1305
deg_analysis_31124716_19.out:    Running contrast 161/1305
deg_analysis_31124716_19.out:    Running contrast 166/1305
deg_analysis_31124716_19.out:    Running contrast 171/1305
deg_analysis_31124716_19.out:    Running contrast 176/1305
deg_analysis_31124716_19.out:    Running contrast 181/1305
deg_analysis_31124716_19.out:    Running contrast 186/1305
deg_analysis_31124716_19.out:    Running contrast 191/1305
deg_analysis_31124716_19.out:    Running contrast 196/1305
deg_analysis_31124716_19.out:    Running contrast 201/1305
deg_analysis_31124716_19.out:    Running contrast 206/1305
deg_analysis_31124716_19.out:    Running contrast 211/1305
deg_analysis_31124716_19.out:    Running contrast 216/1305
deg_analysis_31124716_19.out:    Running contrast 221/1305
deg_analysis_31124716_19.out:    Running contrast 226/1305
deg_analysis_31124716_19.out:    Running contrast 231/1305
deg_analysis_31124716_19.out:    Running contrast 236/1305
deg_analysis_31124716_19.out:    Running contrast 241/1305
deg_analysis_31124716_19.out:    Running contrast 246/1305
deg_analysis_31124716_19.out:    Running contrast 251/1305
deg_analysis_31124716_19.out:    Running contrast 256/1305
deg_analysis_31124716_19.out:    Running contrast 261/1305
deg_analysis_31124716_19.out:    Running contrast 266/1305
deg_analysis_31124716_19.out:    Running contrast 271/1305
deg_analysis_31124716_19.out:    Running contrast 276/1305
deg_analysis_31124716_19.out:    Running contrast 281/1305
deg_analysis_31124716_19.out:    Running contrast 286/1305
deg_analysis_31124716_19.out:    Running contrast 291/1305
deg_analysis_31124716_19.out:    Running contrast 296/1305
deg_analysis_31124716_19.out:    Running contrast 301/1305
deg_analysis_31124716_19.out:    Running contrast 306/1305
deg_analysis_31124716_19.out:    Running contrast 311/1305
deg_analysis_31124716_19.out:    Running contrast 316/1305
deg_analysis_31124716_19.out:    Running contrast 321/1305
deg_analysis_31124716_19.out:    Running contrast 326/1305
deg_analysis_31124716_19.out:    Running contrast 331/1305
deg_analysis_31124716_19.out:    Running contrast 336/1305
deg_analysis_31124716_19.out:    Running contrast 341/1305
deg_analysis_31124716_19.out:    Running contrast 346/1305
deg_analysis_31124716_19.out:    Running contrast 351/1305
deg_analysis_31124716_19.out:    Running contrast 356/1305
deg_analysis_31124716_19.out:    Running contrast 361/1305
deg_analysis_31124716_19.out:    Running contrast 366/1305
deg_analysis_31124716_19.out:    Running contrast 371/1305
deg_analysis_31124716_19.out:    Running contrast 376/1305
deg_analysis_31124716_19.out:    Running contrast 381/1305
deg_analysis_31124716_19.out:    Running contrast 386/1305
deg_analysis_31124716_19.out:    Running contrast 391/1305
deg_analysis_31124716_19.out:    Running contrast 396/1305
deg_analysis_31124716_19.out:    Running contrast 401/1305
deg_analysis_31124716_19.out:    Running contrast 406/1305
deg_analysis_31124716_19.out:    Running contrast 411/1305
deg_analysis_31124716_19.out:    Running contrast 416/1305
deg_analysis_31124716_19.out:    Running contrast 421/1305
deg_analysis_31124716_19.out:    Running contrast 426/1305
deg_analysis_31124716_19.out:    Running contrast 431/1305
deg_analysis_31124716_19.out:    Running contrast 436/1305
deg_analysis_31124716_19.out:    Running contrast 441/1305
deg_analysis_31124716_19.out:    Running contrast 446/1305
deg_analysis_31124716_19.out:    Running contrast 451/1305
deg_analysis_31124716_19.out:    Running contrast 456/1305
deg_analysis_31124716_19.out:    Running contrast 461/1305
deg_analysis_31124716_19.out:    Running contrast 466/1305
deg_analysis_31124716_19.out:    Running contrast 471/1305
deg_analysis_31124716_19.out:    Running contrast 476/1305
deg_analysis_31124716_19.out:    Running contrast 481/1305
deg_analysis_31124716_19.out:    Running contrast 486/1305
deg_analysis_31124716_19.out:    Running contrast 491/1305
deg_analysis_31124716_19.out:    Running contrast 496/1305
deg_analysis_31124716_19.out:    Running contrast 501/1305
deg_analysis_31124716_19.out:    Running contrast 506/1305
deg_analysis_31124716_19.out:    Running contrast 511/1305
deg_analysis_31124716_19.out:    Running contrast 516/1305
deg_analysis_31124716_19.out:    Running contrast 521/1305
deg_analysis_31124716_19.out:    Running contrast 526/1305
deg_analysis_31124716_19.out:    Running contrast 531/1305
deg_analysis_31124716_19.out:    Running contrast 536/1305
deg_analysis_31124716_19.out:    Running contrast 541/1305
deg_analysis_31124716_19.out:    Running contrast 546/1305
deg_analysis_31124716_19.out:    Running contrast 551/1305
deg_analysis_31124716_19.out:    Running contrast 556/1305
deg_analysis_31124716_19.out:    Running contrast 561/1305
deg_analysis_31124716_19.out:    Running contrast 566/1305
deg_analysis_31124716_19.out:    Running contrast 571/1305
deg_analysis_31124716_19.out:    Running contrast 576/1305
deg_analysis_31124716_19.out:    Running contrast 581/1305
deg_analysis_31124716_19.out:    Running contrast 586/1305
deg_analysis_31124716_19.out:    Running contrast 591/1305
deg_analysis_31124716_19.out:    Running contrast 596/1305
deg_analysis_31124716_19.out:    Running contrast 601/1305
deg_analysis_31124716_19.out:    Running contrast 606/1305
deg_analysis_31124716_19.out:    Running contrast 611/1305
deg_analysis_31124716_19.out:    Running contrast 616/1305
deg_analysis_31124716_19.out:    Running contrast 621/1305
deg_analysis_31124716_19.out:    Running contrast 626/1305
deg_analysis_31124716_19.out:    Running contrast 631/1305
deg_analysis_31124716_19.out:    Running contrast 636/1305
deg_analysis_31124716_19.out:    Running contrast 641/1305
deg_analysis_31124716_19.out:    Running contrast 646/1305
deg_analysis_31124716_19.out:    Running contrast 651/1305
deg_analysis_31124716_19.out:    Running contrast 656/1305
deg_analysis_31124716_19.out:    Running contrast 661/1305
deg_analysis_31124716_19.out:    Running contrast 666/1305
deg_analysis_31124716_19.out:    Running contrast 671/1305
deg_analysis_31124716_19.out:    Running contrast 676/1305
deg_analysis_31124716_19.out:    Running contrast 681/1305
deg_analysis_31124716_19.out:    Running contrast 686/1305
deg_analysis_31124716_19.out:    Running contrast 691/1305
deg_analysis_31124716_19.out:    Running contrast 696/1305
deg_analysis_31124716_19.out:    Running contrast 701/1305
deg_analysis_31124716_19.out:    Running contrast 706/1305
deg_analysis_31124716_19.out:    Running contrast 711/1305
deg_analysis_31124716_19.out:    Running contrast 716/1305
deg_analysis_31124716_19.out:    Running contrast 721/1305
deg_analysis_31124716_19.out:    Running contrast 726/1305
deg_analysis_31124716_19.out:    Running contrast 731/1305
deg_analysis_31124716_19.out:    Running contrast 736/1305
deg_analysis_31124716_19.out:    Running contrast 741/1305
deg_analysis_31124716_19.out:    Running contrast 746/1305
deg_analysis_31124716_19.out:    Running contrast 751/1305
deg_analysis_31124716_19.out:    Running contrast 756/1305
deg_analysis_31124716_19.out:    Running contrast 761/1305
deg_analysis_31124716_19.out:    Running contrast 766/1305
deg_analysis_31124716_19.out:    Running contrast 771/1305
deg_analysis_31124716_19.out:    Running contrast 776/1305
deg_analysis_31124716_19.out:    Running contrast 781/1305
deg_analysis_31124716_19.out:    Running contrast 786/1305
deg_analysis_31124716_19.out:    Running contrast 791/1305
deg_analysis_31124716_19.out:    Running contrast 796/1305
deg_analysis_31124716_19.out:    Running contrast 801/1305
deg_analysis_31124716_19.out:    Running contrast 806/1305
deg_analysis_31124716_19.out:    Running contrast 811/1305
deg_analysis_31124716_19.out:    Running contrast 816/1305
deg_analysis_31124716_19.out:    Running contrast 821/1305
deg_analysis_31124716_19.out:    Running contrast 826/1305
deg_analysis_31124716_19.out:    Running contrast 831/1305
deg_analysis_31124716_19.out:    Running contrast 836/1305
deg_analysis_31124716_19.out:    Running contrast 841/1305
deg_analysis_31124716_19.out:    Running contrast 846/1305
deg_analysis_31124716_19.out:    Running contrast 851/1305
deg_analysis_31124716_19.out:    Running contrast 856/1305
deg_analysis_31124716_19.out:    Running contrast 861/1305
deg_analysis_31124716_19.out:    Running contrast 866/1305
deg_analysis_31124716_19.out:    Running contrast 871/1305
deg_analysis_31124716_19.out:    Running contrast 876/1305
deg_analysis_31124716_19.out:    Running contrast 881/1305
deg_analysis_31124716_19.out:    Running contrast 886/1305
deg_analysis_31124716_19.out:    Running contrast 891/1305
deg_analysis_31124716_19.out:    Running contrast 896/1305
deg_analysis_31124716_19.out:    Running contrast 901/1305
deg_analysis_31124716_19.out:    Running contrast 906/1305
deg_analysis_31124716_19.out:    Running contrast 911/1305
deg_analysis_31124716_19.out:    Running contrast 916/1305
deg_analysis_31124716_19.out:    Running contrast 921/1305
deg_analysis_31124716_19.out:    Running contrast 926/1305
deg_analysis_31124716_19.out:    Running contrast 931/1305
deg_analysis_31124716_19.out:    Running contrast 936/1305
deg_analysis_31124716_19.out:    Running contrast 941/1305
deg_analysis_31124716_19.out:    Running contrast 946/1305
deg_analysis_31124716_19.out:    Running contrast 951/1305
deg_analysis_31124716_19.out:    Running contrast 956/1305
deg_analysis_31124716_19.out:    Running contrast 961/1305
deg_analysis_31124716_19.out:    Running contrast 966/1305
deg_analysis_31124716_19.out:    Running contrast 971/1305
deg_analysis_31124716_19.out:    Running contrast 976/1305
deg_analysis_31124716_19.out:    Running contrast 981/1305
deg_analysis_31124716_19.out:    Running contrast 986/1305
deg_analysis_31124716_19.out:    Running contrast 991/1305
deg_analysis_31124716_19.out:    Running contrast 996/1305
deg_analysis_31124716_19.out:    Running contrast 1001/1305
deg_analysis_31124716_19.out:    Running contrast 1006/1305
deg_analysis_31124716_19.out:    Running contrast 1011/1305
deg_analysis_31124716_19.out:    Running contrast 1016/1305
deg_analysis_31124716_19.out:    Running contrast 1021/1305
deg_analysis_31124716_19.out:    Running contrast 1026/1305
deg_analysis_31124716_19.out:    Running contrast 1031/1305
deg_analysis_31124716_19.out:    Running contrast 1036/1305
deg_analysis_31124716_19.out:    Running contrast 1041/1305
deg_analysis_31124716_19.out:    Running contrast 1046/1305
deg_analysis_31124716_19.out:    Running contrast 1051/1305
deg_analysis_31124716_19.out:    Running contrast 1056/1305
deg_analysis_31124716_19.out:    Running contrast 1061/1305
deg_analysis_31124716_19.out:    Running contrast 1066/1305
deg_analysis_31124716_19.out:    Running contrast 1071/1305
deg_analysis_31124716_19.out:    Running contrast 1076/1305
deg_analysis_31124716_19.out:    Running contrast 1081/1305
deg_analysis_31124716_19.out:    Running contrast 1086/1305
deg_analysis_31124716_19.out:    Running contrast 1091/1305
deg_analysis_31124716_19.out:    Running contrast 1096/1305
deg_analysis_31124716_19.out:    Running contrast 1101/1305
deg_analysis_31124716_19.out:    Running contrast 1106/1305
deg_analysis_31124716_19.out:    Running contrast 1111/1305
deg_analysis_31124716_19.out:    Running contrast 1116/1305
deg_analysis_31124716_19.out:    Running contrast 1121/1305
deg_analysis_31124716_19.out:    Running contrast 1126/1305
deg_analysis_31124716_19.out:    Running contrast 1131/1305
deg_analysis_31124716_19.out:    Running contrast 1136/1305
deg_analysis_31124716_19.out:    Running contrast 1141/1305
deg_analysis_31124716_19.out:    Running contrast 1146/1305
deg_analysis_31124716_19.out:    Running contrast 1151/1305
deg_analysis_31124716_19.out:    Running contrast 1156/1305
deg_analysis_31124716_19.out:    Running contrast 1161/1305
deg_analysis_31124716_19.out:    Running contrast 1166/1305
deg_analysis_31124716_19.out:    Running contrast 1171/1305
deg_analysis_31124716_19.out:    Running contrast 1176/1305
deg_analysis_31124716_19.out:    Running contrast 1181/1305
deg_analysis_31124716_19.out:    Running contrast 1186/1305
deg_analysis_31124716_19.out:    Running contrast 1191/1305
deg_analysis_31124716_19.out:    Running contrast 1196/1305
deg_analysis_31124716_19.out:    Running contrast 1201/1305
deg_analysis_31124716_19.out:    Running contrast 1206/1305
deg_analysis_31124716_19.out:    Running contrast 1211/1305
deg_analysis_31124716_19.out:    Running contrast 1216/1305
deg_analysis_31124716_19.out:    Running contrast 1221/1305
deg_analysis_31124716_19.out:    Running contrast 1226/1305
deg_analysis_31124716_19.out:    Running contrast 1231/1305
deg_analysis_31124716_19.out:    Running contrast 1236/1305
deg_analysis_31124716_19.out:    Running contrast 1241/1305
deg_analysis_31124716_19.out:    Running contrast 1246/1305
deg_analysis_31124716_19.out:    Running contrast 1251/1305
deg_analysis_31124716_19.out:    Running contrast 1256/1305
deg_analysis_31124716_19.out:    Running contrast 1261/1305
deg_analysis_31124716_19.out:    Running contrast 1266/1305
deg_analysis_31124716_19.out:    Running contrast 1271/1305
deg_analysis_31124716_19.out:    Running contrast 1276/1305
deg_analysis_31124716_19.out:    Running contrast 1281/1305
deg_analysis_31124716_19.out:    Running contrast 1286/1305
deg_analysis_31124716_19.out:    Running contrast 1291/1305
deg_analysis_31124716_19.out:    Running contrast 1296/1305
deg_analysis_31124716_19.out:    Running contrast 1301/1305
deg_analysis_31124716_19.out:    Running contrast 1305/1305
deg_analysis_31124716_19.out:
deg_analysis_31124716_19.out:    Writing:  ./data/tahoe/deg_data/sep_rep/full/qc_false/filter_min_cells_50/CVCL_0459_de.h5ad 
deg_analysis_31124716_19.out:
deg_analysis_31124716_19.out:    Rewriting h5ad file: ./data/tahoe/deg_data/sep_rep/full/qc_false/filter_min_cells_50/CVCL_0459_de.h5ad 
deg_analysis_31124716_19.out:    Removed X matrix
deg_analysis_31124716_19.out:    Rewriting h5ad file is done!
deg_analysis_31124716_19.out:✓ Cell line completed in 14894.9 seconds
deg_analysis_31124716_19.out:
deg_analysis_31124716_19.out:DE analysis completed!
deg_analysis_31124716_19.out:
deg_analysis_31124716_19.out:Total runtime: 14913.2 seconds
deg_analysis_31124716_20.out:
deg_analysis_31124716_20.out:DE analysis started...
deg_analysis_31124716_20.out:Loaded input file:  ./data/tahoe/pseudobulk_processed/sep_rep/by_celltype/CVCL_0480_processed.h5ad 
deg_analysis_31124716_20.out:Initial dimensions:  1338  samples ×  62710  genes
deg_analysis_31124716_20.out:Filter samples with the low number of cells
deg_analysis_31124716_20.out:    Filter threshold (min_cells):  50 
deg_analysis_31124716_20.out:    n_obs:  1338 -->  1329 
deg_analysis_31124716_20.out:
deg_analysis_31124716_20.out:▶︎ Processing cell_type  1 / 1 :  CVCL_0480 
deg_analysis_31124716_20.out:    Filter controls by  pert_time_h  column
deg_analysis_31124716_20.out:        n_obs:  1329 -->  1329 
deg_analysis_31124716_20.out:
deg_analysis_31124716_20.out:    Running contrast 1/1301
deg_analysis_31124716_20.out:    Running contrast 6/1301
deg_analysis_31124716_20.out:    Running contrast 11/1301
deg_analysis_31124716_20.out:    Running contrast 16/1301
deg_analysis_31124716_20.out:    Running contrast 21/1301
deg_analysis_31124716_20.out:    Running contrast 26/1301
deg_analysis_31124716_20.out:    Running contrast 31/1301
deg_analysis_31124716_20.out:    Running contrast 36/1301
deg_analysis_31124716_20.out:    Running contrast 41/1301
deg_analysis_31124716_20.out:    Running contrast 46/1301
deg_analysis_31124716_20.out:    Running contrast 51/1301
deg_analysis_31124716_20.out:    Running contrast 56/1301
deg_analysis_31124716_20.out:    Running contrast 61/1301
deg_analysis_31124716_20.out:    Running contrast 66/1301
deg_analysis_31124716_20.out:    Running contrast 71/1301
deg_analysis_31124716_20.out:    Running contrast 76/1301
deg_analysis_31124716_20.out:    Running contrast 81/1301
deg_analysis_31124716_20.out:    Running contrast 86/1301
deg_analysis_31124716_20.out:    Running contrast 91/1301
deg_analysis_31124716_20.out:    Running contrast 96/1301
deg_analysis_31124716_20.out:    Running contrast 101/1301
deg_analysis_31124716_20.out:    Running contrast 106/1301
deg_analysis_31124716_20.out:    Running contrast 111/1301
deg_analysis_31124716_20.out:    Running contrast 116/1301
deg_analysis_31124716_20.out:    Running contrast 121/1301
deg_analysis_31124716_20.out:    Running contrast 126/1301
deg_analysis_31124716_20.out:    Running contrast 131/1301
deg_analysis_31124716_20.out:    Running contrast 136/1301
deg_analysis_31124716_20.out:    Running contrast 141/1301
deg_analysis_31124716_20.out:    Running contrast 146/1301
deg_analysis_31124716_20.out:    Running contrast 151/1301
deg_analysis_31124716_20.out:    Running contrast 156/1301
deg_analysis_31124716_20.out:    Running contrast 161/1301
deg_analysis_31124716_20.out:    Running contrast 166/1301
deg_analysis_31124716_20.out:    Running contrast 171/1301
deg_analysis_31124716_20.out:    Running contrast 176/1301
deg_analysis_31124716_20.out:    Running contrast 181/1301
deg_analysis_31124716_20.out:    Running contrast 186/1301
deg_analysis_31124716_20.out:    Running contrast 191/1301
deg_analysis_31124716_20.out:    Running contrast 196/1301
deg_analysis_31124716_20.out:    Running contrast 201/1301
deg_analysis_31124716_20.out:    Running contrast 206/1301
deg_analysis_31124716_20.out:    Running contrast 211/1301
deg_analysis_31124716_20.out:    Running contrast 216/1301
deg_analysis_31124716_20.out:    Running contrast 221/1301
deg_analysis_31124716_20.out:    Running contrast 226/1301
deg_analysis_31124716_20.out:    Running contrast 231/1301
deg_analysis_31124716_20.out:    Running contrast 236/1301
deg_analysis_31124716_20.out:    Running contrast 241/1301
deg_analysis_31124716_20.out:    Running contrast 246/1301
deg_analysis_31124716_20.out:    Running contrast 251/1301
deg_analysis_31124716_20.out:    Running contrast 256/1301
deg_analysis_31124716_20.out:    Running contrast 261/1301
deg_analysis_31124716_20.out:    Running contrast 266/1301
deg_analysis_31124716_20.out:    Running contrast 271/1301
deg_analysis_31124716_20.out:    Running contrast 276/1301
deg_analysis_31124716_20.out:    Running contrast 281/1301
deg_analysis_31124716_20.out:    Running contrast 286/1301
deg_analysis_31124716_20.out:    Running contrast 291/1301
deg_analysis_31124716_20.out:    Running contrast 296/1301
deg_analysis_31124716_20.out:    Running contrast 301/1301
deg_analysis_31124716_20.out:    Running contrast 306/1301
deg_analysis_31124716_20.out:    Running contrast 311/1301
deg_analysis_31124716_20.out:    Running contrast 316/1301
deg_analysis_31124716_20.out:    Running contrast 321/1301
deg_analysis_31124716_20.out:    Running contrast 326/1301
deg_analysis_31124716_20.out:    Running contrast 331/1301
deg_analysis_31124716_20.out:    Running contrast 336/1301
deg_analysis_31124716_20.out:    Running contrast 341/1301
deg_analysis_31124716_20.out:    Running contrast 346/1301
deg_analysis_31124716_20.out:    Running contrast 351/1301
deg_analysis_31124716_20.out:    Running contrast 356/1301
deg_analysis_31124716_20.out:    Running contrast 361/1301
deg_analysis_31124716_20.out:    Running contrast 366/1301
deg_analysis_31124716_20.out:    Running contrast 371/1301
deg_analysis_31124716_20.out:    Running contrast 376/1301
deg_analysis_31124716_20.out:    Running contrast 381/1301
deg_analysis_31124716_20.out:    Running contrast 386/1301
deg_analysis_31124716_20.out:    Running contrast 391/1301
deg_analysis_31124716_20.out:    Running contrast 396/1301
deg_analysis_31124716_20.out:    Running contrast 401/1301
deg_analysis_31124716_20.out:    Running contrast 406/1301
deg_analysis_31124716_20.out:    Running contrast 411/1301
deg_analysis_31124716_20.out:    Running contrast 416/1301
deg_analysis_31124716_20.out:    Running contrast 421/1301
deg_analysis_31124716_20.out:    Running contrast 426/1301
deg_analysis_31124716_20.out:    Running contrast 431/1301
deg_analysis_31124716_20.out:    Running contrast 436/1301
deg_analysis_31124716_20.out:    Running contrast 441/1301
deg_analysis_31124716_20.out:    Running contrast 446/1301
deg_analysis_31124716_20.out:    Running contrast 451/1301
deg_analysis_31124716_20.out:    Running contrast 456/1301
deg_analysis_31124716_20.out:    Running contrast 461/1301
deg_analysis_31124716_20.out:    Running contrast 466/1301
deg_analysis_31124716_20.out:    Running contrast 471/1301
deg_analysis_31124716_20.out:    Running contrast 476/1301
deg_analysis_31124716_20.out:    Running contrast 481/1301
deg_analysis_31124716_20.out:    Running contrast 486/1301
deg_analysis_31124716_20.out:    Running contrast 491/1301
deg_analysis_31124716_20.out:    Running contrast 496/1301
deg_analysis_31124716_20.out:    Running contrast 501/1301
deg_analysis_31124716_20.out:    Running contrast 506/1301
deg_analysis_31124716_20.out:    Running contrast 511/1301
deg_analysis_31124716_20.out:    Running contrast 516/1301
deg_analysis_31124716_20.out:    Running contrast 521/1301
deg_analysis_31124716_20.out:    Running contrast 526/1301
deg_analysis_31124716_20.out:    Running contrast 531/1301
deg_analysis_31124716_20.out:    Running contrast 536/1301
deg_analysis_31124716_20.out:    Running contrast 541/1301
deg_analysis_31124716_20.out:    Running contrast 546/1301
deg_analysis_31124716_20.out:    Running contrast 551/1301
deg_analysis_31124716_20.out:    Running contrast 556/1301
deg_analysis_31124716_20.out:    Running contrast 561/1301
deg_analysis_31124716_20.out:    Running contrast 566/1301
deg_analysis_31124716_20.out:    Running contrast 571/1301
deg_analysis_31124716_20.out:    Running contrast 576/1301
deg_analysis_31124716_20.out:    Running contrast 581/1301
deg_analysis_31124716_20.out:    Running contrast 586/1301
deg_analysis_31124716_20.out:    Running contrast 591/1301
deg_analysis_31124716_20.out:    Running contrast 596/1301
deg_analysis_31124716_20.out:    Running contrast 601/1301
deg_analysis_31124716_20.out:    Running contrast 606/1301
deg_analysis_31124716_20.out:    Running contrast 611/1301
deg_analysis_31124716_20.out:    Running contrast 616/1301
deg_analysis_31124716_20.out:    Running contrast 621/1301
deg_analysis_31124716_20.out:    Running contrast 626/1301
deg_analysis_31124716_20.out:    Running contrast 631/1301
deg_analysis_31124716_20.out:    Running contrast 636/1301
deg_analysis_31124716_20.out:    Running contrast 641/1301
deg_analysis_31124716_20.out:    Running contrast 646/1301
deg_analysis_31124716_20.out:    Running contrast 651/1301
deg_analysis_31124716_20.out:    Running contrast 656/1301
deg_analysis_31124716_20.out:    Running contrast 661/1301
deg_analysis_31124716_20.out:    Running contrast 666/1301
deg_analysis_31124716_20.out:    Running contrast 671/1301
deg_analysis_31124716_20.out:    Running contrast 676/1301
deg_analysis_31124716_20.out:    Running contrast 681/1301
deg_analysis_31124716_20.out:    Running contrast 686/1301
deg_analysis_31124716_20.out:    Running contrast 691/1301
deg_analysis_31124716_20.out:    Running contrast 696/1301
deg_analysis_31124716_20.out:    Running contrast 701/1301
deg_analysis_31124716_20.out:    Running contrast 706/1301
deg_analysis_31124716_20.out:    Running contrast 711/1301
deg_analysis_31124716_20.out:    Running contrast 716/1301
deg_analysis_31124716_20.out:    Running contrast 721/1301
deg_analysis_31124716_20.out:    Running contrast 726/1301
deg_analysis_31124716_20.out:    Running contrast 731/1301
deg_analysis_31124716_20.out:    Running contrast 736/1301
deg_analysis_31124716_20.out:    Running contrast 741/1301
deg_analysis_31124716_20.out:    Running contrast 746/1301
deg_analysis_31124716_20.out:    Running contrast 751/1301
deg_analysis_31124716_20.out:    Running contrast 756/1301
deg_analysis_31124716_20.out:    Running contrast 761/1301
deg_analysis_31124716_20.out:    Running contrast 766/1301
deg_analysis_31124716_20.out:    Running contrast 771/1301
deg_analysis_31124716_20.out:    Running contrast 776/1301
deg_analysis_31124716_20.out:    Running contrast 781/1301
deg_analysis_31124716_20.out:    Running contrast 786/1301
deg_analysis_31124716_20.out:    Running contrast 791/1301
deg_analysis_31124716_20.out:    Running contrast 796/1301
deg_analysis_31124716_20.out:    Running contrast 801/1301
deg_analysis_31124716_20.out:    Running contrast 806/1301
deg_analysis_31124716_20.out:    Running contrast 811/1301
deg_analysis_31124716_20.out:    Running contrast 816/1301
deg_analysis_31124716_20.out:    Running contrast 821/1301
deg_analysis_31124716_20.out:    Running contrast 826/1301
deg_analysis_31124716_20.out:    Running contrast 831/1301
deg_analysis_31124716_20.out:    Running contrast 836/1301
deg_analysis_31124716_20.out:    Running contrast 841/1301
deg_analysis_31124716_20.out:    Running contrast 846/1301
deg_analysis_31124716_20.out:    Running contrast 851/1301
deg_analysis_31124716_20.out:    Running contrast 856/1301
deg_analysis_31124716_20.out:    Running contrast 861/1301
deg_analysis_31124716_20.out:    Running contrast 866/1301
deg_analysis_31124716_20.out:    Running contrast 871/1301
deg_analysis_31124716_20.out:    Running contrast 876/1301
deg_analysis_31124716_20.out:    Running contrast 881/1301
deg_analysis_31124716_20.out:    Running contrast 886/1301
deg_analysis_31124716_20.out:    Running contrast 891/1301
deg_analysis_31124716_20.out:    Running contrast 896/1301
deg_analysis_31124716_20.out:    Running contrast 901/1301
deg_analysis_31124716_20.out:    Running contrast 906/1301
deg_analysis_31124716_20.out:    Running contrast 911/1301
deg_analysis_31124716_20.out:    Running contrast 916/1301
deg_analysis_31124716_20.out:    Running contrast 921/1301
deg_analysis_31124716_20.out:    Running contrast 926/1301
deg_analysis_31124716_20.out:    Running contrast 931/1301
deg_analysis_31124716_20.out:    Running contrast 936/1301
deg_analysis_31124716_20.out:    Running contrast 941/1301
deg_analysis_31124716_20.out:    Running contrast 946/1301
deg_analysis_31124716_20.out:    Running contrast 951/1301
deg_analysis_31124716_20.out:    Running contrast 956/1301
deg_analysis_31124716_20.out:    Running contrast 961/1301
deg_analysis_31124716_20.out:    Running contrast 966/1301
deg_analysis_31124716_20.out:    Running contrast 971/1301
deg_analysis_31124716_20.out:    Running contrast 976/1301
deg_analysis_31124716_20.out:    Running contrast 981/1301
deg_analysis_31124716_20.out:    Running contrast 986/1301
deg_analysis_31124716_20.out:    Running contrast 991/1301
deg_analysis_31124716_20.out:    Running contrast 996/1301
deg_analysis_31124716_20.out:    Running contrast 1001/1301
deg_analysis_31124716_20.out:    Running contrast 1006/1301
deg_analysis_31124716_20.out:    Running contrast 1011/1301
deg_analysis_31124716_20.out:    Running contrast 1016/1301
deg_analysis_31124716_20.out:    Running contrast 1021/1301
deg_analysis_31124716_20.out:    Running contrast 1026/1301
deg_analysis_31124716_20.out:    Running contrast 1031/1301
deg_analysis_31124716_20.out:    Running contrast 1036/1301
deg_analysis_31124716_20.out:    Running contrast 1041/1301
deg_analysis_31124716_20.out:    Running contrast 1046/1301
deg_analysis_31124716_20.out:    Running contrast 1051/1301
deg_analysis_31124716_20.out:    Running contrast 1056/1301
deg_analysis_31124716_20.out:    Running contrast 1061/1301
deg_analysis_31124716_20.out:    Running contrast 1066/1301
deg_analysis_31124716_20.out:    Running contrast 1071/1301
deg_analysis_31124716_20.out:    Running contrast 1076/1301
deg_analysis_31124716_20.out:    Running contrast 1081/1301
deg_analysis_31124716_20.out:    Running contrast 1086/1301
deg_analysis_31124716_20.out:    Running contrast 1091/1301
deg_analysis_31124716_20.out:    Running contrast 1096/1301
deg_analysis_31124716_20.out:    Running contrast 1101/1301
deg_analysis_31124716_20.out:    Running contrast 1106/1301
deg_analysis_31124716_20.out:    Running contrast 1111/1301
deg_analysis_31124716_20.out:    Running contrast 1116/1301
deg_analysis_31124716_20.out:    Running contrast 1121/1301
deg_analysis_31124716_20.out:    Running contrast 1126/1301
deg_analysis_31124716_20.out:    Running contrast 1131/1301
deg_analysis_31124716_20.out:    Running contrast 1136/1301
deg_analysis_31124716_20.out:    Running contrast 1141/1301
deg_analysis_31124716_20.out:    Running contrast 1146/1301
deg_analysis_31124716_20.out:    Running contrast 1151/1301
deg_analysis_31124716_20.out:    Running contrast 1156/1301
deg_analysis_31124716_20.out:    Running contrast 1161/1301
deg_analysis_31124716_20.out:    Running contrast 1166/1301
deg_analysis_31124716_20.out:    Running contrast 1171/1301
deg_analysis_31124716_20.out:    Running contrast 1176/1301
deg_analysis_31124716_20.out:    Running contrast 1181/1301
deg_analysis_31124716_20.out:    Running contrast 1186/1301
deg_analysis_31124716_20.out:    Running contrast 1191/1301
deg_analysis_31124716_20.out:    Running contrast 1196/1301
deg_analysis_31124716_20.out:    Running contrast 1201/1301
deg_analysis_31124716_20.out:    Running contrast 1206/1301
deg_analysis_31124716_20.out:    Running contrast 1211/1301
deg_analysis_31124716_20.out:    Running contrast 1216/1301
deg_analysis_31124716_20.out:    Running contrast 1221/1301
deg_analysis_31124716_20.out:    Running contrast 1226/1301
deg_analysis_31124716_20.out:    Running contrast 1231/1301
deg_analysis_31124716_20.out:    Running contrast 1236/1301
deg_analysis_31124716_20.out:    Running contrast 1241/1301
deg_analysis_31124716_20.out:    Running contrast 1246/1301
deg_analysis_31124716_20.out:    Running contrast 1251/1301
deg_analysis_31124716_20.out:    Running contrast 1256/1301
deg_analysis_31124716_20.out:    Running contrast 1261/1301
deg_analysis_31124716_20.out:    Running contrast 1266/1301
deg_analysis_31124716_20.out:    Running contrast 1271/1301
deg_analysis_31124716_20.out:    Running contrast 1276/1301
deg_analysis_31124716_20.out:    Running contrast 1281/1301
deg_analysis_31124716_20.out:    Running contrast 1286/1301
deg_analysis_31124716_20.out:    Running contrast 1291/1301
deg_analysis_31124716_20.out:    Running contrast 1296/1301
deg_analysis_31124716_20.out:    Running contrast 1301/1301
deg_analysis_31124716_20.out:
deg_analysis_31124716_20.out:    Writing:  ./data/tahoe/deg_data/sep_rep/full/qc_false/filter_min_cells_50/CVCL_0480_de.h5ad 
deg_analysis_31124716_20.out:
deg_analysis_31124716_20.out:    Rewriting h5ad file: ./data/tahoe/deg_data/sep_rep/full/qc_false/filter_min_cells_50/CVCL_0480_de.h5ad 
deg_analysis_31124716_20.out:    Removed X matrix
deg_analysis_31124716_20.out:    Rewriting h5ad file is done!
deg_analysis_31124716_20.out:✓ Cell line completed in 17570.0 seconds
deg_analysis_31124716_20.out:
deg_analysis_31124716_20.out:DE analysis completed!
deg_analysis_31124716_20.out:
deg_analysis_31124716_20.out:Total runtime: 17585.4 seconds
deg_analysis_31124716_21.out:
deg_analysis_31124716_21.out:DE analysis started...
deg_analysis_31124716_21.out:Loaded input file:  ./data/tahoe/pseudobulk_processed/sep_rep/by_celltype/CVCL_0504_processed.h5ad 
deg_analysis_31124716_21.out:Initial dimensions:  1344  samples ×  62710  genes
deg_analysis_31124716_21.out:Filter samples with the low number of cells
deg_analysis_31124716_21.out:    Filter threshold (min_cells):  50 
deg_analysis_31124716_21.out:    n_obs:  1344 -->  1328 
deg_analysis_31124716_21.out:
deg_analysis_31124716_21.out:▶︎ Processing cell_type  1 / 1 :  CVCL_0504 
deg_analysis_31124716_21.out:    Filter controls by  pert_time_h  column
deg_analysis_31124716_21.out:        n_obs:  1328 -->  1328 
deg_analysis_31124716_21.out:
deg_analysis_31124716_21.out:    Running contrast 1/1300
deg_analysis_31124716_21.out:    Running contrast 6/1300
deg_analysis_31124716_21.out:    Running contrast 11/1300
deg_analysis_31124716_21.out:    Running contrast 16/1300
deg_analysis_31124716_21.out:    Running contrast 21/1300
deg_analysis_31124716_21.out:    Running contrast 26/1300
deg_analysis_31124716_21.out:    Running contrast 31/1300
deg_analysis_31124716_21.out:    Running contrast 36/1300
deg_analysis_31124716_21.out:    Running contrast 41/1300
deg_analysis_31124716_21.out:    Running contrast 46/1300
deg_analysis_31124716_21.out:    Running contrast 51/1300
deg_analysis_31124716_21.out:    Running contrast 56/1300
deg_analysis_31124716_21.out:    Running contrast 61/1300
deg_analysis_31124716_21.out:    Running contrast 66/1300
deg_analysis_31124716_21.out:    Running contrast 71/1300
deg_analysis_31124716_21.out:    Running contrast 76/1300
deg_analysis_31124716_21.out:    Running contrast 81/1300
deg_analysis_31124716_21.out:    Running contrast 86/1300
deg_analysis_31124716_21.out:    Running contrast 91/1300
deg_analysis_31124716_21.out:    Running contrast 96/1300
deg_analysis_31124716_21.out:    Running contrast 101/1300
deg_analysis_31124716_21.out:    Running contrast 106/1300
deg_analysis_31124716_21.out:    Running contrast 111/1300
deg_analysis_31124716_21.out:    Running contrast 116/1300
deg_analysis_31124716_21.out:    Running contrast 121/1300
deg_analysis_31124716_21.out:    Running contrast 126/1300
deg_analysis_31124716_21.out:    Running contrast 131/1300
deg_analysis_31124716_21.out:    Running contrast 136/1300
deg_analysis_31124716_21.out:    Running contrast 141/1300
deg_analysis_31124716_21.out:    Running contrast 146/1300
deg_analysis_31124716_21.out:    Running contrast 151/1300
deg_analysis_31124716_21.out:    Running contrast 156/1300
deg_analysis_31124716_21.out:    Running contrast 161/1300
deg_analysis_31124716_21.out:    Running contrast 166/1300
deg_analysis_31124716_21.out:    Running contrast 171/1300
deg_analysis_31124716_21.out:    Running contrast 176/1300
deg_analysis_31124716_21.out:    Running contrast 181/1300
deg_analysis_31124716_21.out:    Running contrast 186/1300
deg_analysis_31124716_21.out:    Running contrast 191/1300
deg_analysis_31124716_21.out:    Running contrast 196/1300
deg_analysis_31124716_21.out:    Running contrast 201/1300
deg_analysis_31124716_21.out:    Running contrast 206/1300
deg_analysis_31124716_21.out:    Running contrast 211/1300
deg_analysis_31124716_21.out:    Running contrast 216/1300
deg_analysis_31124716_21.out:    Running contrast 221/1300
deg_analysis_31124716_21.out:    Running contrast 226/1300
deg_analysis_31124716_21.out:    Running contrast 231/1300
deg_analysis_31124716_21.out:    Running contrast 236/1300
deg_analysis_31124716_21.out:    Running contrast 241/1300
deg_analysis_31124716_21.out:    Running contrast 246/1300
deg_analysis_31124716_21.out:    Running contrast 251/1300
deg_analysis_31124716_21.out:    Running contrast 256/1300
deg_analysis_31124716_21.out:    Running contrast 261/1300
deg_analysis_31124716_21.out:    Running contrast 266/1300
deg_analysis_31124716_21.out:    Running contrast 271/1300
deg_analysis_31124716_21.out:    Running contrast 276/1300
deg_analysis_31124716_21.out:    Running contrast 281/1300
deg_analysis_31124716_21.out:    Running contrast 286/1300
deg_analysis_31124716_21.out:    Running contrast 291/1300
deg_analysis_31124716_21.out:    Running contrast 296/1300
deg_analysis_31124716_21.out:    Running contrast 301/1300
deg_analysis_31124716_21.out:    Running contrast 306/1300
deg_analysis_31124716_21.out:    Running contrast 311/1300
deg_analysis_31124716_21.out:    Running contrast 316/1300
deg_analysis_31124716_21.out:    Running contrast 321/1300
deg_analysis_31124716_21.out:    Running contrast 326/1300
deg_analysis_31124716_21.out:    Running contrast 331/1300
deg_analysis_31124716_21.out:    Running contrast 336/1300
deg_analysis_31124716_21.out:    Running contrast 341/1300
deg_analysis_31124716_21.out:    Running contrast 346/1300
deg_analysis_31124716_21.out:    Running contrast 351/1300
deg_analysis_31124716_21.out:    Running contrast 356/1300
deg_analysis_31124716_21.out:    Running contrast 361/1300
deg_analysis_31124716_21.out:    Running contrast 366/1300
deg_analysis_31124716_21.out:    Running contrast 371/1300
deg_analysis_31124716_21.out:    Running contrast 376/1300
deg_analysis_31124716_21.out:    Running contrast 381/1300
deg_analysis_31124716_21.out:    Running contrast 386/1300
deg_analysis_31124716_21.out:    Running contrast 391/1300
deg_analysis_31124716_21.out:    Running contrast 396/1300
deg_analysis_31124716_21.out:    Running contrast 401/1300
deg_analysis_31124716_21.out:    Running contrast 406/1300
deg_analysis_31124716_21.out:    Running contrast 411/1300
deg_analysis_31124716_21.out:    Running contrast 416/1300
deg_analysis_31124716_21.out:    Running contrast 421/1300
deg_analysis_31124716_21.out:    Running contrast 426/1300
deg_analysis_31124716_21.out:    Running contrast 431/1300
deg_analysis_31124716_21.out:    Running contrast 436/1300
deg_analysis_31124716_21.out:    Running contrast 441/1300
deg_analysis_31124716_21.out:    Running contrast 446/1300
deg_analysis_31124716_21.out:    Running contrast 451/1300
deg_analysis_31124716_21.out:    Running contrast 456/1300
deg_analysis_31124716_21.out:    Running contrast 461/1300
deg_analysis_31124716_21.out:    Running contrast 466/1300
deg_analysis_31124716_21.out:    Running contrast 471/1300
deg_analysis_31124716_21.out:    Running contrast 476/1300
deg_analysis_31124716_21.out:    Running contrast 481/1300
deg_analysis_31124716_21.out:    Running contrast 486/1300
deg_analysis_31124716_21.out:    Running contrast 491/1300
deg_analysis_31124716_21.out:    Running contrast 496/1300
deg_analysis_31124716_21.out:    Running contrast 501/1300
deg_analysis_31124716_21.out:    Running contrast 506/1300
deg_analysis_31124716_21.out:    Running contrast 511/1300
deg_analysis_31124716_21.out:    Running contrast 516/1300
deg_analysis_31124716_21.out:    Running contrast 521/1300
deg_analysis_31124716_21.out:    Running contrast 526/1300
deg_analysis_31124716_21.out:    Running contrast 531/1300
deg_analysis_31124716_21.out:    Running contrast 536/1300
deg_analysis_31124716_21.out:    Running contrast 541/1300
deg_analysis_31124716_21.out:    Running contrast 546/1300
deg_analysis_31124716_21.out:    Running contrast 551/1300
deg_analysis_31124716_21.out:    Running contrast 556/1300
deg_analysis_31124716_21.out:    Running contrast 561/1300
deg_analysis_31124716_21.out:    Running contrast 566/1300
deg_analysis_31124716_21.out:    Running contrast 571/1300
deg_analysis_31124716_21.out:    Running contrast 576/1300
deg_analysis_31124716_21.out:    Running contrast 581/1300
deg_analysis_31124716_21.out:    Running contrast 586/1300
deg_analysis_31124716_21.out:    Running contrast 591/1300
deg_analysis_31124716_21.out:    Running contrast 596/1300
deg_analysis_31124716_21.out:    Running contrast 601/1300
deg_analysis_31124716_21.out:    Running contrast 606/1300
deg_analysis_31124716_21.out:    Running contrast 611/1300
deg_analysis_31124716_21.out:    Running contrast 616/1300
deg_analysis_31124716_21.out:    Running contrast 621/1300
deg_analysis_31124716_21.out:    Running contrast 626/1300
deg_analysis_31124716_21.out:    Running contrast 631/1300
deg_analysis_31124716_21.out:    Running contrast 636/1300
deg_analysis_31124716_21.out:    Running contrast 641/1300
deg_analysis_31124716_21.out:    Running contrast 646/1300
deg_analysis_31124716_21.out:    Running contrast 651/1300
deg_analysis_31124716_21.out:    Running contrast 656/1300
deg_analysis_31124716_21.out:    Running contrast 661/1300
deg_analysis_31124716_21.out:    Running contrast 666/1300
deg_analysis_31124716_21.out:    Running contrast 671/1300
deg_analysis_31124716_21.out:    Running contrast 676/1300
deg_analysis_31124716_21.out:    Running contrast 681/1300
deg_analysis_31124716_21.out:    Running contrast 686/1300
deg_analysis_31124716_21.out:    Running contrast 691/1300
deg_analysis_31124716_21.out:    Running contrast 696/1300
deg_analysis_31124716_21.out:    Running contrast 701/1300
deg_analysis_31124716_21.out:    Running contrast 706/1300
deg_analysis_31124716_21.out:    Running contrast 711/1300
deg_analysis_31124716_21.out:    Running contrast 716/1300
deg_analysis_31124716_21.out:    Running contrast 721/1300
deg_analysis_31124716_21.out:    Running contrast 726/1300
deg_analysis_31124716_21.out:    Running contrast 731/1300
deg_analysis_31124716_21.out:    Running contrast 736/1300
deg_analysis_31124716_21.out:    Running contrast 741/1300
deg_analysis_31124716_21.out:    Running contrast 746/1300
deg_analysis_31124716_21.out:    Running contrast 751/1300
deg_analysis_31124716_21.out:    Running contrast 756/1300
deg_analysis_31124716_21.out:    Running contrast 761/1300
deg_analysis_31124716_21.out:    Running contrast 766/1300
deg_analysis_31124716_21.out:    Running contrast 771/1300
deg_analysis_31124716_21.out:    Running contrast 776/1300
deg_analysis_31124716_21.out:    Running contrast 781/1300
deg_analysis_31124716_21.out:    Running contrast 786/1300
deg_analysis_31124716_21.out:    Running contrast 791/1300
deg_analysis_31124716_21.out:    Running contrast 796/1300
deg_analysis_31124716_21.out:    Running contrast 801/1300
deg_analysis_31124716_21.out:    Running contrast 806/1300
deg_analysis_31124716_21.out:    Running contrast 811/1300
deg_analysis_31124716_21.out:    Running contrast 816/1300
deg_analysis_31124716_21.out:    Running contrast 821/1300
deg_analysis_31124716_21.out:    Running contrast 826/1300
deg_analysis_31124716_21.out:    Running contrast 831/1300
deg_analysis_31124716_21.out:    Running contrast 836/1300
deg_analysis_31124716_21.out:    Running contrast 841/1300
deg_analysis_31124716_21.out:    Running contrast 846/1300
deg_analysis_31124716_21.out:    Running contrast 851/1300
deg_analysis_31124716_21.out:    Running contrast 856/1300
deg_analysis_31124716_21.out:    Running contrast 861/1300
deg_analysis_31124716_21.out:    Running contrast 866/1300
deg_analysis_31124716_21.out:    Running contrast 871/1300
deg_analysis_31124716_21.out:    Running contrast 876/1300
deg_analysis_31124716_21.out:    Running contrast 881/1300
deg_analysis_31124716_21.out:    Running contrast 886/1300
deg_analysis_31124716_21.out:    Running contrast 891/1300
deg_analysis_31124716_21.out:    Running contrast 896/1300
deg_analysis_31124716_21.out:    Running contrast 901/1300
deg_analysis_31124716_21.out:    Running contrast 906/1300
deg_analysis_31124716_21.out:    Running contrast 911/1300
deg_analysis_31124716_21.out:    Running contrast 916/1300
deg_analysis_31124716_21.out:    Running contrast 921/1300
deg_analysis_31124716_21.out:    Running contrast 926/1300
deg_analysis_31124716_21.out:    Running contrast 931/1300
deg_analysis_31124716_21.out:    Running contrast 936/1300
deg_analysis_31124716_21.out:    Running contrast 941/1300
deg_analysis_31124716_21.out:    Running contrast 946/1300
deg_analysis_31124716_21.out:    Running contrast 951/1300
deg_analysis_31124716_21.out:    Running contrast 956/1300
deg_analysis_31124716_21.out:    Running contrast 961/1300
deg_analysis_31124716_21.out:    Running contrast 966/1300
deg_analysis_31124716_21.out:    Running contrast 971/1300
deg_analysis_31124716_21.out:    Running contrast 976/1300
deg_analysis_31124716_21.out:    Running contrast 981/1300
deg_analysis_31124716_21.out:    Running contrast 986/1300
deg_analysis_31124716_21.out:    Running contrast 991/1300
deg_analysis_31124716_21.out:    Running contrast 996/1300
deg_analysis_31124716_21.out:    Running contrast 1001/1300
deg_analysis_31124716_21.out:    Running contrast 1006/1300
deg_analysis_31124716_21.out:    Running contrast 1011/1300
deg_analysis_31124716_21.out:    Running contrast 1016/1300
deg_analysis_31124716_21.out:    Running contrast 1021/1300
deg_analysis_31124716_21.out:    Running contrast 1026/1300
deg_analysis_31124716_21.out:    Running contrast 1031/1300
deg_analysis_31124716_21.out:    Running contrast 1036/1300
deg_analysis_31124716_21.out:    Running contrast 1041/1300
deg_analysis_31124716_21.out:    Running contrast 1046/1300
deg_analysis_31124716_21.out:    Running contrast 1051/1300
deg_analysis_31124716_21.out:    Running contrast 1056/1300
deg_analysis_31124716_21.out:    Running contrast 1061/1300
deg_analysis_31124716_21.out:    Running contrast 1066/1300
deg_analysis_31124716_21.out:    Running contrast 1071/1300
deg_analysis_31124716_21.out:    Running contrast 1076/1300
deg_analysis_31124716_21.out:    Running contrast 1081/1300
deg_analysis_31124716_21.out:    Running contrast 1086/1300
deg_analysis_31124716_21.out:    Running contrast 1091/1300
deg_analysis_31124716_21.out:    Running contrast 1096/1300
deg_analysis_31124716_21.out:    Running contrast 1101/1300
deg_analysis_31124716_21.out:    Running contrast 1106/1300
deg_analysis_31124716_21.out:    Running contrast 1111/1300
deg_analysis_31124716_21.out:    Running contrast 1116/1300
deg_analysis_31124716_21.out:    Running contrast 1121/1300
deg_analysis_31124716_21.out:    Running contrast 1126/1300
deg_analysis_31124716_21.out:    Running contrast 1131/1300
deg_analysis_31124716_21.out:    Running contrast 1136/1300
deg_analysis_31124716_21.out:    Running contrast 1141/1300
deg_analysis_31124716_21.out:    Running contrast 1146/1300
deg_analysis_31124716_21.out:    Running contrast 1151/1300
deg_analysis_31124716_21.out:    Running contrast 1156/1300
deg_analysis_31124716_21.out:    Running contrast 1161/1300
deg_analysis_31124716_21.out:    Running contrast 1166/1300
deg_analysis_31124716_21.out:    Running contrast 1171/1300
deg_analysis_31124716_21.out:    Running contrast 1176/1300
deg_analysis_31124716_21.out:    Running contrast 1181/1300
deg_analysis_31124716_21.out:    Running contrast 1186/1300
deg_analysis_31124716_21.out:    Running contrast 1191/1300
deg_analysis_31124716_21.out:    Running contrast 1196/1300
deg_analysis_31124716_21.out:    Running contrast 1201/1300
deg_analysis_31124716_21.out:    Running contrast 1206/1300
deg_analysis_31124716_21.out:    Running contrast 1211/1300
deg_analysis_31124716_21.out:    Running contrast 1216/1300
deg_analysis_31124716_21.out:    Running contrast 1221/1300
deg_analysis_31124716_21.out:    Running contrast 1226/1300
deg_analysis_31124716_21.out:    Running contrast 1231/1300
deg_analysis_31124716_21.out:    Running contrast 1236/1300
deg_analysis_31124716_21.out:    Running contrast 1241/1300
deg_analysis_31124716_21.out:    Running contrast 1246/1300
deg_analysis_31124716_21.out:    Running contrast 1251/1300
deg_analysis_31124716_21.out:    Running contrast 1256/1300
deg_analysis_31124716_21.out:    Running contrast 1261/1300
deg_analysis_31124716_21.out:    Running contrast 1266/1300
deg_analysis_31124716_21.out:    Running contrast 1271/1300
deg_analysis_31124716_21.out:    Running contrast 1276/1300
deg_analysis_31124716_21.out:    Running contrast 1281/1300
deg_analysis_31124716_21.out:    Running contrast 1286/1300
deg_analysis_31124716_21.out:    Running contrast 1291/1300
deg_analysis_31124716_21.out:    Running contrast 1296/1300
deg_analysis_31124716_21.out:    Running contrast 1300/1300
deg_analysis_31124716_21.out:
deg_analysis_31124716_21.out:    Writing:  ./data/tahoe/deg_data/sep_rep/full/qc_false/filter_min_cells_50/CVCL_0504_de.h5ad 
deg_analysis_31124716_21.out:
deg_analysis_31124716_21.out:    Rewriting h5ad file: ./data/tahoe/deg_data/sep_rep/full/qc_false/filter_min_cells_50/CVCL_0504_de.h5ad 
deg_analysis_31124716_21.out:    Removed X matrix
deg_analysis_31124716_21.out:    Rewriting h5ad file is done!
deg_analysis_31124716_21.out:✓ Cell line completed in 8522.0 seconds
deg_analysis_31124716_21.out:
deg_analysis_31124716_21.out:DE analysis completed!
deg_analysis_31124716_21.out:
deg_analysis_31124716_21.out:Total runtime: 8539.2 seconds
deg_analysis_31124716_22.out:
deg_analysis_31124716_22.out:DE analysis started...
deg_analysis_31124716_22.out:Loaded input file:  ./data/tahoe/pseudobulk_processed/sep_rep/by_celltype/CVCL_0546_processed.h5ad 
deg_analysis_31124716_22.out:Initial dimensions:  1343  samples ×  62710  genes
deg_analysis_31124716_22.out:Filter samples with the low number of cells
deg_analysis_31124716_22.out:    Filter threshold (min_cells):  50 
deg_analysis_31124716_22.out:    n_obs:  1343 -->  1332 
deg_analysis_31124716_22.out:
deg_analysis_31124716_22.out:▶︎ Processing cell_type  1 / 1 :  CVCL_0546 
deg_analysis_31124716_22.out:    Filter controls by  pert_time_h  column
deg_analysis_31124716_22.out:        n_obs:  1332 -->  1332 
deg_analysis_31124716_22.out:
deg_analysis_31124716_22.out:    Running contrast 1/1304
deg_analysis_31124716_22.out:    Running contrast 6/1304
deg_analysis_31124716_22.out:    Running contrast 11/1304
deg_analysis_31124716_22.out:    Running contrast 16/1304
deg_analysis_31124716_22.out:    Running contrast 21/1304
deg_analysis_31124716_22.out:    Running contrast 26/1304
deg_analysis_31124716_22.out:    Running contrast 31/1304
deg_analysis_31124716_22.out:    Running contrast 36/1304
deg_analysis_31124716_22.out:    Running contrast 41/1304
deg_analysis_31124716_22.out:    Running contrast 46/1304
deg_analysis_31124716_22.out:    Running contrast 51/1304
deg_analysis_31124716_22.out:    Running contrast 56/1304
deg_analysis_31124716_22.out:    Running contrast 61/1304
deg_analysis_31124716_22.out:    Running contrast 66/1304
deg_analysis_31124716_22.out:    Running contrast 71/1304
deg_analysis_31124716_22.out:    Running contrast 76/1304
deg_analysis_31124716_22.out:    Running contrast 81/1304
deg_analysis_31124716_22.out:    Running contrast 86/1304
deg_analysis_31124716_22.out:    Running contrast 91/1304
deg_analysis_31124716_22.out:    Running contrast 96/1304
deg_analysis_31124716_22.out:    Running contrast 101/1304
deg_analysis_31124716_22.out:    Running contrast 106/1304
deg_analysis_31124716_22.out:    Running contrast 111/1304
deg_analysis_31124716_22.out:    Running contrast 116/1304
deg_analysis_31124716_22.out:    Running contrast 121/1304
deg_analysis_31124716_22.out:    Running contrast 126/1304
deg_analysis_31124716_22.out:    Running contrast 131/1304
deg_analysis_31124716_22.out:    Running contrast 136/1304
deg_analysis_31124716_22.out:    Running contrast 141/1304
deg_analysis_31124716_22.out:    Running contrast 146/1304
deg_analysis_31124716_22.out:    Running contrast 151/1304
deg_analysis_31124716_22.out:    Running contrast 156/1304
deg_analysis_31124716_22.out:    Running contrast 161/1304
deg_analysis_31124716_22.out:    Running contrast 166/1304
deg_analysis_31124716_22.out:    Running contrast 171/1304
deg_analysis_31124716_22.out:    Running contrast 176/1304
deg_analysis_31124716_22.out:    Running contrast 181/1304
deg_analysis_31124716_22.out:    Running contrast 186/1304
deg_analysis_31124716_22.out:    Running contrast 191/1304
deg_analysis_31124716_22.out:    Running contrast 196/1304
deg_analysis_31124716_22.out:    Running contrast 201/1304
deg_analysis_31124716_22.out:    Running contrast 206/1304
deg_analysis_31124716_22.out:    Running contrast 211/1304
deg_analysis_31124716_22.out:    Running contrast 216/1304
deg_analysis_31124716_22.out:    Running contrast 221/1304
deg_analysis_31124716_22.out:    Running contrast 226/1304
deg_analysis_31124716_22.out:    Running contrast 231/1304
deg_analysis_31124716_22.out:    Running contrast 236/1304
deg_analysis_31124716_22.out:    Running contrast 241/1304
deg_analysis_31124716_22.out:    Running contrast 246/1304
deg_analysis_31124716_22.out:    Running contrast 251/1304
deg_analysis_31124716_22.out:    Running contrast 256/1304
deg_analysis_31124716_22.out:    Running contrast 261/1304
deg_analysis_31124716_22.out:    Running contrast 266/1304
deg_analysis_31124716_22.out:    Running contrast 271/1304
deg_analysis_31124716_22.out:    Running contrast 276/1304
deg_analysis_31124716_22.out:    Running contrast 281/1304
deg_analysis_31124716_22.out:    Running contrast 286/1304
deg_analysis_31124716_22.out:    Running contrast 291/1304
deg_analysis_31124716_22.out:    Running contrast 296/1304
deg_analysis_31124716_22.out:    Running contrast 301/1304
deg_analysis_31124716_22.out:    Running contrast 306/1304
deg_analysis_31124716_22.out:    Running contrast 311/1304
deg_analysis_31124716_22.out:    Running contrast 316/1304
deg_analysis_31124716_22.out:    Running contrast 321/1304
deg_analysis_31124716_22.out:    Running contrast 326/1304
deg_analysis_31124716_22.out:    Running contrast 331/1304
deg_analysis_31124716_22.out:    Running contrast 336/1304
deg_analysis_31124716_22.out:    Running contrast 341/1304
deg_analysis_31124716_22.out:    Running contrast 346/1304
deg_analysis_31124716_22.out:    Running contrast 351/1304
deg_analysis_31124716_22.out:    Running contrast 356/1304
deg_analysis_31124716_22.out:    Running contrast 361/1304
deg_analysis_31124716_22.out:    Running contrast 366/1304
deg_analysis_31124716_22.out:    Running contrast 371/1304
deg_analysis_31124716_22.out:    Running contrast 376/1304
deg_analysis_31124716_22.out:    Running contrast 381/1304
deg_analysis_31124716_22.out:    Running contrast 386/1304
deg_analysis_31124716_22.out:    Running contrast 391/1304
deg_analysis_31124716_22.out:    Running contrast 396/1304
deg_analysis_31124716_22.out:    Running contrast 401/1304
deg_analysis_31124716_22.out:    Running contrast 406/1304
deg_analysis_31124716_22.out:    Running contrast 411/1304
deg_analysis_31124716_22.out:    Running contrast 416/1304
deg_analysis_31124716_22.out:    Running contrast 421/1304
deg_analysis_31124716_22.out:    Running contrast 426/1304
deg_analysis_31124716_22.out:    Running contrast 431/1304
deg_analysis_31124716_22.out:    Running contrast 436/1304
deg_analysis_31124716_22.out:    Running contrast 441/1304
deg_analysis_31124716_22.out:    Running contrast 446/1304
deg_analysis_31124716_22.out:    Running contrast 451/1304
deg_analysis_31124716_22.out:    Running contrast 456/1304
deg_analysis_31124716_22.out:    Running contrast 461/1304
deg_analysis_31124716_22.out:    Running contrast 466/1304
deg_analysis_31124716_22.out:    Running contrast 471/1304
deg_analysis_31124716_22.out:    Running contrast 476/1304
deg_analysis_31124716_22.out:    Running contrast 481/1304
deg_analysis_31124716_22.out:    Running contrast 486/1304
deg_analysis_31124716_22.out:    Running contrast 491/1304
deg_analysis_31124716_22.out:    Running contrast 496/1304
deg_analysis_31124716_22.out:    Running contrast 501/1304
deg_analysis_31124716_22.out:    Running contrast 506/1304
deg_analysis_31124716_22.out:    Running contrast 511/1304
deg_analysis_31124716_22.out:    Running contrast 516/1304
deg_analysis_31124716_22.out:    Running contrast 521/1304
deg_analysis_31124716_22.out:    Running contrast 526/1304
deg_analysis_31124716_22.out:    Running contrast 531/1304
deg_analysis_31124716_22.out:    Running contrast 536/1304
deg_analysis_31124716_22.out:    Running contrast 541/1304
deg_analysis_31124716_22.out:    Running contrast 546/1304
deg_analysis_31124716_22.out:    Running contrast 551/1304
deg_analysis_31124716_22.out:    Running contrast 556/1304
deg_analysis_31124716_22.out:    Running contrast 561/1304
deg_analysis_31124716_22.out:    Running contrast 566/1304
deg_analysis_31124716_22.out:    Running contrast 571/1304
deg_analysis_31124716_22.out:    Running contrast 576/1304
deg_analysis_31124716_22.out:    Running contrast 581/1304
deg_analysis_31124716_22.out:    Running contrast 586/1304
deg_analysis_31124716_22.out:    Running contrast 591/1304
deg_analysis_31124716_22.out:    Running contrast 596/1304
deg_analysis_31124716_22.out:    Running contrast 601/1304
deg_analysis_31124716_22.out:    Running contrast 606/1304
deg_analysis_31124716_22.out:    Running contrast 611/1304
deg_analysis_31124716_22.out:    Running contrast 616/1304
deg_analysis_31124716_22.out:    Running contrast 621/1304
deg_analysis_31124716_22.out:    Running contrast 626/1304
deg_analysis_31124716_22.out:    Running contrast 631/1304
deg_analysis_31124716_22.out:    Running contrast 636/1304
deg_analysis_31124716_22.out:    Running contrast 641/1304
deg_analysis_31124716_22.out:    Running contrast 646/1304
deg_analysis_31124716_22.out:    Running contrast 651/1304
deg_analysis_31124716_22.out:    Running contrast 656/1304
deg_analysis_31124716_22.out:    Running contrast 661/1304
deg_analysis_31124716_22.out:    Running contrast 666/1304
deg_analysis_31124716_22.out:    Running contrast 671/1304
deg_analysis_31124716_22.out:    Running contrast 676/1304
deg_analysis_31124716_22.out:    Running contrast 681/1304
deg_analysis_31124716_22.out:    Running contrast 686/1304
deg_analysis_31124716_22.out:    Running contrast 691/1304
deg_analysis_31124716_22.out:    Running contrast 696/1304
deg_analysis_31124716_22.out:    Running contrast 701/1304
deg_analysis_31124716_22.out:    Running contrast 706/1304
deg_analysis_31124716_22.out:    Running contrast 711/1304
deg_analysis_31124716_22.out:    Running contrast 716/1304
deg_analysis_31124716_22.out:    Running contrast 721/1304
deg_analysis_31124716_22.out:    Running contrast 726/1304
deg_analysis_31124716_22.out:    Running contrast 731/1304
deg_analysis_31124716_22.out:    Running contrast 736/1304
deg_analysis_31124716_22.out:    Running contrast 741/1304
deg_analysis_31124716_22.out:    Running contrast 746/1304
deg_analysis_31124716_22.out:    Running contrast 751/1304
deg_analysis_31124716_22.out:    Running contrast 756/1304
deg_analysis_31124716_22.out:    Running contrast 761/1304
deg_analysis_31124716_22.out:    Running contrast 766/1304
deg_analysis_31124716_22.out:    Running contrast 771/1304
deg_analysis_31124716_22.out:    Running contrast 776/1304
deg_analysis_31124716_22.out:    Running contrast 781/1304
deg_analysis_31124716_22.out:    Running contrast 786/1304
deg_analysis_31124716_22.out:    Running contrast 791/1304
deg_analysis_31124716_22.out:    Running contrast 796/1304
deg_analysis_31124716_22.out:    Running contrast 801/1304
deg_analysis_31124716_22.out:    Running contrast 806/1304
deg_analysis_31124716_22.out:    Running contrast 811/1304
deg_analysis_31124716_22.out:    Running contrast 816/1304
deg_analysis_31124716_22.out:    Running contrast 821/1304
deg_analysis_31124716_22.out:    Running contrast 826/1304
deg_analysis_31124716_22.out:    Running contrast 831/1304
deg_analysis_31124716_22.out:    Running contrast 836/1304
deg_analysis_31124716_22.out:    Running contrast 841/1304
deg_analysis_31124716_22.out:    Running contrast 846/1304
deg_analysis_31124716_22.out:    Running contrast 851/1304
deg_analysis_31124716_22.out:    Running contrast 856/1304
deg_analysis_31124716_22.out:    Running contrast 861/1304
deg_analysis_31124716_22.out:    Running contrast 866/1304
deg_analysis_31124716_22.out:    Running contrast 871/1304
deg_analysis_31124716_22.out:    Running contrast 876/1304
deg_analysis_31124716_22.out:    Running contrast 881/1304
deg_analysis_31124716_22.out:    Running contrast 886/1304
deg_analysis_31124716_22.out:    Running contrast 891/1304
deg_analysis_31124716_22.out:    Running contrast 896/1304
deg_analysis_31124716_22.out:    Running contrast 901/1304
deg_analysis_31124716_22.out:    Running contrast 906/1304
deg_analysis_31124716_22.out:    Running contrast 911/1304
deg_analysis_31124716_22.out:    Running contrast 916/1304
deg_analysis_31124716_22.out:    Running contrast 921/1304
deg_analysis_31124716_22.out:    Running contrast 926/1304
deg_analysis_31124716_22.out:    Running contrast 931/1304
deg_analysis_31124716_22.out:    Running contrast 936/1304
deg_analysis_31124716_22.out:    Running contrast 941/1304
deg_analysis_31124716_22.out:    Running contrast 946/1304
deg_analysis_31124716_22.out:    Running contrast 951/1304
deg_analysis_31124716_22.out:    Running contrast 956/1304
deg_analysis_31124716_22.out:    Running contrast 961/1304
deg_analysis_31124716_22.out:    Running contrast 966/1304
deg_analysis_31124716_22.out:    Running contrast 971/1304
deg_analysis_31124716_22.out:    Running contrast 976/1304
deg_analysis_31124716_22.out:    Running contrast 981/1304
deg_analysis_31124716_22.out:    Running contrast 986/1304
deg_analysis_31124716_22.out:    Running contrast 991/1304
deg_analysis_31124716_22.out:    Running contrast 996/1304
deg_analysis_31124716_22.out:    Running contrast 1001/1304
deg_analysis_31124716_22.out:    Running contrast 1006/1304
deg_analysis_31124716_22.out:    Running contrast 1011/1304
deg_analysis_31124716_22.out:    Running contrast 1016/1304
deg_analysis_31124716_22.out:    Running contrast 1021/1304
deg_analysis_31124716_22.out:    Running contrast 1026/1304
deg_analysis_31124716_22.out:    Running contrast 1031/1304
deg_analysis_31124716_22.out:    Running contrast 1036/1304
deg_analysis_31124716_22.out:    Running contrast 1041/1304
deg_analysis_31124716_22.out:    Running contrast 1046/1304
deg_analysis_31124716_22.out:    Running contrast 1051/1304
deg_analysis_31124716_22.out:    Running contrast 1056/1304
deg_analysis_31124716_22.out:    Running contrast 1061/1304
deg_analysis_31124716_22.out:    Running contrast 1066/1304
deg_analysis_31124716_22.out:    Running contrast 1071/1304
deg_analysis_31124716_22.out:    Running contrast 1076/1304
deg_analysis_31124716_22.out:    Running contrast 1081/1304
deg_analysis_31124716_22.out:    Running contrast 1086/1304
deg_analysis_31124716_22.out:    Running contrast 1091/1304
deg_analysis_31124716_22.out:    Running contrast 1096/1304
deg_analysis_31124716_22.out:    Running contrast 1101/1304
deg_analysis_31124716_22.out:    Running contrast 1106/1304
deg_analysis_31124716_22.out:    Running contrast 1111/1304
deg_analysis_31124716_22.out:    Running contrast 1116/1304
deg_analysis_31124716_22.out:    Running contrast 1121/1304
deg_analysis_31124716_22.out:    Running contrast 1126/1304
deg_analysis_31124716_22.out:    Running contrast 1131/1304
deg_analysis_31124716_22.out:    Running contrast 1136/1304
deg_analysis_31124716_22.out:    Running contrast 1141/1304
deg_analysis_31124716_22.out:    Running contrast 1146/1304
deg_analysis_31124716_22.out:    Running contrast 1151/1304
deg_analysis_31124716_22.out:    Running contrast 1156/1304
deg_analysis_31124716_22.out:    Running contrast 1161/1304
deg_analysis_31124716_22.out:    Running contrast 1166/1304
deg_analysis_31124716_22.out:    Running contrast 1171/1304
deg_analysis_31124716_22.out:    Running contrast 1176/1304
deg_analysis_31124716_22.out:    Running contrast 1181/1304
deg_analysis_31124716_22.out:    Running contrast 1186/1304
deg_analysis_31124716_22.out:    Running contrast 1191/1304
deg_analysis_31124716_22.out:    Running contrast 1196/1304
deg_analysis_31124716_22.out:    Running contrast 1201/1304
deg_analysis_31124716_22.out:    Running contrast 1206/1304
deg_analysis_31124716_22.out:    Running contrast 1211/1304
deg_analysis_31124716_22.out:    Running contrast 1216/1304
deg_analysis_31124716_22.out:    Running contrast 1221/1304
deg_analysis_31124716_22.out:    Running contrast 1226/1304
deg_analysis_31124716_22.out:    Running contrast 1231/1304
deg_analysis_31124716_22.out:    Running contrast 1236/1304
deg_analysis_31124716_22.out:    Running contrast 1241/1304
deg_analysis_31124716_22.out:    Running contrast 1246/1304
deg_analysis_31124716_22.out:    Running contrast 1251/1304
deg_analysis_31124716_22.out:    Running contrast 1256/1304
deg_analysis_31124716_22.out:    Running contrast 1261/1304
deg_analysis_31124716_22.out:    Running contrast 1266/1304
deg_analysis_31124716_22.out:    Running contrast 1271/1304
deg_analysis_31124716_22.out:    Running contrast 1276/1304
deg_analysis_31124716_22.out:    Running contrast 1281/1304
deg_analysis_31124716_22.out:    Running contrast 1286/1304
deg_analysis_31124716_22.out:    Running contrast 1291/1304
deg_analysis_31124716_22.out:    Running contrast 1296/1304
deg_analysis_31124716_22.out:    Running contrast 1301/1304
deg_analysis_31124716_22.out:    Running contrast 1304/1304
deg_analysis_31124716_22.out:
deg_analysis_31124716_22.out:    Writing:  ./data/tahoe/deg_data/sep_rep/full/qc_false/filter_min_cells_50/CVCL_0546_de.h5ad 
deg_analysis_31124716_22.out:
deg_analysis_31124716_22.out:    Rewriting h5ad file: ./data/tahoe/deg_data/sep_rep/full/qc_false/filter_min_cells_50/CVCL_0546_de.h5ad 
deg_analysis_31124716_22.out:    Removed X matrix
deg_analysis_31124716_22.out:    Rewriting h5ad file is done!
deg_analysis_31124716_22.out:✓ Cell line completed in 12899.1 seconds
deg_analysis_31124716_22.out:
deg_analysis_31124716_22.out:DE analysis completed!
deg_analysis_31124716_22.out:
deg_analysis_31124716_22.out:Total runtime: 12913.6 seconds
deg_analysis_31124716_23.out:
deg_analysis_31124716_23.out:DE analysis started...
deg_analysis_31124716_23.out:Loaded input file:  ./data/tahoe/pseudobulk_processed/sep_rep/by_celltype/CVCL_1055_processed.h5ad 
deg_analysis_31124716_23.out:Initial dimensions:  1340  samples ×  62710  genes
deg_analysis_31124716_23.out:Filter samples with the low number of cells
deg_analysis_31124716_23.out:    Filter threshold (min_cells):  50 
deg_analysis_31124716_23.out:    n_obs:  1340 -->  1326 
deg_analysis_31124716_23.out:
deg_analysis_31124716_23.out:▶︎ Processing cell_type  1 / 1 :  CVCL_1055 
deg_analysis_31124716_23.out:    Filter controls by  pert_time_h  column
deg_analysis_31124716_23.out:        n_obs:  1326 -->  1326 
deg_analysis_31124716_23.out:
deg_analysis_31124716_23.out:    Running contrast 1/1298
deg_analysis_31124716_23.out:    Running contrast 6/1298
deg_analysis_31124716_23.out:    Running contrast 11/1298
deg_analysis_31124716_23.out:    Running contrast 16/1298
deg_analysis_31124716_23.out:    Running contrast 21/1298
deg_analysis_31124716_23.out:    Running contrast 26/1298
deg_analysis_31124716_23.out:    Running contrast 31/1298
deg_analysis_31124716_23.out:    Running contrast 36/1298
deg_analysis_31124716_23.out:    Running contrast 41/1298
deg_analysis_31124716_23.out:    Running contrast 46/1298
deg_analysis_31124716_23.out:    Running contrast 51/1298
deg_analysis_31124716_23.out:    Running contrast 56/1298
deg_analysis_31124716_23.out:    Running contrast 61/1298
deg_analysis_31124716_23.out:    Running contrast 66/1298
deg_analysis_31124716_23.out:    Running contrast 71/1298
deg_analysis_31124716_23.out:    Running contrast 76/1298
deg_analysis_31124716_23.out:    Running contrast 81/1298
deg_analysis_31124716_23.out:    Running contrast 86/1298
deg_analysis_31124716_23.out:    Running contrast 91/1298
deg_analysis_31124716_23.out:    Running contrast 96/1298
deg_analysis_31124716_23.out:    Running contrast 101/1298
deg_analysis_31124716_23.out:    Running contrast 106/1298
deg_analysis_31124716_23.out:    Running contrast 111/1298
deg_analysis_31124716_23.out:    Running contrast 116/1298
deg_analysis_31124716_23.out:    Running contrast 121/1298
deg_analysis_31124716_23.out:    Running contrast 126/1298
deg_analysis_31124716_23.out:    Running contrast 131/1298
deg_analysis_31124716_23.out:    Running contrast 136/1298
deg_analysis_31124716_23.out:    Running contrast 141/1298
deg_analysis_31124716_23.out:    Running contrast 146/1298
deg_analysis_31124716_23.out:    Running contrast 151/1298
deg_analysis_31124716_23.out:    Running contrast 156/1298
deg_analysis_31124716_23.out:    Running contrast 161/1298
deg_analysis_31124716_23.out:    Running contrast 166/1298
deg_analysis_31124716_23.out:    Running contrast 171/1298
deg_analysis_31124716_23.out:    Running contrast 176/1298
deg_analysis_31124716_23.out:    Running contrast 181/1298
deg_analysis_31124716_23.out:    Running contrast 186/1298
deg_analysis_31124716_23.out:    Running contrast 191/1298
deg_analysis_31124716_23.out:    Running contrast 196/1298
deg_analysis_31124716_23.out:    Running contrast 201/1298
deg_analysis_31124716_23.out:    Running contrast 206/1298
deg_analysis_31124716_23.out:    Running contrast 211/1298
deg_analysis_31124716_23.out:    Running contrast 216/1298
deg_analysis_31124716_23.out:    Running contrast 221/1298
deg_analysis_31124716_23.out:    Running contrast 226/1298
deg_analysis_31124716_23.out:    Running contrast 231/1298
deg_analysis_31124716_23.out:    Running contrast 236/1298
deg_analysis_31124716_23.out:    Running contrast 241/1298
deg_analysis_31124716_23.out:    Running contrast 246/1298
deg_analysis_31124716_23.out:    Running contrast 251/1298
deg_analysis_31124716_23.out:    Running contrast 256/1298
deg_analysis_31124716_23.out:    Running contrast 261/1298
deg_analysis_31124716_23.out:    Running contrast 266/1298
deg_analysis_31124716_23.out:    Running contrast 271/1298
deg_analysis_31124716_23.out:    Running contrast 276/1298
deg_analysis_31124716_23.out:    Running contrast 281/1298
deg_analysis_31124716_23.out:    Running contrast 286/1298
deg_analysis_31124716_23.out:    Running contrast 291/1298
deg_analysis_31124716_23.out:    Running contrast 296/1298
deg_analysis_31124716_23.out:    Running contrast 301/1298
deg_analysis_31124716_23.out:    Running contrast 306/1298
deg_analysis_31124716_23.out:    Running contrast 311/1298
deg_analysis_31124716_23.out:    Running contrast 316/1298
deg_analysis_31124716_23.out:    Running contrast 321/1298
deg_analysis_31124716_23.out:    Running contrast 326/1298
deg_analysis_31124716_23.out:    Running contrast 331/1298
deg_analysis_31124716_23.out:    Running contrast 336/1298
deg_analysis_31124716_23.out:    Running contrast 341/1298
deg_analysis_31124716_23.out:    Running contrast 346/1298
deg_analysis_31124716_23.out:    Running contrast 351/1298
deg_analysis_31124716_23.out:    Running contrast 356/1298
deg_analysis_31124716_23.out:    Running contrast 361/1298
deg_analysis_31124716_23.out:    Running contrast 366/1298
deg_analysis_31124716_23.out:    Running contrast 371/1298
deg_analysis_31124716_23.out:    Running contrast 376/1298
deg_analysis_31124716_23.out:    Running contrast 381/1298
deg_analysis_31124716_23.out:    Running contrast 386/1298
deg_analysis_31124716_23.out:    Running contrast 391/1298
deg_analysis_31124716_23.out:    Running contrast 396/1298
deg_analysis_31124716_23.out:    Running contrast 401/1298
deg_analysis_31124716_23.out:    Running contrast 406/1298
deg_analysis_31124716_23.out:    Running contrast 411/1298
deg_analysis_31124716_23.out:    Running contrast 416/1298
deg_analysis_31124716_23.out:    Running contrast 421/1298
deg_analysis_31124716_23.out:    Running contrast 426/1298
deg_analysis_31124716_23.out:    Running contrast 431/1298
deg_analysis_31124716_23.out:    Running contrast 436/1298
deg_analysis_31124716_23.out:    Running contrast 441/1298
deg_analysis_31124716_23.out:    Running contrast 446/1298
deg_analysis_31124716_23.out:    Running contrast 451/1298
deg_analysis_31124716_23.out:    Running contrast 456/1298
deg_analysis_31124716_23.out:    Running contrast 461/1298
deg_analysis_31124716_23.out:    Running contrast 466/1298
deg_analysis_31124716_23.out:    Running contrast 471/1298
deg_analysis_31124716_23.out:    Running contrast 476/1298
deg_analysis_31124716_23.out:    Running contrast 481/1298
deg_analysis_31124716_23.out:    Running contrast 486/1298
deg_analysis_31124716_23.out:    Running contrast 491/1298
deg_analysis_31124716_23.out:    Running contrast 496/1298
deg_analysis_31124716_23.out:    Running contrast 501/1298
deg_analysis_31124716_23.out:    Running contrast 506/1298
deg_analysis_31124716_23.out:    Running contrast 511/1298
deg_analysis_31124716_23.out:    Running contrast 516/1298
deg_analysis_31124716_23.out:    Running contrast 521/1298
deg_analysis_31124716_23.out:    Running contrast 526/1298
deg_analysis_31124716_23.out:    Running contrast 531/1298
deg_analysis_31124716_23.out:    Running contrast 536/1298
deg_analysis_31124716_23.out:    Running contrast 541/1298
deg_analysis_31124716_23.out:    Running contrast 546/1298
deg_analysis_31124716_23.out:    Running contrast 551/1298
deg_analysis_31124716_23.out:    Running contrast 556/1298
deg_analysis_31124716_23.out:    Running contrast 561/1298
deg_analysis_31124716_23.out:    Running contrast 566/1298
deg_analysis_31124716_23.out:    Running contrast 571/1298
deg_analysis_31124716_23.out:    Running contrast 576/1298
deg_analysis_31124716_23.out:    Running contrast 581/1298
deg_analysis_31124716_23.out:    Running contrast 586/1298
deg_analysis_31124716_23.out:    Running contrast 591/1298
deg_analysis_31124716_23.out:    Running contrast 596/1298
deg_analysis_31124716_23.out:    Running contrast 601/1298
deg_analysis_31124716_23.out:    Running contrast 606/1298
deg_analysis_31124716_23.out:    Running contrast 611/1298
deg_analysis_31124716_23.out:    Running contrast 616/1298
deg_analysis_31124716_23.out:    Running contrast 621/1298
deg_analysis_31124716_23.out:    Running contrast 626/1298
deg_analysis_31124716_23.out:    Running contrast 631/1298
deg_analysis_31124716_23.out:    Running contrast 636/1298
deg_analysis_31124716_23.out:    Running contrast 641/1298
deg_analysis_31124716_23.out:    Running contrast 646/1298
deg_analysis_31124716_23.out:    Running contrast 651/1298
deg_analysis_31124716_23.out:    Running contrast 656/1298
deg_analysis_31124716_23.out:    Running contrast 661/1298
deg_analysis_31124716_23.out:    Running contrast 666/1298
deg_analysis_31124716_23.out:    Running contrast 671/1298
deg_analysis_31124716_23.out:    Running contrast 676/1298
deg_analysis_31124716_23.out:    Running contrast 681/1298
deg_analysis_31124716_23.out:    Running contrast 686/1298
deg_analysis_31124716_23.out:    Running contrast 691/1298
deg_analysis_31124716_23.out:    Running contrast 696/1298
deg_analysis_31124716_23.out:    Running contrast 701/1298
deg_analysis_31124716_23.out:    Running contrast 706/1298
deg_analysis_31124716_23.out:    Running contrast 711/1298
deg_analysis_31124716_23.out:    Running contrast 716/1298
deg_analysis_31124716_23.out:    Running contrast 721/1298
deg_analysis_31124716_23.out:    Running contrast 726/1298
deg_analysis_31124716_23.out:    Running contrast 731/1298
deg_analysis_31124716_23.out:    Running contrast 736/1298
deg_analysis_31124716_23.out:    Running contrast 741/1298
deg_analysis_31124716_23.out:    Running contrast 746/1298
deg_analysis_31124716_23.out:    Running contrast 751/1298
deg_analysis_31124716_23.out:    Running contrast 756/1298
deg_analysis_31124716_23.out:    Running contrast 761/1298
deg_analysis_31124716_23.out:    Running contrast 766/1298
deg_analysis_31124716_23.out:    Running contrast 771/1298
deg_analysis_31124716_23.out:    Running contrast 776/1298
deg_analysis_31124716_23.out:    Running contrast 781/1298
deg_analysis_31124716_23.out:    Running contrast 786/1298
deg_analysis_31124716_23.out:    Running contrast 791/1298
deg_analysis_31124716_23.out:    Running contrast 796/1298
deg_analysis_31124716_23.out:    Running contrast 801/1298
deg_analysis_31124716_23.out:    Running contrast 806/1298
deg_analysis_31124716_23.out:    Running contrast 811/1298
deg_analysis_31124716_23.out:    Running contrast 816/1298
deg_analysis_31124716_23.out:    Running contrast 821/1298
deg_analysis_31124716_23.out:    Running contrast 826/1298
deg_analysis_31124716_23.out:    Running contrast 831/1298
deg_analysis_31124716_23.out:    Running contrast 836/1298
deg_analysis_31124716_23.out:    Running contrast 841/1298
deg_analysis_31124716_23.out:    Running contrast 846/1298
deg_analysis_31124716_23.out:    Running contrast 851/1298
deg_analysis_31124716_23.out:    Running contrast 856/1298
deg_analysis_31124716_23.out:    Running contrast 861/1298
deg_analysis_31124716_23.out:    Running contrast 866/1298
deg_analysis_31124716_23.out:    Running contrast 871/1298
deg_analysis_31124716_23.out:    Running contrast 876/1298
deg_analysis_31124716_23.out:    Running contrast 881/1298
deg_analysis_31124716_23.out:    Running contrast 886/1298
deg_analysis_31124716_23.out:    Running contrast 891/1298
deg_analysis_31124716_23.out:    Running contrast 896/1298
deg_analysis_31124716_23.out:    Running contrast 901/1298
deg_analysis_31124716_23.out:    Running contrast 906/1298
deg_analysis_31124716_23.out:    Running contrast 911/1298
deg_analysis_31124716_23.out:    Running contrast 916/1298
deg_analysis_31124716_23.out:    Running contrast 921/1298
deg_analysis_31124716_23.out:    Running contrast 926/1298
deg_analysis_31124716_23.out:    Running contrast 931/1298
deg_analysis_31124716_23.out:    Running contrast 936/1298
deg_analysis_31124716_23.out:    Running contrast 941/1298
deg_analysis_31124716_23.out:    Running contrast 946/1298
deg_analysis_31124716_23.out:    Running contrast 951/1298
deg_analysis_31124716_23.out:    Running contrast 956/1298
deg_analysis_31124716_23.out:    Running contrast 961/1298
deg_analysis_31124716_23.out:    Running contrast 966/1298
deg_analysis_31124716_23.out:    Running contrast 971/1298
deg_analysis_31124716_23.out:    Running contrast 976/1298
deg_analysis_31124716_23.out:    Running contrast 981/1298
deg_analysis_31124716_23.out:    Running contrast 986/1298
deg_analysis_31124716_23.out:    Running contrast 991/1298
deg_analysis_31124716_23.out:    Running contrast 996/1298
deg_analysis_31124716_23.out:    Running contrast 1001/1298
deg_analysis_31124716_23.out:    Running contrast 1006/1298
deg_analysis_31124716_23.out:    Running contrast 1011/1298
deg_analysis_31124716_23.out:    Running contrast 1016/1298
deg_analysis_31124716_23.out:    Running contrast 1021/1298
deg_analysis_31124716_23.out:    Running contrast 1026/1298
deg_analysis_31124716_23.out:    Running contrast 1031/1298
deg_analysis_31124716_23.out:    Running contrast 1036/1298
deg_analysis_31124716_23.out:    Running contrast 1041/1298
deg_analysis_31124716_23.out:    Running contrast 1046/1298
deg_analysis_31124716_23.out:    Running contrast 1051/1298
deg_analysis_31124716_23.out:    Running contrast 1056/1298
deg_analysis_31124716_23.out:    Running contrast 1061/1298
deg_analysis_31124716_23.out:    Running contrast 1066/1298
deg_analysis_31124716_23.out:    Running contrast 1071/1298
deg_analysis_31124716_23.out:    Running contrast 1076/1298
deg_analysis_31124716_23.out:    Running contrast 1081/1298
deg_analysis_31124716_23.out:    Running contrast 1086/1298
deg_analysis_31124716_23.out:    Running contrast 1091/1298
deg_analysis_31124716_23.out:    Running contrast 1096/1298
deg_analysis_31124716_23.out:    Running contrast 1101/1298
deg_analysis_31124716_23.out:    Running contrast 1106/1298
deg_analysis_31124716_23.out:    Running contrast 1111/1298
deg_analysis_31124716_23.out:    Running contrast 1116/1298
deg_analysis_31124716_23.out:    Running contrast 1121/1298
deg_analysis_31124716_23.out:    Running contrast 1126/1298
deg_analysis_31124716_23.out:    Running contrast 1131/1298
deg_analysis_31124716_23.out:    Running contrast 1136/1298
deg_analysis_31124716_23.out:    Running contrast 1141/1298
deg_analysis_31124716_23.out:    Running contrast 1146/1298
deg_analysis_31124716_23.out:    Running contrast 1151/1298
deg_analysis_31124716_23.out:    Running contrast 1156/1298
deg_analysis_31124716_23.out:    Running contrast 1161/1298
deg_analysis_31124716_23.out:    Running contrast 1166/1298
deg_analysis_31124716_23.out:    Running contrast 1171/1298
deg_analysis_31124716_23.out:    Running contrast 1176/1298
deg_analysis_31124716_23.out:    Running contrast 1181/1298
deg_analysis_31124716_23.out:    Running contrast 1186/1298
deg_analysis_31124716_23.out:    Running contrast 1191/1298
deg_analysis_31124716_23.out:    Running contrast 1196/1298
deg_analysis_31124716_23.out:    Running contrast 1201/1298
deg_analysis_31124716_23.out:    Running contrast 1206/1298
deg_analysis_31124716_23.out:    Running contrast 1211/1298
deg_analysis_31124716_23.out:    Running contrast 1216/1298
deg_analysis_31124716_23.out:    Running contrast 1221/1298
deg_analysis_31124716_23.out:    Running contrast 1226/1298
deg_analysis_31124716_23.out:    Running contrast 1231/1298
deg_analysis_31124716_23.out:    Running contrast 1236/1298
deg_analysis_31124716_23.out:    Running contrast 1241/1298
deg_analysis_31124716_23.out:    Running contrast 1246/1298
deg_analysis_31124716_23.out:    Running contrast 1251/1298
deg_analysis_31124716_23.out:    Running contrast 1256/1298
deg_analysis_31124716_23.out:    Running contrast 1261/1298
deg_analysis_31124716_23.out:    Running contrast 1266/1298
deg_analysis_31124716_23.out:    Running contrast 1271/1298
deg_analysis_31124716_23.out:    Running contrast 1276/1298
deg_analysis_31124716_23.out:    Running contrast 1281/1298
deg_analysis_31124716_23.out:    Running contrast 1286/1298
deg_analysis_31124716_23.out:    Running contrast 1291/1298
deg_analysis_31124716_23.out:    Running contrast 1296/1298
deg_analysis_31124716_23.out:    Running contrast 1298/1298
deg_analysis_31124716_23.out:
deg_analysis_31124716_23.out:    Writing:  ./data/tahoe/deg_data/sep_rep/full/qc_false/filter_min_cells_50/CVCL_1055_de.h5ad 
deg_analysis_31124716_23.out:
deg_analysis_31124716_23.out:    Rewriting h5ad file: ./data/tahoe/deg_data/sep_rep/full/qc_false/filter_min_cells_50/CVCL_1055_de.h5ad 
deg_analysis_31124716_23.out:    Removed X matrix
deg_analysis_31124716_23.out:    Rewriting h5ad file is done!
deg_analysis_31124716_23.out:✓ Cell line completed in 9694.3 seconds
deg_analysis_31124716_23.out:
deg_analysis_31124716_23.out:DE analysis completed!
deg_analysis_31124716_23.out:
deg_analysis_31124716_23.out:Total runtime: 9713.2 seconds
deg_analysis_31124716_24.out:
deg_analysis_31124716_24.out:DE analysis started...
deg_analysis_31124716_24.out:Loaded input file:  ./data/tahoe/pseudobulk_processed/sep_rep/by_celltype/CVCL_1056_processed.h5ad 
deg_analysis_31124716_24.out:Initial dimensions:  1340  samples ×  62710  genes
deg_analysis_31124716_24.out:Filter samples with the low number of cells
deg_analysis_31124716_24.out:    Filter threshold (min_cells):  50 
deg_analysis_31124716_24.out:    n_obs:  1340 -->  1329 
deg_analysis_31124716_24.out:
deg_analysis_31124716_24.out:▶︎ Processing cell_type  1 / 1 :  CVCL_1056 
deg_analysis_31124716_24.out:    Filter controls by  pert_time_h  column
deg_analysis_31124716_24.out:        n_obs:  1329 -->  1329 
deg_analysis_31124716_24.out:
deg_analysis_31124716_24.out:    Running contrast 1/1301
deg_analysis_31124716_24.out:    Running contrast 6/1301
deg_analysis_31124716_24.out:    Running contrast 11/1301
deg_analysis_31124716_24.out:    Running contrast 16/1301
deg_analysis_31124716_24.out:    Running contrast 21/1301
deg_analysis_31124716_24.out:    Running contrast 26/1301
deg_analysis_31124716_24.out:    Running contrast 31/1301
deg_analysis_31124716_24.out:    Running contrast 36/1301
deg_analysis_31124716_24.out:    Running contrast 41/1301
deg_analysis_31124716_24.out:    Running contrast 46/1301
deg_analysis_31124716_24.out:    Running contrast 51/1301
deg_analysis_31124716_24.out:    Running contrast 56/1301
deg_analysis_31124716_24.out:    Running contrast 61/1301
deg_analysis_31124716_24.out:    Running contrast 66/1301
deg_analysis_31124716_24.out:    Running contrast 71/1301
deg_analysis_31124716_24.out:    Running contrast 76/1301
deg_analysis_31124716_24.out:    Running contrast 81/1301
deg_analysis_31124716_24.out:    Running contrast 86/1301
deg_analysis_31124716_24.out:    Running contrast 91/1301
deg_analysis_31124716_24.out:    Running contrast 96/1301
deg_analysis_31124716_24.out:    Running contrast 101/1301
deg_analysis_31124716_24.out:    Running contrast 106/1301
deg_analysis_31124716_24.out:    Running contrast 111/1301
deg_analysis_31124716_24.out:    Running contrast 116/1301
deg_analysis_31124716_24.out:    Running contrast 121/1301
deg_analysis_31124716_24.out:    Running contrast 126/1301
deg_analysis_31124716_24.out:    Running contrast 131/1301
deg_analysis_31124716_24.out:    Running contrast 136/1301
deg_analysis_31124716_24.out:    Running contrast 141/1301
deg_analysis_31124716_24.out:    Running contrast 146/1301
deg_analysis_31124716_24.out:    Running contrast 151/1301
deg_analysis_31124716_24.out:    Running contrast 156/1301
deg_analysis_31124716_24.out:    Running contrast 161/1301
deg_analysis_31124716_24.out:    Running contrast 166/1301
deg_analysis_31124716_24.out:    Running contrast 171/1301
deg_analysis_31124716_24.out:    Running contrast 176/1301
deg_analysis_31124716_24.out:    Running contrast 181/1301
deg_analysis_31124716_24.out:    Running contrast 186/1301
deg_analysis_31124716_24.out:    Running contrast 191/1301
deg_analysis_31124716_24.out:    Running contrast 196/1301
deg_analysis_31124716_24.out:    Running contrast 201/1301
deg_analysis_31124716_24.out:    Running contrast 206/1301
deg_analysis_31124716_24.out:    Running contrast 211/1301
deg_analysis_31124716_24.out:    Running contrast 216/1301
deg_analysis_31124716_24.out:    Running contrast 221/1301
deg_analysis_31124716_24.out:    Running contrast 226/1301
deg_analysis_31124716_24.out:    Running contrast 231/1301
deg_analysis_31124716_24.out:    Running contrast 236/1301
deg_analysis_31124716_24.out:    Running contrast 241/1301
deg_analysis_31124716_24.out:    Running contrast 246/1301
deg_analysis_31124716_24.out:    Running contrast 251/1301
deg_analysis_31124716_24.out:    Running contrast 256/1301
deg_analysis_31124716_24.out:    Running contrast 261/1301
deg_analysis_31124716_24.out:    Running contrast 266/1301
deg_analysis_31124716_24.out:    Running contrast 271/1301
deg_analysis_31124716_24.out:    Running contrast 276/1301
deg_analysis_31124716_24.out:    Running contrast 281/1301
deg_analysis_31124716_24.out:    Running contrast 286/1301
deg_analysis_31124716_24.out:    Running contrast 291/1301
deg_analysis_31124716_24.out:    Running contrast 296/1301
deg_analysis_31124716_24.out:    Running contrast 301/1301
deg_analysis_31124716_24.out:    Running contrast 306/1301
deg_analysis_31124716_24.out:    Running contrast 311/1301
deg_analysis_31124716_24.out:    Running contrast 316/1301
deg_analysis_31124716_24.out:    Running contrast 321/1301
deg_analysis_31124716_24.out:    Running contrast 326/1301
deg_analysis_31124716_24.out:    Running contrast 331/1301
deg_analysis_31124716_24.out:    Running contrast 336/1301
deg_analysis_31124716_24.out:    Running contrast 341/1301
deg_analysis_31124716_24.out:    Running contrast 346/1301
deg_analysis_31124716_24.out:    Running contrast 351/1301
deg_analysis_31124716_24.out:    Running contrast 356/1301
deg_analysis_31124716_24.out:    Running contrast 361/1301
deg_analysis_31124716_24.out:    Running contrast 366/1301
deg_analysis_31124716_24.out:    Running contrast 371/1301
deg_analysis_31124716_24.out:    Running contrast 376/1301
deg_analysis_31124716_24.out:    Running contrast 381/1301
deg_analysis_31124716_24.out:    Running contrast 386/1301
deg_analysis_31124716_24.out:    Running contrast 391/1301
deg_analysis_31124716_24.out:    Running contrast 396/1301
deg_analysis_31124716_24.out:    Running contrast 401/1301
deg_analysis_31124716_24.out:    Running contrast 406/1301
deg_analysis_31124716_24.out:    Running contrast 411/1301
deg_analysis_31124716_24.out:    Running contrast 416/1301
deg_analysis_31124716_24.out:    Running contrast 421/1301
deg_analysis_31124716_24.out:    Running contrast 426/1301
deg_analysis_31124716_24.out:    Running contrast 431/1301
deg_analysis_31124716_24.out:    Running contrast 436/1301
deg_analysis_31124716_24.out:    Running contrast 441/1301
deg_analysis_31124716_24.out:    Running contrast 446/1301
deg_analysis_31124716_24.out:    Running contrast 451/1301
deg_analysis_31124716_24.out:    Running contrast 456/1301
deg_analysis_31124716_24.out:    Running contrast 461/1301
deg_analysis_31124716_24.out:    Running contrast 466/1301
deg_analysis_31124716_24.out:    Running contrast 471/1301
deg_analysis_31124716_24.out:    Running contrast 476/1301
deg_analysis_31124716_24.out:    Running contrast 481/1301
deg_analysis_31124716_24.out:    Running contrast 486/1301
deg_analysis_31124716_24.out:    Running contrast 491/1301
deg_analysis_31124716_24.out:    Running contrast 496/1301
deg_analysis_31124716_24.out:    Running contrast 501/1301
deg_analysis_31124716_24.out:    Running contrast 506/1301
deg_analysis_31124716_24.out:    Running contrast 511/1301
deg_analysis_31124716_24.out:    Running contrast 516/1301
deg_analysis_31124716_24.out:    Running contrast 521/1301
deg_analysis_31124716_24.out:    Running contrast 526/1301
deg_analysis_31124716_24.out:    Running contrast 531/1301
deg_analysis_31124716_24.out:    Running contrast 536/1301
deg_analysis_31124716_24.out:    Running contrast 541/1301
deg_analysis_31124716_24.out:    Running contrast 546/1301
deg_analysis_31124716_24.out:    Running contrast 551/1301
deg_analysis_31124716_24.out:    Running contrast 556/1301
deg_analysis_31124716_24.out:    Running contrast 561/1301
deg_analysis_31124716_24.out:    Running contrast 566/1301
deg_analysis_31124716_24.out:    Running contrast 571/1301
deg_analysis_31124716_24.out:    Running contrast 576/1301
deg_analysis_31124716_24.out:    Running contrast 581/1301
deg_analysis_31124716_24.out:    Running contrast 586/1301
deg_analysis_31124716_24.out:    Running contrast 591/1301
deg_analysis_31124716_24.out:    Running contrast 596/1301
deg_analysis_31124716_24.out:    Running contrast 601/1301
deg_analysis_31124716_24.out:    Running contrast 606/1301
deg_analysis_31124716_24.out:    Running contrast 611/1301
deg_analysis_31124716_24.out:    Running contrast 616/1301
deg_analysis_31124716_24.out:    Running contrast 621/1301
deg_analysis_31124716_24.out:    Running contrast 626/1301
deg_analysis_31124716_24.out:    Running contrast 631/1301
deg_analysis_31124716_24.out:    Running contrast 636/1301
deg_analysis_31124716_24.out:    Running contrast 641/1301
deg_analysis_31124716_24.out:    Running contrast 646/1301
deg_analysis_31124716_24.out:    Running contrast 651/1301
deg_analysis_31124716_24.out:    Running contrast 656/1301
deg_analysis_31124716_24.out:    Running contrast 661/1301
deg_analysis_31124716_24.out:    Running contrast 666/1301
deg_analysis_31124716_24.out:    Running contrast 671/1301
deg_analysis_31124716_24.out:    Running contrast 676/1301
deg_analysis_31124716_24.out:    Running contrast 681/1301
deg_analysis_31124716_24.out:    Running contrast 686/1301
deg_analysis_31124716_24.out:    Running contrast 691/1301
deg_analysis_31124716_24.out:    Running contrast 696/1301
deg_analysis_31124716_24.out:    Running contrast 701/1301
deg_analysis_31124716_24.out:    Running contrast 706/1301
deg_analysis_31124716_24.out:    Running contrast 711/1301
deg_analysis_31124716_24.out:    Running contrast 716/1301
deg_analysis_31124716_24.out:    Running contrast 721/1301
deg_analysis_31124716_24.out:    Running contrast 726/1301
deg_analysis_31124716_24.out:    Running contrast 731/1301
deg_analysis_31124716_24.out:    Running contrast 736/1301
deg_analysis_31124716_24.out:    Running contrast 741/1301
deg_analysis_31124716_24.out:    Running contrast 746/1301
deg_analysis_31124716_24.out:    Running contrast 751/1301
deg_analysis_31124716_24.out:    Running contrast 756/1301
deg_analysis_31124716_24.out:    Running contrast 761/1301
deg_analysis_31124716_24.out:    Running contrast 766/1301
deg_analysis_31124716_24.out:    Running contrast 771/1301
deg_analysis_31124716_24.out:    Running contrast 776/1301
deg_analysis_31124716_24.out:    Running contrast 781/1301
deg_analysis_31124716_24.out:    Running contrast 786/1301
deg_analysis_31124716_24.out:    Running contrast 791/1301
deg_analysis_31124716_24.out:    Running contrast 796/1301
deg_analysis_31124716_24.out:    Running contrast 801/1301
deg_analysis_31124716_24.out:    Running contrast 806/1301
deg_analysis_31124716_24.out:    Running contrast 811/1301
deg_analysis_31124716_24.out:    Running contrast 816/1301
deg_analysis_31124716_24.out:    Running contrast 821/1301
deg_analysis_31124716_24.out:    Running contrast 826/1301
deg_analysis_31124716_24.out:    Running contrast 831/1301
deg_analysis_31124716_24.out:    Running contrast 836/1301
deg_analysis_31124716_24.out:    Running contrast 841/1301
deg_analysis_31124716_24.out:    Running contrast 846/1301
deg_analysis_31124716_24.out:    Running contrast 851/1301
deg_analysis_31124716_24.out:    Running contrast 856/1301
deg_analysis_31124716_24.out:    Running contrast 861/1301
deg_analysis_31124716_24.out:    Running contrast 866/1301
deg_analysis_31124716_24.out:    Running contrast 871/1301
deg_analysis_31124716_24.out:    Running contrast 876/1301
deg_analysis_31124716_24.out:    Running contrast 881/1301
deg_analysis_31124716_24.out:    Running contrast 886/1301
deg_analysis_31124716_24.out:    Running contrast 891/1301
deg_analysis_31124716_24.out:    Running contrast 896/1301
deg_analysis_31124716_24.out:    Running contrast 901/1301
deg_analysis_31124716_24.out:    Running contrast 906/1301
deg_analysis_31124716_24.out:    Running contrast 911/1301
deg_analysis_31124716_24.out:    Running contrast 916/1301
deg_analysis_31124716_24.out:    Running contrast 921/1301
deg_analysis_31124716_24.out:    Running contrast 926/1301
deg_analysis_31124716_24.out:    Running contrast 931/1301
deg_analysis_31124716_24.out:    Running contrast 936/1301
deg_analysis_31124716_24.out:    Running contrast 941/1301
deg_analysis_31124716_24.out:    Running contrast 946/1301
deg_analysis_31124716_24.out:    Running contrast 951/1301
deg_analysis_31124716_24.out:    Running contrast 956/1301
deg_analysis_31124716_24.out:    Running contrast 961/1301
deg_analysis_31124716_24.out:    Running contrast 966/1301
deg_analysis_31124716_24.out:    Running contrast 971/1301
deg_analysis_31124716_24.out:    Running contrast 976/1301
deg_analysis_31124716_24.out:    Running contrast 981/1301
deg_analysis_31124716_24.out:    Running contrast 986/1301
deg_analysis_31124716_24.out:    Running contrast 991/1301
deg_analysis_31124716_24.out:    Running contrast 996/1301
deg_analysis_31124716_24.out:    Running contrast 1001/1301
deg_analysis_31124716_24.out:    Running contrast 1006/1301
deg_analysis_31124716_24.out:    Running contrast 1011/1301
deg_analysis_31124716_24.out:    Running contrast 1016/1301
deg_analysis_31124716_24.out:    Running contrast 1021/1301
deg_analysis_31124716_24.out:    Running contrast 1026/1301
deg_analysis_31124716_24.out:    Running contrast 1031/1301
deg_analysis_31124716_24.out:    Running contrast 1036/1301
deg_analysis_31124716_24.out:    Running contrast 1041/1301
deg_analysis_31124716_24.out:    Running contrast 1046/1301
deg_analysis_31124716_24.out:    Running contrast 1051/1301
deg_analysis_31124716_24.out:    Running contrast 1056/1301
deg_analysis_31124716_24.out:    Running contrast 1061/1301
deg_analysis_31124716_24.out:    Running contrast 1066/1301
deg_analysis_31124716_24.out:    Running contrast 1071/1301
deg_analysis_31124716_24.out:    Running contrast 1076/1301
deg_analysis_31124716_24.out:    Running contrast 1081/1301
deg_analysis_31124716_24.out:    Running contrast 1086/1301
deg_analysis_31124716_24.out:    Running contrast 1091/1301
deg_analysis_31124716_24.out:    Running contrast 1096/1301
deg_analysis_31124716_24.out:    Running contrast 1101/1301
deg_analysis_31124716_24.out:    Running contrast 1106/1301
deg_analysis_31124716_24.out:    Running contrast 1111/1301
deg_analysis_31124716_24.out:    Running contrast 1116/1301
deg_analysis_31124716_24.out:    Running contrast 1121/1301
deg_analysis_31124716_24.out:    Running contrast 1126/1301
deg_analysis_31124716_24.out:    Running contrast 1131/1301
deg_analysis_31124716_24.out:    Running contrast 1136/1301
deg_analysis_31124716_24.out:    Running contrast 1141/1301
deg_analysis_31124716_24.out:    Running contrast 1146/1301
deg_analysis_31124716_24.out:    Running contrast 1151/1301
deg_analysis_31124716_24.out:    Running contrast 1156/1301
deg_analysis_31124716_24.out:    Running contrast 1161/1301
deg_analysis_31124716_24.out:    Running contrast 1166/1301
deg_analysis_31124716_24.out:    Running contrast 1171/1301
deg_analysis_31124716_24.out:    Running contrast 1176/1301
deg_analysis_31124716_24.out:    Running contrast 1181/1301
deg_analysis_31124716_24.out:    Running contrast 1186/1301
deg_analysis_31124716_24.out:    Running contrast 1191/1301
deg_analysis_31124716_24.out:    Running contrast 1196/1301
deg_analysis_31124716_24.out:    Running contrast 1201/1301
deg_analysis_31124716_24.out:    Running contrast 1206/1301
deg_analysis_31124716_24.out:    Running contrast 1211/1301
deg_analysis_31124716_24.out:    Running contrast 1216/1301
deg_analysis_31124716_24.out:    Running contrast 1221/1301
deg_analysis_31124716_24.out:    Running contrast 1226/1301
deg_analysis_31124716_24.out:    Running contrast 1231/1301
deg_analysis_31124716_24.out:    Running contrast 1236/1301
deg_analysis_31124716_24.out:    Running contrast 1241/1301
deg_analysis_31124716_24.out:    Running contrast 1246/1301
deg_analysis_31124716_24.out:    Running contrast 1251/1301
deg_analysis_31124716_24.out:    Running contrast 1256/1301
deg_analysis_31124716_24.out:    Running contrast 1261/1301
deg_analysis_31124716_24.out:    Running contrast 1266/1301
deg_analysis_31124716_24.out:    Running contrast 1271/1301
deg_analysis_31124716_24.out:    Running contrast 1276/1301
deg_analysis_31124716_24.out:    Running contrast 1281/1301
deg_analysis_31124716_24.out:    Running contrast 1286/1301
deg_analysis_31124716_24.out:    Running contrast 1291/1301
deg_analysis_31124716_24.out:    Running contrast 1296/1301
deg_analysis_31124716_24.out:    Running contrast 1301/1301
deg_analysis_31124716_24.out:
deg_analysis_31124716_24.out:    Writing:  ./data/tahoe/deg_data/sep_rep/full/qc_false/filter_min_cells_50/CVCL_1056_de.h5ad 
deg_analysis_31124716_24.out:
deg_analysis_31124716_24.out:    Rewriting h5ad file: ./data/tahoe/deg_data/sep_rep/full/qc_false/filter_min_cells_50/CVCL_1056_de.h5ad 
deg_analysis_31124716_24.out:    Removed X matrix
deg_analysis_31124716_24.out:    Rewriting h5ad file is done!
deg_analysis_31124716_24.out:✓ Cell line completed in 12908.9 seconds
deg_analysis_31124716_24.out:
deg_analysis_31124716_24.out:DE analysis completed!
deg_analysis_31124716_24.out:
deg_analysis_31124716_24.out:Total runtime: 12926.9 seconds
deg_analysis_31124716_25.out:
deg_analysis_31124716_25.out:DE analysis started...
deg_analysis_31124716_25.out:Loaded input file:  ./data/tahoe/pseudobulk_processed/sep_rep/by_celltype/CVCL_1094_processed.h5ad 
deg_analysis_31124716_25.out:Initial dimensions:  1342  samples ×  62710  genes
deg_analysis_31124716_25.out:Filter samples with the low number of cells
deg_analysis_31124716_25.out:    Filter threshold (min_cells):  50 
deg_analysis_31124716_25.out:    n_obs:  1342 -->  1329 
deg_analysis_31124716_25.out:
deg_analysis_31124716_25.out:▶︎ Processing cell_type  1 / 1 :  CVCL_1094 
deg_analysis_31124716_25.out:    Filter controls by  pert_time_h  column
deg_analysis_31124716_25.out:        n_obs:  1329 -->  1329 
deg_analysis_31124716_25.out:
deg_analysis_31124716_25.out:    Running contrast 1/1301
deg_analysis_31124716_25.out:    Running contrast 6/1301
deg_analysis_31124716_25.out:    Running contrast 11/1301
deg_analysis_31124716_25.out:    Running contrast 16/1301
deg_analysis_31124716_25.out:    Running contrast 21/1301
deg_analysis_31124716_25.out:    Running contrast 26/1301
deg_analysis_31124716_25.out:    Running contrast 31/1301
deg_analysis_31124716_25.out:    Running contrast 36/1301
deg_analysis_31124716_25.out:    Running contrast 41/1301
deg_analysis_31124716_25.out:    Running contrast 46/1301
deg_analysis_31124716_25.out:    Running contrast 51/1301
deg_analysis_31124716_25.out:    Running contrast 56/1301
deg_analysis_31124716_25.out:    Running contrast 61/1301
deg_analysis_31124716_25.out:    Running contrast 66/1301
deg_analysis_31124716_25.out:    Running contrast 71/1301
deg_analysis_31124716_25.out:    Running contrast 76/1301
deg_analysis_31124716_25.out:    Running contrast 81/1301
deg_analysis_31124716_25.out:    Running contrast 86/1301
deg_analysis_31124716_25.out:    Running contrast 91/1301
deg_analysis_31124716_25.out:    Running contrast 96/1301
deg_analysis_31124716_25.out:    Running contrast 101/1301
deg_analysis_31124716_25.out:    Running contrast 106/1301
deg_analysis_31124716_25.out:    Running contrast 111/1301
deg_analysis_31124716_25.out:    Running contrast 116/1301
deg_analysis_31124716_25.out:    Running contrast 121/1301
deg_analysis_31124716_25.out:    Running contrast 126/1301
deg_analysis_31124716_25.out:    Running contrast 131/1301
deg_analysis_31124716_25.out:    Running contrast 136/1301
deg_analysis_31124716_25.out:    Running contrast 141/1301
deg_analysis_31124716_25.out:    Running contrast 146/1301
deg_analysis_31124716_25.out:    Running contrast 151/1301
deg_analysis_31124716_25.out:    Running contrast 156/1301
deg_analysis_31124716_25.out:    Running contrast 161/1301
deg_analysis_31124716_25.out:    Running contrast 166/1301
deg_analysis_31124716_25.out:    Running contrast 171/1301
deg_analysis_31124716_25.out:    Running contrast 176/1301
deg_analysis_31124716_25.out:    Running contrast 181/1301
deg_analysis_31124716_25.out:    Running contrast 186/1301
deg_analysis_31124716_25.out:    Running contrast 191/1301
deg_analysis_31124716_25.out:    Running contrast 196/1301
deg_analysis_31124716_25.out:    Running contrast 201/1301
deg_analysis_31124716_25.out:    Running contrast 206/1301
deg_analysis_31124716_25.out:    Running contrast 211/1301
deg_analysis_31124716_25.out:    Running contrast 216/1301
deg_analysis_31124716_25.out:    Running contrast 221/1301
deg_analysis_31124716_25.out:    Running contrast 226/1301
deg_analysis_31124716_25.out:    Running contrast 231/1301
deg_analysis_31124716_25.out:    Running contrast 236/1301
deg_analysis_31124716_25.out:    Running contrast 241/1301
deg_analysis_31124716_25.out:    Running contrast 246/1301
deg_analysis_31124716_25.out:    Running contrast 251/1301
deg_analysis_31124716_25.out:    Running contrast 256/1301
deg_analysis_31124716_25.out:    Running contrast 261/1301
deg_analysis_31124716_25.out:    Running contrast 266/1301
deg_analysis_31124716_25.out:    Running contrast 271/1301
deg_analysis_31124716_25.out:    Running contrast 276/1301
deg_analysis_31124716_25.out:    Running contrast 281/1301
deg_analysis_31124716_25.out:    Running contrast 286/1301
deg_analysis_31124716_25.out:    Running contrast 291/1301
deg_analysis_31124716_25.out:    Running contrast 296/1301
deg_analysis_31124716_25.out:    Running contrast 301/1301
deg_analysis_31124716_25.out:    Running contrast 306/1301
deg_analysis_31124716_25.out:    Running contrast 311/1301
deg_analysis_31124716_25.out:    Running contrast 316/1301
deg_analysis_31124716_25.out:    Running contrast 321/1301
deg_analysis_31124716_25.out:    Running contrast 326/1301
deg_analysis_31124716_25.out:    Running contrast 331/1301
deg_analysis_31124716_25.out:    Running contrast 336/1301
deg_analysis_31124716_25.out:    Running contrast 341/1301
deg_analysis_31124716_25.out:    Running contrast 346/1301
deg_analysis_31124716_25.out:    Running contrast 351/1301
deg_analysis_31124716_25.out:    Running contrast 356/1301
deg_analysis_31124716_25.out:    Running contrast 361/1301
deg_analysis_31124716_25.out:    Running contrast 366/1301
deg_analysis_31124716_25.out:    Running contrast 371/1301
deg_analysis_31124716_25.out:    Running contrast 376/1301
deg_analysis_31124716_25.out:    Running contrast 381/1301
deg_analysis_31124716_25.out:    Running contrast 386/1301
deg_analysis_31124716_25.out:    Running contrast 391/1301
deg_analysis_31124716_25.out:    Running contrast 396/1301
deg_analysis_31124716_25.out:    Running contrast 401/1301
deg_analysis_31124716_25.out:    Running contrast 406/1301
deg_analysis_31124716_25.out:    Running contrast 411/1301
deg_analysis_31124716_25.out:    Running contrast 416/1301
deg_analysis_31124716_25.out:    Running contrast 421/1301
deg_analysis_31124716_25.out:    Running contrast 426/1301
deg_analysis_31124716_25.out:    Running contrast 431/1301
deg_analysis_31124716_25.out:    Running contrast 436/1301
deg_analysis_31124716_25.out:    Running contrast 441/1301
deg_analysis_31124716_25.out:    Running contrast 446/1301
deg_analysis_31124716_25.out:    Running contrast 451/1301
deg_analysis_31124716_25.out:    Running contrast 456/1301
deg_analysis_31124716_25.out:    Running contrast 461/1301
deg_analysis_31124716_25.out:    Running contrast 466/1301
deg_analysis_31124716_25.out:    Running contrast 471/1301
deg_analysis_31124716_25.out:    Running contrast 476/1301
deg_analysis_31124716_25.out:    Running contrast 481/1301
deg_analysis_31124716_25.out:    Running contrast 486/1301
deg_analysis_31124716_25.out:    Running contrast 491/1301
deg_analysis_31124716_25.out:    Running contrast 496/1301
deg_analysis_31124716_25.out:    Running contrast 501/1301
deg_analysis_31124716_25.out:    Running contrast 506/1301
deg_analysis_31124716_25.out:    Running contrast 511/1301
deg_analysis_31124716_25.out:    Running contrast 516/1301
deg_analysis_31124716_25.out:    Running contrast 521/1301
deg_analysis_31124716_25.out:    Running contrast 526/1301
deg_analysis_31124716_25.out:    Running contrast 531/1301
deg_analysis_31124716_25.out:    Running contrast 536/1301
deg_analysis_31124716_25.out:    Running contrast 541/1301
deg_analysis_31124716_25.out:    Running contrast 546/1301
deg_analysis_31124716_25.out:    Running contrast 551/1301
deg_analysis_31124716_25.out:    Running contrast 556/1301
deg_analysis_31124716_25.out:    Running contrast 561/1301
deg_analysis_31124716_25.out:    Running contrast 566/1301
deg_analysis_31124716_25.out:    Running contrast 571/1301
deg_analysis_31124716_25.out:    Running contrast 576/1301
deg_analysis_31124716_25.out:    Running contrast 581/1301
deg_analysis_31124716_25.out:    Running contrast 586/1301
deg_analysis_31124716_25.out:    Running contrast 591/1301
deg_analysis_31124716_25.out:    Running contrast 596/1301
deg_analysis_31124716_25.out:    Running contrast 601/1301
deg_analysis_31124716_25.out:    Running contrast 606/1301
deg_analysis_31124716_25.out:    Running contrast 611/1301
deg_analysis_31124716_25.out:    Running contrast 616/1301
deg_analysis_31124716_25.out:    Running contrast 621/1301
deg_analysis_31124716_25.out:    Running contrast 626/1301
deg_analysis_31124716_25.out:    Running contrast 631/1301
deg_analysis_31124716_25.out:    Running contrast 636/1301
deg_analysis_31124716_25.out:    Running contrast 641/1301
deg_analysis_31124716_25.out:    Running contrast 646/1301
deg_analysis_31124716_25.out:    Running contrast 651/1301
deg_analysis_31124716_25.out:    Running contrast 656/1301
deg_analysis_31124716_25.out:    Running contrast 661/1301
deg_analysis_31124716_25.out:    Running contrast 666/1301
deg_analysis_31124716_25.out:    Running contrast 671/1301
deg_analysis_31124716_25.out:    Running contrast 676/1301
deg_analysis_31124716_25.out:    Running contrast 681/1301
deg_analysis_31124716_25.out:    Running contrast 686/1301
deg_analysis_31124716_25.out:    Running contrast 691/1301
deg_analysis_31124716_25.out:    Running contrast 696/1301
deg_analysis_31124716_25.out:    Running contrast 701/1301
deg_analysis_31124716_25.out:    Running contrast 706/1301
deg_analysis_31124716_25.out:    Running contrast 711/1301
deg_analysis_31124716_25.out:    Running contrast 716/1301
deg_analysis_31124716_25.out:    Running contrast 721/1301
deg_analysis_31124716_25.out:    Running contrast 726/1301
deg_analysis_31124716_25.out:    Running contrast 731/1301
deg_analysis_31124716_25.out:    Running contrast 736/1301
deg_analysis_31124716_25.out:    Running contrast 741/1301
deg_analysis_31124716_25.out:    Running contrast 746/1301
deg_analysis_31124716_25.out:    Running contrast 751/1301
deg_analysis_31124716_25.out:    Running contrast 756/1301
deg_analysis_31124716_25.out:    Running contrast 761/1301
deg_analysis_31124716_25.out:    Running contrast 766/1301
deg_analysis_31124716_25.out:    Running contrast 771/1301
deg_analysis_31124716_25.out:    Running contrast 776/1301
deg_analysis_31124716_25.out:    Running contrast 781/1301
deg_analysis_31124716_25.out:    Running contrast 786/1301
deg_analysis_31124716_25.out:    Running contrast 791/1301
deg_analysis_31124716_25.out:    Running contrast 796/1301
deg_analysis_31124716_25.out:    Running contrast 801/1301
deg_analysis_31124716_25.out:    Running contrast 806/1301
deg_analysis_31124716_25.out:    Running contrast 811/1301
deg_analysis_31124716_25.out:    Running contrast 816/1301
deg_analysis_31124716_25.out:    Running contrast 821/1301
deg_analysis_31124716_25.out:    Running contrast 826/1301
deg_analysis_31124716_25.out:    Running contrast 831/1301
deg_analysis_31124716_25.out:    Running contrast 836/1301
deg_analysis_31124716_25.out:    Running contrast 841/1301
deg_analysis_31124716_25.out:    Running contrast 846/1301
deg_analysis_31124716_25.out:    Running contrast 851/1301
deg_analysis_31124716_25.out:    Running contrast 856/1301
deg_analysis_31124716_25.out:    Running contrast 861/1301
deg_analysis_31124716_25.out:    Running contrast 866/1301
deg_analysis_31124716_25.out:    Running contrast 871/1301
deg_analysis_31124716_25.out:    Running contrast 876/1301
deg_analysis_31124716_25.out:    Running contrast 881/1301
deg_analysis_31124716_25.out:    Running contrast 886/1301
deg_analysis_31124716_25.out:    Running contrast 891/1301
deg_analysis_31124716_25.out:    Running contrast 896/1301
deg_analysis_31124716_25.out:    Running contrast 901/1301
deg_analysis_31124716_25.out:    Running contrast 906/1301
deg_analysis_31124716_25.out:    Running contrast 911/1301
deg_analysis_31124716_25.out:    Running contrast 916/1301
deg_analysis_31124716_25.out:    Running contrast 921/1301
deg_analysis_31124716_25.out:    Running contrast 926/1301
deg_analysis_31124716_25.out:    Running contrast 931/1301
deg_analysis_31124716_25.out:    Running contrast 936/1301
deg_analysis_31124716_25.out:    Running contrast 941/1301
deg_analysis_31124716_25.out:    Running contrast 946/1301
deg_analysis_31124716_25.out:    Running contrast 951/1301
deg_analysis_31124716_25.out:    Running contrast 956/1301
deg_analysis_31124716_25.out:    Running contrast 961/1301
deg_analysis_31124716_25.out:    Running contrast 966/1301
deg_analysis_31124716_25.out:    Running contrast 971/1301
deg_analysis_31124716_25.out:    Running contrast 976/1301
deg_analysis_31124716_25.out:    Running contrast 981/1301
deg_analysis_31124716_25.out:    Running contrast 986/1301
deg_analysis_31124716_25.out:    Running contrast 991/1301
deg_analysis_31124716_25.out:    Running contrast 996/1301
deg_analysis_31124716_25.out:    Running contrast 1001/1301
deg_analysis_31124716_25.out:    Running contrast 1006/1301
deg_analysis_31124716_25.out:    Running contrast 1011/1301
deg_analysis_31124716_25.out:    Running contrast 1016/1301
deg_analysis_31124716_25.out:    Running contrast 1021/1301
deg_analysis_31124716_25.out:    Running contrast 1026/1301
deg_analysis_31124716_25.out:    Running contrast 1031/1301
deg_analysis_31124716_25.out:    Running contrast 1036/1301
deg_analysis_31124716_25.out:    Running contrast 1041/1301
deg_analysis_31124716_25.out:    Running contrast 1046/1301
deg_analysis_31124716_25.out:    Running contrast 1051/1301
deg_analysis_31124716_25.out:    Running contrast 1056/1301
deg_analysis_31124716_25.out:    Running contrast 1061/1301
deg_analysis_31124716_25.out:    Running contrast 1066/1301
deg_analysis_31124716_25.out:    Running contrast 1071/1301
deg_analysis_31124716_25.out:    Running contrast 1076/1301
deg_analysis_31124716_25.out:    Running contrast 1081/1301
deg_analysis_31124716_25.out:    Running contrast 1086/1301
deg_analysis_31124716_25.out:    Running contrast 1091/1301
deg_analysis_31124716_25.out:    Running contrast 1096/1301
deg_analysis_31124716_25.out:    Running contrast 1101/1301
deg_analysis_31124716_25.out:    Running contrast 1106/1301
deg_analysis_31124716_25.out:    Running contrast 1111/1301
deg_analysis_31124716_25.out:    Running contrast 1116/1301
deg_analysis_31124716_25.out:    Running contrast 1121/1301
deg_analysis_31124716_25.out:    Running contrast 1126/1301
deg_analysis_31124716_25.out:    Running contrast 1131/1301
deg_analysis_31124716_25.out:    Running contrast 1136/1301
deg_analysis_31124716_25.out:    Running contrast 1141/1301
deg_analysis_31124716_25.out:    Running contrast 1146/1301
deg_analysis_31124716_25.out:    Running contrast 1151/1301
deg_analysis_31124716_25.out:    Running contrast 1156/1301
deg_analysis_31124716_25.out:    Running contrast 1161/1301
deg_analysis_31124716_25.out:    Running contrast 1166/1301
deg_analysis_31124716_25.out:    Running contrast 1171/1301
deg_analysis_31124716_25.out:    Running contrast 1176/1301
deg_analysis_31124716_25.out:    Running contrast 1181/1301
deg_analysis_31124716_25.out:    Running contrast 1186/1301
deg_analysis_31124716_25.out:    Running contrast 1191/1301
deg_analysis_31124716_25.out:    Running contrast 1196/1301
deg_analysis_31124716_25.out:    Running contrast 1201/1301
deg_analysis_31124716_25.out:    Running contrast 1206/1301
deg_analysis_31124716_25.out:    Running contrast 1211/1301
deg_analysis_31124716_25.out:    Running contrast 1216/1301
deg_analysis_31124716_25.out:    Running contrast 1221/1301
deg_analysis_31124716_25.out:    Running contrast 1226/1301
deg_analysis_31124716_25.out:    Running contrast 1231/1301
deg_analysis_31124716_25.out:    Running contrast 1236/1301
deg_analysis_31124716_25.out:    Running contrast 1241/1301
deg_analysis_31124716_25.out:    Running contrast 1246/1301
deg_analysis_31124716_25.out:    Running contrast 1251/1301
deg_analysis_31124716_25.out:    Running contrast 1256/1301
deg_analysis_31124716_25.out:    Running contrast 1261/1301
deg_analysis_31124716_25.out:    Running contrast 1266/1301
deg_analysis_31124716_25.out:    Running contrast 1271/1301
deg_analysis_31124716_25.out:    Running contrast 1276/1301
deg_analysis_31124716_25.out:    Running contrast 1281/1301
deg_analysis_31124716_25.out:    Running contrast 1286/1301
deg_analysis_31124716_25.out:    Running contrast 1291/1301
deg_analysis_31124716_25.out:    Running contrast 1296/1301
deg_analysis_31124716_25.out:    Running contrast 1301/1301
deg_analysis_31124716_25.out:
deg_analysis_31124716_25.out:    Writing:  ./data/tahoe/deg_data/sep_rep/full/qc_false/filter_min_cells_50/CVCL_1094_de.h5ad 
deg_analysis_31124716_25.out:
deg_analysis_31124716_25.out:    Rewriting h5ad file: ./data/tahoe/deg_data/sep_rep/full/qc_false/filter_min_cells_50/CVCL_1094_de.h5ad 
deg_analysis_31124716_25.out:    Removed X matrix
deg_analysis_31124716_25.out:    Rewriting h5ad file is done!
deg_analysis_31124716_25.out:✓ Cell line completed in 10234.1 seconds
deg_analysis_31124716_25.out:
deg_analysis_31124716_25.out:DE analysis completed!
deg_analysis_31124716_25.out:
deg_analysis_31124716_25.out:Total runtime: 10246.0 seconds
deg_analysis_31124716_26.out:
deg_analysis_31124716_26.out:DE analysis started...
deg_analysis_31124716_26.out:Loaded input file:  ./data/tahoe/pseudobulk_processed/sep_rep/by_celltype/CVCL_1097_processed.h5ad 
deg_analysis_31124716_26.out:Initial dimensions:  1341  samples ×  62710  genes
deg_analysis_31124716_26.out:Filter samples with the low number of cells
deg_analysis_31124716_26.out:    Filter threshold (min_cells):  50 
deg_analysis_31124716_26.out:    n_obs:  1341 -->  1329 
deg_analysis_31124716_26.out:
deg_analysis_31124716_26.out:▶︎ Processing cell_type  1 / 1 :  CVCL_1097 
deg_analysis_31124716_26.out:    Filter controls by  pert_time_h  column
deg_analysis_31124716_26.out:        n_obs:  1329 -->  1329 
deg_analysis_31124716_26.out:
deg_analysis_31124716_26.out:    Running contrast 1/1301
deg_analysis_31124716_26.out:    Running contrast 6/1301
deg_analysis_31124716_26.out:    Running contrast 11/1301
deg_analysis_31124716_26.out:    Running contrast 16/1301
deg_analysis_31124716_26.out:    Running contrast 21/1301
deg_analysis_31124716_26.out:    Running contrast 26/1301
deg_analysis_31124716_26.out:    Running contrast 31/1301
deg_analysis_31124716_26.out:    Running contrast 36/1301
deg_analysis_31124716_26.out:    Running contrast 41/1301
deg_analysis_31124716_26.out:    Running contrast 46/1301
deg_analysis_31124716_26.out:    Running contrast 51/1301
deg_analysis_31124716_26.out:    Running contrast 56/1301
deg_analysis_31124716_26.out:    Running contrast 61/1301
deg_analysis_31124716_26.out:    Running contrast 66/1301
deg_analysis_31124716_26.out:    Running contrast 71/1301
deg_analysis_31124716_26.out:    Running contrast 76/1301
deg_analysis_31124716_26.out:    Running contrast 81/1301
deg_analysis_31124716_26.out:    Running contrast 86/1301
deg_analysis_31124716_26.out:    Running contrast 91/1301
deg_analysis_31124716_26.out:    Running contrast 96/1301
deg_analysis_31124716_26.out:    Running contrast 101/1301
deg_analysis_31124716_26.out:    Running contrast 106/1301
deg_analysis_31124716_26.out:    Running contrast 111/1301
deg_analysis_31124716_26.out:    Running contrast 116/1301
deg_analysis_31124716_26.out:    Running contrast 121/1301
deg_analysis_31124716_26.out:    Running contrast 126/1301
deg_analysis_31124716_26.out:    Running contrast 131/1301
deg_analysis_31124716_26.out:    Running contrast 136/1301
deg_analysis_31124716_26.out:    Running contrast 141/1301
deg_analysis_31124716_26.out:    Running contrast 146/1301
deg_analysis_31124716_26.out:    Running contrast 151/1301
deg_analysis_31124716_26.out:    Running contrast 156/1301
deg_analysis_31124716_26.out:    Running contrast 161/1301
deg_analysis_31124716_26.out:    Running contrast 166/1301
deg_analysis_31124716_26.out:    Running contrast 171/1301
deg_analysis_31124716_26.out:    Running contrast 176/1301
deg_analysis_31124716_26.out:    Running contrast 181/1301
deg_analysis_31124716_26.out:    Running contrast 186/1301
deg_analysis_31124716_26.out:    Running contrast 191/1301
deg_analysis_31124716_26.out:    Running contrast 196/1301
deg_analysis_31124716_26.out:    Running contrast 201/1301
deg_analysis_31124716_26.out:    Running contrast 206/1301
deg_analysis_31124716_26.out:    Running contrast 211/1301
deg_analysis_31124716_26.out:    Running contrast 216/1301
deg_analysis_31124716_26.out:    Running contrast 221/1301
deg_analysis_31124716_26.out:    Running contrast 226/1301
deg_analysis_31124716_26.out:    Running contrast 231/1301
deg_analysis_31124716_26.out:    Running contrast 236/1301
deg_analysis_31124716_26.out:    Running contrast 241/1301
deg_analysis_31124716_26.out:    Running contrast 246/1301
deg_analysis_31124716_26.out:    Running contrast 251/1301
deg_analysis_31124716_26.out:    Running contrast 256/1301
deg_analysis_31124716_26.out:    Running contrast 261/1301
deg_analysis_31124716_26.out:    Running contrast 266/1301
deg_analysis_31124716_26.out:    Running contrast 271/1301
deg_analysis_31124716_26.out:    Running contrast 276/1301
deg_analysis_31124716_26.out:    Running contrast 281/1301
deg_analysis_31124716_26.out:    Running contrast 286/1301
deg_analysis_31124716_26.out:    Running contrast 291/1301
deg_analysis_31124716_26.out:    Running contrast 296/1301
deg_analysis_31124716_26.out:    Running contrast 301/1301
deg_analysis_31124716_26.out:    Running contrast 306/1301
deg_analysis_31124716_26.out:    Running contrast 311/1301
deg_analysis_31124716_26.out:    Running contrast 316/1301
deg_analysis_31124716_26.out:    Running contrast 321/1301
deg_analysis_31124716_26.out:    Running contrast 326/1301
deg_analysis_31124716_26.out:    Running contrast 331/1301
deg_analysis_31124716_26.out:    Running contrast 336/1301
deg_analysis_31124716_26.out:    Running contrast 341/1301
deg_analysis_31124716_26.out:    Running contrast 346/1301
deg_analysis_31124716_26.out:    Running contrast 351/1301
deg_analysis_31124716_26.out:    Running contrast 356/1301
deg_analysis_31124716_26.out:    Running contrast 361/1301
deg_analysis_31124716_26.out:    Running contrast 366/1301
deg_analysis_31124716_26.out:    Running contrast 371/1301
deg_analysis_31124716_26.out:    Running contrast 376/1301
deg_analysis_31124716_26.out:    Running contrast 381/1301
deg_analysis_31124716_26.out:    Running contrast 386/1301
deg_analysis_31124716_26.out:    Running contrast 391/1301
deg_analysis_31124716_26.out:    Running contrast 396/1301
deg_analysis_31124716_26.out:    Running contrast 401/1301
deg_analysis_31124716_26.out:    Running contrast 406/1301
deg_analysis_31124716_26.out:    Running contrast 411/1301
deg_analysis_31124716_26.out:    Running contrast 416/1301
deg_analysis_31124716_26.out:    Running contrast 421/1301
deg_analysis_31124716_26.out:    Running contrast 426/1301
deg_analysis_31124716_26.out:    Running contrast 431/1301
deg_analysis_31124716_26.out:    Running contrast 436/1301
deg_analysis_31124716_26.out:    Running contrast 441/1301
deg_analysis_31124716_26.out:    Running contrast 446/1301
deg_analysis_31124716_26.out:    Running contrast 451/1301
deg_analysis_31124716_26.out:    Running contrast 456/1301
deg_analysis_31124716_26.out:    Running contrast 461/1301
deg_analysis_31124716_26.out:    Running contrast 466/1301
deg_analysis_31124716_26.out:    Running contrast 471/1301
deg_analysis_31124716_26.out:    Running contrast 476/1301
deg_analysis_31124716_26.out:    Running contrast 481/1301
deg_analysis_31124716_26.out:    Running contrast 486/1301
deg_analysis_31124716_26.out:    Running contrast 491/1301
deg_analysis_31124716_26.out:    Running contrast 496/1301
deg_analysis_31124716_26.out:    Running contrast 501/1301
deg_analysis_31124716_26.out:    Running contrast 506/1301
deg_analysis_31124716_26.out:    Running contrast 511/1301
deg_analysis_31124716_26.out:    Running contrast 516/1301
deg_analysis_31124716_26.out:    Running contrast 521/1301
deg_analysis_31124716_26.out:    Running contrast 526/1301
deg_analysis_31124716_26.out:    Running contrast 531/1301
deg_analysis_31124716_26.out:    Running contrast 536/1301
deg_analysis_31124716_26.out:    Running contrast 541/1301
deg_analysis_31124716_26.out:    Running contrast 546/1301
deg_analysis_31124716_26.out:    Running contrast 551/1301
deg_analysis_31124716_26.out:    Running contrast 556/1301
deg_analysis_31124716_26.out:    Running contrast 561/1301
deg_analysis_31124716_26.out:    Running contrast 566/1301
deg_analysis_31124716_26.out:    Running contrast 571/1301
deg_analysis_31124716_26.out:    Running contrast 576/1301
deg_analysis_31124716_26.out:    Running contrast 581/1301
deg_analysis_31124716_26.out:    Running contrast 586/1301
deg_analysis_31124716_26.out:    Running contrast 591/1301
deg_analysis_31124716_26.out:    Running contrast 596/1301
deg_analysis_31124716_26.out:    Running contrast 601/1301
deg_analysis_31124716_26.out:    Running contrast 606/1301
deg_analysis_31124716_26.out:    Running contrast 611/1301
deg_analysis_31124716_26.out:    Running contrast 616/1301
deg_analysis_31124716_26.out:    Running contrast 621/1301
deg_analysis_31124716_26.out:    Running contrast 626/1301
deg_analysis_31124716_26.out:    Running contrast 631/1301
deg_analysis_31124716_26.out:    Running contrast 636/1301
deg_analysis_31124716_26.out:    Running contrast 641/1301
deg_analysis_31124716_26.out:    Running contrast 646/1301
deg_analysis_31124716_26.out:    Running contrast 651/1301
deg_analysis_31124716_26.out:    Running contrast 656/1301
deg_analysis_31124716_26.out:    Running contrast 661/1301
deg_analysis_31124716_26.out:    Running contrast 666/1301
deg_analysis_31124716_26.out:    Running contrast 671/1301
deg_analysis_31124716_26.out:    Running contrast 676/1301
deg_analysis_31124716_26.out:    Running contrast 681/1301
deg_analysis_31124716_26.out:    Running contrast 686/1301
deg_analysis_31124716_26.out:    Running contrast 691/1301
deg_analysis_31124716_26.out:    Running contrast 696/1301
deg_analysis_31124716_26.out:    Running contrast 701/1301
deg_analysis_31124716_26.out:    Running contrast 706/1301
deg_analysis_31124716_26.out:    Running contrast 711/1301
deg_analysis_31124716_26.out:    Running contrast 716/1301
deg_analysis_31124716_26.out:    Running contrast 721/1301
deg_analysis_31124716_26.out:    Running contrast 726/1301
deg_analysis_31124716_26.out:    Running contrast 731/1301
deg_analysis_31124716_26.out:    Running contrast 736/1301
deg_analysis_31124716_26.out:    Running contrast 741/1301
deg_analysis_31124716_26.out:    Running contrast 746/1301
deg_analysis_31124716_26.out:    Running contrast 751/1301
deg_analysis_31124716_26.out:    Running contrast 756/1301
deg_analysis_31124716_26.out:    Running contrast 761/1301
deg_analysis_31124716_26.out:    Running contrast 766/1301
deg_analysis_31124716_26.out:    Running contrast 771/1301
deg_analysis_31124716_26.out:    Running contrast 776/1301
deg_analysis_31124716_26.out:    Running contrast 781/1301
deg_analysis_31124716_26.out:    Running contrast 786/1301
deg_analysis_31124716_26.out:    Running contrast 791/1301
deg_analysis_31124716_26.out:    Running contrast 796/1301
deg_analysis_31124716_26.out:    Running contrast 801/1301
deg_analysis_31124716_26.out:    Running contrast 806/1301
deg_analysis_31124716_26.out:    Running contrast 811/1301
deg_analysis_31124716_26.out:    Running contrast 816/1301
deg_analysis_31124716_26.out:    Running contrast 821/1301
deg_analysis_31124716_26.out:    Running contrast 826/1301
deg_analysis_31124716_26.out:    Running contrast 831/1301
deg_analysis_31124716_26.out:    Running contrast 836/1301
deg_analysis_31124716_26.out:    Running contrast 841/1301
deg_analysis_31124716_26.out:    Running contrast 846/1301
deg_analysis_31124716_26.out:    Running contrast 851/1301
deg_analysis_31124716_26.out:    Running contrast 856/1301
deg_analysis_31124716_26.out:    Running contrast 861/1301
deg_analysis_31124716_26.out:    Running contrast 866/1301
deg_analysis_31124716_26.out:    Running contrast 871/1301
deg_analysis_31124716_26.out:    Running contrast 876/1301
deg_analysis_31124716_26.out:    Running contrast 881/1301
deg_analysis_31124716_26.out:    Running contrast 886/1301
deg_analysis_31124716_26.out:    Running contrast 891/1301
deg_analysis_31124716_26.out:    Running contrast 896/1301
deg_analysis_31124716_26.out:    Running contrast 901/1301
deg_analysis_31124716_26.out:    Running contrast 906/1301
deg_analysis_31124716_26.out:    Running contrast 911/1301
deg_analysis_31124716_26.out:    Running contrast 916/1301
deg_analysis_31124716_26.out:    Running contrast 921/1301
deg_analysis_31124716_26.out:    Running contrast 926/1301
deg_analysis_31124716_26.out:    Running contrast 931/1301
deg_analysis_31124716_26.out:    Running contrast 936/1301
deg_analysis_31124716_26.out:    Running contrast 941/1301
deg_analysis_31124716_26.out:    Running contrast 946/1301
deg_analysis_31124716_26.out:    Running contrast 951/1301
deg_analysis_31124716_26.out:    Running contrast 956/1301
deg_analysis_31124716_26.out:    Running contrast 961/1301
deg_analysis_31124716_26.out:    Running contrast 966/1301
deg_analysis_31124716_26.out:    Running contrast 971/1301
deg_analysis_31124716_26.out:    Running contrast 976/1301
deg_analysis_31124716_26.out:    Running contrast 981/1301
deg_analysis_31124716_26.out:    Running contrast 986/1301
deg_analysis_31124716_26.out:    Running contrast 991/1301
deg_analysis_31124716_26.out:    Running contrast 996/1301
deg_analysis_31124716_26.out:    Running contrast 1001/1301
deg_analysis_31124716_26.out:    Running contrast 1006/1301
deg_analysis_31124716_26.out:    Running contrast 1011/1301
deg_analysis_31124716_26.out:    Running contrast 1016/1301
deg_analysis_31124716_26.out:    Running contrast 1021/1301
deg_analysis_31124716_26.out:    Running contrast 1026/1301
deg_analysis_31124716_26.out:    Running contrast 1031/1301
deg_analysis_31124716_26.out:    Running contrast 1036/1301
deg_analysis_31124716_26.out:    Running contrast 1041/1301
deg_analysis_31124716_26.out:    Running contrast 1046/1301
deg_analysis_31124716_26.out:    Running contrast 1051/1301
deg_analysis_31124716_26.out:    Running contrast 1056/1301
deg_analysis_31124716_26.out:    Running contrast 1061/1301
deg_analysis_31124716_26.out:    Running contrast 1066/1301
deg_analysis_31124716_26.out:    Running contrast 1071/1301
deg_analysis_31124716_26.out:    Running contrast 1076/1301
deg_analysis_31124716_26.out:    Running contrast 1081/1301
deg_analysis_31124716_26.out:    Running contrast 1086/1301
deg_analysis_31124716_26.out:    Running contrast 1091/1301
deg_analysis_31124716_26.out:    Running contrast 1096/1301
deg_analysis_31124716_26.out:    Running contrast 1101/1301
deg_analysis_31124716_26.out:    Running contrast 1106/1301
deg_analysis_31124716_26.out:    Running contrast 1111/1301
deg_analysis_31124716_26.out:    Running contrast 1116/1301
deg_analysis_31124716_26.out:    Running contrast 1121/1301
deg_analysis_31124716_26.out:    Running contrast 1126/1301
deg_analysis_31124716_26.out:    Running contrast 1131/1301
deg_analysis_31124716_26.out:    Running contrast 1136/1301
deg_analysis_31124716_26.out:    Running contrast 1141/1301
deg_analysis_31124716_26.out:    Running contrast 1146/1301
deg_analysis_31124716_26.out:    Running contrast 1151/1301
deg_analysis_31124716_26.out:    Running contrast 1156/1301
deg_analysis_31124716_26.out:    Running contrast 1161/1301
deg_analysis_31124716_26.out:    Running contrast 1166/1301
deg_analysis_31124716_26.out:    Running contrast 1171/1301
deg_analysis_31124716_26.out:    Running contrast 1176/1301
deg_analysis_31124716_26.out:    Running contrast 1181/1301
deg_analysis_31124716_26.out:    Running contrast 1186/1301
deg_analysis_31124716_26.out:    Running contrast 1191/1301
deg_analysis_31124716_26.out:    Running contrast 1196/1301
deg_analysis_31124716_26.out:    Running contrast 1201/1301
deg_analysis_31124716_26.out:    Running contrast 1206/1301
deg_analysis_31124716_26.out:    Running contrast 1211/1301
deg_analysis_31124716_26.out:    Running contrast 1216/1301
deg_analysis_31124716_26.out:    Running contrast 1221/1301
deg_analysis_31124716_26.out:    Running contrast 1226/1301
deg_analysis_31124716_26.out:    Running contrast 1231/1301
deg_analysis_31124716_26.out:    Running contrast 1236/1301
deg_analysis_31124716_26.out:    Running contrast 1241/1301
deg_analysis_31124716_26.out:    Running contrast 1246/1301
deg_analysis_31124716_26.out:    Running contrast 1251/1301
deg_analysis_31124716_26.out:    Running contrast 1256/1301
deg_analysis_31124716_26.out:    Running contrast 1261/1301
deg_analysis_31124716_26.out:    Running contrast 1266/1301
deg_analysis_31124716_26.out:    Running contrast 1271/1301
deg_analysis_31124716_26.out:    Running contrast 1276/1301
deg_analysis_31124716_26.out:    Running contrast 1281/1301
deg_analysis_31124716_26.out:    Running contrast 1286/1301
deg_analysis_31124716_26.out:    Running contrast 1291/1301
deg_analysis_31124716_26.out:    Running contrast 1296/1301
deg_analysis_31124716_26.out:    Running contrast 1301/1301
deg_analysis_31124716_26.out:
deg_analysis_31124716_26.out:    Writing:  ./data/tahoe/deg_data/sep_rep/full/qc_false/filter_min_cells_50/CVCL_1097_de.h5ad 
deg_analysis_31124716_26.out:
deg_analysis_31124716_26.out:    Rewriting h5ad file: ./data/tahoe/deg_data/sep_rep/full/qc_false/filter_min_cells_50/CVCL_1097_de.h5ad 
deg_analysis_31124716_26.out:    Removed X matrix
deg_analysis_31124716_26.out:    Rewriting h5ad file is done!
deg_analysis_31124716_26.out:✓ Cell line completed in 11119.8 seconds
deg_analysis_31124716_26.out:
deg_analysis_31124716_26.out:DE analysis completed!
deg_analysis_31124716_26.out:
deg_analysis_31124716_26.out:Total runtime: 11132.9 seconds
deg_analysis_31124716_27.out:
deg_analysis_31124716_27.out:DE analysis started...
deg_analysis_31124716_27.out:Loaded input file:  ./data/tahoe/pseudobulk_processed/sep_rep/by_celltype/CVCL_1098_processed.h5ad 
deg_analysis_31124716_27.out:Initial dimensions:  1342  samples ×  62710  genes
deg_analysis_31124716_27.out:Filter samples with the low number of cells
deg_analysis_31124716_27.out:    Filter threshold (min_cells):  50 
deg_analysis_31124716_27.out:    n_obs:  1342 -->  1329 
deg_analysis_31124716_27.out:
deg_analysis_31124716_27.out:▶︎ Processing cell_type  1 / 1 :  CVCL_1098 
deg_analysis_31124716_27.out:    Filter controls by  pert_time_h  column
deg_analysis_31124716_27.out:        n_obs:  1329 -->  1329 
deg_analysis_31124716_27.out:
deg_analysis_31124716_27.out:    Running contrast 1/1301
deg_analysis_31124716_27.out:    Running contrast 6/1301
deg_analysis_31124716_27.out:    Running contrast 11/1301
deg_analysis_31124716_27.out:    Running contrast 16/1301
deg_analysis_31124716_27.out:    Running contrast 21/1301
deg_analysis_31124716_27.out:    Running contrast 26/1301
deg_analysis_31124716_27.out:    Running contrast 31/1301
deg_analysis_31124716_27.out:    Running contrast 36/1301
deg_analysis_31124716_27.out:    Running contrast 41/1301
deg_analysis_31124716_27.out:    Running contrast 46/1301
deg_analysis_31124716_27.out:    Running contrast 51/1301
deg_analysis_31124716_27.out:    Running contrast 56/1301
deg_analysis_31124716_27.out:    Running contrast 61/1301
deg_analysis_31124716_27.out:    Running contrast 66/1301
deg_analysis_31124716_27.out:    Running contrast 71/1301
deg_analysis_31124716_27.out:    Running contrast 76/1301
deg_analysis_31124716_27.out:    Running contrast 81/1301
deg_analysis_31124716_27.out:    Running contrast 86/1301
deg_analysis_31124716_27.out:    Running contrast 91/1301
deg_analysis_31124716_27.out:    Running contrast 96/1301
deg_analysis_31124716_27.out:    Running contrast 101/1301
deg_analysis_31124716_27.out:    Running contrast 106/1301
deg_analysis_31124716_27.out:    Running contrast 111/1301
deg_analysis_31124716_27.out:    Running contrast 116/1301
deg_analysis_31124716_27.out:    Running contrast 121/1301
deg_analysis_31124716_27.out:    Running contrast 126/1301
deg_analysis_31124716_27.out:    Running contrast 131/1301
deg_analysis_31124716_27.out:    Running contrast 136/1301
deg_analysis_31124716_27.out:    Running contrast 141/1301
deg_analysis_31124716_27.out:    Running contrast 146/1301
deg_analysis_31124716_27.out:    Running contrast 151/1301
deg_analysis_31124716_27.out:    Running contrast 156/1301
deg_analysis_31124716_27.out:    Running contrast 161/1301
deg_analysis_31124716_27.out:    Running contrast 166/1301
deg_analysis_31124716_27.out:    Running contrast 171/1301
deg_analysis_31124716_27.out:    Running contrast 176/1301
deg_analysis_31124716_27.out:    Running contrast 181/1301
deg_analysis_31124716_27.out:    Running contrast 186/1301
deg_analysis_31124716_27.out:    Running contrast 191/1301
deg_analysis_31124716_27.out:    Running contrast 196/1301
deg_analysis_31124716_27.out:    Running contrast 201/1301
deg_analysis_31124716_27.out:    Running contrast 206/1301
deg_analysis_31124716_27.out:    Running contrast 211/1301
deg_analysis_31124716_27.out:    Running contrast 216/1301
deg_analysis_31124716_27.out:    Running contrast 221/1301
deg_analysis_31124716_27.out:    Running contrast 226/1301
deg_analysis_31124716_27.out:    Running contrast 231/1301
deg_analysis_31124716_27.out:    Running contrast 236/1301
deg_analysis_31124716_27.out:    Running contrast 241/1301
deg_analysis_31124716_27.out:    Running contrast 246/1301
deg_analysis_31124716_27.out:    Running contrast 251/1301
deg_analysis_31124716_27.out:    Running contrast 256/1301
deg_analysis_31124716_27.out:    Running contrast 261/1301
deg_analysis_31124716_27.out:    Running contrast 266/1301
deg_analysis_31124716_27.out:    Running contrast 271/1301
deg_analysis_31124716_27.out:    Running contrast 276/1301
deg_analysis_31124716_27.out:    Running contrast 281/1301
deg_analysis_31124716_27.out:    Running contrast 286/1301
deg_analysis_31124716_27.out:    Running contrast 291/1301
deg_analysis_31124716_27.out:    Running contrast 296/1301
deg_analysis_31124716_27.out:    Running contrast 301/1301
deg_analysis_31124716_27.out:    Running contrast 306/1301
deg_analysis_31124716_27.out:    Running contrast 311/1301
deg_analysis_31124716_27.out:    Running contrast 316/1301
deg_analysis_31124716_27.out:    Running contrast 321/1301
deg_analysis_31124716_27.out:    Running contrast 326/1301
deg_analysis_31124716_27.out:    Running contrast 331/1301
deg_analysis_31124716_27.out:    Running contrast 336/1301
deg_analysis_31124716_27.out:    Running contrast 341/1301
deg_analysis_31124716_27.out:    Running contrast 346/1301
deg_analysis_31124716_27.out:    Running contrast 351/1301
deg_analysis_31124716_27.out:    Running contrast 356/1301
deg_analysis_31124716_27.out:    Running contrast 361/1301
deg_analysis_31124716_27.out:    Running contrast 366/1301
deg_analysis_31124716_27.out:    Running contrast 371/1301
deg_analysis_31124716_27.out:    Running contrast 376/1301
deg_analysis_31124716_27.out:    Running contrast 381/1301
deg_analysis_31124716_27.out:    Running contrast 386/1301
deg_analysis_31124716_27.out:    Running contrast 391/1301
deg_analysis_31124716_27.out:    Running contrast 396/1301
deg_analysis_31124716_27.out:    Running contrast 401/1301
deg_analysis_31124716_27.out:    Running contrast 406/1301
deg_analysis_31124716_27.out:    Running contrast 411/1301
deg_analysis_31124716_27.out:    Running contrast 416/1301
deg_analysis_31124716_27.out:    Running contrast 421/1301
deg_analysis_31124716_27.out:    Running contrast 426/1301
deg_analysis_31124716_27.out:    Running contrast 431/1301
deg_analysis_31124716_27.out:    Running contrast 436/1301
deg_analysis_31124716_27.out:    Running contrast 441/1301
deg_analysis_31124716_27.out:    Running contrast 446/1301
deg_analysis_31124716_27.out:    Running contrast 451/1301
deg_analysis_31124716_27.out:    Running contrast 456/1301
deg_analysis_31124716_27.out:    Running contrast 461/1301
deg_analysis_31124716_27.out:    Running contrast 466/1301
deg_analysis_31124716_27.out:    Running contrast 471/1301
deg_analysis_31124716_27.out:    Running contrast 476/1301
deg_analysis_31124716_27.out:    Running contrast 481/1301
deg_analysis_31124716_27.out:    Running contrast 486/1301
deg_analysis_31124716_27.out:    Running contrast 491/1301
deg_analysis_31124716_27.out:    Running contrast 496/1301
deg_analysis_31124716_27.out:    Running contrast 501/1301
deg_analysis_31124716_27.out:    Running contrast 506/1301
deg_analysis_31124716_27.out:    Running contrast 511/1301
deg_analysis_31124716_27.out:    Running contrast 516/1301
deg_analysis_31124716_27.out:    Running contrast 521/1301
deg_analysis_31124716_27.out:    Running contrast 526/1301
deg_analysis_31124716_27.out:    Running contrast 531/1301
deg_analysis_31124716_27.out:    Running contrast 536/1301
deg_analysis_31124716_27.out:    Running contrast 541/1301
deg_analysis_31124716_27.out:    Running contrast 546/1301
deg_analysis_31124716_27.out:    Running contrast 551/1301
deg_analysis_31124716_27.out:    Running contrast 556/1301
deg_analysis_31124716_27.out:    Running contrast 561/1301
deg_analysis_31124716_27.out:    Running contrast 566/1301
deg_analysis_31124716_27.out:    Running contrast 571/1301
deg_analysis_31124716_27.out:    Running contrast 576/1301
deg_analysis_31124716_27.out:    Running contrast 581/1301
deg_analysis_31124716_27.out:    Running contrast 586/1301
deg_analysis_31124716_27.out:    Running contrast 591/1301
deg_analysis_31124716_27.out:    Running contrast 596/1301
deg_analysis_31124716_27.out:    Running contrast 601/1301
deg_analysis_31124716_27.out:    Running contrast 606/1301
deg_analysis_31124716_27.out:    Running contrast 611/1301
deg_analysis_31124716_27.out:    Running contrast 616/1301
deg_analysis_31124716_27.out:    Running contrast 621/1301
deg_analysis_31124716_27.out:    Running contrast 626/1301
deg_analysis_31124716_27.out:    Running contrast 631/1301
deg_analysis_31124716_27.out:    Running contrast 636/1301
deg_analysis_31124716_27.out:    Running contrast 641/1301
deg_analysis_31124716_27.out:    Running contrast 646/1301
deg_analysis_31124716_27.out:    Running contrast 651/1301
deg_analysis_31124716_27.out:    Running contrast 656/1301
deg_analysis_31124716_27.out:    Running contrast 661/1301
deg_analysis_31124716_27.out:    Running contrast 666/1301
deg_analysis_31124716_27.out:    Running contrast 671/1301
deg_analysis_31124716_27.out:    Running contrast 676/1301
deg_analysis_31124716_27.out:    Running contrast 681/1301
deg_analysis_31124716_27.out:    Running contrast 686/1301
deg_analysis_31124716_27.out:    Running contrast 691/1301
deg_analysis_31124716_27.out:    Running contrast 696/1301
deg_analysis_31124716_27.out:    Running contrast 701/1301
deg_analysis_31124716_27.out:    Running contrast 706/1301
deg_analysis_31124716_27.out:    Running contrast 711/1301
deg_analysis_31124716_27.out:    Running contrast 716/1301
deg_analysis_31124716_27.out:    Running contrast 721/1301
deg_analysis_31124716_27.out:    Running contrast 726/1301
deg_analysis_31124716_27.out:    Running contrast 731/1301
deg_analysis_31124716_27.out:    Running contrast 736/1301
deg_analysis_31124716_27.out:    Running contrast 741/1301
deg_analysis_31124716_27.out:    Running contrast 746/1301
deg_analysis_31124716_27.out:    Running contrast 751/1301
deg_analysis_31124716_27.out:    Running contrast 756/1301
deg_analysis_31124716_27.out:    Running contrast 761/1301
deg_analysis_31124716_27.out:    Running contrast 766/1301
deg_analysis_31124716_27.out:    Running contrast 771/1301
deg_analysis_31124716_27.out:    Running contrast 776/1301
deg_analysis_31124716_27.out:    Running contrast 781/1301
deg_analysis_31124716_27.out:    Running contrast 786/1301
deg_analysis_31124716_27.out:    Running contrast 791/1301
deg_analysis_31124716_27.out:    Running contrast 796/1301
deg_analysis_31124716_27.out:    Running contrast 801/1301
deg_analysis_31124716_27.out:    Running contrast 806/1301
deg_analysis_31124716_27.out:    Running contrast 811/1301
deg_analysis_31124716_27.out:    Running contrast 816/1301
deg_analysis_31124716_27.out:    Running contrast 821/1301
deg_analysis_31124716_27.out:    Running contrast 826/1301
deg_analysis_31124716_27.out:    Running contrast 831/1301
deg_analysis_31124716_27.out:    Running contrast 836/1301
deg_analysis_31124716_27.out:    Running contrast 841/1301
deg_analysis_31124716_27.out:    Running contrast 846/1301
deg_analysis_31124716_27.out:    Running contrast 851/1301
deg_analysis_31124716_27.out:    Running contrast 856/1301
deg_analysis_31124716_27.out:    Running contrast 861/1301
deg_analysis_31124716_27.out:    Running contrast 866/1301
deg_analysis_31124716_27.out:    Running contrast 871/1301
deg_analysis_31124716_27.out:    Running contrast 876/1301
deg_analysis_31124716_27.out:    Running contrast 881/1301
deg_analysis_31124716_27.out:    Running contrast 886/1301
deg_analysis_31124716_27.out:    Running contrast 891/1301
deg_analysis_31124716_27.out:    Running contrast 896/1301
deg_analysis_31124716_27.out:    Running contrast 901/1301
deg_analysis_31124716_27.out:    Running contrast 906/1301
deg_analysis_31124716_27.out:    Running contrast 911/1301
deg_analysis_31124716_27.out:    Running contrast 916/1301
deg_analysis_31124716_27.out:    Running contrast 921/1301
deg_analysis_31124716_27.out:    Running contrast 926/1301
deg_analysis_31124716_27.out:    Running contrast 931/1301
deg_analysis_31124716_27.out:    Running contrast 936/1301
deg_analysis_31124716_27.out:    Running contrast 941/1301
deg_analysis_31124716_27.out:    Running contrast 946/1301
deg_analysis_31124716_27.out:    Running contrast 951/1301
deg_analysis_31124716_27.out:    Running contrast 956/1301
deg_analysis_31124716_27.out:    Running contrast 961/1301
deg_analysis_31124716_27.out:    Running contrast 966/1301
deg_analysis_31124716_27.out:    Running contrast 971/1301
deg_analysis_31124716_27.out:    Running contrast 976/1301
deg_analysis_31124716_27.out:    Running contrast 981/1301
deg_analysis_31124716_27.out:    Running contrast 986/1301
deg_analysis_31124716_27.out:    Running contrast 991/1301
deg_analysis_31124716_27.out:    Running contrast 996/1301
deg_analysis_31124716_27.out:    Running contrast 1001/1301
deg_analysis_31124716_27.out:    Running contrast 1006/1301
deg_analysis_31124716_27.out:    Running contrast 1011/1301
deg_analysis_31124716_27.out:    Running contrast 1016/1301
deg_analysis_31124716_27.out:    Running contrast 1021/1301
deg_analysis_31124716_27.out:    Running contrast 1026/1301
deg_analysis_31124716_27.out:    Running contrast 1031/1301
deg_analysis_31124716_27.out:    Running contrast 1036/1301
deg_analysis_31124716_27.out:    Running contrast 1041/1301
deg_analysis_31124716_27.out:    Running contrast 1046/1301
deg_analysis_31124716_27.out:    Running contrast 1051/1301
deg_analysis_31124716_27.out:    Running contrast 1056/1301
deg_analysis_31124716_27.out:    Running contrast 1061/1301
deg_analysis_31124716_27.out:    Running contrast 1066/1301
deg_analysis_31124716_27.out:    Running contrast 1071/1301
deg_analysis_31124716_27.out:    Running contrast 1076/1301
deg_analysis_31124716_27.out:    Running contrast 1081/1301
deg_analysis_31124716_27.out:    Running contrast 1086/1301
deg_analysis_31124716_27.out:    Running contrast 1091/1301
deg_analysis_31124716_27.out:    Running contrast 1096/1301
deg_analysis_31124716_27.out:    Running contrast 1101/1301
deg_analysis_31124716_27.out:    Running contrast 1106/1301
deg_analysis_31124716_27.out:    Running contrast 1111/1301
deg_analysis_31124716_27.out:    Running contrast 1116/1301
deg_analysis_31124716_27.out:    Running contrast 1121/1301
deg_analysis_31124716_27.out:    Running contrast 1126/1301
deg_analysis_31124716_27.out:    Running contrast 1131/1301
deg_analysis_31124716_27.out:    Running contrast 1136/1301
deg_analysis_31124716_27.out:    Running contrast 1141/1301
deg_analysis_31124716_27.out:    Running contrast 1146/1301
deg_analysis_31124716_27.out:    Running contrast 1151/1301
deg_analysis_31124716_27.out:    Running contrast 1156/1301
deg_analysis_31124716_27.out:    Running contrast 1161/1301
deg_analysis_31124716_27.out:    Running contrast 1166/1301
deg_analysis_31124716_27.out:    Running contrast 1171/1301
deg_analysis_31124716_27.out:    Running contrast 1176/1301
deg_analysis_31124716_27.out:    Running contrast 1181/1301
deg_analysis_31124716_27.out:    Running contrast 1186/1301
deg_analysis_31124716_27.out:    Running contrast 1191/1301
deg_analysis_31124716_27.out:    Running contrast 1196/1301
deg_analysis_31124716_27.out:    Running contrast 1201/1301
deg_analysis_31124716_27.out:    Running contrast 1206/1301
deg_analysis_31124716_27.out:    Running contrast 1211/1301
deg_analysis_31124716_27.out:    Running contrast 1216/1301
deg_analysis_31124716_27.out:    Running contrast 1221/1301
deg_analysis_31124716_27.out:    Running contrast 1226/1301
deg_analysis_31124716_27.out:    Running contrast 1231/1301
deg_analysis_31124716_27.out:    Running contrast 1236/1301
deg_analysis_31124716_27.out:    Running contrast 1241/1301
deg_analysis_31124716_27.out:    Running contrast 1246/1301
deg_analysis_31124716_27.out:    Running contrast 1251/1301
deg_analysis_31124716_27.out:    Running contrast 1256/1301
deg_analysis_31124716_27.out:    Running contrast 1261/1301
deg_analysis_31124716_27.out:    Running contrast 1266/1301
deg_analysis_31124716_27.out:    Running contrast 1271/1301
deg_analysis_31124716_27.out:    Running contrast 1276/1301
deg_analysis_31124716_27.out:    Running contrast 1281/1301
deg_analysis_31124716_27.out:    Running contrast 1286/1301
deg_analysis_31124716_27.out:    Running contrast 1291/1301
deg_analysis_31124716_27.out:    Running contrast 1296/1301
deg_analysis_31124716_27.out:    Running contrast 1301/1301
deg_analysis_31124716_27.out:
deg_analysis_31124716_27.out:    Writing:  ./data/tahoe/deg_data/sep_rep/full/qc_false/filter_min_cells_50/CVCL_1098_de.h5ad 
deg_analysis_31124716_27.out:
deg_analysis_31124716_27.out:    Rewriting h5ad file: ./data/tahoe/deg_data/sep_rep/full/qc_false/filter_min_cells_50/CVCL_1098_de.h5ad 
deg_analysis_31124716_27.out:    Removed X matrix
deg_analysis_31124716_27.out:    Rewriting h5ad file is done!
deg_analysis_31124716_27.out:✓ Cell line completed in 9766.5 seconds
deg_analysis_31124716_27.out:
deg_analysis_31124716_27.out:DE analysis completed!
deg_analysis_31124716_27.out:
deg_analysis_31124716_27.out:Total runtime: 9779.8 seconds
deg_analysis_31124716_28.out:
deg_analysis_31124716_28.out:DE analysis started...
deg_analysis_31124716_28.out:Loaded input file:  ./data/tahoe/pseudobulk_processed/sep_rep/by_celltype/CVCL_1119_processed.h5ad 
deg_analysis_31124716_28.out:Initial dimensions:  1341  samples ×  62710  genes
deg_analysis_31124716_28.out:Filter samples with the low number of cells
deg_analysis_31124716_28.out:    Filter threshold (min_cells):  50 
deg_analysis_31124716_28.out:    n_obs:  1341 -->  1329 
deg_analysis_31124716_28.out:
deg_analysis_31124716_28.out:▶︎ Processing cell_type  1 / 1 :  CVCL_1119 
deg_analysis_31124716_28.out:    Filter controls by  pert_time_h  column
deg_analysis_31124716_28.out:        n_obs:  1329 -->  1329 
deg_analysis_31124716_28.out:
deg_analysis_31124716_28.out:    Running contrast 1/1301
deg_analysis_31124716_28.out:    Running contrast 6/1301
deg_analysis_31124716_28.out:    Running contrast 11/1301
deg_analysis_31124716_28.out:    Running contrast 16/1301
deg_analysis_31124716_28.out:    Running contrast 21/1301
deg_analysis_31124716_28.out:    Running contrast 26/1301
deg_analysis_31124716_28.out:    Running contrast 31/1301
deg_analysis_31124716_28.out:    Running contrast 36/1301
deg_analysis_31124716_28.out:    Running contrast 41/1301
deg_analysis_31124716_28.out:    Running contrast 46/1301
deg_analysis_31124716_28.out:    Running contrast 51/1301
deg_analysis_31124716_28.out:    Running contrast 56/1301
deg_analysis_31124716_28.out:    Running contrast 61/1301
deg_analysis_31124716_28.out:    Running contrast 66/1301
deg_analysis_31124716_28.out:    Running contrast 71/1301
deg_analysis_31124716_28.out:    Running contrast 76/1301
deg_analysis_31124716_28.out:    Running contrast 81/1301
deg_analysis_31124716_28.out:    Running contrast 86/1301
deg_analysis_31124716_28.out:    Running contrast 91/1301
deg_analysis_31124716_28.out:    Running contrast 96/1301
deg_analysis_31124716_28.out:    Running contrast 101/1301
deg_analysis_31124716_28.out:    Running contrast 106/1301
deg_analysis_31124716_28.out:    Running contrast 111/1301
deg_analysis_31124716_28.out:    Running contrast 116/1301
deg_analysis_31124716_28.out:    Running contrast 121/1301
deg_analysis_31124716_28.out:    Running contrast 126/1301
deg_analysis_31124716_28.out:    Running contrast 131/1301
deg_analysis_31124716_28.out:    Running contrast 136/1301
deg_analysis_31124716_28.out:    Running contrast 141/1301
deg_analysis_31124716_28.out:    Running contrast 146/1301
deg_analysis_31124716_28.out:    Running contrast 151/1301
deg_analysis_31124716_28.out:    Running contrast 156/1301
deg_analysis_31124716_28.out:    Running contrast 161/1301
deg_analysis_31124716_28.out:    Running contrast 166/1301
deg_analysis_31124716_28.out:    Running contrast 171/1301
deg_analysis_31124716_28.out:    Running contrast 176/1301
deg_analysis_31124716_28.out:    Running contrast 181/1301
deg_analysis_31124716_28.out:    Running contrast 186/1301
deg_analysis_31124716_28.out:    Running contrast 191/1301
deg_analysis_31124716_28.out:    Running contrast 196/1301
deg_analysis_31124716_28.out:    Running contrast 201/1301
deg_analysis_31124716_28.out:    Running contrast 206/1301
deg_analysis_31124716_28.out:    Running contrast 211/1301
deg_analysis_31124716_28.out:    Running contrast 216/1301
deg_analysis_31124716_28.out:    Running contrast 221/1301
deg_analysis_31124716_28.out:    Running contrast 226/1301
deg_analysis_31124716_28.out:    Running contrast 231/1301
deg_analysis_31124716_28.out:    Running contrast 236/1301
deg_analysis_31124716_28.out:    Running contrast 241/1301
deg_analysis_31124716_28.out:    Running contrast 246/1301
deg_analysis_31124716_28.out:    Running contrast 251/1301
deg_analysis_31124716_28.out:    Running contrast 256/1301
deg_analysis_31124716_28.out:    Running contrast 261/1301
deg_analysis_31124716_28.out:    Running contrast 266/1301
deg_analysis_31124716_28.out:    Running contrast 271/1301
deg_analysis_31124716_28.out:    Running contrast 276/1301
deg_analysis_31124716_28.out:    Running contrast 281/1301
deg_analysis_31124716_28.out:    Running contrast 286/1301
deg_analysis_31124716_28.out:    Running contrast 291/1301
deg_analysis_31124716_28.out:    Running contrast 296/1301
deg_analysis_31124716_28.out:    Running contrast 301/1301
deg_analysis_31124716_28.out:    Running contrast 306/1301
deg_analysis_31124716_28.out:    Running contrast 311/1301
deg_analysis_31124716_28.out:    Running contrast 316/1301
deg_analysis_31124716_28.out:    Running contrast 321/1301
deg_analysis_31124716_28.out:    Running contrast 326/1301
deg_analysis_31124716_28.out:    Running contrast 331/1301
deg_analysis_31124716_28.out:    Running contrast 336/1301
deg_analysis_31124716_28.out:    Running contrast 341/1301
deg_analysis_31124716_28.out:    Running contrast 346/1301
deg_analysis_31124716_28.out:    Running contrast 351/1301
deg_analysis_31124716_28.out:    Running contrast 356/1301
deg_analysis_31124716_28.out:    Running contrast 361/1301
deg_analysis_31124716_28.out:    Running contrast 366/1301
deg_analysis_31124716_28.out:    Running contrast 371/1301
deg_analysis_31124716_28.out:    Running contrast 376/1301
deg_analysis_31124716_28.out:    Running contrast 381/1301
deg_analysis_31124716_28.out:    Running contrast 386/1301
deg_analysis_31124716_28.out:    Running contrast 391/1301
deg_analysis_31124716_28.out:    Running contrast 396/1301
deg_analysis_31124716_28.out:    Running contrast 401/1301
deg_analysis_31124716_28.out:    Running contrast 406/1301
deg_analysis_31124716_28.out:    Running contrast 411/1301
deg_analysis_31124716_28.out:    Running contrast 416/1301
deg_analysis_31124716_28.out:    Running contrast 421/1301
deg_analysis_31124716_28.out:    Running contrast 426/1301
deg_analysis_31124716_28.out:    Running contrast 431/1301
deg_analysis_31124716_28.out:    Running contrast 436/1301
deg_analysis_31124716_28.out:    Running contrast 441/1301
deg_analysis_31124716_28.out:    Running contrast 446/1301
deg_analysis_31124716_28.out:    Running contrast 451/1301
deg_analysis_31124716_28.out:    Running contrast 456/1301
deg_analysis_31124716_28.out:    Running contrast 461/1301
deg_analysis_31124716_28.out:    Running contrast 466/1301
deg_analysis_31124716_28.out:    Running contrast 471/1301
deg_analysis_31124716_28.out:    Running contrast 476/1301
deg_analysis_31124716_28.out:    Running contrast 481/1301
deg_analysis_31124716_28.out:    Running contrast 486/1301
deg_analysis_31124716_28.out:    Running contrast 491/1301
deg_analysis_31124716_28.out:    Running contrast 496/1301
deg_analysis_31124716_28.out:    Running contrast 501/1301
deg_analysis_31124716_28.out:    Running contrast 506/1301
deg_analysis_31124716_28.out:    Running contrast 511/1301
deg_analysis_31124716_28.out:    Running contrast 516/1301
deg_analysis_31124716_28.out:    Running contrast 521/1301
deg_analysis_31124716_28.out:    Running contrast 526/1301
deg_analysis_31124716_28.out:    Running contrast 531/1301
deg_analysis_31124716_28.out:    Running contrast 536/1301
deg_analysis_31124716_28.out:    Running contrast 541/1301
deg_analysis_31124716_28.out:    Running contrast 546/1301
deg_analysis_31124716_28.out:    Running contrast 551/1301
deg_analysis_31124716_28.out:    Running contrast 556/1301
deg_analysis_31124716_28.out:    Running contrast 561/1301
deg_analysis_31124716_28.out:    Running contrast 566/1301
deg_analysis_31124716_28.out:    Running contrast 571/1301
deg_analysis_31124716_28.out:    Running contrast 576/1301
deg_analysis_31124716_28.out:    Running contrast 581/1301
deg_analysis_31124716_28.out:    Running contrast 586/1301
deg_analysis_31124716_28.out:    Running contrast 591/1301
deg_analysis_31124716_28.out:    Running contrast 596/1301
deg_analysis_31124716_28.out:    Running contrast 601/1301
deg_analysis_31124716_28.out:    Running contrast 606/1301
deg_analysis_31124716_28.out:    Running contrast 611/1301
deg_analysis_31124716_28.out:    Running contrast 616/1301
deg_analysis_31124716_28.out:    Running contrast 621/1301
deg_analysis_31124716_28.out:    Running contrast 626/1301
deg_analysis_31124716_28.out:    Running contrast 631/1301
deg_analysis_31124716_28.out:    Running contrast 636/1301
deg_analysis_31124716_28.out:    Running contrast 641/1301
deg_analysis_31124716_28.out:    Running contrast 646/1301
deg_analysis_31124716_28.out:    Running contrast 651/1301
deg_analysis_31124716_28.out:    Running contrast 656/1301
deg_analysis_31124716_28.out:    Running contrast 661/1301
deg_analysis_31124716_28.out:    Running contrast 666/1301
deg_analysis_31124716_28.out:    Running contrast 671/1301
deg_analysis_31124716_28.out:    Running contrast 676/1301
deg_analysis_31124716_28.out:    Running contrast 681/1301
deg_analysis_31124716_28.out:    Running contrast 686/1301
deg_analysis_31124716_28.out:    Running contrast 691/1301
deg_analysis_31124716_28.out:    Running contrast 696/1301
deg_analysis_31124716_28.out:    Running contrast 701/1301
deg_analysis_31124716_28.out:    Running contrast 706/1301
deg_analysis_31124716_28.out:    Running contrast 711/1301
deg_analysis_31124716_28.out:    Running contrast 716/1301
deg_analysis_31124716_28.out:    Running contrast 721/1301
deg_analysis_31124716_28.out:    Running contrast 726/1301
deg_analysis_31124716_28.out:    Running contrast 731/1301
deg_analysis_31124716_28.out:    Running contrast 736/1301
deg_analysis_31124716_28.out:    Running contrast 741/1301
deg_analysis_31124716_28.out:    Running contrast 746/1301
deg_analysis_31124716_28.out:    Running contrast 751/1301
deg_analysis_31124716_28.out:    Running contrast 756/1301
deg_analysis_31124716_28.out:    Running contrast 761/1301
deg_analysis_31124716_28.out:    Running contrast 766/1301
deg_analysis_31124716_28.out:    Running contrast 771/1301
deg_analysis_31124716_28.out:    Running contrast 776/1301
deg_analysis_31124716_28.out:    Running contrast 781/1301
deg_analysis_31124716_28.out:    Running contrast 786/1301
deg_analysis_31124716_28.out:    Running contrast 791/1301
deg_analysis_31124716_28.out:    Running contrast 796/1301
deg_analysis_31124716_28.out:    Running contrast 801/1301
deg_analysis_31124716_28.out:    Running contrast 806/1301
deg_analysis_31124716_28.out:    Running contrast 811/1301
deg_analysis_31124716_28.out:    Running contrast 816/1301
deg_analysis_31124716_28.out:    Running contrast 821/1301
deg_analysis_31124716_28.out:    Running contrast 826/1301
deg_analysis_31124716_28.out:    Running contrast 831/1301
deg_analysis_31124716_28.out:    Running contrast 836/1301
deg_analysis_31124716_28.out:    Running contrast 841/1301
deg_analysis_31124716_28.out:    Running contrast 846/1301
deg_analysis_31124716_28.out:    Running contrast 851/1301
deg_analysis_31124716_28.out:    Running contrast 856/1301
deg_analysis_31124716_28.out:    Running contrast 861/1301
deg_analysis_31124716_28.out:    Running contrast 866/1301
deg_analysis_31124716_28.out:    Running contrast 871/1301
deg_analysis_31124716_28.out:    Running contrast 876/1301
deg_analysis_31124716_28.out:    Running contrast 881/1301
deg_analysis_31124716_28.out:    Running contrast 886/1301
deg_analysis_31124716_28.out:    Running contrast 891/1301
deg_analysis_31124716_28.out:    Running contrast 896/1301
deg_analysis_31124716_28.out:    Running contrast 901/1301
deg_analysis_31124716_28.out:    Running contrast 906/1301
deg_analysis_31124716_28.out:    Running contrast 911/1301
deg_analysis_31124716_28.out:    Running contrast 916/1301
deg_analysis_31124716_28.out:    Running contrast 921/1301
deg_analysis_31124716_28.out:    Running contrast 926/1301
deg_analysis_31124716_28.out:    Running contrast 931/1301
deg_analysis_31124716_28.out:    Running contrast 936/1301
deg_analysis_31124716_28.out:    Running contrast 941/1301
deg_analysis_31124716_28.out:    Running contrast 946/1301
deg_analysis_31124716_28.out:    Running contrast 951/1301
deg_analysis_31124716_28.out:    Running contrast 956/1301
deg_analysis_31124716_28.out:    Running contrast 961/1301
deg_analysis_31124716_28.out:    Running contrast 966/1301
deg_analysis_31124716_28.out:    Running contrast 971/1301
deg_analysis_31124716_28.out:    Running contrast 976/1301
deg_analysis_31124716_28.out:    Running contrast 981/1301
deg_analysis_31124716_28.out:    Running contrast 986/1301
deg_analysis_31124716_28.out:    Running contrast 991/1301
deg_analysis_31124716_28.out:    Running contrast 996/1301
deg_analysis_31124716_28.out:    Running contrast 1001/1301
deg_analysis_31124716_28.out:    Running contrast 1006/1301
deg_analysis_31124716_28.out:    Running contrast 1011/1301
deg_analysis_31124716_28.out:    Running contrast 1016/1301
deg_analysis_31124716_28.out:    Running contrast 1021/1301
deg_analysis_31124716_28.out:    Running contrast 1026/1301
deg_analysis_31124716_28.out:    Running contrast 1031/1301
deg_analysis_31124716_28.out:    Running contrast 1036/1301
deg_analysis_31124716_28.out:    Running contrast 1041/1301
deg_analysis_31124716_28.out:    Running contrast 1046/1301
deg_analysis_31124716_28.out:    Running contrast 1051/1301
deg_analysis_31124716_28.out:    Running contrast 1056/1301
deg_analysis_31124716_28.out:    Running contrast 1061/1301
deg_analysis_31124716_28.out:    Running contrast 1066/1301
deg_analysis_31124716_28.out:    Running contrast 1071/1301
deg_analysis_31124716_28.out:    Running contrast 1076/1301
deg_analysis_31124716_28.out:    Running contrast 1081/1301
deg_analysis_31124716_28.out:    Running contrast 1086/1301
deg_analysis_31124716_28.out:    Running contrast 1091/1301
deg_analysis_31124716_28.out:    Running contrast 1096/1301
deg_analysis_31124716_28.out:    Running contrast 1101/1301
deg_analysis_31124716_28.out:    Running contrast 1106/1301
deg_analysis_31124716_28.out:    Running contrast 1111/1301
deg_analysis_31124716_28.out:    Running contrast 1116/1301
deg_analysis_31124716_28.out:    Running contrast 1121/1301
deg_analysis_31124716_28.out:    Running contrast 1126/1301
deg_analysis_31124716_28.out:    Running contrast 1131/1301
deg_analysis_31124716_28.out:    Running contrast 1136/1301
deg_analysis_31124716_28.out:    Running contrast 1141/1301
deg_analysis_31124716_28.out:    Running contrast 1146/1301
deg_analysis_31124716_28.out:    Running contrast 1151/1301
deg_analysis_31124716_28.out:    Running contrast 1156/1301
deg_analysis_31124716_28.out:    Running contrast 1161/1301
deg_analysis_31124716_28.out:    Running contrast 1166/1301
deg_analysis_31124716_28.out:    Running contrast 1171/1301
deg_analysis_31124716_28.out:    Running contrast 1176/1301
deg_analysis_31124716_28.out:    Running contrast 1181/1301
deg_analysis_31124716_28.out:    Running contrast 1186/1301
deg_analysis_31124716_28.out:    Running contrast 1191/1301
deg_analysis_31124716_28.out:    Running contrast 1196/1301
deg_analysis_31124716_28.out:    Running contrast 1201/1301
deg_analysis_31124716_28.out:    Running contrast 1206/1301
deg_analysis_31124716_28.out:    Running contrast 1211/1301
deg_analysis_31124716_28.out:    Running contrast 1216/1301
deg_analysis_31124716_28.out:    Running contrast 1221/1301
deg_analysis_31124716_28.out:    Running contrast 1226/1301
deg_analysis_31124716_28.out:    Running contrast 1231/1301
deg_analysis_31124716_28.out:    Running contrast 1236/1301
deg_analysis_31124716_28.out:    Running contrast 1241/1301
deg_analysis_31124716_28.out:    Running contrast 1246/1301
deg_analysis_31124716_28.out:    Running contrast 1251/1301
deg_analysis_31124716_28.out:    Running contrast 1256/1301
deg_analysis_31124716_28.out:    Running contrast 1261/1301
deg_analysis_31124716_28.out:    Running contrast 1266/1301
deg_analysis_31124716_28.out:    Running contrast 1271/1301
deg_analysis_31124716_28.out:    Running contrast 1276/1301
deg_analysis_31124716_28.out:    Running contrast 1281/1301
deg_analysis_31124716_28.out:    Running contrast 1286/1301
deg_analysis_31124716_28.out:    Running contrast 1291/1301
deg_analysis_31124716_28.out:    Running contrast 1296/1301
deg_analysis_31124716_28.out:    Running contrast 1301/1301
deg_analysis_31124716_28.out:
deg_analysis_31124716_28.out:    Writing:  ./data/tahoe/deg_data/sep_rep/full/qc_false/filter_min_cells_50/CVCL_1119_de.h5ad 
deg_analysis_31124716_28.out:
deg_analysis_31124716_28.out:    Rewriting h5ad file: ./data/tahoe/deg_data/sep_rep/full/qc_false/filter_min_cells_50/CVCL_1119_de.h5ad 
deg_analysis_31124716_28.out:    Removed X matrix
deg_analysis_31124716_28.out:    Rewriting h5ad file is done!
deg_analysis_31124716_28.out:✓ Cell line completed in 12002.3 seconds
deg_analysis_31124716_28.out:
deg_analysis_31124716_28.out:DE analysis completed!
deg_analysis_31124716_28.out:
deg_analysis_31124716_28.out:Total runtime: 12025.0 seconds
deg_analysis_31124716_29.out:
deg_analysis_31124716_29.out:DE analysis started...
deg_analysis_31124716_29.out:Loaded input file:  ./data/tahoe/pseudobulk_processed/sep_rep/by_celltype/CVCL_1125_processed.h5ad 
deg_analysis_31124716_29.out:Initial dimensions:  1340  samples ×  62710  genes
deg_analysis_31124716_29.out:Filter samples with the low number of cells
deg_analysis_31124716_29.out:    Filter threshold (min_cells):  50 
deg_analysis_31124716_29.out:    n_obs:  1340 -->  1310 
deg_analysis_31124716_29.out:
deg_analysis_31124716_29.out:▶︎ Processing cell_type  1 / 1 :  CVCL_1125 
deg_analysis_31124716_29.out:    Filter controls by  pert_time_h  column
deg_analysis_31124716_29.out:        n_obs:  1310 -->  1310 
deg_analysis_31124716_29.out:
deg_analysis_31124716_29.out:    Running contrast 1/1282
deg_analysis_31124716_29.out:    Running contrast 6/1282
deg_analysis_31124716_29.out:    Running contrast 11/1282
deg_analysis_31124716_29.out:    Running contrast 16/1282
deg_analysis_31124716_29.out:    Running contrast 21/1282
deg_analysis_31124716_29.out:    Running contrast 26/1282
deg_analysis_31124716_29.out:    Running contrast 31/1282
deg_analysis_31124716_29.out:    Running contrast 36/1282
deg_analysis_31124716_29.out:    Running contrast 41/1282
deg_analysis_31124716_29.out:    Running contrast 46/1282
deg_analysis_31124716_29.out:    Running contrast 51/1282
deg_analysis_31124716_29.out:    Running contrast 56/1282
deg_analysis_31124716_29.out:    Running contrast 61/1282
deg_analysis_31124716_29.out:    Running contrast 66/1282
deg_analysis_31124716_29.out:    Running contrast 71/1282
deg_analysis_31124716_29.out:    Running contrast 76/1282
deg_analysis_31124716_29.out:    Running contrast 81/1282
deg_analysis_31124716_29.out:    Running contrast 86/1282
deg_analysis_31124716_29.out:    Running contrast 91/1282
deg_analysis_31124716_29.out:    Running contrast 96/1282
deg_analysis_31124716_29.out:    Running contrast 101/1282
deg_analysis_31124716_29.out:    Running contrast 106/1282
deg_analysis_31124716_29.out:    Running contrast 111/1282
deg_analysis_31124716_29.out:    Running contrast 116/1282
deg_analysis_31124716_29.out:    Running contrast 121/1282
deg_analysis_31124716_29.out:    Running contrast 126/1282
deg_analysis_31124716_29.out:    Running contrast 131/1282
deg_analysis_31124716_29.out:    Running contrast 136/1282
deg_analysis_31124716_29.out:    Running contrast 141/1282
deg_analysis_31124716_29.out:    Running contrast 146/1282
deg_analysis_31124716_29.out:    Running contrast 151/1282
deg_analysis_31124716_29.out:    Running contrast 156/1282
deg_analysis_31124716_29.out:    Running contrast 161/1282
deg_analysis_31124716_29.out:    Running contrast 166/1282
deg_analysis_31124716_29.out:    Running contrast 171/1282
deg_analysis_31124716_29.out:    Running contrast 176/1282
deg_analysis_31124716_29.out:    Running contrast 181/1282
deg_analysis_31124716_29.out:    Running contrast 186/1282
deg_analysis_31124716_29.out:    Running contrast 191/1282
deg_analysis_31124716_29.out:    Running contrast 196/1282
deg_analysis_31124716_29.out:    Running contrast 201/1282
deg_analysis_31124716_29.out:    Running contrast 206/1282
deg_analysis_31124716_29.out:    Running contrast 211/1282
deg_analysis_31124716_29.out:    Running contrast 216/1282
deg_analysis_31124716_29.out:    Running contrast 221/1282
deg_analysis_31124716_29.out:    Running contrast 226/1282
deg_analysis_31124716_29.out:    Running contrast 231/1282
deg_analysis_31124716_29.out:    Running contrast 236/1282
deg_analysis_31124716_29.out:    Running contrast 241/1282
deg_analysis_31124716_29.out:    Running contrast 246/1282
deg_analysis_31124716_29.out:    Running contrast 251/1282
deg_analysis_31124716_29.out:    Running contrast 256/1282
deg_analysis_31124716_29.out:    Running contrast 261/1282
deg_analysis_31124716_29.out:    Running contrast 266/1282
deg_analysis_31124716_29.out:    Running contrast 271/1282
deg_analysis_31124716_29.out:    Running contrast 276/1282
deg_analysis_31124716_29.out:    Running contrast 281/1282
deg_analysis_31124716_29.out:    Running contrast 286/1282
deg_analysis_31124716_29.out:    Running contrast 291/1282
deg_analysis_31124716_29.out:    Running contrast 296/1282
deg_analysis_31124716_29.out:    Running contrast 301/1282
deg_analysis_31124716_29.out:    Running contrast 306/1282
deg_analysis_31124716_29.out:    Running contrast 311/1282
deg_analysis_31124716_29.out:    Running contrast 316/1282
deg_analysis_31124716_29.out:    Running contrast 321/1282
deg_analysis_31124716_29.out:    Running contrast 326/1282
deg_analysis_31124716_29.out:    Running contrast 331/1282
deg_analysis_31124716_29.out:    Running contrast 336/1282
deg_analysis_31124716_29.out:    Running contrast 341/1282
deg_analysis_31124716_29.out:    Running contrast 346/1282
deg_analysis_31124716_29.out:    Running contrast 351/1282
deg_analysis_31124716_29.out:    Running contrast 356/1282
deg_analysis_31124716_29.out:    Running contrast 361/1282
deg_analysis_31124716_29.out:    Running contrast 366/1282
deg_analysis_31124716_29.out:    Running contrast 371/1282
deg_analysis_31124716_29.out:    Running contrast 376/1282
deg_analysis_31124716_29.out:    Running contrast 381/1282
deg_analysis_31124716_29.out:    Running contrast 386/1282
deg_analysis_31124716_29.out:    Running contrast 391/1282
deg_analysis_31124716_29.out:    Running contrast 396/1282
deg_analysis_31124716_29.out:    Running contrast 401/1282
deg_analysis_31124716_29.out:    Running contrast 406/1282
deg_analysis_31124716_29.out:    Running contrast 411/1282
deg_analysis_31124716_29.out:    Running contrast 416/1282
deg_analysis_31124716_29.out:    Running contrast 421/1282
deg_analysis_31124716_29.out:    Running contrast 426/1282
deg_analysis_31124716_29.out:    Running contrast 431/1282
deg_analysis_31124716_29.out:    Running contrast 436/1282
deg_analysis_31124716_29.out:    Running contrast 441/1282
deg_analysis_31124716_29.out:    Running contrast 446/1282
deg_analysis_31124716_29.out:    Running contrast 451/1282
deg_analysis_31124716_29.out:    Running contrast 456/1282
deg_analysis_31124716_29.out:    Running contrast 461/1282
deg_analysis_31124716_29.out:    Running contrast 466/1282
deg_analysis_31124716_29.out:    Running contrast 471/1282
deg_analysis_31124716_29.out:    Running contrast 476/1282
deg_analysis_31124716_29.out:    Running contrast 481/1282
deg_analysis_31124716_29.out:    Running contrast 486/1282
deg_analysis_31124716_29.out:    Running contrast 491/1282
deg_analysis_31124716_29.out:    Running contrast 496/1282
deg_analysis_31124716_29.out:    Running contrast 501/1282
deg_analysis_31124716_29.out:    Running contrast 506/1282
deg_analysis_31124716_29.out:    Running contrast 511/1282
deg_analysis_31124716_29.out:    Running contrast 516/1282
deg_analysis_31124716_29.out:    Running contrast 521/1282
deg_analysis_31124716_29.out:    Running contrast 526/1282
deg_analysis_31124716_29.out:    Running contrast 531/1282
deg_analysis_31124716_29.out:    Running contrast 536/1282
deg_analysis_31124716_29.out:    Running contrast 541/1282
deg_analysis_31124716_29.out:    Running contrast 546/1282
deg_analysis_31124716_29.out:    Running contrast 551/1282
deg_analysis_31124716_29.out:    Running contrast 556/1282
deg_analysis_31124716_29.out:    Running contrast 561/1282
deg_analysis_31124716_29.out:    Running contrast 566/1282
deg_analysis_31124716_29.out:    Running contrast 571/1282
deg_analysis_31124716_29.out:    Running contrast 576/1282
deg_analysis_31124716_29.out:    Running contrast 581/1282
deg_analysis_31124716_29.out:    Running contrast 586/1282
deg_analysis_31124716_29.out:    Running contrast 591/1282
deg_analysis_31124716_29.out:    Running contrast 596/1282
deg_analysis_31124716_29.out:    Running contrast 601/1282
deg_analysis_31124716_29.out:    Running contrast 606/1282
deg_analysis_31124716_29.out:    Running contrast 611/1282
deg_analysis_31124716_29.out:    Running contrast 616/1282
deg_analysis_31124716_29.out:    Running contrast 621/1282
deg_analysis_31124716_29.out:    Running contrast 626/1282
deg_analysis_31124716_29.out:    Running contrast 631/1282
deg_analysis_31124716_29.out:    Running contrast 636/1282
deg_analysis_31124716_29.out:    Running contrast 641/1282
deg_analysis_31124716_29.out:    Running contrast 646/1282
deg_analysis_31124716_29.out:    Running contrast 651/1282
deg_analysis_31124716_29.out:    Running contrast 656/1282
deg_analysis_31124716_29.out:    Running contrast 661/1282
deg_analysis_31124716_29.out:    Running contrast 666/1282
deg_analysis_31124716_29.out:    Running contrast 671/1282
deg_analysis_31124716_29.out:    Running contrast 676/1282
deg_analysis_31124716_29.out:    Running contrast 681/1282
deg_analysis_31124716_29.out:    Running contrast 686/1282
deg_analysis_31124716_29.out:    Running contrast 691/1282
deg_analysis_31124716_29.out:    Running contrast 696/1282
deg_analysis_31124716_29.out:    Running contrast 701/1282
deg_analysis_31124716_29.out:    Running contrast 706/1282
deg_analysis_31124716_29.out:    Running contrast 711/1282
deg_analysis_31124716_29.out:    Running contrast 716/1282
deg_analysis_31124716_29.out:    Running contrast 721/1282
deg_analysis_31124716_29.out:    Running contrast 726/1282
deg_analysis_31124716_29.out:    Running contrast 731/1282
deg_analysis_31124716_29.out:    Running contrast 736/1282
deg_analysis_31124716_29.out:    Running contrast 741/1282
deg_analysis_31124716_29.out:    Running contrast 746/1282
deg_analysis_31124716_29.out:    Running contrast 751/1282
deg_analysis_31124716_29.out:    Running contrast 756/1282
deg_analysis_31124716_29.out:    Running contrast 761/1282
deg_analysis_31124716_29.out:    Running contrast 766/1282
deg_analysis_31124716_29.out:    Running contrast 771/1282
deg_analysis_31124716_29.out:    Running contrast 776/1282
deg_analysis_31124716_29.out:    Running contrast 781/1282
deg_analysis_31124716_29.out:    Running contrast 786/1282
deg_analysis_31124716_29.out:    Running contrast 791/1282
deg_analysis_31124716_29.out:    Running contrast 796/1282
deg_analysis_31124716_29.out:    Running contrast 801/1282
deg_analysis_31124716_29.out:    Running contrast 806/1282
deg_analysis_31124716_29.out:    Running contrast 811/1282
deg_analysis_31124716_29.out:    Running contrast 816/1282
deg_analysis_31124716_29.out:    Running contrast 821/1282
deg_analysis_31124716_29.out:    Running contrast 826/1282
deg_analysis_31124716_29.out:    Running contrast 831/1282
deg_analysis_31124716_29.out:    Running contrast 836/1282
deg_analysis_31124716_29.out:    Running contrast 841/1282
deg_analysis_31124716_29.out:    Running contrast 846/1282
deg_analysis_31124716_29.out:    Running contrast 851/1282
deg_analysis_31124716_29.out:    Running contrast 856/1282
deg_analysis_31124716_29.out:    Running contrast 861/1282
deg_analysis_31124716_29.out:    Running contrast 866/1282
deg_analysis_31124716_29.out:    Running contrast 871/1282
deg_analysis_31124716_29.out:    Running contrast 876/1282
deg_analysis_31124716_29.out:    Running contrast 881/1282
deg_analysis_31124716_29.out:    Running contrast 886/1282
deg_analysis_31124716_29.out:    Running contrast 891/1282
deg_analysis_31124716_29.out:    Running contrast 896/1282
deg_analysis_31124716_29.out:    Running contrast 901/1282
deg_analysis_31124716_29.out:    Running contrast 906/1282
deg_analysis_31124716_29.out:    Running contrast 911/1282
deg_analysis_31124716_29.out:    Running contrast 916/1282
deg_analysis_31124716_29.out:    Running contrast 921/1282
deg_analysis_31124716_29.out:    Running contrast 926/1282
deg_analysis_31124716_29.out:    Running contrast 931/1282
deg_analysis_31124716_29.out:    Running contrast 936/1282
deg_analysis_31124716_29.out:    Running contrast 941/1282
deg_analysis_31124716_29.out:    Running contrast 946/1282
deg_analysis_31124716_29.out:    Running contrast 951/1282
deg_analysis_31124716_29.out:    Running contrast 956/1282
deg_analysis_31124716_29.out:    Running contrast 961/1282
deg_analysis_31124716_29.out:    Running contrast 966/1282
deg_analysis_31124716_29.out:    Running contrast 971/1282
deg_analysis_31124716_29.out:    Running contrast 976/1282
deg_analysis_31124716_29.out:    Running contrast 981/1282
deg_analysis_31124716_29.out:    Running contrast 986/1282
deg_analysis_31124716_29.out:    Running contrast 991/1282
deg_analysis_31124716_29.out:    Running contrast 996/1282
deg_analysis_31124716_29.out:    Running contrast 1001/1282
deg_analysis_31124716_29.out:    Running contrast 1006/1282
deg_analysis_31124716_29.out:    Running contrast 1011/1282
deg_analysis_31124716_29.out:    Running contrast 1016/1282
deg_analysis_31124716_29.out:    Running contrast 1021/1282
deg_analysis_31124716_29.out:    Running contrast 1026/1282
deg_analysis_31124716_29.out:    Running contrast 1031/1282
deg_analysis_31124716_29.out:    Running contrast 1036/1282
deg_analysis_31124716_29.out:    Running contrast 1041/1282
deg_analysis_31124716_29.out:    Running contrast 1046/1282
deg_analysis_31124716_29.out:    Running contrast 1051/1282
deg_analysis_31124716_29.out:    Running contrast 1056/1282
deg_analysis_31124716_29.out:    Running contrast 1061/1282
deg_analysis_31124716_29.out:    Running contrast 1066/1282
deg_analysis_31124716_29.out:    Running contrast 1071/1282
deg_analysis_31124716_29.out:    Running contrast 1076/1282
deg_analysis_31124716_29.out:    Running contrast 1081/1282
deg_analysis_31124716_29.out:    Running contrast 1086/1282
deg_analysis_31124716_29.out:    Running contrast 1091/1282
deg_analysis_31124716_29.out:    Running contrast 1096/1282
deg_analysis_31124716_29.out:    Running contrast 1101/1282
deg_analysis_31124716_29.out:    Running contrast 1106/1282
deg_analysis_31124716_29.out:    Running contrast 1111/1282
deg_analysis_31124716_29.out:    Running contrast 1116/1282
deg_analysis_31124716_29.out:    Running contrast 1121/1282
deg_analysis_31124716_29.out:    Running contrast 1126/1282
deg_analysis_31124716_29.out:    Running contrast 1131/1282
deg_analysis_31124716_29.out:    Running contrast 1136/1282
deg_analysis_31124716_29.out:    Running contrast 1141/1282
deg_analysis_31124716_29.out:    Running contrast 1146/1282
deg_analysis_31124716_29.out:    Running contrast 1151/1282
deg_analysis_31124716_29.out:    Running contrast 1156/1282
deg_analysis_31124716_29.out:    Running contrast 1161/1282
deg_analysis_31124716_29.out:    Running contrast 1166/1282
deg_analysis_31124716_29.out:    Running contrast 1171/1282
deg_analysis_31124716_29.out:    Running contrast 1176/1282
deg_analysis_31124716_29.out:    Running contrast 1181/1282
deg_analysis_31124716_29.out:    Running contrast 1186/1282
deg_analysis_31124716_29.out:    Running contrast 1191/1282
deg_analysis_31124716_29.out:    Running contrast 1196/1282
deg_analysis_31124716_29.out:    Running contrast 1201/1282
deg_analysis_31124716_29.out:    Running contrast 1206/1282
deg_analysis_31124716_29.out:    Running contrast 1211/1282
deg_analysis_31124716_29.out:    Running contrast 1216/1282
deg_analysis_31124716_29.out:    Running contrast 1221/1282
deg_analysis_31124716_29.out:    Running contrast 1226/1282
deg_analysis_31124716_29.out:    Running contrast 1231/1282
deg_analysis_31124716_29.out:    Running contrast 1236/1282
deg_analysis_31124716_29.out:    Running contrast 1241/1282
deg_analysis_31124716_29.out:    Running contrast 1246/1282
deg_analysis_31124716_29.out:    Running contrast 1251/1282
deg_analysis_31124716_29.out:    Running contrast 1256/1282
deg_analysis_31124716_29.out:    Running contrast 1261/1282
deg_analysis_31124716_29.out:    Running contrast 1266/1282
deg_analysis_31124716_29.out:    Running contrast 1271/1282
deg_analysis_31124716_29.out:    Running contrast 1276/1282
deg_analysis_31124716_29.out:    Running contrast 1281/1282
deg_analysis_31124716_29.out:    Running contrast 1282/1282
deg_analysis_31124716_29.out:
deg_analysis_31124716_29.out:    Writing:  ./data/tahoe/deg_data/sep_rep/full/qc_false/filter_min_cells_50/CVCL_1125_de.h5ad 
deg_analysis_31124716_29.out:
deg_analysis_31124716_29.out:    Rewriting h5ad file: ./data/tahoe/deg_data/sep_rep/full/qc_false/filter_min_cells_50/CVCL_1125_de.h5ad 
deg_analysis_31124716_29.out:    Removed X matrix
deg_analysis_31124716_29.out:    Rewriting h5ad file is done!
deg_analysis_31124716_29.out:✓ Cell line completed in 7170.3 seconds
deg_analysis_31124716_29.out:
deg_analysis_31124716_29.out:DE analysis completed!
deg_analysis_31124716_29.out:
deg_analysis_31124716_29.out:Total runtime: 7185.6 seconds
deg_analysis_31124716_30.out:
deg_analysis_31124716_30.out:DE analysis started...
deg_analysis_31124716_30.out:Loaded input file:  ./data/tahoe/pseudobulk_processed/sep_rep/by_celltype/CVCL_1239_processed.h5ad 
deg_analysis_31124716_30.out:Initial dimensions:  1343  samples ×  62710  genes
deg_analysis_31124716_30.out:Filter samples with the low number of cells
deg_analysis_31124716_30.out:    Filter threshold (min_cells):  50 
deg_analysis_31124716_30.out:    n_obs:  1343 -->  1327 
deg_analysis_31124716_30.out:
deg_analysis_31124716_30.out:▶︎ Processing cell_type  1 / 1 :  CVCL_1239 
deg_analysis_31124716_30.out:    Filter controls by  pert_time_h  column
deg_analysis_31124716_30.out:        n_obs:  1327 -->  1327 
deg_analysis_31124716_30.out:
deg_analysis_31124716_30.out:    Running contrast 1/1299
deg_analysis_31124716_30.out:    Running contrast 6/1299
deg_analysis_31124716_30.out:    Running contrast 11/1299
deg_analysis_31124716_30.out:    Running contrast 16/1299
deg_analysis_31124716_30.out:    Running contrast 21/1299
deg_analysis_31124716_30.out:    Running contrast 26/1299
deg_analysis_31124716_30.out:    Running contrast 31/1299
deg_analysis_31124716_30.out:    Running contrast 36/1299
deg_analysis_31124716_30.out:    Running contrast 41/1299
deg_analysis_31124716_30.out:    Running contrast 46/1299
deg_analysis_31124716_30.out:    Running contrast 51/1299
deg_analysis_31124716_30.out:    Running contrast 56/1299
deg_analysis_31124716_30.out:    Running contrast 61/1299
deg_analysis_31124716_30.out:    Running contrast 66/1299
deg_analysis_31124716_30.out:    Running contrast 71/1299
deg_analysis_31124716_30.out:    Running contrast 76/1299
deg_analysis_31124716_30.out:    Running contrast 81/1299
deg_analysis_31124716_30.out:    Running contrast 86/1299
deg_analysis_31124716_30.out:    Running contrast 91/1299
deg_analysis_31124716_30.out:    Running contrast 96/1299
deg_analysis_31124716_30.out:    Running contrast 101/1299
deg_analysis_31124716_30.out:    Running contrast 106/1299
deg_analysis_31124716_30.out:    Running contrast 111/1299
deg_analysis_31124716_30.out:    Running contrast 116/1299
deg_analysis_31124716_30.out:    Running contrast 121/1299
deg_analysis_31124716_30.out:    Running contrast 126/1299
deg_analysis_31124716_30.out:    Running contrast 131/1299
deg_analysis_31124716_30.out:    Running contrast 136/1299
deg_analysis_31124716_30.out:    Running contrast 141/1299
deg_analysis_31124716_30.out:    Running contrast 146/1299
deg_analysis_31124716_30.out:    Running contrast 151/1299
deg_analysis_31124716_30.out:    Running contrast 156/1299
deg_analysis_31124716_30.out:    Running contrast 161/1299
deg_analysis_31124716_30.out:    Running contrast 166/1299
deg_analysis_31124716_30.out:    Running contrast 171/1299
deg_analysis_31124716_30.out:    Running contrast 176/1299
deg_analysis_31124716_30.out:    Running contrast 181/1299
deg_analysis_31124716_30.out:    Running contrast 186/1299
deg_analysis_31124716_30.out:    Running contrast 191/1299
deg_analysis_31124716_30.out:    Running contrast 196/1299
deg_analysis_31124716_30.out:    Running contrast 201/1299
deg_analysis_31124716_30.out:    Running contrast 206/1299
deg_analysis_31124716_30.out:    Running contrast 211/1299
deg_analysis_31124716_30.out:    Running contrast 216/1299
deg_analysis_31124716_30.out:    Running contrast 221/1299
deg_analysis_31124716_30.out:    Running contrast 226/1299
deg_analysis_31124716_30.out:    Running contrast 231/1299
deg_analysis_31124716_30.out:    Running contrast 236/1299
deg_analysis_31124716_30.out:    Running contrast 241/1299
deg_analysis_31124716_30.out:    Running contrast 246/1299
deg_analysis_31124716_30.out:    Running contrast 251/1299
deg_analysis_31124716_30.out:    Running contrast 256/1299
deg_analysis_31124716_30.out:    Running contrast 261/1299
deg_analysis_31124716_30.out:    Running contrast 266/1299
deg_analysis_31124716_30.out:    Running contrast 271/1299
deg_analysis_31124716_30.out:    Running contrast 276/1299
deg_analysis_31124716_30.out:    Running contrast 281/1299
deg_analysis_31124716_30.out:    Running contrast 286/1299
deg_analysis_31124716_30.out:    Running contrast 291/1299
deg_analysis_31124716_30.out:    Running contrast 296/1299
deg_analysis_31124716_30.out:    Running contrast 301/1299
deg_analysis_31124716_30.out:    Running contrast 306/1299
deg_analysis_31124716_30.out:    Running contrast 311/1299
deg_analysis_31124716_30.out:    Running contrast 316/1299
deg_analysis_31124716_30.out:    Running contrast 321/1299
deg_analysis_31124716_30.out:    Running contrast 326/1299
deg_analysis_31124716_30.out:    Running contrast 331/1299
deg_analysis_31124716_30.out:    Running contrast 336/1299
deg_analysis_31124716_30.out:    Running contrast 341/1299
deg_analysis_31124716_30.out:    Running contrast 346/1299
deg_analysis_31124716_30.out:    Running contrast 351/1299
deg_analysis_31124716_30.out:    Running contrast 356/1299
deg_analysis_31124716_30.out:    Running contrast 361/1299
deg_analysis_31124716_30.out:    Running contrast 366/1299
deg_analysis_31124716_30.out:    Running contrast 371/1299
deg_analysis_31124716_30.out:    Running contrast 376/1299
deg_analysis_31124716_30.out:    Running contrast 381/1299
deg_analysis_31124716_30.out:    Running contrast 386/1299
deg_analysis_31124716_30.out:    Running contrast 391/1299
deg_analysis_31124716_30.out:    Running contrast 396/1299
deg_analysis_31124716_30.out:    Running contrast 401/1299
deg_analysis_31124716_30.out:    Running contrast 406/1299
deg_analysis_31124716_30.out:    Running contrast 411/1299
deg_analysis_31124716_30.out:    Running contrast 416/1299
deg_analysis_31124716_30.out:    Running contrast 421/1299
deg_analysis_31124716_30.out:    Running contrast 426/1299
deg_analysis_31124716_30.out:    Running contrast 431/1299
deg_analysis_31124716_30.out:    Running contrast 436/1299
deg_analysis_31124716_30.out:    Running contrast 441/1299
deg_analysis_31124716_30.out:    Running contrast 446/1299
deg_analysis_31124716_30.out:    Running contrast 451/1299
deg_analysis_31124716_30.out:    Running contrast 456/1299
deg_analysis_31124716_30.out:    Running contrast 461/1299
deg_analysis_31124716_30.out:    Running contrast 466/1299
deg_analysis_31124716_30.out:    Running contrast 471/1299
deg_analysis_31124716_30.out:    Running contrast 476/1299
deg_analysis_31124716_30.out:    Running contrast 481/1299
deg_analysis_31124716_30.out:    Running contrast 486/1299
deg_analysis_31124716_30.out:    Running contrast 491/1299
deg_analysis_31124716_30.out:    Running contrast 496/1299
deg_analysis_31124716_30.out:    Running contrast 501/1299
deg_analysis_31124716_30.out:    Running contrast 506/1299
deg_analysis_31124716_30.out:    Running contrast 511/1299
deg_analysis_31124716_30.out:    Running contrast 516/1299
deg_analysis_31124716_30.out:    Running contrast 521/1299
deg_analysis_31124716_30.out:    Running contrast 526/1299
deg_analysis_31124716_30.out:    Running contrast 531/1299
deg_analysis_31124716_30.out:    Running contrast 536/1299
deg_analysis_31124716_30.out:    Running contrast 541/1299
deg_analysis_31124716_30.out:    Running contrast 546/1299
deg_analysis_31124716_30.out:    Running contrast 551/1299
deg_analysis_31124716_30.out:    Running contrast 556/1299
deg_analysis_31124716_30.out:    Running contrast 561/1299
deg_analysis_31124716_30.out:    Running contrast 566/1299
deg_analysis_31124716_30.out:    Running contrast 571/1299
deg_analysis_31124716_30.out:    Running contrast 576/1299
deg_analysis_31124716_30.out:    Running contrast 581/1299
deg_analysis_31124716_30.out:    Running contrast 586/1299
deg_analysis_31124716_30.out:    Running contrast 591/1299
deg_analysis_31124716_30.out:    Running contrast 596/1299
deg_analysis_31124716_30.out:    Running contrast 601/1299
deg_analysis_31124716_30.out:    Running contrast 606/1299
deg_analysis_31124716_30.out:    Running contrast 611/1299
deg_analysis_31124716_30.out:    Running contrast 616/1299
deg_analysis_31124716_30.out:    Running contrast 621/1299
deg_analysis_31124716_30.out:    Running contrast 626/1299
deg_analysis_31124716_30.out:    Running contrast 631/1299
deg_analysis_31124716_30.out:    Running contrast 636/1299
deg_analysis_31124716_30.out:    Running contrast 641/1299
deg_analysis_31124716_30.out:    Running contrast 646/1299
deg_analysis_31124716_30.out:    Running contrast 651/1299
deg_analysis_31124716_30.out:    Running contrast 656/1299
deg_analysis_31124716_30.out:    Running contrast 661/1299
deg_analysis_31124716_30.out:    Running contrast 666/1299
deg_analysis_31124716_30.out:    Running contrast 671/1299
deg_analysis_31124716_30.out:    Running contrast 676/1299
deg_analysis_31124716_30.out:    Running contrast 681/1299
deg_analysis_31124716_30.out:    Running contrast 686/1299
deg_analysis_31124716_30.out:    Running contrast 691/1299
deg_analysis_31124716_30.out:    Running contrast 696/1299
deg_analysis_31124716_30.out:    Running contrast 701/1299
deg_analysis_31124716_30.out:    Running contrast 706/1299
deg_analysis_31124716_30.out:    Running contrast 711/1299
deg_analysis_31124716_30.out:    Running contrast 716/1299
deg_analysis_31124716_30.out:    Running contrast 721/1299
deg_analysis_31124716_30.out:    Running contrast 726/1299
deg_analysis_31124716_30.out:    Running contrast 731/1299
deg_analysis_31124716_30.out:    Running contrast 736/1299
deg_analysis_31124716_30.out:    Running contrast 741/1299
deg_analysis_31124716_30.out:    Running contrast 746/1299
deg_analysis_31124716_30.out:    Running contrast 751/1299
deg_analysis_31124716_30.out:    Running contrast 756/1299
deg_analysis_31124716_30.out:    Running contrast 761/1299
deg_analysis_31124716_30.out:    Running contrast 766/1299
deg_analysis_31124716_30.out:    Running contrast 771/1299
deg_analysis_31124716_30.out:    Running contrast 776/1299
deg_analysis_31124716_30.out:    Running contrast 781/1299
deg_analysis_31124716_30.out:    Running contrast 786/1299
deg_analysis_31124716_30.out:    Running contrast 791/1299
deg_analysis_31124716_30.out:    Running contrast 796/1299
deg_analysis_31124716_30.out:    Running contrast 801/1299
deg_analysis_31124716_30.out:    Running contrast 806/1299
deg_analysis_31124716_30.out:    Running contrast 811/1299
deg_analysis_31124716_30.out:    Running contrast 816/1299
deg_analysis_31124716_30.out:    Running contrast 821/1299
deg_analysis_31124716_30.out:    Running contrast 826/1299
deg_analysis_31124716_30.out:    Running contrast 831/1299
deg_analysis_31124716_30.out:    Running contrast 836/1299
deg_analysis_31124716_30.out:    Running contrast 841/1299
deg_analysis_31124716_30.out:    Running contrast 846/1299
deg_analysis_31124716_30.out:    Running contrast 851/1299
deg_analysis_31124716_30.out:    Running contrast 856/1299
deg_analysis_31124716_30.out:    Running contrast 861/1299
deg_analysis_31124716_30.out:    Running contrast 866/1299
deg_analysis_31124716_30.out:    Running contrast 871/1299
deg_analysis_31124716_30.out:    Running contrast 876/1299
deg_analysis_31124716_30.out:    Running contrast 881/1299
deg_analysis_31124716_30.out:    Running contrast 886/1299
deg_analysis_31124716_30.out:    Running contrast 891/1299
deg_analysis_31124716_30.out:    Running contrast 896/1299
deg_analysis_31124716_30.out:    Running contrast 901/1299
deg_analysis_31124716_30.out:    Running contrast 906/1299
deg_analysis_31124716_30.out:    Running contrast 911/1299
deg_analysis_31124716_30.out:    Running contrast 916/1299
deg_analysis_31124716_30.out:    Running contrast 921/1299
deg_analysis_31124716_30.out:    Running contrast 926/1299
deg_analysis_31124716_30.out:    Running contrast 931/1299
deg_analysis_31124716_30.out:    Running contrast 936/1299
deg_analysis_31124716_30.out:    Running contrast 941/1299
deg_analysis_31124716_30.out:    Running contrast 946/1299
deg_analysis_31124716_30.out:    Running contrast 951/1299
deg_analysis_31124716_30.out:    Running contrast 956/1299
deg_analysis_31124716_30.out:    Running contrast 961/1299
deg_analysis_31124716_30.out:    Running contrast 966/1299
deg_analysis_31124716_30.out:    Running contrast 971/1299
deg_analysis_31124716_30.out:    Running contrast 976/1299
deg_analysis_31124716_30.out:    Running contrast 981/1299
deg_analysis_31124716_30.out:    Running contrast 986/1299
deg_analysis_31124716_30.out:    Running contrast 991/1299
deg_analysis_31124716_30.out:    Running contrast 996/1299
deg_analysis_31124716_30.out:    Running contrast 1001/1299
deg_analysis_31124716_30.out:    Running contrast 1006/1299
deg_analysis_31124716_30.out:    Running contrast 1011/1299
deg_analysis_31124716_30.out:    Running contrast 1016/1299
deg_analysis_31124716_30.out:    Running contrast 1021/1299
deg_analysis_31124716_30.out:    Running contrast 1026/1299
deg_analysis_31124716_30.out:    Running contrast 1031/1299
deg_analysis_31124716_30.out:    Running contrast 1036/1299
deg_analysis_31124716_30.out:    Running contrast 1041/1299
deg_analysis_31124716_30.out:    Running contrast 1046/1299
deg_analysis_31124716_30.out:    Running contrast 1051/1299
deg_analysis_31124716_30.out:    Running contrast 1056/1299
deg_analysis_31124716_30.out:    Running contrast 1061/1299
deg_analysis_31124716_30.out:    Running contrast 1066/1299
deg_analysis_31124716_30.out:    Running contrast 1071/1299
deg_analysis_31124716_30.out:    Running contrast 1076/1299
deg_analysis_31124716_30.out:    Running contrast 1081/1299
deg_analysis_31124716_30.out:    Running contrast 1086/1299
deg_analysis_31124716_30.out:    Running contrast 1091/1299
deg_analysis_31124716_30.out:    Running contrast 1096/1299
deg_analysis_31124716_30.out:    Running contrast 1101/1299
deg_analysis_31124716_30.out:    Running contrast 1106/1299
deg_analysis_31124716_30.out:    Running contrast 1111/1299
deg_analysis_31124716_30.out:    Running contrast 1116/1299
deg_analysis_31124716_30.out:    Running contrast 1121/1299
deg_analysis_31124716_30.out:    Running contrast 1126/1299
deg_analysis_31124716_30.out:    Running contrast 1131/1299
deg_analysis_31124716_30.out:    Running contrast 1136/1299
deg_analysis_31124716_30.out:    Running contrast 1141/1299
deg_analysis_31124716_30.out:    Running contrast 1146/1299
deg_analysis_31124716_30.out:    Running contrast 1151/1299
deg_analysis_31124716_30.out:    Running contrast 1156/1299
deg_analysis_31124716_30.out:    Running contrast 1161/1299
deg_analysis_31124716_30.out:    Running contrast 1166/1299
deg_analysis_31124716_30.out:    Running contrast 1171/1299
deg_analysis_31124716_30.out:    Running contrast 1176/1299
deg_analysis_31124716_30.out:    Running contrast 1181/1299
deg_analysis_31124716_30.out:    Running contrast 1186/1299
deg_analysis_31124716_30.out:    Running contrast 1191/1299
deg_analysis_31124716_30.out:    Running contrast 1196/1299
deg_analysis_31124716_30.out:    Running contrast 1201/1299
deg_analysis_31124716_30.out:    Running contrast 1206/1299
deg_analysis_31124716_30.out:    Running contrast 1211/1299
deg_analysis_31124716_30.out:    Running contrast 1216/1299
deg_analysis_31124716_30.out:    Running contrast 1221/1299
deg_analysis_31124716_30.out:    Running contrast 1226/1299
deg_analysis_31124716_30.out:    Running contrast 1231/1299
deg_analysis_31124716_30.out:    Running contrast 1236/1299
deg_analysis_31124716_30.out:    Running contrast 1241/1299
deg_analysis_31124716_30.out:    Running contrast 1246/1299
deg_analysis_31124716_30.out:    Running contrast 1251/1299
deg_analysis_31124716_30.out:    Running contrast 1256/1299
deg_analysis_31124716_30.out:    Running contrast 1261/1299
deg_analysis_31124716_30.out:    Running contrast 1266/1299
deg_analysis_31124716_30.out:    Running contrast 1271/1299
deg_analysis_31124716_30.out:    Running contrast 1276/1299
deg_analysis_31124716_30.out:    Running contrast 1281/1299
deg_analysis_31124716_30.out:    Running contrast 1286/1299
deg_analysis_31124716_30.out:    Running contrast 1291/1299
deg_analysis_31124716_30.out:    Running contrast 1296/1299
deg_analysis_31124716_30.out:    Running contrast 1299/1299
deg_analysis_31124716_30.out:
deg_analysis_31124716_30.out:    Writing:  ./data/tahoe/deg_data/sep_rep/full/qc_false/filter_min_cells_50/CVCL_1239_de.h5ad 
deg_analysis_31124716_30.out:
deg_analysis_31124716_30.out:    Rewriting h5ad file: ./data/tahoe/deg_data/sep_rep/full/qc_false/filter_min_cells_50/CVCL_1239_de.h5ad 
deg_analysis_31124716_30.out:    Removed X matrix
deg_analysis_31124716_30.out:    Rewriting h5ad file is done!
deg_analysis_31124716_30.out:✓ Cell line completed in 11783.9 seconds
deg_analysis_31124716_30.out:
deg_analysis_31124716_30.out:DE analysis completed!
deg_analysis_31124716_30.out:
deg_analysis_31124716_30.out:Total runtime: 11802.4 seconds
deg_analysis_31124716_31.out:
deg_analysis_31124716_31.out:DE analysis started...
deg_analysis_31124716_31.out:Loaded input file:  ./data/tahoe/pseudobulk_processed/sep_rep/by_celltype/CVCL_1285_processed.h5ad 
deg_analysis_31124716_31.out:Initial dimensions:  1343  samples ×  62710  genes
deg_analysis_31124716_31.out:Filter samples with the low number of cells
deg_analysis_31124716_31.out:    Filter threshold (min_cells):  50 
deg_analysis_31124716_31.out:    n_obs:  1343 -->  1330 
deg_analysis_31124716_31.out:
deg_analysis_31124716_31.out:▶︎ Processing cell_type  1 / 1 :  CVCL_1285 
deg_analysis_31124716_31.out:    Filter controls by  pert_time_h  column
deg_analysis_31124716_31.out:        n_obs:  1330 -->  1330 
deg_analysis_31124716_31.out:
deg_analysis_31124716_31.out:    Running contrast 1/1302
deg_analysis_31124716_31.out:    Running contrast 6/1302
deg_analysis_31124716_31.out:    Running contrast 11/1302
deg_analysis_31124716_31.out:    Running contrast 16/1302
deg_analysis_31124716_31.out:    Running contrast 21/1302
deg_analysis_31124716_31.out:    Running contrast 26/1302
deg_analysis_31124716_31.out:    Running contrast 31/1302
deg_analysis_31124716_31.out:    Running contrast 36/1302
deg_analysis_31124716_31.out:    Running contrast 41/1302
deg_analysis_31124716_31.out:    Running contrast 46/1302
deg_analysis_31124716_31.out:    Running contrast 51/1302
deg_analysis_31124716_31.out:    Running contrast 56/1302
deg_analysis_31124716_31.out:    Running contrast 61/1302
deg_analysis_31124716_31.out:    Running contrast 66/1302
deg_analysis_31124716_31.out:    Running contrast 71/1302
deg_analysis_31124716_31.out:    Running contrast 76/1302
deg_analysis_31124716_31.out:    Running contrast 81/1302
deg_analysis_31124716_31.out:    Running contrast 86/1302
deg_analysis_31124716_31.out:    Running contrast 91/1302
deg_analysis_31124716_31.out:    Running contrast 96/1302
deg_analysis_31124716_31.out:    Running contrast 101/1302
deg_analysis_31124716_31.out:    Running contrast 106/1302
deg_analysis_31124716_31.out:    Running contrast 111/1302
deg_analysis_31124716_31.out:    Running contrast 116/1302
deg_analysis_31124716_31.out:    Running contrast 121/1302
deg_analysis_31124716_31.out:    Running contrast 126/1302
deg_analysis_31124716_31.out:    Running contrast 131/1302
deg_analysis_31124716_31.out:    Running contrast 136/1302
deg_analysis_31124716_31.out:    Running contrast 141/1302
deg_analysis_31124716_31.out:    Running contrast 146/1302
deg_analysis_31124716_31.out:    Running contrast 151/1302
deg_analysis_31124716_31.out:    Running contrast 156/1302
deg_analysis_31124716_31.out:    Running contrast 161/1302
deg_analysis_31124716_31.out:    Running contrast 166/1302
deg_analysis_31124716_31.out:    Running contrast 171/1302
deg_analysis_31124716_31.out:    Running contrast 176/1302
deg_analysis_31124716_31.out:    Running contrast 181/1302
deg_analysis_31124716_31.out:    Running contrast 186/1302
deg_analysis_31124716_31.out:    Running contrast 191/1302
deg_analysis_31124716_31.out:    Running contrast 196/1302
deg_analysis_31124716_31.out:    Running contrast 201/1302
deg_analysis_31124716_31.out:    Running contrast 206/1302
deg_analysis_31124716_31.out:    Running contrast 211/1302
deg_analysis_31124716_31.out:    Running contrast 216/1302
deg_analysis_31124716_31.out:    Running contrast 221/1302
deg_analysis_31124716_31.out:    Running contrast 226/1302
deg_analysis_31124716_31.out:    Running contrast 231/1302
deg_analysis_31124716_31.out:    Running contrast 236/1302
deg_analysis_31124716_31.out:    Running contrast 241/1302
deg_analysis_31124716_31.out:    Running contrast 246/1302
deg_analysis_31124716_31.out:    Running contrast 251/1302
deg_analysis_31124716_31.out:    Running contrast 256/1302
deg_analysis_31124716_31.out:    Running contrast 261/1302
deg_analysis_31124716_31.out:    Running contrast 266/1302
deg_analysis_31124716_31.out:    Running contrast 271/1302
deg_analysis_31124716_31.out:    Running contrast 276/1302
deg_analysis_31124716_31.out:    Running contrast 281/1302
deg_analysis_31124716_31.out:    Running contrast 286/1302
deg_analysis_31124716_31.out:    Running contrast 291/1302
deg_analysis_31124716_31.out:    Running contrast 296/1302
deg_analysis_31124716_31.out:    Running contrast 301/1302
deg_analysis_31124716_31.out:    Running contrast 306/1302
deg_analysis_31124716_31.out:    Running contrast 311/1302
deg_analysis_31124716_31.out:    Running contrast 316/1302
deg_analysis_31124716_31.out:    Running contrast 321/1302
deg_analysis_31124716_31.out:    Running contrast 326/1302
deg_analysis_31124716_31.out:    Running contrast 331/1302
deg_analysis_31124716_31.out:    Running contrast 336/1302
deg_analysis_31124716_31.out:    Running contrast 341/1302
deg_analysis_31124716_31.out:    Running contrast 346/1302
deg_analysis_31124716_31.out:    Running contrast 351/1302
deg_analysis_31124716_31.out:    Running contrast 356/1302
deg_analysis_31124716_31.out:    Running contrast 361/1302
deg_analysis_31124716_31.out:    Running contrast 366/1302
deg_analysis_31124716_31.out:    Running contrast 371/1302
deg_analysis_31124716_31.out:    Running contrast 376/1302
deg_analysis_31124716_31.out:    Running contrast 381/1302
deg_analysis_31124716_31.out:    Running contrast 386/1302
deg_analysis_31124716_31.out:    Running contrast 391/1302
deg_analysis_31124716_31.out:    Running contrast 396/1302
deg_analysis_31124716_31.out:    Running contrast 401/1302
deg_analysis_31124716_31.out:    Running contrast 406/1302
deg_analysis_31124716_31.out:    Running contrast 411/1302
deg_analysis_31124716_31.out:    Running contrast 416/1302
deg_analysis_31124716_31.out:    Running contrast 421/1302
deg_analysis_31124716_31.out:    Running contrast 426/1302
deg_analysis_31124716_31.out:    Running contrast 431/1302
deg_analysis_31124716_31.out:    Running contrast 436/1302
deg_analysis_31124716_31.out:    Running contrast 441/1302
deg_analysis_31124716_31.out:    Running contrast 446/1302
deg_analysis_31124716_31.out:    Running contrast 451/1302
deg_analysis_31124716_31.out:    Running contrast 456/1302
deg_analysis_31124716_31.out:    Running contrast 461/1302
deg_analysis_31124716_31.out:    Running contrast 466/1302
deg_analysis_31124716_31.out:    Running contrast 471/1302
deg_analysis_31124716_31.out:    Running contrast 476/1302
deg_analysis_31124716_31.out:    Running contrast 481/1302
deg_analysis_31124716_31.out:    Running contrast 486/1302
deg_analysis_31124716_31.out:    Running contrast 491/1302
deg_analysis_31124716_31.out:    Running contrast 496/1302
deg_analysis_31124716_31.out:    Running contrast 501/1302
deg_analysis_31124716_31.out:    Running contrast 506/1302
deg_analysis_31124716_31.out:    Running contrast 511/1302
deg_analysis_31124716_31.out:    Running contrast 516/1302
deg_analysis_31124716_31.out:    Running contrast 521/1302
deg_analysis_31124716_31.out:    Running contrast 526/1302
deg_analysis_31124716_31.out:    Running contrast 531/1302
deg_analysis_31124716_31.out:    Running contrast 536/1302
deg_analysis_31124716_31.out:    Running contrast 541/1302
deg_analysis_31124716_31.out:    Running contrast 546/1302
deg_analysis_31124716_31.out:    Running contrast 551/1302
deg_analysis_31124716_31.out:    Running contrast 556/1302
deg_analysis_31124716_31.out:    Running contrast 561/1302
deg_analysis_31124716_31.out:    Running contrast 566/1302
deg_analysis_31124716_31.out:    Running contrast 571/1302
deg_analysis_31124716_31.out:    Running contrast 576/1302
deg_analysis_31124716_31.out:    Running contrast 581/1302
deg_analysis_31124716_31.out:    Running contrast 586/1302
deg_analysis_31124716_31.out:    Running contrast 591/1302
deg_analysis_31124716_31.out:    Running contrast 596/1302
deg_analysis_31124716_31.out:    Running contrast 601/1302
deg_analysis_31124716_31.out:    Running contrast 606/1302
deg_analysis_31124716_31.out:    Running contrast 611/1302
deg_analysis_31124716_31.out:    Running contrast 616/1302
deg_analysis_31124716_31.out:    Running contrast 621/1302
deg_analysis_31124716_31.out:    Running contrast 626/1302
deg_analysis_31124716_31.out:    Running contrast 631/1302
deg_analysis_31124716_31.out:    Running contrast 636/1302
deg_analysis_31124716_31.out:    Running contrast 641/1302
deg_analysis_31124716_31.out:    Running contrast 646/1302
deg_analysis_31124716_31.out:    Running contrast 651/1302
deg_analysis_31124716_31.out:    Running contrast 656/1302
deg_analysis_31124716_31.out:    Running contrast 661/1302
deg_analysis_31124716_31.out:    Running contrast 666/1302
deg_analysis_31124716_31.out:    Running contrast 671/1302
deg_analysis_31124716_31.out:    Running contrast 676/1302
deg_analysis_31124716_31.out:    Running contrast 681/1302
deg_analysis_31124716_31.out:    Running contrast 686/1302
deg_analysis_31124716_31.out:    Running contrast 691/1302
deg_analysis_31124716_31.out:    Running contrast 696/1302
deg_analysis_31124716_31.out:    Running contrast 701/1302
deg_analysis_31124716_31.out:    Running contrast 706/1302
deg_analysis_31124716_31.out:    Running contrast 711/1302
deg_analysis_31124716_31.out:    Running contrast 716/1302
deg_analysis_31124716_31.out:    Running contrast 721/1302
deg_analysis_31124716_31.out:    Running contrast 726/1302
deg_analysis_31124716_31.out:    Running contrast 731/1302
deg_analysis_31124716_31.out:    Running contrast 736/1302
deg_analysis_31124716_31.out:    Running contrast 741/1302
deg_analysis_31124716_31.out:    Running contrast 746/1302
deg_analysis_31124716_31.out:    Running contrast 751/1302
deg_analysis_31124716_31.out:    Running contrast 756/1302
deg_analysis_31124716_31.out:    Running contrast 761/1302
deg_analysis_31124716_31.out:    Running contrast 766/1302
deg_analysis_31124716_31.out:    Running contrast 771/1302
deg_analysis_31124716_31.out:    Running contrast 776/1302
deg_analysis_31124716_31.out:    Running contrast 781/1302
deg_analysis_31124716_31.out:    Running contrast 786/1302
deg_analysis_31124716_31.out:    Running contrast 791/1302
deg_analysis_31124716_31.out:    Running contrast 796/1302
deg_analysis_31124716_31.out:    Running contrast 801/1302
deg_analysis_31124716_31.out:    Running contrast 806/1302
deg_analysis_31124716_31.out:    Running contrast 811/1302
deg_analysis_31124716_31.out:    Running contrast 816/1302
deg_analysis_31124716_31.out:    Running contrast 821/1302
deg_analysis_31124716_31.out:    Running contrast 826/1302
deg_analysis_31124716_31.out:    Running contrast 831/1302
deg_analysis_31124716_31.out:    Running contrast 836/1302
deg_analysis_31124716_31.out:    Running contrast 841/1302
deg_analysis_31124716_31.out:    Running contrast 846/1302
deg_analysis_31124716_31.out:    Running contrast 851/1302
deg_analysis_31124716_31.out:    Running contrast 856/1302
deg_analysis_31124716_31.out:    Running contrast 861/1302
deg_analysis_31124716_31.out:    Running contrast 866/1302
deg_analysis_31124716_31.out:    Running contrast 871/1302
deg_analysis_31124716_31.out:    Running contrast 876/1302
deg_analysis_31124716_31.out:    Running contrast 881/1302
deg_analysis_31124716_31.out:    Running contrast 886/1302
deg_analysis_31124716_31.out:    Running contrast 891/1302
deg_analysis_31124716_31.out:    Running contrast 896/1302
deg_analysis_31124716_31.out:    Running contrast 901/1302
deg_analysis_31124716_31.out:    Running contrast 906/1302
deg_analysis_31124716_31.out:    Running contrast 911/1302
deg_analysis_31124716_31.out:    Running contrast 916/1302
deg_analysis_31124716_31.out:    Running contrast 921/1302
deg_analysis_31124716_31.out:    Running contrast 926/1302
deg_analysis_31124716_31.out:    Running contrast 931/1302
deg_analysis_31124716_31.out:    Running contrast 936/1302
deg_analysis_31124716_31.out:    Running contrast 941/1302
deg_analysis_31124716_31.out:    Running contrast 946/1302
deg_analysis_31124716_31.out:    Running contrast 951/1302
deg_analysis_31124716_31.out:    Running contrast 956/1302
deg_analysis_31124716_31.out:    Running contrast 961/1302
deg_analysis_31124716_31.out:    Running contrast 966/1302
deg_analysis_31124716_31.out:    Running contrast 971/1302
deg_analysis_31124716_31.out:    Running contrast 976/1302
deg_analysis_31124716_31.out:    Running contrast 981/1302
deg_analysis_31124716_31.out:    Running contrast 986/1302
deg_analysis_31124716_31.out:    Running contrast 991/1302
deg_analysis_31124716_31.out:    Running contrast 996/1302
deg_analysis_31124716_31.out:    Running contrast 1001/1302
deg_analysis_31124716_31.out:    Running contrast 1006/1302
deg_analysis_31124716_31.out:    Running contrast 1011/1302
deg_analysis_31124716_31.out:    Running contrast 1016/1302
deg_analysis_31124716_31.out:    Running contrast 1021/1302
deg_analysis_31124716_31.out:    Running contrast 1026/1302
deg_analysis_31124716_31.out:    Running contrast 1031/1302
deg_analysis_31124716_31.out:    Running contrast 1036/1302
deg_analysis_31124716_31.out:    Running contrast 1041/1302
deg_analysis_31124716_31.out:    Running contrast 1046/1302
deg_analysis_31124716_31.out:    Running contrast 1051/1302
deg_analysis_31124716_31.out:    Running contrast 1056/1302
deg_analysis_31124716_31.out:    Running contrast 1061/1302
deg_analysis_31124716_31.out:    Running contrast 1066/1302
deg_analysis_31124716_31.out:    Running contrast 1071/1302
deg_analysis_31124716_31.out:    Running contrast 1076/1302
deg_analysis_31124716_31.out:    Running contrast 1081/1302
deg_analysis_31124716_31.out:    Running contrast 1086/1302
deg_analysis_31124716_31.out:    Running contrast 1091/1302
deg_analysis_31124716_31.out:    Running contrast 1096/1302
deg_analysis_31124716_31.out:    Running contrast 1101/1302
deg_analysis_31124716_31.out:    Running contrast 1106/1302
deg_analysis_31124716_31.out:    Running contrast 1111/1302
deg_analysis_31124716_31.out:    Running contrast 1116/1302
deg_analysis_31124716_31.out:    Running contrast 1121/1302
deg_analysis_31124716_31.out:    Running contrast 1126/1302
deg_analysis_31124716_31.out:    Running contrast 1131/1302
deg_analysis_31124716_31.out:    Running contrast 1136/1302
deg_analysis_31124716_31.out:    Running contrast 1141/1302
deg_analysis_31124716_31.out:    Running contrast 1146/1302
deg_analysis_31124716_31.out:    Running contrast 1151/1302
deg_analysis_31124716_31.out:    Running contrast 1156/1302
deg_analysis_31124716_31.out:    Running contrast 1161/1302
deg_analysis_31124716_31.out:    Running contrast 1166/1302
deg_analysis_31124716_31.out:    Running contrast 1171/1302
deg_analysis_31124716_31.out:    Running contrast 1176/1302
deg_analysis_31124716_31.out:    Running contrast 1181/1302
deg_analysis_31124716_31.out:    Running contrast 1186/1302
deg_analysis_31124716_31.out:    Running contrast 1191/1302
deg_analysis_31124716_31.out:    Running contrast 1196/1302
deg_analysis_31124716_31.out:    Running contrast 1201/1302
deg_analysis_31124716_31.out:    Running contrast 1206/1302
deg_analysis_31124716_31.out:    Running contrast 1211/1302
deg_analysis_31124716_31.out:    Running contrast 1216/1302
deg_analysis_31124716_31.out:    Running contrast 1221/1302
deg_analysis_31124716_31.out:    Running contrast 1226/1302
deg_analysis_31124716_31.out:    Running contrast 1231/1302
deg_analysis_31124716_31.out:    Running contrast 1236/1302
deg_analysis_31124716_31.out:    Running contrast 1241/1302
deg_analysis_31124716_31.out:    Running contrast 1246/1302
deg_analysis_31124716_31.out:    Running contrast 1251/1302
deg_analysis_31124716_31.out:    Running contrast 1256/1302
deg_analysis_31124716_31.out:    Running contrast 1261/1302
deg_analysis_31124716_31.out:    Running contrast 1266/1302
deg_analysis_31124716_31.out:    Running contrast 1271/1302
deg_analysis_31124716_31.out:    Running contrast 1276/1302
deg_analysis_31124716_31.out:    Running contrast 1281/1302
deg_analysis_31124716_31.out:    Running contrast 1286/1302
deg_analysis_31124716_31.out:    Running contrast 1291/1302
deg_analysis_31124716_31.out:    Running contrast 1296/1302
deg_analysis_31124716_31.out:    Running contrast 1301/1302
deg_analysis_31124716_31.out:    Running contrast 1302/1302
deg_analysis_31124716_31.out:
deg_analysis_31124716_31.out:    Writing:  ./data/tahoe/deg_data/sep_rep/full/qc_false/filter_min_cells_50/CVCL_1285_de.h5ad 
deg_analysis_31124716_31.out:
deg_analysis_31124716_31.out:    Rewriting h5ad file: ./data/tahoe/deg_data/sep_rep/full/qc_false/filter_min_cells_50/CVCL_1285_de.h5ad 
deg_analysis_31124716_31.out:    Removed X matrix
deg_analysis_31124716_31.out:    Rewriting h5ad file is done!
deg_analysis_31124716_31.out:✓ Cell line completed in 13527.4 seconds
deg_analysis_31124716_31.out:
deg_analysis_31124716_31.out:DE analysis completed!
deg_analysis_31124716_31.out:
deg_analysis_31124716_31.out:Total runtime: 13547.0 seconds
deg_analysis_31124716_32.out:
deg_analysis_31124716_32.out:DE analysis started...
deg_analysis_31124716_32.out:Loaded input file:  ./data/tahoe/pseudobulk_processed/sep_rep/by_celltype/CVCL_1381_processed.h5ad 
deg_analysis_31124716_32.out:Initial dimensions:  1342  samples ×  62710  genes
deg_analysis_31124716_32.out:Filter samples with the low number of cells
deg_analysis_31124716_32.out:    Filter threshold (min_cells):  50 
deg_analysis_31124716_32.out:    n_obs:  1342 -->  1329 
deg_analysis_31124716_32.out:
deg_analysis_31124716_32.out:▶︎ Processing cell_type  1 / 1 :  CVCL_1381 
deg_analysis_31124716_32.out:    Filter controls by  pert_time_h  column
deg_analysis_31124716_32.out:        n_obs:  1329 -->  1329 
deg_analysis_31124716_32.out:
deg_analysis_31124716_32.out:    Running contrast 1/1301
deg_analysis_31124716_32.out:    Running contrast 6/1301
deg_analysis_31124716_32.out:    Running contrast 11/1301
deg_analysis_31124716_32.out:    Running contrast 16/1301
deg_analysis_31124716_32.out:    Running contrast 21/1301
deg_analysis_31124716_32.out:    Running contrast 26/1301
deg_analysis_31124716_32.out:    Running contrast 31/1301
deg_analysis_31124716_32.out:    Running contrast 36/1301
deg_analysis_31124716_32.out:    Running contrast 41/1301
deg_analysis_31124716_32.out:    Running contrast 46/1301
deg_analysis_31124716_32.out:    Running contrast 51/1301
deg_analysis_31124716_32.out:    Running contrast 56/1301
deg_analysis_31124716_32.out:    Running contrast 61/1301
deg_analysis_31124716_32.out:    Running contrast 66/1301
deg_analysis_31124716_32.out:    Running contrast 71/1301
deg_analysis_31124716_32.out:    Running contrast 76/1301
deg_analysis_31124716_32.out:    Running contrast 81/1301
deg_analysis_31124716_32.out:    Running contrast 86/1301
deg_analysis_31124716_32.out:    Running contrast 91/1301
deg_analysis_31124716_32.out:    Running contrast 96/1301
deg_analysis_31124716_32.out:    Running contrast 101/1301
deg_analysis_31124716_32.out:    Running contrast 106/1301
deg_analysis_31124716_32.out:    Running contrast 111/1301
deg_analysis_31124716_32.out:    Running contrast 116/1301
deg_analysis_31124716_32.out:    Running contrast 121/1301
deg_analysis_31124716_32.out:    Running contrast 126/1301
deg_analysis_31124716_32.out:    Running contrast 131/1301
deg_analysis_31124716_32.out:    Running contrast 136/1301
deg_analysis_31124716_32.out:    Running contrast 141/1301
deg_analysis_31124716_32.out:    Running contrast 146/1301
deg_analysis_31124716_32.out:    Running contrast 151/1301
deg_analysis_31124716_32.out:    Running contrast 156/1301
deg_analysis_31124716_32.out:    Running contrast 161/1301
deg_analysis_31124716_32.out:    Running contrast 166/1301
deg_analysis_31124716_32.out:    Running contrast 171/1301
deg_analysis_31124716_32.out:    Running contrast 176/1301
deg_analysis_31124716_32.out:    Running contrast 181/1301
deg_analysis_31124716_32.out:    Running contrast 186/1301
deg_analysis_31124716_32.out:    Running contrast 191/1301
deg_analysis_31124716_32.out:    Running contrast 196/1301
deg_analysis_31124716_32.out:    Running contrast 201/1301
deg_analysis_31124716_32.out:    Running contrast 206/1301
deg_analysis_31124716_32.out:    Running contrast 211/1301
deg_analysis_31124716_32.out:    Running contrast 216/1301
deg_analysis_31124716_32.out:    Running contrast 221/1301
deg_analysis_31124716_32.out:    Running contrast 226/1301
deg_analysis_31124716_32.out:    Running contrast 231/1301
deg_analysis_31124716_32.out:    Running contrast 236/1301
deg_analysis_31124716_32.out:    Running contrast 241/1301
deg_analysis_31124716_32.out:    Running contrast 246/1301
deg_analysis_31124716_32.out:    Running contrast 251/1301
deg_analysis_31124716_32.out:    Running contrast 256/1301
deg_analysis_31124716_32.out:    Running contrast 261/1301
deg_analysis_31124716_32.out:    Running contrast 266/1301
deg_analysis_31124716_32.out:    Running contrast 271/1301
deg_analysis_31124716_32.out:    Running contrast 276/1301
deg_analysis_31124716_32.out:    Running contrast 281/1301
deg_analysis_31124716_32.out:    Running contrast 286/1301
deg_analysis_31124716_32.out:    Running contrast 291/1301
deg_analysis_31124716_32.out:    Running contrast 296/1301
deg_analysis_31124716_32.out:    Running contrast 301/1301
deg_analysis_31124716_32.out:    Running contrast 306/1301
deg_analysis_31124716_32.out:    Running contrast 311/1301
deg_analysis_31124716_32.out:    Running contrast 316/1301
deg_analysis_31124716_32.out:    Running contrast 321/1301
deg_analysis_31124716_32.out:    Running contrast 326/1301
deg_analysis_31124716_32.out:    Running contrast 331/1301
deg_analysis_31124716_32.out:    Running contrast 336/1301
deg_analysis_31124716_32.out:    Running contrast 341/1301
deg_analysis_31124716_32.out:    Running contrast 346/1301
deg_analysis_31124716_32.out:    Running contrast 351/1301
deg_analysis_31124716_32.out:    Running contrast 356/1301
deg_analysis_31124716_32.out:    Running contrast 361/1301
deg_analysis_31124716_32.out:    Running contrast 366/1301
deg_analysis_31124716_32.out:    Running contrast 371/1301
deg_analysis_31124716_32.out:    Running contrast 376/1301
deg_analysis_31124716_32.out:    Running contrast 381/1301
deg_analysis_31124716_32.out:    Running contrast 386/1301
deg_analysis_31124716_32.out:    Running contrast 391/1301
deg_analysis_31124716_32.out:    Running contrast 396/1301
deg_analysis_31124716_32.out:    Running contrast 401/1301
deg_analysis_31124716_32.out:    Running contrast 406/1301
deg_analysis_31124716_32.out:    Running contrast 411/1301
deg_analysis_31124716_32.out:    Running contrast 416/1301
deg_analysis_31124716_32.out:    Running contrast 421/1301
deg_analysis_31124716_32.out:    Running contrast 426/1301
deg_analysis_31124716_32.out:    Running contrast 431/1301
deg_analysis_31124716_32.out:    Running contrast 436/1301
deg_analysis_31124716_32.out:    Running contrast 441/1301
deg_analysis_31124716_32.out:    Running contrast 446/1301
deg_analysis_31124716_32.out:    Running contrast 451/1301
deg_analysis_31124716_32.out:    Running contrast 456/1301
deg_analysis_31124716_32.out:    Running contrast 461/1301
deg_analysis_31124716_32.out:    Running contrast 466/1301
deg_analysis_31124716_32.out:    Running contrast 471/1301
deg_analysis_31124716_32.out:    Running contrast 476/1301
deg_analysis_31124716_32.out:    Running contrast 481/1301
deg_analysis_31124716_32.out:    Running contrast 486/1301
deg_analysis_31124716_32.out:    Running contrast 491/1301
deg_analysis_31124716_32.out:    Running contrast 496/1301
deg_analysis_31124716_32.out:    Running contrast 501/1301
deg_analysis_31124716_32.out:    Running contrast 506/1301
deg_analysis_31124716_32.out:    Running contrast 511/1301
deg_analysis_31124716_32.out:    Running contrast 516/1301
deg_analysis_31124716_32.out:    Running contrast 521/1301
deg_analysis_31124716_32.out:    Running contrast 526/1301
deg_analysis_31124716_32.out:    Running contrast 531/1301
deg_analysis_31124716_32.out:    Running contrast 536/1301
deg_analysis_31124716_32.out:    Running contrast 541/1301
deg_analysis_31124716_32.out:    Running contrast 546/1301
deg_analysis_31124716_32.out:    Running contrast 551/1301
deg_analysis_31124716_32.out:    Running contrast 556/1301
deg_analysis_31124716_32.out:    Running contrast 561/1301
deg_analysis_31124716_32.out:    Running contrast 566/1301
deg_analysis_31124716_32.out:    Running contrast 571/1301
deg_analysis_31124716_32.out:    Running contrast 576/1301
deg_analysis_31124716_32.out:    Running contrast 581/1301
deg_analysis_31124716_32.out:    Running contrast 586/1301
deg_analysis_31124716_32.out:    Running contrast 591/1301
deg_analysis_31124716_32.out:    Running contrast 596/1301
deg_analysis_31124716_32.out:    Running contrast 601/1301
deg_analysis_31124716_32.out:    Running contrast 606/1301
deg_analysis_31124716_32.out:    Running contrast 611/1301
deg_analysis_31124716_32.out:    Running contrast 616/1301
deg_analysis_31124716_32.out:    Running contrast 621/1301
deg_analysis_31124716_32.out:    Running contrast 626/1301
deg_analysis_31124716_32.out:    Running contrast 631/1301
deg_analysis_31124716_32.out:    Running contrast 636/1301
deg_analysis_31124716_32.out:    Running contrast 641/1301
deg_analysis_31124716_32.out:    Running contrast 646/1301
deg_analysis_31124716_32.out:    Running contrast 651/1301
deg_analysis_31124716_32.out:    Running contrast 656/1301
deg_analysis_31124716_32.out:    Running contrast 661/1301
deg_analysis_31124716_32.out:    Running contrast 666/1301
deg_analysis_31124716_32.out:    Running contrast 671/1301
deg_analysis_31124716_32.out:    Running contrast 676/1301
deg_analysis_31124716_32.out:    Running contrast 681/1301
deg_analysis_31124716_32.out:    Running contrast 686/1301
deg_analysis_31124716_32.out:    Running contrast 691/1301
deg_analysis_31124716_32.out:    Running contrast 696/1301
deg_analysis_31124716_32.out:    Running contrast 701/1301
deg_analysis_31124716_32.out:    Running contrast 706/1301
deg_analysis_31124716_32.out:    Running contrast 711/1301
deg_analysis_31124716_32.out:    Running contrast 716/1301
deg_analysis_31124716_32.out:    Running contrast 721/1301
deg_analysis_31124716_32.out:    Running contrast 726/1301
deg_analysis_31124716_32.out:    Running contrast 731/1301
deg_analysis_31124716_32.out:    Running contrast 736/1301
deg_analysis_31124716_32.out:    Running contrast 741/1301
deg_analysis_31124716_32.out:    Running contrast 746/1301
deg_analysis_31124716_32.out:    Running contrast 751/1301
deg_analysis_31124716_32.out:    Running contrast 756/1301
deg_analysis_31124716_32.out:    Running contrast 761/1301
deg_analysis_31124716_32.out:    Running contrast 766/1301
deg_analysis_31124716_32.out:    Running contrast 771/1301
deg_analysis_31124716_32.out:    Running contrast 776/1301
deg_analysis_31124716_32.out:    Running contrast 781/1301
deg_analysis_31124716_32.out:    Running contrast 786/1301
deg_analysis_31124716_32.out:    Running contrast 791/1301
deg_analysis_31124716_32.out:    Running contrast 796/1301
deg_analysis_31124716_32.out:    Running contrast 801/1301
deg_analysis_31124716_32.out:    Running contrast 806/1301
deg_analysis_31124716_32.out:    Running contrast 811/1301
deg_analysis_31124716_32.out:    Running contrast 816/1301
deg_analysis_31124716_32.out:    Running contrast 821/1301
deg_analysis_31124716_32.out:    Running contrast 826/1301
deg_analysis_31124716_32.out:    Running contrast 831/1301
deg_analysis_31124716_32.out:    Running contrast 836/1301
deg_analysis_31124716_32.out:    Running contrast 841/1301
deg_analysis_31124716_32.out:    Running contrast 846/1301
deg_analysis_31124716_32.out:    Running contrast 851/1301
deg_analysis_31124716_32.out:    Running contrast 856/1301
deg_analysis_31124716_32.out:    Running contrast 861/1301
deg_analysis_31124716_32.out:    Running contrast 866/1301
deg_analysis_31124716_32.out:    Running contrast 871/1301
deg_analysis_31124716_32.out:    Running contrast 876/1301
deg_analysis_31124716_32.out:    Running contrast 881/1301
deg_analysis_31124716_32.out:    Running contrast 886/1301
deg_analysis_31124716_32.out:    Running contrast 891/1301
deg_analysis_31124716_32.out:    Running contrast 896/1301
deg_analysis_31124716_32.out:    Running contrast 901/1301
deg_analysis_31124716_32.out:    Running contrast 906/1301
deg_analysis_31124716_32.out:    Running contrast 911/1301
deg_analysis_31124716_32.out:    Running contrast 916/1301
deg_analysis_31124716_32.out:    Running contrast 921/1301
deg_analysis_31124716_32.out:    Running contrast 926/1301
deg_analysis_31124716_32.out:    Running contrast 931/1301
deg_analysis_31124716_32.out:    Running contrast 936/1301
deg_analysis_31124716_32.out:    Running contrast 941/1301
deg_analysis_31124716_32.out:    Running contrast 946/1301
deg_analysis_31124716_32.out:    Running contrast 951/1301
deg_analysis_31124716_32.out:    Running contrast 956/1301
deg_analysis_31124716_32.out:    Running contrast 961/1301
deg_analysis_31124716_32.out:    Running contrast 966/1301
deg_analysis_31124716_32.out:    Running contrast 971/1301
deg_analysis_31124716_32.out:    Running contrast 976/1301
deg_analysis_31124716_32.out:    Running contrast 981/1301
deg_analysis_31124716_32.out:    Running contrast 986/1301
deg_analysis_31124716_32.out:    Running contrast 991/1301
deg_analysis_31124716_32.out:    Running contrast 996/1301
deg_analysis_31124716_32.out:    Running contrast 1001/1301
deg_analysis_31124716_32.out:    Running contrast 1006/1301
deg_analysis_31124716_32.out:    Running contrast 1011/1301
deg_analysis_31124716_32.out:    Running contrast 1016/1301
deg_analysis_31124716_32.out:    Running contrast 1021/1301
deg_analysis_31124716_32.out:    Running contrast 1026/1301
deg_analysis_31124716_32.out:    Running contrast 1031/1301
deg_analysis_31124716_32.out:    Running contrast 1036/1301
deg_analysis_31124716_32.out:    Running contrast 1041/1301
deg_analysis_31124716_32.out:    Running contrast 1046/1301
deg_analysis_31124716_32.out:    Running contrast 1051/1301
deg_analysis_31124716_32.out:    Running contrast 1056/1301
deg_analysis_31124716_32.out:    Running contrast 1061/1301
deg_analysis_31124716_32.out:    Running contrast 1066/1301
deg_analysis_31124716_32.out:    Running contrast 1071/1301
deg_analysis_31124716_32.out:    Running contrast 1076/1301
deg_analysis_31124716_32.out:    Running contrast 1081/1301
deg_analysis_31124716_32.out:    Running contrast 1086/1301
deg_analysis_31124716_32.out:    Running contrast 1091/1301
deg_analysis_31124716_32.out:    Running contrast 1096/1301
deg_analysis_31124716_32.out:    Running contrast 1101/1301
deg_analysis_31124716_32.out:    Running contrast 1106/1301
deg_analysis_31124716_32.out:    Running contrast 1111/1301
deg_analysis_31124716_32.out:    Running contrast 1116/1301
deg_analysis_31124716_32.out:    Running contrast 1121/1301
deg_analysis_31124716_32.out:    Running contrast 1126/1301
deg_analysis_31124716_32.out:    Running contrast 1131/1301
deg_analysis_31124716_32.out:    Running contrast 1136/1301
deg_analysis_31124716_32.out:    Running contrast 1141/1301
deg_analysis_31124716_32.out:    Running contrast 1146/1301
deg_analysis_31124716_32.out:    Running contrast 1151/1301
deg_analysis_31124716_32.out:    Running contrast 1156/1301
deg_analysis_31124716_32.out:    Running contrast 1161/1301
deg_analysis_31124716_32.out:    Running contrast 1166/1301
deg_analysis_31124716_32.out:    Running contrast 1171/1301
deg_analysis_31124716_32.out:    Running contrast 1176/1301
deg_analysis_31124716_32.out:    Running contrast 1181/1301
deg_analysis_31124716_32.out:    Running contrast 1186/1301
deg_analysis_31124716_32.out:    Running contrast 1191/1301
deg_analysis_31124716_32.out:    Running contrast 1196/1301
deg_analysis_31124716_32.out:    Running contrast 1201/1301
deg_analysis_31124716_32.out:    Running contrast 1206/1301
deg_analysis_31124716_32.out:    Running contrast 1211/1301
deg_analysis_31124716_32.out:    Running contrast 1216/1301
deg_analysis_31124716_32.out:    Running contrast 1221/1301
deg_analysis_31124716_32.out:    Running contrast 1226/1301
deg_analysis_31124716_32.out:    Running contrast 1231/1301
deg_analysis_31124716_32.out:    Running contrast 1236/1301
deg_analysis_31124716_32.out:    Running contrast 1241/1301
deg_analysis_31124716_32.out:    Running contrast 1246/1301
deg_analysis_31124716_32.out:    Running contrast 1251/1301
deg_analysis_31124716_32.out:    Running contrast 1256/1301
deg_analysis_31124716_32.out:    Running contrast 1261/1301
deg_analysis_31124716_32.out:    Running contrast 1266/1301
deg_analysis_31124716_32.out:    Running contrast 1271/1301
deg_analysis_31124716_32.out:    Running contrast 1276/1301
deg_analysis_31124716_32.out:    Running contrast 1281/1301
deg_analysis_31124716_32.out:    Running contrast 1286/1301
deg_analysis_31124716_32.out:    Running contrast 1291/1301
deg_analysis_31124716_32.out:    Running contrast 1296/1301
deg_analysis_31124716_32.out:    Running contrast 1301/1301
deg_analysis_31124716_32.out:
deg_analysis_31124716_32.out:    Writing:  ./data/tahoe/deg_data/sep_rep/full/qc_false/filter_min_cells_50/CVCL_1381_de.h5ad 
deg_analysis_31124716_32.out:
deg_analysis_31124716_32.out:    Rewriting h5ad file: ./data/tahoe/deg_data/sep_rep/full/qc_false/filter_min_cells_50/CVCL_1381_de.h5ad 
deg_analysis_31124716_32.out:    Removed X matrix
deg_analysis_31124716_32.out:    Rewriting h5ad file is done!
deg_analysis_31124716_32.out:✓ Cell line completed in 11217.0 seconds
deg_analysis_31124716_32.out:
deg_analysis_31124716_32.out:DE analysis completed!
deg_analysis_31124716_32.out:
deg_analysis_31124716_32.out:Total runtime: 11229.3 seconds
deg_analysis_31124716_33.out:
deg_analysis_31124716_33.out:DE analysis started...
deg_analysis_31124716_33.out:Loaded input file:  ./data/tahoe/pseudobulk_processed/sep_rep/by_celltype/CVCL_1478_processed.h5ad 
deg_analysis_31124716_33.out:Initial dimensions:  1341  samples ×  62710  genes
deg_analysis_31124716_33.out:Filter samples with the low number of cells
deg_analysis_31124716_33.out:    Filter threshold (min_cells):  50 
deg_analysis_31124716_33.out:    n_obs:  1341 -->  1329 
deg_analysis_31124716_33.out:
deg_analysis_31124716_33.out:▶︎ Processing cell_type  1 / 1 :  CVCL_1478 
deg_analysis_31124716_33.out:    Filter controls by  pert_time_h  column
deg_analysis_31124716_33.out:        n_obs:  1329 -->  1329 
deg_analysis_31124716_33.out:
deg_analysis_31124716_33.out:    Running contrast 1/1301
deg_analysis_31124716_33.out:    Running contrast 6/1301
deg_analysis_31124716_33.out:    Running contrast 11/1301
deg_analysis_31124716_33.out:    Running contrast 16/1301
deg_analysis_31124716_33.out:    Running contrast 21/1301
deg_analysis_31124716_33.out:    Running contrast 26/1301
deg_analysis_31124716_33.out:    Running contrast 31/1301
deg_analysis_31124716_33.out:    Running contrast 36/1301
deg_analysis_31124716_33.out:    Running contrast 41/1301
deg_analysis_31124716_33.out:    Running contrast 46/1301
deg_analysis_31124716_33.out:    Running contrast 51/1301
deg_analysis_31124716_33.out:    Running contrast 56/1301
deg_analysis_31124716_33.out:    Running contrast 61/1301
deg_analysis_31124716_33.out:    Running contrast 66/1301
deg_analysis_31124716_33.out:    Running contrast 71/1301
deg_analysis_31124716_33.out:    Running contrast 76/1301
deg_analysis_31124716_33.out:    Running contrast 81/1301
deg_analysis_31124716_33.out:    Running contrast 86/1301
deg_analysis_31124716_33.out:    Running contrast 91/1301
deg_analysis_31124716_33.out:    Running contrast 96/1301
deg_analysis_31124716_33.out:    Running contrast 101/1301
deg_analysis_31124716_33.out:    Running contrast 106/1301
deg_analysis_31124716_33.out:    Running contrast 111/1301
deg_analysis_31124716_33.out:    Running contrast 116/1301
deg_analysis_31124716_33.out:    Running contrast 121/1301
deg_analysis_31124716_33.out:    Running contrast 126/1301
deg_analysis_31124716_33.out:    Running contrast 131/1301
deg_analysis_31124716_33.out:    Running contrast 136/1301
deg_analysis_31124716_33.out:    Running contrast 141/1301
deg_analysis_31124716_33.out:    Running contrast 146/1301
deg_analysis_31124716_33.out:    Running contrast 151/1301
deg_analysis_31124716_33.out:    Running contrast 156/1301
deg_analysis_31124716_33.out:    Running contrast 161/1301
deg_analysis_31124716_33.out:    Running contrast 166/1301
deg_analysis_31124716_33.out:    Running contrast 171/1301
deg_analysis_31124716_33.out:    Running contrast 176/1301
deg_analysis_31124716_33.out:    Running contrast 181/1301
deg_analysis_31124716_33.out:    Running contrast 186/1301
deg_analysis_31124716_33.out:    Running contrast 191/1301
deg_analysis_31124716_33.out:    Running contrast 196/1301
deg_analysis_31124716_33.out:    Running contrast 201/1301
deg_analysis_31124716_33.out:    Running contrast 206/1301
deg_analysis_31124716_33.out:    Running contrast 211/1301
deg_analysis_31124716_33.out:    Running contrast 216/1301
deg_analysis_31124716_33.out:    Running contrast 221/1301
deg_analysis_31124716_33.out:    Running contrast 226/1301
deg_analysis_31124716_33.out:    Running contrast 231/1301
deg_analysis_31124716_33.out:    Running contrast 236/1301
deg_analysis_31124716_33.out:    Running contrast 241/1301
deg_analysis_31124716_33.out:    Running contrast 246/1301
deg_analysis_31124716_33.out:    Running contrast 251/1301
deg_analysis_31124716_33.out:    Running contrast 256/1301
deg_analysis_31124716_33.out:    Running contrast 261/1301
deg_analysis_31124716_33.out:    Running contrast 266/1301
deg_analysis_31124716_33.out:    Running contrast 271/1301
deg_analysis_31124716_33.out:    Running contrast 276/1301
deg_analysis_31124716_33.out:    Running contrast 281/1301
deg_analysis_31124716_33.out:    Running contrast 286/1301
deg_analysis_31124716_33.out:    Running contrast 291/1301
deg_analysis_31124716_33.out:    Running contrast 296/1301
deg_analysis_31124716_33.out:    Running contrast 301/1301
deg_analysis_31124716_33.out:    Running contrast 306/1301
deg_analysis_31124716_33.out:    Running contrast 311/1301
deg_analysis_31124716_33.out:    Running contrast 316/1301
deg_analysis_31124716_33.out:    Running contrast 321/1301
deg_analysis_31124716_33.out:    Running contrast 326/1301
deg_analysis_31124716_33.out:    Running contrast 331/1301
deg_analysis_31124716_33.out:    Running contrast 336/1301
deg_analysis_31124716_33.out:    Running contrast 341/1301
deg_analysis_31124716_33.out:    Running contrast 346/1301
deg_analysis_31124716_33.out:    Running contrast 351/1301
deg_analysis_31124716_33.out:    Running contrast 356/1301
deg_analysis_31124716_33.out:    Running contrast 361/1301
deg_analysis_31124716_33.out:    Running contrast 366/1301
deg_analysis_31124716_33.out:    Running contrast 371/1301
deg_analysis_31124716_33.out:    Running contrast 376/1301
deg_analysis_31124716_33.out:    Running contrast 381/1301
deg_analysis_31124716_33.out:    Running contrast 386/1301
deg_analysis_31124716_33.out:    Running contrast 391/1301
deg_analysis_31124716_33.out:    Running contrast 396/1301
deg_analysis_31124716_33.out:    Running contrast 401/1301
deg_analysis_31124716_33.out:    Running contrast 406/1301
deg_analysis_31124716_33.out:    Running contrast 411/1301
deg_analysis_31124716_33.out:    Running contrast 416/1301
deg_analysis_31124716_33.out:    Running contrast 421/1301
deg_analysis_31124716_33.out:    Running contrast 426/1301
deg_analysis_31124716_33.out:    Running contrast 431/1301
deg_analysis_31124716_33.out:    Running contrast 436/1301
deg_analysis_31124716_33.out:    Running contrast 441/1301
deg_analysis_31124716_33.out:    Running contrast 446/1301
deg_analysis_31124716_33.out:    Running contrast 451/1301
deg_analysis_31124716_33.out:    Running contrast 456/1301
deg_analysis_31124716_33.out:    Running contrast 461/1301
deg_analysis_31124716_33.out:    Running contrast 466/1301
deg_analysis_31124716_33.out:    Running contrast 471/1301
deg_analysis_31124716_33.out:    Running contrast 476/1301
deg_analysis_31124716_33.out:    Running contrast 481/1301
deg_analysis_31124716_33.out:    Running contrast 486/1301
deg_analysis_31124716_33.out:    Running contrast 491/1301
deg_analysis_31124716_33.out:    Running contrast 496/1301
deg_analysis_31124716_33.out:    Running contrast 501/1301
deg_analysis_31124716_33.out:    Running contrast 506/1301
deg_analysis_31124716_33.out:    Running contrast 511/1301
deg_analysis_31124716_33.out:    Running contrast 516/1301
deg_analysis_31124716_33.out:    Running contrast 521/1301
deg_analysis_31124716_33.out:    Running contrast 526/1301
deg_analysis_31124716_33.out:    Running contrast 531/1301
deg_analysis_31124716_33.out:    Running contrast 536/1301
deg_analysis_31124716_33.out:    Running contrast 541/1301
deg_analysis_31124716_33.out:    Running contrast 546/1301
deg_analysis_31124716_33.out:    Running contrast 551/1301
deg_analysis_31124716_33.out:    Running contrast 556/1301
deg_analysis_31124716_33.out:    Running contrast 561/1301
deg_analysis_31124716_33.out:    Running contrast 566/1301
deg_analysis_31124716_33.out:    Running contrast 571/1301
deg_analysis_31124716_33.out:    Running contrast 576/1301
deg_analysis_31124716_33.out:    Running contrast 581/1301
deg_analysis_31124716_33.out:    Running contrast 586/1301
deg_analysis_31124716_33.out:    Running contrast 591/1301
deg_analysis_31124716_33.out:    Running contrast 596/1301
deg_analysis_31124716_33.out:    Running contrast 601/1301
deg_analysis_31124716_33.out:    Running contrast 606/1301
deg_analysis_31124716_33.out:    Running contrast 611/1301
deg_analysis_31124716_33.out:    Running contrast 616/1301
deg_analysis_31124716_33.out:    Running contrast 621/1301
deg_analysis_31124716_33.out:    Running contrast 626/1301
deg_analysis_31124716_33.out:    Running contrast 631/1301
deg_analysis_31124716_33.out:    Running contrast 636/1301
deg_analysis_31124716_33.out:    Running contrast 641/1301
deg_analysis_31124716_33.out:    Running contrast 646/1301
deg_analysis_31124716_33.out:    Running contrast 651/1301
deg_analysis_31124716_33.out:    Running contrast 656/1301
deg_analysis_31124716_33.out:    Running contrast 661/1301
deg_analysis_31124716_33.out:    Running contrast 666/1301
deg_analysis_31124716_33.out:    Running contrast 671/1301
deg_analysis_31124716_33.out:    Running contrast 676/1301
deg_analysis_31124716_33.out:    Running contrast 681/1301
deg_analysis_31124716_33.out:    Running contrast 686/1301
deg_analysis_31124716_33.out:    Running contrast 691/1301
deg_analysis_31124716_33.out:    Running contrast 696/1301
deg_analysis_31124716_33.out:    Running contrast 701/1301
deg_analysis_31124716_33.out:    Running contrast 706/1301
deg_analysis_31124716_33.out:    Running contrast 711/1301
deg_analysis_31124716_33.out:    Running contrast 716/1301
deg_analysis_31124716_33.out:    Running contrast 721/1301
deg_analysis_31124716_33.out:    Running contrast 726/1301
deg_analysis_31124716_33.out:    Running contrast 731/1301
deg_analysis_31124716_33.out:    Running contrast 736/1301
deg_analysis_31124716_33.out:    Running contrast 741/1301
deg_analysis_31124716_33.out:    Running contrast 746/1301
deg_analysis_31124716_33.out:    Running contrast 751/1301
deg_analysis_31124716_33.out:    Running contrast 756/1301
deg_analysis_31124716_33.out:    Running contrast 761/1301
deg_analysis_31124716_33.out:    Running contrast 766/1301
deg_analysis_31124716_33.out:    Running contrast 771/1301
deg_analysis_31124716_33.out:    Running contrast 776/1301
deg_analysis_31124716_33.out:    Running contrast 781/1301
deg_analysis_31124716_33.out:    Running contrast 786/1301
deg_analysis_31124716_33.out:    Running contrast 791/1301
deg_analysis_31124716_33.out:    Running contrast 796/1301
deg_analysis_31124716_33.out:    Running contrast 801/1301
deg_analysis_31124716_33.out:    Running contrast 806/1301
deg_analysis_31124716_33.out:    Running contrast 811/1301
deg_analysis_31124716_33.out:    Running contrast 816/1301
deg_analysis_31124716_33.out:    Running contrast 821/1301
deg_analysis_31124716_33.out:    Running contrast 826/1301
deg_analysis_31124716_33.out:    Running contrast 831/1301
deg_analysis_31124716_33.out:    Running contrast 836/1301
deg_analysis_31124716_33.out:    Running contrast 841/1301
deg_analysis_31124716_33.out:    Running contrast 846/1301
deg_analysis_31124716_33.out:    Running contrast 851/1301
deg_analysis_31124716_33.out:    Running contrast 856/1301
deg_analysis_31124716_33.out:    Running contrast 861/1301
deg_analysis_31124716_33.out:    Running contrast 866/1301
deg_analysis_31124716_33.out:    Running contrast 871/1301
deg_analysis_31124716_33.out:    Running contrast 876/1301
deg_analysis_31124716_33.out:    Running contrast 881/1301
deg_analysis_31124716_33.out:    Running contrast 886/1301
deg_analysis_31124716_33.out:    Running contrast 891/1301
deg_analysis_31124716_33.out:    Running contrast 896/1301
deg_analysis_31124716_33.out:    Running contrast 901/1301
deg_analysis_31124716_33.out:    Running contrast 906/1301
deg_analysis_31124716_33.out:    Running contrast 911/1301
deg_analysis_31124716_33.out:    Running contrast 916/1301
deg_analysis_31124716_33.out:    Running contrast 921/1301
deg_analysis_31124716_33.out:    Running contrast 926/1301
deg_analysis_31124716_33.out:    Running contrast 931/1301
deg_analysis_31124716_33.out:    Running contrast 936/1301
deg_analysis_31124716_33.out:    Running contrast 941/1301
deg_analysis_31124716_33.out:    Running contrast 946/1301
deg_analysis_31124716_33.out:    Running contrast 951/1301
deg_analysis_31124716_33.out:    Running contrast 956/1301
deg_analysis_31124716_33.out:    Running contrast 961/1301
deg_analysis_31124716_33.out:    Running contrast 966/1301
deg_analysis_31124716_33.out:    Running contrast 971/1301
deg_analysis_31124716_33.out:    Running contrast 976/1301
deg_analysis_31124716_33.out:    Running contrast 981/1301
deg_analysis_31124716_33.out:    Running contrast 986/1301
deg_analysis_31124716_33.out:    Running contrast 991/1301
deg_analysis_31124716_33.out:    Running contrast 996/1301
deg_analysis_31124716_33.out:    Running contrast 1001/1301
deg_analysis_31124716_33.out:    Running contrast 1006/1301
deg_analysis_31124716_33.out:    Running contrast 1011/1301
deg_analysis_31124716_33.out:    Running contrast 1016/1301
deg_analysis_31124716_33.out:    Running contrast 1021/1301
deg_analysis_31124716_33.out:    Running contrast 1026/1301
deg_analysis_31124716_33.out:    Running contrast 1031/1301
deg_analysis_31124716_33.out:    Running contrast 1036/1301
deg_analysis_31124716_33.out:    Running contrast 1041/1301
deg_analysis_31124716_33.out:    Running contrast 1046/1301
deg_analysis_31124716_33.out:    Running contrast 1051/1301
deg_analysis_31124716_33.out:    Running contrast 1056/1301
deg_analysis_31124716_33.out:    Running contrast 1061/1301
deg_analysis_31124716_33.out:    Running contrast 1066/1301
deg_analysis_31124716_33.out:    Running contrast 1071/1301
deg_analysis_31124716_33.out:    Running contrast 1076/1301
deg_analysis_31124716_33.out:    Running contrast 1081/1301
deg_analysis_31124716_33.out:    Running contrast 1086/1301
deg_analysis_31124716_33.out:    Running contrast 1091/1301
deg_analysis_31124716_33.out:    Running contrast 1096/1301
deg_analysis_31124716_33.out:    Running contrast 1101/1301
deg_analysis_31124716_33.out:    Running contrast 1106/1301
deg_analysis_31124716_33.out:    Running contrast 1111/1301
deg_analysis_31124716_33.out:    Running contrast 1116/1301
deg_analysis_31124716_33.out:    Running contrast 1121/1301
deg_analysis_31124716_33.out:    Running contrast 1126/1301
deg_analysis_31124716_33.out:    Running contrast 1131/1301
deg_analysis_31124716_33.out:    Running contrast 1136/1301
deg_analysis_31124716_33.out:    Running contrast 1141/1301
deg_analysis_31124716_33.out:    Running contrast 1146/1301
deg_analysis_31124716_33.out:    Running contrast 1151/1301
deg_analysis_31124716_33.out:    Running contrast 1156/1301
deg_analysis_31124716_33.out:    Running contrast 1161/1301
deg_analysis_31124716_33.out:    Running contrast 1166/1301
deg_analysis_31124716_33.out:    Running contrast 1171/1301
deg_analysis_31124716_33.out:    Running contrast 1176/1301
deg_analysis_31124716_33.out:    Running contrast 1181/1301
deg_analysis_31124716_33.out:    Running contrast 1186/1301
deg_analysis_31124716_33.out:    Running contrast 1191/1301
deg_analysis_31124716_33.out:    Running contrast 1196/1301
deg_analysis_31124716_33.out:    Running contrast 1201/1301
deg_analysis_31124716_33.out:    Running contrast 1206/1301
deg_analysis_31124716_33.out:    Running contrast 1211/1301
deg_analysis_31124716_33.out:    Running contrast 1216/1301
deg_analysis_31124716_33.out:    Running contrast 1221/1301
deg_analysis_31124716_33.out:    Running contrast 1226/1301
deg_analysis_31124716_33.out:    Running contrast 1231/1301
deg_analysis_31124716_33.out:    Running contrast 1236/1301
deg_analysis_31124716_33.out:    Running contrast 1241/1301
deg_analysis_31124716_33.out:    Running contrast 1246/1301
deg_analysis_31124716_33.out:    Running contrast 1251/1301
deg_analysis_31124716_33.out:    Running contrast 1256/1301
deg_analysis_31124716_33.out:    Running contrast 1261/1301
deg_analysis_31124716_33.out:    Running contrast 1266/1301
deg_analysis_31124716_33.out:    Running contrast 1271/1301
deg_analysis_31124716_33.out:    Running contrast 1276/1301
deg_analysis_31124716_33.out:    Running contrast 1281/1301
deg_analysis_31124716_33.out:    Running contrast 1286/1301
deg_analysis_31124716_33.out:    Running contrast 1291/1301
deg_analysis_31124716_33.out:    Running contrast 1296/1301
deg_analysis_31124716_33.out:    Running contrast 1301/1301
deg_analysis_31124716_33.out:
deg_analysis_31124716_33.out:    Writing:  ./data/tahoe/deg_data/sep_rep/full/qc_false/filter_min_cells_50/CVCL_1478_de.h5ad 
deg_analysis_31124716_33.out:
deg_analysis_31124716_33.out:    Rewriting h5ad file: ./data/tahoe/deg_data/sep_rep/full/qc_false/filter_min_cells_50/CVCL_1478_de.h5ad 
deg_analysis_31124716_33.out:    Removed X matrix
deg_analysis_31124716_33.out:    Rewriting h5ad file is done!
deg_analysis_31124716_33.out:✓ Cell line completed in 12183.2 seconds
deg_analysis_31124716_33.out:
deg_analysis_31124716_33.out:DE analysis completed!
deg_analysis_31124716_33.out:
deg_analysis_31124716_33.out:Total runtime: 12196.5 seconds
deg_analysis_31124716_34.out:
deg_analysis_31124716_34.out:DE analysis started...
deg_analysis_31124716_34.out:Loaded input file:  ./data/tahoe/pseudobulk_processed/sep_rep/by_celltype/CVCL_1495_processed.h5ad 
deg_analysis_31124716_34.out:Initial dimensions:  1338  samples ×  62710  genes
deg_analysis_31124716_34.out:Filter samples with the low number of cells
deg_analysis_31124716_34.out:    Filter threshold (min_cells):  50 
deg_analysis_31124716_34.out:    n_obs:  1338 -->  1329 
deg_analysis_31124716_34.out:
deg_analysis_31124716_34.out:▶︎ Processing cell_type  1 / 1 :  CVCL_1495 
deg_analysis_31124716_34.out:    Filter controls by  pert_time_h  column
deg_analysis_31124716_34.out:        n_obs:  1329 -->  1329 
deg_analysis_31124716_34.out:
deg_analysis_31124716_34.out:    Running contrast 1/1301
deg_analysis_31124716_34.out:    Running contrast 6/1301
deg_analysis_31124716_34.out:    Running contrast 11/1301
deg_analysis_31124716_34.out:    Running contrast 16/1301
deg_analysis_31124716_34.out:    Running contrast 21/1301
deg_analysis_31124716_34.out:    Running contrast 26/1301
deg_analysis_31124716_34.out:    Running contrast 31/1301
deg_analysis_31124716_34.out:    Running contrast 36/1301
deg_analysis_31124716_34.out:    Running contrast 41/1301
deg_analysis_31124716_34.out:    Running contrast 46/1301
deg_analysis_31124716_34.out:    Running contrast 51/1301
deg_analysis_31124716_34.out:    Running contrast 56/1301
deg_analysis_31124716_34.out:    Running contrast 61/1301
deg_analysis_31124716_34.out:    Running contrast 66/1301
deg_analysis_31124716_34.out:    Running contrast 71/1301
deg_analysis_31124716_34.out:    Running contrast 76/1301
deg_analysis_31124716_34.out:    Running contrast 81/1301
deg_analysis_31124716_34.out:    Running contrast 86/1301
deg_analysis_31124716_34.out:    Running contrast 91/1301
deg_analysis_31124716_34.out:    Running contrast 96/1301
deg_analysis_31124716_34.out:    Running contrast 101/1301
deg_analysis_31124716_34.out:    Running contrast 106/1301
deg_analysis_31124716_34.out:    Running contrast 111/1301
deg_analysis_31124716_34.out:    Running contrast 116/1301
deg_analysis_31124716_34.out:    Running contrast 121/1301
deg_analysis_31124716_34.out:    Running contrast 126/1301
deg_analysis_31124716_34.out:    Running contrast 131/1301
deg_analysis_31124716_34.out:    Running contrast 136/1301
deg_analysis_31124716_34.out:    Running contrast 141/1301
deg_analysis_31124716_34.out:    Running contrast 146/1301
deg_analysis_31124716_34.out:    Running contrast 151/1301
deg_analysis_31124716_34.out:    Running contrast 156/1301
deg_analysis_31124716_34.out:    Running contrast 161/1301
deg_analysis_31124716_34.out:    Running contrast 166/1301
deg_analysis_31124716_34.out:    Running contrast 171/1301
deg_analysis_31124716_34.out:    Running contrast 176/1301
deg_analysis_31124716_34.out:    Running contrast 181/1301
deg_analysis_31124716_34.out:    Running contrast 186/1301
deg_analysis_31124716_34.out:    Running contrast 191/1301
deg_analysis_31124716_34.out:    Running contrast 196/1301
deg_analysis_31124716_34.out:    Running contrast 201/1301
deg_analysis_31124716_34.out:    Running contrast 206/1301
deg_analysis_31124716_34.out:    Running contrast 211/1301
deg_analysis_31124716_34.out:    Running contrast 216/1301
deg_analysis_31124716_34.out:    Running contrast 221/1301
deg_analysis_31124716_34.out:    Running contrast 226/1301
deg_analysis_31124716_34.out:    Running contrast 231/1301
deg_analysis_31124716_34.out:    Running contrast 236/1301
deg_analysis_31124716_34.out:    Running contrast 241/1301
deg_analysis_31124716_34.out:    Running contrast 246/1301
deg_analysis_31124716_34.out:    Running contrast 251/1301
deg_analysis_31124716_34.out:    Running contrast 256/1301
deg_analysis_31124716_34.out:    Running contrast 261/1301
deg_analysis_31124716_34.out:    Running contrast 266/1301
deg_analysis_31124716_34.out:    Running contrast 271/1301
deg_analysis_31124716_34.out:    Running contrast 276/1301
deg_analysis_31124716_34.out:    Running contrast 281/1301
deg_analysis_31124716_34.out:    Running contrast 286/1301
deg_analysis_31124716_34.out:    Running contrast 291/1301
deg_analysis_31124716_34.out:    Running contrast 296/1301
deg_analysis_31124716_34.out:    Running contrast 301/1301
deg_analysis_31124716_34.out:    Running contrast 306/1301
deg_analysis_31124716_34.out:    Running contrast 311/1301
deg_analysis_31124716_34.out:    Running contrast 316/1301
deg_analysis_31124716_34.out:    Running contrast 321/1301
deg_analysis_31124716_34.out:    Running contrast 326/1301
deg_analysis_31124716_34.out:    Running contrast 331/1301
deg_analysis_31124716_34.out:    Running contrast 336/1301
deg_analysis_31124716_34.out:    Running contrast 341/1301
deg_analysis_31124716_34.out:    Running contrast 346/1301
deg_analysis_31124716_34.out:    Running contrast 351/1301
deg_analysis_31124716_34.out:    Running contrast 356/1301
deg_analysis_31124716_34.out:    Running contrast 361/1301
deg_analysis_31124716_34.out:    Running contrast 366/1301
deg_analysis_31124716_34.out:    Running contrast 371/1301
deg_analysis_31124716_34.out:    Running contrast 376/1301
deg_analysis_31124716_34.out:    Running contrast 381/1301
deg_analysis_31124716_34.out:    Running contrast 386/1301
deg_analysis_31124716_34.out:    Running contrast 391/1301
deg_analysis_31124716_34.out:    Running contrast 396/1301
deg_analysis_31124716_34.out:    Running contrast 401/1301
deg_analysis_31124716_34.out:    Running contrast 406/1301
deg_analysis_31124716_34.out:    Running contrast 411/1301
deg_analysis_31124716_34.out:    Running contrast 416/1301
deg_analysis_31124716_34.out:    Running contrast 421/1301
deg_analysis_31124716_34.out:    Running contrast 426/1301
deg_analysis_31124716_34.out:    Running contrast 431/1301
deg_analysis_31124716_34.out:    Running contrast 436/1301
deg_analysis_31124716_34.out:    Running contrast 441/1301
deg_analysis_31124716_34.out:    Running contrast 446/1301
deg_analysis_31124716_34.out:    Running contrast 451/1301
deg_analysis_31124716_34.out:    Running contrast 456/1301
deg_analysis_31124716_34.out:    Running contrast 461/1301
deg_analysis_31124716_34.out:    Running contrast 466/1301
deg_analysis_31124716_34.out:    Running contrast 471/1301
deg_analysis_31124716_34.out:    Running contrast 476/1301
deg_analysis_31124716_34.out:    Running contrast 481/1301
deg_analysis_31124716_34.out:    Running contrast 486/1301
deg_analysis_31124716_34.out:    Running contrast 491/1301
deg_analysis_31124716_34.out:    Running contrast 496/1301
deg_analysis_31124716_34.out:    Running contrast 501/1301
deg_analysis_31124716_34.out:    Running contrast 506/1301
deg_analysis_31124716_34.out:    Running contrast 511/1301
deg_analysis_31124716_34.out:    Running contrast 516/1301
deg_analysis_31124716_34.out:    Running contrast 521/1301
deg_analysis_31124716_34.out:    Running contrast 526/1301
deg_analysis_31124716_34.out:    Running contrast 531/1301
deg_analysis_31124716_34.out:    Running contrast 536/1301
deg_analysis_31124716_34.out:    Running contrast 541/1301
deg_analysis_31124716_34.out:    Running contrast 546/1301
deg_analysis_31124716_34.out:    Running contrast 551/1301
deg_analysis_31124716_34.out:    Running contrast 556/1301
deg_analysis_31124716_34.out:    Running contrast 561/1301
deg_analysis_31124716_34.out:    Running contrast 566/1301
deg_analysis_31124716_34.out:    Running contrast 571/1301
deg_analysis_31124716_34.out:    Running contrast 576/1301
deg_analysis_31124716_34.out:    Running contrast 581/1301
deg_analysis_31124716_34.out:    Running contrast 586/1301
deg_analysis_31124716_34.out:    Running contrast 591/1301
deg_analysis_31124716_34.out:    Running contrast 596/1301
deg_analysis_31124716_34.out:    Running contrast 601/1301
deg_analysis_31124716_34.out:    Running contrast 606/1301
deg_analysis_31124716_34.out:    Running contrast 611/1301
deg_analysis_31124716_34.out:    Running contrast 616/1301
deg_analysis_31124716_34.out:    Running contrast 621/1301
deg_analysis_31124716_34.out:    Running contrast 626/1301
deg_analysis_31124716_34.out:    Running contrast 631/1301
deg_analysis_31124716_34.out:    Running contrast 636/1301
deg_analysis_31124716_34.out:    Running contrast 641/1301
deg_analysis_31124716_34.out:    Running contrast 646/1301
deg_analysis_31124716_34.out:    Running contrast 651/1301
deg_analysis_31124716_34.out:    Running contrast 656/1301
deg_analysis_31124716_34.out:    Running contrast 661/1301
deg_analysis_31124716_34.out:    Running contrast 666/1301
deg_analysis_31124716_34.out:    Running contrast 671/1301
deg_analysis_31124716_34.out:    Running contrast 676/1301
deg_analysis_31124716_34.out:    Running contrast 681/1301
deg_analysis_31124716_34.out:    Running contrast 686/1301
deg_analysis_31124716_34.out:    Running contrast 691/1301
deg_analysis_31124716_34.out:    Running contrast 696/1301
deg_analysis_31124716_34.out:    Running contrast 701/1301
deg_analysis_31124716_34.out:    Running contrast 706/1301
deg_analysis_31124716_34.out:    Running contrast 711/1301
deg_analysis_31124716_34.out:    Running contrast 716/1301
deg_analysis_31124716_34.out:    Running contrast 721/1301
deg_analysis_31124716_34.out:    Running contrast 726/1301
deg_analysis_31124716_34.out:    Running contrast 731/1301
deg_analysis_31124716_34.out:    Running contrast 736/1301
deg_analysis_31124716_34.out:    Running contrast 741/1301
deg_analysis_31124716_34.out:    Running contrast 746/1301
deg_analysis_31124716_34.out:    Running contrast 751/1301
deg_analysis_31124716_34.out:    Running contrast 756/1301
deg_analysis_31124716_34.out:    Running contrast 761/1301
deg_analysis_31124716_34.out:    Running contrast 766/1301
deg_analysis_31124716_34.out:    Running contrast 771/1301
deg_analysis_31124716_34.out:    Running contrast 776/1301
deg_analysis_31124716_34.out:    Running contrast 781/1301
deg_analysis_31124716_34.out:    Running contrast 786/1301
deg_analysis_31124716_34.out:    Running contrast 791/1301
deg_analysis_31124716_34.out:    Running contrast 796/1301
deg_analysis_31124716_34.out:    Running contrast 801/1301
deg_analysis_31124716_34.out:    Running contrast 806/1301
deg_analysis_31124716_34.out:    Running contrast 811/1301
deg_analysis_31124716_34.out:    Running contrast 816/1301
deg_analysis_31124716_34.out:    Running contrast 821/1301
deg_analysis_31124716_34.out:    Running contrast 826/1301
deg_analysis_31124716_34.out:    Running contrast 831/1301
deg_analysis_31124716_34.out:    Running contrast 836/1301
deg_analysis_31124716_34.out:    Running contrast 841/1301
deg_analysis_31124716_34.out:    Running contrast 846/1301
deg_analysis_31124716_34.out:    Running contrast 851/1301
deg_analysis_31124716_34.out:    Running contrast 856/1301
deg_analysis_31124716_34.out:    Running contrast 861/1301
deg_analysis_31124716_34.out:    Running contrast 866/1301
deg_analysis_31124716_34.out:    Running contrast 871/1301
deg_analysis_31124716_34.out:    Running contrast 876/1301
deg_analysis_31124716_34.out:    Running contrast 881/1301
deg_analysis_31124716_34.out:    Running contrast 886/1301
deg_analysis_31124716_34.out:    Running contrast 891/1301
deg_analysis_31124716_34.out:    Running contrast 896/1301
deg_analysis_31124716_34.out:    Running contrast 901/1301
deg_analysis_31124716_34.out:    Running contrast 906/1301
deg_analysis_31124716_34.out:    Running contrast 911/1301
deg_analysis_31124716_34.out:    Running contrast 916/1301
deg_analysis_31124716_34.out:    Running contrast 921/1301
deg_analysis_31124716_34.out:    Running contrast 926/1301
deg_analysis_31124716_34.out:    Running contrast 931/1301
deg_analysis_31124716_34.out:    Running contrast 936/1301
deg_analysis_31124716_34.out:    Running contrast 941/1301
deg_analysis_31124716_34.out:    Running contrast 946/1301
deg_analysis_31124716_34.out:    Running contrast 951/1301
deg_analysis_31124716_34.out:    Running contrast 956/1301
deg_analysis_31124716_34.out:    Running contrast 961/1301
deg_analysis_31124716_34.out:    Running contrast 966/1301
deg_analysis_31124716_34.out:    Running contrast 971/1301
deg_analysis_31124716_34.out:    Running contrast 976/1301
deg_analysis_31124716_34.out:    Running contrast 981/1301
deg_analysis_31124716_34.out:    Running contrast 986/1301
deg_analysis_31124716_34.out:    Running contrast 991/1301
deg_analysis_31124716_34.out:    Running contrast 996/1301
deg_analysis_31124716_34.out:    Running contrast 1001/1301
deg_analysis_31124716_34.out:    Running contrast 1006/1301
deg_analysis_31124716_34.out:    Running contrast 1011/1301
deg_analysis_31124716_34.out:    Running contrast 1016/1301
deg_analysis_31124716_34.out:    Running contrast 1021/1301
deg_analysis_31124716_34.out:    Running contrast 1026/1301
deg_analysis_31124716_34.out:    Running contrast 1031/1301
deg_analysis_31124716_34.out:    Running contrast 1036/1301
deg_analysis_31124716_34.out:    Running contrast 1041/1301
deg_analysis_31124716_34.out:    Running contrast 1046/1301
deg_analysis_31124716_34.out:    Running contrast 1051/1301
deg_analysis_31124716_34.out:    Running contrast 1056/1301
deg_analysis_31124716_34.out:    Running contrast 1061/1301
deg_analysis_31124716_34.out:    Running contrast 1066/1301
deg_analysis_31124716_34.out:    Running contrast 1071/1301
deg_analysis_31124716_34.out:    Running contrast 1076/1301
deg_analysis_31124716_34.out:    Running contrast 1081/1301
deg_analysis_31124716_34.out:    Running contrast 1086/1301
deg_analysis_31124716_34.out:    Running contrast 1091/1301
deg_analysis_31124716_34.out:    Running contrast 1096/1301
deg_analysis_31124716_34.out:    Running contrast 1101/1301
deg_analysis_31124716_34.out:    Running contrast 1106/1301
deg_analysis_31124716_34.out:    Running contrast 1111/1301
deg_analysis_31124716_34.out:    Running contrast 1116/1301
deg_analysis_31124716_34.out:    Running contrast 1121/1301
deg_analysis_31124716_34.out:    Running contrast 1126/1301
deg_analysis_31124716_34.out:    Running contrast 1131/1301
deg_analysis_31124716_34.out:    Running contrast 1136/1301
deg_analysis_31124716_34.out:    Running contrast 1141/1301
deg_analysis_31124716_34.out:    Running contrast 1146/1301
deg_analysis_31124716_34.out:    Running contrast 1151/1301
deg_analysis_31124716_34.out:    Running contrast 1156/1301
deg_analysis_31124716_34.out:    Running contrast 1161/1301
deg_analysis_31124716_34.out:    Running contrast 1166/1301
deg_analysis_31124716_34.out:    Running contrast 1171/1301
deg_analysis_31124716_34.out:    Running contrast 1176/1301
deg_analysis_31124716_34.out:    Running contrast 1181/1301
deg_analysis_31124716_34.out:    Running contrast 1186/1301
deg_analysis_31124716_34.out:    Running contrast 1191/1301
deg_analysis_31124716_34.out:    Running contrast 1196/1301
deg_analysis_31124716_34.out:    Running contrast 1201/1301
deg_analysis_31124716_34.out:    Running contrast 1206/1301
deg_analysis_31124716_34.out:    Running contrast 1211/1301
deg_analysis_31124716_34.out:    Running contrast 1216/1301
deg_analysis_31124716_34.out:    Running contrast 1221/1301
deg_analysis_31124716_34.out:    Running contrast 1226/1301
deg_analysis_31124716_34.out:    Running contrast 1231/1301
deg_analysis_31124716_34.out:    Running contrast 1236/1301
deg_analysis_31124716_34.out:    Running contrast 1241/1301
deg_analysis_31124716_34.out:    Running contrast 1246/1301
deg_analysis_31124716_34.out:    Running contrast 1251/1301
deg_analysis_31124716_34.out:    Running contrast 1256/1301
deg_analysis_31124716_34.out:    Running contrast 1261/1301
deg_analysis_31124716_34.out:    Running contrast 1266/1301
deg_analysis_31124716_34.out:    Running contrast 1271/1301
deg_analysis_31124716_34.out:    Running contrast 1276/1301
deg_analysis_31124716_34.out:    Running contrast 1281/1301
deg_analysis_31124716_34.out:    Running contrast 1286/1301
deg_analysis_31124716_34.out:    Running contrast 1291/1301
deg_analysis_31124716_34.out:    Running contrast 1296/1301
deg_analysis_31124716_34.out:    Running contrast 1301/1301
deg_analysis_31124716_34.out:
deg_analysis_31124716_34.out:    Writing:  ./data/tahoe/deg_data/sep_rep/full/qc_false/filter_min_cells_50/CVCL_1495_de.h5ad 
deg_analysis_31124716_34.out:
deg_analysis_31124716_34.out:    Rewriting h5ad file: ./data/tahoe/deg_data/sep_rep/full/qc_false/filter_min_cells_50/CVCL_1495_de.h5ad 
deg_analysis_31124716_34.out:    Removed X matrix
deg_analysis_31124716_34.out:    Rewriting h5ad file is done!
deg_analysis_31124716_34.out:✓ Cell line completed in 13221.8 seconds
deg_analysis_31124716_34.out:
deg_analysis_31124716_34.out:DE analysis completed!
deg_analysis_31124716_34.out:
deg_analysis_31124716_34.out:Total runtime: 13235.4 seconds
deg_analysis_31124716_35.out:
deg_analysis_31124716_35.out:DE analysis started...
deg_analysis_31124716_35.out:Loaded input file:  ./data/tahoe/pseudobulk_processed/sep_rep/by_celltype/CVCL_1517_processed.h5ad 
deg_analysis_31124716_35.out:Initial dimensions:  1344  samples ×  62710  genes
deg_analysis_31124716_35.out:Filter samples with the low number of cells
deg_analysis_31124716_35.out:    Filter threshold (min_cells):  50 
deg_analysis_31124716_35.out:    n_obs:  1344 -->  1330 
deg_analysis_31124716_35.out:
deg_analysis_31124716_35.out:▶︎ Processing cell_type  1 / 1 :  CVCL_1517 
deg_analysis_31124716_35.out:    Filter controls by  pert_time_h  column
deg_analysis_31124716_35.out:        n_obs:  1330 -->  1330 
deg_analysis_31124716_35.out:
deg_analysis_31124716_35.out:    Running contrast 1/1302
deg_analysis_31124716_35.out:    Running contrast 6/1302
deg_analysis_31124716_35.out:    Running contrast 11/1302
deg_analysis_31124716_35.out:    Running contrast 16/1302
deg_analysis_31124716_35.out:    Running contrast 21/1302
deg_analysis_31124716_35.out:    Running contrast 26/1302
deg_analysis_31124716_35.out:    Running contrast 31/1302
deg_analysis_31124716_35.out:    Running contrast 36/1302
deg_analysis_31124716_35.out:    Running contrast 41/1302
deg_analysis_31124716_35.out:    Running contrast 46/1302
deg_analysis_31124716_35.out:    Running contrast 51/1302
deg_analysis_31124716_35.out:    Running contrast 56/1302
deg_analysis_31124716_35.out:    Running contrast 61/1302
deg_analysis_31124716_35.out:    Running contrast 66/1302
deg_analysis_31124716_35.out:    Running contrast 71/1302
deg_analysis_31124716_35.out:    Running contrast 76/1302
deg_analysis_31124716_35.out:    Running contrast 81/1302
deg_analysis_31124716_35.out:    Running contrast 86/1302
deg_analysis_31124716_35.out:    Running contrast 91/1302
deg_analysis_31124716_35.out:    Running contrast 96/1302
deg_analysis_31124716_35.out:    Running contrast 101/1302
deg_analysis_31124716_35.out:    Running contrast 106/1302
deg_analysis_31124716_35.out:    Running contrast 111/1302
deg_analysis_31124716_35.out:    Running contrast 116/1302
deg_analysis_31124716_35.out:    Running contrast 121/1302
deg_analysis_31124716_35.out:    Running contrast 126/1302
deg_analysis_31124716_35.out:    Running contrast 131/1302
deg_analysis_31124716_35.out:    Running contrast 136/1302
deg_analysis_31124716_35.out:    Running contrast 141/1302
deg_analysis_31124716_35.out:    Running contrast 146/1302
deg_analysis_31124716_35.out:    Running contrast 151/1302
deg_analysis_31124716_35.out:    Running contrast 156/1302
deg_analysis_31124716_35.out:    Running contrast 161/1302
deg_analysis_31124716_35.out:    Running contrast 166/1302
deg_analysis_31124716_35.out:    Running contrast 171/1302
deg_analysis_31124716_35.out:    Running contrast 176/1302
deg_analysis_31124716_35.out:    Running contrast 181/1302
deg_analysis_31124716_35.out:    Running contrast 186/1302
deg_analysis_31124716_35.out:    Running contrast 191/1302
deg_analysis_31124716_35.out:    Running contrast 196/1302
deg_analysis_31124716_35.out:    Running contrast 201/1302
deg_analysis_31124716_35.out:    Running contrast 206/1302
deg_analysis_31124716_35.out:    Running contrast 211/1302
deg_analysis_31124716_35.out:    Running contrast 216/1302
deg_analysis_31124716_35.out:    Running contrast 221/1302
deg_analysis_31124716_35.out:    Running contrast 226/1302
deg_analysis_31124716_35.out:    Running contrast 231/1302
deg_analysis_31124716_35.out:    Running contrast 236/1302
deg_analysis_31124716_35.out:    Running contrast 241/1302
deg_analysis_31124716_35.out:    Running contrast 246/1302
deg_analysis_31124716_35.out:    Running contrast 251/1302
deg_analysis_31124716_35.out:    Running contrast 256/1302
deg_analysis_31124716_35.out:    Running contrast 261/1302
deg_analysis_31124716_35.out:    Running contrast 266/1302
deg_analysis_31124716_35.out:    Running contrast 271/1302
deg_analysis_31124716_35.out:    Running contrast 276/1302
deg_analysis_31124716_35.out:    Running contrast 281/1302
deg_analysis_31124716_35.out:    Running contrast 286/1302
deg_analysis_31124716_35.out:    Running contrast 291/1302
deg_analysis_31124716_35.out:    Running contrast 296/1302
deg_analysis_31124716_35.out:    Running contrast 301/1302
deg_analysis_31124716_35.out:    Running contrast 306/1302
deg_analysis_31124716_35.out:    Running contrast 311/1302
deg_analysis_31124716_35.out:    Running contrast 316/1302
deg_analysis_31124716_35.out:    Running contrast 321/1302
deg_analysis_31124716_35.out:    Running contrast 326/1302
deg_analysis_31124716_35.out:    Running contrast 331/1302
deg_analysis_31124716_35.out:    Running contrast 336/1302
deg_analysis_31124716_35.out:    Running contrast 341/1302
deg_analysis_31124716_35.out:    Running contrast 346/1302
deg_analysis_31124716_35.out:    Running contrast 351/1302
deg_analysis_31124716_35.out:    Running contrast 356/1302
deg_analysis_31124716_35.out:    Running contrast 361/1302
deg_analysis_31124716_35.out:    Running contrast 366/1302
deg_analysis_31124716_35.out:    Running contrast 371/1302
deg_analysis_31124716_35.out:    Running contrast 376/1302
deg_analysis_31124716_35.out:    Running contrast 381/1302
deg_analysis_31124716_35.out:    Running contrast 386/1302
deg_analysis_31124716_35.out:    Running contrast 391/1302
deg_analysis_31124716_35.out:    Running contrast 396/1302
deg_analysis_31124716_35.out:    Running contrast 401/1302
deg_analysis_31124716_35.out:    Running contrast 406/1302
deg_analysis_31124716_35.out:    Running contrast 411/1302
deg_analysis_31124716_35.out:    Running contrast 416/1302
deg_analysis_31124716_35.out:    Running contrast 421/1302
deg_analysis_31124716_35.out:    Running contrast 426/1302
deg_analysis_31124716_35.out:    Running contrast 431/1302
deg_analysis_31124716_35.out:    Running contrast 436/1302
deg_analysis_31124716_35.out:    Running contrast 441/1302
deg_analysis_31124716_35.out:    Running contrast 446/1302
deg_analysis_31124716_35.out:    Running contrast 451/1302
deg_analysis_31124716_35.out:    Running contrast 456/1302
deg_analysis_31124716_35.out:    Running contrast 461/1302
deg_analysis_31124716_35.out:    Running contrast 466/1302
deg_analysis_31124716_35.out:    Running contrast 471/1302
deg_analysis_31124716_35.out:    Running contrast 476/1302
deg_analysis_31124716_35.out:    Running contrast 481/1302
deg_analysis_31124716_35.out:    Running contrast 486/1302
deg_analysis_31124716_35.out:    Running contrast 491/1302
deg_analysis_31124716_35.out:    Running contrast 496/1302
deg_analysis_31124716_35.out:    Running contrast 501/1302
deg_analysis_31124716_35.out:    Running contrast 506/1302
deg_analysis_31124716_35.out:    Running contrast 511/1302
deg_analysis_31124716_35.out:    Running contrast 516/1302
deg_analysis_31124716_35.out:    Running contrast 521/1302
deg_analysis_31124716_35.out:    Running contrast 526/1302
deg_analysis_31124716_35.out:    Running contrast 531/1302
deg_analysis_31124716_35.out:    Running contrast 536/1302
deg_analysis_31124716_35.out:    Running contrast 541/1302
deg_analysis_31124716_35.out:    Running contrast 546/1302
deg_analysis_31124716_35.out:    Running contrast 551/1302
deg_analysis_31124716_35.out:    Running contrast 556/1302
deg_analysis_31124716_35.out:    Running contrast 561/1302
deg_analysis_31124716_35.out:    Running contrast 566/1302
deg_analysis_31124716_35.out:    Running contrast 571/1302
deg_analysis_31124716_35.out:    Running contrast 576/1302
deg_analysis_31124716_35.out:    Running contrast 581/1302
deg_analysis_31124716_35.out:    Running contrast 586/1302
deg_analysis_31124716_35.out:    Running contrast 591/1302
deg_analysis_31124716_35.out:    Running contrast 596/1302
deg_analysis_31124716_35.out:    Running contrast 601/1302
deg_analysis_31124716_35.out:    Running contrast 606/1302
deg_analysis_31124716_35.out:    Running contrast 611/1302
deg_analysis_31124716_35.out:    Running contrast 616/1302
deg_analysis_31124716_35.out:    Running contrast 621/1302
deg_analysis_31124716_35.out:    Running contrast 626/1302
deg_analysis_31124716_35.out:    Running contrast 631/1302
deg_analysis_31124716_35.out:    Running contrast 636/1302
deg_analysis_31124716_35.out:    Running contrast 641/1302
deg_analysis_31124716_35.out:    Running contrast 646/1302
deg_analysis_31124716_35.out:    Running contrast 651/1302
deg_analysis_31124716_35.out:    Running contrast 656/1302
deg_analysis_31124716_35.out:    Running contrast 661/1302
deg_analysis_31124716_35.out:    Running contrast 666/1302
deg_analysis_31124716_35.out:    Running contrast 671/1302
deg_analysis_31124716_35.out:    Running contrast 676/1302
deg_analysis_31124716_35.out:    Running contrast 681/1302
deg_analysis_31124716_35.out:    Running contrast 686/1302
deg_analysis_31124716_35.out:    Running contrast 691/1302
deg_analysis_31124716_35.out:    Running contrast 696/1302
deg_analysis_31124716_35.out:    Running contrast 701/1302
deg_analysis_31124716_35.out:    Running contrast 706/1302
deg_analysis_31124716_35.out:    Running contrast 711/1302
deg_analysis_31124716_35.out:    Running contrast 716/1302
deg_analysis_31124716_35.out:    Running contrast 721/1302
deg_analysis_31124716_35.out:    Running contrast 726/1302
deg_analysis_31124716_35.out:    Running contrast 731/1302
deg_analysis_31124716_35.out:    Running contrast 736/1302
deg_analysis_31124716_35.out:    Running contrast 741/1302
deg_analysis_31124716_35.out:    Running contrast 746/1302
deg_analysis_31124716_35.out:    Running contrast 751/1302
deg_analysis_31124716_35.out:    Running contrast 756/1302
deg_analysis_31124716_35.out:    Running contrast 761/1302
deg_analysis_31124716_35.out:    Running contrast 766/1302
deg_analysis_31124716_35.out:    Running contrast 771/1302
deg_analysis_31124716_35.out:    Running contrast 776/1302
deg_analysis_31124716_35.out:    Running contrast 781/1302
deg_analysis_31124716_35.out:    Running contrast 786/1302
deg_analysis_31124716_35.out:    Running contrast 791/1302
deg_analysis_31124716_35.out:    Running contrast 796/1302
deg_analysis_31124716_35.out:    Running contrast 801/1302
deg_analysis_31124716_35.out:    Running contrast 806/1302
deg_analysis_31124716_35.out:    Running contrast 811/1302
deg_analysis_31124716_35.out:    Running contrast 816/1302
deg_analysis_31124716_35.out:    Running contrast 821/1302
deg_analysis_31124716_35.out:    Running contrast 826/1302
deg_analysis_31124716_35.out:    Running contrast 831/1302
deg_analysis_31124716_35.out:    Running contrast 836/1302
deg_analysis_31124716_35.out:    Running contrast 841/1302
deg_analysis_31124716_35.out:    Running contrast 846/1302
deg_analysis_31124716_35.out:    Running contrast 851/1302
deg_analysis_31124716_35.out:    Running contrast 856/1302
deg_analysis_31124716_35.out:    Running contrast 861/1302
deg_analysis_31124716_35.out:    Running contrast 866/1302
deg_analysis_31124716_35.out:    Running contrast 871/1302
deg_analysis_31124716_35.out:    Running contrast 876/1302
deg_analysis_31124716_35.out:    Running contrast 881/1302
deg_analysis_31124716_35.out:    Running contrast 886/1302
deg_analysis_31124716_35.out:    Running contrast 891/1302
deg_analysis_31124716_35.out:    Running contrast 896/1302
deg_analysis_31124716_35.out:    Running contrast 901/1302
deg_analysis_31124716_35.out:    Running contrast 906/1302
deg_analysis_31124716_35.out:    Running contrast 911/1302
deg_analysis_31124716_35.out:    Running contrast 916/1302
deg_analysis_31124716_35.out:    Running contrast 921/1302
deg_analysis_31124716_35.out:    Running contrast 926/1302
deg_analysis_31124716_35.out:    Running contrast 931/1302
deg_analysis_31124716_35.out:    Running contrast 936/1302
deg_analysis_31124716_35.out:    Running contrast 941/1302
deg_analysis_31124716_35.out:    Running contrast 946/1302
deg_analysis_31124716_35.out:    Running contrast 951/1302
deg_analysis_31124716_35.out:    Running contrast 956/1302
deg_analysis_31124716_35.out:    Running contrast 961/1302
deg_analysis_31124716_35.out:    Running contrast 966/1302
deg_analysis_31124716_35.out:    Running contrast 971/1302
deg_analysis_31124716_35.out:    Running contrast 976/1302
deg_analysis_31124716_35.out:    Running contrast 981/1302
deg_analysis_31124716_35.out:    Running contrast 986/1302
deg_analysis_31124716_35.out:    Running contrast 991/1302
deg_analysis_31124716_35.out:    Running contrast 996/1302
deg_analysis_31124716_35.out:    Running contrast 1001/1302
deg_analysis_31124716_35.out:    Running contrast 1006/1302
deg_analysis_31124716_35.out:    Running contrast 1011/1302
deg_analysis_31124716_35.out:    Running contrast 1016/1302
deg_analysis_31124716_35.out:    Running contrast 1021/1302
deg_analysis_31124716_35.out:    Running contrast 1026/1302
deg_analysis_31124716_35.out:    Running contrast 1031/1302
deg_analysis_31124716_35.out:    Running contrast 1036/1302
deg_analysis_31124716_35.out:    Running contrast 1041/1302
deg_analysis_31124716_35.out:    Running contrast 1046/1302
deg_analysis_31124716_35.out:    Running contrast 1051/1302
deg_analysis_31124716_35.out:    Running contrast 1056/1302
deg_analysis_31124716_35.out:    Running contrast 1061/1302
deg_analysis_31124716_35.out:    Running contrast 1066/1302
deg_analysis_31124716_35.out:    Running contrast 1071/1302
deg_analysis_31124716_35.out:    Running contrast 1076/1302
deg_analysis_31124716_35.out:    Running contrast 1081/1302
deg_analysis_31124716_35.out:    Running contrast 1086/1302
deg_analysis_31124716_35.out:    Running contrast 1091/1302
deg_analysis_31124716_35.out:    Running contrast 1096/1302
deg_analysis_31124716_35.out:    Running contrast 1101/1302
deg_analysis_31124716_35.out:    Running contrast 1106/1302
deg_analysis_31124716_35.out:    Running contrast 1111/1302
deg_analysis_31124716_35.out:    Running contrast 1116/1302
deg_analysis_31124716_35.out:    Running contrast 1121/1302
deg_analysis_31124716_35.out:    Running contrast 1126/1302
deg_analysis_31124716_35.out:    Running contrast 1131/1302
deg_analysis_31124716_35.out:    Running contrast 1136/1302
deg_analysis_31124716_35.out:    Running contrast 1141/1302
deg_analysis_31124716_35.out:    Running contrast 1146/1302
deg_analysis_31124716_35.out:    Running contrast 1151/1302
deg_analysis_31124716_35.out:    Running contrast 1156/1302
deg_analysis_31124716_35.out:    Running contrast 1161/1302
deg_analysis_31124716_35.out:    Running contrast 1166/1302
deg_analysis_31124716_35.out:    Running contrast 1171/1302
deg_analysis_31124716_35.out:    Running contrast 1176/1302
deg_analysis_31124716_35.out:    Running contrast 1181/1302
deg_analysis_31124716_35.out:    Running contrast 1186/1302
deg_analysis_31124716_35.out:    Running contrast 1191/1302
deg_analysis_31124716_35.out:    Running contrast 1196/1302
deg_analysis_31124716_35.out:    Running contrast 1201/1302
deg_analysis_31124716_35.out:    Running contrast 1206/1302
deg_analysis_31124716_35.out:    Running contrast 1211/1302
deg_analysis_31124716_35.out:    Running contrast 1216/1302
deg_analysis_31124716_35.out:    Running contrast 1221/1302
deg_analysis_31124716_35.out:    Running contrast 1226/1302
deg_analysis_31124716_35.out:    Running contrast 1231/1302
deg_analysis_31124716_35.out:    Running contrast 1236/1302
deg_analysis_31124716_35.out:    Running contrast 1241/1302
deg_analysis_31124716_35.out:    Running contrast 1246/1302
deg_analysis_31124716_35.out:    Running contrast 1251/1302
deg_analysis_31124716_35.out:    Running contrast 1256/1302
deg_analysis_31124716_35.out:    Running contrast 1261/1302
deg_analysis_31124716_35.out:    Running contrast 1266/1302
deg_analysis_31124716_35.out:    Running contrast 1271/1302
deg_analysis_31124716_35.out:    Running contrast 1276/1302
deg_analysis_31124716_35.out:    Running contrast 1281/1302
deg_analysis_31124716_35.out:    Running contrast 1286/1302
deg_analysis_31124716_35.out:    Running contrast 1291/1302
deg_analysis_31124716_35.out:    Running contrast 1296/1302
deg_analysis_31124716_35.out:    Running contrast 1301/1302
deg_analysis_31124716_35.out:    Running contrast 1302/1302
deg_analysis_31124716_35.out:
deg_analysis_31124716_35.out:    Writing:  ./data/tahoe/deg_data/sep_rep/full/qc_false/filter_min_cells_50/CVCL_1517_de.h5ad 
deg_analysis_31124716_35.out:
deg_analysis_31124716_35.out:    Rewriting h5ad file: ./data/tahoe/deg_data/sep_rep/full/qc_false/filter_min_cells_50/CVCL_1517_de.h5ad 
deg_analysis_31124716_35.out:    Removed X matrix
deg_analysis_31124716_35.out:    Rewriting h5ad file is done!
deg_analysis_31124716_35.out:✓ Cell line completed in 11258.6 seconds
deg_analysis_31124716_35.out:
deg_analysis_31124716_35.out:DE analysis completed!
deg_analysis_31124716_35.out:
deg_analysis_31124716_35.out:Total runtime: 11272.0 seconds
deg_analysis_31124716_36.out:
deg_analysis_31124716_36.out:DE analysis started...
deg_analysis_31124716_36.out:Loaded input file:  ./data/tahoe/pseudobulk_processed/sep_rep/by_celltype/CVCL_1531_processed.h5ad 
deg_analysis_31124716_36.out:Initial dimensions:  1331  samples ×  62710  genes
deg_analysis_31124716_36.out:Filter samples with the low number of cells
deg_analysis_31124716_36.out:    Filter threshold (min_cells):  50 
deg_analysis_31124716_36.out:    n_obs:  1331 -->  2 
deg_analysis_31124716_36.out:
deg_analysis_31124716_36.out:▶︎ Processing cell_type  1 / 1 :  CVCL_1531 
deg_analysis_31124716_36.out:    Filter controls by  pert_time_h  column
deg_analysis_31124716_36.out:        n_obs:  2 -->  2 
deg_analysis_31124716_36.out:
deg_analysis_31124716_36.out:Coefficients not estimable: plateplate9 
deg_analysis_31124716_36.out:Coefficients not estimable: plateplate9 
deg_analysis_31124716_36.out:    Running contrast 1/2
deg_analysis_31124716_36.out:    Running contrast 2/2
deg_analysis_31124716_36.out:
deg_analysis_31124716_36.out:DE analysis completed!
deg_analysis_31124716_36.out:
deg_analysis_31124716_36.out:Total runtime: 11.3 seconds
deg_analysis_31124716_36.err:Warning messages:
deg_analysis_31124716_36.err:1: In check_for_controls(obs, "pert_time_h") :
deg_analysis_31124716_36.err:  Missing controls for 'pert_time_h' columns: 24
deg_analysis_31124716_36.err:2: Partial NA coefficients for 1663 probe(s) 
deg_analysis_31124716_36.err:3: In voom(dge, design, plot = FALSE) :
deg_analysis_31124716_36.err:  The experimental design has no replication. Setting weights to 1.
deg_analysis_31124716_36.err:4: Partial NA coefficients for 1663 probe(s) 
deg_analysis_31124716_36.err:5: In find_controls(control_obs, pert_time_h) :
deg_analysis_31124716_36.err:  No control found for time 24h
deg_analysis_31124716_36.err:6: In find_controls(control_obs, pert_time_h) :
deg_analysis_31124716_36.err:  No control found for time 24h
deg_analysis_31124716_36.err:7: In run_dge_pipeline(args) : No valid DE results for cell line CVCL_1531
deg_analysis_31124716_37.out:
deg_analysis_31124716_37.out:DE analysis started...
deg_analysis_31124716_37.out:Loaded input file:  ./data/tahoe/pseudobulk_processed/sep_rep/by_celltype/CVCL_1547_processed.h5ad 
deg_analysis_31124716_37.out:Initial dimensions:  1340  samples ×  62710  genes
deg_analysis_31124716_37.out:Filter samples with the low number of cells
deg_analysis_31124716_37.out:    Filter threshold (min_cells):  50 
deg_analysis_31124716_37.out:    n_obs:  1340 -->  1327 
deg_analysis_31124716_37.out:
deg_analysis_31124716_37.out:▶︎ Processing cell_type  1 / 1 :  CVCL_1547 
deg_analysis_31124716_37.out:    Filter controls by  pert_time_h  column
deg_analysis_31124716_37.out:        n_obs:  1327 -->  1327 
deg_analysis_31124716_37.out:
deg_analysis_31124716_37.out:    Running contrast 1/1299
deg_analysis_31124716_37.out:    Running contrast 6/1299
deg_analysis_31124716_37.out:    Running contrast 11/1299
deg_analysis_31124716_37.out:    Running contrast 16/1299
deg_analysis_31124716_37.out:    Running contrast 21/1299
deg_analysis_31124716_37.out:    Running contrast 26/1299
deg_analysis_31124716_37.out:    Running contrast 31/1299
deg_analysis_31124716_37.out:    Running contrast 36/1299
deg_analysis_31124716_37.out:    Running contrast 41/1299
deg_analysis_31124716_37.out:    Running contrast 46/1299
deg_analysis_31124716_37.out:    Running contrast 51/1299
deg_analysis_31124716_37.out:    Running contrast 56/1299
deg_analysis_31124716_37.out:    Running contrast 61/1299
deg_analysis_31124716_37.out:    Running contrast 66/1299
deg_analysis_31124716_37.out:    Running contrast 71/1299
deg_analysis_31124716_37.out:    Running contrast 76/1299
deg_analysis_31124716_37.out:    Running contrast 81/1299
deg_analysis_31124716_37.out:    Running contrast 86/1299
deg_analysis_31124716_37.out:    Running contrast 91/1299
deg_analysis_31124716_37.out:    Running contrast 96/1299
deg_analysis_31124716_37.out:    Running contrast 101/1299
deg_analysis_31124716_37.out:    Running contrast 106/1299
deg_analysis_31124716_37.out:    Running contrast 111/1299
deg_analysis_31124716_37.out:    Running contrast 116/1299
deg_analysis_31124716_37.out:    Running contrast 121/1299
deg_analysis_31124716_37.out:    Running contrast 126/1299
deg_analysis_31124716_37.out:    Running contrast 131/1299
deg_analysis_31124716_37.out:    Running contrast 136/1299
deg_analysis_31124716_37.out:    Running contrast 141/1299
deg_analysis_31124716_37.out:    Running contrast 146/1299
deg_analysis_31124716_37.out:    Running contrast 151/1299
deg_analysis_31124716_37.out:    Running contrast 156/1299
deg_analysis_31124716_37.out:    Running contrast 161/1299
deg_analysis_31124716_37.out:    Running contrast 166/1299
deg_analysis_31124716_37.out:    Running contrast 171/1299
deg_analysis_31124716_37.out:    Running contrast 176/1299
deg_analysis_31124716_37.out:    Running contrast 181/1299
deg_analysis_31124716_37.out:    Running contrast 186/1299
deg_analysis_31124716_37.out:    Running contrast 191/1299
deg_analysis_31124716_37.out:    Running contrast 196/1299
deg_analysis_31124716_37.out:    Running contrast 201/1299
deg_analysis_31124716_37.out:    Running contrast 206/1299
deg_analysis_31124716_37.out:    Running contrast 211/1299
deg_analysis_31124716_37.out:    Running contrast 216/1299
deg_analysis_31124716_37.out:    Running contrast 221/1299
deg_analysis_31124716_37.out:    Running contrast 226/1299
deg_analysis_31124716_37.out:    Running contrast 231/1299
deg_analysis_31124716_37.out:    Running contrast 236/1299
deg_analysis_31124716_37.out:    Running contrast 241/1299
deg_analysis_31124716_37.out:    Running contrast 246/1299
deg_analysis_31124716_37.out:    Running contrast 251/1299
deg_analysis_31124716_37.out:    Running contrast 256/1299
deg_analysis_31124716_37.out:    Running contrast 261/1299
deg_analysis_31124716_37.out:    Running contrast 266/1299
deg_analysis_31124716_37.out:    Running contrast 271/1299
deg_analysis_31124716_37.out:    Running contrast 276/1299
deg_analysis_31124716_37.out:    Running contrast 281/1299
deg_analysis_31124716_37.out:    Running contrast 286/1299
deg_analysis_31124716_37.out:    Running contrast 291/1299
deg_analysis_31124716_37.out:    Running contrast 296/1299
deg_analysis_31124716_37.out:    Running contrast 301/1299
deg_analysis_31124716_37.out:    Running contrast 306/1299
deg_analysis_31124716_37.out:    Running contrast 311/1299
deg_analysis_31124716_37.out:    Running contrast 316/1299
deg_analysis_31124716_37.out:    Running contrast 321/1299
deg_analysis_31124716_37.out:    Running contrast 326/1299
deg_analysis_31124716_37.out:    Running contrast 331/1299
deg_analysis_31124716_37.out:    Running contrast 336/1299
deg_analysis_31124716_37.out:    Running contrast 341/1299
deg_analysis_31124716_37.out:    Running contrast 346/1299
deg_analysis_31124716_37.out:    Running contrast 351/1299
deg_analysis_31124716_37.out:    Running contrast 356/1299
deg_analysis_31124716_37.out:    Running contrast 361/1299
deg_analysis_31124716_37.out:    Running contrast 366/1299
deg_analysis_31124716_37.out:    Running contrast 371/1299
deg_analysis_31124716_37.out:    Running contrast 376/1299
deg_analysis_31124716_37.out:    Running contrast 381/1299
deg_analysis_31124716_37.out:    Running contrast 386/1299
deg_analysis_31124716_37.out:    Running contrast 391/1299
deg_analysis_31124716_37.out:    Running contrast 396/1299
deg_analysis_31124716_37.out:    Running contrast 401/1299
deg_analysis_31124716_37.out:    Running contrast 406/1299
deg_analysis_31124716_37.out:    Running contrast 411/1299
deg_analysis_31124716_37.out:    Running contrast 416/1299
deg_analysis_31124716_37.out:    Running contrast 421/1299
deg_analysis_31124716_37.out:    Running contrast 426/1299
deg_analysis_31124716_37.out:    Running contrast 431/1299
deg_analysis_31124716_37.out:    Running contrast 436/1299
deg_analysis_31124716_37.out:    Running contrast 441/1299
deg_analysis_31124716_37.out:    Running contrast 446/1299
deg_analysis_31124716_37.out:    Running contrast 451/1299
deg_analysis_31124716_37.out:    Running contrast 456/1299
deg_analysis_31124716_37.out:    Running contrast 461/1299
deg_analysis_31124716_37.out:    Running contrast 466/1299
deg_analysis_31124716_37.out:    Running contrast 471/1299
deg_analysis_31124716_37.out:    Running contrast 476/1299
deg_analysis_31124716_37.out:    Running contrast 481/1299
deg_analysis_31124716_37.out:    Running contrast 486/1299
deg_analysis_31124716_37.out:    Running contrast 491/1299
deg_analysis_31124716_37.out:    Running contrast 496/1299
deg_analysis_31124716_37.out:    Running contrast 501/1299
deg_analysis_31124716_37.out:    Running contrast 506/1299
deg_analysis_31124716_37.out:    Running contrast 511/1299
deg_analysis_31124716_37.out:    Running contrast 516/1299
deg_analysis_31124716_37.out:    Running contrast 521/1299
deg_analysis_31124716_37.out:    Running contrast 526/1299
deg_analysis_31124716_37.out:    Running contrast 531/1299
deg_analysis_31124716_37.out:    Running contrast 536/1299
deg_analysis_31124716_37.out:    Running contrast 541/1299
deg_analysis_31124716_37.out:    Running contrast 546/1299
deg_analysis_31124716_37.out:    Running contrast 551/1299
deg_analysis_31124716_37.out:    Running contrast 556/1299
deg_analysis_31124716_37.out:    Running contrast 561/1299
deg_analysis_31124716_37.out:    Running contrast 566/1299
deg_analysis_31124716_37.out:    Running contrast 571/1299
deg_analysis_31124716_37.out:    Running contrast 576/1299
deg_analysis_31124716_37.out:    Running contrast 581/1299
deg_analysis_31124716_37.out:    Running contrast 586/1299
deg_analysis_31124716_37.out:    Running contrast 591/1299
deg_analysis_31124716_37.out:    Running contrast 596/1299
deg_analysis_31124716_37.out:    Running contrast 601/1299
deg_analysis_31124716_37.out:    Running contrast 606/1299
deg_analysis_31124716_37.out:    Running contrast 611/1299
deg_analysis_31124716_37.out:    Running contrast 616/1299
deg_analysis_31124716_37.out:    Running contrast 621/1299
deg_analysis_31124716_37.out:    Running contrast 626/1299
deg_analysis_31124716_37.out:    Running contrast 631/1299
deg_analysis_31124716_37.out:    Running contrast 636/1299
deg_analysis_31124716_37.out:    Running contrast 641/1299
deg_analysis_31124716_37.out:    Running contrast 646/1299
deg_analysis_31124716_37.out:    Running contrast 651/1299
deg_analysis_31124716_37.out:    Running contrast 656/1299
deg_analysis_31124716_37.out:    Running contrast 661/1299
deg_analysis_31124716_37.out:    Running contrast 666/1299
deg_analysis_31124716_37.out:    Running contrast 671/1299
deg_analysis_31124716_37.out:    Running contrast 676/1299
deg_analysis_31124716_37.out:    Running contrast 681/1299
deg_analysis_31124716_37.out:    Running contrast 686/1299
deg_analysis_31124716_37.out:    Running contrast 691/1299
deg_analysis_31124716_37.out:    Running contrast 696/1299
deg_analysis_31124716_37.out:    Running contrast 701/1299
deg_analysis_31124716_37.out:    Running contrast 706/1299
deg_analysis_31124716_37.out:    Running contrast 711/1299
deg_analysis_31124716_37.out:    Running contrast 716/1299
deg_analysis_31124716_37.out:    Running contrast 721/1299
deg_analysis_31124716_37.out:    Running contrast 726/1299
deg_analysis_31124716_37.out:    Running contrast 731/1299
deg_analysis_31124716_37.out:    Running contrast 736/1299
deg_analysis_31124716_37.out:    Running contrast 741/1299
deg_analysis_31124716_37.out:    Running contrast 746/1299
deg_analysis_31124716_37.out:    Running contrast 751/1299
deg_analysis_31124716_37.out:    Running contrast 756/1299
deg_analysis_31124716_37.out:    Running contrast 761/1299
deg_analysis_31124716_37.out:    Running contrast 766/1299
deg_analysis_31124716_37.out:    Running contrast 771/1299
deg_analysis_31124716_37.out:    Running contrast 776/1299
deg_analysis_31124716_37.out:    Running contrast 781/1299
deg_analysis_31124716_37.out:    Running contrast 786/1299
deg_analysis_31124716_37.out:    Running contrast 791/1299
deg_analysis_31124716_37.out:    Running contrast 796/1299
deg_analysis_31124716_37.out:    Running contrast 801/1299
deg_analysis_31124716_37.out:    Running contrast 806/1299
deg_analysis_31124716_37.out:    Running contrast 811/1299
deg_analysis_31124716_37.out:    Running contrast 816/1299
deg_analysis_31124716_37.out:    Running contrast 821/1299
deg_analysis_31124716_37.out:    Running contrast 826/1299
deg_analysis_31124716_37.out:    Running contrast 831/1299
deg_analysis_31124716_37.out:    Running contrast 836/1299
deg_analysis_31124716_37.out:    Running contrast 841/1299
deg_analysis_31124716_37.out:    Running contrast 846/1299
deg_analysis_31124716_37.out:    Running contrast 851/1299
deg_analysis_31124716_37.out:    Running contrast 856/1299
deg_analysis_31124716_37.out:    Running contrast 861/1299
deg_analysis_31124716_37.out:    Running contrast 866/1299
deg_analysis_31124716_37.out:    Running contrast 871/1299
deg_analysis_31124716_37.out:    Running contrast 876/1299
deg_analysis_31124716_37.out:    Running contrast 881/1299
deg_analysis_31124716_37.out:    Running contrast 886/1299
deg_analysis_31124716_37.out:    Running contrast 891/1299
deg_analysis_31124716_37.out:    Running contrast 896/1299
deg_analysis_31124716_37.out:    Running contrast 901/1299
deg_analysis_31124716_37.out:    Running contrast 906/1299
deg_analysis_31124716_37.out:    Running contrast 911/1299
deg_analysis_31124716_37.out:    Running contrast 916/1299
deg_analysis_31124716_37.out:    Running contrast 921/1299
deg_analysis_31124716_37.out:    Running contrast 926/1299
deg_analysis_31124716_37.out:    Running contrast 931/1299
deg_analysis_31124716_37.out:    Running contrast 936/1299
deg_analysis_31124716_37.out:    Running contrast 941/1299
deg_analysis_31124716_37.out:    Running contrast 946/1299
deg_analysis_31124716_37.out:    Running contrast 951/1299
deg_analysis_31124716_37.out:    Running contrast 956/1299
deg_analysis_31124716_37.out:    Running contrast 961/1299
deg_analysis_31124716_37.out:    Running contrast 966/1299
deg_analysis_31124716_37.out:    Running contrast 971/1299
deg_analysis_31124716_37.out:    Running contrast 976/1299
deg_analysis_31124716_37.out:    Running contrast 981/1299
deg_analysis_31124716_37.out:    Running contrast 986/1299
deg_analysis_31124716_37.out:    Running contrast 991/1299
deg_analysis_31124716_37.out:    Running contrast 996/1299
deg_analysis_31124716_37.out:    Running contrast 1001/1299
deg_analysis_31124716_37.out:    Running contrast 1006/1299
deg_analysis_31124716_37.out:    Running contrast 1011/1299
deg_analysis_31124716_37.out:    Running contrast 1016/1299
deg_analysis_31124716_37.out:    Running contrast 1021/1299
deg_analysis_31124716_37.out:    Running contrast 1026/1299
deg_analysis_31124716_37.out:    Running contrast 1031/1299
deg_analysis_31124716_37.out:    Running contrast 1036/1299
deg_analysis_31124716_37.out:    Running contrast 1041/1299
deg_analysis_31124716_37.out:    Running contrast 1046/1299
deg_analysis_31124716_37.out:    Running contrast 1051/1299
deg_analysis_31124716_37.out:    Running contrast 1056/1299
deg_analysis_31124716_37.out:    Running contrast 1061/1299
deg_analysis_31124716_37.out:    Running contrast 1066/1299
deg_analysis_31124716_37.out:    Running contrast 1071/1299
deg_analysis_31124716_37.out:    Running contrast 1076/1299
deg_analysis_31124716_37.out:    Running contrast 1081/1299
deg_analysis_31124716_37.out:    Running contrast 1086/1299
deg_analysis_31124716_37.out:    Running contrast 1091/1299
deg_analysis_31124716_37.out:    Running contrast 1096/1299
deg_analysis_31124716_37.out:    Running contrast 1101/1299
deg_analysis_31124716_37.out:    Running contrast 1106/1299
deg_analysis_31124716_37.out:    Running contrast 1111/1299
deg_analysis_31124716_37.out:    Running contrast 1116/1299
deg_analysis_31124716_37.out:    Running contrast 1121/1299
deg_analysis_31124716_37.out:    Running contrast 1126/1299
deg_analysis_31124716_37.out:    Running contrast 1131/1299
deg_analysis_31124716_37.out:    Running contrast 1136/1299
deg_analysis_31124716_37.out:    Running contrast 1141/1299
deg_analysis_31124716_37.out:    Running contrast 1146/1299
deg_analysis_31124716_37.out:    Running contrast 1151/1299
deg_analysis_31124716_37.out:    Running contrast 1156/1299
deg_analysis_31124716_37.out:    Running contrast 1161/1299
deg_analysis_31124716_37.out:    Running contrast 1166/1299
deg_analysis_31124716_37.out:    Running contrast 1171/1299
deg_analysis_31124716_37.out:    Running contrast 1176/1299
deg_analysis_31124716_37.out:    Running contrast 1181/1299
deg_analysis_31124716_37.out:    Running contrast 1186/1299
deg_analysis_31124716_37.out:    Running contrast 1191/1299
deg_analysis_31124716_37.out:    Running contrast 1196/1299
deg_analysis_31124716_37.out:    Running contrast 1201/1299
deg_analysis_31124716_37.out:    Running contrast 1206/1299
deg_analysis_31124716_37.out:    Running contrast 1211/1299
deg_analysis_31124716_37.out:    Running contrast 1216/1299
deg_analysis_31124716_37.out:    Running contrast 1221/1299
deg_analysis_31124716_37.out:    Running contrast 1226/1299
deg_analysis_31124716_37.out:    Running contrast 1231/1299
deg_analysis_31124716_37.out:    Running contrast 1236/1299
deg_analysis_31124716_37.out:    Running contrast 1241/1299
deg_analysis_31124716_37.out:    Running contrast 1246/1299
deg_analysis_31124716_37.out:    Running contrast 1251/1299
deg_analysis_31124716_37.out:    Running contrast 1256/1299
deg_analysis_31124716_37.out:    Running contrast 1261/1299
deg_analysis_31124716_37.out:    Running contrast 1266/1299
deg_analysis_31124716_37.out:    Running contrast 1271/1299
deg_analysis_31124716_37.out:    Running contrast 1276/1299
deg_analysis_31124716_37.out:    Running contrast 1281/1299
deg_analysis_31124716_37.out:    Running contrast 1286/1299
deg_analysis_31124716_37.out:    Running contrast 1291/1299
deg_analysis_31124716_37.out:    Running contrast 1296/1299
deg_analysis_31124716_37.out:    Running contrast 1299/1299
deg_analysis_31124716_37.out:
deg_analysis_31124716_37.out:    Writing:  ./data/tahoe/deg_data/sep_rep/full/qc_false/filter_min_cells_50/CVCL_1547_de.h5ad 
deg_analysis_31124716_37.out:
deg_analysis_31124716_37.out:    Rewriting h5ad file: ./data/tahoe/deg_data/sep_rep/full/qc_false/filter_min_cells_50/CVCL_1547_de.h5ad 
deg_analysis_31124716_37.out:    Removed X matrix
deg_analysis_31124716_37.out:    Rewriting h5ad file is done!
deg_analysis_31124716_37.out:✓ Cell line completed in 9434.7 seconds
deg_analysis_31124716_37.out:
deg_analysis_31124716_37.out:DE analysis completed!
deg_analysis_31124716_37.out:
deg_analysis_31124716_37.out:Total runtime: 9445.0 seconds
deg_analysis_31124716_38.out:
deg_analysis_31124716_38.out:DE analysis started...
deg_analysis_31124716_38.out:Loaded input file:  ./data/tahoe/pseudobulk_processed/sep_rep/by_celltype/CVCL_1550_processed.h5ad 
deg_analysis_31124716_38.out:Initial dimensions:  1338  samples ×  62710  genes
deg_analysis_31124716_38.out:Filter samples with the low number of cells
deg_analysis_31124716_38.out:    Filter threshold (min_cells):  50 
deg_analysis_31124716_38.out:    n_obs:  1338 -->  1329 
deg_analysis_31124716_38.out:
deg_analysis_31124716_38.out:▶︎ Processing cell_type  1 / 1 :  CVCL_1550 
deg_analysis_31124716_38.out:    Filter controls by  pert_time_h  column
deg_analysis_31124716_38.out:        n_obs:  1329 -->  1329 
deg_analysis_31124716_38.out:
deg_analysis_31124716_38.out:    Running contrast 1/1301
deg_analysis_31124716_38.out:    Running contrast 6/1301
deg_analysis_31124716_38.out:    Running contrast 11/1301
deg_analysis_31124716_38.out:    Running contrast 16/1301
deg_analysis_31124716_38.out:    Running contrast 21/1301
deg_analysis_31124716_38.out:    Running contrast 26/1301
deg_analysis_31124716_38.out:    Running contrast 31/1301
deg_analysis_31124716_38.out:    Running contrast 36/1301
deg_analysis_31124716_38.out:    Running contrast 41/1301
deg_analysis_31124716_38.out:    Running contrast 46/1301
deg_analysis_31124716_38.out:    Running contrast 51/1301
deg_analysis_31124716_38.out:    Running contrast 56/1301
deg_analysis_31124716_38.out:    Running contrast 61/1301
deg_analysis_31124716_38.out:    Running contrast 66/1301
deg_analysis_31124716_38.out:    Running contrast 71/1301
deg_analysis_31124716_38.out:    Running contrast 76/1301
deg_analysis_31124716_38.out:    Running contrast 81/1301
deg_analysis_31124716_38.out:    Running contrast 86/1301
deg_analysis_31124716_38.out:    Running contrast 91/1301
deg_analysis_31124716_38.out:    Running contrast 96/1301
deg_analysis_31124716_38.out:    Running contrast 101/1301
deg_analysis_31124716_38.out:    Running contrast 106/1301
deg_analysis_31124716_38.out:    Running contrast 111/1301
deg_analysis_31124716_38.out:    Running contrast 116/1301
deg_analysis_31124716_38.out:    Running contrast 121/1301
deg_analysis_31124716_38.out:    Running contrast 126/1301
deg_analysis_31124716_38.out:    Running contrast 131/1301
deg_analysis_31124716_38.out:    Running contrast 136/1301
deg_analysis_31124716_38.out:    Running contrast 141/1301
deg_analysis_31124716_38.out:    Running contrast 146/1301
deg_analysis_31124716_38.out:    Running contrast 151/1301
deg_analysis_31124716_38.out:    Running contrast 156/1301
deg_analysis_31124716_38.out:    Running contrast 161/1301
deg_analysis_31124716_38.out:    Running contrast 166/1301
deg_analysis_31124716_38.out:    Running contrast 171/1301
deg_analysis_31124716_38.out:    Running contrast 176/1301
deg_analysis_31124716_38.out:    Running contrast 181/1301
deg_analysis_31124716_38.out:    Running contrast 186/1301
deg_analysis_31124716_38.out:    Running contrast 191/1301
deg_analysis_31124716_38.out:    Running contrast 196/1301
deg_analysis_31124716_38.out:    Running contrast 201/1301
deg_analysis_31124716_38.out:    Running contrast 206/1301
deg_analysis_31124716_38.out:    Running contrast 211/1301
deg_analysis_31124716_38.out:    Running contrast 216/1301
deg_analysis_31124716_38.out:    Running contrast 221/1301
deg_analysis_31124716_38.out:    Running contrast 226/1301
deg_analysis_31124716_38.out:    Running contrast 231/1301
deg_analysis_31124716_38.out:    Running contrast 236/1301
deg_analysis_31124716_38.out:    Running contrast 241/1301
deg_analysis_31124716_38.out:    Running contrast 246/1301
deg_analysis_31124716_38.out:    Running contrast 251/1301
deg_analysis_31124716_38.out:    Running contrast 256/1301
deg_analysis_31124716_38.out:    Running contrast 261/1301
deg_analysis_31124716_38.out:    Running contrast 266/1301
deg_analysis_31124716_38.out:    Running contrast 271/1301
deg_analysis_31124716_38.out:    Running contrast 276/1301
deg_analysis_31124716_38.out:    Running contrast 281/1301
deg_analysis_31124716_38.out:    Running contrast 286/1301
deg_analysis_31124716_38.out:    Running contrast 291/1301
deg_analysis_31124716_38.out:    Running contrast 296/1301
deg_analysis_31124716_38.out:    Running contrast 301/1301
deg_analysis_31124716_38.out:    Running contrast 306/1301
deg_analysis_31124716_38.out:    Running contrast 311/1301
deg_analysis_31124716_38.out:    Running contrast 316/1301
deg_analysis_31124716_38.out:    Running contrast 321/1301
deg_analysis_31124716_38.out:    Running contrast 326/1301
deg_analysis_31124716_38.out:    Running contrast 331/1301
deg_analysis_31124716_38.out:    Running contrast 336/1301
deg_analysis_31124716_38.out:    Running contrast 341/1301
deg_analysis_31124716_38.out:    Running contrast 346/1301
deg_analysis_31124716_38.out:    Running contrast 351/1301
deg_analysis_31124716_38.out:    Running contrast 356/1301
deg_analysis_31124716_38.out:    Running contrast 361/1301
deg_analysis_31124716_38.out:    Running contrast 366/1301
deg_analysis_31124716_38.out:    Running contrast 371/1301
deg_analysis_31124716_38.out:    Running contrast 376/1301
deg_analysis_31124716_38.out:    Running contrast 381/1301
deg_analysis_31124716_38.out:    Running contrast 386/1301
deg_analysis_31124716_38.out:    Running contrast 391/1301
deg_analysis_31124716_38.out:    Running contrast 396/1301
deg_analysis_31124716_38.out:    Running contrast 401/1301
deg_analysis_31124716_38.out:    Running contrast 406/1301
deg_analysis_31124716_38.out:    Running contrast 411/1301
deg_analysis_31124716_38.out:    Running contrast 416/1301
deg_analysis_31124716_38.out:    Running contrast 421/1301
deg_analysis_31124716_38.out:    Running contrast 426/1301
deg_analysis_31124716_38.out:    Running contrast 431/1301
deg_analysis_31124716_38.out:    Running contrast 436/1301
deg_analysis_31124716_38.out:    Running contrast 441/1301
deg_analysis_31124716_38.out:    Running contrast 446/1301
deg_analysis_31124716_38.out:    Running contrast 451/1301
deg_analysis_31124716_38.out:    Running contrast 456/1301
deg_analysis_31124716_38.out:    Running contrast 461/1301
deg_analysis_31124716_38.out:    Running contrast 466/1301
deg_analysis_31124716_38.out:    Running contrast 471/1301
deg_analysis_31124716_38.out:    Running contrast 476/1301
deg_analysis_31124716_38.out:    Running contrast 481/1301
deg_analysis_31124716_38.out:    Running contrast 486/1301
deg_analysis_31124716_38.out:    Running contrast 491/1301
deg_analysis_31124716_38.out:    Running contrast 496/1301
deg_analysis_31124716_38.out:    Running contrast 501/1301
deg_analysis_31124716_38.out:    Running contrast 506/1301
deg_analysis_31124716_38.out:    Running contrast 511/1301
deg_analysis_31124716_38.out:    Running contrast 516/1301
deg_analysis_31124716_38.out:    Running contrast 521/1301
deg_analysis_31124716_38.out:    Running contrast 526/1301
deg_analysis_31124716_38.out:    Running contrast 531/1301
deg_analysis_31124716_38.out:    Running contrast 536/1301
deg_analysis_31124716_38.out:    Running contrast 541/1301
deg_analysis_31124716_38.out:    Running contrast 546/1301
deg_analysis_31124716_38.out:    Running contrast 551/1301
deg_analysis_31124716_38.out:    Running contrast 556/1301
deg_analysis_31124716_38.out:    Running contrast 561/1301
deg_analysis_31124716_38.out:    Running contrast 566/1301
deg_analysis_31124716_38.out:    Running contrast 571/1301
deg_analysis_31124716_38.out:    Running contrast 576/1301
deg_analysis_31124716_38.out:    Running contrast 581/1301
deg_analysis_31124716_38.out:    Running contrast 586/1301
deg_analysis_31124716_38.out:    Running contrast 591/1301
deg_analysis_31124716_38.out:    Running contrast 596/1301
deg_analysis_31124716_38.out:    Running contrast 601/1301
deg_analysis_31124716_38.out:    Running contrast 606/1301
deg_analysis_31124716_38.out:    Running contrast 611/1301
deg_analysis_31124716_38.out:    Running contrast 616/1301
deg_analysis_31124716_38.out:    Running contrast 621/1301
deg_analysis_31124716_38.out:    Running contrast 626/1301
deg_analysis_31124716_38.out:    Running contrast 631/1301
deg_analysis_31124716_38.out:    Running contrast 636/1301
deg_analysis_31124716_38.out:    Running contrast 641/1301
deg_analysis_31124716_38.out:    Running contrast 646/1301
deg_analysis_31124716_38.out:    Running contrast 651/1301
deg_analysis_31124716_38.out:    Running contrast 656/1301
deg_analysis_31124716_38.out:    Running contrast 661/1301
deg_analysis_31124716_38.out:    Running contrast 666/1301
deg_analysis_31124716_38.out:    Running contrast 671/1301
deg_analysis_31124716_38.out:    Running contrast 676/1301
deg_analysis_31124716_38.out:    Running contrast 681/1301
deg_analysis_31124716_38.out:    Running contrast 686/1301
deg_analysis_31124716_38.out:    Running contrast 691/1301
deg_analysis_31124716_38.out:    Running contrast 696/1301
deg_analysis_31124716_38.out:    Running contrast 701/1301
deg_analysis_31124716_38.out:    Running contrast 706/1301
deg_analysis_31124716_38.out:    Running contrast 711/1301
deg_analysis_31124716_38.out:    Running contrast 716/1301
deg_analysis_31124716_38.out:    Running contrast 721/1301
deg_analysis_31124716_38.out:    Running contrast 726/1301
deg_analysis_31124716_38.out:    Running contrast 731/1301
deg_analysis_31124716_38.out:    Running contrast 736/1301
deg_analysis_31124716_38.out:    Running contrast 741/1301
deg_analysis_31124716_38.out:    Running contrast 746/1301
deg_analysis_31124716_38.out:    Running contrast 751/1301
deg_analysis_31124716_38.out:    Running contrast 756/1301
deg_analysis_31124716_38.out:    Running contrast 761/1301
deg_analysis_31124716_38.out:    Running contrast 766/1301
deg_analysis_31124716_38.out:    Running contrast 771/1301
deg_analysis_31124716_38.out:    Running contrast 776/1301
deg_analysis_31124716_38.out:    Running contrast 781/1301
deg_analysis_31124716_38.out:    Running contrast 786/1301
deg_analysis_31124716_38.out:    Running contrast 791/1301
deg_analysis_31124716_38.out:    Running contrast 796/1301
deg_analysis_31124716_38.out:    Running contrast 801/1301
deg_analysis_31124716_38.out:    Running contrast 806/1301
deg_analysis_31124716_38.out:    Running contrast 811/1301
deg_analysis_31124716_38.out:    Running contrast 816/1301
deg_analysis_31124716_38.out:    Running contrast 821/1301
deg_analysis_31124716_38.out:    Running contrast 826/1301
deg_analysis_31124716_38.out:    Running contrast 831/1301
deg_analysis_31124716_38.out:    Running contrast 836/1301
deg_analysis_31124716_38.out:    Running contrast 841/1301
deg_analysis_31124716_38.out:    Running contrast 846/1301
deg_analysis_31124716_38.out:    Running contrast 851/1301
deg_analysis_31124716_38.out:    Running contrast 856/1301
deg_analysis_31124716_38.out:    Running contrast 861/1301
deg_analysis_31124716_38.out:    Running contrast 866/1301
deg_analysis_31124716_38.out:    Running contrast 871/1301
deg_analysis_31124716_38.out:    Running contrast 876/1301
deg_analysis_31124716_38.out:    Running contrast 881/1301
deg_analysis_31124716_38.out:    Running contrast 886/1301
deg_analysis_31124716_38.out:    Running contrast 891/1301
deg_analysis_31124716_38.out:    Running contrast 896/1301
deg_analysis_31124716_38.out:    Running contrast 901/1301
deg_analysis_31124716_38.out:    Running contrast 906/1301
deg_analysis_31124716_38.out:    Running contrast 911/1301
deg_analysis_31124716_38.out:    Running contrast 916/1301
deg_analysis_31124716_38.out:    Running contrast 921/1301
deg_analysis_31124716_38.out:    Running contrast 926/1301
deg_analysis_31124716_38.out:    Running contrast 931/1301
deg_analysis_31124716_38.out:    Running contrast 936/1301
deg_analysis_31124716_38.out:    Running contrast 941/1301
deg_analysis_31124716_38.out:    Running contrast 946/1301
deg_analysis_31124716_38.out:    Running contrast 951/1301
deg_analysis_31124716_38.out:    Running contrast 956/1301
deg_analysis_31124716_38.out:    Running contrast 961/1301
deg_analysis_31124716_38.out:    Running contrast 966/1301
deg_analysis_31124716_38.out:    Running contrast 971/1301
deg_analysis_31124716_38.out:    Running contrast 976/1301
deg_analysis_31124716_38.out:    Running contrast 981/1301
deg_analysis_31124716_38.out:    Running contrast 986/1301
deg_analysis_31124716_38.out:    Running contrast 991/1301
deg_analysis_31124716_38.out:    Running contrast 996/1301
deg_analysis_31124716_38.out:    Running contrast 1001/1301
deg_analysis_31124716_38.out:    Running contrast 1006/1301
deg_analysis_31124716_38.out:    Running contrast 1011/1301
deg_analysis_31124716_38.out:    Running contrast 1016/1301
deg_analysis_31124716_38.out:    Running contrast 1021/1301
deg_analysis_31124716_38.out:    Running contrast 1026/1301
deg_analysis_31124716_38.out:    Running contrast 1031/1301
deg_analysis_31124716_38.out:    Running contrast 1036/1301
deg_analysis_31124716_38.out:    Running contrast 1041/1301
deg_analysis_31124716_38.out:    Running contrast 1046/1301
deg_analysis_31124716_38.out:    Running contrast 1051/1301
deg_analysis_31124716_38.out:    Running contrast 1056/1301
deg_analysis_31124716_38.out:    Running contrast 1061/1301
deg_analysis_31124716_38.out:    Running contrast 1066/1301
deg_analysis_31124716_38.out:    Running contrast 1071/1301
deg_analysis_31124716_38.out:    Running contrast 1076/1301
deg_analysis_31124716_38.out:    Running contrast 1081/1301
deg_analysis_31124716_38.out:    Running contrast 1086/1301
deg_analysis_31124716_38.out:    Running contrast 1091/1301
deg_analysis_31124716_38.out:    Running contrast 1096/1301
deg_analysis_31124716_38.out:    Running contrast 1101/1301
deg_analysis_31124716_38.out:    Running contrast 1106/1301
deg_analysis_31124716_38.out:    Running contrast 1111/1301
deg_analysis_31124716_38.out:    Running contrast 1116/1301
deg_analysis_31124716_38.out:    Running contrast 1121/1301
deg_analysis_31124716_38.out:    Running contrast 1126/1301
deg_analysis_31124716_38.out:    Running contrast 1131/1301
deg_analysis_31124716_38.out:    Running contrast 1136/1301
deg_analysis_31124716_38.out:    Running contrast 1141/1301
deg_analysis_31124716_38.out:    Running contrast 1146/1301
deg_analysis_31124716_38.out:    Running contrast 1151/1301
deg_analysis_31124716_38.out:    Running contrast 1156/1301
deg_analysis_31124716_38.out:    Running contrast 1161/1301
deg_analysis_31124716_38.out:    Running contrast 1166/1301
deg_analysis_31124716_38.out:    Running contrast 1171/1301
deg_analysis_31124716_38.out:    Running contrast 1176/1301
deg_analysis_31124716_38.out:    Running contrast 1181/1301
deg_analysis_31124716_38.out:    Running contrast 1186/1301
deg_analysis_31124716_38.out:    Running contrast 1191/1301
deg_analysis_31124716_38.out:    Running contrast 1196/1301
deg_analysis_31124716_38.out:    Running contrast 1201/1301
deg_analysis_31124716_38.out:    Running contrast 1206/1301
deg_analysis_31124716_38.out:    Running contrast 1211/1301
deg_analysis_31124716_38.out:    Running contrast 1216/1301
deg_analysis_31124716_38.out:    Running contrast 1221/1301
deg_analysis_31124716_38.out:    Running contrast 1226/1301
deg_analysis_31124716_38.out:    Running contrast 1231/1301
deg_analysis_31124716_38.out:    Running contrast 1236/1301
deg_analysis_31124716_38.out:    Running contrast 1241/1301
deg_analysis_31124716_38.out:    Running contrast 1246/1301
deg_analysis_31124716_38.out:    Running contrast 1251/1301
deg_analysis_31124716_38.out:    Running contrast 1256/1301
deg_analysis_31124716_38.out:    Running contrast 1261/1301
deg_analysis_31124716_38.out:    Running contrast 1266/1301
deg_analysis_31124716_38.out:    Running contrast 1271/1301
deg_analysis_31124716_38.out:    Running contrast 1276/1301
deg_analysis_31124716_38.out:    Running contrast 1281/1301
deg_analysis_31124716_38.out:    Running contrast 1286/1301
deg_analysis_31124716_38.out:    Running contrast 1291/1301
deg_analysis_31124716_38.out:    Running contrast 1296/1301
deg_analysis_31124716_38.out:    Running contrast 1301/1301
deg_analysis_31124716_38.out:
deg_analysis_31124716_38.out:    Writing:  ./data/tahoe/deg_data/sep_rep/full/qc_false/filter_min_cells_50/CVCL_1550_de.h5ad 
deg_analysis_31124716_38.out:
deg_analysis_31124716_38.out:    Rewriting h5ad file: ./data/tahoe/deg_data/sep_rep/full/qc_false/filter_min_cells_50/CVCL_1550_de.h5ad 
deg_analysis_31124716_38.out:    Removed X matrix
deg_analysis_31124716_38.out:    Rewriting h5ad file is done!
deg_analysis_31124716_38.out:✓ Cell line completed in 12365.5 seconds
deg_analysis_31124716_38.out:
deg_analysis_31124716_38.out:DE analysis completed!
deg_analysis_31124716_38.out:
deg_analysis_31124716_38.out:Total runtime: 12380.2 seconds
deg_analysis_31124716_39.out:
deg_analysis_31124716_39.out:DE analysis started...
deg_analysis_31124716_39.out:Loaded input file:  ./data/tahoe/pseudobulk_processed/sep_rep/by_celltype/CVCL_1571_processed.h5ad 
deg_analysis_31124716_39.out:Initial dimensions:  1331  samples ×  62710  genes
deg_analysis_31124716_39.out:Filter samples with the low number of cells
deg_analysis_31124716_39.out:    Filter threshold (min_cells):  50 
deg_analysis_31124716_39.out:    n_obs:  1331 -->  0 
deg_analysis_31124716_39.out:
deg_analysis_31124716_39.out:DE analysis completed!
deg_analysis_31124716_39.out:
deg_analysis_31124716_39.out:Total runtime: 11.1 seconds
deg_analysis_31124716_40.out:
deg_analysis_31124716_40.out:DE analysis started...
deg_analysis_31124716_40.out:Loaded input file:  ./data/tahoe/pseudobulk_processed/sep_rep/by_celltype/CVCL_1577_processed.h5ad 
deg_analysis_31124716_40.out:Initial dimensions:  1333  samples ×  62710  genes
deg_analysis_31124716_40.out:Filter samples with the low number of cells
deg_analysis_31124716_40.out:    Filter threshold (min_cells):  50 
deg_analysis_31124716_40.out:    n_obs:  1333 -->  1196 
deg_analysis_31124716_40.out:
deg_analysis_31124716_40.out:▶︎ Processing cell_type  1 / 1 :  CVCL_1577 
deg_analysis_31124716_40.out:    Filter controls by  pert_time_h  column
deg_analysis_31124716_40.out:        n_obs:  1196 -->  1196 
deg_analysis_31124716_40.out:
deg_analysis_31124716_40.out:    Running contrast 1/1168
deg_analysis_31124716_40.out:    Running contrast 6/1168
deg_analysis_31124716_40.out:    Running contrast 11/1168
deg_analysis_31124716_40.out:    Running contrast 16/1168
deg_analysis_31124716_40.out:    Running contrast 21/1168
deg_analysis_31124716_40.out:    Running contrast 26/1168
deg_analysis_31124716_40.out:    Running contrast 31/1168
deg_analysis_31124716_40.out:    Running contrast 36/1168
deg_analysis_31124716_40.out:    Running contrast 41/1168
deg_analysis_31124716_40.out:    Running contrast 46/1168
deg_analysis_31124716_40.out:    Running contrast 51/1168
deg_analysis_31124716_40.out:    Running contrast 56/1168
deg_analysis_31124716_40.out:    Running contrast 61/1168
deg_analysis_31124716_40.out:    Running contrast 66/1168
deg_analysis_31124716_40.out:    Running contrast 71/1168
deg_analysis_31124716_40.out:    Running contrast 76/1168
deg_analysis_31124716_40.out:    Running contrast 81/1168
deg_analysis_31124716_40.out:    Running contrast 86/1168
deg_analysis_31124716_40.out:    Running contrast 91/1168
deg_analysis_31124716_40.out:    Running contrast 96/1168
deg_analysis_31124716_40.out:    Running contrast 101/1168
deg_analysis_31124716_40.out:    Running contrast 106/1168
deg_analysis_31124716_40.out:    Running contrast 111/1168
deg_analysis_31124716_40.out:    Running contrast 116/1168
deg_analysis_31124716_40.out:    Running contrast 121/1168
deg_analysis_31124716_40.out:    Running contrast 126/1168
deg_analysis_31124716_40.out:    Running contrast 131/1168
deg_analysis_31124716_40.out:    Running contrast 136/1168
deg_analysis_31124716_40.out:    Running contrast 141/1168
deg_analysis_31124716_40.out:    Running contrast 146/1168
deg_analysis_31124716_40.out:    Running contrast 151/1168
deg_analysis_31124716_40.out:    Running contrast 156/1168
deg_analysis_31124716_40.out:    Running contrast 161/1168
deg_analysis_31124716_40.out:    Running contrast 166/1168
deg_analysis_31124716_40.out:    Running contrast 171/1168
deg_analysis_31124716_40.out:    Running contrast 176/1168
deg_analysis_31124716_40.out:    Running contrast 181/1168
deg_analysis_31124716_40.out:    Running contrast 186/1168
deg_analysis_31124716_40.out:    Running contrast 191/1168
deg_analysis_31124716_40.out:    Running contrast 196/1168
deg_analysis_31124716_40.out:    Running contrast 201/1168
deg_analysis_31124716_40.out:    Running contrast 206/1168
deg_analysis_31124716_40.out:    Running contrast 211/1168
deg_analysis_31124716_40.out:    Running contrast 216/1168
deg_analysis_31124716_40.out:    Running contrast 221/1168
deg_analysis_31124716_40.out:    Running contrast 226/1168
deg_analysis_31124716_40.out:    Running contrast 231/1168
deg_analysis_31124716_40.out:    Running contrast 236/1168
deg_analysis_31124716_40.out:    Running contrast 241/1168
deg_analysis_31124716_40.out:    Running contrast 246/1168
deg_analysis_31124716_40.out:    Running contrast 251/1168
deg_analysis_31124716_40.out:    Running contrast 256/1168
deg_analysis_31124716_40.out:    Running contrast 261/1168
deg_analysis_31124716_40.out:    Running contrast 266/1168
deg_analysis_31124716_40.out:    Running contrast 271/1168
deg_analysis_31124716_40.out:    Running contrast 276/1168
deg_analysis_31124716_40.out:    Running contrast 281/1168
deg_analysis_31124716_40.out:    Running contrast 286/1168
deg_analysis_31124716_40.out:    Running contrast 291/1168
deg_analysis_31124716_40.out:    Running contrast 296/1168
deg_analysis_31124716_40.out:    Running contrast 301/1168
deg_analysis_31124716_40.out:    Running contrast 306/1168
deg_analysis_31124716_40.out:    Running contrast 311/1168
deg_analysis_31124716_40.out:    Running contrast 316/1168
deg_analysis_31124716_40.out:    Running contrast 321/1168
deg_analysis_31124716_40.out:    Running contrast 326/1168
deg_analysis_31124716_40.out:    Running contrast 331/1168
deg_analysis_31124716_40.out:    Running contrast 336/1168
deg_analysis_31124716_40.out:    Running contrast 341/1168
deg_analysis_31124716_40.out:    Running contrast 346/1168
deg_analysis_31124716_40.out:    Running contrast 351/1168
deg_analysis_31124716_40.out:    Running contrast 356/1168
deg_analysis_31124716_40.out:    Running contrast 361/1168
deg_analysis_31124716_40.out:    Running contrast 366/1168
deg_analysis_31124716_40.out:    Running contrast 371/1168
deg_analysis_31124716_40.out:    Running contrast 376/1168
deg_analysis_31124716_40.out:    Running contrast 381/1168
deg_analysis_31124716_40.out:    Running contrast 386/1168
deg_analysis_31124716_40.out:    Running contrast 391/1168
deg_analysis_31124716_40.out:    Running contrast 396/1168
deg_analysis_31124716_40.out:    Running contrast 401/1168
deg_analysis_31124716_40.out:    Running contrast 406/1168
deg_analysis_31124716_40.out:    Running contrast 411/1168
deg_analysis_31124716_40.out:    Running contrast 416/1168
deg_analysis_31124716_40.out:    Running contrast 421/1168
deg_analysis_31124716_40.out:    Running contrast 426/1168
deg_analysis_31124716_40.out:    Running contrast 431/1168
deg_analysis_31124716_40.out:    Running contrast 436/1168
deg_analysis_31124716_40.out:    Running contrast 441/1168
deg_analysis_31124716_40.out:    Running contrast 446/1168
deg_analysis_31124716_40.out:    Running contrast 451/1168
deg_analysis_31124716_40.out:    Running contrast 456/1168
deg_analysis_31124716_40.out:    Running contrast 461/1168
deg_analysis_31124716_40.out:    Running contrast 466/1168
deg_analysis_31124716_40.out:    Running contrast 471/1168
deg_analysis_31124716_40.out:    Running contrast 476/1168
deg_analysis_31124716_40.out:    Running contrast 481/1168
deg_analysis_31124716_40.out:    Running contrast 486/1168
deg_analysis_31124716_40.out:    Running contrast 491/1168
deg_analysis_31124716_40.out:    Running contrast 496/1168
deg_analysis_31124716_40.out:    Running contrast 501/1168
deg_analysis_31124716_40.out:    Running contrast 506/1168
deg_analysis_31124716_40.out:    Running contrast 511/1168
deg_analysis_31124716_40.out:    Running contrast 516/1168
deg_analysis_31124716_40.out:    Running contrast 521/1168
deg_analysis_31124716_40.out:    Running contrast 526/1168
deg_analysis_31124716_40.out:    Running contrast 531/1168
deg_analysis_31124716_40.out:    Running contrast 536/1168
deg_analysis_31124716_40.out:    Running contrast 541/1168
deg_analysis_31124716_40.out:    Running contrast 546/1168
deg_analysis_31124716_40.out:    Running contrast 551/1168
deg_analysis_31124716_40.out:    Running contrast 556/1168
deg_analysis_31124716_40.out:    Running contrast 561/1168
deg_analysis_31124716_40.out:    Running contrast 566/1168
deg_analysis_31124716_40.out:    Running contrast 571/1168
deg_analysis_31124716_40.out:    Running contrast 576/1168
deg_analysis_31124716_40.out:    Running contrast 581/1168
deg_analysis_31124716_40.out:    Running contrast 586/1168
deg_analysis_31124716_40.out:    Running contrast 591/1168
deg_analysis_31124716_40.out:    Running contrast 596/1168
deg_analysis_31124716_40.out:    Running contrast 601/1168
deg_analysis_31124716_40.out:    Running contrast 606/1168
deg_analysis_31124716_40.out:    Running contrast 611/1168
deg_analysis_31124716_40.out:    Running contrast 616/1168
deg_analysis_31124716_40.out:    Running contrast 621/1168
deg_analysis_31124716_40.out:    Running contrast 626/1168
deg_analysis_31124716_40.out:    Running contrast 631/1168
deg_analysis_31124716_40.out:    Running contrast 636/1168
deg_analysis_31124716_40.out:    Running contrast 641/1168
deg_analysis_31124716_40.out:    Running contrast 646/1168
deg_analysis_31124716_40.out:    Running contrast 651/1168
deg_analysis_31124716_40.out:    Running contrast 656/1168
deg_analysis_31124716_40.out:    Running contrast 661/1168
deg_analysis_31124716_40.out:    Running contrast 666/1168
deg_analysis_31124716_40.out:    Running contrast 671/1168
deg_analysis_31124716_40.out:    Running contrast 676/1168
deg_analysis_31124716_40.out:    Running contrast 681/1168
deg_analysis_31124716_40.out:    Running contrast 686/1168
deg_analysis_31124716_40.out:    Running contrast 691/1168
deg_analysis_31124716_40.out:    Running contrast 696/1168
deg_analysis_31124716_40.out:    Running contrast 701/1168
deg_analysis_31124716_40.out:    Running contrast 706/1168
deg_analysis_31124716_40.out:    Running contrast 711/1168
deg_analysis_31124716_40.out:    Running contrast 716/1168
deg_analysis_31124716_40.out:    Running contrast 721/1168
deg_analysis_31124716_40.out:    Running contrast 726/1168
deg_analysis_31124716_40.out:    Running contrast 731/1168
deg_analysis_31124716_40.out:    Running contrast 736/1168
deg_analysis_31124716_40.out:    Running contrast 741/1168
deg_analysis_31124716_40.out:    Running contrast 746/1168
deg_analysis_31124716_40.out:    Running contrast 751/1168
deg_analysis_31124716_40.out:    Running contrast 756/1168
deg_analysis_31124716_40.out:    Running contrast 761/1168
deg_analysis_31124716_40.out:    Running contrast 766/1168
deg_analysis_31124716_40.out:    Running contrast 771/1168
deg_analysis_31124716_40.out:    Running contrast 776/1168
deg_analysis_31124716_40.out:    Running contrast 781/1168
deg_analysis_31124716_40.out:    Running contrast 786/1168
deg_analysis_31124716_40.out:    Running contrast 791/1168
deg_analysis_31124716_40.out:    Running contrast 796/1168
deg_analysis_31124716_40.out:    Running contrast 801/1168
deg_analysis_31124716_40.out:    Running contrast 806/1168
deg_analysis_31124716_40.out:    Running contrast 811/1168
deg_analysis_31124716_40.out:    Running contrast 816/1168
deg_analysis_31124716_40.out:    Running contrast 821/1168
deg_analysis_31124716_40.out:    Running contrast 826/1168
deg_analysis_31124716_40.out:    Running contrast 831/1168
deg_analysis_31124716_40.out:    Running contrast 836/1168
deg_analysis_31124716_40.out:    Running contrast 841/1168
deg_analysis_31124716_40.out:    Running contrast 846/1168
deg_analysis_31124716_40.out:    Running contrast 851/1168
deg_analysis_31124716_40.out:    Running contrast 856/1168
deg_analysis_31124716_40.out:    Running contrast 861/1168
deg_analysis_31124716_40.out:    Running contrast 866/1168
deg_analysis_31124716_40.out:    Running contrast 871/1168
deg_analysis_31124716_40.out:    Running contrast 876/1168
deg_analysis_31124716_40.out:    Running contrast 881/1168
deg_analysis_31124716_40.out:    Running contrast 886/1168
deg_analysis_31124716_40.out:    Running contrast 891/1168
deg_analysis_31124716_40.out:    Running contrast 896/1168
deg_analysis_31124716_40.out:    Running contrast 901/1168
deg_analysis_31124716_40.out:    Running contrast 906/1168
deg_analysis_31124716_40.out:    Running contrast 911/1168
deg_analysis_31124716_40.out:    Running contrast 916/1168
deg_analysis_31124716_40.out:    Running contrast 921/1168
deg_analysis_31124716_40.out:    Running contrast 926/1168
deg_analysis_31124716_40.out:    Running contrast 931/1168
deg_analysis_31124716_40.out:    Running contrast 936/1168
deg_analysis_31124716_40.out:    Running contrast 941/1168
deg_analysis_31124716_40.out:    Running contrast 946/1168
deg_analysis_31124716_40.out:    Running contrast 951/1168
deg_analysis_31124716_40.out:    Running contrast 956/1168
deg_analysis_31124716_40.out:    Running contrast 961/1168
deg_analysis_31124716_40.out:    Running contrast 966/1168
deg_analysis_31124716_40.out:    Running contrast 971/1168
deg_analysis_31124716_40.out:    Running contrast 976/1168
deg_analysis_31124716_40.out:    Running contrast 981/1168
deg_analysis_31124716_40.out:    Running contrast 986/1168
deg_analysis_31124716_40.out:    Running contrast 991/1168
deg_analysis_31124716_40.out:    Running contrast 996/1168
deg_analysis_31124716_40.out:    Running contrast 1001/1168
deg_analysis_31124716_40.out:    Running contrast 1006/1168
deg_analysis_31124716_40.out:    Running contrast 1011/1168
deg_analysis_31124716_40.out:    Running contrast 1016/1168
deg_analysis_31124716_40.out:    Running contrast 1021/1168
deg_analysis_31124716_40.out:    Running contrast 1026/1168
deg_analysis_31124716_40.out:    Running contrast 1031/1168
deg_analysis_31124716_40.out:    Running contrast 1036/1168
deg_analysis_31124716_40.out:    Running contrast 1041/1168
deg_analysis_31124716_40.out:    Running contrast 1046/1168
deg_analysis_31124716_40.out:    Running contrast 1051/1168
deg_analysis_31124716_40.out:    Running contrast 1056/1168
deg_analysis_31124716_40.out:    Running contrast 1061/1168
deg_analysis_31124716_40.out:    Running contrast 1066/1168
deg_analysis_31124716_40.out:    Running contrast 1071/1168
deg_analysis_31124716_40.out:    Running contrast 1076/1168
deg_analysis_31124716_40.out:    Running contrast 1081/1168
deg_analysis_31124716_40.out:    Running contrast 1086/1168
deg_analysis_31124716_40.out:    Running contrast 1091/1168
deg_analysis_31124716_40.out:    Running contrast 1096/1168
deg_analysis_31124716_40.out:    Running contrast 1101/1168
deg_analysis_31124716_40.out:    Running contrast 1106/1168
deg_analysis_31124716_40.out:    Running contrast 1111/1168
deg_analysis_31124716_40.out:    Running contrast 1116/1168
deg_analysis_31124716_40.out:    Running contrast 1121/1168
deg_analysis_31124716_40.out:    Running contrast 1126/1168
deg_analysis_31124716_40.out:    Running contrast 1131/1168
deg_analysis_31124716_40.out:    Running contrast 1136/1168
deg_analysis_31124716_40.out:    Running contrast 1141/1168
deg_analysis_31124716_40.out:    Running contrast 1146/1168
deg_analysis_31124716_40.out:    Running contrast 1151/1168
deg_analysis_31124716_40.out:    Running contrast 1156/1168
deg_analysis_31124716_40.out:    Running contrast 1161/1168
deg_analysis_31124716_40.out:    Running contrast 1166/1168
deg_analysis_31124716_40.out:    Running contrast 1168/1168
deg_analysis_31124716_40.out:
deg_analysis_31124716_40.out:    Writing:  ./data/tahoe/deg_data/sep_rep/full/qc_false/filter_min_cells_50/CVCL_1577_de.h5ad 
deg_analysis_31124716_40.out:
deg_analysis_31124716_40.out:    Rewriting h5ad file: ./data/tahoe/deg_data/sep_rep/full/qc_false/filter_min_cells_50/CVCL_1577_de.h5ad 
deg_analysis_31124716_40.out:    Removed X matrix
deg_analysis_31124716_40.out:    Rewriting h5ad file is done!
deg_analysis_31124716_40.out:✓ Cell line completed in 5397.6 seconds
deg_analysis_31124716_40.out:
deg_analysis_31124716_40.out:DE analysis completed!
deg_analysis_31124716_40.out:
deg_analysis_31124716_40.out:Total runtime: 5408.8 seconds
deg_analysis_31124716_41.out:
deg_analysis_31124716_41.out:DE analysis started...
deg_analysis_31124716_41.out:Loaded input file:  ./data/tahoe/pseudobulk_processed/sep_rep/by_celltype/CVCL_1635_processed.h5ad 
deg_analysis_31124716_41.out:Initial dimensions:  1341  samples ×  62710  genes
deg_analysis_31124716_41.out:Filter samples with the low number of cells
deg_analysis_31124716_41.out:    Filter threshold (min_cells):  50 
deg_analysis_31124716_41.out:    n_obs:  1341 -->  1328 
deg_analysis_31124716_41.out:
deg_analysis_31124716_41.out:▶︎ Processing cell_type  1 / 1 :  CVCL_1635 
deg_analysis_31124716_41.out:    Filter controls by  pert_time_h  column
deg_analysis_31124716_41.out:        n_obs:  1328 -->  1328 
deg_analysis_31124716_41.out:
deg_analysis_31124716_41.out:    Running contrast 1/1300
deg_analysis_31124716_41.out:    Running contrast 6/1300
deg_analysis_31124716_41.out:    Running contrast 11/1300
deg_analysis_31124716_41.out:    Running contrast 16/1300
deg_analysis_31124716_41.out:    Running contrast 21/1300
deg_analysis_31124716_41.out:    Running contrast 26/1300
deg_analysis_31124716_41.out:    Running contrast 31/1300
deg_analysis_31124716_41.out:    Running contrast 36/1300
deg_analysis_31124716_41.out:    Running contrast 41/1300
deg_analysis_31124716_41.out:    Running contrast 46/1300
deg_analysis_31124716_41.out:    Running contrast 51/1300
deg_analysis_31124716_41.out:    Running contrast 56/1300
deg_analysis_31124716_41.out:    Running contrast 61/1300
deg_analysis_31124716_41.out:    Running contrast 66/1300
deg_analysis_31124716_41.out:    Running contrast 71/1300
deg_analysis_31124716_41.out:    Running contrast 76/1300
deg_analysis_31124716_41.out:    Running contrast 81/1300
deg_analysis_31124716_41.out:    Running contrast 86/1300
deg_analysis_31124716_41.out:    Running contrast 91/1300
deg_analysis_31124716_41.out:    Running contrast 96/1300
deg_analysis_31124716_41.out:    Running contrast 101/1300
deg_analysis_31124716_41.out:    Running contrast 106/1300
deg_analysis_31124716_41.out:    Running contrast 111/1300
deg_analysis_31124716_41.out:    Running contrast 116/1300
deg_analysis_31124716_41.out:    Running contrast 121/1300
deg_analysis_31124716_41.out:    Running contrast 126/1300
deg_analysis_31124716_41.out:    Running contrast 131/1300
deg_analysis_31124716_41.out:    Running contrast 136/1300
deg_analysis_31124716_41.out:    Running contrast 141/1300
deg_analysis_31124716_41.out:    Running contrast 146/1300
deg_analysis_31124716_41.out:    Running contrast 151/1300
deg_analysis_31124716_41.out:    Running contrast 156/1300
deg_analysis_31124716_41.out:    Running contrast 161/1300
deg_analysis_31124716_41.out:    Running contrast 166/1300
deg_analysis_31124716_41.out:    Running contrast 171/1300
deg_analysis_31124716_41.out:    Running contrast 176/1300
deg_analysis_31124716_41.out:    Running contrast 181/1300
deg_analysis_31124716_41.out:    Running contrast 186/1300
deg_analysis_31124716_41.out:    Running contrast 191/1300
deg_analysis_31124716_41.out:    Running contrast 196/1300
deg_analysis_31124716_41.out:    Running contrast 201/1300
deg_analysis_31124716_41.out:    Running contrast 206/1300
deg_analysis_31124716_41.out:    Running contrast 211/1300
deg_analysis_31124716_41.out:    Running contrast 216/1300
deg_analysis_31124716_41.out:    Running contrast 221/1300
deg_analysis_31124716_41.out:    Running contrast 226/1300
deg_analysis_31124716_41.out:    Running contrast 231/1300
deg_analysis_31124716_41.out:    Running contrast 236/1300
deg_analysis_31124716_41.out:    Running contrast 241/1300
deg_analysis_31124716_41.out:    Running contrast 246/1300
deg_analysis_31124716_41.out:    Running contrast 251/1300
deg_analysis_31124716_41.out:    Running contrast 256/1300
deg_analysis_31124716_41.out:    Running contrast 261/1300
deg_analysis_31124716_41.out:    Running contrast 266/1300
deg_analysis_31124716_41.out:    Running contrast 271/1300
deg_analysis_31124716_41.out:    Running contrast 276/1300
deg_analysis_31124716_41.out:    Running contrast 281/1300
deg_analysis_31124716_41.out:    Running contrast 286/1300
deg_analysis_31124716_41.out:    Running contrast 291/1300
deg_analysis_31124716_41.out:    Running contrast 296/1300
deg_analysis_31124716_41.out:    Running contrast 301/1300
deg_analysis_31124716_41.out:    Running contrast 306/1300
deg_analysis_31124716_41.out:    Running contrast 311/1300
deg_analysis_31124716_41.out:    Running contrast 316/1300
deg_analysis_31124716_41.out:    Running contrast 321/1300
deg_analysis_31124716_41.out:    Running contrast 326/1300
deg_analysis_31124716_41.out:    Running contrast 331/1300
deg_analysis_31124716_41.out:    Running contrast 336/1300
deg_analysis_31124716_41.out:    Running contrast 341/1300
deg_analysis_31124716_41.out:    Running contrast 346/1300
deg_analysis_31124716_41.out:    Running contrast 351/1300
deg_analysis_31124716_41.out:    Running contrast 356/1300
deg_analysis_31124716_41.out:    Running contrast 361/1300
deg_analysis_31124716_41.out:    Running contrast 366/1300
deg_analysis_31124716_41.out:    Running contrast 371/1300
deg_analysis_31124716_41.out:    Running contrast 376/1300
deg_analysis_31124716_41.out:    Running contrast 381/1300
deg_analysis_31124716_41.out:    Running contrast 386/1300
deg_analysis_31124716_41.out:    Running contrast 391/1300
deg_analysis_31124716_41.out:    Running contrast 396/1300
deg_analysis_31124716_41.out:    Running contrast 401/1300
deg_analysis_31124716_41.out:    Running contrast 406/1300
deg_analysis_31124716_41.out:    Running contrast 411/1300
deg_analysis_31124716_41.out:    Running contrast 416/1300
deg_analysis_31124716_41.out:    Running contrast 421/1300
deg_analysis_31124716_41.out:    Running contrast 426/1300
deg_analysis_31124716_41.out:    Running contrast 431/1300
deg_analysis_31124716_41.out:    Running contrast 436/1300
deg_analysis_31124716_41.out:    Running contrast 441/1300
deg_analysis_31124716_41.out:    Running contrast 446/1300
deg_analysis_31124716_41.out:    Running contrast 451/1300
deg_analysis_31124716_41.out:    Running contrast 456/1300
deg_analysis_31124716_41.out:    Running contrast 461/1300
deg_analysis_31124716_41.out:    Running contrast 466/1300
deg_analysis_31124716_41.out:    Running contrast 471/1300
deg_analysis_31124716_41.out:    Running contrast 476/1300
deg_analysis_31124716_41.out:    Running contrast 481/1300
deg_analysis_31124716_41.out:    Running contrast 486/1300
deg_analysis_31124716_41.out:    Running contrast 491/1300
deg_analysis_31124716_41.out:    Running contrast 496/1300
deg_analysis_31124716_41.out:    Running contrast 501/1300
deg_analysis_31124716_41.out:    Running contrast 506/1300
deg_analysis_31124716_41.out:    Running contrast 511/1300
deg_analysis_31124716_41.out:    Running contrast 516/1300
deg_analysis_31124716_41.out:    Running contrast 521/1300
deg_analysis_31124716_41.out:    Running contrast 526/1300
deg_analysis_31124716_41.out:    Running contrast 531/1300
deg_analysis_31124716_41.out:    Running contrast 536/1300
deg_analysis_31124716_41.out:    Running contrast 541/1300
deg_analysis_31124716_41.out:    Running contrast 546/1300
deg_analysis_31124716_41.out:    Running contrast 551/1300
deg_analysis_31124716_41.out:    Running contrast 556/1300
deg_analysis_31124716_41.out:    Running contrast 561/1300
deg_analysis_31124716_41.out:    Running contrast 566/1300
deg_analysis_31124716_41.out:    Running contrast 571/1300
deg_analysis_31124716_41.out:    Running contrast 576/1300
deg_analysis_31124716_41.out:    Running contrast 581/1300
deg_analysis_31124716_41.out:    Running contrast 586/1300
deg_analysis_31124716_41.out:    Running contrast 591/1300
deg_analysis_31124716_41.out:    Running contrast 596/1300
deg_analysis_31124716_41.out:    Running contrast 601/1300
deg_analysis_31124716_41.out:    Running contrast 606/1300
deg_analysis_31124716_41.out:    Running contrast 611/1300
deg_analysis_31124716_41.out:    Running contrast 616/1300
deg_analysis_31124716_41.out:    Running contrast 621/1300
deg_analysis_31124716_41.out:    Running contrast 626/1300
deg_analysis_31124716_41.out:    Running contrast 631/1300
deg_analysis_31124716_41.out:    Running contrast 636/1300
deg_analysis_31124716_41.out:    Running contrast 641/1300
deg_analysis_31124716_41.out:    Running contrast 646/1300
deg_analysis_31124716_41.out:    Running contrast 651/1300
deg_analysis_31124716_41.out:    Running contrast 656/1300
deg_analysis_31124716_41.out:    Running contrast 661/1300
deg_analysis_31124716_41.out:    Running contrast 666/1300
deg_analysis_31124716_41.out:    Running contrast 671/1300
deg_analysis_31124716_41.out:    Running contrast 676/1300
deg_analysis_31124716_41.out:    Running contrast 681/1300
deg_analysis_31124716_41.out:    Running contrast 686/1300
deg_analysis_31124716_41.out:    Running contrast 691/1300
deg_analysis_31124716_41.out:    Running contrast 696/1300
deg_analysis_31124716_41.out:    Running contrast 701/1300
deg_analysis_31124716_41.out:    Running contrast 706/1300
deg_analysis_31124716_41.out:    Running contrast 711/1300
deg_analysis_31124716_41.out:    Running contrast 716/1300
deg_analysis_31124716_41.out:    Running contrast 721/1300
deg_analysis_31124716_41.out:    Running contrast 726/1300
deg_analysis_31124716_41.out:    Running contrast 731/1300
deg_analysis_31124716_41.out:    Running contrast 736/1300
deg_analysis_31124716_41.out:    Running contrast 741/1300
deg_analysis_31124716_41.out:    Running contrast 746/1300
deg_analysis_31124716_41.out:    Running contrast 751/1300
deg_analysis_31124716_41.out:    Running contrast 756/1300
deg_analysis_31124716_41.out:    Running contrast 761/1300
deg_analysis_31124716_41.out:    Running contrast 766/1300
deg_analysis_31124716_41.out:    Running contrast 771/1300
deg_analysis_31124716_41.out:    Running contrast 776/1300
deg_analysis_31124716_41.out:    Running contrast 781/1300
deg_analysis_31124716_41.out:    Running contrast 786/1300
deg_analysis_31124716_41.out:    Running contrast 791/1300
deg_analysis_31124716_41.out:    Running contrast 796/1300
deg_analysis_31124716_41.out:    Running contrast 801/1300
deg_analysis_31124716_41.out:    Running contrast 806/1300
deg_analysis_31124716_41.out:    Running contrast 811/1300
deg_analysis_31124716_41.out:    Running contrast 816/1300
deg_analysis_31124716_41.out:    Running contrast 821/1300
deg_analysis_31124716_41.out:    Running contrast 826/1300
deg_analysis_31124716_41.out:    Running contrast 831/1300
deg_analysis_31124716_41.out:    Running contrast 836/1300
deg_analysis_31124716_41.out:    Running contrast 841/1300
deg_analysis_31124716_41.out:    Running contrast 846/1300
deg_analysis_31124716_41.out:    Running contrast 851/1300
deg_analysis_31124716_41.out:    Running contrast 856/1300
deg_analysis_31124716_41.out:    Running contrast 861/1300
deg_analysis_31124716_41.out:    Running contrast 866/1300
deg_analysis_31124716_41.out:    Running contrast 871/1300
deg_analysis_31124716_41.out:    Running contrast 876/1300
deg_analysis_31124716_41.out:    Running contrast 881/1300
deg_analysis_31124716_41.out:    Running contrast 886/1300
deg_analysis_31124716_41.out:    Running contrast 891/1300
deg_analysis_31124716_41.out:    Running contrast 896/1300
deg_analysis_31124716_41.out:    Running contrast 901/1300
deg_analysis_31124716_41.out:    Running contrast 906/1300
deg_analysis_31124716_41.out:    Running contrast 911/1300
deg_analysis_31124716_41.out:    Running contrast 916/1300
deg_analysis_31124716_41.out:    Running contrast 921/1300
deg_analysis_31124716_41.out:    Running contrast 926/1300
deg_analysis_31124716_41.out:    Running contrast 931/1300
deg_analysis_31124716_41.out:    Running contrast 936/1300
deg_analysis_31124716_41.out:    Running contrast 941/1300
deg_analysis_31124716_41.out:    Running contrast 946/1300
deg_analysis_31124716_41.out:    Running contrast 951/1300
deg_analysis_31124716_41.out:    Running contrast 956/1300
deg_analysis_31124716_41.out:    Running contrast 961/1300
deg_analysis_31124716_41.out:    Running contrast 966/1300
deg_analysis_31124716_41.out:    Running contrast 971/1300
deg_analysis_31124716_41.out:    Running contrast 976/1300
deg_analysis_31124716_41.out:    Running contrast 981/1300
deg_analysis_31124716_41.out:    Running contrast 986/1300
deg_analysis_31124716_41.out:    Running contrast 991/1300
deg_analysis_31124716_41.out:    Running contrast 996/1300
deg_analysis_31124716_41.out:    Running contrast 1001/1300
deg_analysis_31124716_41.out:    Running contrast 1006/1300
deg_analysis_31124716_41.out:    Running contrast 1011/1300
deg_analysis_31124716_41.out:    Running contrast 1016/1300
deg_analysis_31124716_41.out:    Running contrast 1021/1300
deg_analysis_31124716_41.out:    Running contrast 1026/1300
deg_analysis_31124716_41.out:    Running contrast 1031/1300
deg_analysis_31124716_41.out:    Running contrast 1036/1300
deg_analysis_31124716_41.out:    Running contrast 1041/1300
deg_analysis_31124716_41.out:    Running contrast 1046/1300
deg_analysis_31124716_41.out:    Running contrast 1051/1300
deg_analysis_31124716_41.out:    Running contrast 1056/1300
deg_analysis_31124716_41.out:    Running contrast 1061/1300
deg_analysis_31124716_41.out:    Running contrast 1066/1300
deg_analysis_31124716_41.out:    Running contrast 1071/1300
deg_analysis_31124716_41.out:    Running contrast 1076/1300
deg_analysis_31124716_41.out:    Running contrast 1081/1300
deg_analysis_31124716_41.out:    Running contrast 1086/1300
deg_analysis_31124716_41.out:    Running contrast 1091/1300
deg_analysis_31124716_41.out:    Running contrast 1096/1300
deg_analysis_31124716_41.out:    Running contrast 1101/1300
deg_analysis_31124716_41.out:    Running contrast 1106/1300
deg_analysis_31124716_41.out:    Running contrast 1111/1300
deg_analysis_31124716_41.out:    Running contrast 1116/1300
deg_analysis_31124716_41.out:    Running contrast 1121/1300
deg_analysis_31124716_41.out:    Running contrast 1126/1300
deg_analysis_31124716_41.out:    Running contrast 1131/1300
deg_analysis_31124716_41.out:    Running contrast 1136/1300
deg_analysis_31124716_41.out:    Running contrast 1141/1300
deg_analysis_31124716_41.out:    Running contrast 1146/1300
deg_analysis_31124716_41.out:    Running contrast 1151/1300
deg_analysis_31124716_41.out:    Running contrast 1156/1300
deg_analysis_31124716_41.out:    Running contrast 1161/1300
deg_analysis_31124716_41.out:    Running contrast 1166/1300
deg_analysis_31124716_41.out:    Running contrast 1171/1300
deg_analysis_31124716_41.out:    Running contrast 1176/1300
deg_analysis_31124716_41.out:    Running contrast 1181/1300
deg_analysis_31124716_41.out:    Running contrast 1186/1300
deg_analysis_31124716_41.out:    Running contrast 1191/1300
deg_analysis_31124716_41.out:    Running contrast 1196/1300
deg_analysis_31124716_41.out:    Running contrast 1201/1300
deg_analysis_31124716_41.out:    Running contrast 1206/1300
deg_analysis_31124716_41.out:    Running contrast 1211/1300
deg_analysis_31124716_41.out:    Running contrast 1216/1300
deg_analysis_31124716_41.out:    Running contrast 1221/1300
deg_analysis_31124716_41.out:    Running contrast 1226/1300
deg_analysis_31124716_41.out:    Running contrast 1231/1300
deg_analysis_31124716_41.out:    Running contrast 1236/1300
deg_analysis_31124716_41.out:    Running contrast 1241/1300
deg_analysis_31124716_41.out:    Running contrast 1246/1300
deg_analysis_31124716_41.out:    Running contrast 1251/1300
deg_analysis_31124716_41.out:    Running contrast 1256/1300
deg_analysis_31124716_41.out:    Running contrast 1261/1300
deg_analysis_31124716_41.out:    Running contrast 1266/1300
deg_analysis_31124716_41.out:    Running contrast 1271/1300
deg_analysis_31124716_41.out:    Running contrast 1276/1300
deg_analysis_31124716_41.out:    Running contrast 1281/1300
deg_analysis_31124716_41.out:    Running contrast 1286/1300
deg_analysis_31124716_41.out:    Running contrast 1291/1300
deg_analysis_31124716_41.out:    Running contrast 1296/1300
deg_analysis_31124716_41.out:    Running contrast 1300/1300
deg_analysis_31124716_41.out:
deg_analysis_31124716_41.out:    Writing:  ./data/tahoe/deg_data/sep_rep/full/qc_false/filter_min_cells_50/CVCL_1635_de.h5ad 
deg_analysis_31124716_41.out:
deg_analysis_31124716_41.out:    Rewriting h5ad file: ./data/tahoe/deg_data/sep_rep/full/qc_false/filter_min_cells_50/CVCL_1635_de.h5ad 
deg_analysis_31124716_41.out:    Removed X matrix
deg_analysis_31124716_41.out:    Rewriting h5ad file is done!
deg_analysis_31124716_41.out:✓ Cell line completed in 11516.9 seconds
deg_analysis_31124716_41.out:
deg_analysis_31124716_41.out:DE analysis completed!
deg_analysis_31124716_41.out:
deg_analysis_31124716_41.out:Total runtime: 11541.3 seconds
deg_analysis_31124716_42.out:
deg_analysis_31124716_42.out:DE analysis started...
deg_analysis_31124716_42.out:Loaded input file:  ./data/tahoe/pseudobulk_processed/sep_rep/by_celltype/CVCL_1666_processed.h5ad 
deg_analysis_31124716_42.out:Initial dimensions:  1341  samples ×  62710  genes
deg_analysis_31124716_42.out:Filter samples with the low number of cells
deg_analysis_31124716_42.out:    Filter threshold (min_cells):  50 
deg_analysis_31124716_42.out:    n_obs:  1341 -->  1328 
deg_analysis_31124716_42.out:
deg_analysis_31124716_42.out:▶︎ Processing cell_type  1 / 1 :  CVCL_1666 
deg_analysis_31124716_42.out:    Filter controls by  pert_time_h  column
deg_analysis_31124716_42.out:        n_obs:  1328 -->  1328 
deg_analysis_31124716_42.out:
deg_analysis_31124716_42.out:    Running contrast 1/1300
deg_analysis_31124716_42.out:    Running contrast 6/1300
deg_analysis_31124716_42.out:    Running contrast 11/1300
deg_analysis_31124716_42.out:    Running contrast 16/1300
deg_analysis_31124716_42.out:    Running contrast 21/1300
deg_analysis_31124716_42.out:    Running contrast 26/1300
deg_analysis_31124716_42.out:    Running contrast 31/1300
deg_analysis_31124716_42.out:    Running contrast 36/1300
deg_analysis_31124716_42.out:    Running contrast 41/1300
deg_analysis_31124716_42.out:    Running contrast 46/1300
deg_analysis_31124716_42.out:    Running contrast 51/1300
deg_analysis_31124716_42.out:    Running contrast 56/1300
deg_analysis_31124716_42.out:    Running contrast 61/1300
deg_analysis_31124716_42.out:    Running contrast 66/1300
deg_analysis_31124716_42.out:    Running contrast 71/1300
deg_analysis_31124716_42.out:    Running contrast 76/1300
deg_analysis_31124716_42.out:    Running contrast 81/1300
deg_analysis_31124716_42.out:    Running contrast 86/1300
deg_analysis_31124716_42.out:    Running contrast 91/1300
deg_analysis_31124716_42.out:    Running contrast 96/1300
deg_analysis_31124716_42.out:    Running contrast 101/1300
deg_analysis_31124716_42.out:    Running contrast 106/1300
deg_analysis_31124716_42.out:    Running contrast 111/1300
deg_analysis_31124716_42.out:    Running contrast 116/1300
deg_analysis_31124716_42.out:    Running contrast 121/1300
deg_analysis_31124716_42.out:    Running contrast 126/1300
deg_analysis_31124716_42.out:    Running contrast 131/1300
deg_analysis_31124716_42.out:    Running contrast 136/1300
deg_analysis_31124716_42.out:    Running contrast 141/1300
deg_analysis_31124716_42.out:    Running contrast 146/1300
deg_analysis_31124716_42.out:    Running contrast 151/1300
deg_analysis_31124716_42.out:    Running contrast 156/1300
deg_analysis_31124716_42.out:    Running contrast 161/1300
deg_analysis_31124716_42.out:    Running contrast 166/1300
deg_analysis_31124716_42.out:    Running contrast 171/1300
deg_analysis_31124716_42.out:    Running contrast 176/1300
deg_analysis_31124716_42.out:    Running contrast 181/1300
deg_analysis_31124716_42.out:    Running contrast 186/1300
deg_analysis_31124716_42.out:    Running contrast 191/1300
deg_analysis_31124716_42.out:    Running contrast 196/1300
deg_analysis_31124716_42.out:    Running contrast 201/1300
deg_analysis_31124716_42.out:    Running contrast 206/1300
deg_analysis_31124716_42.out:    Running contrast 211/1300
deg_analysis_31124716_42.out:    Running contrast 216/1300
deg_analysis_31124716_42.out:    Running contrast 221/1300
deg_analysis_31124716_42.out:    Running contrast 226/1300
deg_analysis_31124716_42.out:    Running contrast 231/1300
deg_analysis_31124716_42.out:    Running contrast 236/1300
deg_analysis_31124716_42.out:    Running contrast 241/1300
deg_analysis_31124716_42.out:    Running contrast 246/1300
deg_analysis_31124716_42.out:    Running contrast 251/1300
deg_analysis_31124716_42.out:    Running contrast 256/1300
deg_analysis_31124716_42.out:    Running contrast 261/1300
deg_analysis_31124716_42.out:    Running contrast 266/1300
deg_analysis_31124716_42.out:    Running contrast 271/1300
deg_analysis_31124716_42.out:    Running contrast 276/1300
deg_analysis_31124716_42.out:    Running contrast 281/1300
deg_analysis_31124716_42.out:    Running contrast 286/1300
deg_analysis_31124716_42.out:    Running contrast 291/1300
deg_analysis_31124716_42.out:    Running contrast 296/1300
deg_analysis_31124716_42.out:    Running contrast 301/1300
deg_analysis_31124716_42.out:    Running contrast 306/1300
deg_analysis_31124716_42.out:    Running contrast 311/1300
deg_analysis_31124716_42.out:    Running contrast 316/1300
deg_analysis_31124716_42.out:    Running contrast 321/1300
deg_analysis_31124716_42.out:    Running contrast 326/1300
deg_analysis_31124716_42.out:    Running contrast 331/1300
deg_analysis_31124716_42.out:    Running contrast 336/1300
deg_analysis_31124716_42.out:    Running contrast 341/1300
deg_analysis_31124716_42.out:    Running contrast 346/1300
deg_analysis_31124716_42.out:    Running contrast 351/1300
deg_analysis_31124716_42.out:    Running contrast 356/1300
deg_analysis_31124716_42.out:    Running contrast 361/1300
deg_analysis_31124716_42.out:    Running contrast 366/1300
deg_analysis_31124716_42.out:    Running contrast 371/1300
deg_analysis_31124716_42.out:    Running contrast 376/1300
deg_analysis_31124716_42.out:    Running contrast 381/1300
deg_analysis_31124716_42.out:    Running contrast 386/1300
deg_analysis_31124716_42.out:    Running contrast 391/1300
deg_analysis_31124716_42.out:    Running contrast 396/1300
deg_analysis_31124716_42.out:    Running contrast 401/1300
deg_analysis_31124716_42.out:    Running contrast 406/1300
deg_analysis_31124716_42.out:    Running contrast 411/1300
deg_analysis_31124716_42.out:    Running contrast 416/1300
deg_analysis_31124716_42.out:    Running contrast 421/1300
deg_analysis_31124716_42.out:    Running contrast 426/1300
deg_analysis_31124716_42.out:    Running contrast 431/1300
deg_analysis_31124716_42.out:    Running contrast 436/1300
deg_analysis_31124716_42.out:    Running contrast 441/1300
deg_analysis_31124716_42.out:    Running contrast 446/1300
deg_analysis_31124716_42.out:    Running contrast 451/1300
deg_analysis_31124716_42.out:    Running contrast 456/1300
deg_analysis_31124716_42.out:    Running contrast 461/1300
deg_analysis_31124716_42.out:    Running contrast 466/1300
deg_analysis_31124716_42.out:    Running contrast 471/1300
deg_analysis_31124716_42.out:    Running contrast 476/1300
deg_analysis_31124716_42.out:    Running contrast 481/1300
deg_analysis_31124716_42.out:    Running contrast 486/1300
deg_analysis_31124716_42.out:    Running contrast 491/1300
deg_analysis_31124716_42.out:    Running contrast 496/1300
deg_analysis_31124716_42.out:    Running contrast 501/1300
deg_analysis_31124716_42.out:    Running contrast 506/1300
deg_analysis_31124716_42.out:    Running contrast 511/1300
deg_analysis_31124716_42.out:    Running contrast 516/1300
deg_analysis_31124716_42.out:    Running contrast 521/1300
deg_analysis_31124716_42.out:    Running contrast 526/1300
deg_analysis_31124716_42.out:    Running contrast 531/1300
deg_analysis_31124716_42.out:    Running contrast 536/1300
deg_analysis_31124716_42.out:    Running contrast 541/1300
deg_analysis_31124716_42.out:    Running contrast 546/1300
deg_analysis_31124716_42.out:    Running contrast 551/1300
deg_analysis_31124716_42.out:    Running contrast 556/1300
deg_analysis_31124716_42.out:    Running contrast 561/1300
deg_analysis_31124716_42.out:    Running contrast 566/1300
deg_analysis_31124716_42.out:    Running contrast 571/1300
deg_analysis_31124716_42.out:    Running contrast 576/1300
deg_analysis_31124716_42.out:    Running contrast 581/1300
deg_analysis_31124716_42.out:    Running contrast 586/1300
deg_analysis_31124716_42.out:    Running contrast 591/1300
deg_analysis_31124716_42.out:    Running contrast 596/1300
deg_analysis_31124716_42.out:    Running contrast 601/1300
deg_analysis_31124716_42.out:    Running contrast 606/1300
deg_analysis_31124716_42.out:    Running contrast 611/1300
deg_analysis_31124716_42.out:    Running contrast 616/1300
deg_analysis_31124716_42.out:    Running contrast 621/1300
deg_analysis_31124716_42.out:    Running contrast 626/1300
deg_analysis_31124716_42.out:    Running contrast 631/1300
deg_analysis_31124716_42.out:    Running contrast 636/1300
deg_analysis_31124716_42.out:    Running contrast 641/1300
deg_analysis_31124716_42.out:    Running contrast 646/1300
deg_analysis_31124716_42.out:    Running contrast 651/1300
deg_analysis_31124716_42.out:    Running contrast 656/1300
deg_analysis_31124716_42.out:    Running contrast 661/1300
deg_analysis_31124716_42.out:    Running contrast 666/1300
deg_analysis_31124716_42.out:    Running contrast 671/1300
deg_analysis_31124716_42.out:    Running contrast 676/1300
deg_analysis_31124716_42.out:    Running contrast 681/1300
deg_analysis_31124716_42.out:    Running contrast 686/1300
deg_analysis_31124716_42.out:    Running contrast 691/1300
deg_analysis_31124716_42.out:    Running contrast 696/1300
deg_analysis_31124716_42.out:    Running contrast 701/1300
deg_analysis_31124716_42.out:    Running contrast 706/1300
deg_analysis_31124716_42.out:    Running contrast 711/1300
deg_analysis_31124716_42.out:    Running contrast 716/1300
deg_analysis_31124716_42.out:    Running contrast 721/1300
deg_analysis_31124716_42.out:    Running contrast 726/1300
deg_analysis_31124716_42.out:    Running contrast 731/1300
deg_analysis_31124716_42.out:    Running contrast 736/1300
deg_analysis_31124716_42.out:    Running contrast 741/1300
deg_analysis_31124716_42.out:    Running contrast 746/1300
deg_analysis_31124716_42.out:    Running contrast 751/1300
deg_analysis_31124716_42.out:    Running contrast 756/1300
deg_analysis_31124716_42.out:    Running contrast 761/1300
deg_analysis_31124716_42.out:    Running contrast 766/1300
deg_analysis_31124716_42.out:    Running contrast 771/1300
deg_analysis_31124716_42.out:    Running contrast 776/1300
deg_analysis_31124716_42.out:    Running contrast 781/1300
deg_analysis_31124716_42.out:    Running contrast 786/1300
deg_analysis_31124716_42.out:    Running contrast 791/1300
deg_analysis_31124716_42.out:    Running contrast 796/1300
deg_analysis_31124716_42.out:    Running contrast 801/1300
deg_analysis_31124716_42.out:    Running contrast 806/1300
deg_analysis_31124716_42.out:    Running contrast 811/1300
deg_analysis_31124716_42.out:    Running contrast 816/1300
deg_analysis_31124716_42.out:    Running contrast 821/1300
deg_analysis_31124716_42.out:    Running contrast 826/1300
deg_analysis_31124716_42.out:    Running contrast 831/1300
deg_analysis_31124716_42.out:    Running contrast 836/1300
deg_analysis_31124716_42.out:    Running contrast 841/1300
deg_analysis_31124716_42.out:    Running contrast 846/1300
deg_analysis_31124716_42.out:    Running contrast 851/1300
deg_analysis_31124716_42.out:    Running contrast 856/1300
deg_analysis_31124716_42.out:    Running contrast 861/1300
deg_analysis_31124716_42.out:    Running contrast 866/1300
deg_analysis_31124716_42.out:    Running contrast 871/1300
deg_analysis_31124716_42.out:    Running contrast 876/1300
deg_analysis_31124716_42.out:    Running contrast 881/1300
deg_analysis_31124716_42.out:    Running contrast 886/1300
deg_analysis_31124716_42.out:    Running contrast 891/1300
deg_analysis_31124716_42.out:    Running contrast 896/1300
deg_analysis_31124716_42.out:    Running contrast 901/1300
deg_analysis_31124716_42.out:    Running contrast 906/1300
deg_analysis_31124716_42.out:    Running contrast 911/1300
deg_analysis_31124716_42.out:    Running contrast 916/1300
deg_analysis_31124716_42.out:    Running contrast 921/1300
deg_analysis_31124716_42.out:    Running contrast 926/1300
deg_analysis_31124716_42.out:    Running contrast 931/1300
deg_analysis_31124716_42.out:    Running contrast 936/1300
deg_analysis_31124716_42.out:    Running contrast 941/1300
deg_analysis_31124716_42.out:    Running contrast 946/1300
deg_analysis_31124716_42.out:    Running contrast 951/1300
deg_analysis_31124716_42.out:    Running contrast 956/1300
deg_analysis_31124716_42.out:    Running contrast 961/1300
deg_analysis_31124716_42.out:    Running contrast 966/1300
deg_analysis_31124716_42.out:    Running contrast 971/1300
deg_analysis_31124716_42.out:    Running contrast 976/1300
deg_analysis_31124716_42.out:    Running contrast 981/1300
deg_analysis_31124716_42.out:    Running contrast 986/1300
deg_analysis_31124716_42.out:    Running contrast 991/1300
deg_analysis_31124716_42.out:    Running contrast 996/1300
deg_analysis_31124716_42.out:    Running contrast 1001/1300
deg_analysis_31124716_42.out:    Running contrast 1006/1300
deg_analysis_31124716_42.out:    Running contrast 1011/1300
deg_analysis_31124716_42.out:    Running contrast 1016/1300
deg_analysis_31124716_42.out:    Running contrast 1021/1300
deg_analysis_31124716_42.out:    Running contrast 1026/1300
deg_analysis_31124716_42.out:    Running contrast 1031/1300
deg_analysis_31124716_42.out:    Running contrast 1036/1300
deg_analysis_31124716_42.out:    Running contrast 1041/1300
deg_analysis_31124716_42.out:    Running contrast 1046/1300
deg_analysis_31124716_42.out:    Running contrast 1051/1300
deg_analysis_31124716_42.out:    Running contrast 1056/1300
deg_analysis_31124716_42.out:    Running contrast 1061/1300
deg_analysis_31124716_42.out:    Running contrast 1066/1300
deg_analysis_31124716_42.out:    Running contrast 1071/1300
deg_analysis_31124716_42.out:    Running contrast 1076/1300
deg_analysis_31124716_42.out:    Running contrast 1081/1300
deg_analysis_31124716_42.out:    Running contrast 1086/1300
deg_analysis_31124716_42.out:    Running contrast 1091/1300
deg_analysis_31124716_42.out:    Running contrast 1096/1300
deg_analysis_31124716_42.out:    Running contrast 1101/1300
deg_analysis_31124716_42.out:    Running contrast 1106/1300
deg_analysis_31124716_42.out:    Running contrast 1111/1300
deg_analysis_31124716_42.out:    Running contrast 1116/1300
deg_analysis_31124716_42.out:    Running contrast 1121/1300
deg_analysis_31124716_42.out:    Running contrast 1126/1300
deg_analysis_31124716_42.out:    Running contrast 1131/1300
deg_analysis_31124716_42.out:    Running contrast 1136/1300
deg_analysis_31124716_42.out:    Running contrast 1141/1300
deg_analysis_31124716_42.out:    Running contrast 1146/1300
deg_analysis_31124716_42.out:    Running contrast 1151/1300
deg_analysis_31124716_42.out:    Running contrast 1156/1300
deg_analysis_31124716_42.out:    Running contrast 1161/1300
deg_analysis_31124716_42.out:    Running contrast 1166/1300
deg_analysis_31124716_42.out:    Running contrast 1171/1300
deg_analysis_31124716_42.out:    Running contrast 1176/1300
deg_analysis_31124716_42.out:    Running contrast 1181/1300
deg_analysis_31124716_42.out:    Running contrast 1186/1300
deg_analysis_31124716_42.out:    Running contrast 1191/1300
deg_analysis_31124716_42.out:    Running contrast 1196/1300
deg_analysis_31124716_42.out:    Running contrast 1201/1300
deg_analysis_31124716_42.out:    Running contrast 1206/1300
deg_analysis_31124716_42.out:    Running contrast 1211/1300
deg_analysis_31124716_42.out:    Running contrast 1216/1300
deg_analysis_31124716_42.out:    Running contrast 1221/1300
deg_analysis_31124716_42.out:    Running contrast 1226/1300
deg_analysis_31124716_42.out:    Running contrast 1231/1300
deg_analysis_31124716_42.out:    Running contrast 1236/1300
deg_analysis_31124716_42.out:    Running contrast 1241/1300
deg_analysis_31124716_42.out:    Running contrast 1246/1300
deg_analysis_31124716_42.out:    Running contrast 1251/1300
deg_analysis_31124716_42.out:    Running contrast 1256/1300
deg_analysis_31124716_42.out:    Running contrast 1261/1300
deg_analysis_31124716_42.out:    Running contrast 1266/1300
deg_analysis_31124716_42.out:    Running contrast 1271/1300
deg_analysis_31124716_42.out:    Running contrast 1276/1300
deg_analysis_31124716_42.out:    Running contrast 1281/1300
deg_analysis_31124716_42.out:    Running contrast 1286/1300
deg_analysis_31124716_42.out:    Running contrast 1291/1300
deg_analysis_31124716_42.out:    Running contrast 1296/1300
deg_analysis_31124716_42.out:    Running contrast 1300/1300
deg_analysis_31124716_42.out:
deg_analysis_31124716_42.out:    Writing:  ./data/tahoe/deg_data/sep_rep/full/qc_false/filter_min_cells_50/CVCL_1666_de.h5ad 
deg_analysis_31124716_42.out:
deg_analysis_31124716_42.out:    Rewriting h5ad file: ./data/tahoe/deg_data/sep_rep/full/qc_false/filter_min_cells_50/CVCL_1666_de.h5ad 
deg_analysis_31124716_42.out:    Removed X matrix
deg_analysis_31124716_42.out:    Rewriting h5ad file is done!
deg_analysis_31124716_42.out:✓ Cell line completed in 9638.4 seconds
deg_analysis_31124716_42.out:
deg_analysis_31124716_42.out:DE analysis completed!
deg_analysis_31124716_42.out:
deg_analysis_31124716_42.out:Total runtime: 9652.4 seconds
deg_analysis_31124716_43.out:
deg_analysis_31124716_43.out:DE analysis started...
deg_analysis_31124716_43.out:Loaded input file:  ./data/tahoe/pseudobulk_processed/sep_rep/by_celltype/CVCL_1693_processed.h5ad 
deg_analysis_31124716_43.out:Initial dimensions:  1342  samples ×  62710  genes
deg_analysis_31124716_43.out:Filter samples with the low number of cells
deg_analysis_31124716_43.out:    Filter threshold (min_cells):  50 
deg_analysis_31124716_43.out:    n_obs:  1342 -->  1330 
deg_analysis_31124716_43.out:
deg_analysis_31124716_43.out:▶︎ Processing cell_type  1 / 1 :  CVCL_1693 
deg_analysis_31124716_43.out:    Filter controls by  pert_time_h  column
deg_analysis_31124716_43.out:        n_obs:  1330 -->  1330 
deg_analysis_31124716_43.out:
deg_analysis_31124716_43.out:    Running contrast 1/1302
deg_analysis_31124716_43.out:    Running contrast 6/1302
deg_analysis_31124716_43.out:    Running contrast 11/1302
deg_analysis_31124716_43.out:    Running contrast 16/1302
deg_analysis_31124716_43.out:    Running contrast 21/1302
deg_analysis_31124716_43.out:    Running contrast 26/1302
deg_analysis_31124716_43.out:    Running contrast 31/1302
deg_analysis_31124716_43.out:    Running contrast 36/1302
deg_analysis_31124716_43.out:    Running contrast 41/1302
deg_analysis_31124716_43.out:    Running contrast 46/1302
deg_analysis_31124716_43.out:    Running contrast 51/1302
deg_analysis_31124716_43.out:    Running contrast 56/1302
deg_analysis_31124716_43.out:    Running contrast 61/1302
deg_analysis_31124716_43.out:    Running contrast 66/1302
deg_analysis_31124716_43.out:    Running contrast 71/1302
deg_analysis_31124716_43.out:    Running contrast 76/1302
deg_analysis_31124716_43.out:    Running contrast 81/1302
deg_analysis_31124716_43.out:    Running contrast 86/1302
deg_analysis_31124716_43.out:    Running contrast 91/1302
deg_analysis_31124716_43.out:    Running contrast 96/1302
deg_analysis_31124716_43.out:    Running contrast 101/1302
deg_analysis_31124716_43.out:    Running contrast 106/1302
deg_analysis_31124716_43.out:    Running contrast 111/1302
deg_analysis_31124716_43.out:    Running contrast 116/1302
deg_analysis_31124716_43.out:    Running contrast 121/1302
deg_analysis_31124716_43.out:    Running contrast 126/1302
deg_analysis_31124716_43.out:    Running contrast 131/1302
deg_analysis_31124716_43.out:    Running contrast 136/1302
deg_analysis_31124716_43.out:    Running contrast 141/1302
deg_analysis_31124716_43.out:    Running contrast 146/1302
deg_analysis_31124716_43.out:    Running contrast 151/1302
deg_analysis_31124716_43.out:    Running contrast 156/1302
deg_analysis_31124716_43.out:    Running contrast 161/1302
deg_analysis_31124716_43.out:    Running contrast 166/1302
deg_analysis_31124716_43.out:    Running contrast 171/1302
deg_analysis_31124716_43.out:    Running contrast 176/1302
deg_analysis_31124716_43.out:    Running contrast 181/1302
deg_analysis_31124716_43.out:    Running contrast 186/1302
deg_analysis_31124716_43.out:    Running contrast 191/1302
deg_analysis_31124716_43.out:    Running contrast 196/1302
deg_analysis_31124716_43.out:    Running contrast 201/1302
deg_analysis_31124716_43.out:    Running contrast 206/1302
deg_analysis_31124716_43.out:    Running contrast 211/1302
deg_analysis_31124716_43.out:    Running contrast 216/1302
deg_analysis_31124716_43.out:    Running contrast 221/1302
deg_analysis_31124716_43.out:    Running contrast 226/1302
deg_analysis_31124716_43.out:    Running contrast 231/1302
deg_analysis_31124716_43.out:    Running contrast 236/1302
deg_analysis_31124716_43.out:    Running contrast 241/1302
deg_analysis_31124716_43.out:    Running contrast 246/1302
deg_analysis_31124716_43.out:    Running contrast 251/1302
deg_analysis_31124716_43.out:    Running contrast 256/1302
deg_analysis_31124716_43.out:    Running contrast 261/1302
deg_analysis_31124716_43.out:    Running contrast 266/1302
deg_analysis_31124716_43.out:    Running contrast 271/1302
deg_analysis_31124716_43.out:    Running contrast 276/1302
deg_analysis_31124716_43.out:    Running contrast 281/1302
deg_analysis_31124716_43.out:    Running contrast 286/1302
deg_analysis_31124716_43.out:    Running contrast 291/1302
deg_analysis_31124716_43.out:    Running contrast 296/1302
deg_analysis_31124716_43.out:    Running contrast 301/1302
deg_analysis_31124716_43.out:    Running contrast 306/1302
deg_analysis_31124716_43.out:    Running contrast 311/1302
deg_analysis_31124716_43.out:    Running contrast 316/1302
deg_analysis_31124716_43.out:    Running contrast 321/1302
deg_analysis_31124716_43.out:    Running contrast 326/1302
deg_analysis_31124716_43.out:    Running contrast 331/1302
deg_analysis_31124716_43.out:    Running contrast 336/1302
deg_analysis_31124716_43.out:    Running contrast 341/1302
deg_analysis_31124716_43.out:    Running contrast 346/1302
deg_analysis_31124716_43.out:    Running contrast 351/1302
deg_analysis_31124716_43.out:    Running contrast 356/1302
deg_analysis_31124716_43.out:    Running contrast 361/1302
deg_analysis_31124716_43.out:    Running contrast 366/1302
deg_analysis_31124716_43.out:    Running contrast 371/1302
deg_analysis_31124716_43.out:    Running contrast 376/1302
deg_analysis_31124716_43.out:    Running contrast 381/1302
deg_analysis_31124716_43.out:    Running contrast 386/1302
deg_analysis_31124716_43.out:    Running contrast 391/1302
deg_analysis_31124716_43.out:    Running contrast 396/1302
deg_analysis_31124716_43.out:    Running contrast 401/1302
deg_analysis_31124716_43.out:    Running contrast 406/1302
deg_analysis_31124716_43.out:    Running contrast 411/1302
deg_analysis_31124716_43.out:    Running contrast 416/1302
deg_analysis_31124716_43.out:    Running contrast 421/1302
deg_analysis_31124716_43.out:    Running contrast 426/1302
deg_analysis_31124716_43.out:    Running contrast 431/1302
deg_analysis_31124716_43.out:    Running contrast 436/1302
deg_analysis_31124716_43.out:    Running contrast 441/1302
deg_analysis_31124716_43.out:    Running contrast 446/1302
deg_analysis_31124716_43.out:    Running contrast 451/1302
deg_analysis_31124716_43.out:    Running contrast 456/1302
deg_analysis_31124716_43.out:    Running contrast 461/1302
deg_analysis_31124716_43.out:    Running contrast 466/1302
deg_analysis_31124716_43.out:    Running contrast 471/1302
deg_analysis_31124716_43.out:    Running contrast 476/1302
deg_analysis_31124716_43.out:    Running contrast 481/1302
deg_analysis_31124716_43.out:    Running contrast 486/1302
deg_analysis_31124716_43.out:    Running contrast 491/1302
deg_analysis_31124716_43.out:    Running contrast 496/1302
deg_analysis_31124716_43.out:    Running contrast 501/1302
deg_analysis_31124716_43.out:    Running contrast 506/1302
deg_analysis_31124716_43.out:    Running contrast 511/1302
deg_analysis_31124716_43.out:    Running contrast 516/1302
deg_analysis_31124716_43.out:    Running contrast 521/1302
deg_analysis_31124716_43.out:    Running contrast 526/1302
deg_analysis_31124716_43.out:    Running contrast 531/1302
deg_analysis_31124716_43.out:    Running contrast 536/1302
deg_analysis_31124716_43.out:    Running contrast 541/1302
deg_analysis_31124716_43.out:    Running contrast 546/1302
deg_analysis_31124716_43.out:    Running contrast 551/1302
deg_analysis_31124716_43.out:    Running contrast 556/1302
deg_analysis_31124716_43.out:    Running contrast 561/1302
deg_analysis_31124716_43.out:    Running contrast 566/1302
deg_analysis_31124716_43.out:    Running contrast 571/1302
deg_analysis_31124716_43.out:    Running contrast 576/1302
deg_analysis_31124716_43.out:    Running contrast 581/1302
deg_analysis_31124716_43.out:    Running contrast 586/1302
deg_analysis_31124716_43.out:    Running contrast 591/1302
deg_analysis_31124716_43.out:    Running contrast 596/1302
deg_analysis_31124716_43.out:    Running contrast 601/1302
deg_analysis_31124716_43.out:    Running contrast 606/1302
deg_analysis_31124716_43.out:    Running contrast 611/1302
deg_analysis_31124716_43.out:    Running contrast 616/1302
deg_analysis_31124716_43.out:    Running contrast 621/1302
deg_analysis_31124716_43.out:    Running contrast 626/1302
deg_analysis_31124716_43.out:    Running contrast 631/1302
deg_analysis_31124716_43.out:    Running contrast 636/1302
deg_analysis_31124716_43.out:    Running contrast 641/1302
deg_analysis_31124716_43.out:    Running contrast 646/1302
deg_analysis_31124716_43.out:    Running contrast 651/1302
deg_analysis_31124716_43.out:    Running contrast 656/1302
deg_analysis_31124716_43.out:    Running contrast 661/1302
deg_analysis_31124716_43.out:    Running contrast 666/1302
deg_analysis_31124716_43.out:    Running contrast 671/1302
deg_analysis_31124716_43.out:    Running contrast 676/1302
deg_analysis_31124716_43.out:    Running contrast 681/1302
deg_analysis_31124716_43.out:    Running contrast 686/1302
deg_analysis_31124716_43.out:    Running contrast 691/1302
deg_analysis_31124716_43.out:    Running contrast 696/1302
deg_analysis_31124716_43.out:    Running contrast 701/1302
deg_analysis_31124716_43.out:    Running contrast 706/1302
deg_analysis_31124716_43.out:    Running contrast 711/1302
deg_analysis_31124716_43.out:    Running contrast 716/1302
deg_analysis_31124716_43.out:    Running contrast 721/1302
deg_analysis_31124716_43.out:    Running contrast 726/1302
deg_analysis_31124716_43.out:    Running contrast 731/1302
deg_analysis_31124716_43.out:    Running contrast 736/1302
deg_analysis_31124716_43.out:    Running contrast 741/1302
deg_analysis_31124716_43.out:    Running contrast 746/1302
deg_analysis_31124716_43.out:    Running contrast 751/1302
deg_analysis_31124716_43.out:    Running contrast 756/1302
deg_analysis_31124716_43.out:    Running contrast 761/1302
deg_analysis_31124716_43.out:    Running contrast 766/1302
deg_analysis_31124716_43.out:    Running contrast 771/1302
deg_analysis_31124716_43.out:    Running contrast 776/1302
deg_analysis_31124716_43.out:    Running contrast 781/1302
deg_analysis_31124716_43.out:    Running contrast 786/1302
deg_analysis_31124716_43.out:    Running contrast 791/1302
deg_analysis_31124716_43.out:    Running contrast 796/1302
deg_analysis_31124716_43.out:    Running contrast 801/1302
deg_analysis_31124716_43.out:    Running contrast 806/1302
deg_analysis_31124716_43.out:    Running contrast 811/1302
deg_analysis_31124716_43.out:    Running contrast 816/1302
deg_analysis_31124716_43.out:    Running contrast 821/1302
deg_analysis_31124716_43.out:    Running contrast 826/1302
deg_analysis_31124716_43.out:    Running contrast 831/1302
deg_analysis_31124716_43.out:    Running contrast 836/1302
deg_analysis_31124716_43.out:    Running contrast 841/1302
deg_analysis_31124716_43.out:    Running contrast 846/1302
deg_analysis_31124716_43.out:    Running contrast 851/1302
deg_analysis_31124716_43.out:    Running contrast 856/1302
deg_analysis_31124716_43.out:    Running contrast 861/1302
deg_analysis_31124716_43.out:    Running contrast 866/1302
deg_analysis_31124716_43.out:    Running contrast 871/1302
deg_analysis_31124716_43.out:    Running contrast 876/1302
deg_analysis_31124716_43.out:    Running contrast 881/1302
deg_analysis_31124716_43.out:    Running contrast 886/1302
deg_analysis_31124716_43.out:    Running contrast 891/1302
deg_analysis_31124716_43.out:    Running contrast 896/1302
deg_analysis_31124716_43.out:    Running contrast 901/1302
deg_analysis_31124716_43.out:    Running contrast 906/1302
deg_analysis_31124716_43.out:    Running contrast 911/1302
deg_analysis_31124716_43.out:    Running contrast 916/1302
deg_analysis_31124716_43.out:    Running contrast 921/1302
deg_analysis_31124716_43.out:    Running contrast 926/1302
deg_analysis_31124716_43.out:    Running contrast 931/1302
deg_analysis_31124716_43.out:    Running contrast 936/1302
deg_analysis_31124716_43.out:    Running contrast 941/1302
deg_analysis_31124716_43.out:    Running contrast 946/1302
deg_analysis_31124716_43.out:    Running contrast 951/1302
deg_analysis_31124716_43.out:    Running contrast 956/1302
deg_analysis_31124716_43.out:    Running contrast 961/1302
deg_analysis_31124716_43.out:    Running contrast 966/1302
deg_analysis_31124716_43.out:    Running contrast 971/1302
deg_analysis_31124716_43.out:    Running contrast 976/1302
deg_analysis_31124716_43.out:    Running contrast 981/1302
deg_analysis_31124716_43.out:    Running contrast 986/1302
deg_analysis_31124716_43.out:    Running contrast 991/1302
deg_analysis_31124716_43.out:    Running contrast 996/1302
deg_analysis_31124716_43.out:    Running contrast 1001/1302
deg_analysis_31124716_43.out:    Running contrast 1006/1302
deg_analysis_31124716_43.out:    Running contrast 1011/1302
deg_analysis_31124716_43.out:    Running contrast 1016/1302
deg_analysis_31124716_43.out:    Running contrast 1021/1302
deg_analysis_31124716_43.out:    Running contrast 1026/1302
deg_analysis_31124716_43.out:    Running contrast 1031/1302
deg_analysis_31124716_43.out:    Running contrast 1036/1302
deg_analysis_31124716_43.out:    Running contrast 1041/1302
deg_analysis_31124716_43.out:    Running contrast 1046/1302
deg_analysis_31124716_43.out:    Running contrast 1051/1302
deg_analysis_31124716_43.out:    Running contrast 1056/1302
deg_analysis_31124716_43.out:    Running contrast 1061/1302
deg_analysis_31124716_43.out:    Running contrast 1066/1302
deg_analysis_31124716_43.out:    Running contrast 1071/1302
deg_analysis_31124716_43.out:    Running contrast 1076/1302
deg_analysis_31124716_43.out:    Running contrast 1081/1302
deg_analysis_31124716_43.out:    Running contrast 1086/1302
deg_analysis_31124716_43.out:    Running contrast 1091/1302
deg_analysis_31124716_43.out:    Running contrast 1096/1302
deg_analysis_31124716_43.out:    Running contrast 1101/1302
deg_analysis_31124716_43.out:    Running contrast 1106/1302
deg_analysis_31124716_43.out:    Running contrast 1111/1302
deg_analysis_31124716_43.out:    Running contrast 1116/1302
deg_analysis_31124716_43.out:    Running contrast 1121/1302
deg_analysis_31124716_43.out:    Running contrast 1126/1302
deg_analysis_31124716_43.out:    Running contrast 1131/1302
deg_analysis_31124716_43.out:    Running contrast 1136/1302
deg_analysis_31124716_43.out:    Running contrast 1141/1302
deg_analysis_31124716_43.out:    Running contrast 1146/1302
deg_analysis_31124716_43.out:    Running contrast 1151/1302
deg_analysis_31124716_43.out:    Running contrast 1156/1302
deg_analysis_31124716_43.out:    Running contrast 1161/1302
deg_analysis_31124716_43.out:    Running contrast 1166/1302
deg_analysis_31124716_43.out:    Running contrast 1171/1302
deg_analysis_31124716_43.out:    Running contrast 1176/1302
deg_analysis_31124716_43.out:    Running contrast 1181/1302
deg_analysis_31124716_43.out:    Running contrast 1186/1302
deg_analysis_31124716_43.out:    Running contrast 1191/1302
deg_analysis_31124716_43.out:    Running contrast 1196/1302
deg_analysis_31124716_43.out:    Running contrast 1201/1302
deg_analysis_31124716_43.out:    Running contrast 1206/1302
deg_analysis_31124716_43.out:    Running contrast 1211/1302
deg_analysis_31124716_43.out:    Running contrast 1216/1302
deg_analysis_31124716_43.out:    Running contrast 1221/1302
deg_analysis_31124716_43.out:    Running contrast 1226/1302
deg_analysis_31124716_43.out:    Running contrast 1231/1302
deg_analysis_31124716_43.out:    Running contrast 1236/1302
deg_analysis_31124716_43.out:    Running contrast 1241/1302
deg_analysis_31124716_43.out:    Running contrast 1246/1302
deg_analysis_31124716_43.out:    Running contrast 1251/1302
deg_analysis_31124716_43.out:    Running contrast 1256/1302
deg_analysis_31124716_43.out:    Running contrast 1261/1302
deg_analysis_31124716_43.out:    Running contrast 1266/1302
deg_analysis_31124716_43.out:    Running contrast 1271/1302
deg_analysis_31124716_43.out:    Running contrast 1276/1302
deg_analysis_31124716_43.out:    Running contrast 1281/1302
deg_analysis_31124716_43.out:    Running contrast 1286/1302
deg_analysis_31124716_43.out:    Running contrast 1291/1302
deg_analysis_31124716_43.out:    Running contrast 1296/1302
deg_analysis_31124716_43.out:    Running contrast 1301/1302
deg_analysis_31124716_43.out:    Running contrast 1302/1302
deg_analysis_31124716_43.out:
deg_analysis_31124716_43.out:    Writing:  ./data/tahoe/deg_data/sep_rep/full/qc_false/filter_min_cells_50/CVCL_1693_de.h5ad 
deg_analysis_31124716_43.out:
deg_analysis_31124716_43.out:    Rewriting h5ad file: ./data/tahoe/deg_data/sep_rep/full/qc_false/filter_min_cells_50/CVCL_1693_de.h5ad 
deg_analysis_31124716_43.out:    Removed X matrix
deg_analysis_31124716_43.out:    Rewriting h5ad file is done!
deg_analysis_31124716_43.out:✓ Cell line completed in 12853.2 seconds
deg_analysis_31124716_43.out:
deg_analysis_31124716_43.out:DE analysis completed!
deg_analysis_31124716_43.out:
deg_analysis_31124716_43.out:Total runtime: 12867.0 seconds
deg_analysis_31124716_43.err:Warning message:
deg_analysis_31124716_43.err:Partial NA coefficients for 1 probe(s) 
deg_analysis_31124716_44.out:
deg_analysis_31124716_44.out:DE analysis started...
deg_analysis_31124716_44.out:Loaded input file:  ./data/tahoe/pseudobulk_processed/sep_rep/by_celltype/CVCL_1715_processed.h5ad 
deg_analysis_31124716_44.out:Initial dimensions:  1340  samples ×  62710  genes
deg_analysis_31124716_44.out:Filter samples with the low number of cells
deg_analysis_31124716_44.out:    Filter threshold (min_cells):  50 
deg_analysis_31124716_44.out:    n_obs:  1340 -->  1040 
deg_analysis_31124716_44.out:
deg_analysis_31124716_44.out:▶︎ Processing cell_type  1 / 1 :  CVCL_1715 
deg_analysis_31124716_44.out:    Filter controls by  pert_time_h  column
deg_analysis_31124716_44.out:        n_obs:  1040 -->  1040 
deg_analysis_31124716_44.out:
deg_analysis_31124716_44.out:Coefficients not estimable: plateplate7 
deg_analysis_31124716_44.out:Coefficients not estimable: plateplate7 
deg_analysis_31124716_44.out:    Running contrast 1/1018
deg_analysis_31124716_44.out:    Running contrast 6/1018
deg_analysis_31124716_44.out:    Running contrast 11/1018
deg_analysis_31124716_44.out:    Running contrast 16/1018
deg_analysis_31124716_44.out:    Running contrast 21/1018
deg_analysis_31124716_44.out:    Running contrast 26/1018
deg_analysis_31124716_44.out:    Running contrast 31/1018
deg_analysis_31124716_44.out:    Running contrast 36/1018
deg_analysis_31124716_44.out:    Running contrast 41/1018
deg_analysis_31124716_44.out:    Running contrast 46/1018
deg_analysis_31124716_44.out:    Running contrast 51/1018
deg_analysis_31124716_44.out:    Running contrast 56/1018
deg_analysis_31124716_44.out:    Running contrast 61/1018
deg_analysis_31124716_44.out:    Running contrast 66/1018
deg_analysis_31124716_44.out:    Running contrast 71/1018
deg_analysis_31124716_44.out:    Running contrast 76/1018
deg_analysis_31124716_44.out:    Running contrast 81/1018
deg_analysis_31124716_44.out:    Running contrast 86/1018
deg_analysis_31124716_44.out:    Running contrast 91/1018
deg_analysis_31124716_44.out:    Running contrast 96/1018
deg_analysis_31124716_44.out:    Running contrast 101/1018
deg_analysis_31124716_44.out:    Running contrast 106/1018
deg_analysis_31124716_44.out:    Running contrast 111/1018
deg_analysis_31124716_44.out:    Running contrast 116/1018
deg_analysis_31124716_44.out:    Running contrast 121/1018
deg_analysis_31124716_44.out:    Running contrast 126/1018
deg_analysis_31124716_44.out:    Running contrast 131/1018
deg_analysis_31124716_44.out:    Running contrast 136/1018
deg_analysis_31124716_44.out:    Running contrast 141/1018
deg_analysis_31124716_44.out:    Running contrast 146/1018
deg_analysis_31124716_44.out:    Running contrast 151/1018
deg_analysis_31124716_44.out:    Running contrast 156/1018
deg_analysis_31124716_44.out:    Running contrast 161/1018
deg_analysis_31124716_44.out:    Running contrast 166/1018
deg_analysis_31124716_44.out:    Running contrast 171/1018
deg_analysis_31124716_44.out:    Running contrast 176/1018
deg_analysis_31124716_44.out:    Running contrast 181/1018
deg_analysis_31124716_44.out:    Running contrast 186/1018
deg_analysis_31124716_44.out:    Running contrast 191/1018
deg_analysis_31124716_44.out:    Running contrast 196/1018
deg_analysis_31124716_44.out:    Running contrast 201/1018
deg_analysis_31124716_44.out:    Running contrast 206/1018
deg_analysis_31124716_44.out:    Running contrast 211/1018
deg_analysis_31124716_44.out:    Running contrast 216/1018
deg_analysis_31124716_44.out:    Running contrast 221/1018
deg_analysis_31124716_44.out:    Running contrast 226/1018
deg_analysis_31124716_44.out:    Running contrast 231/1018
deg_analysis_31124716_44.out:    Running contrast 236/1018
deg_analysis_31124716_44.out:    Running contrast 241/1018
deg_analysis_31124716_44.out:    Running contrast 246/1018
deg_analysis_31124716_44.out:    Running contrast 251/1018
deg_analysis_31124716_44.out:    Running contrast 256/1018
deg_analysis_31124716_44.out:    Running contrast 261/1018
deg_analysis_31124716_44.out:    Running contrast 266/1018
deg_analysis_31124716_44.out:    Running contrast 271/1018
deg_analysis_31124716_44.out:    Running contrast 276/1018
deg_analysis_31124716_44.out:    Running contrast 281/1018
deg_analysis_31124716_44.out:    Running contrast 286/1018
deg_analysis_31124716_44.out:    Running contrast 291/1018
deg_analysis_31124716_44.out:    Running contrast 296/1018
deg_analysis_31124716_44.out:    Running contrast 301/1018
deg_analysis_31124716_44.out:    Running contrast 306/1018
deg_analysis_31124716_44.out:    Running contrast 311/1018
deg_analysis_31124716_44.out:    Running contrast 316/1018
deg_analysis_31124716_44.out:    Running contrast 321/1018
deg_analysis_31124716_44.out:    Running contrast 326/1018
deg_analysis_31124716_44.out:    Running contrast 331/1018
deg_analysis_31124716_44.out:    Running contrast 336/1018
deg_analysis_31124716_44.out:    Running contrast 341/1018
deg_analysis_31124716_44.out:    Running contrast 346/1018
deg_analysis_31124716_44.out:    Running contrast 351/1018
deg_analysis_31124716_44.out:    Running contrast 356/1018
deg_analysis_31124716_44.out:    Running contrast 361/1018
deg_analysis_31124716_44.out:    Running contrast 366/1018
deg_analysis_31124716_44.out:    Running contrast 371/1018
deg_analysis_31124716_44.out:    Running contrast 376/1018
deg_analysis_31124716_44.out:    Running contrast 381/1018
deg_analysis_31124716_44.out:    Running contrast 386/1018
deg_analysis_31124716_44.out:    Running contrast 391/1018
deg_analysis_31124716_44.out:    Running contrast 396/1018
deg_analysis_31124716_44.out:    Running contrast 401/1018
deg_analysis_31124716_44.out:    Running contrast 406/1018
deg_analysis_31124716_44.out:    Running contrast 411/1018
deg_analysis_31124716_44.out:    Running contrast 416/1018
deg_analysis_31124716_44.out:    Running contrast 421/1018
deg_analysis_31124716_44.out:    Running contrast 426/1018
deg_analysis_31124716_44.out:    Running contrast 431/1018
deg_analysis_31124716_44.out:    Running contrast 436/1018
deg_analysis_31124716_44.out:    Running contrast 441/1018
deg_analysis_31124716_44.out:    Running contrast 446/1018
deg_analysis_31124716_44.out:    Running contrast 451/1018
deg_analysis_31124716_44.out:    Running contrast 456/1018
deg_analysis_31124716_44.out:    Running contrast 461/1018
deg_analysis_31124716_44.out:    Running contrast 466/1018
deg_analysis_31124716_44.out:    Running contrast 471/1018
deg_analysis_31124716_44.out:    Running contrast 476/1018
deg_analysis_31124716_44.out:    Running contrast 481/1018
deg_analysis_31124716_44.out:    Running contrast 486/1018
deg_analysis_31124716_44.out:    Running contrast 491/1018
deg_analysis_31124716_44.out:    Running contrast 496/1018
deg_analysis_31124716_44.out:    Running contrast 501/1018
deg_analysis_31124716_44.out:    Running contrast 506/1018
deg_analysis_31124716_44.out:    Running contrast 511/1018
deg_analysis_31124716_44.out:    Running contrast 516/1018
deg_analysis_31124716_44.out:    Running contrast 521/1018
deg_analysis_31124716_44.out:    Running contrast 526/1018
deg_analysis_31124716_44.out:    Running contrast 531/1018
deg_analysis_31124716_44.out:    Running contrast 536/1018
deg_analysis_31124716_44.out:    Running contrast 541/1018
deg_analysis_31124716_44.out:    Running contrast 546/1018
deg_analysis_31124716_44.out:    Running contrast 551/1018
deg_analysis_31124716_44.out:    Running contrast 556/1018
deg_analysis_31124716_44.out:    Running contrast 561/1018
deg_analysis_31124716_44.out:    Running contrast 566/1018
deg_analysis_31124716_44.out:    Running contrast 571/1018
deg_analysis_31124716_44.out:    Running contrast 576/1018
deg_analysis_31124716_44.out:    Running contrast 581/1018
deg_analysis_31124716_44.out:    Running contrast 586/1018
deg_analysis_31124716_44.out:    Running contrast 591/1018
deg_analysis_31124716_44.out:    Running contrast 596/1018
deg_analysis_31124716_44.out:    Running contrast 601/1018
deg_analysis_31124716_44.out:    Running contrast 606/1018
deg_analysis_31124716_44.out:    Running contrast 611/1018
deg_analysis_31124716_44.out:    Running contrast 616/1018
deg_analysis_31124716_44.out:    Running contrast 621/1018
deg_analysis_31124716_44.out:    Running contrast 626/1018
deg_analysis_31124716_44.out:    Running contrast 631/1018
deg_analysis_31124716_44.out:    Running contrast 636/1018
deg_analysis_31124716_44.out:    Running contrast 641/1018
deg_analysis_31124716_44.out:    Running contrast 646/1018
deg_analysis_31124716_44.out:    Running contrast 651/1018
deg_analysis_31124716_44.out:    Running contrast 656/1018
deg_analysis_31124716_44.out:    Running contrast 661/1018
deg_analysis_31124716_44.out:    Running contrast 666/1018
deg_analysis_31124716_44.out:    Running contrast 671/1018
deg_analysis_31124716_44.out:    Running contrast 676/1018
deg_analysis_31124716_44.out:    Running contrast 681/1018
deg_analysis_31124716_44.out:    Running contrast 686/1018
deg_analysis_31124716_44.out:    Running contrast 691/1018
deg_analysis_31124716_44.out:    Running contrast 696/1018
deg_analysis_31124716_44.out:    Running contrast 701/1018
deg_analysis_31124716_44.out:    Running contrast 706/1018
deg_analysis_31124716_44.out:    Running contrast 711/1018
deg_analysis_31124716_44.out:    Running contrast 716/1018
deg_analysis_31124716_44.out:    Running contrast 721/1018
deg_analysis_31124716_44.out:    Running contrast 726/1018
deg_analysis_31124716_44.out:    Running contrast 731/1018
deg_analysis_31124716_44.out:    Running contrast 736/1018
deg_analysis_31124716_44.out:    Running contrast 741/1018
deg_analysis_31124716_44.out:    Running contrast 746/1018
deg_analysis_31124716_44.out:    Running contrast 751/1018
deg_analysis_31124716_44.out:    Running contrast 756/1018
deg_analysis_31124716_44.out:    Running contrast 761/1018
deg_analysis_31124716_44.out:    Running contrast 766/1018
deg_analysis_31124716_44.out:    Running contrast 771/1018
deg_analysis_31124716_44.out:    Running contrast 776/1018
deg_analysis_31124716_44.out:    Running contrast 781/1018
deg_analysis_31124716_44.out:    Running contrast 786/1018
deg_analysis_31124716_44.out:    Running contrast 791/1018
deg_analysis_31124716_44.out:    Running contrast 796/1018
deg_analysis_31124716_44.out:    Running contrast 801/1018
deg_analysis_31124716_44.out:    Running contrast 806/1018
deg_analysis_31124716_44.out:    Running contrast 811/1018
deg_analysis_31124716_44.out:    Running contrast 816/1018
deg_analysis_31124716_44.out:    Running contrast 821/1018
deg_analysis_31124716_44.out:    Running contrast 826/1018
deg_analysis_31124716_44.out:    Running contrast 831/1018
deg_analysis_31124716_44.out:    Running contrast 836/1018
deg_analysis_31124716_44.out:    Running contrast 841/1018
deg_analysis_31124716_44.out:    Running contrast 846/1018
deg_analysis_31124716_44.out:    Running contrast 851/1018
deg_analysis_31124716_44.out:    Running contrast 856/1018
deg_analysis_31124716_44.out:    Running contrast 861/1018
deg_analysis_31124716_44.out:    Running contrast 866/1018
deg_analysis_31124716_44.out:    Running contrast 871/1018
deg_analysis_31124716_44.out:    Running contrast 876/1018
deg_analysis_31124716_44.out:    Running contrast 881/1018
deg_analysis_31124716_44.out:    Running contrast 886/1018
deg_analysis_31124716_44.out:    Running contrast 891/1018
deg_analysis_31124716_44.out:    Running contrast 896/1018
deg_analysis_31124716_44.out:    Running contrast 901/1018
deg_analysis_31124716_44.out:    Running contrast 906/1018
deg_analysis_31124716_44.out:    Running contrast 911/1018
deg_analysis_31124716_44.out:    Running contrast 916/1018
deg_analysis_31124716_44.out:    Running contrast 921/1018
deg_analysis_31124716_44.out:    Running contrast 926/1018
deg_analysis_31124716_44.out:    Running contrast 931/1018
deg_analysis_31124716_44.out:    Running contrast 936/1018
deg_analysis_31124716_44.out:    Running contrast 941/1018
deg_analysis_31124716_44.out:    Running contrast 946/1018
deg_analysis_31124716_44.out:    Running contrast 951/1018
deg_analysis_31124716_44.out:    Running contrast 956/1018
deg_analysis_31124716_44.out:    Running contrast 961/1018
deg_analysis_31124716_44.out:    Running contrast 966/1018
deg_analysis_31124716_44.out:    Running contrast 971/1018
deg_analysis_31124716_44.out:    Running contrast 976/1018
deg_analysis_31124716_44.out:    Running contrast 981/1018
deg_analysis_31124716_44.out:    Running contrast 986/1018
deg_analysis_31124716_44.out:    Running contrast 991/1018
deg_analysis_31124716_44.out:    Running contrast 996/1018
deg_analysis_31124716_44.out:    Running contrast 1001/1018
deg_analysis_31124716_44.out:    Running contrast 1006/1018
deg_analysis_31124716_44.out:    Running contrast 1011/1018
deg_analysis_31124716_44.out:    Running contrast 1016/1018
deg_analysis_31124716_44.out:    Running contrast 1018/1018
deg_analysis_31124716_44.out:
deg_analysis_31124716_44.out:    Writing:  ./data/tahoe/deg_data/sep_rep/full/qc_false/filter_min_cells_50/CVCL_1715_de.h5ad 
deg_analysis_31124716_44.out:
deg_analysis_31124716_44.out:    Rewriting h5ad file: ./data/tahoe/deg_data/sep_rep/full/qc_false/filter_min_cells_50/CVCL_1715_de.h5ad 
deg_analysis_31124716_44.out:    Removed X matrix
deg_analysis_31124716_44.out:    Rewriting h5ad file is done!
deg_analysis_31124716_44.out:✓ Cell line completed in 2419.4 seconds
deg_analysis_31124716_44.out:
deg_analysis_31124716_44.out:DE analysis completed!
deg_analysis_31124716_44.out:
deg_analysis_31124716_44.out:Total runtime: 2434.5 seconds
deg_analysis_31124716_44.err:Warning messages:
deg_analysis_31124716_44.err:1: Partial NA coefficients for 11161 probe(s) 
deg_analysis_31124716_44.err:2: Partial NA coefficients for 11161 probe(s) 
deg_analysis_31124716_45.out:
deg_analysis_31124716_45.out:DE analysis started...
deg_analysis_31124716_45.out:Loaded input file:  ./data/tahoe/pseudobulk_processed/sep_rep/by_celltype/CVCL_1716_processed.h5ad 
deg_analysis_31124716_45.out:Initial dimensions:  1333  samples ×  62710  genes
deg_analysis_31124716_45.out:Filter samples with the low number of cells
deg_analysis_31124716_45.out:    Filter threshold (min_cells):  50 
deg_analysis_31124716_45.out:    n_obs:  1333 -->  1265 
deg_analysis_31124716_45.out:
deg_analysis_31124716_45.out:▶︎ Processing cell_type  1 / 1 :  CVCL_1716 
deg_analysis_31124716_45.out:    Filter controls by  pert_time_h  column
deg_analysis_31124716_45.out:        n_obs:  1265 -->  1265 
deg_analysis_31124716_45.out:
deg_analysis_31124716_45.out:    Running contrast 1/1238
deg_analysis_31124716_45.out:    Running contrast 6/1238
deg_analysis_31124716_45.out:    Running contrast 11/1238
deg_analysis_31124716_45.out:    Running contrast 16/1238
deg_analysis_31124716_45.out:    Running contrast 21/1238
deg_analysis_31124716_45.out:    Running contrast 26/1238
deg_analysis_31124716_45.out:    Running contrast 31/1238
deg_analysis_31124716_45.out:    Running contrast 36/1238
deg_analysis_31124716_45.out:    Running contrast 41/1238
deg_analysis_31124716_45.out:    Running contrast 46/1238
deg_analysis_31124716_45.out:    Running contrast 51/1238
deg_analysis_31124716_45.out:    Running contrast 56/1238
deg_analysis_31124716_45.out:    Running contrast 61/1238
deg_analysis_31124716_45.out:    Running contrast 66/1238
deg_analysis_31124716_45.out:    Running contrast 71/1238
deg_analysis_31124716_45.out:    Running contrast 76/1238
deg_analysis_31124716_45.out:    Running contrast 81/1238
deg_analysis_31124716_45.out:    Running contrast 86/1238
deg_analysis_31124716_45.out:    Running contrast 91/1238
deg_analysis_31124716_45.out:    Running contrast 96/1238
deg_analysis_31124716_45.out:    Running contrast 101/1238
deg_analysis_31124716_45.out:    Running contrast 106/1238
deg_analysis_31124716_45.out:    Running contrast 111/1238
deg_analysis_31124716_45.out:    Running contrast 116/1238
deg_analysis_31124716_45.out:    Running contrast 121/1238
deg_analysis_31124716_45.out:    Running contrast 126/1238
deg_analysis_31124716_45.out:    Running contrast 131/1238
deg_analysis_31124716_45.out:    Running contrast 136/1238
deg_analysis_31124716_45.out:    Running contrast 141/1238
deg_analysis_31124716_45.out:    Running contrast 146/1238
deg_analysis_31124716_45.out:    Running contrast 151/1238
deg_analysis_31124716_45.out:    Running contrast 156/1238
deg_analysis_31124716_45.out:    Running contrast 161/1238
deg_analysis_31124716_45.out:    Running contrast 166/1238
deg_analysis_31124716_45.out:    Running contrast 171/1238
deg_analysis_31124716_45.out:    Running contrast 176/1238
deg_analysis_31124716_45.out:    Running contrast 181/1238
deg_analysis_31124716_45.out:    Running contrast 186/1238
deg_analysis_31124716_45.out:    Running contrast 191/1238
deg_analysis_31124716_45.out:    Running contrast 196/1238
deg_analysis_31124716_45.out:    Running contrast 201/1238
deg_analysis_31124716_45.out:    Running contrast 206/1238
deg_analysis_31124716_45.out:    Running contrast 211/1238
deg_analysis_31124716_45.out:    Running contrast 216/1238
deg_analysis_31124716_45.out:    Running contrast 221/1238
deg_analysis_31124716_45.out:    Running contrast 226/1238
deg_analysis_31124716_45.out:    Running contrast 231/1238
deg_analysis_31124716_45.out:    Running contrast 236/1238
deg_analysis_31124716_45.out:    Running contrast 241/1238
deg_analysis_31124716_45.out:    Running contrast 246/1238
deg_analysis_31124716_45.out:    Running contrast 251/1238
deg_analysis_31124716_45.out:    Running contrast 256/1238
deg_analysis_31124716_45.out:    Running contrast 261/1238
deg_analysis_31124716_45.out:    Running contrast 266/1238
deg_analysis_31124716_45.out:    Running contrast 271/1238
deg_analysis_31124716_45.out:    Running contrast 276/1238
deg_analysis_31124716_45.out:    Running contrast 281/1238
deg_analysis_31124716_45.out:    Running contrast 286/1238
deg_analysis_31124716_45.out:    Running contrast 291/1238
deg_analysis_31124716_45.out:    Running contrast 296/1238
deg_analysis_31124716_45.out:    Running contrast 301/1238
deg_analysis_31124716_45.out:    Running contrast 306/1238
deg_analysis_31124716_45.out:    Running contrast 311/1238
deg_analysis_31124716_45.out:    Running contrast 316/1238
deg_analysis_31124716_45.out:    Running contrast 321/1238
deg_analysis_31124716_45.out:    Running contrast 326/1238
deg_analysis_31124716_45.out:    Running contrast 331/1238
deg_analysis_31124716_45.out:    Running contrast 336/1238
deg_analysis_31124716_45.out:    Running contrast 341/1238
deg_analysis_31124716_45.out:    Running contrast 346/1238
deg_analysis_31124716_45.out:    Running contrast 351/1238
deg_analysis_31124716_45.out:    Running contrast 356/1238
deg_analysis_31124716_45.out:    Running contrast 361/1238
deg_analysis_31124716_45.out:    Running contrast 366/1238
deg_analysis_31124716_45.out:    Running contrast 371/1238
deg_analysis_31124716_45.out:    Running contrast 376/1238
deg_analysis_31124716_45.out:    Running contrast 381/1238
deg_analysis_31124716_45.out:    Running contrast 386/1238
deg_analysis_31124716_45.out:    Running contrast 391/1238
deg_analysis_31124716_45.out:    Running contrast 396/1238
deg_analysis_31124716_45.out:    Running contrast 401/1238
deg_analysis_31124716_45.out:    Running contrast 406/1238
deg_analysis_31124716_45.out:    Running contrast 411/1238
deg_analysis_31124716_45.out:    Running contrast 416/1238
deg_analysis_31124716_45.out:    Running contrast 421/1238
deg_analysis_31124716_45.out:    Running contrast 426/1238
deg_analysis_31124716_45.out:    Running contrast 431/1238
deg_analysis_31124716_45.out:    Running contrast 436/1238
deg_analysis_31124716_45.out:    Running contrast 441/1238
deg_analysis_31124716_45.out:    Running contrast 446/1238
deg_analysis_31124716_45.out:    Running contrast 451/1238
deg_analysis_31124716_45.out:    Running contrast 456/1238
deg_analysis_31124716_45.out:    Running contrast 461/1238
deg_analysis_31124716_45.out:    Running contrast 466/1238
deg_analysis_31124716_45.out:    Running contrast 471/1238
deg_analysis_31124716_45.out:    Running contrast 476/1238
deg_analysis_31124716_45.out:    Running contrast 481/1238
deg_analysis_31124716_45.out:    Running contrast 486/1238
deg_analysis_31124716_45.out:    Running contrast 491/1238
deg_analysis_31124716_45.out:    Running contrast 496/1238
deg_analysis_31124716_45.out:    Running contrast 501/1238
deg_analysis_31124716_45.out:    Running contrast 506/1238
deg_analysis_31124716_45.out:    Running contrast 511/1238
deg_analysis_31124716_45.out:    Running contrast 516/1238
deg_analysis_31124716_45.out:    Running contrast 521/1238
deg_analysis_31124716_45.out:    Running contrast 526/1238
deg_analysis_31124716_45.out:    Running contrast 531/1238
deg_analysis_31124716_45.out:    Running contrast 536/1238
deg_analysis_31124716_45.out:    Running contrast 541/1238
deg_analysis_31124716_45.out:    Running contrast 546/1238
deg_analysis_31124716_45.out:    Running contrast 551/1238
deg_analysis_31124716_45.out:    Running contrast 556/1238
deg_analysis_31124716_45.out:    Running contrast 561/1238
deg_analysis_31124716_45.out:    Running contrast 566/1238
deg_analysis_31124716_45.out:    Running contrast 571/1238
deg_analysis_31124716_45.out:    Running contrast 576/1238
deg_analysis_31124716_45.out:    Running contrast 581/1238
deg_analysis_31124716_45.out:    Running contrast 586/1238
deg_analysis_31124716_45.out:    Running contrast 591/1238
deg_analysis_31124716_45.out:    Running contrast 596/1238
deg_analysis_31124716_45.out:    Running contrast 601/1238
deg_analysis_31124716_45.out:    Running contrast 606/1238
deg_analysis_31124716_45.out:    Running contrast 611/1238
deg_analysis_31124716_45.out:    Running contrast 616/1238
deg_analysis_31124716_45.out:    Running contrast 621/1238
deg_analysis_31124716_45.out:    Running contrast 626/1238
deg_analysis_31124716_45.out:    Running contrast 631/1238
deg_analysis_31124716_45.out:    Running contrast 636/1238
deg_analysis_31124716_45.out:    Running contrast 641/1238
deg_analysis_31124716_45.out:    Running contrast 646/1238
deg_analysis_31124716_45.out:    Running contrast 651/1238
deg_analysis_31124716_45.out:    Running contrast 656/1238
deg_analysis_31124716_45.out:    Running contrast 661/1238
deg_analysis_31124716_45.out:    Running contrast 666/1238
deg_analysis_31124716_45.out:    Running contrast 671/1238
deg_analysis_31124716_45.out:    Running contrast 676/1238
deg_analysis_31124716_45.out:    Running contrast 681/1238
deg_analysis_31124716_45.out:    Running contrast 686/1238
deg_analysis_31124716_45.out:    Running contrast 691/1238
deg_analysis_31124716_45.out:    Running contrast 696/1238
deg_analysis_31124716_45.out:    Running contrast 701/1238
deg_analysis_31124716_45.out:    Running contrast 706/1238
deg_analysis_31124716_45.out:    Running contrast 711/1238
deg_analysis_31124716_45.out:    Running contrast 716/1238
deg_analysis_31124716_45.out:    Running contrast 721/1238
deg_analysis_31124716_45.out:    Running contrast 726/1238
deg_analysis_31124716_45.out:    Running contrast 731/1238
deg_analysis_31124716_45.out:    Running contrast 736/1238
deg_analysis_31124716_45.out:    Running contrast 741/1238
deg_analysis_31124716_45.out:    Running contrast 746/1238
deg_analysis_31124716_45.out:    Running contrast 751/1238
deg_analysis_31124716_45.out:    Running contrast 756/1238
deg_analysis_31124716_45.out:    Running contrast 761/1238
deg_analysis_31124716_45.out:    Running contrast 766/1238
deg_analysis_31124716_45.out:    Running contrast 771/1238
deg_analysis_31124716_45.out:    Running contrast 776/1238
deg_analysis_31124716_45.out:    Running contrast 781/1238
deg_analysis_31124716_45.out:    Running contrast 786/1238
deg_analysis_31124716_45.out:    Running contrast 791/1238
deg_analysis_31124716_45.out:    Running contrast 796/1238
deg_analysis_31124716_45.out:    Running contrast 801/1238
deg_analysis_31124716_45.out:    Running contrast 806/1238
deg_analysis_31124716_45.out:    Running contrast 811/1238
deg_analysis_31124716_45.out:    Running contrast 816/1238
deg_analysis_31124716_45.out:    Running contrast 821/1238
deg_analysis_31124716_45.out:    Running contrast 826/1238
deg_analysis_31124716_45.out:    Running contrast 831/1238
deg_analysis_31124716_45.out:    Running contrast 836/1238
deg_analysis_31124716_45.out:    Running contrast 841/1238
deg_analysis_31124716_45.out:    Running contrast 846/1238
deg_analysis_31124716_45.out:    Running contrast 851/1238
deg_analysis_31124716_45.out:    Running contrast 856/1238
deg_analysis_31124716_45.out:    Running contrast 861/1238
deg_analysis_31124716_45.out:    Running contrast 866/1238
deg_analysis_31124716_45.out:    Running contrast 871/1238
deg_analysis_31124716_45.out:    Running contrast 876/1238
deg_analysis_31124716_45.out:    Running contrast 881/1238
deg_analysis_31124716_45.out:    Running contrast 886/1238
deg_analysis_31124716_45.out:    Running contrast 891/1238
deg_analysis_31124716_45.out:    Running contrast 896/1238
deg_analysis_31124716_45.out:    Running contrast 901/1238
deg_analysis_31124716_45.out:    Running contrast 906/1238
deg_analysis_31124716_45.out:    Running contrast 911/1238
deg_analysis_31124716_45.out:    Running contrast 916/1238
deg_analysis_31124716_45.out:    Running contrast 921/1238
deg_analysis_31124716_45.out:    Running contrast 926/1238
deg_analysis_31124716_45.out:    Running contrast 931/1238
deg_analysis_31124716_45.out:    Running contrast 936/1238
deg_analysis_31124716_45.out:    Running contrast 941/1238
deg_analysis_31124716_45.out:    Running contrast 946/1238
deg_analysis_31124716_45.out:    Running contrast 951/1238
deg_analysis_31124716_45.out:    Running contrast 956/1238
deg_analysis_31124716_45.out:    Running contrast 961/1238
deg_analysis_31124716_45.out:    Running contrast 966/1238
deg_analysis_31124716_45.out:    Running contrast 971/1238
deg_analysis_31124716_45.out:    Running contrast 976/1238
deg_analysis_31124716_45.out:    Running contrast 981/1238
deg_analysis_31124716_45.out:    Running contrast 986/1238
deg_analysis_31124716_45.out:    Running contrast 991/1238
deg_analysis_31124716_45.out:    Running contrast 996/1238
deg_analysis_31124716_45.out:    Running contrast 1001/1238
deg_analysis_31124716_45.out:    Running contrast 1006/1238
deg_analysis_31124716_45.out:    Running contrast 1011/1238
deg_analysis_31124716_45.out:    Running contrast 1016/1238
deg_analysis_31124716_45.out:    Running contrast 1021/1238
deg_analysis_31124716_45.out:    Running contrast 1026/1238
deg_analysis_31124716_45.out:    Running contrast 1031/1238
deg_analysis_31124716_45.out:    Running contrast 1036/1238
deg_analysis_31124716_45.out:    Running contrast 1041/1238
deg_analysis_31124716_45.out:    Running contrast 1046/1238
deg_analysis_31124716_45.out:    Running contrast 1051/1238
deg_analysis_31124716_45.out:    Running contrast 1056/1238
deg_analysis_31124716_45.out:    Running contrast 1061/1238
deg_analysis_31124716_45.out:    Running contrast 1066/1238
deg_analysis_31124716_45.out:    Running contrast 1071/1238
deg_analysis_31124716_45.out:    Running contrast 1076/1238
deg_analysis_31124716_45.out:    Running contrast 1081/1238
deg_analysis_31124716_45.out:    Running contrast 1086/1238
deg_analysis_31124716_45.out:    Running contrast 1091/1238
deg_analysis_31124716_45.out:    Running contrast 1096/1238
deg_analysis_31124716_45.out:    Running contrast 1101/1238
deg_analysis_31124716_45.out:    Running contrast 1106/1238
deg_analysis_31124716_45.out:    Running contrast 1111/1238
deg_analysis_31124716_45.out:    Running contrast 1116/1238
deg_analysis_31124716_45.out:    Running contrast 1121/1238
deg_analysis_31124716_45.out:    Running contrast 1126/1238
deg_analysis_31124716_45.out:    Running contrast 1131/1238
deg_analysis_31124716_45.out:    Running contrast 1136/1238
deg_analysis_31124716_45.out:    Running contrast 1141/1238
deg_analysis_31124716_45.out:    Running contrast 1146/1238
deg_analysis_31124716_45.out:    Running contrast 1151/1238
deg_analysis_31124716_45.out:    Running contrast 1156/1238
deg_analysis_31124716_45.out:    Running contrast 1161/1238
deg_analysis_31124716_45.out:    Running contrast 1166/1238
deg_analysis_31124716_45.out:    Running contrast 1171/1238
deg_analysis_31124716_45.out:    Running contrast 1176/1238
deg_analysis_31124716_45.out:    Running contrast 1181/1238
deg_analysis_31124716_45.out:    Running contrast 1186/1238
deg_analysis_31124716_45.out:    Running contrast 1191/1238
deg_analysis_31124716_45.out:    Running contrast 1196/1238
deg_analysis_31124716_45.out:    Running contrast 1201/1238
deg_analysis_31124716_45.out:    Running contrast 1206/1238
deg_analysis_31124716_45.out:    Running contrast 1211/1238
deg_analysis_31124716_45.out:    Running contrast 1216/1238
deg_analysis_31124716_45.out:    Running contrast 1221/1238
deg_analysis_31124716_45.out:    Running contrast 1226/1238
deg_analysis_31124716_45.out:    Running contrast 1231/1238
deg_analysis_31124716_45.out:    Running contrast 1236/1238
deg_analysis_31124716_45.out:    Running contrast 1238/1238
deg_analysis_31124716_45.out:
deg_analysis_31124716_45.out:    Writing:  ./data/tahoe/deg_data/sep_rep/full/qc_false/filter_min_cells_50/CVCL_1716_de.h5ad 
deg_analysis_31124716_45.out:
deg_analysis_31124716_45.out:    Rewriting h5ad file: ./data/tahoe/deg_data/sep_rep/full/qc_false/filter_min_cells_50/CVCL_1716_de.h5ad 
deg_analysis_31124716_45.out:    Removed X matrix
deg_analysis_31124716_45.out:    Rewriting h5ad file is done!
deg_analysis_31124716_45.out:✓ Cell line completed in 4478.6 seconds
deg_analysis_31124716_45.out:
deg_analysis_31124716_45.out:DE analysis completed!
deg_analysis_31124716_45.out:
deg_analysis_31124716_45.out:Total runtime: 4488.8 seconds
deg_analysis_31124716_46.out:
deg_analysis_31124716_46.out:DE analysis started...
deg_analysis_31124716_46.out:Loaded input file:  ./data/tahoe/pseudobulk_processed/sep_rep/by_celltype/CVCL_1717_processed.h5ad 
deg_analysis_31124716_46.out:Initial dimensions:  1340  samples ×  62710  genes
deg_analysis_31124716_46.out:Filter samples with the low number of cells
deg_analysis_31124716_46.out:    Filter threshold (min_cells):  50 
deg_analysis_31124716_46.out:    n_obs:  1340 -->  1329 
deg_analysis_31124716_46.out:
deg_analysis_31124716_46.out:▶︎ Processing cell_type  1 / 1 :  CVCL_1717 
deg_analysis_31124716_46.out:    Filter controls by  pert_time_h  column
deg_analysis_31124716_46.out:        n_obs:  1329 -->  1329 
deg_analysis_31124716_46.out:
deg_analysis_31124716_46.out:    Running contrast 1/1301
deg_analysis_31124716_46.out:    Running contrast 6/1301
deg_analysis_31124716_46.out:    Running contrast 11/1301
deg_analysis_31124716_46.out:    Running contrast 16/1301
deg_analysis_31124716_46.out:    Running contrast 21/1301
deg_analysis_31124716_46.out:    Running contrast 26/1301
deg_analysis_31124716_46.out:    Running contrast 31/1301
deg_analysis_31124716_46.out:    Running contrast 36/1301
deg_analysis_31124716_46.out:    Running contrast 41/1301
deg_analysis_31124716_46.out:    Running contrast 46/1301
deg_analysis_31124716_46.out:    Running contrast 51/1301
deg_analysis_31124716_46.out:    Running contrast 56/1301
deg_analysis_31124716_46.out:    Running contrast 61/1301
deg_analysis_31124716_46.out:    Running contrast 66/1301
deg_analysis_31124716_46.out:    Running contrast 71/1301
deg_analysis_31124716_46.out:    Running contrast 76/1301
deg_analysis_31124716_46.out:    Running contrast 81/1301
deg_analysis_31124716_46.out:    Running contrast 86/1301
deg_analysis_31124716_46.out:    Running contrast 91/1301
deg_analysis_31124716_46.out:    Running contrast 96/1301
deg_analysis_31124716_46.out:    Running contrast 101/1301
deg_analysis_31124716_46.out:    Running contrast 106/1301
deg_analysis_31124716_46.out:    Running contrast 111/1301
deg_analysis_31124716_46.out:    Running contrast 116/1301
deg_analysis_31124716_46.out:    Running contrast 121/1301
deg_analysis_31124716_46.out:    Running contrast 126/1301
deg_analysis_31124716_46.out:    Running contrast 131/1301
deg_analysis_31124716_46.out:    Running contrast 136/1301
deg_analysis_31124716_46.out:    Running contrast 141/1301
deg_analysis_31124716_46.out:    Running contrast 146/1301
deg_analysis_31124716_46.out:    Running contrast 151/1301
deg_analysis_31124716_46.out:    Running contrast 156/1301
deg_analysis_31124716_46.out:    Running contrast 161/1301
deg_analysis_31124716_46.out:    Running contrast 166/1301
deg_analysis_31124716_46.out:    Running contrast 171/1301
deg_analysis_31124716_46.out:    Running contrast 176/1301
deg_analysis_31124716_46.out:    Running contrast 181/1301
deg_analysis_31124716_46.out:    Running contrast 186/1301
deg_analysis_31124716_46.out:    Running contrast 191/1301
deg_analysis_31124716_46.out:    Running contrast 196/1301
deg_analysis_31124716_46.out:    Running contrast 201/1301
deg_analysis_31124716_46.out:    Running contrast 206/1301
deg_analysis_31124716_46.out:    Running contrast 211/1301
deg_analysis_31124716_46.out:    Running contrast 216/1301
deg_analysis_31124716_46.out:    Running contrast 221/1301
deg_analysis_31124716_46.out:    Running contrast 226/1301
deg_analysis_31124716_46.out:    Running contrast 231/1301
deg_analysis_31124716_46.out:    Running contrast 236/1301
deg_analysis_31124716_46.out:    Running contrast 241/1301
deg_analysis_31124716_46.out:    Running contrast 246/1301
deg_analysis_31124716_46.out:    Running contrast 251/1301
deg_analysis_31124716_46.out:    Running contrast 256/1301
deg_analysis_31124716_46.out:    Running contrast 261/1301
deg_analysis_31124716_46.out:    Running contrast 266/1301
deg_analysis_31124716_46.out:    Running contrast 271/1301
deg_analysis_31124716_46.out:    Running contrast 276/1301
deg_analysis_31124716_46.out:    Running contrast 281/1301
deg_analysis_31124716_46.out:    Running contrast 286/1301
deg_analysis_31124716_46.out:    Running contrast 291/1301
deg_analysis_31124716_46.out:    Running contrast 296/1301
deg_analysis_31124716_46.out:    Running contrast 301/1301
deg_analysis_31124716_46.out:    Running contrast 306/1301
deg_analysis_31124716_46.out:    Running contrast 311/1301
deg_analysis_31124716_46.out:    Running contrast 316/1301
deg_analysis_31124716_46.out:    Running contrast 321/1301
deg_analysis_31124716_46.out:    Running contrast 326/1301
deg_analysis_31124716_46.out:    Running contrast 331/1301
deg_analysis_31124716_46.out:    Running contrast 336/1301
deg_analysis_31124716_46.out:    Running contrast 341/1301
deg_analysis_31124716_46.out:    Running contrast 346/1301
deg_analysis_31124716_46.out:    Running contrast 351/1301
deg_analysis_31124716_46.out:    Running contrast 356/1301
deg_analysis_31124716_46.out:    Running contrast 361/1301
deg_analysis_31124716_46.out:    Running contrast 366/1301
deg_analysis_31124716_46.out:    Running contrast 371/1301
deg_analysis_31124716_46.out:    Running contrast 376/1301
deg_analysis_31124716_46.out:    Running contrast 381/1301
deg_analysis_31124716_46.out:    Running contrast 386/1301
deg_analysis_31124716_46.out:    Running contrast 391/1301
deg_analysis_31124716_46.out:    Running contrast 396/1301
deg_analysis_31124716_46.out:    Running contrast 401/1301
deg_analysis_31124716_46.out:    Running contrast 406/1301
deg_analysis_31124716_46.out:    Running contrast 411/1301
deg_analysis_31124716_46.out:    Running contrast 416/1301
deg_analysis_31124716_46.out:    Running contrast 421/1301
deg_analysis_31124716_46.out:    Running contrast 426/1301
deg_analysis_31124716_46.out:    Running contrast 431/1301
deg_analysis_31124716_46.out:    Running contrast 436/1301
deg_analysis_31124716_46.out:    Running contrast 441/1301
deg_analysis_31124716_46.out:    Running contrast 446/1301
deg_analysis_31124716_46.out:    Running contrast 451/1301
deg_analysis_31124716_46.out:    Running contrast 456/1301
deg_analysis_31124716_46.out:    Running contrast 461/1301
deg_analysis_31124716_46.out:    Running contrast 466/1301
deg_analysis_31124716_46.out:    Running contrast 471/1301
deg_analysis_31124716_46.out:    Running contrast 476/1301
deg_analysis_31124716_46.out:    Running contrast 481/1301
deg_analysis_31124716_46.out:    Running contrast 486/1301
deg_analysis_31124716_46.out:    Running contrast 491/1301
deg_analysis_31124716_46.out:    Running contrast 496/1301
deg_analysis_31124716_46.out:    Running contrast 501/1301
deg_analysis_31124716_46.out:    Running contrast 506/1301
deg_analysis_31124716_46.out:    Running contrast 511/1301
deg_analysis_31124716_46.out:    Running contrast 516/1301
deg_analysis_31124716_46.out:    Running contrast 521/1301
deg_analysis_31124716_46.out:    Running contrast 526/1301
deg_analysis_31124716_46.out:    Running contrast 531/1301
deg_analysis_31124716_46.out:    Running contrast 536/1301
deg_analysis_31124716_46.out:    Running contrast 541/1301
deg_analysis_31124716_46.out:    Running contrast 546/1301
deg_analysis_31124716_46.out:    Running contrast 551/1301
deg_analysis_31124716_46.out:    Running contrast 556/1301
deg_analysis_31124716_46.out:    Running contrast 561/1301
deg_analysis_31124716_46.out:    Running contrast 566/1301
deg_analysis_31124716_46.out:    Running contrast 571/1301
deg_analysis_31124716_46.out:    Running contrast 576/1301
deg_analysis_31124716_46.out:    Running contrast 581/1301
deg_analysis_31124716_46.out:    Running contrast 586/1301
deg_analysis_31124716_46.out:    Running contrast 591/1301
deg_analysis_31124716_46.out:    Running contrast 596/1301
deg_analysis_31124716_46.out:    Running contrast 601/1301
deg_analysis_31124716_46.out:    Running contrast 606/1301
deg_analysis_31124716_46.out:    Running contrast 611/1301
deg_analysis_31124716_46.out:    Running contrast 616/1301
deg_analysis_31124716_46.out:    Running contrast 621/1301
deg_analysis_31124716_46.out:    Running contrast 626/1301
deg_analysis_31124716_46.out:    Running contrast 631/1301
deg_analysis_31124716_46.out:    Running contrast 636/1301
deg_analysis_31124716_46.out:    Running contrast 641/1301
deg_analysis_31124716_46.out:    Running contrast 646/1301
deg_analysis_31124716_46.out:    Running contrast 651/1301
deg_analysis_31124716_46.out:    Running contrast 656/1301
deg_analysis_31124716_46.out:    Running contrast 661/1301
deg_analysis_31124716_46.out:    Running contrast 666/1301
deg_analysis_31124716_46.out:    Running contrast 671/1301
deg_analysis_31124716_46.out:    Running contrast 676/1301
deg_analysis_31124716_46.out:    Running contrast 681/1301
deg_analysis_31124716_46.out:    Running contrast 686/1301
deg_analysis_31124716_46.out:    Running contrast 691/1301
deg_analysis_31124716_46.out:    Running contrast 696/1301
deg_analysis_31124716_46.out:    Running contrast 701/1301
deg_analysis_31124716_46.out:    Running contrast 706/1301
deg_analysis_31124716_46.out:    Running contrast 711/1301
deg_analysis_31124716_46.out:    Running contrast 716/1301
deg_analysis_31124716_46.out:    Running contrast 721/1301
deg_analysis_31124716_46.out:    Running contrast 726/1301
deg_analysis_31124716_46.out:    Running contrast 731/1301
deg_analysis_31124716_46.out:    Running contrast 736/1301
deg_analysis_31124716_46.out:    Running contrast 741/1301
deg_analysis_31124716_46.out:    Running contrast 746/1301
deg_analysis_31124716_46.out:    Running contrast 751/1301
deg_analysis_31124716_46.out:    Running contrast 756/1301
deg_analysis_31124716_46.out:    Running contrast 761/1301
deg_analysis_31124716_46.out:    Running contrast 766/1301
deg_analysis_31124716_46.out:    Running contrast 771/1301
deg_analysis_31124716_46.out:    Running contrast 776/1301
deg_analysis_31124716_46.out:    Running contrast 781/1301
deg_analysis_31124716_46.out:    Running contrast 786/1301
deg_analysis_31124716_46.out:    Running contrast 791/1301
deg_analysis_31124716_46.out:    Running contrast 796/1301
deg_analysis_31124716_46.out:    Running contrast 801/1301
deg_analysis_31124716_46.out:    Running contrast 806/1301
deg_analysis_31124716_46.out:    Running contrast 811/1301
deg_analysis_31124716_46.out:    Running contrast 816/1301
deg_analysis_31124716_46.out:    Running contrast 821/1301
deg_analysis_31124716_46.out:    Running contrast 826/1301
deg_analysis_31124716_46.out:    Running contrast 831/1301
deg_analysis_31124716_46.out:    Running contrast 836/1301
deg_analysis_31124716_46.out:    Running contrast 841/1301
deg_analysis_31124716_46.out:    Running contrast 846/1301
deg_analysis_31124716_46.out:    Running contrast 851/1301
deg_analysis_31124716_46.out:    Running contrast 856/1301
deg_analysis_31124716_46.out:    Running contrast 861/1301
deg_analysis_31124716_46.out:    Running contrast 866/1301
deg_analysis_31124716_46.out:    Running contrast 871/1301
deg_analysis_31124716_46.out:    Running contrast 876/1301
deg_analysis_31124716_46.out:    Running contrast 881/1301
deg_analysis_31124716_46.out:    Running contrast 886/1301
deg_analysis_31124716_46.out:    Running contrast 891/1301
deg_analysis_31124716_46.out:    Running contrast 896/1301
deg_analysis_31124716_46.out:    Running contrast 901/1301
deg_analysis_31124716_46.out:    Running contrast 906/1301
deg_analysis_31124716_46.out:    Running contrast 911/1301
deg_analysis_31124716_46.out:    Running contrast 916/1301
deg_analysis_31124716_46.out:    Running contrast 921/1301
deg_analysis_31124716_46.out:    Running contrast 926/1301
deg_analysis_31124716_46.out:    Running contrast 931/1301
deg_analysis_31124716_46.out:    Running contrast 936/1301
deg_analysis_31124716_46.out:    Running contrast 941/1301
deg_analysis_31124716_46.out:    Running contrast 946/1301
deg_analysis_31124716_46.out:    Running contrast 951/1301
deg_analysis_31124716_46.out:    Running contrast 956/1301
deg_analysis_31124716_46.out:    Running contrast 961/1301
deg_analysis_31124716_46.out:    Running contrast 966/1301
deg_analysis_31124716_46.out:    Running contrast 971/1301
deg_analysis_31124716_46.out:    Running contrast 976/1301
deg_analysis_31124716_46.out:    Running contrast 981/1301
deg_analysis_31124716_46.out:    Running contrast 986/1301
deg_analysis_31124716_46.out:    Running contrast 991/1301
deg_analysis_31124716_46.out:    Running contrast 996/1301
deg_analysis_31124716_46.out:    Running contrast 1001/1301
deg_analysis_31124716_46.out:    Running contrast 1006/1301
deg_analysis_31124716_46.out:    Running contrast 1011/1301
deg_analysis_31124716_46.out:    Running contrast 1016/1301
deg_analysis_31124716_46.out:    Running contrast 1021/1301
deg_analysis_31124716_46.out:    Running contrast 1026/1301
deg_analysis_31124716_46.out:    Running contrast 1031/1301
deg_analysis_31124716_46.out:    Running contrast 1036/1301
deg_analysis_31124716_46.out:    Running contrast 1041/1301
deg_analysis_31124716_46.out:    Running contrast 1046/1301
deg_analysis_31124716_46.out:    Running contrast 1051/1301
deg_analysis_31124716_46.out:    Running contrast 1056/1301
deg_analysis_31124716_46.out:    Running contrast 1061/1301
deg_analysis_31124716_46.out:    Running contrast 1066/1301
deg_analysis_31124716_46.out:    Running contrast 1071/1301
deg_analysis_31124716_46.out:    Running contrast 1076/1301
deg_analysis_31124716_46.out:    Running contrast 1081/1301
deg_analysis_31124716_46.out:    Running contrast 1086/1301
deg_analysis_31124716_46.out:    Running contrast 1091/1301
deg_analysis_31124716_46.out:    Running contrast 1096/1301
deg_analysis_31124716_46.out:    Running contrast 1101/1301
deg_analysis_31124716_46.out:    Running contrast 1106/1301
deg_analysis_31124716_46.out:    Running contrast 1111/1301
deg_analysis_31124716_46.out:    Running contrast 1116/1301
deg_analysis_31124716_46.out:    Running contrast 1121/1301
deg_analysis_31124716_46.out:    Running contrast 1126/1301
deg_analysis_31124716_46.out:    Running contrast 1131/1301
deg_analysis_31124716_46.out:    Running contrast 1136/1301
deg_analysis_31124716_46.out:    Running contrast 1141/1301
deg_analysis_31124716_46.out:    Running contrast 1146/1301
deg_analysis_31124716_46.out:    Running contrast 1151/1301
deg_analysis_31124716_46.out:    Running contrast 1156/1301
deg_analysis_31124716_46.out:    Running contrast 1161/1301
deg_analysis_31124716_46.out:    Running contrast 1166/1301
deg_analysis_31124716_46.out:    Running contrast 1171/1301
deg_analysis_31124716_46.out:    Running contrast 1176/1301
deg_analysis_31124716_46.out:    Running contrast 1181/1301
deg_analysis_31124716_46.out:    Running contrast 1186/1301
deg_analysis_31124716_46.out:    Running contrast 1191/1301
deg_analysis_31124716_46.out:    Running contrast 1196/1301
deg_analysis_31124716_46.out:    Running contrast 1201/1301
deg_analysis_31124716_46.out:    Running contrast 1206/1301
deg_analysis_31124716_46.out:    Running contrast 1211/1301
deg_analysis_31124716_46.out:    Running contrast 1216/1301
deg_analysis_31124716_46.out:    Running contrast 1221/1301
deg_analysis_31124716_46.out:    Running contrast 1226/1301
deg_analysis_31124716_46.out:    Running contrast 1231/1301
deg_analysis_31124716_46.out:    Running contrast 1236/1301
deg_analysis_31124716_46.out:    Running contrast 1241/1301
deg_analysis_31124716_46.out:    Running contrast 1246/1301
deg_analysis_31124716_46.out:    Running contrast 1251/1301
deg_analysis_31124716_46.out:    Running contrast 1256/1301
deg_analysis_31124716_46.out:    Running contrast 1261/1301
deg_analysis_31124716_46.out:    Running contrast 1266/1301
deg_analysis_31124716_46.out:    Running contrast 1271/1301
deg_analysis_31124716_46.out:    Running contrast 1276/1301
deg_analysis_31124716_46.out:    Running contrast 1281/1301
deg_analysis_31124716_46.out:    Running contrast 1286/1301
deg_analysis_31124716_46.out:    Running contrast 1291/1301
deg_analysis_31124716_46.out:    Running contrast 1296/1301
deg_analysis_31124716_46.out:    Running contrast 1301/1301
deg_analysis_31124716_46.out:
deg_analysis_31124716_46.out:    Writing:  ./data/tahoe/deg_data/sep_rep/full/qc_false/filter_min_cells_50/CVCL_1717_de.h5ad 
deg_analysis_31124716_46.out:
deg_analysis_31124716_46.out:    Rewriting h5ad file: ./data/tahoe/deg_data/sep_rep/full/qc_false/filter_min_cells_50/CVCL_1717_de.h5ad 
deg_analysis_31124716_46.out:    Removed X matrix
deg_analysis_31124716_46.out:    Rewriting h5ad file is done!
deg_analysis_31124716_46.out:✓ Cell line completed in 10629.7 seconds
deg_analysis_31124716_46.out:
deg_analysis_31124716_46.out:DE analysis completed!
deg_analysis_31124716_46.out:
deg_analysis_31124716_46.out:Total runtime: 10644.1 seconds
deg_analysis_31124716_47.out:
deg_analysis_31124716_47.out:DE analysis started...
deg_analysis_31124716_47.out:Loaded input file:  ./data/tahoe/pseudobulk_processed/sep_rep/by_celltype/CVCL_1724_processed.h5ad 
deg_analysis_31124716_47.out:Initial dimensions:  1339  samples ×  62710  genes
deg_analysis_31124716_47.out:Filter samples with the low number of cells
deg_analysis_31124716_47.out:    Filter threshold (min_cells):  50 
deg_analysis_31124716_47.out:    n_obs:  1339 -->  1328 
deg_analysis_31124716_47.out:
deg_analysis_31124716_47.out:▶︎ Processing cell_type  1 / 1 :  CVCL_1724 
deg_analysis_31124716_47.out:    Filter controls by  pert_time_h  column
deg_analysis_31124716_47.out:        n_obs:  1328 -->  1328 
deg_analysis_31124716_47.out:
deg_analysis_31124716_47.out:    Running contrast 1/1300
deg_analysis_31124716_47.out:    Running contrast 6/1300
deg_analysis_31124716_47.out:    Running contrast 11/1300
deg_analysis_31124716_47.out:    Running contrast 16/1300
deg_analysis_31124716_47.out:    Running contrast 21/1300
deg_analysis_31124716_47.out:    Running contrast 26/1300
deg_analysis_31124716_47.out:    Running contrast 31/1300
deg_analysis_31124716_47.out:    Running contrast 36/1300
deg_analysis_31124716_47.out:    Running contrast 41/1300
deg_analysis_31124716_47.out:    Running contrast 46/1300
deg_analysis_31124716_47.out:    Running contrast 51/1300
deg_analysis_31124716_47.out:    Running contrast 56/1300
deg_analysis_31124716_47.out:    Running contrast 61/1300
deg_analysis_31124716_47.out:    Running contrast 66/1300
deg_analysis_31124716_47.out:    Running contrast 71/1300
deg_analysis_31124716_47.out:    Running contrast 76/1300
deg_analysis_31124716_47.out:    Running contrast 81/1300
deg_analysis_31124716_47.out:    Running contrast 86/1300
deg_analysis_31124716_47.out:    Running contrast 91/1300
deg_analysis_31124716_47.out:    Running contrast 96/1300
deg_analysis_31124716_47.out:    Running contrast 101/1300
deg_analysis_31124716_47.out:    Running contrast 106/1300
deg_analysis_31124716_47.out:    Running contrast 111/1300
deg_analysis_31124716_47.out:    Running contrast 116/1300
deg_analysis_31124716_47.out:    Running contrast 121/1300
deg_analysis_31124716_47.out:    Running contrast 126/1300
deg_analysis_31124716_47.out:    Running contrast 131/1300
deg_analysis_31124716_47.out:    Running contrast 136/1300
deg_analysis_31124716_47.out:    Running contrast 141/1300
deg_analysis_31124716_47.out:    Running contrast 146/1300
deg_analysis_31124716_47.out:    Running contrast 151/1300
deg_analysis_31124716_47.out:    Running contrast 156/1300
deg_analysis_31124716_47.out:    Running contrast 161/1300
deg_analysis_31124716_47.out:    Running contrast 166/1300
deg_analysis_31124716_47.out:    Running contrast 171/1300
deg_analysis_31124716_47.out:    Running contrast 176/1300
deg_analysis_31124716_47.out:    Running contrast 181/1300
deg_analysis_31124716_47.out:    Running contrast 186/1300
deg_analysis_31124716_47.out:    Running contrast 191/1300
deg_analysis_31124716_47.out:    Running contrast 196/1300
deg_analysis_31124716_47.out:    Running contrast 201/1300
deg_analysis_31124716_47.out:    Running contrast 206/1300
deg_analysis_31124716_47.out:    Running contrast 211/1300
deg_analysis_31124716_47.out:    Running contrast 216/1300
deg_analysis_31124716_47.out:    Running contrast 221/1300
deg_analysis_31124716_47.out:    Running contrast 226/1300
deg_analysis_31124716_47.out:    Running contrast 231/1300
deg_analysis_31124716_47.out:    Running contrast 236/1300
deg_analysis_31124716_47.out:    Running contrast 241/1300
deg_analysis_31124716_47.out:    Running contrast 246/1300
deg_analysis_31124716_47.out:    Running contrast 251/1300
deg_analysis_31124716_47.out:    Running contrast 256/1300
deg_analysis_31124716_47.out:    Running contrast 261/1300
deg_analysis_31124716_47.out:    Running contrast 266/1300
deg_analysis_31124716_47.out:    Running contrast 271/1300
deg_analysis_31124716_47.out:    Running contrast 276/1300
deg_analysis_31124716_47.out:    Running contrast 281/1300
deg_analysis_31124716_47.out:    Running contrast 286/1300
deg_analysis_31124716_47.out:    Running contrast 291/1300
deg_analysis_31124716_47.out:    Running contrast 296/1300
deg_analysis_31124716_47.out:    Running contrast 301/1300
deg_analysis_31124716_47.out:    Running contrast 306/1300
deg_analysis_31124716_47.out:    Running contrast 311/1300
deg_analysis_31124716_47.out:    Running contrast 316/1300
deg_analysis_31124716_47.out:    Running contrast 321/1300
deg_analysis_31124716_47.out:    Running contrast 326/1300
deg_analysis_31124716_47.out:    Running contrast 331/1300
deg_analysis_31124716_47.out:    Running contrast 336/1300
deg_analysis_31124716_47.out:    Running contrast 341/1300
deg_analysis_31124716_47.out:    Running contrast 346/1300
deg_analysis_31124716_47.out:    Running contrast 351/1300
deg_analysis_31124716_47.out:    Running contrast 356/1300
deg_analysis_31124716_47.out:    Running contrast 361/1300
deg_analysis_31124716_47.out:    Running contrast 366/1300
deg_analysis_31124716_47.out:    Running contrast 371/1300
deg_analysis_31124716_47.out:    Running contrast 376/1300
deg_analysis_31124716_47.out:    Running contrast 381/1300
deg_analysis_31124716_47.out:    Running contrast 386/1300
deg_analysis_31124716_47.out:    Running contrast 391/1300
deg_analysis_31124716_47.out:    Running contrast 396/1300
deg_analysis_31124716_47.out:    Running contrast 401/1300
deg_analysis_31124716_47.out:    Running contrast 406/1300
deg_analysis_31124716_47.out:    Running contrast 411/1300
deg_analysis_31124716_47.out:    Running contrast 416/1300
deg_analysis_31124716_47.out:    Running contrast 421/1300
deg_analysis_31124716_47.out:    Running contrast 426/1300
deg_analysis_31124716_47.out:    Running contrast 431/1300
deg_analysis_31124716_47.out:    Running contrast 436/1300
deg_analysis_31124716_47.out:    Running contrast 441/1300
deg_analysis_31124716_47.out:    Running contrast 446/1300
deg_analysis_31124716_47.out:    Running contrast 451/1300
deg_analysis_31124716_47.out:    Running contrast 456/1300
deg_analysis_31124716_47.out:    Running contrast 461/1300
deg_analysis_31124716_47.out:    Running contrast 466/1300
deg_analysis_31124716_47.out:    Running contrast 471/1300
deg_analysis_31124716_47.out:    Running contrast 476/1300
deg_analysis_31124716_47.out:    Running contrast 481/1300
deg_analysis_31124716_47.out:    Running contrast 486/1300
deg_analysis_31124716_47.out:    Running contrast 491/1300
deg_analysis_31124716_47.out:    Running contrast 496/1300
deg_analysis_31124716_47.out:    Running contrast 501/1300
deg_analysis_31124716_47.out:    Running contrast 506/1300
deg_analysis_31124716_47.out:    Running contrast 511/1300
deg_analysis_31124716_47.out:    Running contrast 516/1300
deg_analysis_31124716_47.out:    Running contrast 521/1300
deg_analysis_31124716_47.out:    Running contrast 526/1300
deg_analysis_31124716_47.out:    Running contrast 531/1300
deg_analysis_31124716_47.out:    Running contrast 536/1300
deg_analysis_31124716_47.out:    Running contrast 541/1300
deg_analysis_31124716_47.out:    Running contrast 546/1300
deg_analysis_31124716_47.out:    Running contrast 551/1300
deg_analysis_31124716_47.out:    Running contrast 556/1300
deg_analysis_31124716_47.out:    Running contrast 561/1300
deg_analysis_31124716_47.out:    Running contrast 566/1300
deg_analysis_31124716_47.out:    Running contrast 571/1300
deg_analysis_31124716_47.out:    Running contrast 576/1300
deg_analysis_31124716_47.out:    Running contrast 581/1300
deg_analysis_31124716_47.out:    Running contrast 586/1300
deg_analysis_31124716_47.out:    Running contrast 591/1300
deg_analysis_31124716_47.out:    Running contrast 596/1300
deg_analysis_31124716_47.out:    Running contrast 601/1300
deg_analysis_31124716_47.out:    Running contrast 606/1300
deg_analysis_31124716_47.out:    Running contrast 611/1300
deg_analysis_31124716_47.out:    Running contrast 616/1300
deg_analysis_31124716_47.out:    Running contrast 621/1300
deg_analysis_31124716_47.out:    Running contrast 626/1300
deg_analysis_31124716_47.out:    Running contrast 631/1300
deg_analysis_31124716_47.out:    Running contrast 636/1300
deg_analysis_31124716_47.out:    Running contrast 641/1300
deg_analysis_31124716_47.out:    Running contrast 646/1300
deg_analysis_31124716_47.out:    Running contrast 651/1300
deg_analysis_31124716_47.out:    Running contrast 656/1300
deg_analysis_31124716_47.out:    Running contrast 661/1300
deg_analysis_31124716_47.out:    Running contrast 666/1300
deg_analysis_31124716_47.out:    Running contrast 671/1300
deg_analysis_31124716_47.out:    Running contrast 676/1300
deg_analysis_31124716_47.out:    Running contrast 681/1300
deg_analysis_31124716_47.out:    Running contrast 686/1300
deg_analysis_31124716_47.out:    Running contrast 691/1300
deg_analysis_31124716_47.out:    Running contrast 696/1300
deg_analysis_31124716_47.out:    Running contrast 701/1300
deg_analysis_31124716_47.out:    Running contrast 706/1300
deg_analysis_31124716_47.out:    Running contrast 711/1300
deg_analysis_31124716_47.out:    Running contrast 716/1300
deg_analysis_31124716_47.out:    Running contrast 721/1300
deg_analysis_31124716_47.out:    Running contrast 726/1300
deg_analysis_31124716_47.out:    Running contrast 731/1300
deg_analysis_31124716_47.out:    Running contrast 736/1300
deg_analysis_31124716_47.out:    Running contrast 741/1300
deg_analysis_31124716_47.out:    Running contrast 746/1300
deg_analysis_31124716_47.out:    Running contrast 751/1300
deg_analysis_31124716_47.out:    Running contrast 756/1300
deg_analysis_31124716_47.out:    Running contrast 761/1300
deg_analysis_31124716_47.out:    Running contrast 766/1300
deg_analysis_31124716_47.out:    Running contrast 771/1300
deg_analysis_31124716_47.out:    Running contrast 776/1300
deg_analysis_31124716_47.out:    Running contrast 781/1300
deg_analysis_31124716_47.out:    Running contrast 786/1300
deg_analysis_31124716_47.out:    Running contrast 791/1300
deg_analysis_31124716_47.out:    Running contrast 796/1300
deg_analysis_31124716_47.out:    Running contrast 801/1300
deg_analysis_31124716_47.out:    Running contrast 806/1300
deg_analysis_31124716_47.out:    Running contrast 811/1300
deg_analysis_31124716_47.out:    Running contrast 816/1300
deg_analysis_31124716_47.out:    Running contrast 821/1300
deg_analysis_31124716_47.out:    Running contrast 826/1300
deg_analysis_31124716_47.out:    Running contrast 831/1300
deg_analysis_31124716_47.out:    Running contrast 836/1300
deg_analysis_31124716_47.out:    Running contrast 841/1300
deg_analysis_31124716_47.out:    Running contrast 846/1300
deg_analysis_31124716_47.out:    Running contrast 851/1300
deg_analysis_31124716_47.out:    Running contrast 856/1300
deg_analysis_31124716_47.out:    Running contrast 861/1300
deg_analysis_31124716_47.out:    Running contrast 866/1300
deg_analysis_31124716_47.out:    Running contrast 871/1300
deg_analysis_31124716_47.out:    Running contrast 876/1300
deg_analysis_31124716_47.out:    Running contrast 881/1300
deg_analysis_31124716_47.out:    Running contrast 886/1300
deg_analysis_31124716_47.out:    Running contrast 891/1300
deg_analysis_31124716_47.out:    Running contrast 896/1300
deg_analysis_31124716_47.out:    Running contrast 901/1300
deg_analysis_31124716_47.out:    Running contrast 906/1300
deg_analysis_31124716_47.out:    Running contrast 911/1300
deg_analysis_31124716_47.out:    Running contrast 916/1300
deg_analysis_31124716_47.out:    Running contrast 921/1300
deg_analysis_31124716_47.out:    Running contrast 926/1300
deg_analysis_31124716_47.out:    Running contrast 931/1300
deg_analysis_31124716_47.out:    Running contrast 936/1300
deg_analysis_31124716_47.out:    Running contrast 941/1300
deg_analysis_31124716_47.out:    Running contrast 946/1300
deg_analysis_31124716_47.out:    Running contrast 951/1300
deg_analysis_31124716_47.out:    Running contrast 956/1300
deg_analysis_31124716_47.out:    Running contrast 961/1300
deg_analysis_31124716_47.out:    Running contrast 966/1300
deg_analysis_31124716_47.out:    Running contrast 971/1300
deg_analysis_31124716_47.out:    Running contrast 976/1300
deg_analysis_31124716_47.out:    Running contrast 981/1300
deg_analysis_31124716_47.out:    Running contrast 986/1300
deg_analysis_31124716_47.out:    Running contrast 991/1300
deg_analysis_31124716_47.out:    Running contrast 996/1300
deg_analysis_31124716_47.out:    Running contrast 1001/1300
deg_analysis_31124716_47.out:    Running contrast 1006/1300
deg_analysis_31124716_47.out:    Running contrast 1011/1300
deg_analysis_31124716_47.out:    Running contrast 1016/1300
deg_analysis_31124716_47.out:    Running contrast 1021/1300
deg_analysis_31124716_47.out:    Running contrast 1026/1300
deg_analysis_31124716_47.out:    Running contrast 1031/1300
deg_analysis_31124716_47.out:    Running contrast 1036/1300
deg_analysis_31124716_47.out:    Running contrast 1041/1300
deg_analysis_31124716_47.out:    Running contrast 1046/1300
deg_analysis_31124716_47.out:    Running contrast 1051/1300
deg_analysis_31124716_47.out:    Running contrast 1056/1300
deg_analysis_31124716_47.out:    Running contrast 1061/1300
deg_analysis_31124716_47.out:    Running contrast 1066/1300
deg_analysis_31124716_47.out:    Running contrast 1071/1300
deg_analysis_31124716_47.out:    Running contrast 1076/1300
deg_analysis_31124716_47.out:    Running contrast 1081/1300
deg_analysis_31124716_47.out:    Running contrast 1086/1300
deg_analysis_31124716_47.out:    Running contrast 1091/1300
deg_analysis_31124716_47.out:    Running contrast 1096/1300
deg_analysis_31124716_47.out:    Running contrast 1101/1300
deg_analysis_31124716_47.out:    Running contrast 1106/1300
deg_analysis_31124716_47.out:    Running contrast 1111/1300
deg_analysis_31124716_47.out:    Running contrast 1116/1300
deg_analysis_31124716_47.out:    Running contrast 1121/1300
deg_analysis_31124716_47.out:    Running contrast 1126/1300
deg_analysis_31124716_47.out:    Running contrast 1131/1300
deg_analysis_31124716_47.out:    Running contrast 1136/1300
deg_analysis_31124716_47.out:    Running contrast 1141/1300
deg_analysis_31124716_47.out:    Running contrast 1146/1300
deg_analysis_31124716_47.out:    Running contrast 1151/1300
deg_analysis_31124716_47.out:    Running contrast 1156/1300
deg_analysis_31124716_47.out:    Running contrast 1161/1300
deg_analysis_31124716_47.out:    Running contrast 1166/1300
deg_analysis_31124716_47.out:    Running contrast 1171/1300
deg_analysis_31124716_47.out:    Running contrast 1176/1300
deg_analysis_31124716_47.out:    Running contrast 1181/1300
deg_analysis_31124716_47.out:    Running contrast 1186/1300
deg_analysis_31124716_47.out:    Running contrast 1191/1300
deg_analysis_31124716_47.out:    Running contrast 1196/1300
deg_analysis_31124716_47.out:    Running contrast 1201/1300
deg_analysis_31124716_47.out:    Running contrast 1206/1300
deg_analysis_31124716_47.out:    Running contrast 1211/1300
deg_analysis_31124716_47.out:    Running contrast 1216/1300
deg_analysis_31124716_47.out:    Running contrast 1221/1300
deg_analysis_31124716_47.out:    Running contrast 1226/1300
deg_analysis_31124716_47.out:    Running contrast 1231/1300
deg_analysis_31124716_47.out:    Running contrast 1236/1300
deg_analysis_31124716_47.out:    Running contrast 1241/1300
deg_analysis_31124716_47.out:    Running contrast 1246/1300
deg_analysis_31124716_47.out:    Running contrast 1251/1300
deg_analysis_31124716_47.out:    Running contrast 1256/1300
deg_analysis_31124716_47.out:    Running contrast 1261/1300
deg_analysis_31124716_47.out:    Running contrast 1266/1300
deg_analysis_31124716_47.out:    Running contrast 1271/1300
deg_analysis_31124716_47.out:    Running contrast 1276/1300
deg_analysis_31124716_47.out:    Running contrast 1281/1300
deg_analysis_31124716_47.out:    Running contrast 1286/1300
deg_analysis_31124716_47.out:    Running contrast 1291/1300
deg_analysis_31124716_47.out:    Running contrast 1296/1300
deg_analysis_31124716_47.out:    Running contrast 1300/1300
deg_analysis_31124716_47.out:
deg_analysis_31124716_47.out:    Writing:  ./data/tahoe/deg_data/sep_rep/full/qc_false/filter_min_cells_50/CVCL_1724_de.h5ad 
deg_analysis_31124716_47.out:
deg_analysis_31124716_47.out:    Rewriting h5ad file: ./data/tahoe/deg_data/sep_rep/full/qc_false/filter_min_cells_50/CVCL_1724_de.h5ad 
deg_analysis_31124716_47.out:    Removed X matrix
deg_analysis_31124716_47.out:    Rewriting h5ad file is done!
deg_analysis_31124716_47.out:✓ Cell line completed in 9604.9 seconds
deg_analysis_31124716_47.out:
deg_analysis_31124716_47.out:DE analysis completed!
deg_analysis_31124716_47.out:
deg_analysis_31124716_47.out:Total runtime: 9617.4 seconds
deg_analysis_31124716_48.out:
deg_analysis_31124716_48.out:DE analysis started...
deg_analysis_31124716_48.out:Loaded input file:  ./data/tahoe/pseudobulk_processed/sep_rep/by_celltype/CVCL_1731_processed.h5ad 
deg_analysis_31124716_48.out:Initial dimensions:  1342  samples ×  62710  genes
deg_analysis_31124716_48.out:Filter samples with the low number of cells
deg_analysis_31124716_48.out:    Filter threshold (min_cells):  50 
deg_analysis_31124716_48.out:    n_obs:  1342 -->  1329 
deg_analysis_31124716_48.out:
deg_analysis_31124716_48.out:▶︎ Processing cell_type  1 / 1 :  CVCL_1731 
deg_analysis_31124716_48.out:    Filter controls by  pert_time_h  column
deg_analysis_31124716_48.out:        n_obs:  1329 -->  1329 
deg_analysis_31124716_48.out:
deg_analysis_31124716_48.out:    Running contrast 1/1301
deg_analysis_31124716_48.out:    Running contrast 6/1301
deg_analysis_31124716_48.out:    Running contrast 11/1301
deg_analysis_31124716_48.out:    Running contrast 16/1301
deg_analysis_31124716_48.out:    Running contrast 21/1301
deg_analysis_31124716_48.out:    Running contrast 26/1301
deg_analysis_31124716_48.out:    Running contrast 31/1301
deg_analysis_31124716_48.out:    Running contrast 36/1301
deg_analysis_31124716_48.out:    Running contrast 41/1301
deg_analysis_31124716_48.out:    Running contrast 46/1301
deg_analysis_31124716_48.out:    Running contrast 51/1301
deg_analysis_31124716_48.out:    Running contrast 56/1301
deg_analysis_31124716_48.out:    Running contrast 61/1301
deg_analysis_31124716_48.out:    Running contrast 66/1301
deg_analysis_31124716_48.out:    Running contrast 71/1301
deg_analysis_31124716_48.out:    Running contrast 76/1301
deg_analysis_31124716_48.out:    Running contrast 81/1301
deg_analysis_31124716_48.out:    Running contrast 86/1301
deg_analysis_31124716_48.out:    Running contrast 91/1301
deg_analysis_31124716_48.out:    Running contrast 96/1301
deg_analysis_31124716_48.out:    Running contrast 101/1301
deg_analysis_31124716_48.out:    Running contrast 106/1301
deg_analysis_31124716_48.out:    Running contrast 111/1301
deg_analysis_31124716_48.out:    Running contrast 116/1301
deg_analysis_31124716_48.out:    Running contrast 121/1301
deg_analysis_31124716_48.out:    Running contrast 126/1301
deg_analysis_31124716_48.out:    Running contrast 131/1301
deg_analysis_31124716_48.out:    Running contrast 136/1301
deg_analysis_31124716_48.out:    Running contrast 141/1301
deg_analysis_31124716_48.out:    Running contrast 146/1301
deg_analysis_31124716_48.out:    Running contrast 151/1301
deg_analysis_31124716_48.out:    Running contrast 156/1301
deg_analysis_31124716_48.out:    Running contrast 161/1301
deg_analysis_31124716_48.out:    Running contrast 166/1301
deg_analysis_31124716_48.out:    Running contrast 171/1301
deg_analysis_31124716_48.out:    Running contrast 176/1301
deg_analysis_31124716_48.out:    Running contrast 181/1301
deg_analysis_31124716_48.out:    Running contrast 186/1301
deg_analysis_31124716_48.out:    Running contrast 191/1301
deg_analysis_31124716_48.out:    Running contrast 196/1301
deg_analysis_31124716_48.out:    Running contrast 201/1301
deg_analysis_31124716_48.out:    Running contrast 206/1301
deg_analysis_31124716_48.out:    Running contrast 211/1301
deg_analysis_31124716_48.out:    Running contrast 216/1301
deg_analysis_31124716_48.out:    Running contrast 221/1301
deg_analysis_31124716_48.out:    Running contrast 226/1301
deg_analysis_31124716_48.out:    Running contrast 231/1301
deg_analysis_31124716_48.out:    Running contrast 236/1301
deg_analysis_31124716_48.out:    Running contrast 241/1301
deg_analysis_31124716_48.out:    Running contrast 246/1301
deg_analysis_31124716_48.out:    Running contrast 251/1301
deg_analysis_31124716_48.out:    Running contrast 256/1301
deg_analysis_31124716_48.out:    Running contrast 261/1301
deg_analysis_31124716_48.out:    Running contrast 266/1301
deg_analysis_31124716_48.out:    Running contrast 271/1301
deg_analysis_31124716_48.out:    Running contrast 276/1301
deg_analysis_31124716_48.out:    Running contrast 281/1301
deg_analysis_31124716_48.out:    Running contrast 286/1301
deg_analysis_31124716_48.out:    Running contrast 291/1301
deg_analysis_31124716_48.out:    Running contrast 296/1301
deg_analysis_31124716_48.out:    Running contrast 301/1301
deg_analysis_31124716_48.out:    Running contrast 306/1301
deg_analysis_31124716_48.out:    Running contrast 311/1301
deg_analysis_31124716_48.out:    Running contrast 316/1301
deg_analysis_31124716_48.out:    Running contrast 321/1301
deg_analysis_31124716_48.out:    Running contrast 326/1301
deg_analysis_31124716_48.out:    Running contrast 331/1301
deg_analysis_31124716_48.out:    Running contrast 336/1301
deg_analysis_31124716_48.out:    Running contrast 341/1301
deg_analysis_31124716_48.out:    Running contrast 346/1301
deg_analysis_31124716_48.out:    Running contrast 351/1301
deg_analysis_31124716_48.out:    Running contrast 356/1301
deg_analysis_31124716_48.out:    Running contrast 361/1301
deg_analysis_31124716_48.out:    Running contrast 366/1301
deg_analysis_31124716_48.out:    Running contrast 371/1301
deg_analysis_31124716_48.out:    Running contrast 376/1301
deg_analysis_31124716_48.out:    Running contrast 381/1301
deg_analysis_31124716_48.out:    Running contrast 386/1301
deg_analysis_31124716_48.out:    Running contrast 391/1301
deg_analysis_31124716_48.out:    Running contrast 396/1301
deg_analysis_31124716_48.out:    Running contrast 401/1301
deg_analysis_31124716_48.out:    Running contrast 406/1301
deg_analysis_31124716_48.out:    Running contrast 411/1301
deg_analysis_31124716_48.out:    Running contrast 416/1301
deg_analysis_31124716_48.out:    Running contrast 421/1301
deg_analysis_31124716_48.out:    Running contrast 426/1301
deg_analysis_31124716_48.out:    Running contrast 431/1301
deg_analysis_31124716_48.out:    Running contrast 436/1301
deg_analysis_31124716_48.out:    Running contrast 441/1301
deg_analysis_31124716_48.out:    Running contrast 446/1301
deg_analysis_31124716_48.out:    Running contrast 451/1301
deg_analysis_31124716_48.out:    Running contrast 456/1301
deg_analysis_31124716_48.out:    Running contrast 461/1301
deg_analysis_31124716_48.out:    Running contrast 466/1301
deg_analysis_31124716_48.out:    Running contrast 471/1301
deg_analysis_31124716_48.out:    Running contrast 476/1301
deg_analysis_31124716_48.out:    Running contrast 481/1301
deg_analysis_31124716_48.out:    Running contrast 486/1301
deg_analysis_31124716_48.out:    Running contrast 491/1301
deg_analysis_31124716_48.out:    Running contrast 496/1301
deg_analysis_31124716_48.out:    Running contrast 501/1301
deg_analysis_31124716_48.out:    Running contrast 506/1301
deg_analysis_31124716_48.out:    Running contrast 511/1301
deg_analysis_31124716_48.out:    Running contrast 516/1301
deg_analysis_31124716_48.out:    Running contrast 521/1301
deg_analysis_31124716_48.out:    Running contrast 526/1301
deg_analysis_31124716_48.out:    Running contrast 531/1301
deg_analysis_31124716_48.out:    Running contrast 536/1301
deg_analysis_31124716_48.out:    Running contrast 541/1301
deg_analysis_31124716_48.out:    Running contrast 546/1301
deg_analysis_31124716_48.out:    Running contrast 551/1301
deg_analysis_31124716_48.out:    Running contrast 556/1301
deg_analysis_31124716_48.out:    Running contrast 561/1301
deg_analysis_31124716_48.out:    Running contrast 566/1301
deg_analysis_31124716_48.out:    Running contrast 571/1301
deg_analysis_31124716_48.out:    Running contrast 576/1301
deg_analysis_31124716_48.out:    Running contrast 581/1301
deg_analysis_31124716_48.out:    Running contrast 586/1301
deg_analysis_31124716_48.out:    Running contrast 591/1301
deg_analysis_31124716_48.out:    Running contrast 596/1301
deg_analysis_31124716_48.out:    Running contrast 601/1301
deg_analysis_31124716_48.out:    Running contrast 606/1301
deg_analysis_31124716_48.out:    Running contrast 611/1301
deg_analysis_31124716_48.out:    Running contrast 616/1301
deg_analysis_31124716_48.out:    Running contrast 621/1301
deg_analysis_31124716_48.out:    Running contrast 626/1301
deg_analysis_31124716_48.out:    Running contrast 631/1301
deg_analysis_31124716_48.out:    Running contrast 636/1301
deg_analysis_31124716_48.out:    Running contrast 641/1301
deg_analysis_31124716_48.out:    Running contrast 646/1301
deg_analysis_31124716_48.out:    Running contrast 651/1301
deg_analysis_31124716_48.out:    Running contrast 656/1301
deg_analysis_31124716_48.out:    Running contrast 661/1301
deg_analysis_31124716_48.out:    Running contrast 666/1301
deg_analysis_31124716_48.out:    Running contrast 671/1301
deg_analysis_31124716_48.out:    Running contrast 676/1301
deg_analysis_31124716_48.out:    Running contrast 681/1301
deg_analysis_31124716_48.out:    Running contrast 686/1301
deg_analysis_31124716_48.out:    Running contrast 691/1301
deg_analysis_31124716_48.out:    Running contrast 696/1301
deg_analysis_31124716_48.out:    Running contrast 701/1301
deg_analysis_31124716_48.out:    Running contrast 706/1301
deg_analysis_31124716_48.out:    Running contrast 711/1301
deg_analysis_31124716_48.out:    Running contrast 716/1301
deg_analysis_31124716_48.out:    Running contrast 721/1301
deg_analysis_31124716_48.out:    Running contrast 726/1301
deg_analysis_31124716_48.out:    Running contrast 731/1301
deg_analysis_31124716_48.out:    Running contrast 736/1301
deg_analysis_31124716_48.out:    Running contrast 741/1301
deg_analysis_31124716_48.out:    Running contrast 746/1301
deg_analysis_31124716_48.out:    Running contrast 751/1301
deg_analysis_31124716_48.out:    Running contrast 756/1301
deg_analysis_31124716_48.out:    Running contrast 761/1301
deg_analysis_31124716_48.out:    Running contrast 766/1301
deg_analysis_31124716_48.out:    Running contrast 771/1301
deg_analysis_31124716_48.out:    Running contrast 776/1301
deg_analysis_31124716_48.out:    Running contrast 781/1301
deg_analysis_31124716_48.out:    Running contrast 786/1301
deg_analysis_31124716_48.out:    Running contrast 791/1301
deg_analysis_31124716_48.out:    Running contrast 796/1301
deg_analysis_31124716_48.out:    Running contrast 801/1301
deg_analysis_31124716_48.out:    Running contrast 806/1301
deg_analysis_31124716_48.out:    Running contrast 811/1301
deg_analysis_31124716_48.out:    Running contrast 816/1301
deg_analysis_31124716_48.out:    Running contrast 821/1301
deg_analysis_31124716_48.out:    Running contrast 826/1301
deg_analysis_31124716_48.out:    Running contrast 831/1301
deg_analysis_31124716_48.out:    Running contrast 836/1301
deg_analysis_31124716_48.out:    Running contrast 841/1301
deg_analysis_31124716_48.out:    Running contrast 846/1301
deg_analysis_31124716_48.out:    Running contrast 851/1301
deg_analysis_31124716_48.out:    Running contrast 856/1301
deg_analysis_31124716_48.out:    Running contrast 861/1301
deg_analysis_31124716_48.out:    Running contrast 866/1301
deg_analysis_31124716_48.out:    Running contrast 871/1301
deg_analysis_31124716_48.out:    Running contrast 876/1301
deg_analysis_31124716_48.out:    Running contrast 881/1301
deg_analysis_31124716_48.out:    Running contrast 886/1301
deg_analysis_31124716_48.out:    Running contrast 891/1301
deg_analysis_31124716_48.out:    Running contrast 896/1301
deg_analysis_31124716_48.out:    Running contrast 901/1301
deg_analysis_31124716_48.out:    Running contrast 906/1301
deg_analysis_31124716_48.out:    Running contrast 911/1301
deg_analysis_31124716_48.out:    Running contrast 916/1301
deg_analysis_31124716_48.out:    Running contrast 921/1301
deg_analysis_31124716_48.out:    Running contrast 926/1301
deg_analysis_31124716_48.out:    Running contrast 931/1301
deg_analysis_31124716_48.out:    Running contrast 936/1301
deg_analysis_31124716_48.out:    Running contrast 941/1301
deg_analysis_31124716_48.out:    Running contrast 946/1301
deg_analysis_31124716_48.out:    Running contrast 951/1301
deg_analysis_31124716_48.out:    Running contrast 956/1301
deg_analysis_31124716_48.out:    Running contrast 961/1301
deg_analysis_31124716_48.out:    Running contrast 966/1301
deg_analysis_31124716_48.out:    Running contrast 971/1301
deg_analysis_31124716_48.out:    Running contrast 976/1301
deg_analysis_31124716_48.out:    Running contrast 981/1301
deg_analysis_31124716_48.out:    Running contrast 986/1301
deg_analysis_31124716_48.out:    Running contrast 991/1301
deg_analysis_31124716_48.out:    Running contrast 996/1301
deg_analysis_31124716_48.out:    Running contrast 1001/1301
deg_analysis_31124716_48.out:    Running contrast 1006/1301
deg_analysis_31124716_48.out:    Running contrast 1011/1301
deg_analysis_31124716_48.out:    Running contrast 1016/1301
deg_analysis_31124716_48.out:    Running contrast 1021/1301
deg_analysis_31124716_48.out:    Running contrast 1026/1301
deg_analysis_31124716_48.out:    Running contrast 1031/1301
deg_analysis_31124716_48.out:    Running contrast 1036/1301
deg_analysis_31124716_48.out:    Running contrast 1041/1301
deg_analysis_31124716_48.out:    Running contrast 1046/1301
deg_analysis_31124716_48.out:    Running contrast 1051/1301
deg_analysis_31124716_48.out:    Running contrast 1056/1301
deg_analysis_31124716_48.out:    Running contrast 1061/1301
deg_analysis_31124716_48.out:    Running contrast 1066/1301
deg_analysis_31124716_48.out:    Running contrast 1071/1301
deg_analysis_31124716_48.out:    Running contrast 1076/1301
deg_analysis_31124716_48.out:    Running contrast 1081/1301
deg_analysis_31124716_48.out:    Running contrast 1086/1301
deg_analysis_31124716_48.out:    Running contrast 1091/1301
deg_analysis_31124716_48.out:    Running contrast 1096/1301
deg_analysis_31124716_48.out:    Running contrast 1101/1301
deg_analysis_31124716_48.out:    Running contrast 1106/1301
deg_analysis_31124716_48.out:    Running contrast 1111/1301
deg_analysis_31124716_48.out:    Running contrast 1116/1301
deg_analysis_31124716_48.out:    Running contrast 1121/1301
deg_analysis_31124716_48.out:    Running contrast 1126/1301
deg_analysis_31124716_48.out:    Running contrast 1131/1301
deg_analysis_31124716_48.out:    Running contrast 1136/1301
deg_analysis_31124716_48.out:    Running contrast 1141/1301
deg_analysis_31124716_48.out:    Running contrast 1146/1301
deg_analysis_31124716_48.out:    Running contrast 1151/1301
deg_analysis_31124716_48.out:    Running contrast 1156/1301
deg_analysis_31124716_48.out:    Running contrast 1161/1301
deg_analysis_31124716_48.out:    Running contrast 1166/1301
deg_analysis_31124716_48.out:    Running contrast 1171/1301
deg_analysis_31124716_48.out:    Running contrast 1176/1301
deg_analysis_31124716_48.out:    Running contrast 1181/1301
deg_analysis_31124716_48.out:    Running contrast 1186/1301
deg_analysis_31124716_48.out:    Running contrast 1191/1301
deg_analysis_31124716_48.out:    Running contrast 1196/1301
deg_analysis_31124716_48.out:    Running contrast 1201/1301
deg_analysis_31124716_48.out:    Running contrast 1206/1301
deg_analysis_31124716_48.out:    Running contrast 1211/1301
deg_analysis_31124716_48.out:    Running contrast 1216/1301
deg_analysis_31124716_48.out:    Running contrast 1221/1301
deg_analysis_31124716_48.out:    Running contrast 1226/1301
deg_analysis_31124716_48.out:    Running contrast 1231/1301
deg_analysis_31124716_48.out:    Running contrast 1236/1301
deg_analysis_31124716_48.out:    Running contrast 1241/1301
deg_analysis_31124716_48.out:    Running contrast 1246/1301
deg_analysis_31124716_48.out:    Running contrast 1251/1301
deg_analysis_31124716_48.out:    Running contrast 1256/1301
deg_analysis_31124716_48.out:    Running contrast 1261/1301
deg_analysis_31124716_48.out:    Running contrast 1266/1301
deg_analysis_31124716_48.out:    Running contrast 1271/1301
deg_analysis_31124716_48.out:    Running contrast 1276/1301
deg_analysis_31124716_48.out:    Running contrast 1281/1301
deg_analysis_31124716_48.out:    Running contrast 1286/1301
deg_analysis_31124716_48.out:    Running contrast 1291/1301
deg_analysis_31124716_48.out:    Running contrast 1296/1301
deg_analysis_31124716_48.out:    Running contrast 1301/1301
deg_analysis_31124716_48.out:
deg_analysis_31124716_48.out:    Writing:  ./data/tahoe/deg_data/sep_rep/full/qc_false/filter_min_cells_50/CVCL_1731_de.h5ad 
deg_analysis_31124716_48.out:
deg_analysis_31124716_48.out:    Rewriting h5ad file: ./data/tahoe/deg_data/sep_rep/full/qc_false/filter_min_cells_50/CVCL_1731_de.h5ad 
deg_analysis_31124716_48.out:    Removed X matrix
deg_analysis_31124716_48.out:    Rewriting h5ad file is done!
deg_analysis_31124716_48.out:✓ Cell line completed in 10572.2 seconds
deg_analysis_31124716_48.out:
deg_analysis_31124716_48.out:DE analysis completed!
deg_analysis_31124716_48.out:
deg_analysis_31124716_48.out:Total runtime: 10583.0 seconds
deg_analysis_31124716_49.out:
deg_analysis_31124716_49.out:DE analysis started...
deg_analysis_31124716_49.out:Loaded input file:  ./data/tahoe/pseudobulk_processed/sep_rep/by_celltype/CVCL_C466_processed.h5ad 
deg_analysis_31124716_49.out:Initial dimensions:  1344  samples ×  62710  genes
deg_analysis_31124716_49.out:Filter samples with the low number of cells
deg_analysis_31124716_49.out:    Filter threshold (min_cells):  50 
deg_analysis_31124716_49.out:    n_obs:  1344 -->  1330 
deg_analysis_31124716_49.out:
deg_analysis_31124716_49.out:▶︎ Processing cell_type  1 / 1 :  CVCL_C466 
deg_analysis_31124716_49.out:    Filter controls by  pert_time_h  column
deg_analysis_31124716_49.out:        n_obs:  1330 -->  1330 
deg_analysis_31124716_49.out:
deg_analysis_31124716_49.out:    Running contrast 1/1302
deg_analysis_31124716_49.out:    Running contrast 6/1302
deg_analysis_31124716_49.out:    Running contrast 11/1302
deg_analysis_31124716_49.out:    Running contrast 16/1302
deg_analysis_31124716_49.out:    Running contrast 21/1302
deg_analysis_31124716_49.out:    Running contrast 26/1302
deg_analysis_31124716_49.out:    Running contrast 31/1302
deg_analysis_31124716_49.out:    Running contrast 36/1302
deg_analysis_31124716_49.out:    Running contrast 41/1302
deg_analysis_31124716_49.out:    Running contrast 46/1302
deg_analysis_31124716_49.out:    Running contrast 51/1302
deg_analysis_31124716_49.out:    Running contrast 56/1302
deg_analysis_31124716_49.out:    Running contrast 61/1302
deg_analysis_31124716_49.out:    Running contrast 66/1302
deg_analysis_31124716_49.out:    Running contrast 71/1302
deg_analysis_31124716_49.out:    Running contrast 76/1302
deg_analysis_31124716_49.out:    Running contrast 81/1302
deg_analysis_31124716_49.out:    Running contrast 86/1302
deg_analysis_31124716_49.out:    Running contrast 91/1302
deg_analysis_31124716_49.out:    Running contrast 96/1302
deg_analysis_31124716_49.out:    Running contrast 101/1302
deg_analysis_31124716_49.out:    Running contrast 106/1302
deg_analysis_31124716_49.out:    Running contrast 111/1302
deg_analysis_31124716_49.out:    Running contrast 116/1302
deg_analysis_31124716_49.out:    Running contrast 121/1302
deg_analysis_31124716_49.out:    Running contrast 126/1302
deg_analysis_31124716_49.out:    Running contrast 131/1302
deg_analysis_31124716_49.out:    Running contrast 136/1302
deg_analysis_31124716_49.out:    Running contrast 141/1302
deg_analysis_31124716_49.out:    Running contrast 146/1302
deg_analysis_31124716_49.out:    Running contrast 151/1302
deg_analysis_31124716_49.out:    Running contrast 156/1302
deg_analysis_31124716_49.out:    Running contrast 161/1302
deg_analysis_31124716_49.out:    Running contrast 166/1302
deg_analysis_31124716_49.out:    Running contrast 171/1302
deg_analysis_31124716_49.out:    Running contrast 176/1302
deg_analysis_31124716_49.out:    Running contrast 181/1302
deg_analysis_31124716_49.out:    Running contrast 186/1302
deg_analysis_31124716_49.out:    Running contrast 191/1302
deg_analysis_31124716_49.out:    Running contrast 196/1302
deg_analysis_31124716_49.out:    Running contrast 201/1302
deg_analysis_31124716_49.out:    Running contrast 206/1302
deg_analysis_31124716_49.out:    Running contrast 211/1302
deg_analysis_31124716_49.out:    Running contrast 216/1302
deg_analysis_31124716_49.out:    Running contrast 221/1302
deg_analysis_31124716_49.out:    Running contrast 226/1302
deg_analysis_31124716_49.out:    Running contrast 231/1302
deg_analysis_31124716_49.out:    Running contrast 236/1302
deg_analysis_31124716_49.out:    Running contrast 241/1302
deg_analysis_31124716_49.out:    Running contrast 246/1302
deg_analysis_31124716_49.out:    Running contrast 251/1302
deg_analysis_31124716_49.out:    Running contrast 256/1302
deg_analysis_31124716_49.out:    Running contrast 261/1302
deg_analysis_31124716_49.out:    Running contrast 266/1302
deg_analysis_31124716_49.out:    Running contrast 271/1302
deg_analysis_31124716_49.out:    Running contrast 276/1302
deg_analysis_31124716_49.out:    Running contrast 281/1302
deg_analysis_31124716_49.out:    Running contrast 286/1302
deg_analysis_31124716_49.out:    Running contrast 291/1302
deg_analysis_31124716_49.out:    Running contrast 296/1302
deg_analysis_31124716_49.out:    Running contrast 301/1302
deg_analysis_31124716_49.out:    Running contrast 306/1302
deg_analysis_31124716_49.out:    Running contrast 311/1302
deg_analysis_31124716_49.out:    Running contrast 316/1302
deg_analysis_31124716_49.out:    Running contrast 321/1302
deg_analysis_31124716_49.out:    Running contrast 326/1302
deg_analysis_31124716_49.out:    Running contrast 331/1302
deg_analysis_31124716_49.out:    Running contrast 336/1302
deg_analysis_31124716_49.out:    Running contrast 341/1302
deg_analysis_31124716_49.out:    Running contrast 346/1302
deg_analysis_31124716_49.out:    Running contrast 351/1302
deg_analysis_31124716_49.out:    Running contrast 356/1302
deg_analysis_31124716_49.out:    Running contrast 361/1302
deg_analysis_31124716_49.out:    Running contrast 366/1302
deg_analysis_31124716_49.out:    Running contrast 371/1302
deg_analysis_31124716_49.out:    Running contrast 376/1302
deg_analysis_31124716_49.out:    Running contrast 381/1302
deg_analysis_31124716_49.out:    Running contrast 386/1302
deg_analysis_31124716_49.out:    Running contrast 391/1302
deg_analysis_31124716_49.out:    Running contrast 396/1302
deg_analysis_31124716_49.out:    Running contrast 401/1302
deg_analysis_31124716_49.out:    Running contrast 406/1302
deg_analysis_31124716_49.out:    Running contrast 411/1302
deg_analysis_31124716_49.out:    Running contrast 416/1302
deg_analysis_31124716_49.out:    Running contrast 421/1302
deg_analysis_31124716_49.out:    Running contrast 426/1302
deg_analysis_31124716_49.out:    Running contrast 431/1302
deg_analysis_31124716_49.out:    Running contrast 436/1302
deg_analysis_31124716_49.out:    Running contrast 441/1302
deg_analysis_31124716_49.out:    Running contrast 446/1302
deg_analysis_31124716_49.out:    Running contrast 451/1302
deg_analysis_31124716_49.out:    Running contrast 456/1302
deg_analysis_31124716_49.out:    Running contrast 461/1302
deg_analysis_31124716_49.out:    Running contrast 466/1302
deg_analysis_31124716_49.out:    Running contrast 471/1302
deg_analysis_31124716_49.out:    Running contrast 476/1302
deg_analysis_31124716_49.out:    Running contrast 481/1302
deg_analysis_31124716_49.out:    Running contrast 486/1302
deg_analysis_31124716_49.out:    Running contrast 491/1302
deg_analysis_31124716_49.out:    Running contrast 496/1302
deg_analysis_31124716_49.out:    Running contrast 501/1302
deg_analysis_31124716_49.out:    Running contrast 506/1302
deg_analysis_31124716_49.out:    Running contrast 511/1302
deg_analysis_31124716_49.out:    Running contrast 516/1302
deg_analysis_31124716_49.out:    Running contrast 521/1302
deg_analysis_31124716_49.out:    Running contrast 526/1302
deg_analysis_31124716_49.out:    Running contrast 531/1302
deg_analysis_31124716_49.out:    Running contrast 536/1302
deg_analysis_31124716_49.out:    Running contrast 541/1302
deg_analysis_31124716_49.out:    Running contrast 546/1302
deg_analysis_31124716_49.out:    Running contrast 551/1302
deg_analysis_31124716_49.out:    Running contrast 556/1302
deg_analysis_31124716_49.out:    Running contrast 561/1302
deg_analysis_31124716_49.out:    Running contrast 566/1302
deg_analysis_31124716_49.out:    Running contrast 571/1302
deg_analysis_31124716_49.out:    Running contrast 576/1302
deg_analysis_31124716_49.out:    Running contrast 581/1302
deg_analysis_31124716_49.out:    Running contrast 586/1302
deg_analysis_31124716_49.out:    Running contrast 591/1302
deg_analysis_31124716_49.out:    Running contrast 596/1302
deg_analysis_31124716_49.out:    Running contrast 601/1302
deg_analysis_31124716_49.out:    Running contrast 606/1302
deg_analysis_31124716_49.out:    Running contrast 611/1302
deg_analysis_31124716_49.out:    Running contrast 616/1302
deg_analysis_31124716_49.out:    Running contrast 621/1302
deg_analysis_31124716_49.out:    Running contrast 626/1302
deg_analysis_31124716_49.out:    Running contrast 631/1302
deg_analysis_31124716_49.out:    Running contrast 636/1302
deg_analysis_31124716_49.out:    Running contrast 641/1302
deg_analysis_31124716_49.out:    Running contrast 646/1302
deg_analysis_31124716_49.out:    Running contrast 651/1302
deg_analysis_31124716_49.out:    Running contrast 656/1302
deg_analysis_31124716_49.out:    Running contrast 661/1302
deg_analysis_31124716_49.out:    Running contrast 666/1302
deg_analysis_31124716_49.out:    Running contrast 671/1302
deg_analysis_31124716_49.out:    Running contrast 676/1302
deg_analysis_31124716_49.out:    Running contrast 681/1302
deg_analysis_31124716_49.out:    Running contrast 686/1302
deg_analysis_31124716_49.out:    Running contrast 691/1302
deg_analysis_31124716_49.out:    Running contrast 696/1302
deg_analysis_31124716_49.out:    Running contrast 701/1302
deg_analysis_31124716_49.out:    Running contrast 706/1302
deg_analysis_31124716_49.out:    Running contrast 711/1302
deg_analysis_31124716_49.out:    Running contrast 716/1302
deg_analysis_31124716_49.out:    Running contrast 721/1302
deg_analysis_31124716_49.out:    Running contrast 726/1302
deg_analysis_31124716_49.out:    Running contrast 731/1302
deg_analysis_31124716_49.out:    Running contrast 736/1302
deg_analysis_31124716_49.out:    Running contrast 741/1302
deg_analysis_31124716_49.out:    Running contrast 746/1302
deg_analysis_31124716_49.out:    Running contrast 751/1302
deg_analysis_31124716_49.out:    Running contrast 756/1302
deg_analysis_31124716_49.out:    Running contrast 761/1302
deg_analysis_31124716_49.out:    Running contrast 766/1302
deg_analysis_31124716_49.out:    Running contrast 771/1302
deg_analysis_31124716_49.out:    Running contrast 776/1302
deg_analysis_31124716_49.out:    Running contrast 781/1302
deg_analysis_31124716_49.out:    Running contrast 786/1302
deg_analysis_31124716_49.out:    Running contrast 791/1302
deg_analysis_31124716_49.out:    Running contrast 796/1302
deg_analysis_31124716_49.out:    Running contrast 801/1302
deg_analysis_31124716_49.out:    Running contrast 806/1302
deg_analysis_31124716_49.out:    Running contrast 811/1302
deg_analysis_31124716_49.out:    Running contrast 816/1302
deg_analysis_31124716_49.out:    Running contrast 821/1302
deg_analysis_31124716_49.out:    Running contrast 826/1302
deg_analysis_31124716_49.out:    Running contrast 831/1302
deg_analysis_31124716_49.out:    Running contrast 836/1302
deg_analysis_31124716_49.out:    Running contrast 841/1302
deg_analysis_31124716_49.out:    Running contrast 846/1302
deg_analysis_31124716_49.out:    Running contrast 851/1302
deg_analysis_31124716_49.out:    Running contrast 856/1302
deg_analysis_31124716_49.out:    Running contrast 861/1302
deg_analysis_31124716_49.out:    Running contrast 866/1302
deg_analysis_31124716_49.out:    Running contrast 871/1302
deg_analysis_31124716_49.out:    Running contrast 876/1302
deg_analysis_31124716_49.out:    Running contrast 881/1302
deg_analysis_31124716_49.out:    Running contrast 886/1302
deg_analysis_31124716_49.out:    Running contrast 891/1302
deg_analysis_31124716_49.out:    Running contrast 896/1302
deg_analysis_31124716_49.out:    Running contrast 901/1302
deg_analysis_31124716_49.out:    Running contrast 906/1302
deg_analysis_31124716_49.out:    Running contrast 911/1302
deg_analysis_31124716_49.out:    Running contrast 916/1302
deg_analysis_31124716_49.out:    Running contrast 921/1302
deg_analysis_31124716_49.out:    Running contrast 926/1302
deg_analysis_31124716_49.out:    Running contrast 931/1302
deg_analysis_31124716_49.out:    Running contrast 936/1302
deg_analysis_31124716_49.out:    Running contrast 941/1302
deg_analysis_31124716_49.out:    Running contrast 946/1302
deg_analysis_31124716_49.out:    Running contrast 951/1302
deg_analysis_31124716_49.out:    Running contrast 956/1302
deg_analysis_31124716_49.out:    Running contrast 961/1302
deg_analysis_31124716_49.out:    Running contrast 966/1302
deg_analysis_31124716_49.out:    Running contrast 971/1302
deg_analysis_31124716_49.out:    Running contrast 976/1302
deg_analysis_31124716_49.out:    Running contrast 981/1302
deg_analysis_31124716_49.out:    Running contrast 986/1302
deg_analysis_31124716_49.out:    Running contrast 991/1302
deg_analysis_31124716_49.out:    Running contrast 996/1302
deg_analysis_31124716_49.out:    Running contrast 1001/1302
deg_analysis_31124716_49.out:    Running contrast 1006/1302
deg_analysis_31124716_49.out:    Running contrast 1011/1302
deg_analysis_31124716_49.out:    Running contrast 1016/1302
deg_analysis_31124716_49.out:    Running contrast 1021/1302
deg_analysis_31124716_49.out:    Running contrast 1026/1302
deg_analysis_31124716_49.out:    Running contrast 1031/1302
deg_analysis_31124716_49.out:    Running contrast 1036/1302
deg_analysis_31124716_49.out:    Running contrast 1041/1302
deg_analysis_31124716_49.out:    Running contrast 1046/1302
deg_analysis_31124716_49.out:    Running contrast 1051/1302
deg_analysis_31124716_49.out:    Running contrast 1056/1302
deg_analysis_31124716_49.out:    Running contrast 1061/1302
deg_analysis_31124716_49.out:    Running contrast 1066/1302
deg_analysis_31124716_49.out:    Running contrast 1071/1302
deg_analysis_31124716_49.out:    Running contrast 1076/1302
deg_analysis_31124716_49.out:    Running contrast 1081/1302
deg_analysis_31124716_49.out:    Running contrast 1086/1302
deg_analysis_31124716_49.out:    Running contrast 1091/1302
deg_analysis_31124716_49.out:    Running contrast 1096/1302
deg_analysis_31124716_49.out:    Running contrast 1101/1302
deg_analysis_31124716_49.out:    Running contrast 1106/1302
deg_analysis_31124716_49.out:    Running contrast 1111/1302
deg_analysis_31124716_49.out:    Running contrast 1116/1302
deg_analysis_31124716_49.out:    Running contrast 1121/1302
deg_analysis_31124716_49.out:    Running contrast 1126/1302
deg_analysis_31124716_49.out:    Running contrast 1131/1302
deg_analysis_31124716_49.out:    Running contrast 1136/1302
deg_analysis_31124716_49.out:    Running contrast 1141/1302
deg_analysis_31124716_49.out:    Running contrast 1146/1302
deg_analysis_31124716_49.out:    Running contrast 1151/1302
deg_analysis_31124716_49.out:    Running contrast 1156/1302
deg_analysis_31124716_49.out:    Running contrast 1161/1302
deg_analysis_31124716_49.out:    Running contrast 1166/1302
deg_analysis_31124716_49.out:    Running contrast 1171/1302
deg_analysis_31124716_49.out:    Running contrast 1176/1302
deg_analysis_31124716_49.out:    Running contrast 1181/1302
deg_analysis_31124716_49.out:    Running contrast 1186/1302
deg_analysis_31124716_49.out:    Running contrast 1191/1302
deg_analysis_31124716_49.out:    Running contrast 1196/1302
deg_analysis_31124716_49.out:    Running contrast 1201/1302
deg_analysis_31124716_49.out:    Running contrast 1206/1302
deg_analysis_31124716_49.out:    Running contrast 1211/1302
deg_analysis_31124716_49.out:    Running contrast 1216/1302
deg_analysis_31124716_49.out:    Running contrast 1221/1302
deg_analysis_31124716_49.out:    Running contrast 1226/1302
deg_analysis_31124716_49.out:    Running contrast 1231/1302
deg_analysis_31124716_49.out:    Running contrast 1236/1302
deg_analysis_31124716_49.out:    Running contrast 1241/1302
deg_analysis_31124716_49.out:    Running contrast 1246/1302
deg_analysis_31124716_49.out:    Running contrast 1251/1302
deg_analysis_31124716_49.out:    Running contrast 1256/1302
deg_analysis_31124716_49.out:    Running contrast 1261/1302
deg_analysis_31124716_49.out:    Running contrast 1266/1302
deg_analysis_31124716_49.out:    Running contrast 1271/1302
deg_analysis_31124716_49.out:    Running contrast 1276/1302
deg_analysis_31124716_49.out:    Running contrast 1281/1302
deg_analysis_31124716_49.out:    Running contrast 1286/1302
deg_analysis_31124716_49.out:    Running contrast 1291/1302
deg_analysis_31124716_49.out:    Running contrast 1296/1302
deg_analysis_31124716_49.out:    Running contrast 1301/1302
deg_analysis_31124716_49.out:    Running contrast 1302/1302
deg_analysis_31124716_49.out:
deg_analysis_31124716_49.out:    Writing:  ./data/tahoe/deg_data/sep_rep/full/qc_false/filter_min_cells_50/CVCL_C466_de.h5ad 
deg_analysis_31124716_49.out:
deg_analysis_31124716_49.out:    Rewriting h5ad file: ./data/tahoe/deg_data/sep_rep/full/qc_false/filter_min_cells_50/CVCL_C466_de.h5ad 
deg_analysis_31124716_49.out:    Removed X matrix
deg_analysis_31124716_49.out:    Rewriting h5ad file is done!
deg_analysis_31124716_49.out:✓ Cell line completed in 10179.1 seconds
deg_analysis_31124716_49.out:
deg_analysis_31124716_49.out:DE analysis completed!
deg_analysis_31124716_49.out:
deg_analysis_31124716_49.out:Total runtime: 10192.0 seconds
