deg_tahoe.out:> Do not filter samples that did not pass quality control
deg_tahoe.out:> Work with a full version
deg_tahoe.out:> Mode: PARALLEL (array jobs per cell type)
deg_tahoe.out:> Using config: ./pipelines/tahoe/configs/deg/config.json
deg_tahoe.out:> Preprocess pseudobulk with a separate_replicates parameter
deg_tahoe.out:> Running preprocessing pseudobulk
deg_tahoe.out:Submitted batch job 31136190
deg_tahoe.out:> Preprocessing pseudobulk is done
deg_tahoe.out:> Starting DGE analysis with a separate_replicates parameter
deg_tahoe.out:  Found 50 files to process
deg_tahoe.out:  Submitting array job [50 jobs, max 10 concurrent]...
deg_tahoe.out:Submitted batch job 31136303
deg_tahoe.out:> DGE analysis is done
deg_tahoe.out:> DGE pipeline is finished
deg_processing_pseudobulk.31136190.out:2025-11-10 01:21:19 | [INFO] Read pseudobulk file
deg_processing_pseudobulk.31136190.out:2025-11-10 01:23:07 | [INFO] Add perturbation label
deg_processing_pseudobulk.31136190.out:2025-11-10 01:23:09 | [INFO] Save data
deg_processing_pseudobulk.31136190.out:2025-11-10 01:34:48 | [INFO] Splitting into 50 cell types
deg_processing_pseudobulk.31136190.out:2025-11-10 01:35:03 | [INFO]   Saved: CVCL_0023 (1342 obs)
deg_processing_pseudobulk.31136190.out:2025-11-10 01:35:14 | [INFO]   Saved: CVCL_0028 (1339 obs)
deg_processing_pseudobulk.31136190.out:2025-11-10 01:35:29 | [INFO]   Saved: CVCL_0069 (1339 obs)
deg_processing_pseudobulk.31136190.out:2025-11-10 01:35:41 | [INFO]   Saved: CVCL_0099 (1340 obs)
deg_processing_pseudobulk.31136190.out:2025-11-10 01:35:56 | [INFO]   Saved: CVCL_0131 (1338 obs)
deg_processing_pseudobulk.31136190.out:2025-11-10 01:36:11 | [INFO]   Saved: CVCL_0152 (1341 obs)
deg_processing_pseudobulk.31136190.out:2025-11-10 01:36:24 | [INFO]   Saved: CVCL_0179 (1338 obs)
deg_processing_pseudobulk.31136190.out:2025-11-10 01:36:37 | [INFO]   Saved: CVCL_0218 (1343 obs)
deg_processing_pseudobulk.31136190.out:2025-11-10 01:36:50 | [INFO]   Saved: CVCL_0292 (1343 obs)
deg_processing_pseudobulk.31136190.out:2025-11-10 01:37:08 | [INFO]   Saved: CVCL_0293 (1342 obs)
deg_processing_pseudobulk.31136190.out:2025-11-10 01:37:23 | [INFO]   Saved: CVCL_0320 (1342 obs)
deg_processing_pseudobulk.31136190.out:2025-11-10 01:37:38 | [INFO]   Saved: CVCL_0332 (1342 obs)
deg_processing_pseudobulk.31136190.out:2025-11-10 01:37:52 | [INFO]   Saved: CVCL_0334 (1340 obs)
deg_processing_pseudobulk.31136190.out:2025-11-10 01:38:07 | [INFO]   Saved: CVCL_0359 (1342 obs)
deg_processing_pseudobulk.31136190.out:2025-11-10 01:38:22 | [INFO]   Saved: CVCL_0366 (1344 obs)
deg_processing_pseudobulk.31136190.out:2025-11-10 01:38:38 | [INFO]   Saved: CVCL_0371 (1340 obs)
deg_processing_pseudobulk.31136190.out:2025-11-10 01:38:53 | [INFO]   Saved: CVCL_0397 (1342 obs)
deg_processing_pseudobulk.31136190.out:2025-11-10 01:39:10 | [INFO]   Saved: CVCL_0399 (1343 obs)
deg_processing_pseudobulk.31136190.out:2025-11-10 01:39:25 | [INFO]   Saved: CVCL_0428 (1337 obs)
deg_processing_pseudobulk.31136190.out:2025-11-10 01:39:42 | [INFO]   Saved: CVCL_0459 (1344 obs)
deg_processing_pseudobulk.31136190.out:2025-11-10 01:40:00 | [INFO]   Saved: CVCL_0480 (1338 obs)
deg_processing_pseudobulk.31136190.out:2025-11-10 01:40:14 | [INFO]   Saved: CVCL_0504 (1344 obs)
deg_processing_pseudobulk.31136190.out:2025-11-10 01:40:32 | [INFO]   Saved: CVCL_0546 (1343 obs)
deg_processing_pseudobulk.31136190.out:2025-11-10 01:40:47 | [INFO]   Saved: CVCL_1055 (1340 obs)
deg_processing_pseudobulk.31136190.out:2025-11-10 01:41:04 | [INFO]   Saved: CVCL_1056 (1340 obs)
deg_processing_pseudobulk.31136190.out:2025-11-10 01:41:17 | [INFO]   Saved: CVCL_1094 (1342 obs)
deg_processing_pseudobulk.31136190.out:2025-11-10 01:41:32 | [INFO]   Saved: CVCL_1097 (1341 obs)
deg_processing_pseudobulk.31136190.out:2025-11-10 01:41:44 | [INFO]   Saved: CVCL_1098 (1342 obs)
deg_processing_pseudobulk.31136190.out:2025-11-10 01:42:00 | [INFO]   Saved: CVCL_1119 (1341 obs)
deg_processing_pseudobulk.31136190.out:2025-11-10 01:42:11 | [INFO]   Saved: CVCL_1125 (1340 obs)
deg_processing_pseudobulk.31136190.out:2025-11-10 01:42:24 | [INFO]   Saved: CVCL_1239 (1343 obs)
deg_processing_pseudobulk.31136190.out:2025-11-10 01:42:40 | [INFO]   Saved: CVCL_1285 (1343 obs)
deg_processing_pseudobulk.31136190.out:2025-11-10 01:42:55 | [INFO]   Saved: CVCL_1381 (1342 obs)
deg_processing_pseudobulk.31136190.out:2025-11-10 01:43:12 | [INFO]   Saved: CVCL_1478 (1341 obs)
deg_processing_pseudobulk.31136190.out:2025-11-10 01:43:27 | [INFO]   Saved: CVCL_1495 (1338 obs)
deg_processing_pseudobulk.31136190.out:2025-11-10 01:43:43 | [INFO]   Saved: CVCL_1517 (1344 obs)
deg_processing_pseudobulk.31136190.out:2025-11-10 01:43:47 | [INFO]   Saved: CVCL_1531 (1331 obs)
deg_processing_pseudobulk.31136190.out:2025-11-10 01:44:02 | [INFO]   Saved: CVCL_1547 (1340 obs)
deg_processing_pseudobulk.31136190.out:2025-11-10 01:44:19 | [INFO]   Saved: CVCL_1550 (1338 obs)
deg_processing_pseudobulk.31136190.out:2025-11-10 01:44:22 | [INFO]   Saved: CVCL_1571 (1331 obs)
deg_processing_pseudobulk.31136190.out:2025-11-10 01:44:31 | [INFO]   Saved: CVCL_1577 (1333 obs)
deg_processing_pseudobulk.31136190.out:2025-11-10 01:44:46 | [INFO]   Saved: CVCL_1635 (1341 obs)
deg_processing_pseudobulk.31136190.out:2025-11-10 01:45:00 | [INFO]   Saved: CVCL_1666 (1341 obs)
deg_processing_pseudobulk.31136190.out:2025-11-10 01:45:14 | [INFO]   Saved: CVCL_1693 (1342 obs)
deg_processing_pseudobulk.31136190.out:2025-11-10 01:45:22 | [INFO]   Saved: CVCL_1715 (1340 obs)
deg_processing_pseudobulk.31136190.out:2025-11-10 01:45:31 | [INFO]   Saved: CVCL_1716 (1333 obs)
deg_processing_pseudobulk.31136190.out:2025-11-10 01:45:46 | [INFO]   Saved: CVCL_1717 (1340 obs)
deg_processing_pseudobulk.31136190.out:2025-11-10 01:45:58 | [INFO]   Saved: CVCL_1724 (1339 obs)
deg_processing_pseudobulk.31136190.out:2025-11-10 01:46:13 | [INFO]   Saved: CVCL_1731 (1342 obs)
deg_processing_pseudobulk.31136190.out:2025-11-10 01:46:26 | [INFO]   Saved: CVCL_C466 (1344 obs)
deg_analysis_31136303_0.out:
deg_analysis_31136303_0.out:DE analysis started...
deg_analysis_31136303_0.out:Loaded input file:  ./data/tahoe/pseudobulk_processed/sep_rep/by_celltype/CVCL_0023_processed.h5ad 
deg_analysis_31136303_0.out:Initial dimensions:  1342  samples ×  62710  genes
deg_analysis_31136303_0.out:Filter samples with the low number of cells
deg_analysis_31136303_0.out:    Filter threshold (min_cells):  10 
deg_analysis_31136303_0.out:    n_obs:  1342 -->  1334 
deg_analysis_31136303_0.out:
deg_analysis_31136303_0.out:▶︎ Processing cell_type  1 / 1 :  CVCL_0023 
deg_analysis_31136303_0.out:    Filter controls by  pert_time_h  column
deg_analysis_31136303_0.out:        n_obs:  1334 -->  1334 
deg_analysis_31136303_0.out:
deg_analysis_31136303_0.out:    Running contrast 1/1306
deg_analysis_31136303_0.out:    Running contrast 6/1306
deg_analysis_31136303_0.out:    Running contrast 11/1306
deg_analysis_31136303_0.out:    Running contrast 16/1306
deg_analysis_31136303_0.out:    Running contrast 21/1306
deg_analysis_31136303_0.out:    Running contrast 26/1306
deg_analysis_31136303_0.out:    Running contrast 31/1306
deg_analysis_31136303_0.out:    Running contrast 36/1306
deg_analysis_31136303_0.out:    Running contrast 41/1306
deg_analysis_31136303_0.out:    Running contrast 46/1306
deg_analysis_31136303_0.out:    Running contrast 51/1306
deg_analysis_31136303_0.out:    Running contrast 56/1306
deg_analysis_31136303_0.out:    Running contrast 61/1306
deg_analysis_31136303_0.out:    Running contrast 66/1306
deg_analysis_31136303_0.out:    Running contrast 71/1306
deg_analysis_31136303_0.out:    Running contrast 76/1306
deg_analysis_31136303_0.out:    Running contrast 81/1306
deg_analysis_31136303_0.out:    Running contrast 86/1306
deg_analysis_31136303_0.out:    Running contrast 91/1306
deg_analysis_31136303_0.out:    Running contrast 96/1306
deg_analysis_31136303_0.out:    Running contrast 101/1306
deg_analysis_31136303_0.out:    Running contrast 106/1306
deg_analysis_31136303_0.out:    Running contrast 111/1306
deg_analysis_31136303_0.out:    Running contrast 116/1306
deg_analysis_31136303_0.out:    Running contrast 121/1306
deg_analysis_31136303_0.out:    Running contrast 126/1306
deg_analysis_31136303_0.out:    Running contrast 131/1306
deg_analysis_31136303_0.out:    Running contrast 136/1306
deg_analysis_31136303_0.out:    Running contrast 141/1306
deg_analysis_31136303_0.out:    Running contrast 146/1306
deg_analysis_31136303_0.out:    Running contrast 151/1306
deg_analysis_31136303_0.out:    Running contrast 156/1306
deg_analysis_31136303_0.out:    Running contrast 161/1306
deg_analysis_31136303_0.out:    Running contrast 166/1306
deg_analysis_31136303_0.out:    Running contrast 171/1306
deg_analysis_31136303_0.out:    Running contrast 176/1306
deg_analysis_31136303_0.out:    Running contrast 181/1306
deg_analysis_31136303_0.out:    Running contrast 186/1306
deg_analysis_31136303_0.out:    Running contrast 191/1306
deg_analysis_31136303_0.out:    Running contrast 196/1306
deg_analysis_31136303_0.out:    Running contrast 201/1306
deg_analysis_31136303_0.out:    Running contrast 206/1306
deg_analysis_31136303_0.out:    Running contrast 211/1306
deg_analysis_31136303_0.out:    Running contrast 216/1306
deg_analysis_31136303_0.out:    Running contrast 221/1306
deg_analysis_31136303_0.out:    Running contrast 226/1306
deg_analysis_31136303_0.out:    Running contrast 231/1306
deg_analysis_31136303_0.out:    Running contrast 236/1306
deg_analysis_31136303_0.out:    Running contrast 241/1306
deg_analysis_31136303_0.out:    Running contrast 246/1306
deg_analysis_31136303_0.out:    Running contrast 251/1306
deg_analysis_31136303_0.out:    Running contrast 256/1306
deg_analysis_31136303_0.out:    Running contrast 261/1306
deg_analysis_31136303_0.out:    Running contrast 266/1306
deg_analysis_31136303_0.out:    Running contrast 271/1306
deg_analysis_31136303_0.out:    Running contrast 276/1306
deg_analysis_31136303_0.out:    Running contrast 281/1306
deg_analysis_31136303_0.out:    Running contrast 286/1306
deg_analysis_31136303_0.out:    Running contrast 291/1306
deg_analysis_31136303_0.out:    Running contrast 296/1306
deg_analysis_31136303_0.out:    Running contrast 301/1306
deg_analysis_31136303_0.out:    Running contrast 306/1306
deg_analysis_31136303_0.out:    Running contrast 311/1306
deg_analysis_31136303_0.out:    Running contrast 316/1306
deg_analysis_31136303_0.out:    Running contrast 321/1306
deg_analysis_31136303_0.out:    Running contrast 326/1306
deg_analysis_31136303_0.out:    Running contrast 331/1306
deg_analysis_31136303_0.out:    Running contrast 336/1306
deg_analysis_31136303_0.out:    Running contrast 341/1306
deg_analysis_31136303_0.out:    Running contrast 346/1306
deg_analysis_31136303_0.out:    Running contrast 351/1306
deg_analysis_31136303_0.out:    Running contrast 356/1306
deg_analysis_31136303_0.out:    Running contrast 361/1306
deg_analysis_31136303_0.out:    Running contrast 366/1306
deg_analysis_31136303_0.out:    Running contrast 371/1306
deg_analysis_31136303_0.out:    Running contrast 376/1306
deg_analysis_31136303_0.out:    Running contrast 381/1306
deg_analysis_31136303_0.out:    Running contrast 386/1306
deg_analysis_31136303_0.out:    Running contrast 391/1306
deg_analysis_31136303_0.out:    Running contrast 396/1306
deg_analysis_31136303_0.out:    Running contrast 401/1306
deg_analysis_31136303_0.out:    Running contrast 406/1306
deg_analysis_31136303_0.out:    Running contrast 411/1306
deg_analysis_31136303_0.out:    Running contrast 416/1306
deg_analysis_31136303_0.out:    Running contrast 421/1306
deg_analysis_31136303_0.out:    Running contrast 426/1306
deg_analysis_31136303_0.out:    Running contrast 431/1306
deg_analysis_31136303_0.out:    Running contrast 436/1306
deg_analysis_31136303_0.out:    Running contrast 441/1306
deg_analysis_31136303_0.out:    Running contrast 446/1306
deg_analysis_31136303_0.out:    Running contrast 451/1306
deg_analysis_31136303_0.out:    Running contrast 456/1306
deg_analysis_31136303_0.out:    Running contrast 461/1306
deg_analysis_31136303_0.out:    Running contrast 466/1306
deg_analysis_31136303_0.out:    Running contrast 471/1306
deg_analysis_31136303_0.out:    Running contrast 476/1306
deg_analysis_31136303_0.out:    Running contrast 481/1306
deg_analysis_31136303_0.out:    Running contrast 486/1306
deg_analysis_31136303_0.out:    Running contrast 491/1306
deg_analysis_31136303_0.out:    Running contrast 496/1306
deg_analysis_31136303_0.out:    Running contrast 501/1306
deg_analysis_31136303_0.out:    Running contrast 506/1306
deg_analysis_31136303_0.out:    Running contrast 511/1306
deg_analysis_31136303_0.out:    Running contrast 516/1306
deg_analysis_31136303_0.out:    Running contrast 521/1306
deg_analysis_31136303_0.out:    Running contrast 526/1306
deg_analysis_31136303_0.out:    Running contrast 531/1306
deg_analysis_31136303_0.out:    Running contrast 536/1306
deg_analysis_31136303_0.out:    Running contrast 541/1306
deg_analysis_31136303_0.out:    Running contrast 546/1306
deg_analysis_31136303_0.out:    Running contrast 551/1306
deg_analysis_31136303_0.out:    Running contrast 556/1306
deg_analysis_31136303_0.out:    Running contrast 561/1306
deg_analysis_31136303_0.out:    Running contrast 566/1306
deg_analysis_31136303_0.out:    Running contrast 571/1306
deg_analysis_31136303_0.out:    Running contrast 576/1306
deg_analysis_31136303_0.out:    Running contrast 581/1306
deg_analysis_31136303_0.out:    Running contrast 586/1306
deg_analysis_31136303_0.out:    Running contrast 591/1306
deg_analysis_31136303_0.out:    Running contrast 596/1306
deg_analysis_31136303_0.out:    Running contrast 601/1306
deg_analysis_31136303_0.out:    Running contrast 606/1306
deg_analysis_31136303_0.out:    Running contrast 611/1306
deg_analysis_31136303_0.out:    Running contrast 616/1306
deg_analysis_31136303_0.out:    Running contrast 621/1306
deg_analysis_31136303_0.out:    Running contrast 626/1306
deg_analysis_31136303_0.out:    Running contrast 631/1306
deg_analysis_31136303_0.out:    Running contrast 636/1306
deg_analysis_31136303_0.out:    Running contrast 641/1306
deg_analysis_31136303_0.out:    Running contrast 646/1306
deg_analysis_31136303_0.out:    Running contrast 651/1306
deg_analysis_31136303_0.out:    Running contrast 656/1306
deg_analysis_31136303_0.out:    Running contrast 661/1306
deg_analysis_31136303_0.out:    Running contrast 666/1306
deg_analysis_31136303_0.out:    Running contrast 671/1306
deg_analysis_31136303_0.out:    Running contrast 676/1306
deg_analysis_31136303_0.out:    Running contrast 681/1306
deg_analysis_31136303_0.out:    Running contrast 686/1306
deg_analysis_31136303_0.out:    Running contrast 691/1306
deg_analysis_31136303_0.out:    Running contrast 696/1306
deg_analysis_31136303_0.out:    Running contrast 701/1306
deg_analysis_31136303_0.out:    Running contrast 706/1306
deg_analysis_31136303_0.out:    Running contrast 711/1306
deg_analysis_31136303_0.out:    Running contrast 716/1306
deg_analysis_31136303_0.out:    Running contrast 721/1306
deg_analysis_31136303_0.out:    Running contrast 726/1306
deg_analysis_31136303_0.out:    Running contrast 731/1306
deg_analysis_31136303_0.out:    Running contrast 736/1306
deg_analysis_31136303_0.out:    Running contrast 741/1306
deg_analysis_31136303_0.out:    Running contrast 746/1306
deg_analysis_31136303_0.out:    Running contrast 751/1306
deg_analysis_31136303_0.out:    Running contrast 756/1306
deg_analysis_31136303_0.out:    Running contrast 761/1306
deg_analysis_31136303_0.out:    Running contrast 766/1306
deg_analysis_31136303_0.out:    Running contrast 771/1306
deg_analysis_31136303_0.out:    Running contrast 776/1306
deg_analysis_31136303_0.out:    Running contrast 781/1306
deg_analysis_31136303_0.out:    Running contrast 786/1306
deg_analysis_31136303_0.out:    Running contrast 791/1306
deg_analysis_31136303_0.out:    Running contrast 796/1306
deg_analysis_31136303_0.out:    Running contrast 801/1306
deg_analysis_31136303_0.out:    Running contrast 806/1306
deg_analysis_31136303_0.out:    Running contrast 811/1306
deg_analysis_31136303_0.out:    Running contrast 816/1306
deg_analysis_31136303_0.out:    Running contrast 821/1306
deg_analysis_31136303_0.out:    Running contrast 826/1306
deg_analysis_31136303_0.out:    Running contrast 831/1306
deg_analysis_31136303_0.out:    Running contrast 836/1306
deg_analysis_31136303_0.out:    Running contrast 841/1306
deg_analysis_31136303_0.out:    Running contrast 846/1306
deg_analysis_31136303_0.out:    Running contrast 851/1306
deg_analysis_31136303_0.out:    Running contrast 856/1306
deg_analysis_31136303_0.out:    Running contrast 861/1306
deg_analysis_31136303_0.out:    Running contrast 866/1306
deg_analysis_31136303_0.out:    Running contrast 871/1306
deg_analysis_31136303_0.out:    Running contrast 876/1306
deg_analysis_31136303_0.out:    Running contrast 881/1306
deg_analysis_31136303_0.out:    Running contrast 886/1306
deg_analysis_31136303_0.out:    Running contrast 891/1306
deg_analysis_31136303_0.out:    Running contrast 896/1306
deg_analysis_31136303_0.out:    Running contrast 901/1306
deg_analysis_31136303_0.out:    Running contrast 906/1306
deg_analysis_31136303_0.out:    Running contrast 911/1306
deg_analysis_31136303_0.out:    Running contrast 916/1306
deg_analysis_31136303_0.out:    Running contrast 921/1306
deg_analysis_31136303_0.out:    Running contrast 926/1306
deg_analysis_31136303_0.out:    Running contrast 931/1306
deg_analysis_31136303_0.out:    Running contrast 936/1306
deg_analysis_31136303_0.out:    Running contrast 941/1306
deg_analysis_31136303_0.out:    Running contrast 946/1306
deg_analysis_31136303_0.out:    Running contrast 951/1306
deg_analysis_31136303_0.out:    Running contrast 956/1306
deg_analysis_31136303_0.out:    Running contrast 961/1306
deg_analysis_31136303_0.out:    Running contrast 966/1306
deg_analysis_31136303_0.out:    Running contrast 971/1306
deg_analysis_31136303_0.out:    Running contrast 976/1306
deg_analysis_31136303_0.out:    Running contrast 981/1306
deg_analysis_31136303_0.out:    Running contrast 986/1306
deg_analysis_31136303_0.out:    Running contrast 991/1306
deg_analysis_31136303_0.out:    Running contrast 996/1306
deg_analysis_31136303_0.out:    Running contrast 1001/1306
deg_analysis_31136303_0.out:    Running contrast 1006/1306
deg_analysis_31136303_0.out:    Running contrast 1011/1306
deg_analysis_31136303_0.out:    Running contrast 1016/1306
deg_analysis_31136303_0.out:    Running contrast 1021/1306
deg_analysis_31136303_0.out:    Running contrast 1026/1306
deg_analysis_31136303_0.out:    Running contrast 1031/1306
deg_analysis_31136303_0.out:    Running contrast 1036/1306
deg_analysis_31136303_0.out:    Running contrast 1041/1306
deg_analysis_31136303_0.out:    Running contrast 1046/1306
deg_analysis_31136303_0.out:    Running contrast 1051/1306
deg_analysis_31136303_0.out:    Running contrast 1056/1306
deg_analysis_31136303_0.out:    Running contrast 1061/1306
deg_analysis_31136303_0.out:    Running contrast 1066/1306
deg_analysis_31136303_0.out:    Running contrast 1071/1306
deg_analysis_31136303_0.out:    Running contrast 1076/1306
deg_analysis_31136303_0.out:    Running contrast 1081/1306
deg_analysis_31136303_0.out:    Running contrast 1086/1306
deg_analysis_31136303_0.out:    Running contrast 1091/1306
deg_analysis_31136303_0.out:    Running contrast 1096/1306
deg_analysis_31136303_0.out:    Running contrast 1101/1306
deg_analysis_31136303_0.out:    Running contrast 1106/1306
deg_analysis_31136303_0.out:    Running contrast 1111/1306
deg_analysis_31136303_0.out:    Running contrast 1116/1306
deg_analysis_31136303_0.out:    Running contrast 1121/1306
deg_analysis_31136303_0.out:    Running contrast 1126/1306
deg_analysis_31136303_0.out:    Running contrast 1131/1306
deg_analysis_31136303_0.out:    Running contrast 1136/1306
deg_analysis_31136303_0.out:    Running contrast 1141/1306
deg_analysis_31136303_0.out:    Running contrast 1146/1306
deg_analysis_31136303_0.out:    Running contrast 1151/1306
deg_analysis_31136303_0.out:    Running contrast 1156/1306
deg_analysis_31136303_0.out:    Running contrast 1161/1306
deg_analysis_31136303_0.out:    Running contrast 1166/1306
deg_analysis_31136303_0.out:    Running contrast 1171/1306
deg_analysis_31136303_0.out:    Running contrast 1176/1306
deg_analysis_31136303_0.out:    Running contrast 1181/1306
deg_analysis_31136303_0.out:    Running contrast 1186/1306
deg_analysis_31136303_0.out:    Running contrast 1191/1306
deg_analysis_31136303_0.out:    Running contrast 1196/1306
deg_analysis_31136303_0.out:    Running contrast 1201/1306
deg_analysis_31136303_0.out:    Running contrast 1206/1306
deg_analysis_31136303_0.out:    Running contrast 1211/1306
deg_analysis_31136303_0.out:    Running contrast 1216/1306
deg_analysis_31136303_0.out:    Running contrast 1221/1306
deg_analysis_31136303_0.out:    Running contrast 1226/1306
deg_analysis_31136303_0.out:    Running contrast 1231/1306
deg_analysis_31136303_0.out:    Running contrast 1236/1306
deg_analysis_31136303_0.out:    Running contrast 1241/1306
deg_analysis_31136303_0.out:    Running contrast 1246/1306
deg_analysis_31136303_0.out:    Running contrast 1251/1306
deg_analysis_31136303_0.out:    Running contrast 1256/1306
deg_analysis_31136303_0.out:    Running contrast 1261/1306
deg_analysis_31136303_0.out:    Running contrast 1266/1306
deg_analysis_31136303_0.out:    Running contrast 1271/1306
deg_analysis_31136303_0.out:    Running contrast 1276/1306
deg_analysis_31136303_0.out:    Running contrast 1281/1306
deg_analysis_31136303_0.out:    Running contrast 1286/1306
deg_analysis_31136303_0.out:    Running contrast 1291/1306
deg_analysis_31136303_0.out:    Running contrast 1296/1306
deg_analysis_31136303_0.out:    Running contrast 1301/1306
deg_analysis_31136303_0.out:    Running contrast 1306/1306
deg_analysis_31136303_0.out:
deg_analysis_31136303_0.out:    Writing:  ./data/tahoe/deg_data/sep_rep/full/qc_false/filter_min_cells_10/CVCL_0023_de.h5ad 
deg_analysis_31136303_0.out:
deg_analysis_31136303_0.out:    Rewriting h5ad file: ./data/tahoe/deg_data/sep_rep/full/qc_false/filter_min_cells_10/CVCL_0023_de.h5ad 
deg_analysis_31136303_0.out:    Removed X matrix
deg_analysis_31136303_0.out:    Rewriting h5ad file is done!
deg_analysis_31136303_0.out:✓ Cell line completed in 9382.7 seconds
deg_analysis_31136303_0.out:
deg_analysis_31136303_0.out:DE analysis completed!
deg_analysis_31136303_0.out:
deg_analysis_31136303_0.out:Total runtime: 9410.0 seconds
deg_analysis_31136303_1.out:
deg_analysis_31136303_1.out:DE analysis started...
deg_analysis_31136303_1.out:Loaded input file:  ./data/tahoe/pseudobulk_processed/sep_rep/by_celltype/CVCL_0028_processed.h5ad 
deg_analysis_31136303_1.out:Initial dimensions:  1339  samples ×  62710  genes
deg_analysis_31136303_1.out:Filter samples with the low number of cells
deg_analysis_31136303_1.out:    Filter threshold (min_cells):  10 
deg_analysis_31136303_1.out:    n_obs:  1339 -->  1331 
deg_analysis_31136303_1.out:
deg_analysis_31136303_1.out:▶︎ Processing cell_type  1 / 1 :  CVCL_0028 
deg_analysis_31136303_1.out:    Filter controls by  pert_time_h  column
deg_analysis_31136303_1.out:        n_obs:  1331 -->  1331 
deg_analysis_31136303_1.out:
deg_analysis_31136303_1.out:    Running contrast 1/1303
deg_analysis_31136303_1.out:    Running contrast 6/1303
deg_analysis_31136303_1.out:    Running contrast 11/1303
deg_analysis_31136303_1.out:    Running contrast 16/1303
deg_analysis_31136303_1.out:    Running contrast 21/1303
deg_analysis_31136303_1.out:    Running contrast 26/1303
deg_analysis_31136303_1.out:    Running contrast 31/1303
deg_analysis_31136303_1.out:    Running contrast 36/1303
deg_analysis_31136303_1.out:    Running contrast 41/1303
deg_analysis_31136303_1.out:    Running contrast 46/1303
deg_analysis_31136303_1.out:    Running contrast 51/1303
deg_analysis_31136303_1.out:    Running contrast 56/1303
deg_analysis_31136303_1.out:    Running contrast 61/1303
deg_analysis_31136303_1.out:    Running contrast 66/1303
deg_analysis_31136303_1.out:    Running contrast 71/1303
deg_analysis_31136303_1.out:    Running contrast 76/1303
deg_analysis_31136303_1.out:    Running contrast 81/1303
deg_analysis_31136303_1.out:    Running contrast 86/1303
deg_analysis_31136303_1.out:    Running contrast 91/1303
deg_analysis_31136303_1.out:    Running contrast 96/1303
deg_analysis_31136303_1.out:    Running contrast 101/1303
deg_analysis_31136303_1.out:    Running contrast 106/1303
deg_analysis_31136303_1.out:    Running contrast 111/1303
deg_analysis_31136303_1.out:    Running contrast 116/1303
deg_analysis_31136303_1.out:    Running contrast 121/1303
deg_analysis_31136303_1.out:    Running contrast 126/1303
deg_analysis_31136303_1.out:    Running contrast 131/1303
deg_analysis_31136303_1.out:    Running contrast 136/1303
deg_analysis_31136303_1.out:    Running contrast 141/1303
deg_analysis_31136303_1.out:    Running contrast 146/1303
deg_analysis_31136303_1.out:    Running contrast 151/1303
deg_analysis_31136303_1.out:    Running contrast 156/1303
deg_analysis_31136303_1.out:    Running contrast 161/1303
deg_analysis_31136303_1.out:    Running contrast 166/1303
deg_analysis_31136303_1.out:    Running contrast 171/1303
deg_analysis_31136303_1.out:    Running contrast 176/1303
deg_analysis_31136303_1.out:    Running contrast 181/1303
deg_analysis_31136303_1.out:    Running contrast 186/1303
deg_analysis_31136303_1.out:    Running contrast 191/1303
deg_analysis_31136303_1.out:    Running contrast 196/1303
deg_analysis_31136303_1.out:    Running contrast 201/1303
deg_analysis_31136303_1.out:    Running contrast 206/1303
deg_analysis_31136303_1.out:    Running contrast 211/1303
deg_analysis_31136303_1.out:    Running contrast 216/1303
deg_analysis_31136303_1.out:    Running contrast 221/1303
deg_analysis_31136303_1.out:    Running contrast 226/1303
deg_analysis_31136303_1.out:    Running contrast 231/1303
deg_analysis_31136303_1.out:    Running contrast 236/1303
deg_analysis_31136303_1.out:    Running contrast 241/1303
deg_analysis_31136303_1.out:    Running contrast 246/1303
deg_analysis_31136303_1.out:    Running contrast 251/1303
deg_analysis_31136303_1.out:    Running contrast 256/1303
deg_analysis_31136303_1.out:    Running contrast 261/1303
deg_analysis_31136303_1.out:    Running contrast 266/1303
deg_analysis_31136303_1.out:    Running contrast 271/1303
deg_analysis_31136303_1.out:    Running contrast 276/1303
deg_analysis_31136303_1.out:    Running contrast 281/1303
deg_analysis_31136303_1.out:    Running contrast 286/1303
deg_analysis_31136303_1.out:    Running contrast 291/1303
deg_analysis_31136303_1.out:    Running contrast 296/1303
deg_analysis_31136303_1.out:    Running contrast 301/1303
deg_analysis_31136303_1.out:    Running contrast 306/1303
deg_analysis_31136303_1.out:    Running contrast 311/1303
deg_analysis_31136303_1.out:    Running contrast 316/1303
deg_analysis_31136303_1.out:    Running contrast 321/1303
deg_analysis_31136303_1.out:    Running contrast 326/1303
deg_analysis_31136303_1.out:    Running contrast 331/1303
deg_analysis_31136303_1.out:    Running contrast 336/1303
deg_analysis_31136303_1.out:    Running contrast 341/1303
deg_analysis_31136303_1.out:    Running contrast 346/1303
deg_analysis_31136303_1.out:    Running contrast 351/1303
deg_analysis_31136303_1.out:    Running contrast 356/1303
deg_analysis_31136303_1.out:    Running contrast 361/1303
deg_analysis_31136303_1.out:    Running contrast 366/1303
deg_analysis_31136303_1.out:    Running contrast 371/1303
deg_analysis_31136303_1.out:    Running contrast 376/1303
deg_analysis_31136303_1.out:    Running contrast 381/1303
deg_analysis_31136303_1.out:    Running contrast 386/1303
deg_analysis_31136303_1.out:    Running contrast 391/1303
deg_analysis_31136303_1.out:    Running contrast 396/1303
deg_analysis_31136303_1.out:    Running contrast 401/1303
deg_analysis_31136303_1.out:    Running contrast 406/1303
deg_analysis_31136303_1.out:    Running contrast 411/1303
deg_analysis_31136303_1.out:    Running contrast 416/1303
deg_analysis_31136303_1.out:    Running contrast 421/1303
deg_analysis_31136303_1.out:    Running contrast 426/1303
deg_analysis_31136303_1.out:    Running contrast 431/1303
deg_analysis_31136303_1.out:    Running contrast 436/1303
deg_analysis_31136303_1.out:    Running contrast 441/1303
deg_analysis_31136303_1.out:    Running contrast 446/1303
deg_analysis_31136303_1.out:    Running contrast 451/1303
deg_analysis_31136303_1.out:    Running contrast 456/1303
deg_analysis_31136303_1.out:    Running contrast 461/1303
deg_analysis_31136303_1.out:    Running contrast 466/1303
deg_analysis_31136303_1.out:    Running contrast 471/1303
deg_analysis_31136303_1.out:    Running contrast 476/1303
deg_analysis_31136303_1.out:    Running contrast 481/1303
deg_analysis_31136303_1.out:    Running contrast 486/1303
deg_analysis_31136303_1.out:    Running contrast 491/1303
deg_analysis_31136303_1.out:    Running contrast 496/1303
deg_analysis_31136303_1.out:    Running contrast 501/1303
deg_analysis_31136303_1.out:    Running contrast 506/1303
deg_analysis_31136303_1.out:    Running contrast 511/1303
deg_analysis_31136303_1.out:    Running contrast 516/1303
deg_analysis_31136303_1.out:    Running contrast 521/1303
deg_analysis_31136303_1.out:    Running contrast 526/1303
deg_analysis_31136303_1.out:    Running contrast 531/1303
deg_analysis_31136303_1.out:    Running contrast 536/1303
deg_analysis_31136303_1.out:    Running contrast 541/1303
deg_analysis_31136303_1.out:    Running contrast 546/1303
deg_analysis_31136303_1.out:    Running contrast 551/1303
deg_analysis_31136303_1.out:    Running contrast 556/1303
deg_analysis_31136303_1.out:    Running contrast 561/1303
deg_analysis_31136303_1.out:    Running contrast 566/1303
deg_analysis_31136303_1.out:    Running contrast 571/1303
deg_analysis_31136303_1.out:    Running contrast 576/1303
deg_analysis_31136303_1.out:    Running contrast 581/1303
deg_analysis_31136303_1.out:    Running contrast 586/1303
deg_analysis_31136303_1.out:    Running contrast 591/1303
deg_analysis_31136303_1.out:    Running contrast 596/1303
deg_analysis_31136303_1.out:    Running contrast 601/1303
deg_analysis_31136303_1.out:    Running contrast 606/1303
deg_analysis_31136303_1.out:    Running contrast 611/1303
deg_analysis_31136303_1.out:    Running contrast 616/1303
deg_analysis_31136303_1.out:    Running contrast 621/1303
deg_analysis_31136303_1.out:    Running contrast 626/1303
deg_analysis_31136303_1.out:    Running contrast 631/1303
deg_analysis_31136303_1.out:    Running contrast 636/1303
deg_analysis_31136303_1.out:    Running contrast 641/1303
deg_analysis_31136303_1.out:    Running contrast 646/1303
deg_analysis_31136303_1.out:    Running contrast 651/1303
deg_analysis_31136303_1.out:    Running contrast 656/1303
deg_analysis_31136303_1.out:    Running contrast 661/1303
deg_analysis_31136303_1.out:    Running contrast 666/1303
deg_analysis_31136303_1.out:    Running contrast 671/1303
deg_analysis_31136303_1.out:    Running contrast 676/1303
deg_analysis_31136303_1.out:    Running contrast 681/1303
deg_analysis_31136303_1.out:    Running contrast 686/1303
deg_analysis_31136303_1.out:    Running contrast 691/1303
deg_analysis_31136303_1.out:    Running contrast 696/1303
deg_analysis_31136303_1.out:    Running contrast 701/1303
deg_analysis_31136303_1.out:    Running contrast 706/1303
deg_analysis_31136303_1.out:    Running contrast 711/1303
deg_analysis_31136303_1.out:    Running contrast 716/1303
deg_analysis_31136303_1.out:    Running contrast 721/1303
deg_analysis_31136303_1.out:    Running contrast 726/1303
deg_analysis_31136303_1.out:    Running contrast 731/1303
deg_analysis_31136303_1.out:    Running contrast 736/1303
deg_analysis_31136303_1.out:    Running contrast 741/1303
deg_analysis_31136303_1.out:    Running contrast 746/1303
deg_analysis_31136303_1.out:    Running contrast 751/1303
deg_analysis_31136303_1.out:    Running contrast 756/1303
deg_analysis_31136303_1.out:    Running contrast 761/1303
deg_analysis_31136303_1.out:    Running contrast 766/1303
deg_analysis_31136303_1.out:    Running contrast 771/1303
deg_analysis_31136303_1.out:    Running contrast 776/1303
deg_analysis_31136303_1.out:    Running contrast 781/1303
deg_analysis_31136303_1.out:    Running contrast 786/1303
deg_analysis_31136303_1.out:    Running contrast 791/1303
deg_analysis_31136303_1.out:    Running contrast 796/1303
deg_analysis_31136303_1.out:    Running contrast 801/1303
deg_analysis_31136303_1.out:    Running contrast 806/1303
deg_analysis_31136303_1.out:    Running contrast 811/1303
deg_analysis_31136303_1.out:    Running contrast 816/1303
deg_analysis_31136303_1.out:    Running contrast 821/1303
deg_analysis_31136303_1.out:    Running contrast 826/1303
deg_analysis_31136303_1.out:    Running contrast 831/1303
deg_analysis_31136303_1.out:    Running contrast 836/1303
deg_analysis_31136303_1.out:    Running contrast 841/1303
deg_analysis_31136303_1.out:    Running contrast 846/1303
deg_analysis_31136303_1.out:    Running contrast 851/1303
deg_analysis_31136303_1.out:    Running contrast 856/1303
deg_analysis_31136303_1.out:    Running contrast 861/1303
deg_analysis_31136303_1.out:    Running contrast 866/1303
deg_analysis_31136303_1.out:    Running contrast 871/1303
deg_analysis_31136303_1.out:    Running contrast 876/1303
deg_analysis_31136303_1.out:    Running contrast 881/1303
deg_analysis_31136303_1.out:    Running contrast 886/1303
deg_analysis_31136303_1.out:    Running contrast 891/1303
deg_analysis_31136303_1.out:    Running contrast 896/1303
deg_analysis_31136303_1.out:    Running contrast 901/1303
deg_analysis_31136303_1.out:    Running contrast 906/1303
deg_analysis_31136303_1.out:    Running contrast 911/1303
deg_analysis_31136303_1.out:    Running contrast 916/1303
deg_analysis_31136303_1.out:    Running contrast 921/1303
deg_analysis_31136303_1.out:    Running contrast 926/1303
deg_analysis_31136303_1.out:    Running contrast 931/1303
deg_analysis_31136303_1.out:    Running contrast 936/1303
deg_analysis_31136303_1.out:    Running contrast 941/1303
deg_analysis_31136303_1.out:    Running contrast 946/1303
deg_analysis_31136303_1.out:    Running contrast 951/1303
deg_analysis_31136303_1.out:    Running contrast 956/1303
deg_analysis_31136303_1.out:    Running contrast 961/1303
deg_analysis_31136303_1.out:    Running contrast 966/1303
deg_analysis_31136303_1.out:    Running contrast 971/1303
deg_analysis_31136303_1.out:    Running contrast 976/1303
deg_analysis_31136303_1.out:    Running contrast 981/1303
deg_analysis_31136303_1.out:    Running contrast 986/1303
deg_analysis_31136303_1.out:    Running contrast 991/1303
deg_analysis_31136303_1.out:    Running contrast 996/1303
deg_analysis_31136303_1.out:    Running contrast 1001/1303
deg_analysis_31136303_1.out:    Running contrast 1006/1303
deg_analysis_31136303_1.out:    Running contrast 1011/1303
deg_analysis_31136303_1.out:    Running contrast 1016/1303
deg_analysis_31136303_1.out:    Running contrast 1021/1303
deg_analysis_31136303_1.out:    Running contrast 1026/1303
deg_analysis_31136303_1.out:    Running contrast 1031/1303
deg_analysis_31136303_1.out:    Running contrast 1036/1303
deg_analysis_31136303_1.out:    Running contrast 1041/1303
deg_analysis_31136303_1.out:    Running contrast 1046/1303
deg_analysis_31136303_1.out:    Running contrast 1051/1303
deg_analysis_31136303_1.out:    Running contrast 1056/1303
deg_analysis_31136303_1.out:    Running contrast 1061/1303
deg_analysis_31136303_1.out:    Running contrast 1066/1303
deg_analysis_31136303_1.out:    Running contrast 1071/1303
deg_analysis_31136303_1.out:    Running contrast 1076/1303
deg_analysis_31136303_1.out:    Running contrast 1081/1303
deg_analysis_31136303_1.out:    Running contrast 1086/1303
deg_analysis_31136303_1.out:    Running contrast 1091/1303
deg_analysis_31136303_1.out:    Running contrast 1096/1303
deg_analysis_31136303_1.out:    Running contrast 1101/1303
deg_analysis_31136303_1.out:    Running contrast 1106/1303
deg_analysis_31136303_1.out:    Running contrast 1111/1303
deg_analysis_31136303_1.out:    Running contrast 1116/1303
deg_analysis_31136303_1.out:    Running contrast 1121/1303
deg_analysis_31136303_1.out:    Running contrast 1126/1303
deg_analysis_31136303_1.out:    Running contrast 1131/1303
deg_analysis_31136303_1.out:    Running contrast 1136/1303
deg_analysis_31136303_1.out:    Running contrast 1141/1303
deg_analysis_31136303_1.out:    Running contrast 1146/1303
deg_analysis_31136303_1.out:    Running contrast 1151/1303
deg_analysis_31136303_1.out:    Running contrast 1156/1303
deg_analysis_31136303_1.out:    Running contrast 1161/1303
deg_analysis_31136303_1.out:    Running contrast 1166/1303
deg_analysis_31136303_1.out:    Running contrast 1171/1303
deg_analysis_31136303_1.out:    Running contrast 1176/1303
deg_analysis_31136303_1.out:    Running contrast 1181/1303
deg_analysis_31136303_1.out:    Running contrast 1186/1303
deg_analysis_31136303_1.out:    Running contrast 1191/1303
deg_analysis_31136303_1.out:    Running contrast 1196/1303
deg_analysis_31136303_1.out:    Running contrast 1201/1303
deg_analysis_31136303_1.out:    Running contrast 1206/1303
deg_analysis_31136303_1.out:    Running contrast 1211/1303
deg_analysis_31136303_1.out:    Running contrast 1216/1303
deg_analysis_31136303_1.out:    Running contrast 1221/1303
deg_analysis_31136303_1.out:    Running contrast 1226/1303
deg_analysis_31136303_1.out:    Running contrast 1231/1303
deg_analysis_31136303_1.out:    Running contrast 1236/1303
deg_analysis_31136303_1.out:    Running contrast 1241/1303
deg_analysis_31136303_1.out:    Running contrast 1246/1303
deg_analysis_31136303_1.out:    Running contrast 1251/1303
deg_analysis_31136303_1.out:    Running contrast 1256/1303
deg_analysis_31136303_1.out:    Running contrast 1261/1303
deg_analysis_31136303_1.out:    Running contrast 1266/1303
deg_analysis_31136303_1.out:    Running contrast 1271/1303
deg_analysis_31136303_1.out:    Running contrast 1276/1303
deg_analysis_31136303_1.out:    Running contrast 1281/1303
deg_analysis_31136303_1.out:    Running contrast 1286/1303
deg_analysis_31136303_1.out:    Running contrast 1291/1303
deg_analysis_31136303_1.out:    Running contrast 1296/1303
deg_analysis_31136303_1.out:    Running contrast 1301/1303
deg_analysis_31136303_1.out:    Running contrast 1303/1303
deg_analysis_31136303_1.out:
deg_analysis_31136303_1.out:    Writing:  ./data/tahoe/deg_data/sep_rep/full/qc_false/filter_min_cells_10/CVCL_0028_de.h5ad 
deg_analysis_31136303_1.out:
deg_analysis_31136303_1.out:    Rewriting h5ad file: ./data/tahoe/deg_data/sep_rep/full/qc_false/filter_min_cells_10/CVCL_0028_de.h5ad 
deg_analysis_31136303_1.out:    Removed X matrix
deg_analysis_31136303_1.out:    Rewriting h5ad file is done!
deg_analysis_31136303_1.out:✓ Cell line completed in 7419.3 seconds
deg_analysis_31136303_1.out:
deg_analysis_31136303_1.out:DE analysis completed!
deg_analysis_31136303_1.out:
deg_analysis_31136303_1.out:Total runtime: 7431.2 seconds
deg_analysis_31136303_1.err:Warning message:
deg_analysis_31136303_1.err:Partial NA coefficients for 1 probe(s) 
deg_analysis_31136303_2.out:
deg_analysis_31136303_2.out:DE analysis started...
deg_analysis_31136303_2.out:Loaded input file:  ./data/tahoe/pseudobulk_processed/sep_rep/by_celltype/CVCL_0069_processed.h5ad 
deg_analysis_31136303_2.out:Initial dimensions:  1339  samples ×  62710  genes
deg_analysis_31136303_2.out:Filter samples with the low number of cells
deg_analysis_31136303_2.out:    Filter threshold (min_cells):  10 
deg_analysis_31136303_2.out:    n_obs:  1339 -->  1333 
deg_analysis_31136303_2.out:
deg_analysis_31136303_2.out:▶︎ Processing cell_type  1 / 1 :  CVCL_0069 
deg_analysis_31136303_2.out:    Filter controls by  pert_time_h  column
deg_analysis_31136303_2.out:        n_obs:  1333 -->  1333 
deg_analysis_31136303_2.out:
deg_analysis_31136303_2.out:    Running contrast 1/1305
deg_analysis_31136303_2.out:    Running contrast 6/1305
deg_analysis_31136303_2.out:    Running contrast 11/1305
deg_analysis_31136303_2.out:    Running contrast 16/1305
deg_analysis_31136303_2.out:    Running contrast 21/1305
deg_analysis_31136303_2.out:    Running contrast 26/1305
deg_analysis_31136303_2.out:    Running contrast 31/1305
deg_analysis_31136303_2.out:    Running contrast 36/1305
deg_analysis_31136303_2.out:    Running contrast 41/1305
deg_analysis_31136303_2.out:    Running contrast 46/1305
deg_analysis_31136303_2.out:    Running contrast 51/1305
deg_analysis_31136303_2.out:    Running contrast 56/1305
deg_analysis_31136303_2.out:    Running contrast 61/1305
deg_analysis_31136303_2.out:    Running contrast 66/1305
deg_analysis_31136303_2.out:    Running contrast 71/1305
deg_analysis_31136303_2.out:    Running contrast 76/1305
deg_analysis_31136303_2.out:    Running contrast 81/1305
deg_analysis_31136303_2.out:    Running contrast 86/1305
deg_analysis_31136303_2.out:    Running contrast 91/1305
deg_analysis_31136303_2.out:    Running contrast 96/1305
deg_analysis_31136303_2.out:    Running contrast 101/1305
deg_analysis_31136303_2.out:    Running contrast 106/1305
deg_analysis_31136303_2.out:    Running contrast 111/1305
deg_analysis_31136303_2.out:    Running contrast 116/1305
deg_analysis_31136303_2.out:    Running contrast 121/1305
deg_analysis_31136303_2.out:    Running contrast 126/1305
deg_analysis_31136303_2.out:    Running contrast 131/1305
deg_analysis_31136303_2.out:    Running contrast 136/1305
deg_analysis_31136303_2.out:    Running contrast 141/1305
deg_analysis_31136303_2.out:    Running contrast 146/1305
deg_analysis_31136303_2.out:    Running contrast 151/1305
deg_analysis_31136303_2.out:    Running contrast 156/1305
deg_analysis_31136303_2.out:    Running contrast 161/1305
deg_analysis_31136303_2.out:    Running contrast 166/1305
deg_analysis_31136303_2.out:    Running contrast 171/1305
deg_analysis_31136303_2.out:    Running contrast 176/1305
deg_analysis_31136303_2.out:    Running contrast 181/1305
deg_analysis_31136303_2.out:    Running contrast 186/1305
deg_analysis_31136303_2.out:    Running contrast 191/1305
deg_analysis_31136303_2.out:    Running contrast 196/1305
deg_analysis_31136303_2.out:    Running contrast 201/1305
deg_analysis_31136303_2.out:    Running contrast 206/1305
deg_analysis_31136303_2.out:    Running contrast 211/1305
deg_analysis_31136303_2.out:    Running contrast 216/1305
deg_analysis_31136303_2.out:    Running contrast 221/1305
deg_analysis_31136303_2.out:    Running contrast 226/1305
deg_analysis_31136303_2.out:    Running contrast 231/1305
deg_analysis_31136303_2.out:    Running contrast 236/1305
deg_analysis_31136303_2.out:    Running contrast 241/1305
deg_analysis_31136303_2.out:    Running contrast 246/1305
deg_analysis_31136303_2.out:    Running contrast 251/1305
deg_analysis_31136303_2.out:    Running contrast 256/1305
deg_analysis_31136303_2.out:    Running contrast 261/1305
deg_analysis_31136303_2.out:    Running contrast 266/1305
deg_analysis_31136303_2.out:    Running contrast 271/1305
deg_analysis_31136303_2.out:    Running contrast 276/1305
deg_analysis_31136303_2.out:    Running contrast 281/1305
deg_analysis_31136303_2.out:    Running contrast 286/1305
deg_analysis_31136303_2.out:    Running contrast 291/1305
deg_analysis_31136303_2.out:    Running contrast 296/1305
deg_analysis_31136303_2.out:    Running contrast 301/1305
deg_analysis_31136303_2.out:    Running contrast 306/1305
deg_analysis_31136303_2.out:    Running contrast 311/1305
deg_analysis_31136303_2.out:    Running contrast 316/1305
deg_analysis_31136303_2.out:    Running contrast 321/1305
deg_analysis_31136303_2.out:    Running contrast 326/1305
deg_analysis_31136303_2.out:    Running contrast 331/1305
deg_analysis_31136303_2.out:    Running contrast 336/1305
deg_analysis_31136303_2.out:    Running contrast 341/1305
deg_analysis_31136303_2.out:    Running contrast 346/1305
deg_analysis_31136303_2.out:    Running contrast 351/1305
deg_analysis_31136303_2.out:    Running contrast 356/1305
deg_analysis_31136303_2.out:    Running contrast 361/1305
deg_analysis_31136303_2.out:    Running contrast 366/1305
deg_analysis_31136303_2.out:    Running contrast 371/1305
deg_analysis_31136303_2.out:    Running contrast 376/1305
deg_analysis_31136303_2.out:    Running contrast 381/1305
deg_analysis_31136303_2.out:    Running contrast 386/1305
deg_analysis_31136303_2.out:    Running contrast 391/1305
deg_analysis_31136303_2.out:    Running contrast 396/1305
deg_analysis_31136303_2.out:    Running contrast 401/1305
deg_analysis_31136303_2.out:    Running contrast 406/1305
deg_analysis_31136303_2.out:    Running contrast 411/1305
deg_analysis_31136303_2.out:    Running contrast 416/1305
deg_analysis_31136303_2.out:    Running contrast 421/1305
deg_analysis_31136303_2.out:    Running contrast 426/1305
deg_analysis_31136303_2.out:    Running contrast 431/1305
deg_analysis_31136303_2.out:    Running contrast 436/1305
deg_analysis_31136303_2.out:    Running contrast 441/1305
deg_analysis_31136303_2.out:    Running contrast 446/1305
deg_analysis_31136303_2.out:    Running contrast 451/1305
deg_analysis_31136303_2.out:    Running contrast 456/1305
deg_analysis_31136303_2.out:    Running contrast 461/1305
deg_analysis_31136303_2.out:    Running contrast 466/1305
deg_analysis_31136303_2.out:    Running contrast 471/1305
deg_analysis_31136303_2.out:    Running contrast 476/1305
deg_analysis_31136303_2.out:    Running contrast 481/1305
deg_analysis_31136303_2.out:    Running contrast 486/1305
deg_analysis_31136303_2.out:    Running contrast 491/1305
deg_analysis_31136303_2.out:    Running contrast 496/1305
deg_analysis_31136303_2.out:    Running contrast 501/1305
deg_analysis_31136303_2.out:    Running contrast 506/1305
deg_analysis_31136303_2.out:    Running contrast 511/1305
deg_analysis_31136303_2.out:    Running contrast 516/1305
deg_analysis_31136303_2.out:    Running contrast 521/1305
deg_analysis_31136303_2.out:    Running contrast 526/1305
deg_analysis_31136303_2.out:    Running contrast 531/1305
deg_analysis_31136303_2.out:    Running contrast 536/1305
deg_analysis_31136303_2.out:    Running contrast 541/1305
deg_analysis_31136303_2.out:    Running contrast 546/1305
deg_analysis_31136303_2.out:    Running contrast 551/1305
deg_analysis_31136303_2.out:    Running contrast 556/1305
deg_analysis_31136303_2.out:    Running contrast 561/1305
deg_analysis_31136303_2.out:    Running contrast 566/1305
deg_analysis_31136303_2.out:    Running contrast 571/1305
deg_analysis_31136303_2.out:    Running contrast 576/1305
deg_analysis_31136303_2.out:    Running contrast 581/1305
deg_analysis_31136303_2.out:    Running contrast 586/1305
deg_analysis_31136303_2.out:    Running contrast 591/1305
deg_analysis_31136303_2.out:    Running contrast 596/1305
deg_analysis_31136303_2.out:    Running contrast 601/1305
deg_analysis_31136303_2.out:    Running contrast 606/1305
deg_analysis_31136303_2.out:    Running contrast 611/1305
deg_analysis_31136303_2.out:    Running contrast 616/1305
deg_analysis_31136303_2.out:    Running contrast 621/1305
deg_analysis_31136303_2.out:    Running contrast 626/1305
deg_analysis_31136303_2.out:    Running contrast 631/1305
deg_analysis_31136303_2.out:    Running contrast 636/1305
deg_analysis_31136303_2.out:    Running contrast 641/1305
deg_analysis_31136303_2.out:    Running contrast 646/1305
deg_analysis_31136303_2.out:    Running contrast 651/1305
deg_analysis_31136303_2.out:    Running contrast 656/1305
deg_analysis_31136303_2.out:    Running contrast 661/1305
deg_analysis_31136303_2.out:    Running contrast 666/1305
deg_analysis_31136303_2.out:    Running contrast 671/1305
deg_analysis_31136303_2.out:    Running contrast 676/1305
deg_analysis_31136303_2.out:    Running contrast 681/1305
deg_analysis_31136303_2.out:    Running contrast 686/1305
deg_analysis_31136303_2.out:    Running contrast 691/1305
deg_analysis_31136303_2.out:    Running contrast 696/1305
deg_analysis_31136303_2.out:    Running contrast 701/1305
deg_analysis_31136303_2.out:    Running contrast 706/1305
deg_analysis_31136303_2.out:    Running contrast 711/1305
deg_analysis_31136303_2.out:    Running contrast 716/1305
deg_analysis_31136303_2.out:    Running contrast 721/1305
deg_analysis_31136303_2.out:    Running contrast 726/1305
deg_analysis_31136303_2.out:    Running contrast 731/1305
deg_analysis_31136303_2.out:    Running contrast 736/1305
deg_analysis_31136303_2.out:    Running contrast 741/1305
deg_analysis_31136303_2.out:    Running contrast 746/1305
deg_analysis_31136303_2.out:    Running contrast 751/1305
deg_analysis_31136303_2.out:    Running contrast 756/1305
deg_analysis_31136303_2.out:    Running contrast 761/1305
deg_analysis_31136303_2.out:    Running contrast 766/1305
deg_analysis_31136303_2.out:    Running contrast 771/1305
deg_analysis_31136303_2.out:    Running contrast 776/1305
deg_analysis_31136303_2.out:    Running contrast 781/1305
deg_analysis_31136303_2.out:    Running contrast 786/1305
deg_analysis_31136303_2.out:    Running contrast 791/1305
deg_analysis_31136303_2.out:    Running contrast 796/1305
deg_analysis_31136303_2.out:    Running contrast 801/1305
deg_analysis_31136303_2.out:    Running contrast 806/1305
deg_analysis_31136303_2.out:    Running contrast 811/1305
deg_analysis_31136303_2.out:    Running contrast 816/1305
deg_analysis_31136303_2.out:    Running contrast 821/1305
deg_analysis_31136303_2.out:    Running contrast 826/1305
deg_analysis_31136303_2.out:    Running contrast 831/1305
deg_analysis_31136303_2.out:    Running contrast 836/1305
deg_analysis_31136303_2.out:    Running contrast 841/1305
deg_analysis_31136303_2.out:    Running contrast 846/1305
deg_analysis_31136303_2.out:    Running contrast 851/1305
deg_analysis_31136303_2.out:    Running contrast 856/1305
deg_analysis_31136303_2.out:    Running contrast 861/1305
deg_analysis_31136303_2.out:    Running contrast 866/1305
deg_analysis_31136303_2.out:    Running contrast 871/1305
deg_analysis_31136303_2.out:    Running contrast 876/1305
deg_analysis_31136303_2.out:    Running contrast 881/1305
deg_analysis_31136303_2.out:    Running contrast 886/1305
deg_analysis_31136303_2.out:    Running contrast 891/1305
deg_analysis_31136303_2.out:    Running contrast 896/1305
deg_analysis_31136303_2.out:    Running contrast 901/1305
deg_analysis_31136303_2.out:    Running contrast 906/1305
deg_analysis_31136303_2.out:    Running contrast 911/1305
deg_analysis_31136303_2.out:    Running contrast 916/1305
deg_analysis_31136303_2.out:    Running contrast 921/1305
deg_analysis_31136303_2.out:    Running contrast 926/1305
deg_analysis_31136303_2.out:    Running contrast 931/1305
deg_analysis_31136303_2.out:    Running contrast 936/1305
deg_analysis_31136303_2.out:    Running contrast 941/1305
deg_analysis_31136303_2.out:    Running contrast 946/1305
deg_analysis_31136303_2.out:    Running contrast 951/1305
deg_analysis_31136303_2.out:    Running contrast 956/1305
deg_analysis_31136303_2.out:    Running contrast 961/1305
deg_analysis_31136303_2.out:    Running contrast 966/1305
deg_analysis_31136303_2.out:    Running contrast 971/1305
deg_analysis_31136303_2.out:    Running contrast 976/1305
deg_analysis_31136303_2.out:    Running contrast 981/1305
deg_analysis_31136303_2.out:    Running contrast 986/1305
deg_analysis_31136303_2.out:    Running contrast 991/1305
deg_analysis_31136303_2.out:    Running contrast 996/1305
deg_analysis_31136303_2.out:    Running contrast 1001/1305
deg_analysis_31136303_2.out:    Running contrast 1006/1305
deg_analysis_31136303_2.out:    Running contrast 1011/1305
deg_analysis_31136303_2.out:    Running contrast 1016/1305
deg_analysis_31136303_2.out:    Running contrast 1021/1305
deg_analysis_31136303_2.out:    Running contrast 1026/1305
deg_analysis_31136303_2.out:    Running contrast 1031/1305
deg_analysis_31136303_2.out:    Running contrast 1036/1305
deg_analysis_31136303_2.out:    Running contrast 1041/1305
deg_analysis_31136303_2.out:    Running contrast 1046/1305
deg_analysis_31136303_2.out:    Running contrast 1051/1305
deg_analysis_31136303_2.out:    Running contrast 1056/1305
deg_analysis_31136303_2.out:    Running contrast 1061/1305
deg_analysis_31136303_2.out:    Running contrast 1066/1305
deg_analysis_31136303_2.out:    Running contrast 1071/1305
deg_analysis_31136303_2.out:    Running contrast 1076/1305
deg_analysis_31136303_2.out:    Running contrast 1081/1305
deg_analysis_31136303_2.out:    Running contrast 1086/1305
deg_analysis_31136303_2.out:    Running contrast 1091/1305
deg_analysis_31136303_2.out:    Running contrast 1096/1305
deg_analysis_31136303_2.out:    Running contrast 1101/1305
deg_analysis_31136303_2.out:    Running contrast 1106/1305
deg_analysis_31136303_2.out:    Running contrast 1111/1305
deg_analysis_31136303_2.out:    Running contrast 1116/1305
deg_analysis_31136303_2.out:    Running contrast 1121/1305
deg_analysis_31136303_2.out:    Running contrast 1126/1305
deg_analysis_31136303_2.out:    Running contrast 1131/1305
deg_analysis_31136303_2.out:    Running contrast 1136/1305
deg_analysis_31136303_2.out:    Running contrast 1141/1305
deg_analysis_31136303_2.out:    Running contrast 1146/1305
deg_analysis_31136303_2.out:    Running contrast 1151/1305
deg_analysis_31136303_2.out:    Running contrast 1156/1305
deg_analysis_31136303_2.out:    Running contrast 1161/1305
deg_analysis_31136303_2.out:    Running contrast 1166/1305
deg_analysis_31136303_2.out:    Running contrast 1171/1305
deg_analysis_31136303_2.out:    Running contrast 1176/1305
deg_analysis_31136303_2.out:    Running contrast 1181/1305
deg_analysis_31136303_2.out:    Running contrast 1186/1305
deg_analysis_31136303_2.out:    Running contrast 1191/1305
deg_analysis_31136303_2.out:    Running contrast 1196/1305
deg_analysis_31136303_2.out:    Running contrast 1201/1305
deg_analysis_31136303_2.out:    Running contrast 1206/1305
deg_analysis_31136303_2.out:    Running contrast 1211/1305
deg_analysis_31136303_2.out:    Running contrast 1216/1305
deg_analysis_31136303_2.out:    Running contrast 1221/1305
deg_analysis_31136303_2.out:    Running contrast 1226/1305
deg_analysis_31136303_2.out:    Running contrast 1231/1305
deg_analysis_31136303_2.out:    Running contrast 1236/1305
deg_analysis_31136303_2.out:    Running contrast 1241/1305
deg_analysis_31136303_2.out:    Running contrast 1246/1305
deg_analysis_31136303_2.out:    Running contrast 1251/1305
deg_analysis_31136303_2.out:    Running contrast 1256/1305
deg_analysis_31136303_2.out:    Running contrast 1261/1305
deg_analysis_31136303_2.out:    Running contrast 1266/1305
deg_analysis_31136303_2.out:    Running contrast 1271/1305
deg_analysis_31136303_2.out:    Running contrast 1276/1305
deg_analysis_31136303_2.out:    Running contrast 1281/1305
deg_analysis_31136303_2.out:    Running contrast 1286/1305
deg_analysis_31136303_2.out:    Running contrast 1291/1305
deg_analysis_31136303_2.out:    Running contrast 1296/1305
deg_analysis_31136303_2.out:    Running contrast 1301/1305
deg_analysis_31136303_2.out:    Running contrast 1305/1305
deg_analysis_31136303_2.out:
deg_analysis_31136303_2.out:    Writing:  ./data/tahoe/deg_data/sep_rep/full/qc_false/filter_min_cells_10/CVCL_0069_de.h5ad 
deg_analysis_31136303_2.out:
deg_analysis_31136303_2.out:    Rewriting h5ad file: ./data/tahoe/deg_data/sep_rep/full/qc_false/filter_min_cells_10/CVCL_0069_de.h5ad 
deg_analysis_31136303_2.out:    Removed X matrix
deg_analysis_31136303_2.out:    Rewriting h5ad file is done!
deg_analysis_31136303_2.out:✓ Cell line completed in 10234.6 seconds
deg_analysis_31136303_2.out:
deg_analysis_31136303_2.out:DE analysis completed!
deg_analysis_31136303_2.out:
deg_analysis_31136303_2.out:Total runtime: 10246.0 seconds
deg_analysis_31136303_3.out:
deg_analysis_31136303_3.out:DE analysis started...
deg_analysis_31136303_3.out:Loaded input file:  ./data/tahoe/pseudobulk_processed/sep_rep/by_celltype/CVCL_0099_processed.h5ad 
deg_analysis_31136303_3.out:Initial dimensions:  1340  samples ×  62710  genes
deg_analysis_31136303_3.out:Filter samples with the low number of cells
deg_analysis_31136303_3.out:    Filter threshold (min_cells):  10 
deg_analysis_31136303_3.out:    n_obs:  1340 -->  1332 
deg_analysis_31136303_3.out:
deg_analysis_31136303_3.out:▶︎ Processing cell_type  1 / 1 :  CVCL_0099 
deg_analysis_31136303_3.out:    Filter controls by  pert_time_h  column
deg_analysis_31136303_3.out:        n_obs:  1332 -->  1332 
deg_analysis_31136303_3.out:
deg_analysis_31136303_3.out:    Running contrast 1/1304
deg_analysis_31136303_3.out:    Running contrast 6/1304
deg_analysis_31136303_3.out:    Running contrast 11/1304
deg_analysis_31136303_3.out:    Running contrast 16/1304
deg_analysis_31136303_3.out:    Running contrast 21/1304
deg_analysis_31136303_3.out:    Running contrast 26/1304
deg_analysis_31136303_3.out:    Running contrast 31/1304
deg_analysis_31136303_3.out:    Running contrast 36/1304
deg_analysis_31136303_3.out:    Running contrast 41/1304
deg_analysis_31136303_3.out:    Running contrast 46/1304
deg_analysis_31136303_3.out:    Running contrast 51/1304
deg_analysis_31136303_3.out:    Running contrast 56/1304
deg_analysis_31136303_3.out:    Running contrast 61/1304
deg_analysis_31136303_3.out:    Running contrast 66/1304
deg_analysis_31136303_3.out:    Running contrast 71/1304
deg_analysis_31136303_3.out:    Running contrast 76/1304
deg_analysis_31136303_3.out:    Running contrast 81/1304
deg_analysis_31136303_3.out:    Running contrast 86/1304
deg_analysis_31136303_3.out:    Running contrast 91/1304
deg_analysis_31136303_3.out:    Running contrast 96/1304
deg_analysis_31136303_3.out:    Running contrast 101/1304
deg_analysis_31136303_3.out:    Running contrast 106/1304
deg_analysis_31136303_3.out:    Running contrast 111/1304
deg_analysis_31136303_3.out:    Running contrast 116/1304
deg_analysis_31136303_3.out:    Running contrast 121/1304
deg_analysis_31136303_3.out:    Running contrast 126/1304
deg_analysis_31136303_3.out:    Running contrast 131/1304
deg_analysis_31136303_3.out:    Running contrast 136/1304
deg_analysis_31136303_3.out:    Running contrast 141/1304
deg_analysis_31136303_3.out:    Running contrast 146/1304
deg_analysis_31136303_3.out:    Running contrast 151/1304
deg_analysis_31136303_3.out:    Running contrast 156/1304
deg_analysis_31136303_3.out:    Running contrast 161/1304
deg_analysis_31136303_3.out:    Running contrast 166/1304
deg_analysis_31136303_3.out:    Running contrast 171/1304
deg_analysis_31136303_3.out:    Running contrast 176/1304
deg_analysis_31136303_3.out:    Running contrast 181/1304
deg_analysis_31136303_3.out:    Running contrast 186/1304
deg_analysis_31136303_3.out:    Running contrast 191/1304
deg_analysis_31136303_3.out:    Running contrast 196/1304
deg_analysis_31136303_3.out:    Running contrast 201/1304
deg_analysis_31136303_3.out:    Running contrast 206/1304
deg_analysis_31136303_3.out:    Running contrast 211/1304
deg_analysis_31136303_3.out:    Running contrast 216/1304
deg_analysis_31136303_3.out:    Running contrast 221/1304
deg_analysis_31136303_3.out:    Running contrast 226/1304
deg_analysis_31136303_3.out:    Running contrast 231/1304
deg_analysis_31136303_3.out:    Running contrast 236/1304
deg_analysis_31136303_3.out:    Running contrast 241/1304
deg_analysis_31136303_3.out:    Running contrast 246/1304
deg_analysis_31136303_3.out:    Running contrast 251/1304
deg_analysis_31136303_3.out:    Running contrast 256/1304
deg_analysis_31136303_3.out:    Running contrast 261/1304
deg_analysis_31136303_3.out:    Running contrast 266/1304
deg_analysis_31136303_3.out:    Running contrast 271/1304
deg_analysis_31136303_3.out:    Running contrast 276/1304
deg_analysis_31136303_3.out:    Running contrast 281/1304
deg_analysis_31136303_3.out:    Running contrast 286/1304
deg_analysis_31136303_3.out:    Running contrast 291/1304
deg_analysis_31136303_3.out:    Running contrast 296/1304
deg_analysis_31136303_3.out:    Running contrast 301/1304
deg_analysis_31136303_3.out:    Running contrast 306/1304
deg_analysis_31136303_3.out:    Running contrast 311/1304
deg_analysis_31136303_3.out:    Running contrast 316/1304
deg_analysis_31136303_3.out:    Running contrast 321/1304
deg_analysis_31136303_3.out:    Running contrast 326/1304
deg_analysis_31136303_3.out:    Running contrast 331/1304
deg_analysis_31136303_3.out:    Running contrast 336/1304
deg_analysis_31136303_3.out:    Running contrast 341/1304
deg_analysis_31136303_3.out:    Running contrast 346/1304
deg_analysis_31136303_3.out:    Running contrast 351/1304
deg_analysis_31136303_3.out:    Running contrast 356/1304
deg_analysis_31136303_3.out:    Running contrast 361/1304
deg_analysis_31136303_3.out:    Running contrast 366/1304
deg_analysis_31136303_3.out:    Running contrast 371/1304
deg_analysis_31136303_3.out:    Running contrast 376/1304
deg_analysis_31136303_3.out:    Running contrast 381/1304
deg_analysis_31136303_3.out:    Running contrast 386/1304
deg_analysis_31136303_3.out:    Running contrast 391/1304
deg_analysis_31136303_3.out:    Running contrast 396/1304
deg_analysis_31136303_3.out:    Running contrast 401/1304
deg_analysis_31136303_3.out:    Running contrast 406/1304
deg_analysis_31136303_3.out:    Running contrast 411/1304
deg_analysis_31136303_3.out:    Running contrast 416/1304
deg_analysis_31136303_3.out:    Running contrast 421/1304
deg_analysis_31136303_3.out:    Running contrast 426/1304
deg_analysis_31136303_3.out:    Running contrast 431/1304
deg_analysis_31136303_3.out:    Running contrast 436/1304
deg_analysis_31136303_3.out:    Running contrast 441/1304
deg_analysis_31136303_3.out:    Running contrast 446/1304
deg_analysis_31136303_3.out:    Running contrast 451/1304
deg_analysis_31136303_3.out:    Running contrast 456/1304
deg_analysis_31136303_3.out:    Running contrast 461/1304
deg_analysis_31136303_3.out:    Running contrast 466/1304
deg_analysis_31136303_3.out:    Running contrast 471/1304
deg_analysis_31136303_3.out:    Running contrast 476/1304
deg_analysis_31136303_3.out:    Running contrast 481/1304
deg_analysis_31136303_3.out:    Running contrast 486/1304
deg_analysis_31136303_3.out:    Running contrast 491/1304
deg_analysis_31136303_3.out:    Running contrast 496/1304
deg_analysis_31136303_3.out:    Running contrast 501/1304
deg_analysis_31136303_3.out:    Running contrast 506/1304
deg_analysis_31136303_3.out:    Running contrast 511/1304
deg_analysis_31136303_3.out:    Running contrast 516/1304
deg_analysis_31136303_3.out:    Running contrast 521/1304
deg_analysis_31136303_3.out:    Running contrast 526/1304
deg_analysis_31136303_3.out:    Running contrast 531/1304
deg_analysis_31136303_3.out:    Running contrast 536/1304
deg_analysis_31136303_3.out:    Running contrast 541/1304
deg_analysis_31136303_3.out:    Running contrast 546/1304
deg_analysis_31136303_3.out:    Running contrast 551/1304
deg_analysis_31136303_3.out:    Running contrast 556/1304
deg_analysis_31136303_3.out:    Running contrast 561/1304
deg_analysis_31136303_3.out:    Running contrast 566/1304
deg_analysis_31136303_3.out:    Running contrast 571/1304
deg_analysis_31136303_3.out:    Running contrast 576/1304
deg_analysis_31136303_3.out:    Running contrast 581/1304
deg_analysis_31136303_3.out:    Running contrast 586/1304
deg_analysis_31136303_3.out:    Running contrast 591/1304
deg_analysis_31136303_3.out:    Running contrast 596/1304
deg_analysis_31136303_3.out:    Running contrast 601/1304
deg_analysis_31136303_3.out:    Running contrast 606/1304
deg_analysis_31136303_3.out:    Running contrast 611/1304
deg_analysis_31136303_3.out:    Running contrast 616/1304
deg_analysis_31136303_3.out:    Running contrast 621/1304
deg_analysis_31136303_3.out:    Running contrast 626/1304
deg_analysis_31136303_3.out:    Running contrast 631/1304
deg_analysis_31136303_3.out:    Running contrast 636/1304
deg_analysis_31136303_3.out:    Running contrast 641/1304
deg_analysis_31136303_3.out:    Running contrast 646/1304
deg_analysis_31136303_3.out:    Running contrast 651/1304
deg_analysis_31136303_3.out:    Running contrast 656/1304
deg_analysis_31136303_3.out:    Running contrast 661/1304
deg_analysis_31136303_3.out:    Running contrast 666/1304
deg_analysis_31136303_3.out:    Running contrast 671/1304
deg_analysis_31136303_3.out:    Running contrast 676/1304
deg_analysis_31136303_3.out:    Running contrast 681/1304
deg_analysis_31136303_3.out:    Running contrast 686/1304
deg_analysis_31136303_3.out:    Running contrast 691/1304
deg_analysis_31136303_3.out:    Running contrast 696/1304
deg_analysis_31136303_3.out:    Running contrast 701/1304
deg_analysis_31136303_3.out:    Running contrast 706/1304
deg_analysis_31136303_3.out:    Running contrast 711/1304
deg_analysis_31136303_3.out:    Running contrast 716/1304
deg_analysis_31136303_3.out:    Running contrast 721/1304
deg_analysis_31136303_3.out:    Running contrast 726/1304
deg_analysis_31136303_3.out:    Running contrast 731/1304
deg_analysis_31136303_3.out:    Running contrast 736/1304
deg_analysis_31136303_3.out:    Running contrast 741/1304
deg_analysis_31136303_3.out:    Running contrast 746/1304
deg_analysis_31136303_3.out:    Running contrast 751/1304
deg_analysis_31136303_3.out:    Running contrast 756/1304
deg_analysis_31136303_3.out:    Running contrast 761/1304
deg_analysis_31136303_3.out:    Running contrast 766/1304
deg_analysis_31136303_3.out:    Running contrast 771/1304
deg_analysis_31136303_3.out:    Running contrast 776/1304
deg_analysis_31136303_3.out:    Running contrast 781/1304
deg_analysis_31136303_3.out:    Running contrast 786/1304
deg_analysis_31136303_3.out:    Running contrast 791/1304
deg_analysis_31136303_3.out:    Running contrast 796/1304
deg_analysis_31136303_3.out:    Running contrast 801/1304
deg_analysis_31136303_3.out:    Running contrast 806/1304
deg_analysis_31136303_3.out:    Running contrast 811/1304
deg_analysis_31136303_3.out:    Running contrast 816/1304
deg_analysis_31136303_3.out:    Running contrast 821/1304
deg_analysis_31136303_3.out:    Running contrast 826/1304
deg_analysis_31136303_3.out:    Running contrast 831/1304
deg_analysis_31136303_3.out:    Running contrast 836/1304
deg_analysis_31136303_3.out:    Running contrast 841/1304
deg_analysis_31136303_3.out:    Running contrast 846/1304
deg_analysis_31136303_3.out:    Running contrast 851/1304
deg_analysis_31136303_3.out:    Running contrast 856/1304
deg_analysis_31136303_3.out:    Running contrast 861/1304
deg_analysis_31136303_3.out:    Running contrast 866/1304
deg_analysis_31136303_3.out:    Running contrast 871/1304
deg_analysis_31136303_3.out:    Running contrast 876/1304
deg_analysis_31136303_3.out:    Running contrast 881/1304
deg_analysis_31136303_3.out:    Running contrast 886/1304
deg_analysis_31136303_3.out:    Running contrast 891/1304
deg_analysis_31136303_3.out:    Running contrast 896/1304
deg_analysis_31136303_3.out:    Running contrast 901/1304
deg_analysis_31136303_3.out:    Running contrast 906/1304
deg_analysis_31136303_3.out:    Running contrast 911/1304
deg_analysis_31136303_3.out:    Running contrast 916/1304
deg_analysis_31136303_3.out:    Running contrast 921/1304
deg_analysis_31136303_3.out:    Running contrast 926/1304
deg_analysis_31136303_3.out:    Running contrast 931/1304
deg_analysis_31136303_3.out:    Running contrast 936/1304
deg_analysis_31136303_3.out:    Running contrast 941/1304
deg_analysis_31136303_3.out:    Running contrast 946/1304
deg_analysis_31136303_3.out:    Running contrast 951/1304
deg_analysis_31136303_3.out:    Running contrast 956/1304
deg_analysis_31136303_3.out:    Running contrast 961/1304
deg_analysis_31136303_3.out:    Running contrast 966/1304
deg_analysis_31136303_3.out:    Running contrast 971/1304
deg_analysis_31136303_3.out:    Running contrast 976/1304
deg_analysis_31136303_3.out:    Running contrast 981/1304
deg_analysis_31136303_3.out:    Running contrast 986/1304
deg_analysis_31136303_3.out:    Running contrast 991/1304
deg_analysis_31136303_3.out:    Running contrast 996/1304
deg_analysis_31136303_3.out:    Running contrast 1001/1304
deg_analysis_31136303_3.out:    Running contrast 1006/1304
deg_analysis_31136303_3.out:    Running contrast 1011/1304
deg_analysis_31136303_3.out:    Running contrast 1016/1304
deg_analysis_31136303_3.out:    Running contrast 1021/1304
deg_analysis_31136303_3.out:    Running contrast 1026/1304
deg_analysis_31136303_3.out:    Running contrast 1031/1304
deg_analysis_31136303_3.out:    Running contrast 1036/1304
deg_analysis_31136303_3.out:    Running contrast 1041/1304
deg_analysis_31136303_3.out:    Running contrast 1046/1304
deg_analysis_31136303_3.out:    Running contrast 1051/1304
deg_analysis_31136303_3.out:    Running contrast 1056/1304
deg_analysis_31136303_3.out:    Running contrast 1061/1304
deg_analysis_31136303_3.out:    Running contrast 1066/1304
deg_analysis_31136303_3.out:    Running contrast 1071/1304
deg_analysis_31136303_3.out:    Running contrast 1076/1304
deg_analysis_31136303_3.out:    Running contrast 1081/1304
deg_analysis_31136303_3.out:    Running contrast 1086/1304
deg_analysis_31136303_3.out:    Running contrast 1091/1304
deg_analysis_31136303_3.out:    Running contrast 1096/1304
deg_analysis_31136303_3.out:    Running contrast 1101/1304
deg_analysis_31136303_3.out:    Running contrast 1106/1304
deg_analysis_31136303_3.out:    Running contrast 1111/1304
deg_analysis_31136303_3.out:    Running contrast 1116/1304
deg_analysis_31136303_3.out:    Running contrast 1121/1304
deg_analysis_31136303_3.out:    Running contrast 1126/1304
deg_analysis_31136303_3.out:    Running contrast 1131/1304
deg_analysis_31136303_3.out:    Running contrast 1136/1304
deg_analysis_31136303_3.out:    Running contrast 1141/1304
deg_analysis_31136303_3.out:    Running contrast 1146/1304
deg_analysis_31136303_3.out:    Running contrast 1151/1304
deg_analysis_31136303_3.out:    Running contrast 1156/1304
deg_analysis_31136303_3.out:    Running contrast 1161/1304
deg_analysis_31136303_3.out:    Running contrast 1166/1304
deg_analysis_31136303_3.out:    Running contrast 1171/1304
deg_analysis_31136303_3.out:    Running contrast 1176/1304
deg_analysis_31136303_3.out:    Running contrast 1181/1304
deg_analysis_31136303_3.out:    Running contrast 1186/1304
deg_analysis_31136303_3.out:    Running contrast 1191/1304
deg_analysis_31136303_3.out:    Running contrast 1196/1304
deg_analysis_31136303_3.out:    Running contrast 1201/1304
deg_analysis_31136303_3.out:    Running contrast 1206/1304
deg_analysis_31136303_3.out:    Running contrast 1211/1304
deg_analysis_31136303_3.out:    Running contrast 1216/1304
deg_analysis_31136303_3.out:    Running contrast 1221/1304
deg_analysis_31136303_3.out:    Running contrast 1226/1304
deg_analysis_31136303_3.out:    Running contrast 1231/1304
deg_analysis_31136303_3.out:    Running contrast 1236/1304
deg_analysis_31136303_3.out:    Running contrast 1241/1304
deg_analysis_31136303_3.out:    Running contrast 1246/1304
deg_analysis_31136303_3.out:    Running contrast 1251/1304
deg_analysis_31136303_3.out:    Running contrast 1256/1304
deg_analysis_31136303_3.out:    Running contrast 1261/1304
deg_analysis_31136303_3.out:    Running contrast 1266/1304
deg_analysis_31136303_3.out:    Running contrast 1271/1304
deg_analysis_31136303_3.out:    Running contrast 1276/1304
deg_analysis_31136303_3.out:    Running contrast 1281/1304
deg_analysis_31136303_3.out:    Running contrast 1286/1304
deg_analysis_31136303_3.out:    Running contrast 1291/1304
deg_analysis_31136303_3.out:    Running contrast 1296/1304
deg_analysis_31136303_3.out:    Running contrast 1301/1304
deg_analysis_31136303_3.out:    Running contrast 1304/1304
deg_analysis_31136303_3.out:
deg_analysis_31136303_3.out:    Writing:  ./data/tahoe/deg_data/sep_rep/full/qc_false/filter_min_cells_10/CVCL_0099_de.h5ad 
deg_analysis_31136303_3.out:
deg_analysis_31136303_3.out:    Rewriting h5ad file: ./data/tahoe/deg_data/sep_rep/full/qc_false/filter_min_cells_10/CVCL_0099_de.h5ad 
deg_analysis_31136303_3.out:    Removed X matrix
deg_analysis_31136303_3.out:    Rewriting h5ad file is done!
deg_analysis_31136303_3.out:✓ Cell line completed in 8284.2 seconds
deg_analysis_31136303_3.out:
deg_analysis_31136303_3.out:DE analysis completed!
deg_analysis_31136303_3.out:
deg_analysis_31136303_3.out:Total runtime: 8294.9 seconds
deg_analysis_31136303_4.out:
deg_analysis_31136303_4.out:DE analysis started...
deg_analysis_31136303_4.out:Loaded input file:  ./data/tahoe/pseudobulk_processed/sep_rep/by_celltype/CVCL_0131_processed.h5ad 
deg_analysis_31136303_4.out:Initial dimensions:  1338  samples ×  62710  genes
deg_analysis_31136303_4.out:Filter samples with the low number of cells
deg_analysis_31136303_4.out:    Filter threshold (min_cells):  10 
deg_analysis_31136303_4.out:    n_obs:  1338 -->  1334 
deg_analysis_31136303_4.out:
deg_analysis_31136303_4.out:▶︎ Processing cell_type  1 / 1 :  CVCL_0131 
deg_analysis_31136303_4.out:    Filter controls by  pert_time_h  column
deg_analysis_31136303_4.out:        n_obs:  1334 -->  1334 
deg_analysis_31136303_4.out:
deg_analysis_31136303_4.out:    Running contrast 1/1306
deg_analysis_31136303_4.out:    Running contrast 6/1306
deg_analysis_31136303_4.out:    Running contrast 11/1306
deg_analysis_31136303_4.out:    Running contrast 16/1306
deg_analysis_31136303_4.out:    Running contrast 21/1306
deg_analysis_31136303_4.out:    Running contrast 26/1306
deg_analysis_31136303_4.out:    Running contrast 31/1306
deg_analysis_31136303_4.out:    Running contrast 36/1306
deg_analysis_31136303_4.out:    Running contrast 41/1306
deg_analysis_31136303_4.out:    Running contrast 46/1306
deg_analysis_31136303_4.out:    Running contrast 51/1306
deg_analysis_31136303_4.out:    Running contrast 56/1306
deg_analysis_31136303_4.out:    Running contrast 61/1306
deg_analysis_31136303_4.out:    Running contrast 66/1306
deg_analysis_31136303_4.out:    Running contrast 71/1306
deg_analysis_31136303_4.out:    Running contrast 76/1306
deg_analysis_31136303_4.out:    Running contrast 81/1306
deg_analysis_31136303_4.out:    Running contrast 86/1306
deg_analysis_31136303_4.out:    Running contrast 91/1306
deg_analysis_31136303_4.out:    Running contrast 96/1306
deg_analysis_31136303_4.out:    Running contrast 101/1306
deg_analysis_31136303_4.out:    Running contrast 106/1306
deg_analysis_31136303_4.out:    Running contrast 111/1306
deg_analysis_31136303_4.out:    Running contrast 116/1306
deg_analysis_31136303_4.out:    Running contrast 121/1306
deg_analysis_31136303_4.out:    Running contrast 126/1306
deg_analysis_31136303_4.out:    Running contrast 131/1306
deg_analysis_31136303_4.out:    Running contrast 136/1306
deg_analysis_31136303_4.out:    Running contrast 141/1306
deg_analysis_31136303_4.out:    Running contrast 146/1306
deg_analysis_31136303_4.out:    Running contrast 151/1306
deg_analysis_31136303_4.out:    Running contrast 156/1306
deg_analysis_31136303_4.out:    Running contrast 161/1306
deg_analysis_31136303_4.out:    Running contrast 166/1306
deg_analysis_31136303_4.out:    Running contrast 171/1306
deg_analysis_31136303_4.out:    Running contrast 176/1306
deg_analysis_31136303_4.out:    Running contrast 181/1306
deg_analysis_31136303_4.out:    Running contrast 186/1306
deg_analysis_31136303_4.out:    Running contrast 191/1306
deg_analysis_31136303_4.out:    Running contrast 196/1306
deg_analysis_31136303_4.out:    Running contrast 201/1306
deg_analysis_31136303_4.out:    Running contrast 206/1306
deg_analysis_31136303_4.out:    Running contrast 211/1306
deg_analysis_31136303_4.out:    Running contrast 216/1306
deg_analysis_31136303_4.out:    Running contrast 221/1306
deg_analysis_31136303_4.out:    Running contrast 226/1306
deg_analysis_31136303_4.out:    Running contrast 231/1306
deg_analysis_31136303_4.out:    Running contrast 236/1306
deg_analysis_31136303_4.out:    Running contrast 241/1306
deg_analysis_31136303_4.out:    Running contrast 246/1306
deg_analysis_31136303_4.out:    Running contrast 251/1306
deg_analysis_31136303_4.out:    Running contrast 256/1306
deg_analysis_31136303_4.out:    Running contrast 261/1306
deg_analysis_31136303_4.out:    Running contrast 266/1306
deg_analysis_31136303_4.out:    Running contrast 271/1306
deg_analysis_31136303_4.out:    Running contrast 276/1306
deg_analysis_31136303_4.out:    Running contrast 281/1306
deg_analysis_31136303_4.out:    Running contrast 286/1306
deg_analysis_31136303_4.out:    Running contrast 291/1306
deg_analysis_31136303_4.out:    Running contrast 296/1306
deg_analysis_31136303_4.out:    Running contrast 301/1306
deg_analysis_31136303_4.out:    Running contrast 306/1306
deg_analysis_31136303_4.out:    Running contrast 311/1306
deg_analysis_31136303_4.out:    Running contrast 316/1306
deg_analysis_31136303_4.out:    Running contrast 321/1306
deg_analysis_31136303_4.out:    Running contrast 326/1306
deg_analysis_31136303_4.out:    Running contrast 331/1306
deg_analysis_31136303_4.out:    Running contrast 336/1306
deg_analysis_31136303_4.out:    Running contrast 341/1306
deg_analysis_31136303_4.out:    Running contrast 346/1306
deg_analysis_31136303_4.out:    Running contrast 351/1306
deg_analysis_31136303_4.out:    Running contrast 356/1306
deg_analysis_31136303_4.out:    Running contrast 361/1306
deg_analysis_31136303_4.out:    Running contrast 366/1306
deg_analysis_31136303_4.out:    Running contrast 371/1306
deg_analysis_31136303_4.out:    Running contrast 376/1306
deg_analysis_31136303_4.out:    Running contrast 381/1306
deg_analysis_31136303_4.out:    Running contrast 386/1306
deg_analysis_31136303_4.out:    Running contrast 391/1306
deg_analysis_31136303_4.out:    Running contrast 396/1306
deg_analysis_31136303_4.out:    Running contrast 401/1306
deg_analysis_31136303_4.out:    Running contrast 406/1306
deg_analysis_31136303_4.out:    Running contrast 411/1306
deg_analysis_31136303_4.out:    Running contrast 416/1306
deg_analysis_31136303_4.out:    Running contrast 421/1306
deg_analysis_31136303_4.out:    Running contrast 426/1306
deg_analysis_31136303_4.out:    Running contrast 431/1306
deg_analysis_31136303_4.out:    Running contrast 436/1306
deg_analysis_31136303_4.out:    Running contrast 441/1306
deg_analysis_31136303_4.out:    Running contrast 446/1306
deg_analysis_31136303_4.out:    Running contrast 451/1306
deg_analysis_31136303_4.out:    Running contrast 456/1306
deg_analysis_31136303_4.out:    Running contrast 461/1306
deg_analysis_31136303_4.out:    Running contrast 466/1306
deg_analysis_31136303_4.out:    Running contrast 471/1306
deg_analysis_31136303_4.out:    Running contrast 476/1306
deg_analysis_31136303_4.out:    Running contrast 481/1306
deg_analysis_31136303_4.out:    Running contrast 486/1306
deg_analysis_31136303_4.out:    Running contrast 491/1306
deg_analysis_31136303_4.out:    Running contrast 496/1306
deg_analysis_31136303_4.out:    Running contrast 501/1306
deg_analysis_31136303_4.out:    Running contrast 506/1306
deg_analysis_31136303_4.out:    Running contrast 511/1306
deg_analysis_31136303_4.out:    Running contrast 516/1306
deg_analysis_31136303_4.out:    Running contrast 521/1306
deg_analysis_31136303_4.out:    Running contrast 526/1306
deg_analysis_31136303_4.out:    Running contrast 531/1306
deg_analysis_31136303_4.out:    Running contrast 536/1306
deg_analysis_31136303_4.out:    Running contrast 541/1306
deg_analysis_31136303_4.out:    Running contrast 546/1306
deg_analysis_31136303_4.out:    Running contrast 551/1306
deg_analysis_31136303_4.out:    Running contrast 556/1306
deg_analysis_31136303_4.out:    Running contrast 561/1306
deg_analysis_31136303_4.out:    Running contrast 566/1306
deg_analysis_31136303_4.out:    Running contrast 571/1306
deg_analysis_31136303_4.out:    Running contrast 576/1306
deg_analysis_31136303_4.out:    Running contrast 581/1306
deg_analysis_31136303_4.out:    Running contrast 586/1306
deg_analysis_31136303_4.out:    Running contrast 591/1306
deg_analysis_31136303_4.out:    Running contrast 596/1306
deg_analysis_31136303_4.out:    Running contrast 601/1306
deg_analysis_31136303_4.out:    Running contrast 606/1306
deg_analysis_31136303_4.out:    Running contrast 611/1306
deg_analysis_31136303_4.out:    Running contrast 616/1306
deg_analysis_31136303_4.out:    Running contrast 621/1306
deg_analysis_31136303_4.out:    Running contrast 626/1306
deg_analysis_31136303_4.out:    Running contrast 631/1306
deg_analysis_31136303_4.out:    Running contrast 636/1306
deg_analysis_31136303_4.out:    Running contrast 641/1306
deg_analysis_31136303_4.out:    Running contrast 646/1306
deg_analysis_31136303_4.out:    Running contrast 651/1306
deg_analysis_31136303_4.out:    Running contrast 656/1306
deg_analysis_31136303_4.out:    Running contrast 661/1306
deg_analysis_31136303_4.out:    Running contrast 666/1306
deg_analysis_31136303_4.out:    Running contrast 671/1306
deg_analysis_31136303_4.out:    Running contrast 676/1306
deg_analysis_31136303_4.out:    Running contrast 681/1306
deg_analysis_31136303_4.out:    Running contrast 686/1306
deg_analysis_31136303_4.out:    Running contrast 691/1306
deg_analysis_31136303_4.out:    Running contrast 696/1306
deg_analysis_31136303_4.out:    Running contrast 701/1306
deg_analysis_31136303_4.out:    Running contrast 706/1306
deg_analysis_31136303_4.out:    Running contrast 711/1306
deg_analysis_31136303_4.out:    Running contrast 716/1306
deg_analysis_31136303_4.out:    Running contrast 721/1306
deg_analysis_31136303_4.out:    Running contrast 726/1306
deg_analysis_31136303_4.out:    Running contrast 731/1306
deg_analysis_31136303_4.out:    Running contrast 736/1306
deg_analysis_31136303_4.out:    Running contrast 741/1306
deg_analysis_31136303_4.out:    Running contrast 746/1306
deg_analysis_31136303_4.out:    Running contrast 751/1306
deg_analysis_31136303_4.out:    Running contrast 756/1306
deg_analysis_31136303_4.out:    Running contrast 761/1306
deg_analysis_31136303_4.out:    Running contrast 766/1306
deg_analysis_31136303_4.out:    Running contrast 771/1306
deg_analysis_31136303_4.out:    Running contrast 776/1306
deg_analysis_31136303_4.out:    Running contrast 781/1306
deg_analysis_31136303_4.out:    Running contrast 786/1306
deg_analysis_31136303_4.out:    Running contrast 791/1306
deg_analysis_31136303_4.out:    Running contrast 796/1306
deg_analysis_31136303_4.out:    Running contrast 801/1306
deg_analysis_31136303_4.out:    Running contrast 806/1306
deg_analysis_31136303_4.out:    Running contrast 811/1306
deg_analysis_31136303_4.out:    Running contrast 816/1306
deg_analysis_31136303_4.out:    Running contrast 821/1306
deg_analysis_31136303_4.out:    Running contrast 826/1306
deg_analysis_31136303_4.out:    Running contrast 831/1306
deg_analysis_31136303_4.out:    Running contrast 836/1306
deg_analysis_31136303_4.out:    Running contrast 841/1306
deg_analysis_31136303_4.out:    Running contrast 846/1306
deg_analysis_31136303_4.out:    Running contrast 851/1306
deg_analysis_31136303_4.out:    Running contrast 856/1306
deg_analysis_31136303_4.out:    Running contrast 861/1306
deg_analysis_31136303_4.out:    Running contrast 866/1306
deg_analysis_31136303_4.out:    Running contrast 871/1306
deg_analysis_31136303_4.out:    Running contrast 876/1306
deg_analysis_31136303_4.out:    Running contrast 881/1306
deg_analysis_31136303_4.out:    Running contrast 886/1306
deg_analysis_31136303_4.out:    Running contrast 891/1306
deg_analysis_31136303_4.out:    Running contrast 896/1306
deg_analysis_31136303_4.out:    Running contrast 901/1306
deg_analysis_31136303_4.out:    Running contrast 906/1306
deg_analysis_31136303_4.out:    Running contrast 911/1306
deg_analysis_31136303_4.out:    Running contrast 916/1306
deg_analysis_31136303_4.out:    Running contrast 921/1306
deg_analysis_31136303_4.out:    Running contrast 926/1306
deg_analysis_31136303_4.out:    Running contrast 931/1306
deg_analysis_31136303_4.out:    Running contrast 936/1306
deg_analysis_31136303_4.out:    Running contrast 941/1306
deg_analysis_31136303_4.out:    Running contrast 946/1306
deg_analysis_31136303_4.out:    Running contrast 951/1306
deg_analysis_31136303_4.out:    Running contrast 956/1306
deg_analysis_31136303_4.out:    Running contrast 961/1306
deg_analysis_31136303_4.out:    Running contrast 966/1306
deg_analysis_31136303_4.out:    Running contrast 971/1306
deg_analysis_31136303_4.out:    Running contrast 976/1306
deg_analysis_31136303_4.out:    Running contrast 981/1306
deg_analysis_31136303_4.out:    Running contrast 986/1306
deg_analysis_31136303_4.out:    Running contrast 991/1306
deg_analysis_31136303_4.out:    Running contrast 996/1306
deg_analysis_31136303_4.out:    Running contrast 1001/1306
deg_analysis_31136303_4.out:    Running contrast 1006/1306
deg_analysis_31136303_4.out:    Running contrast 1011/1306
deg_analysis_31136303_4.out:    Running contrast 1016/1306
deg_analysis_31136303_4.out:    Running contrast 1021/1306
deg_analysis_31136303_4.out:    Running contrast 1026/1306
deg_analysis_31136303_4.out:    Running contrast 1031/1306
deg_analysis_31136303_4.out:    Running contrast 1036/1306
deg_analysis_31136303_4.out:    Running contrast 1041/1306
deg_analysis_31136303_4.out:    Running contrast 1046/1306
deg_analysis_31136303_4.out:    Running contrast 1051/1306
deg_analysis_31136303_4.out:    Running contrast 1056/1306
deg_analysis_31136303_4.out:    Running contrast 1061/1306
deg_analysis_31136303_4.out:    Running contrast 1066/1306
deg_analysis_31136303_4.out:    Running contrast 1071/1306
deg_analysis_31136303_4.out:    Running contrast 1076/1306
deg_analysis_31136303_4.out:    Running contrast 1081/1306
deg_analysis_31136303_4.out:    Running contrast 1086/1306
deg_analysis_31136303_4.out:    Running contrast 1091/1306
deg_analysis_31136303_4.out:    Running contrast 1096/1306
deg_analysis_31136303_4.out:    Running contrast 1101/1306
deg_analysis_31136303_4.out:    Running contrast 1106/1306
deg_analysis_31136303_4.out:    Running contrast 1111/1306
deg_analysis_31136303_4.out:    Running contrast 1116/1306
deg_analysis_31136303_4.out:    Running contrast 1121/1306
deg_analysis_31136303_4.out:    Running contrast 1126/1306
deg_analysis_31136303_4.out:    Running contrast 1131/1306
deg_analysis_31136303_4.out:    Running contrast 1136/1306
deg_analysis_31136303_4.out:    Running contrast 1141/1306
deg_analysis_31136303_4.out:    Running contrast 1146/1306
deg_analysis_31136303_4.out:    Running contrast 1151/1306
deg_analysis_31136303_4.out:    Running contrast 1156/1306
deg_analysis_31136303_4.out:    Running contrast 1161/1306
deg_analysis_31136303_4.out:    Running contrast 1166/1306
deg_analysis_31136303_4.out:    Running contrast 1171/1306
deg_analysis_31136303_4.out:    Running contrast 1176/1306
deg_analysis_31136303_4.out:    Running contrast 1181/1306
deg_analysis_31136303_4.out:    Running contrast 1186/1306
deg_analysis_31136303_4.out:    Running contrast 1191/1306
deg_analysis_31136303_4.out:    Running contrast 1196/1306
deg_analysis_31136303_4.out:    Running contrast 1201/1306
deg_analysis_31136303_4.out:    Running contrast 1206/1306
deg_analysis_31136303_4.out:    Running contrast 1211/1306
deg_analysis_31136303_4.out:    Running contrast 1216/1306
deg_analysis_31136303_4.out:    Running contrast 1221/1306
deg_analysis_31136303_4.out:    Running contrast 1226/1306
deg_analysis_31136303_4.out:    Running contrast 1231/1306
deg_analysis_31136303_4.out:    Running contrast 1236/1306
deg_analysis_31136303_4.out:    Running contrast 1241/1306
deg_analysis_31136303_4.out:    Running contrast 1246/1306
deg_analysis_31136303_4.out:    Running contrast 1251/1306
deg_analysis_31136303_4.out:    Running contrast 1256/1306
deg_analysis_31136303_4.out:    Running contrast 1261/1306
deg_analysis_31136303_4.out:    Running contrast 1266/1306
deg_analysis_31136303_4.out:    Running contrast 1271/1306
deg_analysis_31136303_4.out:    Running contrast 1276/1306
deg_analysis_31136303_4.out:    Running contrast 1281/1306
deg_analysis_31136303_4.out:    Running contrast 1286/1306
deg_analysis_31136303_4.out:    Running contrast 1291/1306
deg_analysis_31136303_4.out:    Running contrast 1296/1306
deg_analysis_31136303_4.out:    Running contrast 1301/1306
deg_analysis_31136303_4.out:    Running contrast 1306/1306
deg_analysis_31136303_4.out:
deg_analysis_31136303_4.out:    Writing:  ./data/tahoe/deg_data/sep_rep/full/qc_false/filter_min_cells_10/CVCL_0131_de.h5ad 
deg_analysis_31136303_4.out:
deg_analysis_31136303_4.out:    Rewriting h5ad file: ./data/tahoe/deg_data/sep_rep/full/qc_false/filter_min_cells_10/CVCL_0131_de.h5ad 
deg_analysis_31136303_4.out:    Removed X matrix
deg_analysis_31136303_4.out:    Rewriting h5ad file is done!
deg_analysis_31136303_4.out:✓ Cell line completed in 9469.4 seconds
deg_analysis_31136303_4.out:
deg_analysis_31136303_4.out:DE analysis completed!
deg_analysis_31136303_4.out:
deg_analysis_31136303_4.out:Total runtime: 9482.6 seconds
deg_analysis_31136303_5.out:
deg_analysis_31136303_5.out:DE analysis started...
deg_analysis_31136303_5.out:Loaded input file:  ./data/tahoe/pseudobulk_processed/sep_rep/by_celltype/CVCL_0152_processed.h5ad 
deg_analysis_31136303_5.out:Initial dimensions:  1341  samples ×  62710  genes
deg_analysis_31136303_5.out:Filter samples with the low number of cells
deg_analysis_31136303_5.out:    Filter threshold (min_cells):  10 
deg_analysis_31136303_5.out:    n_obs:  1341 -->  1334 
deg_analysis_31136303_5.out:
deg_analysis_31136303_5.out:▶︎ Processing cell_type  1 / 1 :  CVCL_0152 
deg_analysis_31136303_5.out:    Filter controls by  pert_time_h  column
deg_analysis_31136303_5.out:        n_obs:  1334 -->  1334 
deg_analysis_31136303_5.out:
deg_analysis_31136303_5.out:    Running contrast 1/1306
deg_analysis_31136303_5.out:    Running contrast 6/1306
deg_analysis_31136303_5.out:    Running contrast 11/1306
deg_analysis_31136303_5.out:    Running contrast 16/1306
deg_analysis_31136303_5.out:    Running contrast 21/1306
deg_analysis_31136303_5.out:    Running contrast 26/1306
deg_analysis_31136303_5.out:    Running contrast 31/1306
deg_analysis_31136303_5.out:    Running contrast 36/1306
deg_analysis_31136303_5.out:    Running contrast 41/1306
deg_analysis_31136303_5.out:    Running contrast 46/1306
deg_analysis_31136303_5.out:    Running contrast 51/1306
deg_analysis_31136303_5.out:    Running contrast 56/1306
deg_analysis_31136303_5.out:    Running contrast 61/1306
deg_analysis_31136303_5.out:    Running contrast 66/1306
deg_analysis_31136303_5.out:    Running contrast 71/1306
deg_analysis_31136303_5.out:    Running contrast 76/1306
deg_analysis_31136303_5.out:    Running contrast 81/1306
deg_analysis_31136303_5.out:    Running contrast 86/1306
deg_analysis_31136303_5.out:    Running contrast 91/1306
deg_analysis_31136303_5.out:    Running contrast 96/1306
deg_analysis_31136303_5.out:    Running contrast 101/1306
deg_analysis_31136303_5.out:    Running contrast 106/1306
deg_analysis_31136303_5.out:    Running contrast 111/1306
deg_analysis_31136303_5.out:    Running contrast 116/1306
deg_analysis_31136303_5.out:    Running contrast 121/1306
deg_analysis_31136303_5.out:    Running contrast 126/1306
deg_analysis_31136303_5.out:    Running contrast 131/1306
deg_analysis_31136303_5.out:    Running contrast 136/1306
deg_analysis_31136303_5.out:    Running contrast 141/1306
deg_analysis_31136303_5.out:    Running contrast 146/1306
deg_analysis_31136303_5.out:    Running contrast 151/1306
deg_analysis_31136303_5.out:    Running contrast 156/1306
deg_analysis_31136303_5.out:    Running contrast 161/1306
deg_analysis_31136303_5.out:    Running contrast 166/1306
deg_analysis_31136303_5.out:    Running contrast 171/1306
deg_analysis_31136303_5.out:    Running contrast 176/1306
deg_analysis_31136303_5.out:    Running contrast 181/1306
deg_analysis_31136303_5.out:    Running contrast 186/1306
deg_analysis_31136303_5.out:    Running contrast 191/1306
deg_analysis_31136303_5.out:    Running contrast 196/1306
deg_analysis_31136303_5.out:    Running contrast 201/1306
deg_analysis_31136303_5.out:    Running contrast 206/1306
deg_analysis_31136303_5.out:    Running contrast 211/1306
deg_analysis_31136303_5.out:    Running contrast 216/1306
deg_analysis_31136303_5.out:    Running contrast 221/1306
deg_analysis_31136303_5.out:    Running contrast 226/1306
deg_analysis_31136303_5.out:    Running contrast 231/1306
deg_analysis_31136303_5.out:    Running contrast 236/1306
deg_analysis_31136303_5.out:    Running contrast 241/1306
deg_analysis_31136303_5.out:    Running contrast 246/1306
deg_analysis_31136303_5.out:    Running contrast 251/1306
deg_analysis_31136303_5.out:    Running contrast 256/1306
deg_analysis_31136303_5.out:    Running contrast 261/1306
deg_analysis_31136303_5.out:    Running contrast 266/1306
deg_analysis_31136303_5.out:    Running contrast 271/1306
deg_analysis_31136303_5.out:    Running contrast 276/1306
deg_analysis_31136303_5.out:    Running contrast 281/1306
deg_analysis_31136303_5.out:    Running contrast 286/1306
deg_analysis_31136303_5.out:    Running contrast 291/1306
deg_analysis_31136303_5.out:    Running contrast 296/1306
deg_analysis_31136303_5.out:    Running contrast 301/1306
deg_analysis_31136303_5.out:    Running contrast 306/1306
deg_analysis_31136303_5.out:    Running contrast 311/1306
deg_analysis_31136303_5.out:    Running contrast 316/1306
deg_analysis_31136303_5.out:    Running contrast 321/1306
deg_analysis_31136303_5.out:    Running contrast 326/1306
deg_analysis_31136303_5.out:    Running contrast 331/1306
deg_analysis_31136303_5.out:    Running contrast 336/1306
deg_analysis_31136303_5.out:    Running contrast 341/1306
deg_analysis_31136303_5.out:    Running contrast 346/1306
deg_analysis_31136303_5.out:    Running contrast 351/1306
deg_analysis_31136303_5.out:    Running contrast 356/1306
deg_analysis_31136303_5.out:    Running contrast 361/1306
deg_analysis_31136303_5.out:    Running contrast 366/1306
deg_analysis_31136303_5.out:    Running contrast 371/1306
deg_analysis_31136303_5.out:    Running contrast 376/1306
deg_analysis_31136303_5.out:    Running contrast 381/1306
deg_analysis_31136303_5.out:    Running contrast 386/1306
deg_analysis_31136303_5.out:    Running contrast 391/1306
deg_analysis_31136303_5.out:    Running contrast 396/1306
deg_analysis_31136303_5.out:    Running contrast 401/1306
deg_analysis_31136303_5.out:    Running contrast 406/1306
deg_analysis_31136303_5.out:    Running contrast 411/1306
deg_analysis_31136303_5.out:    Running contrast 416/1306
deg_analysis_31136303_5.out:    Running contrast 421/1306
deg_analysis_31136303_5.out:    Running contrast 426/1306
deg_analysis_31136303_5.out:    Running contrast 431/1306
deg_analysis_31136303_5.out:    Running contrast 436/1306
deg_analysis_31136303_5.out:    Running contrast 441/1306
deg_analysis_31136303_5.out:    Running contrast 446/1306
deg_analysis_31136303_5.out:    Running contrast 451/1306
deg_analysis_31136303_5.out:    Running contrast 456/1306
deg_analysis_31136303_5.out:    Running contrast 461/1306
deg_analysis_31136303_5.out:    Running contrast 466/1306
deg_analysis_31136303_5.out:    Running contrast 471/1306
deg_analysis_31136303_5.out:    Running contrast 476/1306
deg_analysis_31136303_5.out:    Running contrast 481/1306
deg_analysis_31136303_5.out:    Running contrast 486/1306
deg_analysis_31136303_5.out:    Running contrast 491/1306
deg_analysis_31136303_5.out:    Running contrast 496/1306
deg_analysis_31136303_5.out:    Running contrast 501/1306
deg_analysis_31136303_5.out:    Running contrast 506/1306
deg_analysis_31136303_5.out:    Running contrast 511/1306
deg_analysis_31136303_5.out:    Running contrast 516/1306
deg_analysis_31136303_5.out:    Running contrast 521/1306
deg_analysis_31136303_5.out:    Running contrast 526/1306
deg_analysis_31136303_5.out:    Running contrast 531/1306
deg_analysis_31136303_5.out:    Running contrast 536/1306
deg_analysis_31136303_5.out:    Running contrast 541/1306
deg_analysis_31136303_5.out:    Running contrast 546/1306
deg_analysis_31136303_5.out:    Running contrast 551/1306
deg_analysis_31136303_5.out:    Running contrast 556/1306
deg_analysis_31136303_5.out:    Running contrast 561/1306
deg_analysis_31136303_5.out:    Running contrast 566/1306
deg_analysis_31136303_5.out:    Running contrast 571/1306
deg_analysis_31136303_5.out:    Running contrast 576/1306
deg_analysis_31136303_5.out:    Running contrast 581/1306
deg_analysis_31136303_5.out:    Running contrast 586/1306
deg_analysis_31136303_5.out:    Running contrast 591/1306
deg_analysis_31136303_5.out:    Running contrast 596/1306
deg_analysis_31136303_5.out:    Running contrast 601/1306
deg_analysis_31136303_5.out:    Running contrast 606/1306
deg_analysis_31136303_5.out:    Running contrast 611/1306
deg_analysis_31136303_5.out:    Running contrast 616/1306
deg_analysis_31136303_5.out:    Running contrast 621/1306
deg_analysis_31136303_5.out:    Running contrast 626/1306
deg_analysis_31136303_5.out:    Running contrast 631/1306
deg_analysis_31136303_5.out:    Running contrast 636/1306
deg_analysis_31136303_5.out:    Running contrast 641/1306
deg_analysis_31136303_5.out:    Running contrast 646/1306
deg_analysis_31136303_5.out:    Running contrast 651/1306
deg_analysis_31136303_5.out:    Running contrast 656/1306
deg_analysis_31136303_5.out:    Running contrast 661/1306
deg_analysis_31136303_5.out:    Running contrast 666/1306
deg_analysis_31136303_5.out:    Running contrast 671/1306
deg_analysis_31136303_5.out:    Running contrast 676/1306
deg_analysis_31136303_5.out:    Running contrast 681/1306
deg_analysis_31136303_5.out:    Running contrast 686/1306
deg_analysis_31136303_5.out:    Running contrast 691/1306
deg_analysis_31136303_5.out:    Running contrast 696/1306
deg_analysis_31136303_5.out:    Running contrast 701/1306
deg_analysis_31136303_5.out:    Running contrast 706/1306
deg_analysis_31136303_5.out:    Running contrast 711/1306
deg_analysis_31136303_5.out:    Running contrast 716/1306
deg_analysis_31136303_5.out:    Running contrast 721/1306
deg_analysis_31136303_5.out:    Running contrast 726/1306
deg_analysis_31136303_5.out:    Running contrast 731/1306
deg_analysis_31136303_5.out:    Running contrast 736/1306
deg_analysis_31136303_5.out:    Running contrast 741/1306
deg_analysis_31136303_5.out:    Running contrast 746/1306
deg_analysis_31136303_5.out:    Running contrast 751/1306
deg_analysis_31136303_5.out:    Running contrast 756/1306
deg_analysis_31136303_5.out:    Running contrast 761/1306
deg_analysis_31136303_5.out:    Running contrast 766/1306
deg_analysis_31136303_5.out:    Running contrast 771/1306
deg_analysis_31136303_5.out:    Running contrast 776/1306
deg_analysis_31136303_5.out:    Running contrast 781/1306
deg_analysis_31136303_5.out:    Running contrast 786/1306
deg_analysis_31136303_5.out:    Running contrast 791/1306
deg_analysis_31136303_5.out:    Running contrast 796/1306
deg_analysis_31136303_5.out:    Running contrast 801/1306
deg_analysis_31136303_5.out:    Running contrast 806/1306
deg_analysis_31136303_5.out:    Running contrast 811/1306
deg_analysis_31136303_5.out:    Running contrast 816/1306
deg_analysis_31136303_5.out:    Running contrast 821/1306
deg_analysis_31136303_5.out:    Running contrast 826/1306
deg_analysis_31136303_5.out:    Running contrast 831/1306
deg_analysis_31136303_5.out:    Running contrast 836/1306
deg_analysis_31136303_5.out:    Running contrast 841/1306
deg_analysis_31136303_5.out:    Running contrast 846/1306
deg_analysis_31136303_5.out:    Running contrast 851/1306
deg_analysis_31136303_5.out:    Running contrast 856/1306
deg_analysis_31136303_5.out:    Running contrast 861/1306
deg_analysis_31136303_5.out:    Running contrast 866/1306
deg_analysis_31136303_5.out:    Running contrast 871/1306
deg_analysis_31136303_5.out:    Running contrast 876/1306
deg_analysis_31136303_5.out:    Running contrast 881/1306
deg_analysis_31136303_5.out:    Running contrast 886/1306
deg_analysis_31136303_5.out:    Running contrast 891/1306
deg_analysis_31136303_5.out:    Running contrast 896/1306
deg_analysis_31136303_5.out:    Running contrast 901/1306
deg_analysis_31136303_5.out:    Running contrast 906/1306
deg_analysis_31136303_5.out:    Running contrast 911/1306
deg_analysis_31136303_5.out:    Running contrast 916/1306
deg_analysis_31136303_5.out:    Running contrast 921/1306
deg_analysis_31136303_5.out:    Running contrast 926/1306
deg_analysis_31136303_5.out:    Running contrast 931/1306
deg_analysis_31136303_5.out:    Running contrast 936/1306
deg_analysis_31136303_5.out:    Running contrast 941/1306
deg_analysis_31136303_5.out:    Running contrast 946/1306
deg_analysis_31136303_5.out:    Running contrast 951/1306
deg_analysis_31136303_5.out:    Running contrast 956/1306
deg_analysis_31136303_5.out:    Running contrast 961/1306
deg_analysis_31136303_5.out:    Running contrast 966/1306
deg_analysis_31136303_5.out:    Running contrast 971/1306
deg_analysis_31136303_5.out:    Running contrast 976/1306
deg_analysis_31136303_5.out:    Running contrast 981/1306
deg_analysis_31136303_5.out:    Running contrast 986/1306
deg_analysis_31136303_5.out:    Running contrast 991/1306
deg_analysis_31136303_5.out:    Running contrast 996/1306
deg_analysis_31136303_5.out:    Running contrast 1001/1306
deg_analysis_31136303_5.out:    Running contrast 1006/1306
deg_analysis_31136303_5.out:    Running contrast 1011/1306
deg_analysis_31136303_5.out:    Running contrast 1016/1306
deg_analysis_31136303_5.out:    Running contrast 1021/1306
deg_analysis_31136303_5.out:    Running contrast 1026/1306
deg_analysis_31136303_5.out:    Running contrast 1031/1306
deg_analysis_31136303_5.out:    Running contrast 1036/1306
deg_analysis_31136303_5.out:    Running contrast 1041/1306
deg_analysis_31136303_5.out:    Running contrast 1046/1306
deg_analysis_31136303_5.out:    Running contrast 1051/1306
deg_analysis_31136303_5.out:    Running contrast 1056/1306
deg_analysis_31136303_5.out:    Running contrast 1061/1306
deg_analysis_31136303_5.out:    Running contrast 1066/1306
deg_analysis_31136303_5.out:    Running contrast 1071/1306
deg_analysis_31136303_5.out:    Running contrast 1076/1306
deg_analysis_31136303_5.out:    Running contrast 1081/1306
deg_analysis_31136303_5.out:    Running contrast 1086/1306
deg_analysis_31136303_5.out:    Running contrast 1091/1306
deg_analysis_31136303_5.out:    Running contrast 1096/1306
deg_analysis_31136303_5.out:    Running contrast 1101/1306
deg_analysis_31136303_5.out:    Running contrast 1106/1306
deg_analysis_31136303_5.out:    Running contrast 1111/1306
deg_analysis_31136303_5.out:    Running contrast 1116/1306
deg_analysis_31136303_5.out:    Running contrast 1121/1306
deg_analysis_31136303_5.out:    Running contrast 1126/1306
deg_analysis_31136303_5.out:    Running contrast 1131/1306
deg_analysis_31136303_5.out:    Running contrast 1136/1306
deg_analysis_31136303_5.out:    Running contrast 1141/1306
deg_analysis_31136303_5.out:    Running contrast 1146/1306
deg_analysis_31136303_5.out:    Running contrast 1151/1306
deg_analysis_31136303_5.out:    Running contrast 1156/1306
deg_analysis_31136303_5.out:    Running contrast 1161/1306
deg_analysis_31136303_5.out:    Running contrast 1166/1306
deg_analysis_31136303_5.out:    Running contrast 1171/1306
deg_analysis_31136303_5.out:    Running contrast 1176/1306
deg_analysis_31136303_5.out:    Running contrast 1181/1306
deg_analysis_31136303_5.out:    Running contrast 1186/1306
deg_analysis_31136303_5.out:    Running contrast 1191/1306
deg_analysis_31136303_5.out:    Running contrast 1196/1306
deg_analysis_31136303_5.out:    Running contrast 1201/1306
deg_analysis_31136303_5.out:    Running contrast 1206/1306
deg_analysis_31136303_5.out:    Running contrast 1211/1306
deg_analysis_31136303_5.out:    Running contrast 1216/1306
deg_analysis_31136303_5.out:    Running contrast 1221/1306
deg_analysis_31136303_5.out:    Running contrast 1226/1306
deg_analysis_31136303_5.out:    Running contrast 1231/1306
deg_analysis_31136303_5.out:    Running contrast 1236/1306
deg_analysis_31136303_5.out:    Running contrast 1241/1306
deg_analysis_31136303_5.out:    Running contrast 1246/1306
deg_analysis_31136303_5.out:    Running contrast 1251/1306
deg_analysis_31136303_5.out:    Running contrast 1256/1306
deg_analysis_31136303_5.out:    Running contrast 1261/1306
deg_analysis_31136303_5.out:    Running contrast 1266/1306
deg_analysis_31136303_5.out:    Running contrast 1271/1306
deg_analysis_31136303_5.out:    Running contrast 1276/1306
deg_analysis_31136303_5.out:    Running contrast 1281/1306
deg_analysis_31136303_5.out:    Running contrast 1286/1306
deg_analysis_31136303_5.out:    Running contrast 1291/1306
deg_analysis_31136303_5.out:    Running contrast 1296/1306
deg_analysis_31136303_5.out:    Running contrast 1301/1306
deg_analysis_31136303_5.out:    Running contrast 1306/1306
deg_analysis_31136303_5.out:
deg_analysis_31136303_5.out:    Writing:  ./data/tahoe/deg_data/sep_rep/full/qc_false/filter_min_cells_10/CVCL_0152_de.h5ad 
deg_analysis_31136303_5.out:
deg_analysis_31136303_5.out:    Rewriting h5ad file: ./data/tahoe/deg_data/sep_rep/full/qc_false/filter_min_cells_10/CVCL_0152_de.h5ad 
deg_analysis_31136303_5.out:    Removed X matrix
deg_analysis_31136303_5.out:    Rewriting h5ad file is done!
deg_analysis_31136303_5.out:✓ Cell line completed in 10417.1 seconds
deg_analysis_31136303_5.out:
deg_analysis_31136303_5.out:DE analysis completed!
deg_analysis_31136303_5.out:
deg_analysis_31136303_5.out:Total runtime: 10428.6 seconds
deg_analysis_31136303_6.out:
deg_analysis_31136303_6.out:DE analysis started...
deg_analysis_31136303_6.out:Loaded input file:  ./data/tahoe/pseudobulk_processed/sep_rep/by_celltype/CVCL_0179_processed.h5ad 
deg_analysis_31136303_6.out:Initial dimensions:  1338  samples ×  62710  genes
deg_analysis_31136303_6.out:Filter samples with the low number of cells
deg_analysis_31136303_6.out:    Filter threshold (min_cells):  10 
deg_analysis_31136303_6.out:    n_obs:  1338 -->  1334 
deg_analysis_31136303_6.out:
deg_analysis_31136303_6.out:▶︎ Processing cell_type  1 / 1 :  CVCL_0179 
deg_analysis_31136303_6.out:    Filter controls by  pert_time_h  column
deg_analysis_31136303_6.out:        n_obs:  1334 -->  1334 
deg_analysis_31136303_6.out:
deg_analysis_31136303_6.out:    Running contrast 1/1306
deg_analysis_31136303_6.out:    Running contrast 6/1306
deg_analysis_31136303_6.out:    Running contrast 11/1306
deg_analysis_31136303_6.out:    Running contrast 16/1306
deg_analysis_31136303_6.out:    Running contrast 21/1306
deg_analysis_31136303_6.out:    Running contrast 26/1306
deg_analysis_31136303_6.out:    Running contrast 31/1306
deg_analysis_31136303_6.out:    Running contrast 36/1306
deg_analysis_31136303_6.out:    Running contrast 41/1306
deg_analysis_31136303_6.out:    Running contrast 46/1306
deg_analysis_31136303_6.out:    Running contrast 51/1306
deg_analysis_31136303_6.out:    Running contrast 56/1306
deg_analysis_31136303_6.out:    Running contrast 61/1306
deg_analysis_31136303_6.out:    Running contrast 66/1306
deg_analysis_31136303_6.out:    Running contrast 71/1306
deg_analysis_31136303_6.out:    Running contrast 76/1306
deg_analysis_31136303_6.out:    Running contrast 81/1306
deg_analysis_31136303_6.out:    Running contrast 86/1306
deg_analysis_31136303_6.out:    Running contrast 91/1306
deg_analysis_31136303_6.out:    Running contrast 96/1306
deg_analysis_31136303_6.out:    Running contrast 101/1306
deg_analysis_31136303_6.out:    Running contrast 106/1306
deg_analysis_31136303_6.out:    Running contrast 111/1306
deg_analysis_31136303_6.out:    Running contrast 116/1306
deg_analysis_31136303_6.out:    Running contrast 121/1306
deg_analysis_31136303_6.out:    Running contrast 126/1306
deg_analysis_31136303_6.out:    Running contrast 131/1306
deg_analysis_31136303_6.out:    Running contrast 136/1306
deg_analysis_31136303_6.out:    Running contrast 141/1306
deg_analysis_31136303_6.out:    Running contrast 146/1306
deg_analysis_31136303_6.out:    Running contrast 151/1306
deg_analysis_31136303_6.out:    Running contrast 156/1306
deg_analysis_31136303_6.out:    Running contrast 161/1306
deg_analysis_31136303_6.out:    Running contrast 166/1306
deg_analysis_31136303_6.out:    Running contrast 171/1306
deg_analysis_31136303_6.out:    Running contrast 176/1306
deg_analysis_31136303_6.out:    Running contrast 181/1306
deg_analysis_31136303_6.out:    Running contrast 186/1306
deg_analysis_31136303_6.out:    Running contrast 191/1306
deg_analysis_31136303_6.out:    Running contrast 196/1306
deg_analysis_31136303_6.out:    Running contrast 201/1306
deg_analysis_31136303_6.out:    Running contrast 206/1306
deg_analysis_31136303_6.out:    Running contrast 211/1306
deg_analysis_31136303_6.out:    Running contrast 216/1306
deg_analysis_31136303_6.out:    Running contrast 221/1306
deg_analysis_31136303_6.out:    Running contrast 226/1306
deg_analysis_31136303_6.out:    Running contrast 231/1306
deg_analysis_31136303_6.out:    Running contrast 236/1306
deg_analysis_31136303_6.out:    Running contrast 241/1306
deg_analysis_31136303_6.out:    Running contrast 246/1306
deg_analysis_31136303_6.out:    Running contrast 251/1306
deg_analysis_31136303_6.out:    Running contrast 256/1306
deg_analysis_31136303_6.out:    Running contrast 261/1306
deg_analysis_31136303_6.out:    Running contrast 266/1306
deg_analysis_31136303_6.out:    Running contrast 271/1306
deg_analysis_31136303_6.out:    Running contrast 276/1306
deg_analysis_31136303_6.out:    Running contrast 281/1306
deg_analysis_31136303_6.out:    Running contrast 286/1306
deg_analysis_31136303_6.out:    Running contrast 291/1306
deg_analysis_31136303_6.out:    Running contrast 296/1306
deg_analysis_31136303_6.out:    Running contrast 301/1306
deg_analysis_31136303_6.out:    Running contrast 306/1306
deg_analysis_31136303_6.out:    Running contrast 311/1306
deg_analysis_31136303_6.out:    Running contrast 316/1306
deg_analysis_31136303_6.out:    Running contrast 321/1306
deg_analysis_31136303_6.out:    Running contrast 326/1306
deg_analysis_31136303_6.out:    Running contrast 331/1306
deg_analysis_31136303_6.out:    Running contrast 336/1306
deg_analysis_31136303_6.out:    Running contrast 341/1306
deg_analysis_31136303_6.out:    Running contrast 346/1306
deg_analysis_31136303_6.out:    Running contrast 351/1306
deg_analysis_31136303_6.out:    Running contrast 356/1306
deg_analysis_31136303_6.out:    Running contrast 361/1306
deg_analysis_31136303_6.out:    Running contrast 366/1306
deg_analysis_31136303_6.out:    Running contrast 371/1306
deg_analysis_31136303_6.out:    Running contrast 376/1306
deg_analysis_31136303_6.out:    Running contrast 381/1306
deg_analysis_31136303_6.out:    Running contrast 386/1306
deg_analysis_31136303_6.out:    Running contrast 391/1306
deg_analysis_31136303_6.out:    Running contrast 396/1306
deg_analysis_31136303_6.out:    Running contrast 401/1306
deg_analysis_31136303_6.out:    Running contrast 406/1306
deg_analysis_31136303_6.out:    Running contrast 411/1306
deg_analysis_31136303_6.out:    Running contrast 416/1306
deg_analysis_31136303_6.out:    Running contrast 421/1306
deg_analysis_31136303_6.out:    Running contrast 426/1306
deg_analysis_31136303_6.out:    Running contrast 431/1306
deg_analysis_31136303_6.out:    Running contrast 436/1306
deg_analysis_31136303_6.out:    Running contrast 441/1306
deg_analysis_31136303_6.out:    Running contrast 446/1306
deg_analysis_31136303_6.out:    Running contrast 451/1306
deg_analysis_31136303_6.out:    Running contrast 456/1306
deg_analysis_31136303_6.out:    Running contrast 461/1306
deg_analysis_31136303_6.out:    Running contrast 466/1306
deg_analysis_31136303_6.out:    Running contrast 471/1306
deg_analysis_31136303_6.out:    Running contrast 476/1306
deg_analysis_31136303_6.out:    Running contrast 481/1306
deg_analysis_31136303_6.out:    Running contrast 486/1306
deg_analysis_31136303_6.out:    Running contrast 491/1306
deg_analysis_31136303_6.out:    Running contrast 496/1306
deg_analysis_31136303_6.out:    Running contrast 501/1306
deg_analysis_31136303_6.out:    Running contrast 506/1306
deg_analysis_31136303_6.out:    Running contrast 511/1306
deg_analysis_31136303_6.out:    Running contrast 516/1306
deg_analysis_31136303_6.out:    Running contrast 521/1306
deg_analysis_31136303_6.out:    Running contrast 526/1306
deg_analysis_31136303_6.out:    Running contrast 531/1306
deg_analysis_31136303_6.out:    Running contrast 536/1306
deg_analysis_31136303_6.out:    Running contrast 541/1306
deg_analysis_31136303_6.out:    Running contrast 546/1306
deg_analysis_31136303_6.out:    Running contrast 551/1306
deg_analysis_31136303_6.out:    Running contrast 556/1306
deg_analysis_31136303_6.out:    Running contrast 561/1306
deg_analysis_31136303_6.out:    Running contrast 566/1306
deg_analysis_31136303_6.out:    Running contrast 571/1306
deg_analysis_31136303_6.out:    Running contrast 576/1306
deg_analysis_31136303_6.out:    Running contrast 581/1306
deg_analysis_31136303_6.out:    Running contrast 586/1306
deg_analysis_31136303_6.out:    Running contrast 591/1306
deg_analysis_31136303_6.out:    Running contrast 596/1306
deg_analysis_31136303_6.out:    Running contrast 601/1306
deg_analysis_31136303_6.out:    Running contrast 606/1306
deg_analysis_31136303_6.out:    Running contrast 611/1306
deg_analysis_31136303_6.out:    Running contrast 616/1306
deg_analysis_31136303_6.out:    Running contrast 621/1306
deg_analysis_31136303_6.out:    Running contrast 626/1306
deg_analysis_31136303_6.out:    Running contrast 631/1306
deg_analysis_31136303_6.out:    Running contrast 636/1306
deg_analysis_31136303_6.out:    Running contrast 641/1306
deg_analysis_31136303_6.out:    Running contrast 646/1306
deg_analysis_31136303_6.out:    Running contrast 651/1306
deg_analysis_31136303_6.out:    Running contrast 656/1306
deg_analysis_31136303_6.out:    Running contrast 661/1306
deg_analysis_31136303_6.out:    Running contrast 666/1306
deg_analysis_31136303_6.out:    Running contrast 671/1306
deg_analysis_31136303_6.out:    Running contrast 676/1306
deg_analysis_31136303_6.out:    Running contrast 681/1306
deg_analysis_31136303_6.out:    Running contrast 686/1306
deg_analysis_31136303_6.out:    Running contrast 691/1306
deg_analysis_31136303_6.out:    Running contrast 696/1306
deg_analysis_31136303_6.out:    Running contrast 701/1306
deg_analysis_31136303_6.out:    Running contrast 706/1306
deg_analysis_31136303_6.out:    Running contrast 711/1306
deg_analysis_31136303_6.out:    Running contrast 716/1306
deg_analysis_31136303_6.out:    Running contrast 721/1306
deg_analysis_31136303_6.out:    Running contrast 726/1306
deg_analysis_31136303_6.out:    Running contrast 731/1306
deg_analysis_31136303_6.out:    Running contrast 736/1306
deg_analysis_31136303_6.out:    Running contrast 741/1306
deg_analysis_31136303_6.out:    Running contrast 746/1306
deg_analysis_31136303_6.out:    Running contrast 751/1306
deg_analysis_31136303_6.out:    Running contrast 756/1306
deg_analysis_31136303_6.out:    Running contrast 761/1306
deg_analysis_31136303_6.out:    Running contrast 766/1306
deg_analysis_31136303_6.out:    Running contrast 771/1306
deg_analysis_31136303_6.out:    Running contrast 776/1306
deg_analysis_31136303_6.out:    Running contrast 781/1306
deg_analysis_31136303_6.out:    Running contrast 786/1306
deg_analysis_31136303_6.out:    Running contrast 791/1306
deg_analysis_31136303_6.out:    Running contrast 796/1306
deg_analysis_31136303_6.out:    Running contrast 801/1306
deg_analysis_31136303_6.out:    Running contrast 806/1306
deg_analysis_31136303_6.out:    Running contrast 811/1306
deg_analysis_31136303_6.out:    Running contrast 816/1306
deg_analysis_31136303_6.out:    Running contrast 821/1306
deg_analysis_31136303_6.out:    Running contrast 826/1306
deg_analysis_31136303_6.out:    Running contrast 831/1306
deg_analysis_31136303_6.out:    Running contrast 836/1306
deg_analysis_31136303_6.out:    Running contrast 841/1306
deg_analysis_31136303_6.out:    Running contrast 846/1306
deg_analysis_31136303_6.out:    Running contrast 851/1306
deg_analysis_31136303_6.out:    Running contrast 856/1306
deg_analysis_31136303_6.out:    Running contrast 861/1306
deg_analysis_31136303_6.out:    Running contrast 866/1306
deg_analysis_31136303_6.out:    Running contrast 871/1306
deg_analysis_31136303_6.out:    Running contrast 876/1306
deg_analysis_31136303_6.out:    Running contrast 881/1306
deg_analysis_31136303_6.out:    Running contrast 886/1306
deg_analysis_31136303_6.out:    Running contrast 891/1306
deg_analysis_31136303_6.out:    Running contrast 896/1306
deg_analysis_31136303_6.out:    Running contrast 901/1306
deg_analysis_31136303_6.out:    Running contrast 906/1306
deg_analysis_31136303_6.out:    Running contrast 911/1306
deg_analysis_31136303_6.out:    Running contrast 916/1306
deg_analysis_31136303_6.out:    Running contrast 921/1306
deg_analysis_31136303_6.out:    Running contrast 926/1306
deg_analysis_31136303_6.out:    Running contrast 931/1306
deg_analysis_31136303_6.out:    Running contrast 936/1306
deg_analysis_31136303_6.out:    Running contrast 941/1306
deg_analysis_31136303_6.out:    Running contrast 946/1306
deg_analysis_31136303_6.out:    Running contrast 951/1306
deg_analysis_31136303_6.out:    Running contrast 956/1306
deg_analysis_31136303_6.out:    Running contrast 961/1306
deg_analysis_31136303_6.out:    Running contrast 966/1306
deg_analysis_31136303_6.out:    Running contrast 971/1306
deg_analysis_31136303_6.out:    Running contrast 976/1306
deg_analysis_31136303_6.out:    Running contrast 981/1306
deg_analysis_31136303_6.out:    Running contrast 986/1306
deg_analysis_31136303_6.out:    Running contrast 991/1306
deg_analysis_31136303_6.out:    Running contrast 996/1306
deg_analysis_31136303_6.out:    Running contrast 1001/1306
deg_analysis_31136303_6.out:    Running contrast 1006/1306
deg_analysis_31136303_6.out:    Running contrast 1011/1306
deg_analysis_31136303_6.out:    Running contrast 1016/1306
deg_analysis_31136303_6.out:    Running contrast 1021/1306
deg_analysis_31136303_6.out:    Running contrast 1026/1306
deg_analysis_31136303_6.out:    Running contrast 1031/1306
deg_analysis_31136303_6.out:    Running contrast 1036/1306
deg_analysis_31136303_6.out:    Running contrast 1041/1306
deg_analysis_31136303_6.out:    Running contrast 1046/1306
deg_analysis_31136303_6.out:    Running contrast 1051/1306
deg_analysis_31136303_6.out:    Running contrast 1056/1306
deg_analysis_31136303_6.out:    Running contrast 1061/1306
deg_analysis_31136303_6.out:    Running contrast 1066/1306
deg_analysis_31136303_6.out:    Running contrast 1071/1306
deg_analysis_31136303_6.out:    Running contrast 1076/1306
deg_analysis_31136303_6.out:    Running contrast 1081/1306
deg_analysis_31136303_6.out:    Running contrast 1086/1306
deg_analysis_31136303_6.out:    Running contrast 1091/1306
deg_analysis_31136303_6.out:    Running contrast 1096/1306
deg_analysis_31136303_6.out:    Running contrast 1101/1306
deg_analysis_31136303_6.out:    Running contrast 1106/1306
deg_analysis_31136303_6.out:    Running contrast 1111/1306
deg_analysis_31136303_6.out:    Running contrast 1116/1306
deg_analysis_31136303_6.out:    Running contrast 1121/1306
deg_analysis_31136303_6.out:    Running contrast 1126/1306
deg_analysis_31136303_6.out:    Running contrast 1131/1306
deg_analysis_31136303_6.out:    Running contrast 1136/1306
deg_analysis_31136303_6.out:    Running contrast 1141/1306
deg_analysis_31136303_6.out:    Running contrast 1146/1306
deg_analysis_31136303_6.out:    Running contrast 1151/1306
deg_analysis_31136303_6.out:    Running contrast 1156/1306
deg_analysis_31136303_6.out:    Running contrast 1161/1306
deg_analysis_31136303_6.out:    Running contrast 1166/1306
deg_analysis_31136303_6.out:    Running contrast 1171/1306
deg_analysis_31136303_6.out:    Running contrast 1176/1306
deg_analysis_31136303_6.out:    Running contrast 1181/1306
deg_analysis_31136303_6.out:    Running contrast 1186/1306
deg_analysis_31136303_6.out:    Running contrast 1191/1306
deg_analysis_31136303_6.out:    Running contrast 1196/1306
deg_analysis_31136303_6.out:    Running contrast 1201/1306
deg_analysis_31136303_6.out:    Running contrast 1206/1306
deg_analysis_31136303_6.out:    Running contrast 1211/1306
deg_analysis_31136303_6.out:    Running contrast 1216/1306
deg_analysis_31136303_6.out:    Running contrast 1221/1306
deg_analysis_31136303_6.out:    Running contrast 1226/1306
deg_analysis_31136303_6.out:    Running contrast 1231/1306
deg_analysis_31136303_6.out:    Running contrast 1236/1306
deg_analysis_31136303_6.out:    Running contrast 1241/1306
deg_analysis_31136303_6.out:    Running contrast 1246/1306
deg_analysis_31136303_6.out:    Running contrast 1251/1306
deg_analysis_31136303_6.out:    Running contrast 1256/1306
deg_analysis_31136303_6.out:    Running contrast 1261/1306
deg_analysis_31136303_6.out:    Running contrast 1266/1306
deg_analysis_31136303_6.out:    Running contrast 1271/1306
deg_analysis_31136303_6.out:    Running contrast 1276/1306
deg_analysis_31136303_6.out:    Running contrast 1281/1306
deg_analysis_31136303_6.out:    Running contrast 1286/1306
deg_analysis_31136303_6.out:    Running contrast 1291/1306
deg_analysis_31136303_6.out:    Running contrast 1296/1306
deg_analysis_31136303_6.out:    Running contrast 1301/1306
deg_analysis_31136303_6.out:    Running contrast 1306/1306
deg_analysis_31136303_6.out:
deg_analysis_31136303_6.out:    Writing:  ./data/tahoe/deg_data/sep_rep/full/qc_false/filter_min_cells_10/CVCL_0179_de.h5ad 
deg_analysis_31136303_6.out:
deg_analysis_31136303_6.out:    Rewriting h5ad file: ./data/tahoe/deg_data/sep_rep/full/qc_false/filter_min_cells_10/CVCL_0179_de.h5ad 
deg_analysis_31136303_6.out:    Removed X matrix
deg_analysis_31136303_6.out:    Rewriting h5ad file is done!
deg_analysis_31136303_6.out:✓ Cell line completed in 9187.6 seconds
deg_analysis_31136303_6.out:
deg_analysis_31136303_6.out:DE analysis completed!
deg_analysis_31136303_6.out:
deg_analysis_31136303_6.out:Total runtime: 9216.1 seconds
deg_analysis_31136303_7.out:
deg_analysis_31136303_7.out:DE analysis started...
deg_analysis_31136303_7.out:Loaded input file:  ./data/tahoe/pseudobulk_processed/sep_rep/by_celltype/CVCL_0218_processed.h5ad 
deg_analysis_31136303_7.out:Initial dimensions:  1343  samples ×  62710  genes
deg_analysis_31136303_7.out:Filter samples with the low number of cells
deg_analysis_31136303_7.out:    Filter threshold (min_cells):  10 
deg_analysis_31136303_7.out:    n_obs:  1343 -->  1335 
deg_analysis_31136303_7.out:
deg_analysis_31136303_7.out:▶︎ Processing cell_type  1 / 1 :  CVCL_0218 
deg_analysis_31136303_7.out:    Filter controls by  pert_time_h  column
deg_analysis_31136303_7.out:        n_obs:  1335 -->  1335 
deg_analysis_31136303_7.out:
deg_analysis_31136303_7.out:    Running contrast 1/1307
deg_analysis_31136303_7.out:    Running contrast 6/1307
deg_analysis_31136303_7.out:    Running contrast 11/1307
deg_analysis_31136303_7.out:    Running contrast 16/1307
deg_analysis_31136303_7.out:    Running contrast 21/1307
deg_analysis_31136303_7.out:    Running contrast 26/1307
deg_analysis_31136303_7.out:    Running contrast 31/1307
deg_analysis_31136303_7.out:    Running contrast 36/1307
deg_analysis_31136303_7.out:    Running contrast 41/1307
deg_analysis_31136303_7.out:    Running contrast 46/1307
deg_analysis_31136303_7.out:    Running contrast 51/1307
deg_analysis_31136303_7.out:    Running contrast 56/1307
deg_analysis_31136303_7.out:    Running contrast 61/1307
deg_analysis_31136303_7.out:    Running contrast 66/1307
deg_analysis_31136303_7.out:    Running contrast 71/1307
deg_analysis_31136303_7.out:    Running contrast 76/1307
deg_analysis_31136303_7.out:    Running contrast 81/1307
deg_analysis_31136303_7.out:    Running contrast 86/1307
deg_analysis_31136303_7.out:    Running contrast 91/1307
deg_analysis_31136303_7.out:    Running contrast 96/1307
deg_analysis_31136303_7.out:    Running contrast 101/1307
deg_analysis_31136303_7.out:    Running contrast 106/1307
deg_analysis_31136303_7.out:    Running contrast 111/1307
deg_analysis_31136303_7.out:    Running contrast 116/1307
deg_analysis_31136303_7.out:    Running contrast 121/1307
deg_analysis_31136303_7.out:    Running contrast 126/1307
deg_analysis_31136303_7.out:    Running contrast 131/1307
deg_analysis_31136303_7.out:    Running contrast 136/1307
deg_analysis_31136303_7.out:    Running contrast 141/1307
deg_analysis_31136303_7.out:    Running contrast 146/1307
deg_analysis_31136303_7.out:    Running contrast 151/1307
deg_analysis_31136303_7.out:    Running contrast 156/1307
deg_analysis_31136303_7.out:    Running contrast 161/1307
deg_analysis_31136303_7.out:    Running contrast 166/1307
deg_analysis_31136303_7.out:    Running contrast 171/1307
deg_analysis_31136303_7.out:    Running contrast 176/1307
deg_analysis_31136303_7.out:    Running contrast 181/1307
deg_analysis_31136303_7.out:    Running contrast 186/1307
deg_analysis_31136303_7.out:    Running contrast 191/1307
deg_analysis_31136303_7.out:    Running contrast 196/1307
deg_analysis_31136303_7.out:    Running contrast 201/1307
deg_analysis_31136303_7.out:    Running contrast 206/1307
deg_analysis_31136303_7.out:    Running contrast 211/1307
deg_analysis_31136303_7.out:    Running contrast 216/1307
deg_analysis_31136303_7.out:    Running contrast 221/1307
deg_analysis_31136303_7.out:    Running contrast 226/1307
deg_analysis_31136303_7.out:    Running contrast 231/1307
deg_analysis_31136303_7.out:    Running contrast 236/1307
deg_analysis_31136303_7.out:    Running contrast 241/1307
deg_analysis_31136303_7.out:    Running contrast 246/1307
deg_analysis_31136303_7.out:    Running contrast 251/1307
deg_analysis_31136303_7.out:    Running contrast 256/1307
deg_analysis_31136303_7.out:    Running contrast 261/1307
deg_analysis_31136303_7.out:    Running contrast 266/1307
deg_analysis_31136303_7.out:    Running contrast 271/1307
deg_analysis_31136303_7.out:    Running contrast 276/1307
deg_analysis_31136303_7.out:    Running contrast 281/1307
deg_analysis_31136303_7.out:    Running contrast 286/1307
deg_analysis_31136303_7.out:    Running contrast 291/1307
deg_analysis_31136303_7.out:    Running contrast 296/1307
deg_analysis_31136303_7.out:    Running contrast 301/1307
deg_analysis_31136303_7.out:    Running contrast 306/1307
deg_analysis_31136303_7.out:    Running contrast 311/1307
deg_analysis_31136303_7.out:    Running contrast 316/1307
deg_analysis_31136303_7.out:    Running contrast 321/1307
deg_analysis_31136303_7.out:    Running contrast 326/1307
deg_analysis_31136303_7.out:    Running contrast 331/1307
deg_analysis_31136303_7.out:    Running contrast 336/1307
deg_analysis_31136303_7.out:    Running contrast 341/1307
deg_analysis_31136303_7.out:    Running contrast 346/1307
deg_analysis_31136303_7.out:    Running contrast 351/1307
deg_analysis_31136303_7.out:    Running contrast 356/1307
deg_analysis_31136303_7.out:    Running contrast 361/1307
deg_analysis_31136303_7.out:    Running contrast 366/1307
deg_analysis_31136303_7.out:    Running contrast 371/1307
deg_analysis_31136303_7.out:    Running contrast 376/1307
deg_analysis_31136303_7.out:    Running contrast 381/1307
deg_analysis_31136303_7.out:    Running contrast 386/1307
deg_analysis_31136303_7.out:    Running contrast 391/1307
deg_analysis_31136303_7.out:    Running contrast 396/1307
deg_analysis_31136303_7.out:    Running contrast 401/1307
deg_analysis_31136303_7.out:    Running contrast 406/1307
deg_analysis_31136303_7.out:    Running contrast 411/1307
deg_analysis_31136303_7.out:    Running contrast 416/1307
deg_analysis_31136303_7.out:    Running contrast 421/1307
deg_analysis_31136303_7.out:    Running contrast 426/1307
deg_analysis_31136303_7.out:    Running contrast 431/1307
deg_analysis_31136303_7.out:    Running contrast 436/1307
deg_analysis_31136303_7.out:    Running contrast 441/1307
deg_analysis_31136303_7.out:    Running contrast 446/1307
deg_analysis_31136303_7.out:    Running contrast 451/1307
deg_analysis_31136303_7.out:    Running contrast 456/1307
deg_analysis_31136303_7.out:    Running contrast 461/1307
deg_analysis_31136303_7.out:    Running contrast 466/1307
deg_analysis_31136303_7.out:    Running contrast 471/1307
deg_analysis_31136303_7.out:    Running contrast 476/1307
deg_analysis_31136303_7.out:    Running contrast 481/1307
deg_analysis_31136303_7.out:    Running contrast 486/1307
deg_analysis_31136303_7.out:    Running contrast 491/1307
deg_analysis_31136303_7.out:    Running contrast 496/1307
deg_analysis_31136303_7.out:    Running contrast 501/1307
deg_analysis_31136303_7.out:    Running contrast 506/1307
deg_analysis_31136303_7.out:    Running contrast 511/1307
deg_analysis_31136303_7.out:    Running contrast 516/1307
deg_analysis_31136303_7.out:    Running contrast 521/1307
deg_analysis_31136303_7.out:    Running contrast 526/1307
deg_analysis_31136303_7.out:    Running contrast 531/1307
deg_analysis_31136303_7.out:    Running contrast 536/1307
deg_analysis_31136303_7.out:    Running contrast 541/1307
deg_analysis_31136303_7.out:    Running contrast 546/1307
deg_analysis_31136303_7.out:    Running contrast 551/1307
deg_analysis_31136303_7.out:    Running contrast 556/1307
deg_analysis_31136303_7.out:    Running contrast 561/1307
deg_analysis_31136303_7.out:    Running contrast 566/1307
deg_analysis_31136303_7.out:    Running contrast 571/1307
deg_analysis_31136303_7.out:    Running contrast 576/1307
deg_analysis_31136303_7.out:    Running contrast 581/1307
deg_analysis_31136303_7.out:    Running contrast 586/1307
deg_analysis_31136303_7.out:    Running contrast 591/1307
deg_analysis_31136303_7.out:    Running contrast 596/1307
deg_analysis_31136303_7.out:    Running contrast 601/1307
deg_analysis_31136303_7.out:    Running contrast 606/1307
deg_analysis_31136303_7.out:    Running contrast 611/1307
deg_analysis_31136303_7.out:    Running contrast 616/1307
deg_analysis_31136303_7.out:    Running contrast 621/1307
deg_analysis_31136303_7.out:    Running contrast 626/1307
deg_analysis_31136303_7.out:    Running contrast 631/1307
deg_analysis_31136303_7.out:    Running contrast 636/1307
deg_analysis_31136303_7.out:    Running contrast 641/1307
deg_analysis_31136303_7.out:    Running contrast 646/1307
deg_analysis_31136303_7.out:    Running contrast 651/1307
deg_analysis_31136303_7.out:    Running contrast 656/1307
deg_analysis_31136303_7.out:    Running contrast 661/1307
deg_analysis_31136303_7.out:    Running contrast 666/1307
deg_analysis_31136303_7.out:    Running contrast 671/1307
deg_analysis_31136303_7.out:    Running contrast 676/1307
deg_analysis_31136303_7.out:    Running contrast 681/1307
deg_analysis_31136303_7.out:    Running contrast 686/1307
deg_analysis_31136303_7.out:    Running contrast 691/1307
deg_analysis_31136303_7.out:    Running contrast 696/1307
deg_analysis_31136303_7.out:    Running contrast 701/1307
deg_analysis_31136303_7.out:    Running contrast 706/1307
deg_analysis_31136303_7.out:    Running contrast 711/1307
deg_analysis_31136303_7.out:    Running contrast 716/1307
deg_analysis_31136303_7.out:    Running contrast 721/1307
deg_analysis_31136303_7.out:    Running contrast 726/1307
deg_analysis_31136303_7.out:    Running contrast 731/1307
deg_analysis_31136303_7.out:    Running contrast 736/1307
deg_analysis_31136303_7.out:    Running contrast 741/1307
deg_analysis_31136303_7.out:    Running contrast 746/1307
deg_analysis_31136303_7.out:    Running contrast 751/1307
deg_analysis_31136303_7.out:    Running contrast 756/1307
deg_analysis_31136303_7.out:    Running contrast 761/1307
deg_analysis_31136303_7.out:    Running contrast 766/1307
deg_analysis_31136303_7.out:    Running contrast 771/1307
deg_analysis_31136303_7.out:    Running contrast 776/1307
deg_analysis_31136303_7.out:    Running contrast 781/1307
deg_analysis_31136303_7.out:    Running contrast 786/1307
deg_analysis_31136303_7.out:    Running contrast 791/1307
deg_analysis_31136303_7.out:    Running contrast 796/1307
deg_analysis_31136303_7.out:    Running contrast 801/1307
deg_analysis_31136303_7.out:    Running contrast 806/1307
deg_analysis_31136303_7.out:    Running contrast 811/1307
deg_analysis_31136303_7.out:    Running contrast 816/1307
deg_analysis_31136303_7.out:    Running contrast 821/1307
deg_analysis_31136303_7.out:    Running contrast 826/1307
deg_analysis_31136303_7.out:    Running contrast 831/1307
deg_analysis_31136303_7.out:    Running contrast 836/1307
deg_analysis_31136303_7.out:    Running contrast 841/1307
deg_analysis_31136303_7.out:    Running contrast 846/1307
deg_analysis_31136303_7.out:    Running contrast 851/1307
deg_analysis_31136303_7.out:    Running contrast 856/1307
deg_analysis_31136303_7.out:    Running contrast 861/1307
deg_analysis_31136303_7.out:    Running contrast 866/1307
deg_analysis_31136303_7.out:    Running contrast 871/1307
deg_analysis_31136303_7.out:    Running contrast 876/1307
deg_analysis_31136303_7.out:    Running contrast 881/1307
deg_analysis_31136303_7.out:    Running contrast 886/1307
deg_analysis_31136303_7.out:    Running contrast 891/1307
deg_analysis_31136303_7.out:    Running contrast 896/1307
deg_analysis_31136303_7.out:    Running contrast 901/1307
deg_analysis_31136303_7.out:    Running contrast 906/1307
deg_analysis_31136303_7.out:    Running contrast 911/1307
deg_analysis_31136303_7.out:    Running contrast 916/1307
deg_analysis_31136303_7.out:    Running contrast 921/1307
deg_analysis_31136303_7.out:    Running contrast 926/1307
deg_analysis_31136303_7.out:    Running contrast 931/1307
deg_analysis_31136303_7.out:    Running contrast 936/1307
deg_analysis_31136303_7.out:    Running contrast 941/1307
deg_analysis_31136303_7.out:    Running contrast 946/1307
deg_analysis_31136303_7.out:    Running contrast 951/1307
deg_analysis_31136303_7.out:    Running contrast 956/1307
deg_analysis_31136303_7.out:    Running contrast 961/1307
deg_analysis_31136303_7.out:    Running contrast 966/1307
deg_analysis_31136303_7.out:    Running contrast 971/1307
deg_analysis_31136303_7.out:    Running contrast 976/1307
deg_analysis_31136303_7.out:    Running contrast 981/1307
deg_analysis_31136303_7.out:    Running contrast 986/1307
deg_analysis_31136303_7.out:    Running contrast 991/1307
deg_analysis_31136303_7.out:    Running contrast 996/1307
deg_analysis_31136303_7.out:    Running contrast 1001/1307
deg_analysis_31136303_7.out:    Running contrast 1006/1307
deg_analysis_31136303_7.out:    Running contrast 1011/1307
deg_analysis_31136303_7.out:    Running contrast 1016/1307
deg_analysis_31136303_7.out:    Running contrast 1021/1307
deg_analysis_31136303_7.out:    Running contrast 1026/1307
deg_analysis_31136303_7.out:    Running contrast 1031/1307
deg_analysis_31136303_7.out:    Running contrast 1036/1307
deg_analysis_31136303_7.out:    Running contrast 1041/1307
deg_analysis_31136303_7.out:    Running contrast 1046/1307
deg_analysis_31136303_7.out:    Running contrast 1051/1307
deg_analysis_31136303_7.out:    Running contrast 1056/1307
deg_analysis_31136303_7.out:    Running contrast 1061/1307
deg_analysis_31136303_7.out:    Running contrast 1066/1307
deg_analysis_31136303_7.out:    Running contrast 1071/1307
deg_analysis_31136303_7.out:    Running contrast 1076/1307
deg_analysis_31136303_7.out:    Running contrast 1081/1307
deg_analysis_31136303_7.out:    Running contrast 1086/1307
deg_analysis_31136303_7.out:    Running contrast 1091/1307
deg_analysis_31136303_7.out:    Running contrast 1096/1307
deg_analysis_31136303_7.out:    Running contrast 1101/1307
deg_analysis_31136303_7.out:    Running contrast 1106/1307
deg_analysis_31136303_7.out:    Running contrast 1111/1307
deg_analysis_31136303_7.out:    Running contrast 1116/1307
deg_analysis_31136303_7.out:    Running contrast 1121/1307
deg_analysis_31136303_7.out:    Running contrast 1126/1307
deg_analysis_31136303_7.out:    Running contrast 1131/1307
deg_analysis_31136303_7.out:    Running contrast 1136/1307
deg_analysis_31136303_7.out:    Running contrast 1141/1307
deg_analysis_31136303_7.out:    Running contrast 1146/1307
deg_analysis_31136303_7.out:    Running contrast 1151/1307
deg_analysis_31136303_7.out:    Running contrast 1156/1307
deg_analysis_31136303_7.out:    Running contrast 1161/1307
deg_analysis_31136303_7.out:    Running contrast 1166/1307
deg_analysis_31136303_7.out:    Running contrast 1171/1307
deg_analysis_31136303_7.out:    Running contrast 1176/1307
deg_analysis_31136303_7.out:    Running contrast 1181/1307
deg_analysis_31136303_7.out:    Running contrast 1186/1307
deg_analysis_31136303_7.out:    Running contrast 1191/1307
deg_analysis_31136303_7.out:    Running contrast 1196/1307
deg_analysis_31136303_7.out:    Running contrast 1201/1307
deg_analysis_31136303_7.out:    Running contrast 1206/1307
deg_analysis_31136303_7.out:    Running contrast 1211/1307
deg_analysis_31136303_7.out:    Running contrast 1216/1307
deg_analysis_31136303_7.out:    Running contrast 1221/1307
deg_analysis_31136303_7.out:    Running contrast 1226/1307
deg_analysis_31136303_7.out:    Running contrast 1231/1307
deg_analysis_31136303_7.out:    Running contrast 1236/1307
deg_analysis_31136303_7.out:    Running contrast 1241/1307
deg_analysis_31136303_7.out:    Running contrast 1246/1307
deg_analysis_31136303_7.out:    Running contrast 1251/1307
deg_analysis_31136303_7.out:    Running contrast 1256/1307
deg_analysis_31136303_7.out:    Running contrast 1261/1307
deg_analysis_31136303_7.out:    Running contrast 1266/1307
deg_analysis_31136303_7.out:    Running contrast 1271/1307
deg_analysis_31136303_7.out:    Running contrast 1276/1307
deg_analysis_31136303_7.out:    Running contrast 1281/1307
deg_analysis_31136303_7.out:    Running contrast 1286/1307
deg_analysis_31136303_7.out:    Running contrast 1291/1307
deg_analysis_31136303_7.out:    Running contrast 1296/1307
deg_analysis_31136303_7.out:    Running contrast 1301/1307
deg_analysis_31136303_7.out:    Running contrast 1306/1307
deg_analysis_31136303_7.out:    Running contrast 1307/1307
deg_analysis_31136303_7.out:
deg_analysis_31136303_7.out:    Writing:  ./data/tahoe/deg_data/sep_rep/full/qc_false/filter_min_cells_10/CVCL_0218_de.h5ad 
deg_analysis_31136303_7.out:
deg_analysis_31136303_7.out:    Rewriting h5ad file: ./data/tahoe/deg_data/sep_rep/full/qc_false/filter_min_cells_10/CVCL_0218_de.h5ad 
deg_analysis_31136303_7.out:    Removed X matrix
deg_analysis_31136303_7.out:    Rewriting h5ad file is done!
deg_analysis_31136303_7.out:✓ Cell line completed in 15632.0 seconds
deg_analysis_31136303_7.out:
deg_analysis_31136303_7.out:DE analysis completed!
deg_analysis_31136303_7.out:
deg_analysis_31136303_7.out:Total runtime: 15645.5 seconds
deg_analysis_31136303_8.out:
deg_analysis_31136303_8.out:DE analysis started...
deg_analysis_31136303_8.out:Loaded input file:  ./data/tahoe/pseudobulk_processed/sep_rep/by_celltype/CVCL_0292_processed.h5ad 
deg_analysis_31136303_8.out:Initial dimensions:  1343  samples ×  62710  genes
deg_analysis_31136303_8.out:Filter samples with the low number of cells
deg_analysis_31136303_8.out:    Filter threshold (min_cells):  10 
deg_analysis_31136303_8.out:    n_obs:  1343 -->  1335 
deg_analysis_31136303_8.out:
deg_analysis_31136303_8.out:▶︎ Processing cell_type  1 / 1 :  CVCL_0292 
deg_analysis_31136303_8.out:    Filter controls by  pert_time_h  column
deg_analysis_31136303_8.out:        n_obs:  1335 -->  1335 
deg_analysis_31136303_8.out:
deg_analysis_31136303_8.out:    Running contrast 1/1307
deg_analysis_31136303_8.out:    Running contrast 6/1307
deg_analysis_31136303_8.out:    Running contrast 11/1307
deg_analysis_31136303_8.out:    Running contrast 16/1307
deg_analysis_31136303_8.out:    Running contrast 21/1307
deg_analysis_31136303_8.out:    Running contrast 26/1307
deg_analysis_31136303_8.out:    Running contrast 31/1307
deg_analysis_31136303_8.out:    Running contrast 36/1307
deg_analysis_31136303_8.out:    Running contrast 41/1307
deg_analysis_31136303_8.out:    Running contrast 46/1307
deg_analysis_31136303_8.out:    Running contrast 51/1307
deg_analysis_31136303_8.out:    Running contrast 56/1307
deg_analysis_31136303_8.out:    Running contrast 61/1307
deg_analysis_31136303_8.out:    Running contrast 66/1307
deg_analysis_31136303_8.out:    Running contrast 71/1307
deg_analysis_31136303_8.out:    Running contrast 76/1307
deg_analysis_31136303_8.out:    Running contrast 81/1307
deg_analysis_31136303_8.out:    Running contrast 86/1307
deg_analysis_31136303_8.out:    Running contrast 91/1307
deg_analysis_31136303_8.out:    Running contrast 96/1307
deg_analysis_31136303_8.out:    Running contrast 101/1307
deg_analysis_31136303_8.out:    Running contrast 106/1307
deg_analysis_31136303_8.out:    Running contrast 111/1307
deg_analysis_31136303_8.out:    Running contrast 116/1307
deg_analysis_31136303_8.out:    Running contrast 121/1307
deg_analysis_31136303_8.out:    Running contrast 126/1307
deg_analysis_31136303_8.out:    Running contrast 131/1307
deg_analysis_31136303_8.out:    Running contrast 136/1307
deg_analysis_31136303_8.out:    Running contrast 141/1307
deg_analysis_31136303_8.out:    Running contrast 146/1307
deg_analysis_31136303_8.out:    Running contrast 151/1307
deg_analysis_31136303_8.out:    Running contrast 156/1307
deg_analysis_31136303_8.out:    Running contrast 161/1307
deg_analysis_31136303_8.out:    Running contrast 166/1307
deg_analysis_31136303_8.out:    Running contrast 171/1307
deg_analysis_31136303_8.out:    Running contrast 176/1307
deg_analysis_31136303_8.out:    Running contrast 181/1307
deg_analysis_31136303_8.out:    Running contrast 186/1307
deg_analysis_31136303_8.out:    Running contrast 191/1307
deg_analysis_31136303_8.out:    Running contrast 196/1307
deg_analysis_31136303_8.out:    Running contrast 201/1307
deg_analysis_31136303_8.out:    Running contrast 206/1307
deg_analysis_31136303_8.out:    Running contrast 211/1307
deg_analysis_31136303_8.out:    Running contrast 216/1307
deg_analysis_31136303_8.out:    Running contrast 221/1307
deg_analysis_31136303_8.out:    Running contrast 226/1307
deg_analysis_31136303_8.out:    Running contrast 231/1307
deg_analysis_31136303_8.out:    Running contrast 236/1307
deg_analysis_31136303_8.out:    Running contrast 241/1307
deg_analysis_31136303_8.out:    Running contrast 246/1307
deg_analysis_31136303_8.out:    Running contrast 251/1307
deg_analysis_31136303_8.out:    Running contrast 256/1307
deg_analysis_31136303_8.out:    Running contrast 261/1307
deg_analysis_31136303_8.out:    Running contrast 266/1307
deg_analysis_31136303_8.out:    Running contrast 271/1307
deg_analysis_31136303_8.out:    Running contrast 276/1307
deg_analysis_31136303_8.out:    Running contrast 281/1307
deg_analysis_31136303_8.out:    Running contrast 286/1307
deg_analysis_31136303_8.out:    Running contrast 291/1307
deg_analysis_31136303_8.out:    Running contrast 296/1307
deg_analysis_31136303_8.out:    Running contrast 301/1307
deg_analysis_31136303_8.out:    Running contrast 306/1307
deg_analysis_31136303_8.out:    Running contrast 311/1307
deg_analysis_31136303_8.out:    Running contrast 316/1307
deg_analysis_31136303_8.out:    Running contrast 321/1307
deg_analysis_31136303_8.out:    Running contrast 326/1307
deg_analysis_31136303_8.out:    Running contrast 331/1307
deg_analysis_31136303_8.out:    Running contrast 336/1307
deg_analysis_31136303_8.out:    Running contrast 341/1307
deg_analysis_31136303_8.out:    Running contrast 346/1307
deg_analysis_31136303_8.out:    Running contrast 351/1307
deg_analysis_31136303_8.out:    Running contrast 356/1307
deg_analysis_31136303_8.out:    Running contrast 361/1307
deg_analysis_31136303_8.out:    Running contrast 366/1307
deg_analysis_31136303_8.out:    Running contrast 371/1307
deg_analysis_31136303_8.out:    Running contrast 376/1307
deg_analysis_31136303_8.out:    Running contrast 381/1307
deg_analysis_31136303_8.out:    Running contrast 386/1307
deg_analysis_31136303_8.out:    Running contrast 391/1307
deg_analysis_31136303_8.out:    Running contrast 396/1307
deg_analysis_31136303_8.out:    Running contrast 401/1307
deg_analysis_31136303_8.out:    Running contrast 406/1307
deg_analysis_31136303_8.out:    Running contrast 411/1307
deg_analysis_31136303_8.out:    Running contrast 416/1307
deg_analysis_31136303_8.out:    Running contrast 421/1307
deg_analysis_31136303_8.out:    Running contrast 426/1307
deg_analysis_31136303_8.out:    Running contrast 431/1307
deg_analysis_31136303_8.out:    Running contrast 436/1307
deg_analysis_31136303_8.out:    Running contrast 441/1307
deg_analysis_31136303_8.out:    Running contrast 446/1307
deg_analysis_31136303_8.out:    Running contrast 451/1307
deg_analysis_31136303_8.out:    Running contrast 456/1307
deg_analysis_31136303_8.out:    Running contrast 461/1307
deg_analysis_31136303_8.out:    Running contrast 466/1307
deg_analysis_31136303_8.out:    Running contrast 471/1307
deg_analysis_31136303_8.out:    Running contrast 476/1307
deg_analysis_31136303_8.out:    Running contrast 481/1307
deg_analysis_31136303_8.out:    Running contrast 486/1307
deg_analysis_31136303_8.out:    Running contrast 491/1307
deg_analysis_31136303_8.out:    Running contrast 496/1307
deg_analysis_31136303_8.out:    Running contrast 501/1307
deg_analysis_31136303_8.out:    Running contrast 506/1307
deg_analysis_31136303_8.out:    Running contrast 511/1307
deg_analysis_31136303_8.out:    Running contrast 516/1307
deg_analysis_31136303_8.out:    Running contrast 521/1307
deg_analysis_31136303_8.out:    Running contrast 526/1307
deg_analysis_31136303_8.out:    Running contrast 531/1307
deg_analysis_31136303_8.out:    Running contrast 536/1307
deg_analysis_31136303_8.out:    Running contrast 541/1307
deg_analysis_31136303_8.out:    Running contrast 546/1307
deg_analysis_31136303_8.out:    Running contrast 551/1307
deg_analysis_31136303_8.out:    Running contrast 556/1307
deg_analysis_31136303_8.out:    Running contrast 561/1307
deg_analysis_31136303_8.out:    Running contrast 566/1307
deg_analysis_31136303_8.out:    Running contrast 571/1307
deg_analysis_31136303_8.out:    Running contrast 576/1307
deg_analysis_31136303_8.out:    Running contrast 581/1307
deg_analysis_31136303_8.out:    Running contrast 586/1307
deg_analysis_31136303_8.out:    Running contrast 591/1307
deg_analysis_31136303_8.out:    Running contrast 596/1307
deg_analysis_31136303_8.out:    Running contrast 601/1307
deg_analysis_31136303_8.out:    Running contrast 606/1307
deg_analysis_31136303_8.out:    Running contrast 611/1307
deg_analysis_31136303_8.out:    Running contrast 616/1307
deg_analysis_31136303_8.out:    Running contrast 621/1307
deg_analysis_31136303_8.out:    Running contrast 626/1307
deg_analysis_31136303_8.out:    Running contrast 631/1307
deg_analysis_31136303_8.out:    Running contrast 636/1307
deg_analysis_31136303_8.out:    Running contrast 641/1307
deg_analysis_31136303_8.out:    Running contrast 646/1307
deg_analysis_31136303_8.out:    Running contrast 651/1307
deg_analysis_31136303_8.out:    Running contrast 656/1307
deg_analysis_31136303_8.out:    Running contrast 661/1307
deg_analysis_31136303_8.out:    Running contrast 666/1307
deg_analysis_31136303_8.out:    Running contrast 671/1307
deg_analysis_31136303_8.out:    Running contrast 676/1307
deg_analysis_31136303_8.out:    Running contrast 681/1307
deg_analysis_31136303_8.out:    Running contrast 686/1307
deg_analysis_31136303_8.out:    Running contrast 691/1307
deg_analysis_31136303_8.out:    Running contrast 696/1307
deg_analysis_31136303_8.out:    Running contrast 701/1307
deg_analysis_31136303_8.out:    Running contrast 706/1307
deg_analysis_31136303_8.out:    Running contrast 711/1307
deg_analysis_31136303_8.out:    Running contrast 716/1307
deg_analysis_31136303_8.out:    Running contrast 721/1307
deg_analysis_31136303_8.out:    Running contrast 726/1307
deg_analysis_31136303_8.out:    Running contrast 731/1307
deg_analysis_31136303_8.out:    Running contrast 736/1307
deg_analysis_31136303_8.out:    Running contrast 741/1307
deg_analysis_31136303_8.out:    Running contrast 746/1307
deg_analysis_31136303_8.out:    Running contrast 751/1307
deg_analysis_31136303_8.out:    Running contrast 756/1307
deg_analysis_31136303_8.out:    Running contrast 761/1307
deg_analysis_31136303_8.out:    Running contrast 766/1307
deg_analysis_31136303_8.out:    Running contrast 771/1307
deg_analysis_31136303_8.out:    Running contrast 776/1307
deg_analysis_31136303_8.out:    Running contrast 781/1307
deg_analysis_31136303_8.out:    Running contrast 786/1307
deg_analysis_31136303_8.out:    Running contrast 791/1307
deg_analysis_31136303_8.out:    Running contrast 796/1307
deg_analysis_31136303_8.out:    Running contrast 801/1307
deg_analysis_31136303_8.out:    Running contrast 806/1307
deg_analysis_31136303_8.out:    Running contrast 811/1307
deg_analysis_31136303_8.out:    Running contrast 816/1307
deg_analysis_31136303_8.out:    Running contrast 821/1307
deg_analysis_31136303_8.out:    Running contrast 826/1307
deg_analysis_31136303_8.out:    Running contrast 831/1307
deg_analysis_31136303_8.out:    Running contrast 836/1307
deg_analysis_31136303_8.out:    Running contrast 841/1307
deg_analysis_31136303_8.out:    Running contrast 846/1307
deg_analysis_31136303_8.out:    Running contrast 851/1307
deg_analysis_31136303_8.out:    Running contrast 856/1307
deg_analysis_31136303_8.out:    Running contrast 861/1307
deg_analysis_31136303_8.out:    Running contrast 866/1307
deg_analysis_31136303_8.out:    Running contrast 871/1307
deg_analysis_31136303_8.out:    Running contrast 876/1307
deg_analysis_31136303_8.out:    Running contrast 881/1307
deg_analysis_31136303_8.out:    Running contrast 886/1307
deg_analysis_31136303_8.out:    Running contrast 891/1307
deg_analysis_31136303_8.out:    Running contrast 896/1307
deg_analysis_31136303_8.out:    Running contrast 901/1307
deg_analysis_31136303_8.out:    Running contrast 906/1307
deg_analysis_31136303_8.out:    Running contrast 911/1307
deg_analysis_31136303_8.out:    Running contrast 916/1307
deg_analysis_31136303_8.out:    Running contrast 921/1307
deg_analysis_31136303_8.out:    Running contrast 926/1307
deg_analysis_31136303_8.out:    Running contrast 931/1307
deg_analysis_31136303_8.out:    Running contrast 936/1307
deg_analysis_31136303_8.out:    Running contrast 941/1307
deg_analysis_31136303_8.out:    Running contrast 946/1307
deg_analysis_31136303_8.out:    Running contrast 951/1307
deg_analysis_31136303_8.out:    Running contrast 956/1307
deg_analysis_31136303_8.out:    Running contrast 961/1307
deg_analysis_31136303_8.out:    Running contrast 966/1307
deg_analysis_31136303_8.out:    Running contrast 971/1307
deg_analysis_31136303_8.out:    Running contrast 976/1307
deg_analysis_31136303_8.out:    Running contrast 981/1307
deg_analysis_31136303_8.out:    Running contrast 986/1307
deg_analysis_31136303_8.out:    Running contrast 991/1307
deg_analysis_31136303_8.out:    Running contrast 996/1307
deg_analysis_31136303_8.out:    Running contrast 1001/1307
deg_analysis_31136303_8.out:    Running contrast 1006/1307
deg_analysis_31136303_8.out:    Running contrast 1011/1307
deg_analysis_31136303_8.out:    Running contrast 1016/1307
deg_analysis_31136303_8.out:    Running contrast 1021/1307
deg_analysis_31136303_8.out:    Running contrast 1026/1307
deg_analysis_31136303_8.out:    Running contrast 1031/1307
deg_analysis_31136303_8.out:    Running contrast 1036/1307
deg_analysis_31136303_8.out:    Running contrast 1041/1307
deg_analysis_31136303_8.out:    Running contrast 1046/1307
deg_analysis_31136303_8.out:    Running contrast 1051/1307
deg_analysis_31136303_8.out:    Running contrast 1056/1307
deg_analysis_31136303_8.out:    Running contrast 1061/1307
deg_analysis_31136303_8.out:    Running contrast 1066/1307
deg_analysis_31136303_8.out:    Running contrast 1071/1307
deg_analysis_31136303_8.out:    Running contrast 1076/1307
deg_analysis_31136303_8.out:    Running contrast 1081/1307
deg_analysis_31136303_8.out:    Running contrast 1086/1307
deg_analysis_31136303_8.out:    Running contrast 1091/1307
deg_analysis_31136303_8.out:    Running contrast 1096/1307
deg_analysis_31136303_8.out:    Running contrast 1101/1307
deg_analysis_31136303_8.out:    Running contrast 1106/1307
deg_analysis_31136303_8.out:    Running contrast 1111/1307
deg_analysis_31136303_8.out:    Running contrast 1116/1307
deg_analysis_31136303_8.out:    Running contrast 1121/1307
deg_analysis_31136303_8.out:    Running contrast 1126/1307
deg_analysis_31136303_8.out:    Running contrast 1131/1307
deg_analysis_31136303_8.out:    Running contrast 1136/1307
deg_analysis_31136303_8.out:    Running contrast 1141/1307
deg_analysis_31136303_8.out:    Running contrast 1146/1307
deg_analysis_31136303_8.out:    Running contrast 1151/1307
deg_analysis_31136303_8.out:    Running contrast 1156/1307
deg_analysis_31136303_8.out:    Running contrast 1161/1307
deg_analysis_31136303_8.out:    Running contrast 1166/1307
deg_analysis_31136303_8.out:    Running contrast 1171/1307
deg_analysis_31136303_8.out:    Running contrast 1176/1307
deg_analysis_31136303_8.out:    Running contrast 1181/1307
deg_analysis_31136303_8.out:    Running contrast 1186/1307
deg_analysis_31136303_8.out:    Running contrast 1191/1307
deg_analysis_31136303_8.out:    Running contrast 1196/1307
deg_analysis_31136303_8.out:    Running contrast 1201/1307
deg_analysis_31136303_8.out:    Running contrast 1206/1307
deg_analysis_31136303_8.out:    Running contrast 1211/1307
deg_analysis_31136303_8.out:    Running contrast 1216/1307
deg_analysis_31136303_8.out:    Running contrast 1221/1307
deg_analysis_31136303_8.out:    Running contrast 1226/1307
deg_analysis_31136303_8.out:    Running contrast 1231/1307
deg_analysis_31136303_8.out:    Running contrast 1236/1307
deg_analysis_31136303_8.out:    Running contrast 1241/1307
deg_analysis_31136303_8.out:    Running contrast 1246/1307
deg_analysis_31136303_8.out:    Running contrast 1251/1307
deg_analysis_31136303_8.out:    Running contrast 1256/1307
deg_analysis_31136303_8.out:    Running contrast 1261/1307
deg_analysis_31136303_8.out:    Running contrast 1266/1307
deg_analysis_31136303_8.out:    Running contrast 1271/1307
deg_analysis_31136303_8.out:    Running contrast 1276/1307
deg_analysis_31136303_8.out:    Running contrast 1281/1307
deg_analysis_31136303_8.out:    Running contrast 1286/1307
deg_analysis_31136303_8.out:    Running contrast 1291/1307
deg_analysis_31136303_8.out:    Running contrast 1296/1307
deg_analysis_31136303_8.out:    Running contrast 1301/1307
deg_analysis_31136303_8.out:    Running contrast 1306/1307
deg_analysis_31136303_8.out:    Running contrast 1307/1307
deg_analysis_31136303_8.out:
deg_analysis_31136303_8.out:    Writing:  ./data/tahoe/deg_data/sep_rep/full/qc_false/filter_min_cells_10/CVCL_0292_de.h5ad 
deg_analysis_31136303_8.out:
deg_analysis_31136303_8.out:    Rewriting h5ad file: ./data/tahoe/deg_data/sep_rep/full/qc_false/filter_min_cells_10/CVCL_0292_de.h5ad 
deg_analysis_31136303_8.out:    Removed X matrix
deg_analysis_31136303_8.out:    Rewriting h5ad file is done!
deg_analysis_31136303_8.out:✓ Cell line completed in 9407.4 seconds
deg_analysis_31136303_8.out:
deg_analysis_31136303_8.out:DE analysis completed!
deg_analysis_31136303_8.out:
deg_analysis_31136303_8.out:Total runtime: 9468.3 seconds
deg_analysis_31136303_8.err:Warning message:
deg_analysis_31136303_8.err:Partial NA coefficients for 1 probe(s) 
deg_analysis_31136303_9.out:
deg_analysis_31136303_9.out:DE analysis started...
deg_analysis_31136303_9.out:Loaded input file:  ./data/tahoe/pseudobulk_processed/sep_rep/by_celltype/CVCL_0293_processed.h5ad 
deg_analysis_31136303_9.out:Initial dimensions:  1342  samples ×  62710  genes
deg_analysis_31136303_9.out:Filter samples with the low number of cells
deg_analysis_31136303_9.out:    Filter threshold (min_cells):  10 
deg_analysis_31136303_9.out:    n_obs:  1342 -->  1335 
deg_analysis_31136303_9.out:
deg_analysis_31136303_9.out:▶︎ Processing cell_type  1 / 1 :  CVCL_0293 
deg_analysis_31136303_9.out:    Filter controls by  pert_time_h  column
deg_analysis_31136303_9.out:        n_obs:  1335 -->  1335 
deg_analysis_31136303_9.out:
deg_analysis_31136303_9.out:    Running contrast 1/1307
deg_analysis_31136303_9.out:    Running contrast 6/1307
deg_analysis_31136303_9.out:    Running contrast 11/1307
deg_analysis_31136303_9.out:    Running contrast 16/1307
deg_analysis_31136303_9.out:    Running contrast 21/1307
deg_analysis_31136303_9.out:    Running contrast 26/1307
deg_analysis_31136303_9.out:    Running contrast 31/1307
deg_analysis_31136303_9.out:    Running contrast 36/1307
deg_analysis_31136303_9.out:    Running contrast 41/1307
deg_analysis_31136303_9.out:    Running contrast 46/1307
deg_analysis_31136303_9.out:    Running contrast 51/1307
deg_analysis_31136303_9.out:    Running contrast 56/1307
deg_analysis_31136303_9.out:    Running contrast 61/1307
deg_analysis_31136303_9.out:    Running contrast 66/1307
deg_analysis_31136303_9.out:    Running contrast 71/1307
deg_analysis_31136303_9.out:    Running contrast 76/1307
deg_analysis_31136303_9.out:    Running contrast 81/1307
deg_analysis_31136303_9.out:    Running contrast 86/1307
deg_analysis_31136303_9.out:    Running contrast 91/1307
deg_analysis_31136303_9.out:    Running contrast 96/1307
deg_analysis_31136303_9.out:    Running contrast 101/1307
deg_analysis_31136303_9.out:    Running contrast 106/1307
deg_analysis_31136303_9.out:    Running contrast 111/1307
deg_analysis_31136303_9.out:    Running contrast 116/1307
deg_analysis_31136303_9.out:    Running contrast 121/1307
deg_analysis_31136303_9.out:    Running contrast 126/1307
deg_analysis_31136303_9.out:    Running contrast 131/1307
deg_analysis_31136303_9.out:    Running contrast 136/1307
deg_analysis_31136303_9.out:    Running contrast 141/1307
deg_analysis_31136303_9.out:    Running contrast 146/1307
deg_analysis_31136303_9.out:    Running contrast 151/1307
deg_analysis_31136303_9.out:    Running contrast 156/1307
deg_analysis_31136303_9.out:    Running contrast 161/1307
deg_analysis_31136303_9.out:    Running contrast 166/1307
deg_analysis_31136303_9.out:    Running contrast 171/1307
deg_analysis_31136303_9.out:    Running contrast 176/1307
deg_analysis_31136303_9.out:    Running contrast 181/1307
deg_analysis_31136303_9.out:    Running contrast 186/1307
deg_analysis_31136303_9.out:    Running contrast 191/1307
deg_analysis_31136303_9.out:    Running contrast 196/1307
deg_analysis_31136303_9.out:    Running contrast 201/1307
deg_analysis_31136303_9.out:    Running contrast 206/1307
deg_analysis_31136303_9.out:    Running contrast 211/1307
deg_analysis_31136303_9.out:    Running contrast 216/1307
deg_analysis_31136303_9.out:    Running contrast 221/1307
deg_analysis_31136303_9.out:    Running contrast 226/1307
deg_analysis_31136303_9.out:    Running contrast 231/1307
deg_analysis_31136303_9.out:    Running contrast 236/1307
deg_analysis_31136303_9.out:    Running contrast 241/1307
deg_analysis_31136303_9.out:    Running contrast 246/1307
deg_analysis_31136303_9.out:    Running contrast 251/1307
deg_analysis_31136303_9.out:    Running contrast 256/1307
deg_analysis_31136303_9.out:    Running contrast 261/1307
deg_analysis_31136303_9.out:    Running contrast 266/1307
deg_analysis_31136303_9.out:    Running contrast 271/1307
deg_analysis_31136303_9.out:    Running contrast 276/1307
deg_analysis_31136303_9.out:    Running contrast 281/1307
deg_analysis_31136303_9.out:    Running contrast 286/1307
deg_analysis_31136303_9.out:    Running contrast 291/1307
deg_analysis_31136303_9.out:    Running contrast 296/1307
deg_analysis_31136303_9.out:    Running contrast 301/1307
deg_analysis_31136303_9.out:    Running contrast 306/1307
deg_analysis_31136303_9.out:    Running contrast 311/1307
deg_analysis_31136303_9.out:    Running contrast 316/1307
deg_analysis_31136303_9.out:    Running contrast 321/1307
deg_analysis_31136303_9.out:    Running contrast 326/1307
deg_analysis_31136303_9.out:    Running contrast 331/1307
deg_analysis_31136303_9.out:    Running contrast 336/1307
deg_analysis_31136303_9.out:    Running contrast 341/1307
deg_analysis_31136303_9.out:    Running contrast 346/1307
deg_analysis_31136303_9.out:    Running contrast 351/1307
deg_analysis_31136303_9.out:    Running contrast 356/1307
deg_analysis_31136303_9.out:    Running contrast 361/1307
deg_analysis_31136303_9.out:    Running contrast 366/1307
deg_analysis_31136303_9.out:    Running contrast 371/1307
deg_analysis_31136303_9.out:    Running contrast 376/1307
deg_analysis_31136303_9.out:    Running contrast 381/1307
deg_analysis_31136303_9.out:    Running contrast 386/1307
deg_analysis_31136303_9.out:    Running contrast 391/1307
deg_analysis_31136303_9.out:    Running contrast 396/1307
deg_analysis_31136303_9.out:    Running contrast 401/1307
deg_analysis_31136303_9.out:    Running contrast 406/1307
deg_analysis_31136303_9.out:    Running contrast 411/1307
deg_analysis_31136303_9.out:    Running contrast 416/1307
deg_analysis_31136303_9.out:    Running contrast 421/1307
deg_analysis_31136303_9.out:    Running contrast 426/1307
deg_analysis_31136303_9.out:    Running contrast 431/1307
deg_analysis_31136303_9.out:    Running contrast 436/1307
deg_analysis_31136303_9.out:    Running contrast 441/1307
deg_analysis_31136303_9.out:    Running contrast 446/1307
deg_analysis_31136303_9.out:    Running contrast 451/1307
deg_analysis_31136303_9.out:    Running contrast 456/1307
deg_analysis_31136303_9.out:    Running contrast 461/1307
deg_analysis_31136303_9.out:    Running contrast 466/1307
deg_analysis_31136303_9.out:    Running contrast 471/1307
deg_analysis_31136303_9.out:    Running contrast 476/1307
deg_analysis_31136303_9.out:    Running contrast 481/1307
deg_analysis_31136303_9.out:    Running contrast 486/1307
deg_analysis_31136303_9.out:    Running contrast 491/1307
deg_analysis_31136303_9.out:    Running contrast 496/1307
deg_analysis_31136303_9.out:    Running contrast 501/1307
deg_analysis_31136303_9.out:    Running contrast 506/1307
deg_analysis_31136303_9.out:    Running contrast 511/1307
deg_analysis_31136303_9.out:    Running contrast 516/1307
deg_analysis_31136303_9.out:    Running contrast 521/1307
deg_analysis_31136303_9.out:    Running contrast 526/1307
deg_analysis_31136303_9.out:    Running contrast 531/1307
deg_analysis_31136303_9.out:    Running contrast 536/1307
deg_analysis_31136303_9.out:    Running contrast 541/1307
deg_analysis_31136303_9.out:    Running contrast 546/1307
deg_analysis_31136303_9.out:    Running contrast 551/1307
deg_analysis_31136303_9.out:    Running contrast 556/1307
deg_analysis_31136303_9.out:    Running contrast 561/1307
deg_analysis_31136303_9.out:    Running contrast 566/1307
deg_analysis_31136303_9.out:    Running contrast 571/1307
deg_analysis_31136303_9.out:    Running contrast 576/1307
deg_analysis_31136303_9.out:    Running contrast 581/1307
deg_analysis_31136303_9.out:    Running contrast 586/1307
deg_analysis_31136303_9.out:    Running contrast 591/1307
deg_analysis_31136303_9.out:    Running contrast 596/1307
deg_analysis_31136303_9.out:    Running contrast 601/1307
deg_analysis_31136303_9.out:    Running contrast 606/1307
deg_analysis_31136303_9.out:    Running contrast 611/1307
deg_analysis_31136303_9.out:    Running contrast 616/1307
deg_analysis_31136303_9.out:    Running contrast 621/1307
deg_analysis_31136303_9.out:    Running contrast 626/1307
deg_analysis_31136303_9.out:    Running contrast 631/1307
deg_analysis_31136303_9.out:    Running contrast 636/1307
deg_analysis_31136303_9.out:    Running contrast 641/1307
deg_analysis_31136303_9.out:    Running contrast 646/1307
deg_analysis_31136303_9.out:    Running contrast 651/1307
deg_analysis_31136303_9.out:    Running contrast 656/1307
deg_analysis_31136303_9.out:    Running contrast 661/1307
deg_analysis_31136303_9.out:    Running contrast 666/1307
deg_analysis_31136303_9.out:    Running contrast 671/1307
deg_analysis_31136303_9.out:    Running contrast 676/1307
deg_analysis_31136303_9.out:    Running contrast 681/1307
deg_analysis_31136303_9.out:    Running contrast 686/1307
deg_analysis_31136303_9.out:    Running contrast 691/1307
deg_analysis_31136303_9.out:    Running contrast 696/1307
deg_analysis_31136303_9.out:    Running contrast 701/1307
deg_analysis_31136303_9.out:    Running contrast 706/1307
deg_analysis_31136303_9.out:    Running contrast 711/1307
deg_analysis_31136303_9.out:    Running contrast 716/1307
deg_analysis_31136303_9.out:    Running contrast 721/1307
deg_analysis_31136303_9.out:    Running contrast 726/1307
deg_analysis_31136303_9.out:    Running contrast 731/1307
deg_analysis_31136303_9.out:    Running contrast 736/1307
deg_analysis_31136303_9.out:    Running contrast 741/1307
deg_analysis_31136303_9.out:    Running contrast 746/1307
deg_analysis_31136303_9.out:    Running contrast 751/1307
deg_analysis_31136303_9.out:    Running contrast 756/1307
deg_analysis_31136303_9.out:    Running contrast 761/1307
deg_analysis_31136303_9.out:    Running contrast 766/1307
deg_analysis_31136303_9.out:    Running contrast 771/1307
deg_analysis_31136303_9.out:    Running contrast 776/1307
deg_analysis_31136303_9.out:    Running contrast 781/1307
deg_analysis_31136303_9.out:    Running contrast 786/1307
deg_analysis_31136303_9.out:    Running contrast 791/1307
deg_analysis_31136303_9.out:    Running contrast 796/1307
deg_analysis_31136303_9.out:    Running contrast 801/1307
deg_analysis_31136303_9.out:    Running contrast 806/1307
deg_analysis_31136303_9.out:    Running contrast 811/1307
deg_analysis_31136303_9.out:    Running contrast 816/1307
deg_analysis_31136303_9.out:    Running contrast 821/1307
deg_analysis_31136303_9.out:    Running contrast 826/1307
deg_analysis_31136303_9.out:    Running contrast 831/1307
deg_analysis_31136303_9.out:    Running contrast 836/1307
deg_analysis_31136303_9.out:    Running contrast 841/1307
deg_analysis_31136303_9.out:    Running contrast 846/1307
deg_analysis_31136303_9.out:    Running contrast 851/1307
deg_analysis_31136303_9.out:    Running contrast 856/1307
deg_analysis_31136303_9.out:    Running contrast 861/1307
deg_analysis_31136303_9.out:    Running contrast 866/1307
deg_analysis_31136303_9.out:    Running contrast 871/1307
deg_analysis_31136303_9.out:    Running contrast 876/1307
deg_analysis_31136303_9.out:    Running contrast 881/1307
deg_analysis_31136303_9.out:    Running contrast 886/1307
deg_analysis_31136303_9.out:    Running contrast 891/1307
deg_analysis_31136303_9.out:    Running contrast 896/1307
deg_analysis_31136303_9.out:    Running contrast 901/1307
deg_analysis_31136303_9.out:    Running contrast 906/1307
deg_analysis_31136303_9.out:    Running contrast 911/1307
deg_analysis_31136303_9.out:    Running contrast 916/1307
deg_analysis_31136303_9.out:    Running contrast 921/1307
deg_analysis_31136303_9.out:    Running contrast 926/1307
deg_analysis_31136303_9.out:    Running contrast 931/1307
deg_analysis_31136303_9.out:    Running contrast 936/1307
deg_analysis_31136303_9.out:    Running contrast 941/1307
deg_analysis_31136303_9.out:    Running contrast 946/1307
deg_analysis_31136303_9.out:    Running contrast 951/1307
deg_analysis_31136303_9.out:    Running contrast 956/1307
deg_analysis_31136303_9.out:    Running contrast 961/1307
deg_analysis_31136303_9.out:    Running contrast 966/1307
deg_analysis_31136303_9.out:    Running contrast 971/1307
deg_analysis_31136303_9.out:    Running contrast 976/1307
deg_analysis_31136303_9.out:    Running contrast 981/1307
deg_analysis_31136303_9.out:    Running contrast 986/1307
deg_analysis_31136303_9.out:    Running contrast 991/1307
deg_analysis_31136303_9.out:    Running contrast 996/1307
deg_analysis_31136303_9.out:    Running contrast 1001/1307
deg_analysis_31136303_9.out:    Running contrast 1006/1307
deg_analysis_31136303_9.out:    Running contrast 1011/1307
deg_analysis_31136303_9.out:    Running contrast 1016/1307
deg_analysis_31136303_9.out:    Running contrast 1021/1307
deg_analysis_31136303_9.out:    Running contrast 1026/1307
deg_analysis_31136303_9.out:    Running contrast 1031/1307
deg_analysis_31136303_9.out:    Running contrast 1036/1307
deg_analysis_31136303_9.out:    Running contrast 1041/1307
deg_analysis_31136303_9.out:    Running contrast 1046/1307
deg_analysis_31136303_9.out:    Running contrast 1051/1307
deg_analysis_31136303_9.out:    Running contrast 1056/1307
deg_analysis_31136303_9.out:    Running contrast 1061/1307
deg_analysis_31136303_9.out:    Running contrast 1066/1307
deg_analysis_31136303_9.out:    Running contrast 1071/1307
deg_analysis_31136303_9.out:    Running contrast 1076/1307
deg_analysis_31136303_9.out:    Running contrast 1081/1307
deg_analysis_31136303_9.out:    Running contrast 1086/1307
deg_analysis_31136303_9.out:    Running contrast 1091/1307
deg_analysis_31136303_9.out:    Running contrast 1096/1307
deg_analysis_31136303_9.out:    Running contrast 1101/1307
deg_analysis_31136303_9.out:    Running contrast 1106/1307
deg_analysis_31136303_9.out:    Running contrast 1111/1307
deg_analysis_31136303_9.out:    Running contrast 1116/1307
deg_analysis_31136303_9.out:    Running contrast 1121/1307
deg_analysis_31136303_9.out:    Running contrast 1126/1307
deg_analysis_31136303_9.out:    Running contrast 1131/1307
deg_analysis_31136303_9.out:    Running contrast 1136/1307
deg_analysis_31136303_9.out:    Running contrast 1141/1307
deg_analysis_31136303_9.out:    Running contrast 1146/1307
deg_analysis_31136303_9.out:    Running contrast 1151/1307
deg_analysis_31136303_9.out:    Running contrast 1156/1307
deg_analysis_31136303_9.out:    Running contrast 1161/1307
deg_analysis_31136303_9.out:    Running contrast 1166/1307
deg_analysis_31136303_9.out:    Running contrast 1171/1307
deg_analysis_31136303_9.out:    Running contrast 1176/1307
deg_analysis_31136303_9.out:    Running contrast 1181/1307
deg_analysis_31136303_9.out:    Running contrast 1186/1307
deg_analysis_31136303_9.out:    Running contrast 1191/1307
deg_analysis_31136303_9.out:    Running contrast 1196/1307
deg_analysis_31136303_9.out:    Running contrast 1201/1307
deg_analysis_31136303_9.out:    Running contrast 1206/1307
deg_analysis_31136303_9.out:    Running contrast 1211/1307
deg_analysis_31136303_9.out:    Running contrast 1216/1307
deg_analysis_31136303_9.out:    Running contrast 1221/1307
deg_analysis_31136303_9.out:    Running contrast 1226/1307
deg_analysis_31136303_9.out:    Running contrast 1231/1307
deg_analysis_31136303_9.out:    Running contrast 1236/1307
deg_analysis_31136303_9.out:    Running contrast 1241/1307
deg_analysis_31136303_9.out:    Running contrast 1246/1307
deg_analysis_31136303_9.out:    Running contrast 1251/1307
deg_analysis_31136303_9.out:    Running contrast 1256/1307
deg_analysis_31136303_9.out:    Running contrast 1261/1307
deg_analysis_31136303_9.out:    Running contrast 1266/1307
deg_analysis_31136303_9.out:    Running contrast 1271/1307
deg_analysis_31136303_9.out:    Running contrast 1276/1307
deg_analysis_31136303_9.out:    Running contrast 1281/1307
deg_analysis_31136303_9.out:    Running contrast 1286/1307
deg_analysis_31136303_9.out:    Running contrast 1291/1307
deg_analysis_31136303_9.out:    Running contrast 1296/1307
deg_analysis_31136303_9.out:    Running contrast 1301/1307
deg_analysis_31136303_9.out:    Running contrast 1306/1307
deg_analysis_31136303_9.out:    Running contrast 1307/1307
deg_analysis_31136303_9.out:
deg_analysis_31136303_9.out:    Writing:  ./data/tahoe/deg_data/sep_rep/full/qc_false/filter_min_cells_10/CVCL_0293_de.h5ad 
deg_analysis_31136303_9.out:
deg_analysis_31136303_9.out:    Rewriting h5ad file: ./data/tahoe/deg_data/sep_rep/full/qc_false/filter_min_cells_10/CVCL_0293_de.h5ad 
deg_analysis_31136303_9.out:    Removed X matrix
deg_analysis_31136303_9.out:    Rewriting h5ad file is done!
deg_analysis_31136303_9.out:✓ Cell line completed in 11573.3 seconds
deg_analysis_31136303_9.out:
deg_analysis_31136303_9.out:DE analysis completed!
deg_analysis_31136303_9.out:
deg_analysis_31136303_9.out:Total runtime: 11586.7 seconds
deg_analysis_31136303_10.out:
deg_analysis_31136303_10.out:DE analysis started...
deg_analysis_31136303_10.out:Loaded input file:  ./data/tahoe/pseudobulk_processed/sep_rep/by_celltype/CVCL_0320_processed.h5ad 
deg_analysis_31136303_10.out:Initial dimensions:  1342  samples ×  62710  genes
deg_analysis_31136303_10.out:Filter samples with the low number of cells
deg_analysis_31136303_10.out:    Filter threshold (min_cells):  10 
deg_analysis_31136303_10.out:    n_obs:  1342 -->  1335 
deg_analysis_31136303_10.out:
deg_analysis_31136303_10.out:▶︎ Processing cell_type  1 / 1 :  CVCL_0320 
deg_analysis_31136303_10.out:    Filter controls by  pert_time_h  column
deg_analysis_31136303_10.out:        n_obs:  1335 -->  1335 
deg_analysis_31136303_10.out:
deg_analysis_31136303_10.out:    Running contrast 1/1307
deg_analysis_31136303_10.out:    Running contrast 6/1307
deg_analysis_31136303_10.out:    Running contrast 11/1307
deg_analysis_31136303_10.out:    Running contrast 16/1307
deg_analysis_31136303_10.out:    Running contrast 21/1307
deg_analysis_31136303_10.out:    Running contrast 26/1307
deg_analysis_31136303_10.out:    Running contrast 31/1307
deg_analysis_31136303_10.out:    Running contrast 36/1307
deg_analysis_31136303_10.out:    Running contrast 41/1307
deg_analysis_31136303_10.out:    Running contrast 46/1307
deg_analysis_31136303_10.out:    Running contrast 51/1307
deg_analysis_31136303_10.out:    Running contrast 56/1307
deg_analysis_31136303_10.out:    Running contrast 61/1307
deg_analysis_31136303_10.out:    Running contrast 66/1307
deg_analysis_31136303_10.out:    Running contrast 71/1307
deg_analysis_31136303_10.out:    Running contrast 76/1307
deg_analysis_31136303_10.out:    Running contrast 81/1307
deg_analysis_31136303_10.out:    Running contrast 86/1307
deg_analysis_31136303_10.out:    Running contrast 91/1307
deg_analysis_31136303_10.out:    Running contrast 96/1307
deg_analysis_31136303_10.out:    Running contrast 101/1307
deg_analysis_31136303_10.out:    Running contrast 106/1307
deg_analysis_31136303_10.out:    Running contrast 111/1307
deg_analysis_31136303_10.out:    Running contrast 116/1307
deg_analysis_31136303_10.out:    Running contrast 121/1307
deg_analysis_31136303_10.out:    Running contrast 126/1307
deg_analysis_31136303_10.out:    Running contrast 131/1307
deg_analysis_31136303_10.out:    Running contrast 136/1307
deg_analysis_31136303_10.out:    Running contrast 141/1307
deg_analysis_31136303_10.out:    Running contrast 146/1307
deg_analysis_31136303_10.out:    Running contrast 151/1307
deg_analysis_31136303_10.out:    Running contrast 156/1307
deg_analysis_31136303_10.out:    Running contrast 161/1307
deg_analysis_31136303_10.out:    Running contrast 166/1307
deg_analysis_31136303_10.out:    Running contrast 171/1307
deg_analysis_31136303_10.out:    Running contrast 176/1307
deg_analysis_31136303_10.out:    Running contrast 181/1307
deg_analysis_31136303_10.out:    Running contrast 186/1307
deg_analysis_31136303_10.out:    Running contrast 191/1307
deg_analysis_31136303_10.out:    Running contrast 196/1307
deg_analysis_31136303_10.out:    Running contrast 201/1307
deg_analysis_31136303_10.out:    Running contrast 206/1307
deg_analysis_31136303_10.out:    Running contrast 211/1307
deg_analysis_31136303_10.out:    Running contrast 216/1307
deg_analysis_31136303_10.out:    Running contrast 221/1307
deg_analysis_31136303_10.out:    Running contrast 226/1307
deg_analysis_31136303_10.out:    Running contrast 231/1307
deg_analysis_31136303_10.out:    Running contrast 236/1307
deg_analysis_31136303_10.out:    Running contrast 241/1307
deg_analysis_31136303_10.out:    Running contrast 246/1307
deg_analysis_31136303_10.out:    Running contrast 251/1307
deg_analysis_31136303_10.out:    Running contrast 256/1307
deg_analysis_31136303_10.out:    Running contrast 261/1307
deg_analysis_31136303_10.out:    Running contrast 266/1307
deg_analysis_31136303_10.out:    Running contrast 271/1307
deg_analysis_31136303_10.out:    Running contrast 276/1307
deg_analysis_31136303_10.out:    Running contrast 281/1307
deg_analysis_31136303_10.out:    Running contrast 286/1307
deg_analysis_31136303_10.out:    Running contrast 291/1307
deg_analysis_31136303_10.out:    Running contrast 296/1307
deg_analysis_31136303_10.out:    Running contrast 301/1307
deg_analysis_31136303_10.out:    Running contrast 306/1307
deg_analysis_31136303_10.out:    Running contrast 311/1307
deg_analysis_31136303_10.out:    Running contrast 316/1307
deg_analysis_31136303_10.out:    Running contrast 321/1307
deg_analysis_31136303_10.out:    Running contrast 326/1307
deg_analysis_31136303_10.out:    Running contrast 331/1307
deg_analysis_31136303_10.out:    Running contrast 336/1307
deg_analysis_31136303_10.out:    Running contrast 341/1307
deg_analysis_31136303_10.out:    Running contrast 346/1307
deg_analysis_31136303_10.out:    Running contrast 351/1307
deg_analysis_31136303_10.out:    Running contrast 356/1307
deg_analysis_31136303_10.out:    Running contrast 361/1307
deg_analysis_31136303_10.out:    Running contrast 366/1307
deg_analysis_31136303_10.out:    Running contrast 371/1307
deg_analysis_31136303_10.out:    Running contrast 376/1307
deg_analysis_31136303_10.out:    Running contrast 381/1307
deg_analysis_31136303_10.out:    Running contrast 386/1307
deg_analysis_31136303_10.out:    Running contrast 391/1307
deg_analysis_31136303_10.out:    Running contrast 396/1307
deg_analysis_31136303_10.out:    Running contrast 401/1307
deg_analysis_31136303_10.out:    Running contrast 406/1307
deg_analysis_31136303_10.out:    Running contrast 411/1307
deg_analysis_31136303_10.out:    Running contrast 416/1307
deg_analysis_31136303_10.out:    Running contrast 421/1307
deg_analysis_31136303_10.out:    Running contrast 426/1307
deg_analysis_31136303_10.out:    Running contrast 431/1307
deg_analysis_31136303_10.out:    Running contrast 436/1307
deg_analysis_31136303_10.out:    Running contrast 441/1307
deg_analysis_31136303_10.out:    Running contrast 446/1307
deg_analysis_31136303_10.out:    Running contrast 451/1307
deg_analysis_31136303_10.out:    Running contrast 456/1307
deg_analysis_31136303_10.out:    Running contrast 461/1307
deg_analysis_31136303_10.out:    Running contrast 466/1307
deg_analysis_31136303_10.out:    Running contrast 471/1307
deg_analysis_31136303_10.out:    Running contrast 476/1307
deg_analysis_31136303_10.out:    Running contrast 481/1307
deg_analysis_31136303_10.out:    Running contrast 486/1307
deg_analysis_31136303_10.out:    Running contrast 491/1307
deg_analysis_31136303_10.out:    Running contrast 496/1307
deg_analysis_31136303_10.out:    Running contrast 501/1307
deg_analysis_31136303_10.out:    Running contrast 506/1307
deg_analysis_31136303_10.out:    Running contrast 511/1307
deg_analysis_31136303_10.out:    Running contrast 516/1307
deg_analysis_31136303_10.out:    Running contrast 521/1307
deg_analysis_31136303_10.out:    Running contrast 526/1307
deg_analysis_31136303_10.out:    Running contrast 531/1307
deg_analysis_31136303_10.out:    Running contrast 536/1307
deg_analysis_31136303_10.out:    Running contrast 541/1307
deg_analysis_31136303_10.out:    Running contrast 546/1307
deg_analysis_31136303_10.out:    Running contrast 551/1307
deg_analysis_31136303_10.out:    Running contrast 556/1307
deg_analysis_31136303_10.out:    Running contrast 561/1307
deg_analysis_31136303_10.out:    Running contrast 566/1307
deg_analysis_31136303_10.out:    Running contrast 571/1307
deg_analysis_31136303_10.out:    Running contrast 576/1307
deg_analysis_31136303_10.out:    Running contrast 581/1307
deg_analysis_31136303_10.out:    Running contrast 586/1307
deg_analysis_31136303_10.out:    Running contrast 591/1307
deg_analysis_31136303_10.out:    Running contrast 596/1307
deg_analysis_31136303_10.out:    Running contrast 601/1307
deg_analysis_31136303_10.out:    Running contrast 606/1307
deg_analysis_31136303_10.out:    Running contrast 611/1307
deg_analysis_31136303_10.out:    Running contrast 616/1307
deg_analysis_31136303_10.out:    Running contrast 621/1307
deg_analysis_31136303_10.out:    Running contrast 626/1307
deg_analysis_31136303_10.out:    Running contrast 631/1307
deg_analysis_31136303_10.out:    Running contrast 636/1307
deg_analysis_31136303_10.out:    Running contrast 641/1307
deg_analysis_31136303_10.out:    Running contrast 646/1307
deg_analysis_31136303_10.out:    Running contrast 651/1307
deg_analysis_31136303_10.out:    Running contrast 656/1307
deg_analysis_31136303_10.out:    Running contrast 661/1307
deg_analysis_31136303_10.out:    Running contrast 666/1307
deg_analysis_31136303_10.out:    Running contrast 671/1307
deg_analysis_31136303_10.out:    Running contrast 676/1307
deg_analysis_31136303_10.out:    Running contrast 681/1307
deg_analysis_31136303_10.out:    Running contrast 686/1307
deg_analysis_31136303_10.out:    Running contrast 691/1307
deg_analysis_31136303_10.out:    Running contrast 696/1307
deg_analysis_31136303_10.out:    Running contrast 701/1307
deg_analysis_31136303_10.out:    Running contrast 706/1307
deg_analysis_31136303_10.out:    Running contrast 711/1307
deg_analysis_31136303_10.out:    Running contrast 716/1307
deg_analysis_31136303_10.out:    Running contrast 721/1307
deg_analysis_31136303_10.out:    Running contrast 726/1307
deg_analysis_31136303_10.out:    Running contrast 731/1307
deg_analysis_31136303_10.out:    Running contrast 736/1307
deg_analysis_31136303_10.out:    Running contrast 741/1307
deg_analysis_31136303_10.out:    Running contrast 746/1307
deg_analysis_31136303_10.out:    Running contrast 751/1307
deg_analysis_31136303_10.out:    Running contrast 756/1307
deg_analysis_31136303_10.out:    Running contrast 761/1307
deg_analysis_31136303_10.out:    Running contrast 766/1307
deg_analysis_31136303_10.out:    Running contrast 771/1307
deg_analysis_31136303_10.out:    Running contrast 776/1307
deg_analysis_31136303_10.out:    Running contrast 781/1307
deg_analysis_31136303_10.out:    Running contrast 786/1307
deg_analysis_31136303_10.out:    Running contrast 791/1307
deg_analysis_31136303_10.out:    Running contrast 796/1307
deg_analysis_31136303_10.out:    Running contrast 801/1307
deg_analysis_31136303_10.out:    Running contrast 806/1307
deg_analysis_31136303_10.out:    Running contrast 811/1307
deg_analysis_31136303_10.out:    Running contrast 816/1307
deg_analysis_31136303_10.out:    Running contrast 821/1307
deg_analysis_31136303_10.out:    Running contrast 826/1307
deg_analysis_31136303_10.out:    Running contrast 831/1307
deg_analysis_31136303_10.out:    Running contrast 836/1307
deg_analysis_31136303_10.out:    Running contrast 841/1307
deg_analysis_31136303_10.out:    Running contrast 846/1307
deg_analysis_31136303_10.out:    Running contrast 851/1307
deg_analysis_31136303_10.out:    Running contrast 856/1307
deg_analysis_31136303_10.out:    Running contrast 861/1307
deg_analysis_31136303_10.out:    Running contrast 866/1307
deg_analysis_31136303_10.out:    Running contrast 871/1307
deg_analysis_31136303_10.out:    Running contrast 876/1307
deg_analysis_31136303_10.out:    Running contrast 881/1307
deg_analysis_31136303_10.out:    Running contrast 886/1307
deg_analysis_31136303_10.out:    Running contrast 891/1307
deg_analysis_31136303_10.out:    Running contrast 896/1307
deg_analysis_31136303_10.out:    Running contrast 901/1307
deg_analysis_31136303_10.out:    Running contrast 906/1307
deg_analysis_31136303_10.out:    Running contrast 911/1307
deg_analysis_31136303_10.out:    Running contrast 916/1307
deg_analysis_31136303_10.out:    Running contrast 921/1307
deg_analysis_31136303_10.out:    Running contrast 926/1307
deg_analysis_31136303_10.out:    Running contrast 931/1307
deg_analysis_31136303_10.out:    Running contrast 936/1307
deg_analysis_31136303_10.out:    Running contrast 941/1307
deg_analysis_31136303_10.out:    Running contrast 946/1307
deg_analysis_31136303_10.out:    Running contrast 951/1307
deg_analysis_31136303_10.out:    Running contrast 956/1307
deg_analysis_31136303_10.out:    Running contrast 961/1307
deg_analysis_31136303_10.out:    Running contrast 966/1307
deg_analysis_31136303_10.out:    Running contrast 971/1307
deg_analysis_31136303_10.out:    Running contrast 976/1307
deg_analysis_31136303_10.out:    Running contrast 981/1307
deg_analysis_31136303_10.out:    Running contrast 986/1307
deg_analysis_31136303_10.out:    Running contrast 991/1307
deg_analysis_31136303_10.out:    Running contrast 996/1307
deg_analysis_31136303_10.out:    Running contrast 1001/1307
deg_analysis_31136303_10.out:    Running contrast 1006/1307
deg_analysis_31136303_10.out:    Running contrast 1011/1307
deg_analysis_31136303_10.out:    Running contrast 1016/1307
deg_analysis_31136303_10.out:    Running contrast 1021/1307
deg_analysis_31136303_10.out:    Running contrast 1026/1307
deg_analysis_31136303_10.out:    Running contrast 1031/1307
deg_analysis_31136303_10.out:    Running contrast 1036/1307
deg_analysis_31136303_10.out:    Running contrast 1041/1307
deg_analysis_31136303_10.out:    Running contrast 1046/1307
deg_analysis_31136303_10.out:    Running contrast 1051/1307
deg_analysis_31136303_10.out:    Running contrast 1056/1307
deg_analysis_31136303_10.out:    Running contrast 1061/1307
deg_analysis_31136303_10.out:    Running contrast 1066/1307
deg_analysis_31136303_10.out:    Running contrast 1071/1307
deg_analysis_31136303_10.out:    Running contrast 1076/1307
deg_analysis_31136303_10.out:    Running contrast 1081/1307
deg_analysis_31136303_10.out:    Running contrast 1086/1307
deg_analysis_31136303_10.out:    Running contrast 1091/1307
deg_analysis_31136303_10.out:    Running contrast 1096/1307
deg_analysis_31136303_10.out:    Running contrast 1101/1307
deg_analysis_31136303_10.out:    Running contrast 1106/1307
deg_analysis_31136303_10.out:    Running contrast 1111/1307
deg_analysis_31136303_10.out:    Running contrast 1116/1307
deg_analysis_31136303_10.out:    Running contrast 1121/1307
deg_analysis_31136303_10.out:    Running contrast 1126/1307
deg_analysis_31136303_10.out:    Running contrast 1131/1307
deg_analysis_31136303_10.out:    Running contrast 1136/1307
deg_analysis_31136303_10.out:    Running contrast 1141/1307
deg_analysis_31136303_10.out:    Running contrast 1146/1307
deg_analysis_31136303_10.out:    Running contrast 1151/1307
deg_analysis_31136303_10.out:    Running contrast 1156/1307
deg_analysis_31136303_10.out:    Running contrast 1161/1307
deg_analysis_31136303_10.out:    Running contrast 1166/1307
deg_analysis_31136303_10.out:    Running contrast 1171/1307
deg_analysis_31136303_10.out:    Running contrast 1176/1307
deg_analysis_31136303_10.out:    Running contrast 1181/1307
deg_analysis_31136303_10.out:    Running contrast 1186/1307
deg_analysis_31136303_10.out:    Running contrast 1191/1307
deg_analysis_31136303_10.out:    Running contrast 1196/1307
deg_analysis_31136303_10.out:    Running contrast 1201/1307
deg_analysis_31136303_10.out:    Running contrast 1206/1307
deg_analysis_31136303_10.out:    Running contrast 1211/1307
deg_analysis_31136303_10.out:    Running contrast 1216/1307
deg_analysis_31136303_10.out:    Running contrast 1221/1307
deg_analysis_31136303_10.out:    Running contrast 1226/1307
deg_analysis_31136303_10.out:    Running contrast 1231/1307
deg_analysis_31136303_10.out:    Running contrast 1236/1307
deg_analysis_31136303_10.out:    Running contrast 1241/1307
deg_analysis_31136303_10.out:    Running contrast 1246/1307
deg_analysis_31136303_10.out:    Running contrast 1251/1307
deg_analysis_31136303_10.out:    Running contrast 1256/1307
deg_analysis_31136303_10.out:    Running contrast 1261/1307
deg_analysis_31136303_10.out:    Running contrast 1266/1307
deg_analysis_31136303_10.out:    Running contrast 1271/1307
deg_analysis_31136303_10.out:    Running contrast 1276/1307
deg_analysis_31136303_10.out:    Running contrast 1281/1307
deg_analysis_31136303_10.out:    Running contrast 1286/1307
deg_analysis_31136303_10.out:    Running contrast 1291/1307
deg_analysis_31136303_10.out:    Running contrast 1296/1307
deg_analysis_31136303_10.out:    Running contrast 1301/1307
deg_analysis_31136303_10.out:    Running contrast 1306/1307
deg_analysis_31136303_10.out:    Running contrast 1307/1307
deg_analysis_31136303_10.out:
deg_analysis_31136303_10.out:    Writing:  ./data/tahoe/deg_data/sep_rep/full/qc_false/filter_min_cells_10/CVCL_0320_de.h5ad 
deg_analysis_31136303_10.out:
deg_analysis_31136303_10.out:    Rewriting h5ad file: ./data/tahoe/deg_data/sep_rep/full/qc_false/filter_min_cells_10/CVCL_0320_de.h5ad 
deg_analysis_31136303_10.out:    Removed X matrix
deg_analysis_31136303_10.out:    Rewriting h5ad file is done!
deg_analysis_31136303_10.out:✓ Cell line completed in 9349.9 seconds
deg_analysis_31136303_10.out:
deg_analysis_31136303_10.out:DE analysis completed!
deg_analysis_31136303_10.out:
deg_analysis_31136303_10.out:Total runtime: 9407.3 seconds
deg_analysis_31136303_11.out:
deg_analysis_31136303_11.out:DE analysis started...
deg_analysis_31136303_11.out:Loaded input file:  ./data/tahoe/pseudobulk_processed/sep_rep/by_celltype/CVCL_0332_processed.h5ad 
deg_analysis_31136303_11.out:Initial dimensions:  1342  samples ×  62710  genes
deg_analysis_31136303_11.out:Filter samples with the low number of cells
deg_analysis_31136303_11.out:    Filter threshold (min_cells):  10 
deg_analysis_31136303_11.out:    n_obs:  1342 -->  1333 
deg_analysis_31136303_11.out:
deg_analysis_31136303_11.out:▶︎ Processing cell_type  1 / 1 :  CVCL_0332 
deg_analysis_31136303_11.out:    Filter controls by  pert_time_h  column
deg_analysis_31136303_11.out:        n_obs:  1333 -->  1333 
deg_analysis_31136303_11.out:
deg_analysis_31136303_11.out:    Running contrast 1/1305
deg_analysis_31136303_11.out:    Running contrast 6/1305
deg_analysis_31136303_11.out:    Running contrast 11/1305
deg_analysis_31136303_11.out:    Running contrast 16/1305
deg_analysis_31136303_11.out:    Running contrast 21/1305
deg_analysis_31136303_11.out:    Running contrast 26/1305
deg_analysis_31136303_11.out:    Running contrast 31/1305
deg_analysis_31136303_11.out:    Running contrast 36/1305
deg_analysis_31136303_11.out:    Running contrast 41/1305
deg_analysis_31136303_11.out:    Running contrast 46/1305
deg_analysis_31136303_11.out:    Running contrast 51/1305
deg_analysis_31136303_11.out:    Running contrast 56/1305
deg_analysis_31136303_11.out:    Running contrast 61/1305
deg_analysis_31136303_11.out:    Running contrast 66/1305
deg_analysis_31136303_11.out:    Running contrast 71/1305
deg_analysis_31136303_11.out:    Running contrast 76/1305
deg_analysis_31136303_11.out:    Running contrast 81/1305
deg_analysis_31136303_11.out:    Running contrast 86/1305
deg_analysis_31136303_11.out:    Running contrast 91/1305
deg_analysis_31136303_11.out:    Running contrast 96/1305
deg_analysis_31136303_11.out:    Running contrast 101/1305
deg_analysis_31136303_11.out:    Running contrast 106/1305
deg_analysis_31136303_11.out:    Running contrast 111/1305
deg_analysis_31136303_11.out:    Running contrast 116/1305
deg_analysis_31136303_11.out:    Running contrast 121/1305
deg_analysis_31136303_11.out:    Running contrast 126/1305
deg_analysis_31136303_11.out:    Running contrast 131/1305
deg_analysis_31136303_11.out:    Running contrast 136/1305
deg_analysis_31136303_11.out:    Running contrast 141/1305
deg_analysis_31136303_11.out:    Running contrast 146/1305
deg_analysis_31136303_11.out:    Running contrast 151/1305
deg_analysis_31136303_11.out:    Running contrast 156/1305
deg_analysis_31136303_11.out:    Running contrast 161/1305
deg_analysis_31136303_11.out:    Running contrast 166/1305
deg_analysis_31136303_11.out:    Running contrast 171/1305
deg_analysis_31136303_11.out:    Running contrast 176/1305
deg_analysis_31136303_11.out:    Running contrast 181/1305
deg_analysis_31136303_11.out:    Running contrast 186/1305
deg_analysis_31136303_11.out:    Running contrast 191/1305
deg_analysis_31136303_11.out:    Running contrast 196/1305
deg_analysis_31136303_11.out:    Running contrast 201/1305
deg_analysis_31136303_11.out:    Running contrast 206/1305
deg_analysis_31136303_11.out:    Running contrast 211/1305
deg_analysis_31136303_11.out:    Running contrast 216/1305
deg_analysis_31136303_11.out:    Running contrast 221/1305
deg_analysis_31136303_11.out:    Running contrast 226/1305
deg_analysis_31136303_11.out:    Running contrast 231/1305
deg_analysis_31136303_11.out:    Running contrast 236/1305
deg_analysis_31136303_11.out:    Running contrast 241/1305
deg_analysis_31136303_11.out:    Running contrast 246/1305
deg_analysis_31136303_11.out:    Running contrast 251/1305
deg_analysis_31136303_11.out:    Running contrast 256/1305
deg_analysis_31136303_11.out:    Running contrast 261/1305
deg_analysis_31136303_11.out:    Running contrast 266/1305
deg_analysis_31136303_11.out:    Running contrast 271/1305
deg_analysis_31136303_11.out:    Running contrast 276/1305
deg_analysis_31136303_11.out:    Running contrast 281/1305
deg_analysis_31136303_11.out:    Running contrast 286/1305
deg_analysis_31136303_11.out:    Running contrast 291/1305
deg_analysis_31136303_11.out:    Running contrast 296/1305
deg_analysis_31136303_11.out:    Running contrast 301/1305
deg_analysis_31136303_11.out:    Running contrast 306/1305
deg_analysis_31136303_11.out:    Running contrast 311/1305
deg_analysis_31136303_11.out:    Running contrast 316/1305
deg_analysis_31136303_11.out:    Running contrast 321/1305
deg_analysis_31136303_11.out:    Running contrast 326/1305
deg_analysis_31136303_11.out:    Running contrast 331/1305
deg_analysis_31136303_11.out:    Running contrast 336/1305
deg_analysis_31136303_11.out:    Running contrast 341/1305
deg_analysis_31136303_11.out:    Running contrast 346/1305
deg_analysis_31136303_11.out:    Running contrast 351/1305
deg_analysis_31136303_11.out:    Running contrast 356/1305
deg_analysis_31136303_11.out:    Running contrast 361/1305
deg_analysis_31136303_11.out:    Running contrast 366/1305
deg_analysis_31136303_11.out:    Running contrast 371/1305
deg_analysis_31136303_11.out:    Running contrast 376/1305
deg_analysis_31136303_11.out:    Running contrast 381/1305
deg_analysis_31136303_11.out:    Running contrast 386/1305
deg_analysis_31136303_11.out:    Running contrast 391/1305
deg_analysis_31136303_11.out:    Running contrast 396/1305
deg_analysis_31136303_11.out:    Running contrast 401/1305
deg_analysis_31136303_11.out:    Running contrast 406/1305
deg_analysis_31136303_11.out:    Running contrast 411/1305
deg_analysis_31136303_11.out:    Running contrast 416/1305
deg_analysis_31136303_11.out:    Running contrast 421/1305
deg_analysis_31136303_11.out:    Running contrast 426/1305
deg_analysis_31136303_11.out:    Running contrast 431/1305
deg_analysis_31136303_11.out:    Running contrast 436/1305
deg_analysis_31136303_11.out:    Running contrast 441/1305
deg_analysis_31136303_11.out:    Running contrast 446/1305
deg_analysis_31136303_11.out:    Running contrast 451/1305
deg_analysis_31136303_11.out:    Running contrast 456/1305
deg_analysis_31136303_11.out:    Running contrast 461/1305
deg_analysis_31136303_11.out:    Running contrast 466/1305
deg_analysis_31136303_11.out:    Running contrast 471/1305
deg_analysis_31136303_11.out:    Running contrast 476/1305
deg_analysis_31136303_11.out:    Running contrast 481/1305
deg_analysis_31136303_11.out:    Running contrast 486/1305
deg_analysis_31136303_11.out:    Running contrast 491/1305
deg_analysis_31136303_11.out:    Running contrast 496/1305
deg_analysis_31136303_11.out:    Running contrast 501/1305
deg_analysis_31136303_11.out:    Running contrast 506/1305
deg_analysis_31136303_11.out:    Running contrast 511/1305
deg_analysis_31136303_11.out:    Running contrast 516/1305
deg_analysis_31136303_11.out:    Running contrast 521/1305
deg_analysis_31136303_11.out:    Running contrast 526/1305
deg_analysis_31136303_11.out:    Running contrast 531/1305
deg_analysis_31136303_11.out:    Running contrast 536/1305
deg_analysis_31136303_11.out:    Running contrast 541/1305
deg_analysis_31136303_11.out:    Running contrast 546/1305
deg_analysis_31136303_11.out:    Running contrast 551/1305
deg_analysis_31136303_11.out:    Running contrast 556/1305
deg_analysis_31136303_11.out:    Running contrast 561/1305
deg_analysis_31136303_11.out:    Running contrast 566/1305
deg_analysis_31136303_11.out:    Running contrast 571/1305
deg_analysis_31136303_11.out:    Running contrast 576/1305
deg_analysis_31136303_11.out:    Running contrast 581/1305
deg_analysis_31136303_11.out:    Running contrast 586/1305
deg_analysis_31136303_11.out:    Running contrast 591/1305
deg_analysis_31136303_11.out:    Running contrast 596/1305
deg_analysis_31136303_11.out:    Running contrast 601/1305
deg_analysis_31136303_11.out:    Running contrast 606/1305
deg_analysis_31136303_11.out:    Running contrast 611/1305
deg_analysis_31136303_11.out:    Running contrast 616/1305
deg_analysis_31136303_11.out:    Running contrast 621/1305
deg_analysis_31136303_11.out:    Running contrast 626/1305
deg_analysis_31136303_11.out:    Running contrast 631/1305
deg_analysis_31136303_11.out:    Running contrast 636/1305
deg_analysis_31136303_11.out:    Running contrast 641/1305
deg_analysis_31136303_11.out:    Running contrast 646/1305
deg_analysis_31136303_11.out:    Running contrast 651/1305
deg_analysis_31136303_11.out:    Running contrast 656/1305
deg_analysis_31136303_11.out:    Running contrast 661/1305
deg_analysis_31136303_11.out:    Running contrast 666/1305
deg_analysis_31136303_11.out:    Running contrast 671/1305
deg_analysis_31136303_11.out:    Running contrast 676/1305
deg_analysis_31136303_11.out:    Running contrast 681/1305
deg_analysis_31136303_11.out:    Running contrast 686/1305
deg_analysis_31136303_11.out:    Running contrast 691/1305
deg_analysis_31136303_11.out:    Running contrast 696/1305
deg_analysis_31136303_11.out:    Running contrast 701/1305
deg_analysis_31136303_11.out:    Running contrast 706/1305
deg_analysis_31136303_11.out:    Running contrast 711/1305
deg_analysis_31136303_11.out:    Running contrast 716/1305
deg_analysis_31136303_11.out:    Running contrast 721/1305
deg_analysis_31136303_11.out:    Running contrast 726/1305
deg_analysis_31136303_11.out:    Running contrast 731/1305
deg_analysis_31136303_11.out:    Running contrast 736/1305
deg_analysis_31136303_11.out:    Running contrast 741/1305
deg_analysis_31136303_11.out:    Running contrast 746/1305
deg_analysis_31136303_11.out:    Running contrast 751/1305
deg_analysis_31136303_11.out:    Running contrast 756/1305
deg_analysis_31136303_11.out:    Running contrast 761/1305
deg_analysis_31136303_11.out:    Running contrast 766/1305
deg_analysis_31136303_11.out:    Running contrast 771/1305
deg_analysis_31136303_11.out:    Running contrast 776/1305
deg_analysis_31136303_11.out:    Running contrast 781/1305
deg_analysis_31136303_11.out:    Running contrast 786/1305
deg_analysis_31136303_11.out:    Running contrast 791/1305
deg_analysis_31136303_11.out:    Running contrast 796/1305
deg_analysis_31136303_11.out:    Running contrast 801/1305
deg_analysis_31136303_11.out:    Running contrast 806/1305
deg_analysis_31136303_11.out:    Running contrast 811/1305
deg_analysis_31136303_11.out:    Running contrast 816/1305
deg_analysis_31136303_11.out:    Running contrast 821/1305
deg_analysis_31136303_11.out:    Running contrast 826/1305
deg_analysis_31136303_11.out:    Running contrast 831/1305
deg_analysis_31136303_11.out:    Running contrast 836/1305
deg_analysis_31136303_11.out:    Running contrast 841/1305
deg_analysis_31136303_11.out:    Running contrast 846/1305
deg_analysis_31136303_11.out:    Running contrast 851/1305
deg_analysis_31136303_11.out:    Running contrast 856/1305
deg_analysis_31136303_11.out:    Running contrast 861/1305
deg_analysis_31136303_11.out:    Running contrast 866/1305
deg_analysis_31136303_11.out:    Running contrast 871/1305
deg_analysis_31136303_11.out:    Running contrast 876/1305
deg_analysis_31136303_11.out:    Running contrast 881/1305
deg_analysis_31136303_11.out:    Running contrast 886/1305
deg_analysis_31136303_11.out:    Running contrast 891/1305
deg_analysis_31136303_11.out:    Running contrast 896/1305
deg_analysis_31136303_11.out:    Running contrast 901/1305
deg_analysis_31136303_11.out:    Running contrast 906/1305
deg_analysis_31136303_11.out:    Running contrast 911/1305
deg_analysis_31136303_11.out:    Running contrast 916/1305
deg_analysis_31136303_11.out:    Running contrast 921/1305
deg_analysis_31136303_11.out:    Running contrast 926/1305
deg_analysis_31136303_11.out:    Running contrast 931/1305
deg_analysis_31136303_11.out:    Running contrast 936/1305
deg_analysis_31136303_11.out:    Running contrast 941/1305
deg_analysis_31136303_11.out:    Running contrast 946/1305
deg_analysis_31136303_11.out:    Running contrast 951/1305
deg_analysis_31136303_11.out:    Running contrast 956/1305
deg_analysis_31136303_11.out:    Running contrast 961/1305
deg_analysis_31136303_11.out:    Running contrast 966/1305
deg_analysis_31136303_11.out:    Running contrast 971/1305
deg_analysis_31136303_11.out:    Running contrast 976/1305
deg_analysis_31136303_11.out:    Running contrast 981/1305
deg_analysis_31136303_11.out:    Running contrast 986/1305
deg_analysis_31136303_11.out:    Running contrast 991/1305
deg_analysis_31136303_11.out:    Running contrast 996/1305
deg_analysis_31136303_11.out:    Running contrast 1001/1305
deg_analysis_31136303_11.out:    Running contrast 1006/1305
deg_analysis_31136303_11.out:    Running contrast 1011/1305
deg_analysis_31136303_11.out:    Running contrast 1016/1305
deg_analysis_31136303_11.out:    Running contrast 1021/1305
deg_analysis_31136303_11.out:    Running contrast 1026/1305
deg_analysis_31136303_11.out:    Running contrast 1031/1305
deg_analysis_31136303_11.out:    Running contrast 1036/1305
deg_analysis_31136303_11.out:    Running contrast 1041/1305
deg_analysis_31136303_11.out:    Running contrast 1046/1305
deg_analysis_31136303_11.out:    Running contrast 1051/1305
deg_analysis_31136303_11.out:    Running contrast 1056/1305
deg_analysis_31136303_11.out:    Running contrast 1061/1305
deg_analysis_31136303_11.out:    Running contrast 1066/1305
deg_analysis_31136303_11.out:    Running contrast 1071/1305
deg_analysis_31136303_11.out:    Running contrast 1076/1305
deg_analysis_31136303_11.out:    Running contrast 1081/1305
deg_analysis_31136303_11.out:    Running contrast 1086/1305
deg_analysis_31136303_11.out:    Running contrast 1091/1305
deg_analysis_31136303_11.out:    Running contrast 1096/1305
deg_analysis_31136303_11.out:    Running contrast 1101/1305
deg_analysis_31136303_11.out:    Running contrast 1106/1305
deg_analysis_31136303_11.out:    Running contrast 1111/1305
deg_analysis_31136303_11.out:    Running contrast 1116/1305
deg_analysis_31136303_11.out:    Running contrast 1121/1305
deg_analysis_31136303_11.out:    Running contrast 1126/1305
deg_analysis_31136303_11.out:    Running contrast 1131/1305
deg_analysis_31136303_11.out:    Running contrast 1136/1305
deg_analysis_31136303_11.out:    Running contrast 1141/1305
deg_analysis_31136303_11.out:    Running contrast 1146/1305
deg_analysis_31136303_11.out:    Running contrast 1151/1305
deg_analysis_31136303_11.out:    Running contrast 1156/1305
deg_analysis_31136303_11.out:    Running contrast 1161/1305
deg_analysis_31136303_11.out:    Running contrast 1166/1305
deg_analysis_31136303_11.out:    Running contrast 1171/1305
deg_analysis_31136303_11.out:    Running contrast 1176/1305
deg_analysis_31136303_11.out:    Running contrast 1181/1305
deg_analysis_31136303_11.out:    Running contrast 1186/1305
deg_analysis_31136303_11.out:    Running contrast 1191/1305
deg_analysis_31136303_11.out:    Running contrast 1196/1305
deg_analysis_31136303_11.out:    Running contrast 1201/1305
deg_analysis_31136303_11.out:    Running contrast 1206/1305
deg_analysis_31136303_11.out:    Running contrast 1211/1305
deg_analysis_31136303_11.out:    Running contrast 1216/1305
deg_analysis_31136303_11.out:    Running contrast 1221/1305
deg_analysis_31136303_11.out:    Running contrast 1226/1305
deg_analysis_31136303_11.out:    Running contrast 1231/1305
deg_analysis_31136303_11.out:    Running contrast 1236/1305
deg_analysis_31136303_11.out:    Running contrast 1241/1305
deg_analysis_31136303_11.out:    Running contrast 1246/1305
deg_analysis_31136303_11.out:    Running contrast 1251/1305
deg_analysis_31136303_11.out:    Running contrast 1256/1305
deg_analysis_31136303_11.out:    Running contrast 1261/1305
deg_analysis_31136303_11.out:    Running contrast 1266/1305
deg_analysis_31136303_11.out:    Running contrast 1271/1305
deg_analysis_31136303_11.out:    Running contrast 1276/1305
deg_analysis_31136303_11.out:    Running contrast 1281/1305
deg_analysis_31136303_11.out:    Running contrast 1286/1305
deg_analysis_31136303_11.out:    Running contrast 1291/1305
deg_analysis_31136303_11.out:    Running contrast 1296/1305
deg_analysis_31136303_11.out:    Running contrast 1301/1305
deg_analysis_31136303_11.out:    Running contrast 1305/1305
deg_analysis_31136303_11.out:
deg_analysis_31136303_11.out:    Writing:  ./data/tahoe/deg_data/sep_rep/full/qc_false/filter_min_cells_10/CVCL_0332_de.h5ad 
deg_analysis_31136303_11.out:
deg_analysis_31136303_11.out:    Rewriting h5ad file: ./data/tahoe/deg_data/sep_rep/full/qc_false/filter_min_cells_10/CVCL_0332_de.h5ad 
deg_analysis_31136303_11.out:    Removed X matrix
deg_analysis_31136303_11.out:    Rewriting h5ad file is done!
deg_analysis_31136303_11.out:✓ Cell line completed in 9865.0 seconds
deg_analysis_31136303_11.out:
deg_analysis_31136303_11.out:DE analysis completed!
deg_analysis_31136303_11.out:
deg_analysis_31136303_11.out:Total runtime: 9878.9 seconds
deg_analysis_31136303_12.out:
deg_analysis_31136303_12.out:DE analysis started...
deg_analysis_31136303_12.out:Loaded input file:  ./data/tahoe/pseudobulk_processed/sep_rep/by_celltype/CVCL_0334_processed.h5ad 
deg_analysis_31136303_12.out:Initial dimensions:  1340  samples ×  62710  genes
deg_analysis_31136303_12.out:Filter samples with the low number of cells
deg_analysis_31136303_12.out:    Filter threshold (min_cells):  10 
deg_analysis_31136303_12.out:    n_obs:  1340 -->  1331 
deg_analysis_31136303_12.out:
deg_analysis_31136303_12.out:▶︎ Processing cell_type  1 / 1 :  CVCL_0334 
deg_analysis_31136303_12.out:    Filter controls by  pert_time_h  column
deg_analysis_31136303_12.out:        n_obs:  1331 -->  1331 
deg_analysis_31136303_12.out:
deg_analysis_31136303_12.out:    Running contrast 1/1303
deg_analysis_31136303_12.out:    Running contrast 6/1303
deg_analysis_31136303_12.out:    Running contrast 11/1303
deg_analysis_31136303_12.out:    Running contrast 16/1303
deg_analysis_31136303_12.out:    Running contrast 21/1303
deg_analysis_31136303_12.out:    Running contrast 26/1303
deg_analysis_31136303_12.out:    Running contrast 31/1303
deg_analysis_31136303_12.out:    Running contrast 36/1303
deg_analysis_31136303_12.out:    Running contrast 41/1303
deg_analysis_31136303_12.out:    Running contrast 46/1303
deg_analysis_31136303_12.out:    Running contrast 51/1303
deg_analysis_31136303_12.out:    Running contrast 56/1303
deg_analysis_31136303_12.out:    Running contrast 61/1303
deg_analysis_31136303_12.out:    Running contrast 66/1303
deg_analysis_31136303_12.out:    Running contrast 71/1303
deg_analysis_31136303_12.out:    Running contrast 76/1303
deg_analysis_31136303_12.out:    Running contrast 81/1303
deg_analysis_31136303_12.out:    Running contrast 86/1303
deg_analysis_31136303_12.out:    Running contrast 91/1303
deg_analysis_31136303_12.out:    Running contrast 96/1303
deg_analysis_31136303_12.out:    Running contrast 101/1303
deg_analysis_31136303_12.out:    Running contrast 106/1303
deg_analysis_31136303_12.out:    Running contrast 111/1303
deg_analysis_31136303_12.out:    Running contrast 116/1303
deg_analysis_31136303_12.out:    Running contrast 121/1303
deg_analysis_31136303_12.out:    Running contrast 126/1303
deg_analysis_31136303_12.out:    Running contrast 131/1303
deg_analysis_31136303_12.out:    Running contrast 136/1303
deg_analysis_31136303_12.out:    Running contrast 141/1303
deg_analysis_31136303_12.out:    Running contrast 146/1303
deg_analysis_31136303_12.out:    Running contrast 151/1303
deg_analysis_31136303_12.out:    Running contrast 156/1303
deg_analysis_31136303_12.out:    Running contrast 161/1303
deg_analysis_31136303_12.out:    Running contrast 166/1303
deg_analysis_31136303_12.out:    Running contrast 171/1303
deg_analysis_31136303_12.out:    Running contrast 176/1303
deg_analysis_31136303_12.out:    Running contrast 181/1303
deg_analysis_31136303_12.out:    Running contrast 186/1303
deg_analysis_31136303_12.out:    Running contrast 191/1303
deg_analysis_31136303_12.out:    Running contrast 196/1303
deg_analysis_31136303_12.out:    Running contrast 201/1303
deg_analysis_31136303_12.out:    Running contrast 206/1303
deg_analysis_31136303_12.out:    Running contrast 211/1303
deg_analysis_31136303_12.out:    Running contrast 216/1303
deg_analysis_31136303_12.out:    Running contrast 221/1303
deg_analysis_31136303_12.out:    Running contrast 226/1303
deg_analysis_31136303_12.out:    Running contrast 231/1303
deg_analysis_31136303_12.out:    Running contrast 236/1303
deg_analysis_31136303_12.out:    Running contrast 241/1303
deg_analysis_31136303_12.out:    Running contrast 246/1303
deg_analysis_31136303_12.out:    Running contrast 251/1303
deg_analysis_31136303_12.out:    Running contrast 256/1303
deg_analysis_31136303_12.out:    Running contrast 261/1303
deg_analysis_31136303_12.out:    Running contrast 266/1303
deg_analysis_31136303_12.out:    Running contrast 271/1303
deg_analysis_31136303_12.out:    Running contrast 276/1303
deg_analysis_31136303_12.out:    Running contrast 281/1303
deg_analysis_31136303_12.out:    Running contrast 286/1303
deg_analysis_31136303_12.out:    Running contrast 291/1303
deg_analysis_31136303_12.out:    Running contrast 296/1303
deg_analysis_31136303_12.out:    Running contrast 301/1303
deg_analysis_31136303_12.out:    Running contrast 306/1303
deg_analysis_31136303_12.out:    Running contrast 311/1303
deg_analysis_31136303_12.out:    Running contrast 316/1303
deg_analysis_31136303_12.out:    Running contrast 321/1303
deg_analysis_31136303_12.out:    Running contrast 326/1303
deg_analysis_31136303_12.out:    Running contrast 331/1303
deg_analysis_31136303_12.out:    Running contrast 336/1303
deg_analysis_31136303_12.out:    Running contrast 341/1303
deg_analysis_31136303_12.out:    Running contrast 346/1303
deg_analysis_31136303_12.out:    Running contrast 351/1303
deg_analysis_31136303_12.out:    Running contrast 356/1303
deg_analysis_31136303_12.out:    Running contrast 361/1303
deg_analysis_31136303_12.out:    Running contrast 366/1303
deg_analysis_31136303_12.out:    Running contrast 371/1303
deg_analysis_31136303_12.out:    Running contrast 376/1303
deg_analysis_31136303_12.out:    Running contrast 381/1303
deg_analysis_31136303_12.out:    Running contrast 386/1303
deg_analysis_31136303_12.out:    Running contrast 391/1303
deg_analysis_31136303_12.out:    Running contrast 396/1303
deg_analysis_31136303_12.out:    Running contrast 401/1303
deg_analysis_31136303_12.out:    Running contrast 406/1303
deg_analysis_31136303_12.out:    Running contrast 411/1303
deg_analysis_31136303_12.out:    Running contrast 416/1303
deg_analysis_31136303_12.out:    Running contrast 421/1303
deg_analysis_31136303_12.out:    Running contrast 426/1303
deg_analysis_31136303_12.out:    Running contrast 431/1303
deg_analysis_31136303_12.out:    Running contrast 436/1303
deg_analysis_31136303_12.out:    Running contrast 441/1303
deg_analysis_31136303_12.out:    Running contrast 446/1303
deg_analysis_31136303_12.out:    Running contrast 451/1303
deg_analysis_31136303_12.out:    Running contrast 456/1303
deg_analysis_31136303_12.out:    Running contrast 461/1303
deg_analysis_31136303_12.out:    Running contrast 466/1303
deg_analysis_31136303_12.out:    Running contrast 471/1303
deg_analysis_31136303_12.out:    Running contrast 476/1303
deg_analysis_31136303_12.out:    Running contrast 481/1303
deg_analysis_31136303_12.out:    Running contrast 486/1303
deg_analysis_31136303_12.out:    Running contrast 491/1303
deg_analysis_31136303_12.out:    Running contrast 496/1303
deg_analysis_31136303_12.out:    Running contrast 501/1303
deg_analysis_31136303_12.out:    Running contrast 506/1303
deg_analysis_31136303_12.out:    Running contrast 511/1303
deg_analysis_31136303_12.out:    Running contrast 516/1303
deg_analysis_31136303_12.out:    Running contrast 521/1303
deg_analysis_31136303_12.out:    Running contrast 526/1303
deg_analysis_31136303_12.out:    Running contrast 531/1303
deg_analysis_31136303_12.out:    Running contrast 536/1303
deg_analysis_31136303_12.out:    Running contrast 541/1303
deg_analysis_31136303_12.out:    Running contrast 546/1303
deg_analysis_31136303_12.out:    Running contrast 551/1303
deg_analysis_31136303_12.out:    Running contrast 556/1303
deg_analysis_31136303_12.out:    Running contrast 561/1303
deg_analysis_31136303_12.out:    Running contrast 566/1303
deg_analysis_31136303_12.out:    Running contrast 571/1303
deg_analysis_31136303_12.out:    Running contrast 576/1303
deg_analysis_31136303_12.out:    Running contrast 581/1303
deg_analysis_31136303_12.out:    Running contrast 586/1303
deg_analysis_31136303_12.out:    Running contrast 591/1303
deg_analysis_31136303_12.out:    Running contrast 596/1303
deg_analysis_31136303_12.out:    Running contrast 601/1303
deg_analysis_31136303_12.out:    Running contrast 606/1303
deg_analysis_31136303_12.out:    Running contrast 611/1303
deg_analysis_31136303_12.out:    Running contrast 616/1303
deg_analysis_31136303_12.out:    Running contrast 621/1303
deg_analysis_31136303_12.out:    Running contrast 626/1303
deg_analysis_31136303_12.out:    Running contrast 631/1303
deg_analysis_31136303_12.out:    Running contrast 636/1303
deg_analysis_31136303_12.out:    Running contrast 641/1303
deg_analysis_31136303_12.out:    Running contrast 646/1303
deg_analysis_31136303_12.out:    Running contrast 651/1303
deg_analysis_31136303_12.out:    Running contrast 656/1303
deg_analysis_31136303_12.out:    Running contrast 661/1303
deg_analysis_31136303_12.out:    Running contrast 666/1303
deg_analysis_31136303_12.out:    Running contrast 671/1303
deg_analysis_31136303_12.out:    Running contrast 676/1303
deg_analysis_31136303_12.out:    Running contrast 681/1303
deg_analysis_31136303_12.out:    Running contrast 686/1303
deg_analysis_31136303_12.out:    Running contrast 691/1303
deg_analysis_31136303_12.out:    Running contrast 696/1303
deg_analysis_31136303_12.out:    Running contrast 701/1303
deg_analysis_31136303_12.out:    Running contrast 706/1303
deg_analysis_31136303_12.out:    Running contrast 711/1303
deg_analysis_31136303_12.out:    Running contrast 716/1303
deg_analysis_31136303_12.out:    Running contrast 721/1303
deg_analysis_31136303_12.out:    Running contrast 726/1303
deg_analysis_31136303_12.out:    Running contrast 731/1303
deg_analysis_31136303_12.out:    Running contrast 736/1303
deg_analysis_31136303_12.out:    Running contrast 741/1303
deg_analysis_31136303_12.out:    Running contrast 746/1303
deg_analysis_31136303_12.out:    Running contrast 751/1303
deg_analysis_31136303_12.out:    Running contrast 756/1303
deg_analysis_31136303_12.out:    Running contrast 761/1303
deg_analysis_31136303_12.out:    Running contrast 766/1303
deg_analysis_31136303_12.out:    Running contrast 771/1303
deg_analysis_31136303_12.out:    Running contrast 776/1303
deg_analysis_31136303_12.out:    Running contrast 781/1303
deg_analysis_31136303_12.out:    Running contrast 786/1303
deg_analysis_31136303_12.out:    Running contrast 791/1303
deg_analysis_31136303_12.out:    Running contrast 796/1303
deg_analysis_31136303_12.out:    Running contrast 801/1303
deg_analysis_31136303_12.out:    Running contrast 806/1303
deg_analysis_31136303_12.out:    Running contrast 811/1303
deg_analysis_31136303_12.out:    Running contrast 816/1303
deg_analysis_31136303_12.out:    Running contrast 821/1303
deg_analysis_31136303_12.out:    Running contrast 826/1303
deg_analysis_31136303_12.out:    Running contrast 831/1303
deg_analysis_31136303_12.out:    Running contrast 836/1303
deg_analysis_31136303_12.out:    Running contrast 841/1303
deg_analysis_31136303_12.out:    Running contrast 846/1303
deg_analysis_31136303_12.out:    Running contrast 851/1303
deg_analysis_31136303_12.out:    Running contrast 856/1303
deg_analysis_31136303_12.out:    Running contrast 861/1303
deg_analysis_31136303_12.out:    Running contrast 866/1303
deg_analysis_31136303_12.out:    Running contrast 871/1303
deg_analysis_31136303_12.out:    Running contrast 876/1303
deg_analysis_31136303_12.out:    Running contrast 881/1303
deg_analysis_31136303_12.out:    Running contrast 886/1303
deg_analysis_31136303_12.out:    Running contrast 891/1303
deg_analysis_31136303_12.out:    Running contrast 896/1303
deg_analysis_31136303_12.out:    Running contrast 901/1303
deg_analysis_31136303_12.out:    Running contrast 906/1303
deg_analysis_31136303_12.out:    Running contrast 911/1303
deg_analysis_31136303_12.out:    Running contrast 916/1303
deg_analysis_31136303_12.out:    Running contrast 921/1303
deg_analysis_31136303_12.out:    Running contrast 926/1303
deg_analysis_31136303_12.out:    Running contrast 931/1303
deg_analysis_31136303_12.out:    Running contrast 936/1303
deg_analysis_31136303_12.out:    Running contrast 941/1303
deg_analysis_31136303_12.out:    Running contrast 946/1303
deg_analysis_31136303_12.out:    Running contrast 951/1303
deg_analysis_31136303_12.out:    Running contrast 956/1303
deg_analysis_31136303_12.out:    Running contrast 961/1303
deg_analysis_31136303_12.out:    Running contrast 966/1303
deg_analysis_31136303_12.out:    Running contrast 971/1303
deg_analysis_31136303_12.out:    Running contrast 976/1303
deg_analysis_31136303_12.out:    Running contrast 981/1303
deg_analysis_31136303_12.out:    Running contrast 986/1303
deg_analysis_31136303_12.out:    Running contrast 991/1303
deg_analysis_31136303_12.out:    Running contrast 996/1303
deg_analysis_31136303_12.out:    Running contrast 1001/1303
deg_analysis_31136303_12.out:    Running contrast 1006/1303
deg_analysis_31136303_12.out:    Running contrast 1011/1303
deg_analysis_31136303_12.out:    Running contrast 1016/1303
deg_analysis_31136303_12.out:    Running contrast 1021/1303
deg_analysis_31136303_12.out:    Running contrast 1026/1303
deg_analysis_31136303_12.out:    Running contrast 1031/1303
deg_analysis_31136303_12.out:    Running contrast 1036/1303
deg_analysis_31136303_12.out:    Running contrast 1041/1303
deg_analysis_31136303_12.out:    Running contrast 1046/1303
deg_analysis_31136303_12.out:    Running contrast 1051/1303
deg_analysis_31136303_12.out:    Running contrast 1056/1303
deg_analysis_31136303_12.out:    Running contrast 1061/1303
deg_analysis_31136303_12.out:    Running contrast 1066/1303
deg_analysis_31136303_12.out:    Running contrast 1071/1303
deg_analysis_31136303_12.out:    Running contrast 1076/1303
deg_analysis_31136303_12.out:    Running contrast 1081/1303
deg_analysis_31136303_12.out:    Running contrast 1086/1303
deg_analysis_31136303_12.out:    Running contrast 1091/1303
deg_analysis_31136303_12.out:    Running contrast 1096/1303
deg_analysis_31136303_12.out:    Running contrast 1101/1303
deg_analysis_31136303_12.out:    Running contrast 1106/1303
deg_analysis_31136303_12.out:    Running contrast 1111/1303
deg_analysis_31136303_12.out:    Running contrast 1116/1303
deg_analysis_31136303_12.out:    Running contrast 1121/1303
deg_analysis_31136303_12.out:    Running contrast 1126/1303
deg_analysis_31136303_12.out:    Running contrast 1131/1303
deg_analysis_31136303_12.out:    Running contrast 1136/1303
deg_analysis_31136303_12.out:    Running contrast 1141/1303
deg_analysis_31136303_12.out:    Running contrast 1146/1303
deg_analysis_31136303_12.out:    Running contrast 1151/1303
deg_analysis_31136303_12.out:    Running contrast 1156/1303
deg_analysis_31136303_12.out:    Running contrast 1161/1303
deg_analysis_31136303_12.out:    Running contrast 1166/1303
deg_analysis_31136303_12.out:    Running contrast 1171/1303
deg_analysis_31136303_12.out:    Running contrast 1176/1303
deg_analysis_31136303_12.out:    Running contrast 1181/1303
deg_analysis_31136303_12.out:    Running contrast 1186/1303
deg_analysis_31136303_12.out:    Running contrast 1191/1303
deg_analysis_31136303_12.out:    Running contrast 1196/1303
deg_analysis_31136303_12.out:    Running contrast 1201/1303
deg_analysis_31136303_12.out:    Running contrast 1206/1303
deg_analysis_31136303_12.out:    Running contrast 1211/1303
deg_analysis_31136303_12.out:    Running contrast 1216/1303
deg_analysis_31136303_12.out:    Running contrast 1221/1303
deg_analysis_31136303_12.out:    Running contrast 1226/1303
deg_analysis_31136303_12.out:    Running contrast 1231/1303
deg_analysis_31136303_12.out:    Running contrast 1236/1303
deg_analysis_31136303_12.out:    Running contrast 1241/1303
deg_analysis_31136303_12.out:    Running contrast 1246/1303
deg_analysis_31136303_12.out:    Running contrast 1251/1303
deg_analysis_31136303_12.out:    Running contrast 1256/1303
deg_analysis_31136303_12.out:    Running contrast 1261/1303
deg_analysis_31136303_12.out:    Running contrast 1266/1303
deg_analysis_31136303_12.out:    Running contrast 1271/1303
deg_analysis_31136303_12.out:    Running contrast 1276/1303
deg_analysis_31136303_12.out:    Running contrast 1281/1303
deg_analysis_31136303_12.out:    Running contrast 1286/1303
deg_analysis_31136303_12.out:    Running contrast 1291/1303
deg_analysis_31136303_12.out:    Running contrast 1296/1303
deg_analysis_31136303_12.out:    Running contrast 1301/1303
deg_analysis_31136303_12.out:    Running contrast 1303/1303
deg_analysis_31136303_12.out:
deg_analysis_31136303_12.out:    Writing:  ./data/tahoe/deg_data/sep_rep/full/qc_false/filter_min_cells_10/CVCL_0334_de.h5ad 
deg_analysis_31136303_12.out:
deg_analysis_31136303_12.out:    Rewriting h5ad file: ./data/tahoe/deg_data/sep_rep/full/qc_false/filter_min_cells_10/CVCL_0334_de.h5ad 
deg_analysis_31136303_12.out:    Removed X matrix
deg_analysis_31136303_12.out:    Rewriting h5ad file is done!
deg_analysis_31136303_12.out:✓ Cell line completed in 10260.0 seconds
deg_analysis_31136303_12.out:
deg_analysis_31136303_12.out:DE analysis completed!
deg_analysis_31136303_12.out:
deg_analysis_31136303_12.out:Total runtime: 10305.3 seconds
deg_analysis_31136303_13.out:
deg_analysis_31136303_13.out:DE analysis started...
deg_analysis_31136303_13.out:Loaded input file:  ./data/tahoe/pseudobulk_processed/sep_rep/by_celltype/CVCL_0359_processed.h5ad 
deg_analysis_31136303_13.out:Initial dimensions:  1342  samples ×  62710  genes
deg_analysis_31136303_13.out:Filter samples with the low number of cells
deg_analysis_31136303_13.out:    Filter threshold (min_cells):  10 
deg_analysis_31136303_13.out:    n_obs:  1342 -->  1333 
deg_analysis_31136303_13.out:
deg_analysis_31136303_13.out:▶︎ Processing cell_type  1 / 1 :  CVCL_0359 
deg_analysis_31136303_13.out:    Filter controls by  pert_time_h  column
deg_analysis_31136303_13.out:        n_obs:  1333 -->  1333 
deg_analysis_31136303_13.out:
deg_analysis_31136303_13.out:    Running contrast 1/1305
deg_analysis_31136303_13.out:    Running contrast 6/1305
deg_analysis_31136303_13.out:    Running contrast 11/1305
deg_analysis_31136303_13.out:    Running contrast 16/1305
deg_analysis_31136303_13.out:    Running contrast 21/1305
deg_analysis_31136303_13.out:    Running contrast 26/1305
deg_analysis_31136303_13.out:    Running contrast 31/1305
deg_analysis_31136303_13.out:    Running contrast 36/1305
deg_analysis_31136303_13.out:    Running contrast 41/1305
deg_analysis_31136303_13.out:    Running contrast 46/1305
deg_analysis_31136303_13.out:    Running contrast 51/1305
deg_analysis_31136303_13.out:    Running contrast 56/1305
deg_analysis_31136303_13.out:    Running contrast 61/1305
deg_analysis_31136303_13.out:    Running contrast 66/1305
deg_analysis_31136303_13.out:    Running contrast 71/1305
deg_analysis_31136303_13.out:    Running contrast 76/1305
deg_analysis_31136303_13.out:    Running contrast 81/1305
deg_analysis_31136303_13.out:    Running contrast 86/1305
deg_analysis_31136303_13.out:    Running contrast 91/1305
deg_analysis_31136303_13.out:    Running contrast 96/1305
deg_analysis_31136303_13.out:    Running contrast 101/1305
deg_analysis_31136303_13.out:    Running contrast 106/1305
deg_analysis_31136303_13.out:    Running contrast 111/1305
deg_analysis_31136303_13.out:    Running contrast 116/1305
deg_analysis_31136303_13.out:    Running contrast 121/1305
deg_analysis_31136303_13.out:    Running contrast 126/1305
deg_analysis_31136303_13.out:    Running contrast 131/1305
deg_analysis_31136303_13.out:    Running contrast 136/1305
deg_analysis_31136303_13.out:    Running contrast 141/1305
deg_analysis_31136303_13.out:    Running contrast 146/1305
deg_analysis_31136303_13.out:    Running contrast 151/1305
deg_analysis_31136303_13.out:    Running contrast 156/1305
deg_analysis_31136303_13.out:    Running contrast 161/1305
deg_analysis_31136303_13.out:    Running contrast 166/1305
deg_analysis_31136303_13.out:    Running contrast 171/1305
deg_analysis_31136303_13.out:    Running contrast 176/1305
deg_analysis_31136303_13.out:    Running contrast 181/1305
deg_analysis_31136303_13.out:    Running contrast 186/1305
deg_analysis_31136303_13.out:    Running contrast 191/1305
deg_analysis_31136303_13.out:    Running contrast 196/1305
deg_analysis_31136303_13.out:    Running contrast 201/1305
deg_analysis_31136303_13.out:    Running contrast 206/1305
deg_analysis_31136303_13.out:    Running contrast 211/1305
deg_analysis_31136303_13.out:    Running contrast 216/1305
deg_analysis_31136303_13.out:    Running contrast 221/1305
deg_analysis_31136303_13.out:    Running contrast 226/1305
deg_analysis_31136303_13.out:    Running contrast 231/1305
deg_analysis_31136303_13.out:    Running contrast 236/1305
deg_analysis_31136303_13.out:    Running contrast 241/1305
deg_analysis_31136303_13.out:    Running contrast 246/1305
deg_analysis_31136303_13.out:    Running contrast 251/1305
deg_analysis_31136303_13.out:    Running contrast 256/1305
deg_analysis_31136303_13.out:    Running contrast 261/1305
deg_analysis_31136303_13.out:    Running contrast 266/1305
deg_analysis_31136303_13.out:    Running contrast 271/1305
deg_analysis_31136303_13.out:    Running contrast 276/1305
deg_analysis_31136303_13.out:    Running contrast 281/1305
deg_analysis_31136303_13.out:    Running contrast 286/1305
deg_analysis_31136303_13.out:    Running contrast 291/1305
deg_analysis_31136303_13.out:    Running contrast 296/1305
deg_analysis_31136303_13.out:    Running contrast 301/1305
deg_analysis_31136303_13.out:    Running contrast 306/1305
deg_analysis_31136303_13.out:    Running contrast 311/1305
deg_analysis_31136303_13.out:    Running contrast 316/1305
deg_analysis_31136303_13.out:    Running contrast 321/1305
deg_analysis_31136303_13.out:    Running contrast 326/1305
deg_analysis_31136303_13.out:    Running contrast 331/1305
deg_analysis_31136303_13.out:    Running contrast 336/1305
deg_analysis_31136303_13.out:    Running contrast 341/1305
deg_analysis_31136303_13.out:    Running contrast 346/1305
deg_analysis_31136303_13.out:    Running contrast 351/1305
deg_analysis_31136303_13.out:    Running contrast 356/1305
deg_analysis_31136303_13.out:    Running contrast 361/1305
deg_analysis_31136303_13.out:    Running contrast 366/1305
deg_analysis_31136303_13.out:    Running contrast 371/1305
deg_analysis_31136303_13.out:    Running contrast 376/1305
deg_analysis_31136303_13.out:    Running contrast 381/1305
deg_analysis_31136303_13.out:    Running contrast 386/1305
deg_analysis_31136303_13.out:    Running contrast 391/1305
deg_analysis_31136303_13.out:    Running contrast 396/1305
deg_analysis_31136303_13.out:    Running contrast 401/1305
deg_analysis_31136303_13.out:    Running contrast 406/1305
deg_analysis_31136303_13.out:    Running contrast 411/1305
deg_analysis_31136303_13.out:    Running contrast 416/1305
deg_analysis_31136303_13.out:    Running contrast 421/1305
deg_analysis_31136303_13.out:    Running contrast 426/1305
deg_analysis_31136303_13.out:    Running contrast 431/1305
deg_analysis_31136303_13.out:    Running contrast 436/1305
deg_analysis_31136303_13.out:    Running contrast 441/1305
deg_analysis_31136303_13.out:    Running contrast 446/1305
deg_analysis_31136303_13.out:    Running contrast 451/1305
deg_analysis_31136303_13.out:    Running contrast 456/1305
deg_analysis_31136303_13.out:    Running contrast 461/1305
deg_analysis_31136303_13.out:    Running contrast 466/1305
deg_analysis_31136303_13.out:    Running contrast 471/1305
deg_analysis_31136303_13.out:    Running contrast 476/1305
deg_analysis_31136303_13.out:    Running contrast 481/1305
deg_analysis_31136303_13.out:    Running contrast 486/1305
deg_analysis_31136303_13.out:    Running contrast 491/1305
deg_analysis_31136303_13.out:    Running contrast 496/1305
deg_analysis_31136303_13.out:    Running contrast 501/1305
deg_analysis_31136303_13.out:    Running contrast 506/1305
deg_analysis_31136303_13.out:    Running contrast 511/1305
deg_analysis_31136303_13.out:    Running contrast 516/1305
deg_analysis_31136303_13.out:    Running contrast 521/1305
deg_analysis_31136303_13.out:    Running contrast 526/1305
deg_analysis_31136303_13.out:    Running contrast 531/1305
deg_analysis_31136303_13.out:    Running contrast 536/1305
deg_analysis_31136303_13.out:    Running contrast 541/1305
deg_analysis_31136303_13.out:    Running contrast 546/1305
deg_analysis_31136303_13.out:    Running contrast 551/1305
deg_analysis_31136303_13.out:    Running contrast 556/1305
deg_analysis_31136303_13.out:    Running contrast 561/1305
deg_analysis_31136303_13.out:    Running contrast 566/1305
deg_analysis_31136303_13.out:    Running contrast 571/1305
deg_analysis_31136303_13.out:    Running contrast 576/1305
deg_analysis_31136303_13.out:    Running contrast 581/1305
deg_analysis_31136303_13.out:    Running contrast 586/1305
deg_analysis_31136303_13.out:    Running contrast 591/1305
deg_analysis_31136303_13.out:    Running contrast 596/1305
deg_analysis_31136303_13.out:    Running contrast 601/1305
deg_analysis_31136303_13.out:    Running contrast 606/1305
deg_analysis_31136303_13.out:    Running contrast 611/1305
deg_analysis_31136303_13.out:    Running contrast 616/1305
deg_analysis_31136303_13.out:    Running contrast 621/1305
deg_analysis_31136303_13.out:    Running contrast 626/1305
deg_analysis_31136303_13.out:    Running contrast 631/1305
deg_analysis_31136303_13.out:    Running contrast 636/1305
deg_analysis_31136303_13.out:    Running contrast 641/1305
deg_analysis_31136303_13.out:    Running contrast 646/1305
deg_analysis_31136303_13.out:    Running contrast 651/1305
deg_analysis_31136303_13.out:    Running contrast 656/1305
deg_analysis_31136303_13.out:    Running contrast 661/1305
deg_analysis_31136303_13.out:    Running contrast 666/1305
deg_analysis_31136303_13.out:    Running contrast 671/1305
deg_analysis_31136303_13.out:    Running contrast 676/1305
deg_analysis_31136303_13.out:    Running contrast 681/1305
deg_analysis_31136303_13.out:    Running contrast 686/1305
deg_analysis_31136303_13.out:    Running contrast 691/1305
deg_analysis_31136303_13.out:    Running contrast 696/1305
deg_analysis_31136303_13.out:    Running contrast 701/1305
deg_analysis_31136303_13.out:    Running contrast 706/1305
deg_analysis_31136303_13.out:    Running contrast 711/1305
deg_analysis_31136303_13.out:    Running contrast 716/1305
deg_analysis_31136303_13.out:    Running contrast 721/1305
deg_analysis_31136303_13.out:    Running contrast 726/1305
deg_analysis_31136303_13.out:    Running contrast 731/1305
deg_analysis_31136303_13.out:    Running contrast 736/1305
deg_analysis_31136303_13.out:    Running contrast 741/1305
deg_analysis_31136303_13.out:    Running contrast 746/1305
deg_analysis_31136303_13.out:    Running contrast 751/1305
deg_analysis_31136303_13.out:    Running contrast 756/1305
deg_analysis_31136303_13.out:    Running contrast 761/1305
deg_analysis_31136303_13.out:    Running contrast 766/1305
deg_analysis_31136303_13.out:    Running contrast 771/1305
deg_analysis_31136303_13.out:    Running contrast 776/1305
deg_analysis_31136303_13.out:    Running contrast 781/1305
deg_analysis_31136303_13.out:    Running contrast 786/1305
deg_analysis_31136303_13.out:    Running contrast 791/1305
deg_analysis_31136303_13.out:    Running contrast 796/1305
deg_analysis_31136303_13.out:    Running contrast 801/1305
deg_analysis_31136303_13.out:    Running contrast 806/1305
deg_analysis_31136303_13.out:    Running contrast 811/1305
deg_analysis_31136303_13.out:    Running contrast 816/1305
deg_analysis_31136303_13.out:    Running contrast 821/1305
deg_analysis_31136303_13.out:    Running contrast 826/1305
deg_analysis_31136303_13.out:    Running contrast 831/1305
deg_analysis_31136303_13.out:    Running contrast 836/1305
deg_analysis_31136303_13.out:    Running contrast 841/1305
deg_analysis_31136303_13.out:    Running contrast 846/1305
deg_analysis_31136303_13.out:    Running contrast 851/1305
deg_analysis_31136303_13.out:    Running contrast 856/1305
deg_analysis_31136303_13.out:    Running contrast 861/1305
deg_analysis_31136303_13.out:    Running contrast 866/1305
deg_analysis_31136303_13.out:    Running contrast 871/1305
deg_analysis_31136303_13.out:    Running contrast 876/1305
deg_analysis_31136303_13.out:    Running contrast 881/1305
deg_analysis_31136303_13.out:    Running contrast 886/1305
deg_analysis_31136303_13.out:    Running contrast 891/1305
deg_analysis_31136303_13.out:    Running contrast 896/1305
deg_analysis_31136303_13.out:    Running contrast 901/1305
deg_analysis_31136303_13.out:    Running contrast 906/1305
deg_analysis_31136303_13.out:    Running contrast 911/1305
deg_analysis_31136303_13.out:    Running contrast 916/1305
deg_analysis_31136303_13.out:    Running contrast 921/1305
deg_analysis_31136303_13.out:    Running contrast 926/1305
deg_analysis_31136303_13.out:    Running contrast 931/1305
deg_analysis_31136303_13.out:    Running contrast 936/1305
deg_analysis_31136303_13.out:    Running contrast 941/1305
deg_analysis_31136303_13.out:    Running contrast 946/1305
deg_analysis_31136303_13.out:    Running contrast 951/1305
deg_analysis_31136303_13.out:    Running contrast 956/1305
deg_analysis_31136303_13.out:    Running contrast 961/1305
deg_analysis_31136303_13.out:    Running contrast 966/1305
deg_analysis_31136303_13.out:    Running contrast 971/1305
deg_analysis_31136303_13.out:    Running contrast 976/1305
deg_analysis_31136303_13.out:    Running contrast 981/1305
deg_analysis_31136303_13.out:    Running contrast 986/1305
deg_analysis_31136303_13.out:    Running contrast 991/1305
deg_analysis_31136303_13.out:    Running contrast 996/1305
deg_analysis_31136303_13.out:    Running contrast 1001/1305
deg_analysis_31136303_13.out:    Running contrast 1006/1305
deg_analysis_31136303_13.out:    Running contrast 1011/1305
deg_analysis_31136303_13.out:    Running contrast 1016/1305
deg_analysis_31136303_13.out:    Running contrast 1021/1305
deg_analysis_31136303_13.out:    Running contrast 1026/1305
deg_analysis_31136303_13.out:    Running contrast 1031/1305
deg_analysis_31136303_13.out:    Running contrast 1036/1305
deg_analysis_31136303_13.out:    Running contrast 1041/1305
deg_analysis_31136303_13.out:    Running contrast 1046/1305
deg_analysis_31136303_13.out:    Running contrast 1051/1305
deg_analysis_31136303_13.out:    Running contrast 1056/1305
deg_analysis_31136303_13.out:    Running contrast 1061/1305
deg_analysis_31136303_13.out:    Running contrast 1066/1305
deg_analysis_31136303_13.out:    Running contrast 1071/1305
deg_analysis_31136303_13.out:    Running contrast 1076/1305
deg_analysis_31136303_13.out:    Running contrast 1081/1305
deg_analysis_31136303_13.out:    Running contrast 1086/1305
deg_analysis_31136303_13.out:    Running contrast 1091/1305
deg_analysis_31136303_13.out:    Running contrast 1096/1305
deg_analysis_31136303_13.out:    Running contrast 1101/1305
deg_analysis_31136303_13.out:    Running contrast 1106/1305
deg_analysis_31136303_13.out:    Running contrast 1111/1305
deg_analysis_31136303_13.out:    Running contrast 1116/1305
deg_analysis_31136303_13.out:    Running contrast 1121/1305
deg_analysis_31136303_13.out:    Running contrast 1126/1305
deg_analysis_31136303_13.out:    Running contrast 1131/1305
deg_analysis_31136303_13.out:    Running contrast 1136/1305
deg_analysis_31136303_13.out:    Running contrast 1141/1305
deg_analysis_31136303_13.out:    Running contrast 1146/1305
deg_analysis_31136303_13.out:    Running contrast 1151/1305
deg_analysis_31136303_13.out:    Running contrast 1156/1305
deg_analysis_31136303_13.out:    Running contrast 1161/1305
deg_analysis_31136303_13.out:    Running contrast 1166/1305
deg_analysis_31136303_13.out:    Running contrast 1171/1305
deg_analysis_31136303_13.out:    Running contrast 1176/1305
deg_analysis_31136303_13.out:    Running contrast 1181/1305
deg_analysis_31136303_13.out:    Running contrast 1186/1305
deg_analysis_31136303_13.out:    Running contrast 1191/1305
deg_analysis_31136303_13.out:    Running contrast 1196/1305
deg_analysis_31136303_13.out:    Running contrast 1201/1305
deg_analysis_31136303_13.out:    Running contrast 1206/1305
deg_analysis_31136303_13.out:    Running contrast 1211/1305
deg_analysis_31136303_13.out:    Running contrast 1216/1305
deg_analysis_31136303_13.out:    Running contrast 1221/1305
deg_analysis_31136303_13.out:    Running contrast 1226/1305
deg_analysis_31136303_13.out:    Running contrast 1231/1305
deg_analysis_31136303_13.out:    Running contrast 1236/1305
deg_analysis_31136303_13.out:    Running contrast 1241/1305
deg_analysis_31136303_13.out:    Running contrast 1246/1305
deg_analysis_31136303_13.out:    Running contrast 1251/1305
deg_analysis_31136303_13.out:    Running contrast 1256/1305
deg_analysis_31136303_13.out:    Running contrast 1261/1305
deg_analysis_31136303_13.out:    Running contrast 1266/1305
deg_analysis_31136303_13.out:    Running contrast 1271/1305
deg_analysis_31136303_13.out:    Running contrast 1276/1305
deg_analysis_31136303_13.out:    Running contrast 1281/1305
deg_analysis_31136303_13.out:    Running contrast 1286/1305
deg_analysis_31136303_13.out:    Running contrast 1291/1305
deg_analysis_31136303_13.out:    Running contrast 1296/1305
deg_analysis_31136303_13.out:    Running contrast 1301/1305
deg_analysis_31136303_13.out:    Running contrast 1305/1305
deg_analysis_31136303_13.out:
deg_analysis_31136303_13.out:    Writing:  ./data/tahoe/deg_data/sep_rep/full/qc_false/filter_min_cells_10/CVCL_0359_de.h5ad 
deg_analysis_31136303_13.out:
deg_analysis_31136303_13.out:    Rewriting h5ad file: ./data/tahoe/deg_data/sep_rep/full/qc_false/filter_min_cells_10/CVCL_0359_de.h5ad 
deg_analysis_31136303_13.out:    Removed X matrix
deg_analysis_31136303_13.out:    Rewriting h5ad file is done!
deg_analysis_31136303_13.out:✓ Cell line completed in 10370.7 seconds
deg_analysis_31136303_13.out:
deg_analysis_31136303_13.out:DE analysis completed!
deg_analysis_31136303_13.out:
deg_analysis_31136303_13.out:Total runtime: 10384.8 seconds
deg_analysis_31136303_14.out:
deg_analysis_31136303_14.out:DE analysis started...
deg_analysis_31136303_14.out:Loaded input file:  ./data/tahoe/pseudobulk_processed/sep_rep/by_celltype/CVCL_0366_processed.h5ad 
deg_analysis_31136303_14.out:Initial dimensions:  1344  samples ×  62710  genes
deg_analysis_31136303_14.out:Filter samples with the low number of cells
deg_analysis_31136303_14.out:    Filter threshold (min_cells):  10 
deg_analysis_31136303_14.out:    n_obs:  1344 -->  1333 
deg_analysis_31136303_14.out:
deg_analysis_31136303_14.out:▶︎ Processing cell_type  1 / 1 :  CVCL_0366 
deg_analysis_31136303_14.out:    Filter controls by  pert_time_h  column
deg_analysis_31136303_14.out:        n_obs:  1333 -->  1333 
deg_analysis_31136303_14.out:
deg_analysis_31136303_14.out:    Running contrast 1/1305
deg_analysis_31136303_14.out:    Running contrast 6/1305
deg_analysis_31136303_14.out:    Running contrast 11/1305
deg_analysis_31136303_14.out:    Running contrast 16/1305
deg_analysis_31136303_14.out:    Running contrast 21/1305
deg_analysis_31136303_14.out:    Running contrast 26/1305
deg_analysis_31136303_14.out:    Running contrast 31/1305
deg_analysis_31136303_14.out:    Running contrast 36/1305
deg_analysis_31136303_14.out:    Running contrast 41/1305
deg_analysis_31136303_14.out:    Running contrast 46/1305
deg_analysis_31136303_14.out:    Running contrast 51/1305
deg_analysis_31136303_14.out:    Running contrast 56/1305
deg_analysis_31136303_14.out:    Running contrast 61/1305
deg_analysis_31136303_14.out:    Running contrast 66/1305
deg_analysis_31136303_14.out:    Running contrast 71/1305
deg_analysis_31136303_14.out:    Running contrast 76/1305
deg_analysis_31136303_14.out:    Running contrast 81/1305
deg_analysis_31136303_14.out:    Running contrast 86/1305
deg_analysis_31136303_14.out:    Running contrast 91/1305
deg_analysis_31136303_14.out:    Running contrast 96/1305
deg_analysis_31136303_14.out:    Running contrast 101/1305
deg_analysis_31136303_14.out:    Running contrast 106/1305
deg_analysis_31136303_14.out:    Running contrast 111/1305
deg_analysis_31136303_14.out:    Running contrast 116/1305
deg_analysis_31136303_14.out:    Running contrast 121/1305
deg_analysis_31136303_14.out:    Running contrast 126/1305
deg_analysis_31136303_14.out:    Running contrast 131/1305
deg_analysis_31136303_14.out:    Running contrast 136/1305
deg_analysis_31136303_14.out:    Running contrast 141/1305
deg_analysis_31136303_14.out:    Running contrast 146/1305
deg_analysis_31136303_14.out:    Running contrast 151/1305
deg_analysis_31136303_14.out:    Running contrast 156/1305
deg_analysis_31136303_14.out:    Running contrast 161/1305
deg_analysis_31136303_14.out:    Running contrast 166/1305
deg_analysis_31136303_14.out:    Running contrast 171/1305
deg_analysis_31136303_14.out:    Running contrast 176/1305
deg_analysis_31136303_14.out:    Running contrast 181/1305
deg_analysis_31136303_14.out:    Running contrast 186/1305
deg_analysis_31136303_14.out:    Running contrast 191/1305
deg_analysis_31136303_14.out:    Running contrast 196/1305
deg_analysis_31136303_14.out:    Running contrast 201/1305
deg_analysis_31136303_14.out:    Running contrast 206/1305
deg_analysis_31136303_14.out:    Running contrast 211/1305
deg_analysis_31136303_14.out:    Running contrast 216/1305
deg_analysis_31136303_14.out:    Running contrast 221/1305
deg_analysis_31136303_14.out:    Running contrast 226/1305
deg_analysis_31136303_14.out:    Running contrast 231/1305
deg_analysis_31136303_14.out:    Running contrast 236/1305
deg_analysis_31136303_14.out:    Running contrast 241/1305
deg_analysis_31136303_14.out:    Running contrast 246/1305
deg_analysis_31136303_14.out:    Running contrast 251/1305
deg_analysis_31136303_14.out:    Running contrast 256/1305
deg_analysis_31136303_14.out:    Running contrast 261/1305
deg_analysis_31136303_14.out:    Running contrast 266/1305
deg_analysis_31136303_14.out:    Running contrast 271/1305
deg_analysis_31136303_14.out:    Running contrast 276/1305
deg_analysis_31136303_14.out:    Running contrast 281/1305
deg_analysis_31136303_14.out:    Running contrast 286/1305
deg_analysis_31136303_14.out:    Running contrast 291/1305
deg_analysis_31136303_14.out:    Running contrast 296/1305
deg_analysis_31136303_14.out:    Running contrast 301/1305
deg_analysis_31136303_14.out:    Running contrast 306/1305
deg_analysis_31136303_14.out:    Running contrast 311/1305
deg_analysis_31136303_14.out:    Running contrast 316/1305
deg_analysis_31136303_14.out:    Running contrast 321/1305
deg_analysis_31136303_14.out:    Running contrast 326/1305
deg_analysis_31136303_14.out:    Running contrast 331/1305
deg_analysis_31136303_14.out:    Running contrast 336/1305
deg_analysis_31136303_14.out:    Running contrast 341/1305
deg_analysis_31136303_14.out:    Running contrast 346/1305
deg_analysis_31136303_14.out:    Running contrast 351/1305
deg_analysis_31136303_14.out:    Running contrast 356/1305
deg_analysis_31136303_14.out:    Running contrast 361/1305
deg_analysis_31136303_14.out:    Running contrast 366/1305
deg_analysis_31136303_14.out:    Running contrast 371/1305
deg_analysis_31136303_14.out:    Running contrast 376/1305
deg_analysis_31136303_14.out:    Running contrast 381/1305
deg_analysis_31136303_14.out:    Running contrast 386/1305
deg_analysis_31136303_14.out:    Running contrast 391/1305
deg_analysis_31136303_14.out:    Running contrast 396/1305
deg_analysis_31136303_14.out:    Running contrast 401/1305
deg_analysis_31136303_14.out:    Running contrast 406/1305
deg_analysis_31136303_14.out:    Running contrast 411/1305
deg_analysis_31136303_14.out:    Running contrast 416/1305
deg_analysis_31136303_14.out:    Running contrast 421/1305
deg_analysis_31136303_14.out:    Running contrast 426/1305
deg_analysis_31136303_14.out:    Running contrast 431/1305
deg_analysis_31136303_14.out:    Running contrast 436/1305
deg_analysis_31136303_14.out:    Running contrast 441/1305
deg_analysis_31136303_14.out:    Running contrast 446/1305
deg_analysis_31136303_14.out:    Running contrast 451/1305
deg_analysis_31136303_14.out:    Running contrast 456/1305
deg_analysis_31136303_14.out:    Running contrast 461/1305
deg_analysis_31136303_14.out:    Running contrast 466/1305
deg_analysis_31136303_14.out:    Running contrast 471/1305
deg_analysis_31136303_14.out:    Running contrast 476/1305
deg_analysis_31136303_14.out:    Running contrast 481/1305
deg_analysis_31136303_14.out:    Running contrast 486/1305
deg_analysis_31136303_14.out:    Running contrast 491/1305
deg_analysis_31136303_14.out:    Running contrast 496/1305
deg_analysis_31136303_14.out:    Running contrast 501/1305
deg_analysis_31136303_14.out:    Running contrast 506/1305
deg_analysis_31136303_14.out:    Running contrast 511/1305
deg_analysis_31136303_14.out:    Running contrast 516/1305
deg_analysis_31136303_14.out:    Running contrast 521/1305
deg_analysis_31136303_14.out:    Running contrast 526/1305
deg_analysis_31136303_14.out:    Running contrast 531/1305
deg_analysis_31136303_14.out:    Running contrast 536/1305
deg_analysis_31136303_14.out:    Running contrast 541/1305
deg_analysis_31136303_14.out:    Running contrast 546/1305
deg_analysis_31136303_14.out:    Running contrast 551/1305
deg_analysis_31136303_14.out:    Running contrast 556/1305
deg_analysis_31136303_14.out:    Running contrast 561/1305
deg_analysis_31136303_14.out:    Running contrast 566/1305
deg_analysis_31136303_14.out:    Running contrast 571/1305
deg_analysis_31136303_14.out:    Running contrast 576/1305
deg_analysis_31136303_14.out:    Running contrast 581/1305
deg_analysis_31136303_14.out:    Running contrast 586/1305
deg_analysis_31136303_14.out:    Running contrast 591/1305
deg_analysis_31136303_14.out:    Running contrast 596/1305
deg_analysis_31136303_14.out:    Running contrast 601/1305
deg_analysis_31136303_14.out:    Running contrast 606/1305
deg_analysis_31136303_14.out:    Running contrast 611/1305
deg_analysis_31136303_14.out:    Running contrast 616/1305
deg_analysis_31136303_14.out:    Running contrast 621/1305
deg_analysis_31136303_14.out:    Running contrast 626/1305
deg_analysis_31136303_14.out:    Running contrast 631/1305
deg_analysis_31136303_14.out:    Running contrast 636/1305
deg_analysis_31136303_14.out:    Running contrast 641/1305
deg_analysis_31136303_14.out:    Running contrast 646/1305
deg_analysis_31136303_14.out:    Running contrast 651/1305
deg_analysis_31136303_14.out:    Running contrast 656/1305
deg_analysis_31136303_14.out:    Running contrast 661/1305
deg_analysis_31136303_14.out:    Running contrast 666/1305
deg_analysis_31136303_14.out:    Running contrast 671/1305
deg_analysis_31136303_14.out:    Running contrast 676/1305
deg_analysis_31136303_14.out:    Running contrast 681/1305
deg_analysis_31136303_14.out:    Running contrast 686/1305
deg_analysis_31136303_14.out:    Running contrast 691/1305
deg_analysis_31136303_14.out:    Running contrast 696/1305
deg_analysis_31136303_14.out:    Running contrast 701/1305
deg_analysis_31136303_14.out:    Running contrast 706/1305
deg_analysis_31136303_14.out:    Running contrast 711/1305
deg_analysis_31136303_14.out:    Running contrast 716/1305
deg_analysis_31136303_14.out:    Running contrast 721/1305
deg_analysis_31136303_14.out:    Running contrast 726/1305
deg_analysis_31136303_14.out:    Running contrast 731/1305
deg_analysis_31136303_14.out:    Running contrast 736/1305
deg_analysis_31136303_14.out:    Running contrast 741/1305
deg_analysis_31136303_14.out:    Running contrast 746/1305
deg_analysis_31136303_14.out:    Running contrast 751/1305
deg_analysis_31136303_14.out:    Running contrast 756/1305
deg_analysis_31136303_14.out:    Running contrast 761/1305
deg_analysis_31136303_14.out:    Running contrast 766/1305
deg_analysis_31136303_14.out:    Running contrast 771/1305
deg_analysis_31136303_14.out:    Running contrast 776/1305
deg_analysis_31136303_14.out:    Running contrast 781/1305
deg_analysis_31136303_14.out:    Running contrast 786/1305
deg_analysis_31136303_14.out:    Running contrast 791/1305
deg_analysis_31136303_14.out:    Running contrast 796/1305
deg_analysis_31136303_14.out:    Running contrast 801/1305
deg_analysis_31136303_14.out:    Running contrast 806/1305
deg_analysis_31136303_14.out:    Running contrast 811/1305
deg_analysis_31136303_14.out:    Running contrast 816/1305
deg_analysis_31136303_14.out:    Running contrast 821/1305
deg_analysis_31136303_14.out:    Running contrast 826/1305
deg_analysis_31136303_14.out:    Running contrast 831/1305
deg_analysis_31136303_14.out:    Running contrast 836/1305
deg_analysis_31136303_14.out:    Running contrast 841/1305
deg_analysis_31136303_14.out:    Running contrast 846/1305
deg_analysis_31136303_14.out:    Running contrast 851/1305
deg_analysis_31136303_14.out:    Running contrast 856/1305
deg_analysis_31136303_14.out:    Running contrast 861/1305
deg_analysis_31136303_14.out:    Running contrast 866/1305
deg_analysis_31136303_14.out:    Running contrast 871/1305
deg_analysis_31136303_14.out:    Running contrast 876/1305
deg_analysis_31136303_14.out:    Running contrast 881/1305
deg_analysis_31136303_14.out:    Running contrast 886/1305
deg_analysis_31136303_14.out:    Running contrast 891/1305
deg_analysis_31136303_14.out:    Running contrast 896/1305
deg_analysis_31136303_14.out:    Running contrast 901/1305
deg_analysis_31136303_14.out:    Running contrast 906/1305
deg_analysis_31136303_14.out:    Running contrast 911/1305
deg_analysis_31136303_14.out:    Running contrast 916/1305
deg_analysis_31136303_14.out:    Running contrast 921/1305
deg_analysis_31136303_14.out:    Running contrast 926/1305
deg_analysis_31136303_14.out:    Running contrast 931/1305
deg_analysis_31136303_14.out:    Running contrast 936/1305
deg_analysis_31136303_14.out:    Running contrast 941/1305
deg_analysis_31136303_14.out:    Running contrast 946/1305
deg_analysis_31136303_14.out:    Running contrast 951/1305
deg_analysis_31136303_14.out:    Running contrast 956/1305
deg_analysis_31136303_14.out:    Running contrast 961/1305
deg_analysis_31136303_14.out:    Running contrast 966/1305
deg_analysis_31136303_14.out:    Running contrast 971/1305
deg_analysis_31136303_14.out:    Running contrast 976/1305
deg_analysis_31136303_14.out:    Running contrast 981/1305
deg_analysis_31136303_14.out:    Running contrast 986/1305
deg_analysis_31136303_14.out:    Running contrast 991/1305
deg_analysis_31136303_14.out:    Running contrast 996/1305
deg_analysis_31136303_14.out:    Running contrast 1001/1305
deg_analysis_31136303_14.out:    Running contrast 1006/1305
deg_analysis_31136303_14.out:    Running contrast 1011/1305
deg_analysis_31136303_14.out:    Running contrast 1016/1305
deg_analysis_31136303_14.out:    Running contrast 1021/1305
deg_analysis_31136303_14.out:    Running contrast 1026/1305
deg_analysis_31136303_14.out:    Running contrast 1031/1305
deg_analysis_31136303_14.out:    Running contrast 1036/1305
deg_analysis_31136303_14.out:    Running contrast 1041/1305
deg_analysis_31136303_14.out:    Running contrast 1046/1305
deg_analysis_31136303_14.out:    Running contrast 1051/1305
deg_analysis_31136303_14.out:    Running contrast 1056/1305
deg_analysis_31136303_14.out:    Running contrast 1061/1305
deg_analysis_31136303_14.out:    Running contrast 1066/1305
deg_analysis_31136303_14.out:    Running contrast 1071/1305
deg_analysis_31136303_14.out:    Running contrast 1076/1305
deg_analysis_31136303_14.out:    Running contrast 1081/1305
deg_analysis_31136303_14.out:    Running contrast 1086/1305
deg_analysis_31136303_14.out:    Running contrast 1091/1305
deg_analysis_31136303_14.out:    Running contrast 1096/1305
deg_analysis_31136303_14.out:    Running contrast 1101/1305
deg_analysis_31136303_14.out:    Running contrast 1106/1305
deg_analysis_31136303_14.out:    Running contrast 1111/1305
deg_analysis_31136303_14.out:    Running contrast 1116/1305
deg_analysis_31136303_14.out:    Running contrast 1121/1305
deg_analysis_31136303_14.out:    Running contrast 1126/1305
deg_analysis_31136303_14.out:    Running contrast 1131/1305
deg_analysis_31136303_14.out:    Running contrast 1136/1305
deg_analysis_31136303_14.out:    Running contrast 1141/1305
deg_analysis_31136303_14.out:    Running contrast 1146/1305
deg_analysis_31136303_14.out:    Running contrast 1151/1305
deg_analysis_31136303_14.out:    Running contrast 1156/1305
deg_analysis_31136303_14.out:    Running contrast 1161/1305
deg_analysis_31136303_14.out:    Running contrast 1166/1305
deg_analysis_31136303_14.out:    Running contrast 1171/1305
deg_analysis_31136303_14.out:    Running contrast 1176/1305
deg_analysis_31136303_14.out:    Running contrast 1181/1305
deg_analysis_31136303_14.out:    Running contrast 1186/1305
deg_analysis_31136303_14.out:    Running contrast 1191/1305
deg_analysis_31136303_14.out:    Running contrast 1196/1305
deg_analysis_31136303_14.out:    Running contrast 1201/1305
deg_analysis_31136303_14.out:    Running contrast 1206/1305
deg_analysis_31136303_14.out:    Running contrast 1211/1305
deg_analysis_31136303_14.out:    Running contrast 1216/1305
deg_analysis_31136303_14.out:    Running contrast 1221/1305
deg_analysis_31136303_14.out:    Running contrast 1226/1305
deg_analysis_31136303_14.out:    Running contrast 1231/1305
deg_analysis_31136303_14.out:    Running contrast 1236/1305
deg_analysis_31136303_14.out:    Running contrast 1241/1305
deg_analysis_31136303_14.out:    Running contrast 1246/1305
deg_analysis_31136303_14.out:    Running contrast 1251/1305
deg_analysis_31136303_14.out:    Running contrast 1256/1305
deg_analysis_31136303_14.out:    Running contrast 1261/1305
deg_analysis_31136303_14.out:    Running contrast 1266/1305
deg_analysis_31136303_14.out:    Running contrast 1271/1305
deg_analysis_31136303_14.out:    Running contrast 1276/1305
deg_analysis_31136303_14.out:    Running contrast 1281/1305
deg_analysis_31136303_14.out:    Running contrast 1286/1305
deg_analysis_31136303_14.out:    Running contrast 1291/1305
deg_analysis_31136303_14.out:    Running contrast 1296/1305
deg_analysis_31136303_14.out:    Running contrast 1301/1305
deg_analysis_31136303_14.out:    Running contrast 1305/1305
deg_analysis_31136303_14.out:
deg_analysis_31136303_14.out:    Writing:  ./data/tahoe/deg_data/sep_rep/full/qc_false/filter_min_cells_10/CVCL_0366_de.h5ad 
deg_analysis_31136303_14.out:
deg_analysis_31136303_14.out:    Rewriting h5ad file: ./data/tahoe/deg_data/sep_rep/full/qc_false/filter_min_cells_10/CVCL_0366_de.h5ad 
deg_analysis_31136303_14.out:    Removed X matrix
deg_analysis_31136303_14.out:    Rewriting h5ad file is done!
deg_analysis_31136303_14.out:✓ Cell line completed in 9710.1 seconds
deg_analysis_31136303_14.out:
deg_analysis_31136303_14.out:DE analysis completed!
deg_analysis_31136303_14.out:
deg_analysis_31136303_14.out:Total runtime: 9720.5 seconds
deg_analysis_31136303_15.out:
deg_analysis_31136303_15.out:DE analysis started...
deg_analysis_31136303_15.out:Loaded input file:  ./data/tahoe/pseudobulk_processed/sep_rep/by_celltype/CVCL_0371_processed.h5ad 
deg_analysis_31136303_15.out:Initial dimensions:  1340  samples ×  62710  genes
deg_analysis_31136303_15.out:Filter samples with the low number of cells
deg_analysis_31136303_15.out:    Filter threshold (min_cells):  10 
deg_analysis_31136303_15.out:    n_obs:  1340 -->  1335 
deg_analysis_31136303_15.out:
deg_analysis_31136303_15.out:▶︎ Processing cell_type  1 / 1 :  CVCL_0371 
deg_analysis_31136303_15.out:    Filter controls by  pert_time_h  column
deg_analysis_31136303_15.out:        n_obs:  1335 -->  1335 
deg_analysis_31136303_15.out:
deg_analysis_31136303_15.out:    Running contrast 1/1307
deg_analysis_31136303_15.out:    Running contrast 6/1307
deg_analysis_31136303_15.out:    Running contrast 11/1307
deg_analysis_31136303_15.out:    Running contrast 16/1307
deg_analysis_31136303_15.out:    Running contrast 21/1307
deg_analysis_31136303_15.out:    Running contrast 26/1307
deg_analysis_31136303_15.out:    Running contrast 31/1307
deg_analysis_31136303_15.out:    Running contrast 36/1307
deg_analysis_31136303_15.out:    Running contrast 41/1307
deg_analysis_31136303_15.out:    Running contrast 46/1307
deg_analysis_31136303_15.out:    Running contrast 51/1307
deg_analysis_31136303_15.out:    Running contrast 56/1307
deg_analysis_31136303_15.out:    Running contrast 61/1307
deg_analysis_31136303_15.out:    Running contrast 66/1307
deg_analysis_31136303_15.out:    Running contrast 71/1307
deg_analysis_31136303_15.out:    Running contrast 76/1307
deg_analysis_31136303_15.out:    Running contrast 81/1307
deg_analysis_31136303_15.out:    Running contrast 86/1307
deg_analysis_31136303_15.out:    Running contrast 91/1307
deg_analysis_31136303_15.out:    Running contrast 96/1307
deg_analysis_31136303_15.out:    Running contrast 101/1307
deg_analysis_31136303_15.out:    Running contrast 106/1307
deg_analysis_31136303_15.out:    Running contrast 111/1307
deg_analysis_31136303_15.out:    Running contrast 116/1307
deg_analysis_31136303_15.out:    Running contrast 121/1307
deg_analysis_31136303_15.out:    Running contrast 126/1307
deg_analysis_31136303_15.out:    Running contrast 131/1307
deg_analysis_31136303_15.out:    Running contrast 136/1307
deg_analysis_31136303_15.out:    Running contrast 141/1307
deg_analysis_31136303_15.out:    Running contrast 146/1307
deg_analysis_31136303_15.out:    Running contrast 151/1307
deg_analysis_31136303_15.out:    Running contrast 156/1307
deg_analysis_31136303_15.out:    Running contrast 161/1307
deg_analysis_31136303_15.out:    Running contrast 166/1307
deg_analysis_31136303_15.out:    Running contrast 171/1307
deg_analysis_31136303_15.out:    Running contrast 176/1307
deg_analysis_31136303_15.out:    Running contrast 181/1307
deg_analysis_31136303_15.out:    Running contrast 186/1307
deg_analysis_31136303_15.out:    Running contrast 191/1307
deg_analysis_31136303_15.out:    Running contrast 196/1307
deg_analysis_31136303_15.out:    Running contrast 201/1307
deg_analysis_31136303_15.out:    Running contrast 206/1307
deg_analysis_31136303_15.out:    Running contrast 211/1307
deg_analysis_31136303_15.out:    Running contrast 216/1307
deg_analysis_31136303_15.out:    Running contrast 221/1307
deg_analysis_31136303_15.out:    Running contrast 226/1307
deg_analysis_31136303_15.out:    Running contrast 231/1307
deg_analysis_31136303_15.out:    Running contrast 236/1307
deg_analysis_31136303_15.out:    Running contrast 241/1307
deg_analysis_31136303_15.out:    Running contrast 246/1307
deg_analysis_31136303_15.out:    Running contrast 251/1307
deg_analysis_31136303_15.out:    Running contrast 256/1307
deg_analysis_31136303_15.out:    Running contrast 261/1307
deg_analysis_31136303_15.out:    Running contrast 266/1307
deg_analysis_31136303_15.out:    Running contrast 271/1307
deg_analysis_31136303_15.out:    Running contrast 276/1307
deg_analysis_31136303_15.out:    Running contrast 281/1307
deg_analysis_31136303_15.out:    Running contrast 286/1307
deg_analysis_31136303_15.out:    Running contrast 291/1307
deg_analysis_31136303_15.out:    Running contrast 296/1307
deg_analysis_31136303_15.out:    Running contrast 301/1307
deg_analysis_31136303_15.out:    Running contrast 306/1307
deg_analysis_31136303_15.out:    Running contrast 311/1307
deg_analysis_31136303_15.out:    Running contrast 316/1307
deg_analysis_31136303_15.out:    Running contrast 321/1307
deg_analysis_31136303_15.out:    Running contrast 326/1307
deg_analysis_31136303_15.out:    Running contrast 331/1307
deg_analysis_31136303_15.out:    Running contrast 336/1307
deg_analysis_31136303_15.out:    Running contrast 341/1307
deg_analysis_31136303_15.out:    Running contrast 346/1307
deg_analysis_31136303_15.out:    Running contrast 351/1307
deg_analysis_31136303_15.out:    Running contrast 356/1307
deg_analysis_31136303_15.out:    Running contrast 361/1307
deg_analysis_31136303_15.out:    Running contrast 366/1307
deg_analysis_31136303_15.out:    Running contrast 371/1307
deg_analysis_31136303_15.out:    Running contrast 376/1307
deg_analysis_31136303_15.out:    Running contrast 381/1307
deg_analysis_31136303_15.out:    Running contrast 386/1307
deg_analysis_31136303_15.out:    Running contrast 391/1307
deg_analysis_31136303_15.out:    Running contrast 396/1307
deg_analysis_31136303_15.out:    Running contrast 401/1307
deg_analysis_31136303_15.out:    Running contrast 406/1307
deg_analysis_31136303_15.out:    Running contrast 411/1307
deg_analysis_31136303_15.out:    Running contrast 416/1307
deg_analysis_31136303_15.out:    Running contrast 421/1307
deg_analysis_31136303_15.out:    Running contrast 426/1307
deg_analysis_31136303_15.out:    Running contrast 431/1307
deg_analysis_31136303_15.out:    Running contrast 436/1307
deg_analysis_31136303_15.out:    Running contrast 441/1307
deg_analysis_31136303_15.out:    Running contrast 446/1307
deg_analysis_31136303_15.out:    Running contrast 451/1307
deg_analysis_31136303_15.out:    Running contrast 456/1307
deg_analysis_31136303_15.out:    Running contrast 461/1307
deg_analysis_31136303_15.out:    Running contrast 466/1307
deg_analysis_31136303_15.out:    Running contrast 471/1307
deg_analysis_31136303_15.out:    Running contrast 476/1307
deg_analysis_31136303_15.out:    Running contrast 481/1307
deg_analysis_31136303_15.out:    Running contrast 486/1307
deg_analysis_31136303_15.out:    Running contrast 491/1307
deg_analysis_31136303_15.out:    Running contrast 496/1307
deg_analysis_31136303_15.out:    Running contrast 501/1307
deg_analysis_31136303_15.out:    Running contrast 506/1307
deg_analysis_31136303_15.out:    Running contrast 511/1307
deg_analysis_31136303_15.out:    Running contrast 516/1307
deg_analysis_31136303_15.out:    Running contrast 521/1307
deg_analysis_31136303_15.out:    Running contrast 526/1307
deg_analysis_31136303_15.out:    Running contrast 531/1307
deg_analysis_31136303_15.out:    Running contrast 536/1307
deg_analysis_31136303_15.out:    Running contrast 541/1307
deg_analysis_31136303_15.out:    Running contrast 546/1307
deg_analysis_31136303_15.out:    Running contrast 551/1307
deg_analysis_31136303_15.out:    Running contrast 556/1307
deg_analysis_31136303_15.out:    Running contrast 561/1307
deg_analysis_31136303_15.out:    Running contrast 566/1307
deg_analysis_31136303_15.out:    Running contrast 571/1307
deg_analysis_31136303_15.out:    Running contrast 576/1307
deg_analysis_31136303_15.out:    Running contrast 581/1307
deg_analysis_31136303_15.out:    Running contrast 586/1307
deg_analysis_31136303_15.out:    Running contrast 591/1307
deg_analysis_31136303_15.out:    Running contrast 596/1307
deg_analysis_31136303_15.out:    Running contrast 601/1307
deg_analysis_31136303_15.out:    Running contrast 606/1307
deg_analysis_31136303_15.out:    Running contrast 611/1307
deg_analysis_31136303_15.out:    Running contrast 616/1307
deg_analysis_31136303_15.out:    Running contrast 621/1307
deg_analysis_31136303_15.out:    Running contrast 626/1307
deg_analysis_31136303_15.out:    Running contrast 631/1307
deg_analysis_31136303_15.out:    Running contrast 636/1307
deg_analysis_31136303_15.out:    Running contrast 641/1307
deg_analysis_31136303_15.out:    Running contrast 646/1307
deg_analysis_31136303_15.out:    Running contrast 651/1307
deg_analysis_31136303_15.out:    Running contrast 656/1307
deg_analysis_31136303_15.out:    Running contrast 661/1307
deg_analysis_31136303_15.out:    Running contrast 666/1307
deg_analysis_31136303_15.out:    Running contrast 671/1307
deg_analysis_31136303_15.out:    Running contrast 676/1307
deg_analysis_31136303_15.out:    Running contrast 681/1307
deg_analysis_31136303_15.out:    Running contrast 686/1307
deg_analysis_31136303_15.out:    Running contrast 691/1307
deg_analysis_31136303_15.out:    Running contrast 696/1307
deg_analysis_31136303_15.out:    Running contrast 701/1307
deg_analysis_31136303_15.out:    Running contrast 706/1307
deg_analysis_31136303_15.out:    Running contrast 711/1307
deg_analysis_31136303_15.out:    Running contrast 716/1307
deg_analysis_31136303_15.out:    Running contrast 721/1307
deg_analysis_31136303_15.out:    Running contrast 726/1307
deg_analysis_31136303_15.out:    Running contrast 731/1307
deg_analysis_31136303_15.out:    Running contrast 736/1307
deg_analysis_31136303_15.out:    Running contrast 741/1307
deg_analysis_31136303_15.out:    Running contrast 746/1307
deg_analysis_31136303_15.out:    Running contrast 751/1307
deg_analysis_31136303_15.out:    Running contrast 756/1307
deg_analysis_31136303_15.out:    Running contrast 761/1307
deg_analysis_31136303_15.out:    Running contrast 766/1307
deg_analysis_31136303_15.out:    Running contrast 771/1307
deg_analysis_31136303_15.out:    Running contrast 776/1307
deg_analysis_31136303_15.out:    Running contrast 781/1307
deg_analysis_31136303_15.out:    Running contrast 786/1307
deg_analysis_31136303_15.out:    Running contrast 791/1307
deg_analysis_31136303_15.out:    Running contrast 796/1307
deg_analysis_31136303_15.out:    Running contrast 801/1307
deg_analysis_31136303_15.out:    Running contrast 806/1307
deg_analysis_31136303_15.out:    Running contrast 811/1307
deg_analysis_31136303_15.out:    Running contrast 816/1307
deg_analysis_31136303_15.out:    Running contrast 821/1307
deg_analysis_31136303_15.out:    Running contrast 826/1307
deg_analysis_31136303_15.out:    Running contrast 831/1307
deg_analysis_31136303_15.out:    Running contrast 836/1307
deg_analysis_31136303_15.out:    Running contrast 841/1307
deg_analysis_31136303_15.out:    Running contrast 846/1307
deg_analysis_31136303_15.out:    Running contrast 851/1307
deg_analysis_31136303_15.out:    Running contrast 856/1307
deg_analysis_31136303_15.out:    Running contrast 861/1307
deg_analysis_31136303_15.out:    Running contrast 866/1307
deg_analysis_31136303_15.out:    Running contrast 871/1307
deg_analysis_31136303_15.out:    Running contrast 876/1307
deg_analysis_31136303_15.out:    Running contrast 881/1307
deg_analysis_31136303_15.out:    Running contrast 886/1307
deg_analysis_31136303_15.out:    Running contrast 891/1307
deg_analysis_31136303_15.out:    Running contrast 896/1307
deg_analysis_31136303_15.out:    Running contrast 901/1307
deg_analysis_31136303_15.out:    Running contrast 906/1307
deg_analysis_31136303_15.out:    Running contrast 911/1307
deg_analysis_31136303_15.out:    Running contrast 916/1307
deg_analysis_31136303_15.out:    Running contrast 921/1307
deg_analysis_31136303_15.out:    Running contrast 926/1307
deg_analysis_31136303_15.out:    Running contrast 931/1307
deg_analysis_31136303_15.out:    Running contrast 936/1307
deg_analysis_31136303_15.out:    Running contrast 941/1307
deg_analysis_31136303_15.out:    Running contrast 946/1307
deg_analysis_31136303_15.out:    Running contrast 951/1307
deg_analysis_31136303_15.out:    Running contrast 956/1307
deg_analysis_31136303_15.out:    Running contrast 961/1307
deg_analysis_31136303_15.out:    Running contrast 966/1307
deg_analysis_31136303_15.out:    Running contrast 971/1307
deg_analysis_31136303_15.out:    Running contrast 976/1307
deg_analysis_31136303_15.out:    Running contrast 981/1307
deg_analysis_31136303_15.out:    Running contrast 986/1307
deg_analysis_31136303_15.out:    Running contrast 991/1307
deg_analysis_31136303_15.out:    Running contrast 996/1307
deg_analysis_31136303_15.out:    Running contrast 1001/1307
deg_analysis_31136303_15.out:    Running contrast 1006/1307
deg_analysis_31136303_15.out:    Running contrast 1011/1307
deg_analysis_31136303_15.out:    Running contrast 1016/1307
deg_analysis_31136303_15.out:    Running contrast 1021/1307
deg_analysis_31136303_15.out:    Running contrast 1026/1307
deg_analysis_31136303_15.out:    Running contrast 1031/1307
deg_analysis_31136303_15.out:    Running contrast 1036/1307
deg_analysis_31136303_15.out:    Running contrast 1041/1307
deg_analysis_31136303_15.out:    Running contrast 1046/1307
deg_analysis_31136303_15.out:    Running contrast 1051/1307
deg_analysis_31136303_15.out:    Running contrast 1056/1307
deg_analysis_31136303_15.out:    Running contrast 1061/1307
deg_analysis_31136303_15.out:    Running contrast 1066/1307
deg_analysis_31136303_15.out:    Running contrast 1071/1307
deg_analysis_31136303_15.out:    Running contrast 1076/1307
deg_analysis_31136303_15.out:    Running contrast 1081/1307
deg_analysis_31136303_15.out:    Running contrast 1086/1307
deg_analysis_31136303_15.out:    Running contrast 1091/1307
deg_analysis_31136303_15.out:    Running contrast 1096/1307
deg_analysis_31136303_15.out:    Running contrast 1101/1307
deg_analysis_31136303_15.out:    Running contrast 1106/1307
deg_analysis_31136303_15.out:    Running contrast 1111/1307
deg_analysis_31136303_15.out:    Running contrast 1116/1307
deg_analysis_31136303_15.out:    Running contrast 1121/1307
deg_analysis_31136303_15.out:    Running contrast 1126/1307
deg_analysis_31136303_15.out:    Running contrast 1131/1307
deg_analysis_31136303_15.out:    Running contrast 1136/1307
deg_analysis_31136303_15.out:    Running contrast 1141/1307
deg_analysis_31136303_15.out:    Running contrast 1146/1307
deg_analysis_31136303_15.out:    Running contrast 1151/1307
deg_analysis_31136303_15.out:    Running contrast 1156/1307
deg_analysis_31136303_15.out:    Running contrast 1161/1307
deg_analysis_31136303_15.out:    Running contrast 1166/1307
deg_analysis_31136303_15.out:    Running contrast 1171/1307
deg_analysis_31136303_15.out:    Running contrast 1176/1307
deg_analysis_31136303_15.out:    Running contrast 1181/1307
deg_analysis_31136303_15.out:    Running contrast 1186/1307
deg_analysis_31136303_15.out:    Running contrast 1191/1307
deg_analysis_31136303_15.out:    Running contrast 1196/1307
deg_analysis_31136303_15.out:    Running contrast 1201/1307
deg_analysis_31136303_15.out:    Running contrast 1206/1307
deg_analysis_31136303_15.out:    Running contrast 1211/1307
deg_analysis_31136303_15.out:    Running contrast 1216/1307
deg_analysis_31136303_15.out:    Running contrast 1221/1307
deg_analysis_31136303_15.out:    Running contrast 1226/1307
deg_analysis_31136303_15.out:    Running contrast 1231/1307
deg_analysis_31136303_15.out:    Running contrast 1236/1307
deg_analysis_31136303_15.out:    Running contrast 1241/1307
deg_analysis_31136303_15.out:    Running contrast 1246/1307
deg_analysis_31136303_15.out:    Running contrast 1251/1307
deg_analysis_31136303_15.out:    Running contrast 1256/1307
deg_analysis_31136303_15.out:    Running contrast 1261/1307
deg_analysis_31136303_15.out:    Running contrast 1266/1307
deg_analysis_31136303_15.out:    Running contrast 1271/1307
deg_analysis_31136303_15.out:    Running contrast 1276/1307
deg_analysis_31136303_15.out:    Running contrast 1281/1307
deg_analysis_31136303_15.out:    Running contrast 1286/1307
deg_analysis_31136303_15.out:    Running contrast 1291/1307
deg_analysis_31136303_15.out:    Running contrast 1296/1307
deg_analysis_31136303_15.out:    Running contrast 1301/1307
deg_analysis_31136303_15.out:    Running contrast 1306/1307
deg_analysis_31136303_15.out:    Running contrast 1307/1307
deg_analysis_31136303_15.out:
deg_analysis_31136303_15.out:    Writing:  ./data/tahoe/deg_data/sep_rep/full/qc_false/filter_min_cells_10/CVCL_0371_de.h5ad 
deg_analysis_31136303_15.out:
deg_analysis_31136303_15.out:    Rewriting h5ad file: ./data/tahoe/deg_data/sep_rep/full/qc_false/filter_min_cells_10/CVCL_0371_de.h5ad 
deg_analysis_31136303_15.out:    Removed X matrix
deg_analysis_31136303_15.out:    Rewriting h5ad file is done!
deg_analysis_31136303_15.out:✓ Cell line completed in 10506.4 seconds
deg_analysis_31136303_15.out:
deg_analysis_31136303_15.out:DE analysis completed!
deg_analysis_31136303_15.out:
deg_analysis_31136303_15.out:Total runtime: 10532.7 seconds
deg_analysis_31136303_16.out:
deg_analysis_31136303_16.out:DE analysis started...
deg_analysis_31136303_16.out:Loaded input file:  ./data/tahoe/pseudobulk_processed/sep_rep/by_celltype/CVCL_0397_processed.h5ad 
deg_analysis_31136303_16.out:Initial dimensions:  1342  samples ×  62710  genes
deg_analysis_31136303_16.out:Filter samples with the low number of cells
deg_analysis_31136303_16.out:    Filter threshold (min_cells):  10 
deg_analysis_31136303_16.out:    n_obs:  1342 -->  1334 
deg_analysis_31136303_16.out:
deg_analysis_31136303_16.out:▶︎ Processing cell_type  1 / 1 :  CVCL_0397 
deg_analysis_31136303_16.out:    Filter controls by  pert_time_h  column
deg_analysis_31136303_16.out:        n_obs:  1334 -->  1334 
deg_analysis_31136303_16.out:
deg_analysis_31136303_16.out:    Running contrast 1/1306
deg_analysis_31136303_16.out:    Running contrast 6/1306
deg_analysis_31136303_16.out:    Running contrast 11/1306
deg_analysis_31136303_16.out:    Running contrast 16/1306
deg_analysis_31136303_16.out:    Running contrast 21/1306
deg_analysis_31136303_16.out:    Running contrast 26/1306
deg_analysis_31136303_16.out:    Running contrast 31/1306
deg_analysis_31136303_16.out:    Running contrast 36/1306
deg_analysis_31136303_16.out:    Running contrast 41/1306
deg_analysis_31136303_16.out:    Running contrast 46/1306
deg_analysis_31136303_16.out:    Running contrast 51/1306
deg_analysis_31136303_16.out:    Running contrast 56/1306
deg_analysis_31136303_16.out:    Running contrast 61/1306
deg_analysis_31136303_16.out:    Running contrast 66/1306
deg_analysis_31136303_16.out:    Running contrast 71/1306
deg_analysis_31136303_16.out:    Running contrast 76/1306
deg_analysis_31136303_16.out:    Running contrast 81/1306
deg_analysis_31136303_16.out:    Running contrast 86/1306
deg_analysis_31136303_16.out:    Running contrast 91/1306
deg_analysis_31136303_16.out:    Running contrast 96/1306
deg_analysis_31136303_16.out:    Running contrast 101/1306
deg_analysis_31136303_16.out:    Running contrast 106/1306
deg_analysis_31136303_16.out:    Running contrast 111/1306
deg_analysis_31136303_16.out:    Running contrast 116/1306
deg_analysis_31136303_16.out:    Running contrast 121/1306
deg_analysis_31136303_16.out:    Running contrast 126/1306
deg_analysis_31136303_16.out:    Running contrast 131/1306
deg_analysis_31136303_16.out:    Running contrast 136/1306
deg_analysis_31136303_16.out:    Running contrast 141/1306
deg_analysis_31136303_16.out:    Running contrast 146/1306
deg_analysis_31136303_16.out:    Running contrast 151/1306
deg_analysis_31136303_16.out:    Running contrast 156/1306
deg_analysis_31136303_16.out:    Running contrast 161/1306
deg_analysis_31136303_16.out:    Running contrast 166/1306
deg_analysis_31136303_16.out:    Running contrast 171/1306
deg_analysis_31136303_16.out:    Running contrast 176/1306
deg_analysis_31136303_16.out:    Running contrast 181/1306
deg_analysis_31136303_16.out:    Running contrast 186/1306
deg_analysis_31136303_16.out:    Running contrast 191/1306
deg_analysis_31136303_16.out:    Running contrast 196/1306
deg_analysis_31136303_16.out:    Running contrast 201/1306
deg_analysis_31136303_16.out:    Running contrast 206/1306
deg_analysis_31136303_16.out:    Running contrast 211/1306
deg_analysis_31136303_16.out:    Running contrast 216/1306
deg_analysis_31136303_16.out:    Running contrast 221/1306
deg_analysis_31136303_16.out:    Running contrast 226/1306
deg_analysis_31136303_16.out:    Running contrast 231/1306
deg_analysis_31136303_16.out:    Running contrast 236/1306
deg_analysis_31136303_16.out:    Running contrast 241/1306
deg_analysis_31136303_16.out:    Running contrast 246/1306
deg_analysis_31136303_16.out:    Running contrast 251/1306
deg_analysis_31136303_16.out:    Running contrast 256/1306
deg_analysis_31136303_16.out:    Running contrast 261/1306
deg_analysis_31136303_16.out:    Running contrast 266/1306
deg_analysis_31136303_16.out:    Running contrast 271/1306
deg_analysis_31136303_16.out:    Running contrast 276/1306
deg_analysis_31136303_16.out:    Running contrast 281/1306
deg_analysis_31136303_16.out:    Running contrast 286/1306
deg_analysis_31136303_16.out:    Running contrast 291/1306
deg_analysis_31136303_16.out:    Running contrast 296/1306
deg_analysis_31136303_16.out:    Running contrast 301/1306
deg_analysis_31136303_16.out:    Running contrast 306/1306
deg_analysis_31136303_16.out:    Running contrast 311/1306
deg_analysis_31136303_16.out:    Running contrast 316/1306
deg_analysis_31136303_16.out:    Running contrast 321/1306
deg_analysis_31136303_16.out:    Running contrast 326/1306
deg_analysis_31136303_16.out:    Running contrast 331/1306
deg_analysis_31136303_16.out:    Running contrast 336/1306
deg_analysis_31136303_16.out:    Running contrast 341/1306
deg_analysis_31136303_16.out:    Running contrast 346/1306
deg_analysis_31136303_16.out:    Running contrast 351/1306
deg_analysis_31136303_16.out:    Running contrast 356/1306
deg_analysis_31136303_16.out:    Running contrast 361/1306
deg_analysis_31136303_16.out:    Running contrast 366/1306
deg_analysis_31136303_16.out:    Running contrast 371/1306
deg_analysis_31136303_16.out:    Running contrast 376/1306
deg_analysis_31136303_16.out:    Running contrast 381/1306
deg_analysis_31136303_16.out:    Running contrast 386/1306
deg_analysis_31136303_16.out:    Running contrast 391/1306
deg_analysis_31136303_16.out:    Running contrast 396/1306
deg_analysis_31136303_16.out:    Running contrast 401/1306
deg_analysis_31136303_16.out:    Running contrast 406/1306
deg_analysis_31136303_16.out:    Running contrast 411/1306
deg_analysis_31136303_16.out:    Running contrast 416/1306
deg_analysis_31136303_16.out:    Running contrast 421/1306
deg_analysis_31136303_16.out:    Running contrast 426/1306
deg_analysis_31136303_16.out:    Running contrast 431/1306
deg_analysis_31136303_16.out:    Running contrast 436/1306
deg_analysis_31136303_16.out:    Running contrast 441/1306
deg_analysis_31136303_16.out:    Running contrast 446/1306
deg_analysis_31136303_16.out:    Running contrast 451/1306
deg_analysis_31136303_16.out:    Running contrast 456/1306
deg_analysis_31136303_16.out:    Running contrast 461/1306
deg_analysis_31136303_16.out:    Running contrast 466/1306
deg_analysis_31136303_16.out:    Running contrast 471/1306
deg_analysis_31136303_16.out:    Running contrast 476/1306
deg_analysis_31136303_16.out:    Running contrast 481/1306
deg_analysis_31136303_16.out:    Running contrast 486/1306
deg_analysis_31136303_16.out:    Running contrast 491/1306
deg_analysis_31136303_16.out:    Running contrast 496/1306
deg_analysis_31136303_16.out:    Running contrast 501/1306
deg_analysis_31136303_16.out:    Running contrast 506/1306
deg_analysis_31136303_16.out:    Running contrast 511/1306
deg_analysis_31136303_16.out:    Running contrast 516/1306
deg_analysis_31136303_16.out:    Running contrast 521/1306
deg_analysis_31136303_16.out:    Running contrast 526/1306
deg_analysis_31136303_16.out:    Running contrast 531/1306
deg_analysis_31136303_16.out:    Running contrast 536/1306
deg_analysis_31136303_16.out:    Running contrast 541/1306
deg_analysis_31136303_16.out:    Running contrast 546/1306
deg_analysis_31136303_16.out:    Running contrast 551/1306
deg_analysis_31136303_16.out:    Running contrast 556/1306
deg_analysis_31136303_16.out:    Running contrast 561/1306
deg_analysis_31136303_16.out:    Running contrast 566/1306
deg_analysis_31136303_16.out:    Running contrast 571/1306
deg_analysis_31136303_16.out:    Running contrast 576/1306
deg_analysis_31136303_16.out:    Running contrast 581/1306
deg_analysis_31136303_16.out:    Running contrast 586/1306
deg_analysis_31136303_16.out:    Running contrast 591/1306
deg_analysis_31136303_16.out:    Running contrast 596/1306
deg_analysis_31136303_16.out:    Running contrast 601/1306
deg_analysis_31136303_16.out:    Running contrast 606/1306
deg_analysis_31136303_16.out:    Running contrast 611/1306
deg_analysis_31136303_16.out:    Running contrast 616/1306
deg_analysis_31136303_16.out:    Running contrast 621/1306
deg_analysis_31136303_16.out:    Running contrast 626/1306
deg_analysis_31136303_16.out:    Running contrast 631/1306
deg_analysis_31136303_16.out:    Running contrast 636/1306
deg_analysis_31136303_16.out:    Running contrast 641/1306
deg_analysis_31136303_16.out:    Running contrast 646/1306
deg_analysis_31136303_16.out:    Running contrast 651/1306
deg_analysis_31136303_16.out:    Running contrast 656/1306
deg_analysis_31136303_16.out:    Running contrast 661/1306
deg_analysis_31136303_16.out:    Running contrast 666/1306
deg_analysis_31136303_16.out:    Running contrast 671/1306
deg_analysis_31136303_16.out:    Running contrast 676/1306
deg_analysis_31136303_16.out:    Running contrast 681/1306
deg_analysis_31136303_16.out:    Running contrast 686/1306
deg_analysis_31136303_16.out:    Running contrast 691/1306
deg_analysis_31136303_16.out:    Running contrast 696/1306
deg_analysis_31136303_16.out:    Running contrast 701/1306
deg_analysis_31136303_16.out:    Running contrast 706/1306
deg_analysis_31136303_16.out:    Running contrast 711/1306
deg_analysis_31136303_16.out:    Running contrast 716/1306
deg_analysis_31136303_16.out:    Running contrast 721/1306
deg_analysis_31136303_16.out:    Running contrast 726/1306
deg_analysis_31136303_16.out:    Running contrast 731/1306
deg_analysis_31136303_16.out:    Running contrast 736/1306
deg_analysis_31136303_16.out:    Running contrast 741/1306
deg_analysis_31136303_16.out:    Running contrast 746/1306
deg_analysis_31136303_16.out:    Running contrast 751/1306
deg_analysis_31136303_16.out:    Running contrast 756/1306
deg_analysis_31136303_16.out:    Running contrast 761/1306
deg_analysis_31136303_16.out:    Running contrast 766/1306
deg_analysis_31136303_16.out:    Running contrast 771/1306
deg_analysis_31136303_16.out:    Running contrast 776/1306
deg_analysis_31136303_16.out:    Running contrast 781/1306
deg_analysis_31136303_16.out:    Running contrast 786/1306
deg_analysis_31136303_16.out:    Running contrast 791/1306
deg_analysis_31136303_16.out:    Running contrast 796/1306
deg_analysis_31136303_16.out:    Running contrast 801/1306
deg_analysis_31136303_16.out:    Running contrast 806/1306
deg_analysis_31136303_16.out:    Running contrast 811/1306
deg_analysis_31136303_16.out:    Running contrast 816/1306
deg_analysis_31136303_16.out:    Running contrast 821/1306
deg_analysis_31136303_16.out:    Running contrast 826/1306
deg_analysis_31136303_16.out:    Running contrast 831/1306
deg_analysis_31136303_16.out:    Running contrast 836/1306
deg_analysis_31136303_16.out:    Running contrast 841/1306
deg_analysis_31136303_16.out:    Running contrast 846/1306
deg_analysis_31136303_16.out:    Running contrast 851/1306
deg_analysis_31136303_16.out:    Running contrast 856/1306
deg_analysis_31136303_16.out:    Running contrast 861/1306
deg_analysis_31136303_16.out:    Running contrast 866/1306
deg_analysis_31136303_16.out:    Running contrast 871/1306
deg_analysis_31136303_16.out:    Running contrast 876/1306
deg_analysis_31136303_16.out:    Running contrast 881/1306
deg_analysis_31136303_16.out:    Running contrast 886/1306
deg_analysis_31136303_16.out:    Running contrast 891/1306
deg_analysis_31136303_16.out:    Running contrast 896/1306
deg_analysis_31136303_16.out:    Running contrast 901/1306
deg_analysis_31136303_16.out:    Running contrast 906/1306
deg_analysis_31136303_16.out:    Running contrast 911/1306
deg_analysis_31136303_16.out:    Running contrast 916/1306
deg_analysis_31136303_16.out:    Running contrast 921/1306
deg_analysis_31136303_16.out:    Running contrast 926/1306
deg_analysis_31136303_16.out:    Running contrast 931/1306
deg_analysis_31136303_16.out:    Running contrast 936/1306
deg_analysis_31136303_16.out:    Running contrast 941/1306
deg_analysis_31136303_16.out:    Running contrast 946/1306
deg_analysis_31136303_16.out:    Running contrast 951/1306
deg_analysis_31136303_16.out:    Running contrast 956/1306
deg_analysis_31136303_16.out:    Running contrast 961/1306
deg_analysis_31136303_16.out:    Running contrast 966/1306
deg_analysis_31136303_16.out:    Running contrast 971/1306
deg_analysis_31136303_16.out:    Running contrast 976/1306
deg_analysis_31136303_16.out:    Running contrast 981/1306
deg_analysis_31136303_16.out:    Running contrast 986/1306
deg_analysis_31136303_16.out:    Running contrast 991/1306
deg_analysis_31136303_16.out:    Running contrast 996/1306
deg_analysis_31136303_16.out:    Running contrast 1001/1306
deg_analysis_31136303_16.out:    Running contrast 1006/1306
deg_analysis_31136303_16.out:    Running contrast 1011/1306
deg_analysis_31136303_16.out:    Running contrast 1016/1306
deg_analysis_31136303_16.out:    Running contrast 1021/1306
deg_analysis_31136303_16.out:    Running contrast 1026/1306
deg_analysis_31136303_16.out:    Running contrast 1031/1306
deg_analysis_31136303_16.out:    Running contrast 1036/1306
deg_analysis_31136303_16.out:    Running contrast 1041/1306
deg_analysis_31136303_16.out:    Running contrast 1046/1306
deg_analysis_31136303_16.out:    Running contrast 1051/1306
deg_analysis_31136303_16.out:    Running contrast 1056/1306
deg_analysis_31136303_16.out:    Running contrast 1061/1306
deg_analysis_31136303_16.out:    Running contrast 1066/1306
deg_analysis_31136303_16.out:    Running contrast 1071/1306
deg_analysis_31136303_16.out:    Running contrast 1076/1306
deg_analysis_31136303_16.out:    Running contrast 1081/1306
deg_analysis_31136303_16.out:    Running contrast 1086/1306
deg_analysis_31136303_16.out:    Running contrast 1091/1306
deg_analysis_31136303_16.out:    Running contrast 1096/1306
deg_analysis_31136303_16.out:    Running contrast 1101/1306
deg_analysis_31136303_16.out:    Running contrast 1106/1306
deg_analysis_31136303_16.out:    Running contrast 1111/1306
deg_analysis_31136303_16.out:    Running contrast 1116/1306
deg_analysis_31136303_16.out:    Running contrast 1121/1306
deg_analysis_31136303_16.out:    Running contrast 1126/1306
deg_analysis_31136303_16.out:    Running contrast 1131/1306
deg_analysis_31136303_16.out:    Running contrast 1136/1306
deg_analysis_31136303_16.out:    Running contrast 1141/1306
deg_analysis_31136303_16.out:    Running contrast 1146/1306
deg_analysis_31136303_16.out:    Running contrast 1151/1306
deg_analysis_31136303_16.out:    Running contrast 1156/1306
deg_analysis_31136303_16.out:    Running contrast 1161/1306
deg_analysis_31136303_16.out:    Running contrast 1166/1306
deg_analysis_31136303_16.out:    Running contrast 1171/1306
deg_analysis_31136303_16.out:    Running contrast 1176/1306
deg_analysis_31136303_16.out:    Running contrast 1181/1306
deg_analysis_31136303_16.out:    Running contrast 1186/1306
deg_analysis_31136303_16.out:    Running contrast 1191/1306
deg_analysis_31136303_16.out:    Running contrast 1196/1306
deg_analysis_31136303_16.out:    Running contrast 1201/1306
deg_analysis_31136303_16.out:    Running contrast 1206/1306
deg_analysis_31136303_16.out:    Running contrast 1211/1306
deg_analysis_31136303_16.out:    Running contrast 1216/1306
deg_analysis_31136303_16.out:    Running contrast 1221/1306
deg_analysis_31136303_16.out:    Running contrast 1226/1306
deg_analysis_31136303_16.out:    Running contrast 1231/1306
deg_analysis_31136303_16.out:    Running contrast 1236/1306
deg_analysis_31136303_16.out:    Running contrast 1241/1306
deg_analysis_31136303_16.out:    Running contrast 1246/1306
deg_analysis_31136303_16.out:    Running contrast 1251/1306
deg_analysis_31136303_16.out:    Running contrast 1256/1306
deg_analysis_31136303_16.out:    Running contrast 1261/1306
deg_analysis_31136303_16.out:    Running contrast 1266/1306
deg_analysis_31136303_16.out:    Running contrast 1271/1306
deg_analysis_31136303_16.out:    Running contrast 1276/1306
deg_analysis_31136303_16.out:    Running contrast 1281/1306
deg_analysis_31136303_16.out:    Running contrast 1286/1306
deg_analysis_31136303_16.out:    Running contrast 1291/1306
deg_analysis_31136303_16.out:    Running contrast 1296/1306
deg_analysis_31136303_16.out:    Running contrast 1301/1306
deg_analysis_31136303_16.out:    Running contrast 1306/1306
deg_analysis_31136303_16.out:
deg_analysis_31136303_16.out:    Writing:  ./data/tahoe/deg_data/sep_rep/full/qc_false/filter_min_cells_10/CVCL_0397_de.h5ad 
deg_analysis_31136303_16.out:
deg_analysis_31136303_16.out:    Rewriting h5ad file: ./data/tahoe/deg_data/sep_rep/full/qc_false/filter_min_cells_10/CVCL_0397_de.h5ad 
deg_analysis_31136303_16.out:    Removed X matrix
deg_analysis_31136303_16.out:    Rewriting h5ad file is done!
deg_analysis_31136303_16.out:✓ Cell line completed in 13611.7 seconds
deg_analysis_31136303_16.out:
deg_analysis_31136303_16.out:DE analysis completed!
deg_analysis_31136303_16.out:
deg_analysis_31136303_16.out:Total runtime: 13627.3 seconds
deg_analysis_31136303_17.out:
deg_analysis_31136303_17.out:DE analysis started...
deg_analysis_31136303_17.out:Loaded input file:  ./data/tahoe/pseudobulk_processed/sep_rep/by_celltype/CVCL_0399_processed.h5ad 
deg_analysis_31136303_17.out:Initial dimensions:  1343  samples ×  62710  genes
deg_analysis_31136303_17.out:Filter samples with the low number of cells
deg_analysis_31136303_17.out:    Filter threshold (min_cells):  10 
deg_analysis_31136303_17.out:    n_obs:  1343 -->  1336 
deg_analysis_31136303_17.out:
deg_analysis_31136303_17.out:▶︎ Processing cell_type  1 / 1 :  CVCL_0399 
deg_analysis_31136303_17.out:    Filter controls by  pert_time_h  column
deg_analysis_31136303_17.out:        n_obs:  1336 -->  1336 
deg_analysis_31136303_17.out:
deg_analysis_31136303_17.out:    Running contrast 1/1308
deg_analysis_31136303_17.out:    Running contrast 6/1308
deg_analysis_31136303_17.out:    Running contrast 11/1308
deg_analysis_31136303_17.out:    Running contrast 16/1308
deg_analysis_31136303_17.out:    Running contrast 21/1308
deg_analysis_31136303_17.out:    Running contrast 26/1308
deg_analysis_31136303_17.out:    Running contrast 31/1308
deg_analysis_31136303_17.out:    Running contrast 36/1308
deg_analysis_31136303_17.out:    Running contrast 41/1308
deg_analysis_31136303_17.out:    Running contrast 46/1308
deg_analysis_31136303_17.out:    Running contrast 51/1308
deg_analysis_31136303_17.out:    Running contrast 56/1308
deg_analysis_31136303_17.out:    Running contrast 61/1308
deg_analysis_31136303_17.out:    Running contrast 66/1308
deg_analysis_31136303_17.out:    Running contrast 71/1308
deg_analysis_31136303_17.out:    Running contrast 76/1308
deg_analysis_31136303_17.out:    Running contrast 81/1308
deg_analysis_31136303_17.out:    Running contrast 86/1308
deg_analysis_31136303_17.out:    Running contrast 91/1308
deg_analysis_31136303_17.out:    Running contrast 96/1308
deg_analysis_31136303_17.out:    Running contrast 101/1308
deg_analysis_31136303_17.out:    Running contrast 106/1308
deg_analysis_31136303_17.out:    Running contrast 111/1308
deg_analysis_31136303_17.out:    Running contrast 116/1308
deg_analysis_31136303_17.out:    Running contrast 121/1308
deg_analysis_31136303_17.out:    Running contrast 126/1308
deg_analysis_31136303_17.out:    Running contrast 131/1308
deg_analysis_31136303_17.out:    Running contrast 136/1308
deg_analysis_31136303_17.out:    Running contrast 141/1308
deg_analysis_31136303_17.out:    Running contrast 146/1308
deg_analysis_31136303_17.out:    Running contrast 151/1308
deg_analysis_31136303_17.out:    Running contrast 156/1308
deg_analysis_31136303_17.out:    Running contrast 161/1308
deg_analysis_31136303_17.out:    Running contrast 166/1308
deg_analysis_31136303_17.out:    Running contrast 171/1308
deg_analysis_31136303_17.out:    Running contrast 176/1308
deg_analysis_31136303_17.out:    Running contrast 181/1308
deg_analysis_31136303_17.out:    Running contrast 186/1308
deg_analysis_31136303_17.out:    Running contrast 191/1308
deg_analysis_31136303_17.out:    Running contrast 196/1308
deg_analysis_31136303_17.out:    Running contrast 201/1308
deg_analysis_31136303_17.out:    Running contrast 206/1308
deg_analysis_31136303_17.out:    Running contrast 211/1308
deg_analysis_31136303_17.out:    Running contrast 216/1308
deg_analysis_31136303_17.out:    Running contrast 221/1308
deg_analysis_31136303_17.out:    Running contrast 226/1308
deg_analysis_31136303_17.out:    Running contrast 231/1308
deg_analysis_31136303_17.out:    Running contrast 236/1308
deg_analysis_31136303_17.out:    Running contrast 241/1308
deg_analysis_31136303_17.out:    Running contrast 246/1308
deg_analysis_31136303_17.out:    Running contrast 251/1308
deg_analysis_31136303_17.out:    Running contrast 256/1308
deg_analysis_31136303_17.out:    Running contrast 261/1308
deg_analysis_31136303_17.out:    Running contrast 266/1308
deg_analysis_31136303_17.out:    Running contrast 271/1308
deg_analysis_31136303_17.out:    Running contrast 276/1308
deg_analysis_31136303_17.out:    Running contrast 281/1308
deg_analysis_31136303_17.out:    Running contrast 286/1308
deg_analysis_31136303_17.out:    Running contrast 291/1308
deg_analysis_31136303_17.out:    Running contrast 296/1308
deg_analysis_31136303_17.out:    Running contrast 301/1308
deg_analysis_31136303_17.out:    Running contrast 306/1308
deg_analysis_31136303_17.out:    Running contrast 311/1308
deg_analysis_31136303_17.out:    Running contrast 316/1308
deg_analysis_31136303_17.out:    Running contrast 321/1308
deg_analysis_31136303_17.out:    Running contrast 326/1308
deg_analysis_31136303_17.out:    Running contrast 331/1308
deg_analysis_31136303_17.out:    Running contrast 336/1308
deg_analysis_31136303_17.out:    Running contrast 341/1308
deg_analysis_31136303_17.out:    Running contrast 346/1308
deg_analysis_31136303_17.out:    Running contrast 351/1308
deg_analysis_31136303_17.out:    Running contrast 356/1308
deg_analysis_31136303_17.out:    Running contrast 361/1308
deg_analysis_31136303_17.out:    Running contrast 366/1308
deg_analysis_31136303_17.out:    Running contrast 371/1308
deg_analysis_31136303_17.out:    Running contrast 376/1308
deg_analysis_31136303_17.out:    Running contrast 381/1308
deg_analysis_31136303_17.out:    Running contrast 386/1308
deg_analysis_31136303_17.out:    Running contrast 391/1308
deg_analysis_31136303_17.out:    Running contrast 396/1308
deg_analysis_31136303_17.out:    Running contrast 401/1308
deg_analysis_31136303_17.out:    Running contrast 406/1308
deg_analysis_31136303_17.out:    Running contrast 411/1308
deg_analysis_31136303_17.out:    Running contrast 416/1308
deg_analysis_31136303_17.out:    Running contrast 421/1308
deg_analysis_31136303_17.out:    Running contrast 426/1308
deg_analysis_31136303_17.out:    Running contrast 431/1308
deg_analysis_31136303_17.out:    Running contrast 436/1308
deg_analysis_31136303_17.out:    Running contrast 441/1308
deg_analysis_31136303_17.out:    Running contrast 446/1308
deg_analysis_31136303_17.out:    Running contrast 451/1308
deg_analysis_31136303_17.out:    Running contrast 456/1308
deg_analysis_31136303_17.out:    Running contrast 461/1308
deg_analysis_31136303_17.out:    Running contrast 466/1308
deg_analysis_31136303_17.out:    Running contrast 471/1308
deg_analysis_31136303_17.out:    Running contrast 476/1308
deg_analysis_31136303_17.out:    Running contrast 481/1308
deg_analysis_31136303_17.out:    Running contrast 486/1308
deg_analysis_31136303_17.out:    Running contrast 491/1308
deg_analysis_31136303_17.out:    Running contrast 496/1308
deg_analysis_31136303_17.out:    Running contrast 501/1308
deg_analysis_31136303_17.out:    Running contrast 506/1308
deg_analysis_31136303_17.out:    Running contrast 511/1308
deg_analysis_31136303_17.out:    Running contrast 516/1308
deg_analysis_31136303_17.out:    Running contrast 521/1308
deg_analysis_31136303_17.out:    Running contrast 526/1308
deg_analysis_31136303_17.out:    Running contrast 531/1308
deg_analysis_31136303_17.out:    Running contrast 536/1308
deg_analysis_31136303_17.out:    Running contrast 541/1308
deg_analysis_31136303_17.out:    Running contrast 546/1308
deg_analysis_31136303_17.out:    Running contrast 551/1308
deg_analysis_31136303_17.out:    Running contrast 556/1308
deg_analysis_31136303_17.out:    Running contrast 561/1308
deg_analysis_31136303_17.out:    Running contrast 566/1308
deg_analysis_31136303_17.out:    Running contrast 571/1308
deg_analysis_31136303_17.out:    Running contrast 576/1308
deg_analysis_31136303_17.out:    Running contrast 581/1308
deg_analysis_31136303_17.out:    Running contrast 586/1308
deg_analysis_31136303_17.out:    Running contrast 591/1308
deg_analysis_31136303_17.out:    Running contrast 596/1308
deg_analysis_31136303_17.out:    Running contrast 601/1308
deg_analysis_31136303_17.out:    Running contrast 606/1308
deg_analysis_31136303_17.out:    Running contrast 611/1308
deg_analysis_31136303_17.out:    Running contrast 616/1308
deg_analysis_31136303_17.out:    Running contrast 621/1308
deg_analysis_31136303_17.out:    Running contrast 626/1308
deg_analysis_31136303_17.out:    Running contrast 631/1308
deg_analysis_31136303_17.out:    Running contrast 636/1308
deg_analysis_31136303_17.out:    Running contrast 641/1308
deg_analysis_31136303_17.out:    Running contrast 646/1308
deg_analysis_31136303_17.out:    Running contrast 651/1308
deg_analysis_31136303_17.out:    Running contrast 656/1308
deg_analysis_31136303_17.out:    Running contrast 661/1308
deg_analysis_31136303_17.out:    Running contrast 666/1308
deg_analysis_31136303_17.out:    Running contrast 671/1308
deg_analysis_31136303_17.out:    Running contrast 676/1308
deg_analysis_31136303_17.out:    Running contrast 681/1308
deg_analysis_31136303_17.out:    Running contrast 686/1308
deg_analysis_31136303_17.out:    Running contrast 691/1308
deg_analysis_31136303_17.out:    Running contrast 696/1308
deg_analysis_31136303_17.out:    Running contrast 701/1308
deg_analysis_31136303_17.out:    Running contrast 706/1308
deg_analysis_31136303_17.out:    Running contrast 711/1308
deg_analysis_31136303_17.out:    Running contrast 716/1308
deg_analysis_31136303_17.out:    Running contrast 721/1308
deg_analysis_31136303_17.out:    Running contrast 726/1308
deg_analysis_31136303_17.out:    Running contrast 731/1308
deg_analysis_31136303_17.out:    Running contrast 736/1308
deg_analysis_31136303_17.out:    Running contrast 741/1308
deg_analysis_31136303_17.out:    Running contrast 746/1308
deg_analysis_31136303_17.out:    Running contrast 751/1308
deg_analysis_31136303_17.out:    Running contrast 756/1308
deg_analysis_31136303_17.out:    Running contrast 761/1308
deg_analysis_31136303_17.out:    Running contrast 766/1308
deg_analysis_31136303_17.out:    Running contrast 771/1308
deg_analysis_31136303_17.out:    Running contrast 776/1308
deg_analysis_31136303_17.out:    Running contrast 781/1308
deg_analysis_31136303_17.out:    Running contrast 786/1308
deg_analysis_31136303_17.out:    Running contrast 791/1308
deg_analysis_31136303_17.out:    Running contrast 796/1308
deg_analysis_31136303_17.out:    Running contrast 801/1308
deg_analysis_31136303_17.out:    Running contrast 806/1308
deg_analysis_31136303_17.out:    Running contrast 811/1308
deg_analysis_31136303_17.out:    Running contrast 816/1308
deg_analysis_31136303_17.out:    Running contrast 821/1308
deg_analysis_31136303_17.out:    Running contrast 826/1308
deg_analysis_31136303_17.out:    Running contrast 831/1308
deg_analysis_31136303_17.out:    Running contrast 836/1308
deg_analysis_31136303_17.out:    Running contrast 841/1308
deg_analysis_31136303_17.out:    Running contrast 846/1308
deg_analysis_31136303_17.out:    Running contrast 851/1308
deg_analysis_31136303_17.out:    Running contrast 856/1308
deg_analysis_31136303_17.out:    Running contrast 861/1308
deg_analysis_31136303_17.out:    Running contrast 866/1308
deg_analysis_31136303_17.out:    Running contrast 871/1308
deg_analysis_31136303_17.out:    Running contrast 876/1308
deg_analysis_31136303_17.out:    Running contrast 881/1308
deg_analysis_31136303_17.out:    Running contrast 886/1308
deg_analysis_31136303_17.out:    Running contrast 891/1308
deg_analysis_31136303_17.out:    Running contrast 896/1308
deg_analysis_31136303_17.out:    Running contrast 901/1308
deg_analysis_31136303_17.out:    Running contrast 906/1308
deg_analysis_31136303_17.out:    Running contrast 911/1308
deg_analysis_31136303_17.out:    Running contrast 916/1308
deg_analysis_31136303_17.out:    Running contrast 921/1308
deg_analysis_31136303_17.out:    Running contrast 926/1308
deg_analysis_31136303_17.out:    Running contrast 931/1308
deg_analysis_31136303_17.out:    Running contrast 936/1308
deg_analysis_31136303_17.out:    Running contrast 941/1308
deg_analysis_31136303_17.out:    Running contrast 946/1308
deg_analysis_31136303_17.out:    Running contrast 951/1308
deg_analysis_31136303_17.out:    Running contrast 956/1308
deg_analysis_31136303_17.out:    Running contrast 961/1308
deg_analysis_31136303_17.out:    Running contrast 966/1308
deg_analysis_31136303_17.out:    Running contrast 971/1308
deg_analysis_31136303_17.out:    Running contrast 976/1308
deg_analysis_31136303_17.out:    Running contrast 981/1308
deg_analysis_31136303_17.out:    Running contrast 986/1308
deg_analysis_31136303_17.out:    Running contrast 991/1308
deg_analysis_31136303_17.out:    Running contrast 996/1308
deg_analysis_31136303_17.out:    Running contrast 1001/1308
deg_analysis_31136303_17.out:    Running contrast 1006/1308
deg_analysis_31136303_17.out:    Running contrast 1011/1308
deg_analysis_31136303_17.out:    Running contrast 1016/1308
deg_analysis_31136303_17.out:    Running contrast 1021/1308
deg_analysis_31136303_17.out:    Running contrast 1026/1308
deg_analysis_31136303_17.out:    Running contrast 1031/1308
deg_analysis_31136303_17.out:    Running contrast 1036/1308
deg_analysis_31136303_17.out:    Running contrast 1041/1308
deg_analysis_31136303_17.out:    Running contrast 1046/1308
deg_analysis_31136303_17.out:    Running contrast 1051/1308
deg_analysis_31136303_17.out:    Running contrast 1056/1308
deg_analysis_31136303_17.out:    Running contrast 1061/1308
deg_analysis_31136303_17.out:    Running contrast 1066/1308
deg_analysis_31136303_17.out:    Running contrast 1071/1308
deg_analysis_31136303_17.out:    Running contrast 1076/1308
deg_analysis_31136303_17.out:    Running contrast 1081/1308
deg_analysis_31136303_17.out:    Running contrast 1086/1308
deg_analysis_31136303_17.out:    Running contrast 1091/1308
deg_analysis_31136303_17.out:    Running contrast 1096/1308
deg_analysis_31136303_17.out:    Running contrast 1101/1308
deg_analysis_31136303_17.out:    Running contrast 1106/1308
deg_analysis_31136303_17.out:    Running contrast 1111/1308
deg_analysis_31136303_17.out:    Running contrast 1116/1308
deg_analysis_31136303_17.out:    Running contrast 1121/1308
deg_analysis_31136303_17.out:    Running contrast 1126/1308
deg_analysis_31136303_17.out:    Running contrast 1131/1308
deg_analysis_31136303_17.out:    Running contrast 1136/1308
deg_analysis_31136303_17.out:    Running contrast 1141/1308
deg_analysis_31136303_17.out:    Running contrast 1146/1308
deg_analysis_31136303_17.out:    Running contrast 1151/1308
deg_analysis_31136303_17.out:    Running contrast 1156/1308
deg_analysis_31136303_17.out:    Running contrast 1161/1308
deg_analysis_31136303_17.out:    Running contrast 1166/1308
deg_analysis_31136303_17.out:    Running contrast 1171/1308
deg_analysis_31136303_17.out:    Running contrast 1176/1308
deg_analysis_31136303_17.out:    Running contrast 1181/1308
deg_analysis_31136303_17.out:    Running contrast 1186/1308
deg_analysis_31136303_17.out:    Running contrast 1191/1308
deg_analysis_31136303_17.out:    Running contrast 1196/1308
deg_analysis_31136303_17.out:    Running contrast 1201/1308
deg_analysis_31136303_17.out:    Running contrast 1206/1308
deg_analysis_31136303_17.out:    Running contrast 1211/1308
deg_analysis_31136303_17.out:    Running contrast 1216/1308
deg_analysis_31136303_17.out:    Running contrast 1221/1308
deg_analysis_31136303_17.out:    Running contrast 1226/1308
deg_analysis_31136303_17.out:    Running contrast 1231/1308
deg_analysis_31136303_17.out:    Running contrast 1236/1308
deg_analysis_31136303_17.out:    Running contrast 1241/1308
deg_analysis_31136303_17.out:    Running contrast 1246/1308
deg_analysis_31136303_17.out:    Running contrast 1251/1308
deg_analysis_31136303_17.out:    Running contrast 1256/1308
deg_analysis_31136303_17.out:    Running contrast 1261/1308
deg_analysis_31136303_17.out:    Running contrast 1266/1308
deg_analysis_31136303_17.out:    Running contrast 1271/1308
deg_analysis_31136303_17.out:    Running contrast 1276/1308
deg_analysis_31136303_17.out:    Running contrast 1281/1308
deg_analysis_31136303_17.out:    Running contrast 1286/1308
deg_analysis_31136303_17.out:    Running contrast 1291/1308
deg_analysis_31136303_17.out:    Running contrast 1296/1308
deg_analysis_31136303_17.out:    Running contrast 1301/1308
deg_analysis_31136303_17.out:    Running contrast 1306/1308
deg_analysis_31136303_17.out:    Running contrast 1308/1308
deg_analysis_31136303_17.out:
deg_analysis_31136303_17.out:    Writing:  ./data/tahoe/deg_data/sep_rep/full/qc_false/filter_min_cells_10/CVCL_0399_de.h5ad 
deg_analysis_31136303_17.out:
deg_analysis_31136303_17.out:    Rewriting h5ad file: ./data/tahoe/deg_data/sep_rep/full/qc_false/filter_min_cells_10/CVCL_0399_de.h5ad 
deg_analysis_31136303_17.out:    Removed X matrix
deg_analysis_31136303_17.out:    Rewriting h5ad file is done!
deg_analysis_31136303_17.out:✓ Cell line completed in 10952.8 seconds
deg_analysis_31136303_17.out:
deg_analysis_31136303_17.out:DE analysis completed!
deg_analysis_31136303_17.out:
deg_analysis_31136303_17.out:Total runtime: 10967.0 seconds
deg_analysis_31136303_18.out:
deg_analysis_31136303_18.out:DE analysis started...
deg_analysis_31136303_18.out:Loaded input file:  ./data/tahoe/pseudobulk_processed/sep_rep/by_celltype/CVCL_0428_processed.h5ad 
deg_analysis_31136303_18.out:Initial dimensions:  1337  samples ×  62710  genes
deg_analysis_31136303_18.out:Filter samples with the low number of cells
deg_analysis_31136303_18.out:    Filter threshold (min_cells):  10 
deg_analysis_31136303_18.out:    n_obs:  1337 -->  1330 
deg_analysis_31136303_18.out:
deg_analysis_31136303_18.out:▶︎ Processing cell_type  1 / 1 :  CVCL_0428 
deg_analysis_31136303_18.out:    Filter controls by  pert_time_h  column
deg_analysis_31136303_18.out:        n_obs:  1330 -->  1330 
deg_analysis_31136303_18.out:
deg_analysis_31136303_18.out:    Running contrast 1/1302
deg_analysis_31136303_18.out:    Running contrast 6/1302
deg_analysis_31136303_18.out:    Running contrast 11/1302
deg_analysis_31136303_18.out:    Running contrast 16/1302
deg_analysis_31136303_18.out:    Running contrast 21/1302
deg_analysis_31136303_18.out:    Running contrast 26/1302
deg_analysis_31136303_18.out:    Running contrast 31/1302
deg_analysis_31136303_18.out:    Running contrast 36/1302
deg_analysis_31136303_18.out:    Running contrast 41/1302
deg_analysis_31136303_18.out:    Running contrast 46/1302
deg_analysis_31136303_18.out:    Running contrast 51/1302
deg_analysis_31136303_18.out:    Running contrast 56/1302
deg_analysis_31136303_18.out:    Running contrast 61/1302
deg_analysis_31136303_18.out:    Running contrast 66/1302
deg_analysis_31136303_18.out:    Running contrast 71/1302
deg_analysis_31136303_18.out:    Running contrast 76/1302
deg_analysis_31136303_18.out:    Running contrast 81/1302
deg_analysis_31136303_18.out:    Running contrast 86/1302
deg_analysis_31136303_18.out:    Running contrast 91/1302
deg_analysis_31136303_18.out:    Running contrast 96/1302
deg_analysis_31136303_18.out:    Running contrast 101/1302
deg_analysis_31136303_18.out:    Running contrast 106/1302
deg_analysis_31136303_18.out:    Running contrast 111/1302
deg_analysis_31136303_18.out:    Running contrast 116/1302
deg_analysis_31136303_18.out:    Running contrast 121/1302
deg_analysis_31136303_18.out:    Running contrast 126/1302
deg_analysis_31136303_18.out:    Running contrast 131/1302
deg_analysis_31136303_18.out:    Running contrast 136/1302
deg_analysis_31136303_18.out:    Running contrast 141/1302
deg_analysis_31136303_18.out:    Running contrast 146/1302
deg_analysis_31136303_18.out:    Running contrast 151/1302
deg_analysis_31136303_18.out:    Running contrast 156/1302
deg_analysis_31136303_18.out:    Running contrast 161/1302
deg_analysis_31136303_18.out:    Running contrast 166/1302
deg_analysis_31136303_18.out:    Running contrast 171/1302
deg_analysis_31136303_18.out:    Running contrast 176/1302
deg_analysis_31136303_18.out:    Running contrast 181/1302
deg_analysis_31136303_18.out:    Running contrast 186/1302
deg_analysis_31136303_18.out:    Running contrast 191/1302
deg_analysis_31136303_18.out:    Running contrast 196/1302
deg_analysis_31136303_18.out:    Running contrast 201/1302
deg_analysis_31136303_18.out:    Running contrast 206/1302
deg_analysis_31136303_18.out:    Running contrast 211/1302
deg_analysis_31136303_18.out:    Running contrast 216/1302
deg_analysis_31136303_18.out:    Running contrast 221/1302
deg_analysis_31136303_18.out:    Running contrast 226/1302
deg_analysis_31136303_18.out:    Running contrast 231/1302
deg_analysis_31136303_18.out:    Running contrast 236/1302
deg_analysis_31136303_18.out:    Running contrast 241/1302
deg_analysis_31136303_18.out:    Running contrast 246/1302
deg_analysis_31136303_18.out:    Running contrast 251/1302
deg_analysis_31136303_18.out:    Running contrast 256/1302
deg_analysis_31136303_18.out:    Running contrast 261/1302
deg_analysis_31136303_18.out:    Running contrast 266/1302
deg_analysis_31136303_18.out:    Running contrast 271/1302
deg_analysis_31136303_18.out:    Running contrast 276/1302
deg_analysis_31136303_18.out:    Running contrast 281/1302
deg_analysis_31136303_18.out:    Running contrast 286/1302
deg_analysis_31136303_18.out:    Running contrast 291/1302
deg_analysis_31136303_18.out:    Running contrast 296/1302
deg_analysis_31136303_18.out:    Running contrast 301/1302
deg_analysis_31136303_18.out:    Running contrast 306/1302
deg_analysis_31136303_18.out:    Running contrast 311/1302
deg_analysis_31136303_18.out:    Running contrast 316/1302
deg_analysis_31136303_18.out:    Running contrast 321/1302
deg_analysis_31136303_18.out:    Running contrast 326/1302
deg_analysis_31136303_18.out:    Running contrast 331/1302
deg_analysis_31136303_18.out:    Running contrast 336/1302
deg_analysis_31136303_18.out:    Running contrast 341/1302
deg_analysis_31136303_18.out:    Running contrast 346/1302
deg_analysis_31136303_18.out:    Running contrast 351/1302
deg_analysis_31136303_18.out:    Running contrast 356/1302
deg_analysis_31136303_18.out:    Running contrast 361/1302
deg_analysis_31136303_18.out:    Running contrast 366/1302
deg_analysis_31136303_18.out:    Running contrast 371/1302
deg_analysis_31136303_18.out:    Running contrast 376/1302
deg_analysis_31136303_18.out:    Running contrast 381/1302
deg_analysis_31136303_18.out:    Running contrast 386/1302
deg_analysis_31136303_18.out:    Running contrast 391/1302
deg_analysis_31136303_18.out:    Running contrast 396/1302
deg_analysis_31136303_18.out:    Running contrast 401/1302
deg_analysis_31136303_18.out:    Running contrast 406/1302
deg_analysis_31136303_18.out:    Running contrast 411/1302
deg_analysis_31136303_18.out:    Running contrast 416/1302
deg_analysis_31136303_18.out:    Running contrast 421/1302
deg_analysis_31136303_18.out:    Running contrast 426/1302
deg_analysis_31136303_18.out:    Running contrast 431/1302
deg_analysis_31136303_18.out:    Running contrast 436/1302
deg_analysis_31136303_18.out:    Running contrast 441/1302
deg_analysis_31136303_18.out:    Running contrast 446/1302
deg_analysis_31136303_18.out:    Running contrast 451/1302
deg_analysis_31136303_18.out:    Running contrast 456/1302
deg_analysis_31136303_18.out:    Running contrast 461/1302
deg_analysis_31136303_18.out:    Running contrast 466/1302
deg_analysis_31136303_18.out:    Running contrast 471/1302
deg_analysis_31136303_18.out:    Running contrast 476/1302
deg_analysis_31136303_18.out:    Running contrast 481/1302
deg_analysis_31136303_18.out:    Running contrast 486/1302
deg_analysis_31136303_18.out:    Running contrast 491/1302
deg_analysis_31136303_18.out:    Running contrast 496/1302
deg_analysis_31136303_18.out:    Running contrast 501/1302
deg_analysis_31136303_18.out:    Running contrast 506/1302
deg_analysis_31136303_18.out:    Running contrast 511/1302
deg_analysis_31136303_18.out:    Running contrast 516/1302
deg_analysis_31136303_18.out:    Running contrast 521/1302
deg_analysis_31136303_18.out:    Running contrast 526/1302
deg_analysis_31136303_18.out:    Running contrast 531/1302
deg_analysis_31136303_18.out:    Running contrast 536/1302
deg_analysis_31136303_18.out:    Running contrast 541/1302
deg_analysis_31136303_18.out:    Running contrast 546/1302
deg_analysis_31136303_18.out:    Running contrast 551/1302
deg_analysis_31136303_18.out:    Running contrast 556/1302
deg_analysis_31136303_18.out:    Running contrast 561/1302
deg_analysis_31136303_18.out:    Running contrast 566/1302
deg_analysis_31136303_18.out:    Running contrast 571/1302
deg_analysis_31136303_18.out:    Running contrast 576/1302
deg_analysis_31136303_18.out:    Running contrast 581/1302
deg_analysis_31136303_18.out:    Running contrast 586/1302
deg_analysis_31136303_18.out:    Running contrast 591/1302
deg_analysis_31136303_18.out:    Running contrast 596/1302
deg_analysis_31136303_18.out:    Running contrast 601/1302
deg_analysis_31136303_18.out:    Running contrast 606/1302
deg_analysis_31136303_18.out:    Running contrast 611/1302
deg_analysis_31136303_18.out:    Running contrast 616/1302
deg_analysis_31136303_18.out:    Running contrast 621/1302
deg_analysis_31136303_18.out:    Running contrast 626/1302
deg_analysis_31136303_18.out:    Running contrast 631/1302
deg_analysis_31136303_18.out:    Running contrast 636/1302
deg_analysis_31136303_18.out:    Running contrast 641/1302
deg_analysis_31136303_18.out:    Running contrast 646/1302
deg_analysis_31136303_18.out:    Running contrast 651/1302
deg_analysis_31136303_18.out:    Running contrast 656/1302
deg_analysis_31136303_18.out:    Running contrast 661/1302
deg_analysis_31136303_18.out:    Running contrast 666/1302
deg_analysis_31136303_18.out:    Running contrast 671/1302
deg_analysis_31136303_18.out:    Running contrast 676/1302
deg_analysis_31136303_18.out:    Running contrast 681/1302
deg_analysis_31136303_18.out:    Running contrast 686/1302
deg_analysis_31136303_18.out:    Running contrast 691/1302
deg_analysis_31136303_18.out:    Running contrast 696/1302
deg_analysis_31136303_18.out:    Running contrast 701/1302
deg_analysis_31136303_18.out:    Running contrast 706/1302
deg_analysis_31136303_18.out:    Running contrast 711/1302
deg_analysis_31136303_18.out:    Running contrast 716/1302
deg_analysis_31136303_18.out:    Running contrast 721/1302
deg_analysis_31136303_18.out:    Running contrast 726/1302
deg_analysis_31136303_18.out:    Running contrast 731/1302
deg_analysis_31136303_18.out:    Running contrast 736/1302
deg_analysis_31136303_18.out:    Running contrast 741/1302
deg_analysis_31136303_18.out:    Running contrast 746/1302
deg_analysis_31136303_18.out:    Running contrast 751/1302
deg_analysis_31136303_18.out:    Running contrast 756/1302
deg_analysis_31136303_18.out:    Running contrast 761/1302
deg_analysis_31136303_18.out:    Running contrast 766/1302
deg_analysis_31136303_18.out:    Running contrast 771/1302
deg_analysis_31136303_18.out:    Running contrast 776/1302
deg_analysis_31136303_18.out:    Running contrast 781/1302
deg_analysis_31136303_18.out:    Running contrast 786/1302
deg_analysis_31136303_18.out:    Running contrast 791/1302
deg_analysis_31136303_18.out:    Running contrast 796/1302
deg_analysis_31136303_18.out:    Running contrast 801/1302
deg_analysis_31136303_18.out:    Running contrast 806/1302
deg_analysis_31136303_18.out:    Running contrast 811/1302
deg_analysis_31136303_18.out:    Running contrast 816/1302
deg_analysis_31136303_18.out:    Running contrast 821/1302
deg_analysis_31136303_18.out:    Running contrast 826/1302
deg_analysis_31136303_18.out:    Running contrast 831/1302
deg_analysis_31136303_18.out:    Running contrast 836/1302
deg_analysis_31136303_18.out:    Running contrast 841/1302
deg_analysis_31136303_18.out:    Running contrast 846/1302
deg_analysis_31136303_18.out:    Running contrast 851/1302
deg_analysis_31136303_18.out:    Running contrast 856/1302
deg_analysis_31136303_18.out:    Running contrast 861/1302
deg_analysis_31136303_18.out:    Running contrast 866/1302
deg_analysis_31136303_18.out:    Running contrast 871/1302
deg_analysis_31136303_18.out:    Running contrast 876/1302
deg_analysis_31136303_18.out:    Running contrast 881/1302
deg_analysis_31136303_18.out:    Running contrast 886/1302
deg_analysis_31136303_18.out:    Running contrast 891/1302
deg_analysis_31136303_18.out:    Running contrast 896/1302
deg_analysis_31136303_18.out:    Running contrast 901/1302
deg_analysis_31136303_18.out:    Running contrast 906/1302
deg_analysis_31136303_18.out:    Running contrast 911/1302
deg_analysis_31136303_18.out:    Running contrast 916/1302
deg_analysis_31136303_18.out:    Running contrast 921/1302
deg_analysis_31136303_18.out:    Running contrast 926/1302
deg_analysis_31136303_18.out:    Running contrast 931/1302
deg_analysis_31136303_18.out:    Running contrast 936/1302
deg_analysis_31136303_18.out:    Running contrast 941/1302
deg_analysis_31136303_18.out:    Running contrast 946/1302
deg_analysis_31136303_18.out:    Running contrast 951/1302
deg_analysis_31136303_18.out:    Running contrast 956/1302
deg_analysis_31136303_18.out:    Running contrast 961/1302
deg_analysis_31136303_18.out:    Running contrast 966/1302
deg_analysis_31136303_18.out:    Running contrast 971/1302
deg_analysis_31136303_18.out:    Running contrast 976/1302
deg_analysis_31136303_18.out:    Running contrast 981/1302
deg_analysis_31136303_18.out:    Running contrast 986/1302
deg_analysis_31136303_18.out:    Running contrast 991/1302
deg_analysis_31136303_18.out:    Running contrast 996/1302
deg_analysis_31136303_18.out:    Running contrast 1001/1302
deg_analysis_31136303_18.out:    Running contrast 1006/1302
deg_analysis_31136303_18.out:    Running contrast 1011/1302
deg_analysis_31136303_18.out:    Running contrast 1016/1302
deg_analysis_31136303_18.out:    Running contrast 1021/1302
deg_analysis_31136303_18.out:    Running contrast 1026/1302
deg_analysis_31136303_18.out:    Running contrast 1031/1302
deg_analysis_31136303_18.out:    Running contrast 1036/1302
deg_analysis_31136303_18.out:    Running contrast 1041/1302
deg_analysis_31136303_18.out:    Running contrast 1046/1302
deg_analysis_31136303_18.out:    Running contrast 1051/1302
deg_analysis_31136303_18.out:    Running contrast 1056/1302
deg_analysis_31136303_18.out:    Running contrast 1061/1302
deg_analysis_31136303_18.out:    Running contrast 1066/1302
deg_analysis_31136303_18.out:    Running contrast 1071/1302
deg_analysis_31136303_18.out:    Running contrast 1076/1302
deg_analysis_31136303_18.out:    Running contrast 1081/1302
deg_analysis_31136303_18.out:    Running contrast 1086/1302
deg_analysis_31136303_18.out:    Running contrast 1091/1302
deg_analysis_31136303_18.out:    Running contrast 1096/1302
deg_analysis_31136303_18.out:    Running contrast 1101/1302
deg_analysis_31136303_18.out:    Running contrast 1106/1302
deg_analysis_31136303_18.out:    Running contrast 1111/1302
deg_analysis_31136303_18.out:    Running contrast 1116/1302
deg_analysis_31136303_18.out:    Running contrast 1121/1302
deg_analysis_31136303_18.out:    Running contrast 1126/1302
deg_analysis_31136303_18.out:    Running contrast 1131/1302
deg_analysis_31136303_18.out:    Running contrast 1136/1302
deg_analysis_31136303_18.out:    Running contrast 1141/1302
deg_analysis_31136303_18.out:    Running contrast 1146/1302
deg_analysis_31136303_18.out:    Running contrast 1151/1302
deg_analysis_31136303_18.out:    Running contrast 1156/1302
deg_analysis_31136303_18.out:    Running contrast 1161/1302
deg_analysis_31136303_18.out:    Running contrast 1166/1302
deg_analysis_31136303_18.out:    Running contrast 1171/1302
deg_analysis_31136303_18.out:    Running contrast 1176/1302
deg_analysis_31136303_18.out:    Running contrast 1181/1302
deg_analysis_31136303_18.out:    Running contrast 1186/1302
deg_analysis_31136303_18.out:    Running contrast 1191/1302
deg_analysis_31136303_18.out:    Running contrast 1196/1302
deg_analysis_31136303_18.out:    Running contrast 1201/1302
deg_analysis_31136303_18.out:    Running contrast 1206/1302
deg_analysis_31136303_18.out:    Running contrast 1211/1302
deg_analysis_31136303_18.out:    Running contrast 1216/1302
deg_analysis_31136303_18.out:    Running contrast 1221/1302
deg_analysis_31136303_18.out:    Running contrast 1226/1302
deg_analysis_31136303_18.out:    Running contrast 1231/1302
deg_analysis_31136303_18.out:    Running contrast 1236/1302
deg_analysis_31136303_18.out:    Running contrast 1241/1302
deg_analysis_31136303_18.out:    Running contrast 1246/1302
deg_analysis_31136303_18.out:    Running contrast 1251/1302
deg_analysis_31136303_18.out:    Running contrast 1256/1302
deg_analysis_31136303_18.out:    Running contrast 1261/1302
deg_analysis_31136303_18.out:    Running contrast 1266/1302
deg_analysis_31136303_18.out:    Running contrast 1271/1302
deg_analysis_31136303_18.out:    Running contrast 1276/1302
deg_analysis_31136303_18.out:    Running contrast 1281/1302
deg_analysis_31136303_18.out:    Running contrast 1286/1302
deg_analysis_31136303_18.out:    Running contrast 1291/1302
deg_analysis_31136303_18.out:    Running contrast 1296/1302
deg_analysis_31136303_18.out:    Running contrast 1301/1302
deg_analysis_31136303_18.out:    Running contrast 1302/1302
deg_analysis_31136303_18.out:
deg_analysis_31136303_18.out:    Writing:  ./data/tahoe/deg_data/sep_rep/full/qc_false/filter_min_cells_10/CVCL_0428_de.h5ad 
deg_analysis_31136303_18.out:
deg_analysis_31136303_18.out:    Rewriting h5ad file: ./data/tahoe/deg_data/sep_rep/full/qc_false/filter_min_cells_10/CVCL_0428_de.h5ad 
deg_analysis_31136303_18.out:    Removed X matrix
deg_analysis_31136303_18.out:    Rewriting h5ad file is done!
deg_analysis_31136303_18.out:✓ Cell line completed in 12007.3 seconds
deg_analysis_31136303_18.out:
deg_analysis_31136303_18.out:DE analysis completed!
deg_analysis_31136303_18.out:
deg_analysis_31136303_18.out:Total runtime: 12038.4 seconds
deg_analysis_31136303_19.out:
deg_analysis_31136303_19.out:DE analysis started...
deg_analysis_31136303_19.out:Loaded input file:  ./data/tahoe/pseudobulk_processed/sep_rep/by_celltype/CVCL_0459_processed.h5ad 
deg_analysis_31136303_19.out:Initial dimensions:  1344  samples ×  62710  genes
deg_analysis_31136303_19.out:Filter samples with the low number of cells
deg_analysis_31136303_19.out:    Filter threshold (min_cells):  10 
deg_analysis_31136303_19.out:    n_obs:  1344 -->  1342 
deg_analysis_31136303_19.out:
deg_analysis_31136303_19.out:▶︎ Processing cell_type  1 / 1 :  CVCL_0459 
deg_analysis_31136303_19.out:    Filter controls by  pert_time_h  column
deg_analysis_31136303_19.out:        n_obs:  1342 -->  1342 
deg_analysis_31136303_19.out:
deg_analysis_31136303_19.out:    Running contrast 1/1314
deg_analysis_31136303_19.out:    Running contrast 6/1314
deg_analysis_31136303_19.out:    Running contrast 11/1314
deg_analysis_31136303_19.out:    Running contrast 16/1314
deg_analysis_31136303_19.out:    Running contrast 21/1314
deg_analysis_31136303_19.out:    Running contrast 26/1314
deg_analysis_31136303_19.out:    Running contrast 31/1314
deg_analysis_31136303_19.out:    Running contrast 36/1314
deg_analysis_31136303_19.out:    Running contrast 41/1314
deg_analysis_31136303_19.out:    Running contrast 46/1314
deg_analysis_31136303_19.out:    Running contrast 51/1314
deg_analysis_31136303_19.out:    Running contrast 56/1314
deg_analysis_31136303_19.out:    Running contrast 61/1314
deg_analysis_31136303_19.out:    Running contrast 66/1314
deg_analysis_31136303_19.out:    Running contrast 71/1314
deg_analysis_31136303_19.out:    Running contrast 76/1314
deg_analysis_31136303_19.out:    Running contrast 81/1314
deg_analysis_31136303_19.out:    Running contrast 86/1314
deg_analysis_31136303_19.out:    Running contrast 91/1314
deg_analysis_31136303_19.out:    Running contrast 96/1314
deg_analysis_31136303_19.out:    Running contrast 101/1314
deg_analysis_31136303_19.out:    Running contrast 106/1314
deg_analysis_31136303_19.out:    Running contrast 111/1314
deg_analysis_31136303_19.out:    Running contrast 116/1314
deg_analysis_31136303_19.out:    Running contrast 121/1314
deg_analysis_31136303_19.out:    Running contrast 126/1314
deg_analysis_31136303_19.out:    Running contrast 131/1314
deg_analysis_31136303_19.out:    Running contrast 136/1314
deg_analysis_31136303_19.out:    Running contrast 141/1314
deg_analysis_31136303_19.out:    Running contrast 146/1314
deg_analysis_31136303_19.out:    Running contrast 151/1314
deg_analysis_31136303_19.out:    Running contrast 156/1314
deg_analysis_31136303_19.out:    Running contrast 161/1314
deg_analysis_31136303_19.out:    Running contrast 166/1314
deg_analysis_31136303_19.out:    Running contrast 171/1314
deg_analysis_31136303_19.out:    Running contrast 176/1314
deg_analysis_31136303_19.out:    Running contrast 181/1314
deg_analysis_31136303_19.out:    Running contrast 186/1314
deg_analysis_31136303_19.out:    Running contrast 191/1314
deg_analysis_31136303_19.out:    Running contrast 196/1314
deg_analysis_31136303_19.out:    Running contrast 201/1314
deg_analysis_31136303_19.out:    Running contrast 206/1314
deg_analysis_31136303_19.out:    Running contrast 211/1314
deg_analysis_31136303_19.out:    Running contrast 216/1314
deg_analysis_31136303_19.out:    Running contrast 221/1314
deg_analysis_31136303_19.out:    Running contrast 226/1314
deg_analysis_31136303_19.out:    Running contrast 231/1314
deg_analysis_31136303_19.out:    Running contrast 236/1314
deg_analysis_31136303_19.out:    Running contrast 241/1314
deg_analysis_31136303_19.out:    Running contrast 246/1314
deg_analysis_31136303_19.out:    Running contrast 251/1314
deg_analysis_31136303_19.out:    Running contrast 256/1314
deg_analysis_31136303_19.out:    Running contrast 261/1314
deg_analysis_31136303_19.out:    Running contrast 266/1314
deg_analysis_31136303_19.out:    Running contrast 271/1314
deg_analysis_31136303_19.out:    Running contrast 276/1314
deg_analysis_31136303_19.out:    Running contrast 281/1314
deg_analysis_31136303_19.out:    Running contrast 286/1314
deg_analysis_31136303_19.out:    Running contrast 291/1314
deg_analysis_31136303_19.out:    Running contrast 296/1314
deg_analysis_31136303_19.out:    Running contrast 301/1314
deg_analysis_31136303_19.out:    Running contrast 306/1314
deg_analysis_31136303_19.out:    Running contrast 311/1314
deg_analysis_31136303_19.out:    Running contrast 316/1314
deg_analysis_31136303_19.out:    Running contrast 321/1314
deg_analysis_31136303_19.out:    Running contrast 326/1314
deg_analysis_31136303_19.out:    Running contrast 331/1314
deg_analysis_31136303_19.out:    Running contrast 336/1314
deg_analysis_31136303_19.out:    Running contrast 341/1314
deg_analysis_31136303_19.out:    Running contrast 346/1314
deg_analysis_31136303_19.out:    Running contrast 351/1314
deg_analysis_31136303_19.out:    Running contrast 356/1314
deg_analysis_31136303_19.out:    Running contrast 361/1314
deg_analysis_31136303_19.out:    Running contrast 366/1314
deg_analysis_31136303_19.out:    Running contrast 371/1314
deg_analysis_31136303_19.out:    Running contrast 376/1314
deg_analysis_31136303_19.out:    Running contrast 381/1314
deg_analysis_31136303_19.out:    Running contrast 386/1314
deg_analysis_31136303_19.out:    Running contrast 391/1314
deg_analysis_31136303_19.out:    Running contrast 396/1314
deg_analysis_31136303_19.out:    Running contrast 401/1314
deg_analysis_31136303_19.out:    Running contrast 406/1314
deg_analysis_31136303_19.out:    Running contrast 411/1314
deg_analysis_31136303_19.out:    Running contrast 416/1314
deg_analysis_31136303_19.out:    Running contrast 421/1314
deg_analysis_31136303_19.out:    Running contrast 426/1314
deg_analysis_31136303_19.out:    Running contrast 431/1314
deg_analysis_31136303_19.out:    Running contrast 436/1314
deg_analysis_31136303_19.out:    Running contrast 441/1314
deg_analysis_31136303_19.out:    Running contrast 446/1314
deg_analysis_31136303_19.out:    Running contrast 451/1314
deg_analysis_31136303_19.out:    Running contrast 456/1314
deg_analysis_31136303_19.out:    Running contrast 461/1314
deg_analysis_31136303_19.out:    Running contrast 466/1314
deg_analysis_31136303_19.out:    Running contrast 471/1314
deg_analysis_31136303_19.out:    Running contrast 476/1314
deg_analysis_31136303_19.out:    Running contrast 481/1314
deg_analysis_31136303_19.out:    Running contrast 486/1314
deg_analysis_31136303_19.out:    Running contrast 491/1314
deg_analysis_31136303_19.out:    Running contrast 496/1314
deg_analysis_31136303_19.out:    Running contrast 501/1314
deg_analysis_31136303_19.out:    Running contrast 506/1314
deg_analysis_31136303_19.out:    Running contrast 511/1314
deg_analysis_31136303_19.out:    Running contrast 516/1314
deg_analysis_31136303_19.out:    Running contrast 521/1314
deg_analysis_31136303_19.out:    Running contrast 526/1314
deg_analysis_31136303_19.out:    Running contrast 531/1314
deg_analysis_31136303_19.out:    Running contrast 536/1314
deg_analysis_31136303_19.out:    Running contrast 541/1314
deg_analysis_31136303_19.out:    Running contrast 546/1314
deg_analysis_31136303_19.out:    Running contrast 551/1314
deg_analysis_31136303_19.out:    Running contrast 556/1314
deg_analysis_31136303_19.out:    Running contrast 561/1314
deg_analysis_31136303_19.out:    Running contrast 566/1314
deg_analysis_31136303_19.out:    Running contrast 571/1314
deg_analysis_31136303_19.out:    Running contrast 576/1314
deg_analysis_31136303_19.out:    Running contrast 581/1314
deg_analysis_31136303_19.out:    Running contrast 586/1314
deg_analysis_31136303_19.out:    Running contrast 591/1314
deg_analysis_31136303_19.out:    Running contrast 596/1314
deg_analysis_31136303_19.out:    Running contrast 601/1314
deg_analysis_31136303_19.out:    Running contrast 606/1314
deg_analysis_31136303_19.out:    Running contrast 611/1314
deg_analysis_31136303_19.out:    Running contrast 616/1314
deg_analysis_31136303_19.out:    Running contrast 621/1314
deg_analysis_31136303_19.out:    Running contrast 626/1314
deg_analysis_31136303_19.out:    Running contrast 631/1314
deg_analysis_31136303_19.out:    Running contrast 636/1314
deg_analysis_31136303_19.out:    Running contrast 641/1314
deg_analysis_31136303_19.out:    Running contrast 646/1314
deg_analysis_31136303_19.out:    Running contrast 651/1314
deg_analysis_31136303_19.out:    Running contrast 656/1314
deg_analysis_31136303_19.out:    Running contrast 661/1314
deg_analysis_31136303_19.out:    Running contrast 666/1314
deg_analysis_31136303_19.out:    Running contrast 671/1314
deg_analysis_31136303_19.out:    Running contrast 676/1314
deg_analysis_31136303_19.out:    Running contrast 681/1314
deg_analysis_31136303_19.out:    Running contrast 686/1314
deg_analysis_31136303_19.out:    Running contrast 691/1314
deg_analysis_31136303_19.out:    Running contrast 696/1314
deg_analysis_31136303_19.out:    Running contrast 701/1314
deg_analysis_31136303_19.out:    Running contrast 706/1314
deg_analysis_31136303_19.out:    Running contrast 711/1314
deg_analysis_31136303_19.out:    Running contrast 716/1314
deg_analysis_31136303_19.out:    Running contrast 721/1314
deg_analysis_31136303_19.out:    Running contrast 726/1314
deg_analysis_31136303_19.out:    Running contrast 731/1314
deg_analysis_31136303_19.out:    Running contrast 736/1314
deg_analysis_31136303_19.out:    Running contrast 741/1314
deg_analysis_31136303_19.out:    Running contrast 746/1314
deg_analysis_31136303_19.out:    Running contrast 751/1314
deg_analysis_31136303_19.out:    Running contrast 756/1314
deg_analysis_31136303_19.out:    Running contrast 761/1314
deg_analysis_31136303_19.out:    Running contrast 766/1314
deg_analysis_31136303_19.out:    Running contrast 771/1314
deg_analysis_31136303_19.out:    Running contrast 776/1314
deg_analysis_31136303_19.out:    Running contrast 781/1314
deg_analysis_31136303_19.out:    Running contrast 786/1314
deg_analysis_31136303_19.out:    Running contrast 791/1314
deg_analysis_31136303_19.out:    Running contrast 796/1314
deg_analysis_31136303_19.out:    Running contrast 801/1314
deg_analysis_31136303_19.out:    Running contrast 806/1314
deg_analysis_31136303_19.out:    Running contrast 811/1314
deg_analysis_31136303_19.out:    Running contrast 816/1314
deg_analysis_31136303_19.out:    Running contrast 821/1314
deg_analysis_31136303_19.out:    Running contrast 826/1314
deg_analysis_31136303_19.out:    Running contrast 831/1314
deg_analysis_31136303_19.out:    Running contrast 836/1314
deg_analysis_31136303_19.out:    Running contrast 841/1314
deg_analysis_31136303_19.out:    Running contrast 846/1314
deg_analysis_31136303_19.out:    Running contrast 851/1314
deg_analysis_31136303_19.out:    Running contrast 856/1314
deg_analysis_31136303_19.out:    Running contrast 861/1314
deg_analysis_31136303_19.out:    Running contrast 866/1314
deg_analysis_31136303_19.out:    Running contrast 871/1314
deg_analysis_31136303_19.out:    Running contrast 876/1314
deg_analysis_31136303_19.out:    Running contrast 881/1314
deg_analysis_31136303_19.out:    Running contrast 886/1314
deg_analysis_31136303_19.out:    Running contrast 891/1314
deg_analysis_31136303_19.out:    Running contrast 896/1314
deg_analysis_31136303_19.out:    Running contrast 901/1314
deg_analysis_31136303_19.out:    Running contrast 906/1314
deg_analysis_31136303_19.out:    Running contrast 911/1314
deg_analysis_31136303_19.out:    Running contrast 916/1314
deg_analysis_31136303_19.out:    Running contrast 921/1314
deg_analysis_31136303_19.out:    Running contrast 926/1314
deg_analysis_31136303_19.out:    Running contrast 931/1314
deg_analysis_31136303_19.out:    Running contrast 936/1314
deg_analysis_31136303_19.out:    Running contrast 941/1314
deg_analysis_31136303_19.out:    Running contrast 946/1314
deg_analysis_31136303_19.out:    Running contrast 951/1314
deg_analysis_31136303_19.out:    Running contrast 956/1314
deg_analysis_31136303_19.out:    Running contrast 961/1314
deg_analysis_31136303_19.out:    Running contrast 966/1314
deg_analysis_31136303_19.out:    Running contrast 971/1314
deg_analysis_31136303_19.out:    Running contrast 976/1314
deg_analysis_31136303_19.out:    Running contrast 981/1314
deg_analysis_31136303_19.out:    Running contrast 986/1314
deg_analysis_31136303_19.out:    Running contrast 991/1314
deg_analysis_31136303_19.out:    Running contrast 996/1314
deg_analysis_31136303_19.out:    Running contrast 1001/1314
deg_analysis_31136303_19.out:    Running contrast 1006/1314
deg_analysis_31136303_19.out:    Running contrast 1011/1314
deg_analysis_31136303_19.out:    Running contrast 1016/1314
deg_analysis_31136303_19.out:    Running contrast 1021/1314
deg_analysis_31136303_19.out:    Running contrast 1026/1314
deg_analysis_31136303_19.out:    Running contrast 1031/1314
deg_analysis_31136303_19.out:    Running contrast 1036/1314
deg_analysis_31136303_19.out:    Running contrast 1041/1314
deg_analysis_31136303_19.out:    Running contrast 1046/1314
deg_analysis_31136303_19.out:    Running contrast 1051/1314
deg_analysis_31136303_19.out:    Running contrast 1056/1314
deg_analysis_31136303_19.out:    Running contrast 1061/1314
deg_analysis_31136303_19.out:    Running contrast 1066/1314
deg_analysis_31136303_19.out:    Running contrast 1071/1314
deg_analysis_31136303_19.out:    Running contrast 1076/1314
deg_analysis_31136303_19.out:    Running contrast 1081/1314
deg_analysis_31136303_19.out:    Running contrast 1086/1314
deg_analysis_31136303_19.out:    Running contrast 1091/1314
deg_analysis_31136303_19.out:    Running contrast 1096/1314
deg_analysis_31136303_19.out:    Running contrast 1101/1314
deg_analysis_31136303_19.out:    Running contrast 1106/1314
deg_analysis_31136303_19.out:    Running contrast 1111/1314
deg_analysis_31136303_19.out:    Running contrast 1116/1314
deg_analysis_31136303_19.out:    Running contrast 1121/1314
deg_analysis_31136303_19.out:    Running contrast 1126/1314
deg_analysis_31136303_19.out:    Running contrast 1131/1314
deg_analysis_31136303_19.out:    Running contrast 1136/1314
deg_analysis_31136303_19.out:    Running contrast 1141/1314
deg_analysis_31136303_19.out:    Running contrast 1146/1314
deg_analysis_31136303_19.out:    Running contrast 1151/1314
deg_analysis_31136303_19.out:    Running contrast 1156/1314
deg_analysis_31136303_19.out:    Running contrast 1161/1314
deg_analysis_31136303_19.out:    Running contrast 1166/1314
deg_analysis_31136303_19.out:    Running contrast 1171/1314
deg_analysis_31136303_19.out:    Running contrast 1176/1314
deg_analysis_31136303_19.out:    Running contrast 1181/1314
deg_analysis_31136303_19.out:    Running contrast 1186/1314
deg_analysis_31136303_19.out:    Running contrast 1191/1314
deg_analysis_31136303_19.out:    Running contrast 1196/1314
deg_analysis_31136303_19.out:    Running contrast 1201/1314
deg_analysis_31136303_19.out:    Running contrast 1206/1314
deg_analysis_31136303_19.out:    Running contrast 1211/1314
deg_analysis_31136303_19.out:    Running contrast 1216/1314
deg_analysis_31136303_19.out:    Running contrast 1221/1314
deg_analysis_31136303_19.out:    Running contrast 1226/1314
deg_analysis_31136303_19.out:    Running contrast 1231/1314
deg_analysis_31136303_19.out:    Running contrast 1236/1314
deg_analysis_31136303_19.out:    Running contrast 1241/1314
deg_analysis_31136303_19.out:    Running contrast 1246/1314
deg_analysis_31136303_19.out:    Running contrast 1251/1314
deg_analysis_31136303_19.out:    Running contrast 1256/1314
deg_analysis_31136303_19.out:    Running contrast 1261/1314
deg_analysis_31136303_19.out:    Running contrast 1266/1314
deg_analysis_31136303_19.out:    Running contrast 1271/1314
deg_analysis_31136303_19.out:    Running contrast 1276/1314
deg_analysis_31136303_19.out:    Running contrast 1281/1314
deg_analysis_31136303_19.out:    Running contrast 1286/1314
deg_analysis_31136303_19.out:    Running contrast 1291/1314
deg_analysis_31136303_19.out:    Running contrast 1296/1314
deg_analysis_31136303_19.out:    Running contrast 1301/1314
deg_analysis_31136303_19.out:    Running contrast 1306/1314
deg_analysis_31136303_19.out:    Running contrast 1311/1314
deg_analysis_31136303_19.out:    Running contrast 1314/1314
deg_analysis_31136303_19.out:
deg_analysis_31136303_19.out:    Writing:  ./data/tahoe/deg_data/sep_rep/full/qc_false/filter_min_cells_10/CVCL_0459_de.h5ad 
deg_analysis_31136303_19.out:
deg_analysis_31136303_19.out:    Rewriting h5ad file: ./data/tahoe/deg_data/sep_rep/full/qc_false/filter_min_cells_10/CVCL_0459_de.h5ad 
deg_analysis_31136303_19.out:    Removed X matrix
deg_analysis_31136303_19.out:    Rewriting h5ad file is done!
deg_analysis_31136303_19.out:✓ Cell line completed in 13286.2 seconds
deg_analysis_31136303_19.out:
deg_analysis_31136303_19.out:DE analysis completed!
deg_analysis_31136303_19.out:
deg_analysis_31136303_19.out:Total runtime: 13347.8 seconds
deg_analysis_31136303_20.out:
deg_analysis_31136303_20.out:DE analysis started...
deg_analysis_31136303_20.out:Loaded input file:  ./data/tahoe/pseudobulk_processed/sep_rep/by_celltype/CVCL_0480_processed.h5ad 
deg_analysis_31136303_20.out:Initial dimensions:  1338  samples ×  62710  genes
deg_analysis_31136303_20.out:Filter samples with the low number of cells
deg_analysis_31136303_20.out:    Filter threshold (min_cells):  10 
deg_analysis_31136303_20.out:    n_obs:  1338 -->  1334 
deg_analysis_31136303_20.out:
deg_analysis_31136303_20.out:▶︎ Processing cell_type  1 / 1 :  CVCL_0480 
deg_analysis_31136303_20.out:    Filter controls by  pert_time_h  column
deg_analysis_31136303_20.out:        n_obs:  1334 -->  1334 
deg_analysis_31136303_20.out:
deg_analysis_31136303_20.out:    Running contrast 1/1306
deg_analysis_31136303_20.out:    Running contrast 6/1306
deg_analysis_31136303_20.out:    Running contrast 11/1306
deg_analysis_31136303_20.out:    Running contrast 16/1306
deg_analysis_31136303_20.out:    Running contrast 21/1306
deg_analysis_31136303_20.out:    Running contrast 26/1306
deg_analysis_31136303_20.out:    Running contrast 31/1306
deg_analysis_31136303_20.out:    Running contrast 36/1306
deg_analysis_31136303_20.out:    Running contrast 41/1306
deg_analysis_31136303_20.out:    Running contrast 46/1306
deg_analysis_31136303_20.out:    Running contrast 51/1306
deg_analysis_31136303_20.out:    Running contrast 56/1306
deg_analysis_31136303_20.out:    Running contrast 61/1306
deg_analysis_31136303_20.out:    Running contrast 66/1306
deg_analysis_31136303_20.out:    Running contrast 71/1306
deg_analysis_31136303_20.out:    Running contrast 76/1306
deg_analysis_31136303_20.out:    Running contrast 81/1306
deg_analysis_31136303_20.out:    Running contrast 86/1306
deg_analysis_31136303_20.out:    Running contrast 91/1306
deg_analysis_31136303_20.out:    Running contrast 96/1306
deg_analysis_31136303_20.out:    Running contrast 101/1306
deg_analysis_31136303_20.out:    Running contrast 106/1306
deg_analysis_31136303_20.out:    Running contrast 111/1306
deg_analysis_31136303_20.out:    Running contrast 116/1306
deg_analysis_31136303_20.out:    Running contrast 121/1306
deg_analysis_31136303_20.out:    Running contrast 126/1306
deg_analysis_31136303_20.out:    Running contrast 131/1306
deg_analysis_31136303_20.out:    Running contrast 136/1306
deg_analysis_31136303_20.out:    Running contrast 141/1306
deg_analysis_31136303_20.out:    Running contrast 146/1306
deg_analysis_31136303_20.out:    Running contrast 151/1306
deg_analysis_31136303_20.out:    Running contrast 156/1306
deg_analysis_31136303_20.out:    Running contrast 161/1306
deg_analysis_31136303_20.out:    Running contrast 166/1306
deg_analysis_31136303_20.out:    Running contrast 171/1306
deg_analysis_31136303_20.out:    Running contrast 176/1306
deg_analysis_31136303_20.out:    Running contrast 181/1306
deg_analysis_31136303_20.out:    Running contrast 186/1306
deg_analysis_31136303_20.out:    Running contrast 191/1306
deg_analysis_31136303_20.out:    Running contrast 196/1306
deg_analysis_31136303_20.out:    Running contrast 201/1306
deg_analysis_31136303_20.out:    Running contrast 206/1306
deg_analysis_31136303_20.out:    Running contrast 211/1306
deg_analysis_31136303_20.out:    Running contrast 216/1306
deg_analysis_31136303_20.out:    Running contrast 221/1306
deg_analysis_31136303_20.out:    Running contrast 226/1306
deg_analysis_31136303_20.out:    Running contrast 231/1306
deg_analysis_31136303_20.out:    Running contrast 236/1306
deg_analysis_31136303_20.out:    Running contrast 241/1306
deg_analysis_31136303_20.out:    Running contrast 246/1306
deg_analysis_31136303_20.out:    Running contrast 251/1306
deg_analysis_31136303_20.out:    Running contrast 256/1306
deg_analysis_31136303_20.out:    Running contrast 261/1306
deg_analysis_31136303_20.out:    Running contrast 266/1306
deg_analysis_31136303_20.out:    Running contrast 271/1306
deg_analysis_31136303_20.out:    Running contrast 276/1306
deg_analysis_31136303_20.out:    Running contrast 281/1306
deg_analysis_31136303_20.out:    Running contrast 286/1306
deg_analysis_31136303_20.out:    Running contrast 291/1306
deg_analysis_31136303_20.out:    Running contrast 296/1306
deg_analysis_31136303_20.out:    Running contrast 301/1306
deg_analysis_31136303_20.out:    Running contrast 306/1306
deg_analysis_31136303_20.out:    Running contrast 311/1306
deg_analysis_31136303_20.out:    Running contrast 316/1306
deg_analysis_31136303_20.out:    Running contrast 321/1306
deg_analysis_31136303_20.out:    Running contrast 326/1306
deg_analysis_31136303_20.out:    Running contrast 331/1306
deg_analysis_31136303_20.out:    Running contrast 336/1306
deg_analysis_31136303_20.out:    Running contrast 341/1306
deg_analysis_31136303_20.out:    Running contrast 346/1306
deg_analysis_31136303_20.out:    Running contrast 351/1306
deg_analysis_31136303_20.out:    Running contrast 356/1306
deg_analysis_31136303_20.out:    Running contrast 361/1306
deg_analysis_31136303_20.out:    Running contrast 366/1306
deg_analysis_31136303_20.out:    Running contrast 371/1306
deg_analysis_31136303_20.out:    Running contrast 376/1306
deg_analysis_31136303_20.out:    Running contrast 381/1306
deg_analysis_31136303_20.out:    Running contrast 386/1306
deg_analysis_31136303_20.out:    Running contrast 391/1306
deg_analysis_31136303_20.out:    Running contrast 396/1306
deg_analysis_31136303_20.out:    Running contrast 401/1306
deg_analysis_31136303_20.out:    Running contrast 406/1306
deg_analysis_31136303_20.out:    Running contrast 411/1306
deg_analysis_31136303_20.out:    Running contrast 416/1306
deg_analysis_31136303_20.out:    Running contrast 421/1306
deg_analysis_31136303_20.out:    Running contrast 426/1306
deg_analysis_31136303_20.out:    Running contrast 431/1306
deg_analysis_31136303_20.out:    Running contrast 436/1306
deg_analysis_31136303_20.out:    Running contrast 441/1306
deg_analysis_31136303_20.out:    Running contrast 446/1306
deg_analysis_31136303_20.out:    Running contrast 451/1306
deg_analysis_31136303_20.out:    Running contrast 456/1306
deg_analysis_31136303_20.out:    Running contrast 461/1306
deg_analysis_31136303_20.out:    Running contrast 466/1306
deg_analysis_31136303_20.out:    Running contrast 471/1306
deg_analysis_31136303_20.out:    Running contrast 476/1306
deg_analysis_31136303_20.out:    Running contrast 481/1306
deg_analysis_31136303_20.out:    Running contrast 486/1306
deg_analysis_31136303_20.out:    Running contrast 491/1306
deg_analysis_31136303_20.out:    Running contrast 496/1306
deg_analysis_31136303_20.out:    Running contrast 501/1306
deg_analysis_31136303_20.out:    Running contrast 506/1306
deg_analysis_31136303_20.out:    Running contrast 511/1306
deg_analysis_31136303_20.out:    Running contrast 516/1306
deg_analysis_31136303_20.out:    Running contrast 521/1306
deg_analysis_31136303_20.out:    Running contrast 526/1306
deg_analysis_31136303_20.out:    Running contrast 531/1306
deg_analysis_31136303_20.out:    Running contrast 536/1306
deg_analysis_31136303_20.out:    Running contrast 541/1306
deg_analysis_31136303_20.out:    Running contrast 546/1306
deg_analysis_31136303_20.out:    Running contrast 551/1306
deg_analysis_31136303_20.out:    Running contrast 556/1306
deg_analysis_31136303_20.out:    Running contrast 561/1306
deg_analysis_31136303_20.out:    Running contrast 566/1306
deg_analysis_31136303_20.out:    Running contrast 571/1306
deg_analysis_31136303_20.out:    Running contrast 576/1306
deg_analysis_31136303_20.out:    Running contrast 581/1306
deg_analysis_31136303_20.out:    Running contrast 586/1306
deg_analysis_31136303_20.out:    Running contrast 591/1306
deg_analysis_31136303_20.out:    Running contrast 596/1306
deg_analysis_31136303_20.out:    Running contrast 601/1306
deg_analysis_31136303_20.out:    Running contrast 606/1306
deg_analysis_31136303_20.out:    Running contrast 611/1306
deg_analysis_31136303_20.out:    Running contrast 616/1306
deg_analysis_31136303_20.out:    Running contrast 621/1306
deg_analysis_31136303_20.out:    Running contrast 626/1306
deg_analysis_31136303_20.out:    Running contrast 631/1306
deg_analysis_31136303_20.out:    Running contrast 636/1306
deg_analysis_31136303_20.out:    Running contrast 641/1306
deg_analysis_31136303_20.out:    Running contrast 646/1306
deg_analysis_31136303_20.out:    Running contrast 651/1306
deg_analysis_31136303_20.out:    Running contrast 656/1306
deg_analysis_31136303_20.out:    Running contrast 661/1306
deg_analysis_31136303_20.out:    Running contrast 666/1306
deg_analysis_31136303_20.out:    Running contrast 671/1306
deg_analysis_31136303_20.out:    Running contrast 676/1306
deg_analysis_31136303_20.out:    Running contrast 681/1306
deg_analysis_31136303_20.out:    Running contrast 686/1306
deg_analysis_31136303_20.out:    Running contrast 691/1306
deg_analysis_31136303_20.out:    Running contrast 696/1306
deg_analysis_31136303_20.out:    Running contrast 701/1306
deg_analysis_31136303_20.out:    Running contrast 706/1306
deg_analysis_31136303_20.out:    Running contrast 711/1306
deg_analysis_31136303_20.out:    Running contrast 716/1306
deg_analysis_31136303_20.out:    Running contrast 721/1306
deg_analysis_31136303_20.out:    Running contrast 726/1306
deg_analysis_31136303_20.out:    Running contrast 731/1306
deg_analysis_31136303_20.out:    Running contrast 736/1306
deg_analysis_31136303_20.out:    Running contrast 741/1306
deg_analysis_31136303_20.out:    Running contrast 746/1306
deg_analysis_31136303_20.out:    Running contrast 751/1306
deg_analysis_31136303_20.out:    Running contrast 756/1306
deg_analysis_31136303_20.out:    Running contrast 761/1306
deg_analysis_31136303_20.out:    Running contrast 766/1306
deg_analysis_31136303_20.out:    Running contrast 771/1306
deg_analysis_31136303_20.out:    Running contrast 776/1306
deg_analysis_31136303_20.out:    Running contrast 781/1306
deg_analysis_31136303_20.out:    Running contrast 786/1306
deg_analysis_31136303_20.out:    Running contrast 791/1306
deg_analysis_31136303_20.out:    Running contrast 796/1306
deg_analysis_31136303_20.out:    Running contrast 801/1306
deg_analysis_31136303_20.out:    Running contrast 806/1306
deg_analysis_31136303_20.out:    Running contrast 811/1306
deg_analysis_31136303_20.out:    Running contrast 816/1306
deg_analysis_31136303_20.out:    Running contrast 821/1306
deg_analysis_31136303_20.out:    Running contrast 826/1306
deg_analysis_31136303_20.out:    Running contrast 831/1306
deg_analysis_31136303_20.out:    Running contrast 836/1306
deg_analysis_31136303_20.out:    Running contrast 841/1306
deg_analysis_31136303_20.out:    Running contrast 846/1306
deg_analysis_31136303_20.out:    Running contrast 851/1306
deg_analysis_31136303_20.out:    Running contrast 856/1306
deg_analysis_31136303_20.out:    Running contrast 861/1306
deg_analysis_31136303_20.out:    Running contrast 866/1306
deg_analysis_31136303_20.out:    Running contrast 871/1306
deg_analysis_31136303_20.out:    Running contrast 876/1306
deg_analysis_31136303_20.out:    Running contrast 881/1306
deg_analysis_31136303_20.out:    Running contrast 886/1306
deg_analysis_31136303_20.out:    Running contrast 891/1306
deg_analysis_31136303_20.out:    Running contrast 896/1306
deg_analysis_31136303_20.out:    Running contrast 901/1306
deg_analysis_31136303_20.out:    Running contrast 906/1306
deg_analysis_31136303_20.out:    Running contrast 911/1306
deg_analysis_31136303_20.out:    Running contrast 916/1306
deg_analysis_31136303_20.out:    Running contrast 921/1306
deg_analysis_31136303_20.out:    Running contrast 926/1306
deg_analysis_31136303_20.out:    Running contrast 931/1306
deg_analysis_31136303_20.out:    Running contrast 936/1306
deg_analysis_31136303_20.out:    Running contrast 941/1306
deg_analysis_31136303_20.out:    Running contrast 946/1306
deg_analysis_31136303_20.out:    Running contrast 951/1306
deg_analysis_31136303_20.out:    Running contrast 956/1306
deg_analysis_31136303_20.out:    Running contrast 961/1306
deg_analysis_31136303_20.out:    Running contrast 966/1306
deg_analysis_31136303_20.out:    Running contrast 971/1306
deg_analysis_31136303_20.out:    Running contrast 976/1306
deg_analysis_31136303_20.out:    Running contrast 981/1306
deg_analysis_31136303_20.out:    Running contrast 986/1306
deg_analysis_31136303_20.out:    Running contrast 991/1306
deg_analysis_31136303_20.out:    Running contrast 996/1306
deg_analysis_31136303_20.out:    Running contrast 1001/1306
deg_analysis_31136303_20.out:    Running contrast 1006/1306
deg_analysis_31136303_20.out:    Running contrast 1011/1306
deg_analysis_31136303_20.out:    Running contrast 1016/1306
deg_analysis_31136303_20.out:    Running contrast 1021/1306
deg_analysis_31136303_20.out:    Running contrast 1026/1306
deg_analysis_31136303_20.out:    Running contrast 1031/1306
deg_analysis_31136303_20.out:    Running contrast 1036/1306
deg_analysis_31136303_20.out:    Running contrast 1041/1306
deg_analysis_31136303_20.out:    Running contrast 1046/1306
deg_analysis_31136303_20.out:    Running contrast 1051/1306
deg_analysis_31136303_20.out:    Running contrast 1056/1306
deg_analysis_31136303_20.out:    Running contrast 1061/1306
deg_analysis_31136303_20.out:    Running contrast 1066/1306
deg_analysis_31136303_20.out:    Running contrast 1071/1306
deg_analysis_31136303_20.out:    Running contrast 1076/1306
deg_analysis_31136303_20.out:    Running contrast 1081/1306
deg_analysis_31136303_20.out:    Running contrast 1086/1306
deg_analysis_31136303_20.out:    Running contrast 1091/1306
deg_analysis_31136303_20.out:    Running contrast 1096/1306
deg_analysis_31136303_20.out:    Running contrast 1101/1306
deg_analysis_31136303_20.out:    Running contrast 1106/1306
deg_analysis_31136303_20.out:    Running contrast 1111/1306
deg_analysis_31136303_20.out:    Running contrast 1116/1306
deg_analysis_31136303_20.out:    Running contrast 1121/1306
deg_analysis_31136303_20.out:    Running contrast 1126/1306
deg_analysis_31136303_20.out:    Running contrast 1131/1306
deg_analysis_31136303_20.out:    Running contrast 1136/1306
deg_analysis_31136303_20.out:    Running contrast 1141/1306
deg_analysis_31136303_20.out:    Running contrast 1146/1306
deg_analysis_31136303_20.out:    Running contrast 1151/1306
deg_analysis_31136303_20.out:    Running contrast 1156/1306
deg_analysis_31136303_20.out:    Running contrast 1161/1306
deg_analysis_31136303_20.out:    Running contrast 1166/1306
deg_analysis_31136303_20.out:    Running contrast 1171/1306
deg_analysis_31136303_20.out:    Running contrast 1176/1306
deg_analysis_31136303_20.out:    Running contrast 1181/1306
deg_analysis_31136303_20.out:    Running contrast 1186/1306
deg_analysis_31136303_20.out:    Running contrast 1191/1306
deg_analysis_31136303_20.out:    Running contrast 1196/1306
deg_analysis_31136303_20.out:    Running contrast 1201/1306
deg_analysis_31136303_20.out:    Running contrast 1206/1306
deg_analysis_31136303_20.out:    Running contrast 1211/1306
deg_analysis_31136303_20.out:    Running contrast 1216/1306
deg_analysis_31136303_20.out:    Running contrast 1221/1306
deg_analysis_31136303_20.out:    Running contrast 1226/1306
deg_analysis_31136303_20.out:    Running contrast 1231/1306
deg_analysis_31136303_20.out:    Running contrast 1236/1306
deg_analysis_31136303_20.out:    Running contrast 1241/1306
deg_analysis_31136303_20.out:    Running contrast 1246/1306
deg_analysis_31136303_20.out:    Running contrast 1251/1306
deg_analysis_31136303_20.out:    Running contrast 1256/1306
deg_analysis_31136303_20.out:    Running contrast 1261/1306
deg_analysis_31136303_20.out:    Running contrast 1266/1306
deg_analysis_31136303_20.out:    Running contrast 1271/1306
deg_analysis_31136303_20.out:    Running contrast 1276/1306
deg_analysis_31136303_20.out:    Running contrast 1281/1306
deg_analysis_31136303_20.out:    Running contrast 1286/1306
deg_analysis_31136303_20.out:    Running contrast 1291/1306
deg_analysis_31136303_20.out:    Running contrast 1296/1306
deg_analysis_31136303_20.out:    Running contrast 1301/1306
deg_analysis_31136303_20.out:    Running contrast 1306/1306
deg_analysis_31136303_20.out:
deg_analysis_31136303_20.out:    Writing:  ./data/tahoe/deg_data/sep_rep/full/qc_false/filter_min_cells_10/CVCL_0480_de.h5ad 
deg_analysis_31136303_20.out:
deg_analysis_31136303_20.out:    Rewriting h5ad file: ./data/tahoe/deg_data/sep_rep/full/qc_false/filter_min_cells_10/CVCL_0480_de.h5ad 
deg_analysis_31136303_20.out:    Removed X matrix
deg_analysis_31136303_20.out:    Rewriting h5ad file is done!
deg_analysis_31136303_20.out:✓ Cell line completed in 10556.1 seconds
deg_analysis_31136303_20.out:
deg_analysis_31136303_20.out:DE analysis completed!
deg_analysis_31136303_20.out:
deg_analysis_31136303_20.out:Total runtime: 10614.5 seconds
deg_analysis_31136303_21.out:
deg_analysis_31136303_21.out:DE analysis started...
deg_analysis_31136303_21.out:Loaded input file:  ./data/tahoe/pseudobulk_processed/sep_rep/by_celltype/CVCL_0504_processed.h5ad 
deg_analysis_31136303_21.out:Initial dimensions:  1344  samples ×  62710  genes
deg_analysis_31136303_21.out:Filter samples with the low number of cells
deg_analysis_31136303_21.out:    Filter threshold (min_cells):  10 
deg_analysis_31136303_21.out:    n_obs:  1344 -->  1334 
deg_analysis_31136303_21.out:
deg_analysis_31136303_21.out:▶︎ Processing cell_type  1 / 1 :  CVCL_0504 
deg_analysis_31136303_21.out:    Filter controls by  pert_time_h  column
deg_analysis_31136303_21.out:        n_obs:  1334 -->  1334 
deg_analysis_31136303_21.out:
deg_analysis_31136303_21.out:    Running contrast 1/1306
deg_analysis_31136303_21.out:    Running contrast 6/1306
deg_analysis_31136303_21.out:    Running contrast 11/1306
deg_analysis_31136303_21.out:    Running contrast 16/1306
deg_analysis_31136303_21.out:    Running contrast 21/1306
deg_analysis_31136303_21.out:    Running contrast 26/1306
deg_analysis_31136303_21.out:    Running contrast 31/1306
deg_analysis_31136303_21.out:    Running contrast 36/1306
deg_analysis_31136303_21.out:    Running contrast 41/1306
deg_analysis_31136303_21.out:    Running contrast 46/1306
deg_analysis_31136303_21.out:    Running contrast 51/1306
deg_analysis_31136303_21.out:    Running contrast 56/1306
deg_analysis_31136303_21.out:    Running contrast 61/1306
deg_analysis_31136303_21.out:    Running contrast 66/1306
deg_analysis_31136303_21.out:    Running contrast 71/1306
deg_analysis_31136303_21.out:    Running contrast 76/1306
deg_analysis_31136303_21.out:    Running contrast 81/1306
deg_analysis_31136303_21.out:    Running contrast 86/1306
deg_analysis_31136303_21.out:    Running contrast 91/1306
deg_analysis_31136303_21.out:    Running contrast 96/1306
deg_analysis_31136303_21.out:    Running contrast 101/1306
deg_analysis_31136303_21.out:    Running contrast 106/1306
deg_analysis_31136303_21.out:    Running contrast 111/1306
deg_analysis_31136303_21.out:    Running contrast 116/1306
deg_analysis_31136303_21.out:    Running contrast 121/1306
deg_analysis_31136303_21.out:    Running contrast 126/1306
deg_analysis_31136303_21.out:    Running contrast 131/1306
deg_analysis_31136303_21.out:    Running contrast 136/1306
deg_analysis_31136303_21.out:    Running contrast 141/1306
deg_analysis_31136303_21.out:    Running contrast 146/1306
deg_analysis_31136303_21.out:    Running contrast 151/1306
deg_analysis_31136303_21.out:    Running contrast 156/1306
deg_analysis_31136303_21.out:    Running contrast 161/1306
deg_analysis_31136303_21.out:    Running contrast 166/1306
deg_analysis_31136303_21.out:    Running contrast 171/1306
deg_analysis_31136303_21.out:    Running contrast 176/1306
deg_analysis_31136303_21.out:    Running contrast 181/1306
deg_analysis_31136303_21.out:    Running contrast 186/1306
deg_analysis_31136303_21.out:    Running contrast 191/1306
deg_analysis_31136303_21.out:    Running contrast 196/1306
deg_analysis_31136303_21.out:    Running contrast 201/1306
deg_analysis_31136303_21.out:    Running contrast 206/1306
deg_analysis_31136303_21.out:    Running contrast 211/1306
deg_analysis_31136303_21.out:    Running contrast 216/1306
deg_analysis_31136303_21.out:    Running contrast 221/1306
deg_analysis_31136303_21.out:    Running contrast 226/1306
deg_analysis_31136303_21.out:    Running contrast 231/1306
deg_analysis_31136303_21.out:    Running contrast 236/1306
deg_analysis_31136303_21.out:    Running contrast 241/1306
deg_analysis_31136303_21.out:    Running contrast 246/1306
deg_analysis_31136303_21.out:    Running contrast 251/1306
deg_analysis_31136303_21.out:    Running contrast 256/1306
deg_analysis_31136303_21.out:    Running contrast 261/1306
deg_analysis_31136303_21.out:    Running contrast 266/1306
deg_analysis_31136303_21.out:    Running contrast 271/1306
deg_analysis_31136303_21.out:    Running contrast 276/1306
deg_analysis_31136303_21.out:    Running contrast 281/1306
deg_analysis_31136303_21.out:    Running contrast 286/1306
deg_analysis_31136303_21.out:    Running contrast 291/1306
deg_analysis_31136303_21.out:    Running contrast 296/1306
deg_analysis_31136303_21.out:    Running contrast 301/1306
deg_analysis_31136303_21.out:    Running contrast 306/1306
deg_analysis_31136303_21.out:    Running contrast 311/1306
deg_analysis_31136303_21.out:    Running contrast 316/1306
deg_analysis_31136303_21.out:    Running contrast 321/1306
deg_analysis_31136303_21.out:    Running contrast 326/1306
deg_analysis_31136303_21.out:    Running contrast 331/1306
deg_analysis_31136303_21.out:    Running contrast 336/1306
deg_analysis_31136303_21.out:    Running contrast 341/1306
deg_analysis_31136303_21.out:    Running contrast 346/1306
deg_analysis_31136303_21.out:    Running contrast 351/1306
deg_analysis_31136303_21.out:    Running contrast 356/1306
deg_analysis_31136303_21.out:    Running contrast 361/1306
deg_analysis_31136303_21.out:    Running contrast 366/1306
deg_analysis_31136303_21.out:    Running contrast 371/1306
deg_analysis_31136303_21.out:    Running contrast 376/1306
deg_analysis_31136303_21.out:    Running contrast 381/1306
deg_analysis_31136303_21.out:    Running contrast 386/1306
deg_analysis_31136303_21.out:    Running contrast 391/1306
deg_analysis_31136303_21.out:    Running contrast 396/1306
deg_analysis_31136303_21.out:    Running contrast 401/1306
deg_analysis_31136303_21.out:    Running contrast 406/1306
deg_analysis_31136303_21.out:    Running contrast 411/1306
deg_analysis_31136303_21.out:    Running contrast 416/1306
deg_analysis_31136303_21.out:    Running contrast 421/1306
deg_analysis_31136303_21.out:    Running contrast 426/1306
deg_analysis_31136303_21.out:    Running contrast 431/1306
deg_analysis_31136303_21.out:    Running contrast 436/1306
deg_analysis_31136303_21.out:    Running contrast 441/1306
deg_analysis_31136303_21.out:    Running contrast 446/1306
deg_analysis_31136303_21.out:    Running contrast 451/1306
deg_analysis_31136303_21.out:    Running contrast 456/1306
deg_analysis_31136303_21.out:    Running contrast 461/1306
deg_analysis_31136303_21.out:    Running contrast 466/1306
deg_analysis_31136303_21.out:    Running contrast 471/1306
deg_analysis_31136303_21.out:    Running contrast 476/1306
deg_analysis_31136303_21.out:    Running contrast 481/1306
deg_analysis_31136303_21.out:    Running contrast 486/1306
deg_analysis_31136303_21.out:    Running contrast 491/1306
deg_analysis_31136303_21.out:    Running contrast 496/1306
deg_analysis_31136303_21.out:    Running contrast 501/1306
deg_analysis_31136303_21.out:    Running contrast 506/1306
deg_analysis_31136303_21.out:    Running contrast 511/1306
deg_analysis_31136303_21.out:    Running contrast 516/1306
deg_analysis_31136303_21.out:    Running contrast 521/1306
deg_analysis_31136303_21.out:    Running contrast 526/1306
deg_analysis_31136303_21.out:    Running contrast 531/1306
deg_analysis_31136303_21.out:    Running contrast 536/1306
deg_analysis_31136303_21.out:    Running contrast 541/1306
deg_analysis_31136303_21.out:    Running contrast 546/1306
deg_analysis_31136303_21.out:    Running contrast 551/1306
deg_analysis_31136303_21.out:    Running contrast 556/1306
deg_analysis_31136303_21.out:    Running contrast 561/1306
deg_analysis_31136303_21.out:    Running contrast 566/1306
deg_analysis_31136303_21.out:    Running contrast 571/1306
deg_analysis_31136303_21.out:    Running contrast 576/1306
deg_analysis_31136303_21.out:    Running contrast 581/1306
deg_analysis_31136303_21.out:    Running contrast 586/1306
deg_analysis_31136303_21.out:    Running contrast 591/1306
deg_analysis_31136303_21.out:    Running contrast 596/1306
deg_analysis_31136303_21.out:    Running contrast 601/1306
deg_analysis_31136303_21.out:    Running contrast 606/1306
deg_analysis_31136303_21.out:    Running contrast 611/1306
deg_analysis_31136303_21.out:    Running contrast 616/1306
deg_analysis_31136303_21.out:    Running contrast 621/1306
deg_analysis_31136303_21.out:    Running contrast 626/1306
deg_analysis_31136303_21.out:    Running contrast 631/1306
deg_analysis_31136303_21.out:    Running contrast 636/1306
deg_analysis_31136303_21.out:    Running contrast 641/1306
deg_analysis_31136303_21.out:    Running contrast 646/1306
deg_analysis_31136303_21.out:    Running contrast 651/1306
deg_analysis_31136303_21.out:    Running contrast 656/1306
deg_analysis_31136303_21.out:    Running contrast 661/1306
deg_analysis_31136303_21.out:    Running contrast 666/1306
deg_analysis_31136303_21.out:    Running contrast 671/1306
deg_analysis_31136303_21.out:    Running contrast 676/1306
deg_analysis_31136303_21.out:    Running contrast 681/1306
deg_analysis_31136303_21.out:    Running contrast 686/1306
deg_analysis_31136303_21.out:    Running contrast 691/1306
deg_analysis_31136303_21.out:    Running contrast 696/1306
deg_analysis_31136303_21.out:    Running contrast 701/1306
deg_analysis_31136303_21.out:    Running contrast 706/1306
deg_analysis_31136303_21.out:    Running contrast 711/1306
deg_analysis_31136303_21.out:    Running contrast 716/1306
deg_analysis_31136303_21.out:    Running contrast 721/1306
deg_analysis_31136303_21.out:    Running contrast 726/1306
deg_analysis_31136303_21.out:    Running contrast 731/1306
deg_analysis_31136303_21.out:    Running contrast 736/1306
deg_analysis_31136303_21.out:    Running contrast 741/1306
deg_analysis_31136303_21.out:    Running contrast 746/1306
deg_analysis_31136303_21.out:    Running contrast 751/1306
deg_analysis_31136303_21.out:    Running contrast 756/1306
deg_analysis_31136303_21.out:    Running contrast 761/1306
deg_analysis_31136303_21.out:    Running contrast 766/1306
deg_analysis_31136303_21.out:    Running contrast 771/1306
deg_analysis_31136303_21.out:    Running contrast 776/1306
deg_analysis_31136303_21.out:    Running contrast 781/1306
deg_analysis_31136303_21.out:    Running contrast 786/1306
deg_analysis_31136303_21.out:    Running contrast 791/1306
deg_analysis_31136303_21.out:    Running contrast 796/1306
deg_analysis_31136303_21.out:    Running contrast 801/1306
deg_analysis_31136303_21.out:    Running contrast 806/1306
deg_analysis_31136303_21.out:    Running contrast 811/1306
deg_analysis_31136303_21.out:    Running contrast 816/1306
deg_analysis_31136303_21.out:    Running contrast 821/1306
deg_analysis_31136303_21.out:    Running contrast 826/1306
deg_analysis_31136303_21.out:    Running contrast 831/1306
deg_analysis_31136303_21.out:    Running contrast 836/1306
deg_analysis_31136303_21.out:    Running contrast 841/1306
deg_analysis_31136303_21.out:    Running contrast 846/1306
deg_analysis_31136303_21.out:    Running contrast 851/1306
deg_analysis_31136303_21.out:    Running contrast 856/1306
deg_analysis_31136303_21.out:    Running contrast 861/1306
deg_analysis_31136303_21.out:    Running contrast 866/1306
deg_analysis_31136303_21.out:    Running contrast 871/1306
deg_analysis_31136303_21.out:    Running contrast 876/1306
deg_analysis_31136303_21.out:    Running contrast 881/1306
deg_analysis_31136303_21.out:    Running contrast 886/1306
deg_analysis_31136303_21.out:    Running contrast 891/1306
deg_analysis_31136303_21.out:    Running contrast 896/1306
deg_analysis_31136303_21.out:    Running contrast 901/1306
deg_analysis_31136303_21.out:    Running contrast 906/1306
deg_analysis_31136303_21.out:    Running contrast 911/1306
deg_analysis_31136303_21.out:    Running contrast 916/1306
deg_analysis_31136303_21.out:    Running contrast 921/1306
deg_analysis_31136303_21.out:    Running contrast 926/1306
deg_analysis_31136303_21.out:    Running contrast 931/1306
deg_analysis_31136303_21.out:    Running contrast 936/1306
deg_analysis_31136303_21.out:    Running contrast 941/1306
deg_analysis_31136303_21.out:    Running contrast 946/1306
deg_analysis_31136303_21.out:    Running contrast 951/1306
deg_analysis_31136303_21.out:    Running contrast 956/1306
deg_analysis_31136303_21.out:    Running contrast 961/1306
deg_analysis_31136303_21.out:    Running contrast 966/1306
deg_analysis_31136303_21.out:    Running contrast 971/1306
deg_analysis_31136303_21.out:    Running contrast 976/1306
deg_analysis_31136303_21.out:    Running contrast 981/1306
deg_analysis_31136303_21.out:    Running contrast 986/1306
deg_analysis_31136303_21.out:    Running contrast 991/1306
deg_analysis_31136303_21.out:    Running contrast 996/1306
deg_analysis_31136303_21.out:    Running contrast 1001/1306
deg_analysis_31136303_21.out:    Running contrast 1006/1306
deg_analysis_31136303_21.out:    Running contrast 1011/1306
deg_analysis_31136303_21.out:    Running contrast 1016/1306
deg_analysis_31136303_21.out:    Running contrast 1021/1306
deg_analysis_31136303_21.out:    Running contrast 1026/1306
deg_analysis_31136303_21.out:    Running contrast 1031/1306
deg_analysis_31136303_21.out:    Running contrast 1036/1306
deg_analysis_31136303_21.out:    Running contrast 1041/1306
deg_analysis_31136303_21.out:    Running contrast 1046/1306
deg_analysis_31136303_21.out:    Running contrast 1051/1306
deg_analysis_31136303_21.out:    Running contrast 1056/1306
deg_analysis_31136303_21.out:    Running contrast 1061/1306
deg_analysis_31136303_21.out:    Running contrast 1066/1306
deg_analysis_31136303_21.out:    Running contrast 1071/1306
deg_analysis_31136303_21.out:    Running contrast 1076/1306
deg_analysis_31136303_21.out:    Running contrast 1081/1306
deg_analysis_31136303_21.out:    Running contrast 1086/1306
deg_analysis_31136303_21.out:    Running contrast 1091/1306
deg_analysis_31136303_21.out:    Running contrast 1096/1306
deg_analysis_31136303_21.out:    Running contrast 1101/1306
deg_analysis_31136303_21.out:    Running contrast 1106/1306
deg_analysis_31136303_21.out:    Running contrast 1111/1306
deg_analysis_31136303_21.out:    Running contrast 1116/1306
deg_analysis_31136303_21.out:    Running contrast 1121/1306
deg_analysis_31136303_21.out:    Running contrast 1126/1306
deg_analysis_31136303_21.out:    Running contrast 1131/1306
deg_analysis_31136303_21.out:    Running contrast 1136/1306
deg_analysis_31136303_21.out:    Running contrast 1141/1306
deg_analysis_31136303_21.out:    Running contrast 1146/1306
deg_analysis_31136303_21.out:    Running contrast 1151/1306
deg_analysis_31136303_21.out:    Running contrast 1156/1306
deg_analysis_31136303_21.out:    Running contrast 1161/1306
deg_analysis_31136303_21.out:    Running contrast 1166/1306
deg_analysis_31136303_21.out:    Running contrast 1171/1306
deg_analysis_31136303_21.out:    Running contrast 1176/1306
deg_analysis_31136303_21.out:    Running contrast 1181/1306
deg_analysis_31136303_21.out:    Running contrast 1186/1306
deg_analysis_31136303_21.out:    Running contrast 1191/1306
deg_analysis_31136303_21.out:    Running contrast 1196/1306
deg_analysis_31136303_21.out:    Running contrast 1201/1306
deg_analysis_31136303_21.out:    Running contrast 1206/1306
deg_analysis_31136303_21.out:    Running contrast 1211/1306
deg_analysis_31136303_21.out:    Running contrast 1216/1306
deg_analysis_31136303_21.out:    Running contrast 1221/1306
deg_analysis_31136303_21.out:    Running contrast 1226/1306
deg_analysis_31136303_21.out:    Running contrast 1231/1306
deg_analysis_31136303_21.out:    Running contrast 1236/1306
deg_analysis_31136303_21.out:    Running contrast 1241/1306
deg_analysis_31136303_21.out:    Running contrast 1246/1306
deg_analysis_31136303_21.out:    Running contrast 1251/1306
deg_analysis_31136303_21.out:    Running contrast 1256/1306
deg_analysis_31136303_21.out:    Running contrast 1261/1306
deg_analysis_31136303_21.out:    Running contrast 1266/1306
deg_analysis_31136303_21.out:    Running contrast 1271/1306
deg_analysis_31136303_21.out:    Running contrast 1276/1306
deg_analysis_31136303_21.out:    Running contrast 1281/1306
deg_analysis_31136303_21.out:    Running contrast 1286/1306
deg_analysis_31136303_21.out:    Running contrast 1291/1306
deg_analysis_31136303_21.out:    Running contrast 1296/1306
deg_analysis_31136303_21.out:    Running contrast 1301/1306
deg_analysis_31136303_21.out:    Running contrast 1306/1306
deg_analysis_31136303_21.out:
deg_analysis_31136303_21.out:    Writing:  ./data/tahoe/deg_data/sep_rep/full/qc_false/filter_min_cells_10/CVCL_0504_de.h5ad 
deg_analysis_31136303_21.out:
deg_analysis_31136303_21.out:    Rewriting h5ad file: ./data/tahoe/deg_data/sep_rep/full/qc_false/filter_min_cells_10/CVCL_0504_de.h5ad 
deg_analysis_31136303_21.out:    Removed X matrix
deg_analysis_31136303_21.out:    Rewriting h5ad file is done!
deg_analysis_31136303_21.out:✓ Cell line completed in 11034.7 seconds
deg_analysis_31136303_21.out:
deg_analysis_31136303_21.out:DE analysis completed!
deg_analysis_31136303_21.out:
deg_analysis_31136303_21.out:Total runtime: 11064.8 seconds
deg_analysis_31136303_22.out:
deg_analysis_31136303_22.out:DE analysis started...
deg_analysis_31136303_22.out:Loaded input file:  ./data/tahoe/pseudobulk_processed/sep_rep/by_celltype/CVCL_0546_processed.h5ad 
deg_analysis_31136303_22.out:Initial dimensions:  1343  samples ×  62710  genes
deg_analysis_31136303_22.out:Filter samples with the low number of cells
deg_analysis_31136303_22.out:    Filter threshold (min_cells):  10 
deg_analysis_31136303_22.out:    n_obs:  1343 -->  1337 
deg_analysis_31136303_22.out:
deg_analysis_31136303_22.out:▶︎ Processing cell_type  1 / 1 :  CVCL_0546 
deg_analysis_31136303_22.out:    Filter controls by  pert_time_h  column
deg_analysis_31136303_22.out:        n_obs:  1337 -->  1337 
deg_analysis_31136303_22.out:
deg_analysis_31136303_22.out:    Running contrast 1/1309
deg_analysis_31136303_22.out:    Running contrast 6/1309
deg_analysis_31136303_22.out:    Running contrast 11/1309
deg_analysis_31136303_22.out:    Running contrast 16/1309
deg_analysis_31136303_22.out:    Running contrast 21/1309
deg_analysis_31136303_22.out:    Running contrast 26/1309
deg_analysis_31136303_22.out:    Running contrast 31/1309
deg_analysis_31136303_22.out:    Running contrast 36/1309
deg_analysis_31136303_22.out:    Running contrast 41/1309
deg_analysis_31136303_22.out:    Running contrast 46/1309
deg_analysis_31136303_22.out:    Running contrast 51/1309
deg_analysis_31136303_22.out:    Running contrast 56/1309
deg_analysis_31136303_22.out:    Running contrast 61/1309
deg_analysis_31136303_22.out:    Running contrast 66/1309
deg_analysis_31136303_22.out:    Running contrast 71/1309
deg_analysis_31136303_22.out:    Running contrast 76/1309
deg_analysis_31136303_22.out:    Running contrast 81/1309
deg_analysis_31136303_22.out:    Running contrast 86/1309
deg_analysis_31136303_22.out:    Running contrast 91/1309
deg_analysis_31136303_22.out:    Running contrast 96/1309
deg_analysis_31136303_22.out:    Running contrast 101/1309
deg_analysis_31136303_22.out:    Running contrast 106/1309
deg_analysis_31136303_22.out:    Running contrast 111/1309
deg_analysis_31136303_22.out:    Running contrast 116/1309
deg_analysis_31136303_22.out:    Running contrast 121/1309
deg_analysis_31136303_22.out:    Running contrast 126/1309
deg_analysis_31136303_22.out:    Running contrast 131/1309
deg_analysis_31136303_22.out:    Running contrast 136/1309
deg_analysis_31136303_22.out:    Running contrast 141/1309
deg_analysis_31136303_22.out:    Running contrast 146/1309
deg_analysis_31136303_22.out:    Running contrast 151/1309
deg_analysis_31136303_22.out:    Running contrast 156/1309
deg_analysis_31136303_22.out:    Running contrast 161/1309
deg_analysis_31136303_22.out:    Running contrast 166/1309
deg_analysis_31136303_22.out:    Running contrast 171/1309
deg_analysis_31136303_22.out:    Running contrast 176/1309
deg_analysis_31136303_22.out:    Running contrast 181/1309
deg_analysis_31136303_22.out:    Running contrast 186/1309
deg_analysis_31136303_22.out:    Running contrast 191/1309
deg_analysis_31136303_22.out:    Running contrast 196/1309
deg_analysis_31136303_22.out:    Running contrast 201/1309
deg_analysis_31136303_22.out:    Running contrast 206/1309
deg_analysis_31136303_22.out:    Running contrast 211/1309
deg_analysis_31136303_22.out:    Running contrast 216/1309
deg_analysis_31136303_22.out:    Running contrast 221/1309
deg_analysis_31136303_22.out:    Running contrast 226/1309
deg_analysis_31136303_22.out:    Running contrast 231/1309
deg_analysis_31136303_22.out:    Running contrast 236/1309
deg_analysis_31136303_22.out:    Running contrast 241/1309
deg_analysis_31136303_22.out:    Running contrast 246/1309
deg_analysis_31136303_22.out:    Running contrast 251/1309
deg_analysis_31136303_22.out:    Running contrast 256/1309
deg_analysis_31136303_22.out:    Running contrast 261/1309
deg_analysis_31136303_22.out:    Running contrast 266/1309
deg_analysis_31136303_22.out:    Running contrast 271/1309
deg_analysis_31136303_22.out:    Running contrast 276/1309
deg_analysis_31136303_22.out:    Running contrast 281/1309
deg_analysis_31136303_22.out:    Running contrast 286/1309
deg_analysis_31136303_22.out:    Running contrast 291/1309
deg_analysis_31136303_22.out:    Running contrast 296/1309
deg_analysis_31136303_22.out:    Running contrast 301/1309
deg_analysis_31136303_22.out:    Running contrast 306/1309
deg_analysis_31136303_22.out:    Running contrast 311/1309
deg_analysis_31136303_22.out:    Running contrast 316/1309
deg_analysis_31136303_22.out:    Running contrast 321/1309
deg_analysis_31136303_22.out:    Running contrast 326/1309
deg_analysis_31136303_22.out:    Running contrast 331/1309
deg_analysis_31136303_22.out:    Running contrast 336/1309
deg_analysis_31136303_22.out:    Running contrast 341/1309
deg_analysis_31136303_22.out:    Running contrast 346/1309
deg_analysis_31136303_22.out:    Running contrast 351/1309
deg_analysis_31136303_22.out:    Running contrast 356/1309
deg_analysis_31136303_22.out:    Running contrast 361/1309
deg_analysis_31136303_22.out:    Running contrast 366/1309
deg_analysis_31136303_22.out:    Running contrast 371/1309
deg_analysis_31136303_22.out:    Running contrast 376/1309
deg_analysis_31136303_22.out:    Running contrast 381/1309
deg_analysis_31136303_22.out:    Running contrast 386/1309
deg_analysis_31136303_22.out:    Running contrast 391/1309
deg_analysis_31136303_22.out:    Running contrast 396/1309
deg_analysis_31136303_22.out:    Running contrast 401/1309
deg_analysis_31136303_22.out:    Running contrast 406/1309
deg_analysis_31136303_22.out:    Running contrast 411/1309
deg_analysis_31136303_22.out:    Running contrast 416/1309
deg_analysis_31136303_22.out:    Running contrast 421/1309
deg_analysis_31136303_22.out:    Running contrast 426/1309
deg_analysis_31136303_22.out:    Running contrast 431/1309
deg_analysis_31136303_22.out:    Running contrast 436/1309
deg_analysis_31136303_22.out:    Running contrast 441/1309
deg_analysis_31136303_22.out:    Running contrast 446/1309
deg_analysis_31136303_22.out:    Running contrast 451/1309
deg_analysis_31136303_22.out:    Running contrast 456/1309
deg_analysis_31136303_22.out:    Running contrast 461/1309
deg_analysis_31136303_22.out:    Running contrast 466/1309
deg_analysis_31136303_22.out:    Running contrast 471/1309
deg_analysis_31136303_22.out:    Running contrast 476/1309
deg_analysis_31136303_22.out:    Running contrast 481/1309
deg_analysis_31136303_22.out:    Running contrast 486/1309
deg_analysis_31136303_22.out:    Running contrast 491/1309
deg_analysis_31136303_22.out:    Running contrast 496/1309
deg_analysis_31136303_22.out:    Running contrast 501/1309
deg_analysis_31136303_22.out:    Running contrast 506/1309
deg_analysis_31136303_22.out:    Running contrast 511/1309
deg_analysis_31136303_22.out:    Running contrast 516/1309
deg_analysis_31136303_22.out:    Running contrast 521/1309
deg_analysis_31136303_22.out:    Running contrast 526/1309
deg_analysis_31136303_22.out:    Running contrast 531/1309
deg_analysis_31136303_22.out:    Running contrast 536/1309
deg_analysis_31136303_22.out:    Running contrast 541/1309
deg_analysis_31136303_22.out:    Running contrast 546/1309
deg_analysis_31136303_22.out:    Running contrast 551/1309
deg_analysis_31136303_22.out:    Running contrast 556/1309
deg_analysis_31136303_22.out:    Running contrast 561/1309
deg_analysis_31136303_22.out:    Running contrast 566/1309
deg_analysis_31136303_22.out:    Running contrast 571/1309
deg_analysis_31136303_22.out:    Running contrast 576/1309
deg_analysis_31136303_22.out:    Running contrast 581/1309
deg_analysis_31136303_22.out:    Running contrast 586/1309
deg_analysis_31136303_22.out:    Running contrast 591/1309
deg_analysis_31136303_22.out:    Running contrast 596/1309
deg_analysis_31136303_22.out:    Running contrast 601/1309
deg_analysis_31136303_22.out:    Running contrast 606/1309
deg_analysis_31136303_22.out:    Running contrast 611/1309
deg_analysis_31136303_22.out:    Running contrast 616/1309
deg_analysis_31136303_22.out:    Running contrast 621/1309
deg_analysis_31136303_22.out:    Running contrast 626/1309
deg_analysis_31136303_22.out:    Running contrast 631/1309
deg_analysis_31136303_22.out:    Running contrast 636/1309
deg_analysis_31136303_22.out:    Running contrast 641/1309
deg_analysis_31136303_22.out:    Running contrast 646/1309
deg_analysis_31136303_22.out:    Running contrast 651/1309
deg_analysis_31136303_22.out:    Running contrast 656/1309
deg_analysis_31136303_22.out:    Running contrast 661/1309
deg_analysis_31136303_22.out:    Running contrast 666/1309
deg_analysis_31136303_22.out:    Running contrast 671/1309
deg_analysis_31136303_22.out:    Running contrast 676/1309
deg_analysis_31136303_22.out:    Running contrast 681/1309
deg_analysis_31136303_22.out:    Running contrast 686/1309
deg_analysis_31136303_22.out:    Running contrast 691/1309
deg_analysis_31136303_22.out:    Running contrast 696/1309
deg_analysis_31136303_22.out:    Running contrast 701/1309
deg_analysis_31136303_22.out:    Running contrast 706/1309
deg_analysis_31136303_22.out:    Running contrast 711/1309
deg_analysis_31136303_22.out:    Running contrast 716/1309
deg_analysis_31136303_22.out:    Running contrast 721/1309
deg_analysis_31136303_22.out:    Running contrast 726/1309
deg_analysis_31136303_22.out:    Running contrast 731/1309
deg_analysis_31136303_22.out:    Running contrast 736/1309
deg_analysis_31136303_22.out:    Running contrast 741/1309
deg_analysis_31136303_22.out:    Running contrast 746/1309
deg_analysis_31136303_22.out:    Running contrast 751/1309
deg_analysis_31136303_22.out:    Running contrast 756/1309
deg_analysis_31136303_22.out:    Running contrast 761/1309
deg_analysis_31136303_22.out:    Running contrast 766/1309
deg_analysis_31136303_22.out:    Running contrast 771/1309
deg_analysis_31136303_22.out:    Running contrast 776/1309
deg_analysis_31136303_22.out:    Running contrast 781/1309
deg_analysis_31136303_22.out:    Running contrast 786/1309
deg_analysis_31136303_22.out:    Running contrast 791/1309
deg_analysis_31136303_22.out:    Running contrast 796/1309
deg_analysis_31136303_22.out:    Running contrast 801/1309
deg_analysis_31136303_22.out:    Running contrast 806/1309
deg_analysis_31136303_22.out:    Running contrast 811/1309
deg_analysis_31136303_22.out:    Running contrast 816/1309
deg_analysis_31136303_22.out:    Running contrast 821/1309
deg_analysis_31136303_22.out:    Running contrast 826/1309
deg_analysis_31136303_22.out:    Running contrast 831/1309
deg_analysis_31136303_22.out:    Running contrast 836/1309
deg_analysis_31136303_22.out:    Running contrast 841/1309
deg_analysis_31136303_22.out:    Running contrast 846/1309
deg_analysis_31136303_22.out:    Running contrast 851/1309
deg_analysis_31136303_22.out:    Running contrast 856/1309
deg_analysis_31136303_22.out:    Running contrast 861/1309
deg_analysis_31136303_22.out:    Running contrast 866/1309
deg_analysis_31136303_22.out:    Running contrast 871/1309
deg_analysis_31136303_22.out:    Running contrast 876/1309
deg_analysis_31136303_22.out:    Running contrast 881/1309
deg_analysis_31136303_22.out:    Running contrast 886/1309
deg_analysis_31136303_22.out:    Running contrast 891/1309
deg_analysis_31136303_22.out:    Running contrast 896/1309
deg_analysis_31136303_22.out:    Running contrast 901/1309
deg_analysis_31136303_22.out:    Running contrast 906/1309
deg_analysis_31136303_22.out:    Running contrast 911/1309
deg_analysis_31136303_22.out:    Running contrast 916/1309
deg_analysis_31136303_22.out:    Running contrast 921/1309
deg_analysis_31136303_22.out:    Running contrast 926/1309
deg_analysis_31136303_22.out:    Running contrast 931/1309
deg_analysis_31136303_22.out:    Running contrast 936/1309
deg_analysis_31136303_22.out:    Running contrast 941/1309
deg_analysis_31136303_22.out:    Running contrast 946/1309
deg_analysis_31136303_22.out:    Running contrast 951/1309
deg_analysis_31136303_22.out:    Running contrast 956/1309
deg_analysis_31136303_22.out:    Running contrast 961/1309
deg_analysis_31136303_22.out:    Running contrast 966/1309
deg_analysis_31136303_22.out:    Running contrast 971/1309
deg_analysis_31136303_22.out:    Running contrast 976/1309
deg_analysis_31136303_22.out:    Running contrast 981/1309
deg_analysis_31136303_22.out:    Running contrast 986/1309
deg_analysis_31136303_22.out:    Running contrast 991/1309
deg_analysis_31136303_22.out:    Running contrast 996/1309
deg_analysis_31136303_22.out:    Running contrast 1001/1309
deg_analysis_31136303_22.out:    Running contrast 1006/1309
deg_analysis_31136303_22.out:    Running contrast 1011/1309
deg_analysis_31136303_22.out:    Running contrast 1016/1309
deg_analysis_31136303_22.out:    Running contrast 1021/1309
deg_analysis_31136303_22.out:    Running contrast 1026/1309
deg_analysis_31136303_22.out:    Running contrast 1031/1309
deg_analysis_31136303_22.out:    Running contrast 1036/1309
deg_analysis_31136303_22.out:    Running contrast 1041/1309
deg_analysis_31136303_22.out:    Running contrast 1046/1309
deg_analysis_31136303_22.out:    Running contrast 1051/1309
deg_analysis_31136303_22.out:    Running contrast 1056/1309
deg_analysis_31136303_22.out:    Running contrast 1061/1309
deg_analysis_31136303_22.out:    Running contrast 1066/1309
deg_analysis_31136303_22.out:    Running contrast 1071/1309
deg_analysis_31136303_22.out:    Running contrast 1076/1309
deg_analysis_31136303_22.out:    Running contrast 1081/1309
deg_analysis_31136303_22.out:    Running contrast 1086/1309
deg_analysis_31136303_22.out:    Running contrast 1091/1309
deg_analysis_31136303_22.out:    Running contrast 1096/1309
deg_analysis_31136303_22.out:    Running contrast 1101/1309
deg_analysis_31136303_22.out:    Running contrast 1106/1309
deg_analysis_31136303_22.out:    Running contrast 1111/1309
deg_analysis_31136303_22.out:    Running contrast 1116/1309
deg_analysis_31136303_22.out:    Running contrast 1121/1309
deg_analysis_31136303_22.out:    Running contrast 1126/1309
deg_analysis_31136303_22.out:    Running contrast 1131/1309
deg_analysis_31136303_22.out:    Running contrast 1136/1309
deg_analysis_31136303_22.out:    Running contrast 1141/1309
deg_analysis_31136303_22.out:    Running contrast 1146/1309
deg_analysis_31136303_22.out:    Running contrast 1151/1309
deg_analysis_31136303_22.out:    Running contrast 1156/1309
deg_analysis_31136303_22.out:    Running contrast 1161/1309
deg_analysis_31136303_22.out:    Running contrast 1166/1309
deg_analysis_31136303_22.out:    Running contrast 1171/1309
deg_analysis_31136303_22.out:    Running contrast 1176/1309
deg_analysis_31136303_22.out:    Running contrast 1181/1309
deg_analysis_31136303_22.out:    Running contrast 1186/1309
deg_analysis_31136303_22.out:    Running contrast 1191/1309
deg_analysis_31136303_22.out:    Running contrast 1196/1309
deg_analysis_31136303_22.out:    Running contrast 1201/1309
deg_analysis_31136303_22.out:    Running contrast 1206/1309
deg_analysis_31136303_22.out:    Running contrast 1211/1309
deg_analysis_31136303_22.out:    Running contrast 1216/1309
deg_analysis_31136303_22.out:    Running contrast 1221/1309
deg_analysis_31136303_22.out:    Running contrast 1226/1309
deg_analysis_31136303_22.out:    Running contrast 1231/1309
deg_analysis_31136303_22.out:    Running contrast 1236/1309
deg_analysis_31136303_22.out:    Running contrast 1241/1309
deg_analysis_31136303_22.out:    Running contrast 1246/1309
deg_analysis_31136303_22.out:    Running contrast 1251/1309
deg_analysis_31136303_22.out:    Running contrast 1256/1309
deg_analysis_31136303_22.out:    Running contrast 1261/1309
deg_analysis_31136303_22.out:    Running contrast 1266/1309
deg_analysis_31136303_22.out:    Running contrast 1271/1309
deg_analysis_31136303_22.out:    Running contrast 1276/1309
deg_analysis_31136303_22.out:    Running contrast 1281/1309
deg_analysis_31136303_22.out:    Running contrast 1286/1309
deg_analysis_31136303_22.out:    Running contrast 1291/1309
deg_analysis_31136303_22.out:    Running contrast 1296/1309
deg_analysis_31136303_22.out:    Running contrast 1301/1309
deg_analysis_31136303_22.out:    Running contrast 1306/1309
deg_analysis_31136303_22.out:    Running contrast 1309/1309
deg_analysis_31136303_22.out:
deg_analysis_31136303_22.out:    Writing:  ./data/tahoe/deg_data/sep_rep/full/qc_false/filter_min_cells_10/CVCL_0546_de.h5ad 
deg_analysis_31136303_22.out:
deg_analysis_31136303_22.out:    Rewriting h5ad file: ./data/tahoe/deg_data/sep_rep/full/qc_false/filter_min_cells_10/CVCL_0546_de.h5ad 
deg_analysis_31136303_22.out:    Removed X matrix
deg_analysis_31136303_22.out:    Rewriting h5ad file is done!
deg_analysis_31136303_22.out:✓ Cell line completed in 10979.3 seconds
deg_analysis_31136303_22.out:
deg_analysis_31136303_22.out:DE analysis completed!
deg_analysis_31136303_22.out:
deg_analysis_31136303_22.out:Total runtime: 11036.2 seconds
deg_analysis_31136303_23.out:
deg_analysis_31136303_23.out:DE analysis started...
deg_analysis_31136303_23.out:Loaded input file:  ./data/tahoe/pseudobulk_processed/sep_rep/by_celltype/CVCL_1055_processed.h5ad 
deg_analysis_31136303_23.out:Initial dimensions:  1340  samples ×  62710  genes
deg_analysis_31136303_23.out:Filter samples with the low number of cells
deg_analysis_31136303_23.out:    Filter threshold (min_cells):  10 
deg_analysis_31136303_23.out:    n_obs:  1340 -->  1331 
deg_analysis_31136303_23.out:
deg_analysis_31136303_23.out:▶︎ Processing cell_type  1 / 1 :  CVCL_1055 
deg_analysis_31136303_23.out:    Filter controls by  pert_time_h  column
deg_analysis_31136303_23.out:        n_obs:  1331 -->  1331 
deg_analysis_31136303_23.out:
deg_analysis_31136303_23.out:    Running contrast 1/1303
deg_analysis_31136303_23.out:    Running contrast 6/1303
deg_analysis_31136303_23.out:    Running contrast 11/1303
deg_analysis_31136303_23.out:    Running contrast 16/1303
deg_analysis_31136303_23.out:    Running contrast 21/1303
deg_analysis_31136303_23.out:    Running contrast 26/1303
deg_analysis_31136303_23.out:    Running contrast 31/1303
deg_analysis_31136303_23.out:    Running contrast 36/1303
deg_analysis_31136303_23.out:    Running contrast 41/1303
deg_analysis_31136303_23.out:    Running contrast 46/1303
deg_analysis_31136303_23.out:    Running contrast 51/1303
deg_analysis_31136303_23.out:    Running contrast 56/1303
deg_analysis_31136303_23.out:    Running contrast 61/1303
deg_analysis_31136303_23.out:    Running contrast 66/1303
deg_analysis_31136303_23.out:    Running contrast 71/1303
deg_analysis_31136303_23.out:    Running contrast 76/1303
deg_analysis_31136303_23.out:    Running contrast 81/1303
deg_analysis_31136303_23.out:    Running contrast 86/1303
deg_analysis_31136303_23.out:    Running contrast 91/1303
deg_analysis_31136303_23.out:    Running contrast 96/1303
deg_analysis_31136303_23.out:    Running contrast 101/1303
deg_analysis_31136303_23.out:    Running contrast 106/1303
deg_analysis_31136303_23.out:    Running contrast 111/1303
deg_analysis_31136303_23.out:    Running contrast 116/1303
deg_analysis_31136303_23.out:    Running contrast 121/1303
deg_analysis_31136303_23.out:    Running contrast 126/1303
deg_analysis_31136303_23.out:    Running contrast 131/1303
deg_analysis_31136303_23.out:    Running contrast 136/1303
deg_analysis_31136303_23.out:    Running contrast 141/1303
deg_analysis_31136303_23.out:    Running contrast 146/1303
deg_analysis_31136303_23.out:    Running contrast 151/1303
deg_analysis_31136303_23.out:    Running contrast 156/1303
deg_analysis_31136303_23.out:    Running contrast 161/1303
deg_analysis_31136303_23.out:    Running contrast 166/1303
deg_analysis_31136303_23.out:    Running contrast 171/1303
deg_analysis_31136303_23.out:    Running contrast 176/1303
deg_analysis_31136303_23.out:    Running contrast 181/1303
deg_analysis_31136303_23.out:    Running contrast 186/1303
deg_analysis_31136303_23.out:    Running contrast 191/1303
deg_analysis_31136303_23.out:    Running contrast 196/1303
deg_analysis_31136303_23.out:    Running contrast 201/1303
deg_analysis_31136303_23.out:    Running contrast 206/1303
deg_analysis_31136303_23.out:    Running contrast 211/1303
deg_analysis_31136303_23.out:    Running contrast 216/1303
deg_analysis_31136303_23.out:    Running contrast 221/1303
deg_analysis_31136303_23.out:    Running contrast 226/1303
deg_analysis_31136303_23.out:    Running contrast 231/1303
deg_analysis_31136303_23.out:    Running contrast 236/1303
deg_analysis_31136303_23.out:    Running contrast 241/1303
deg_analysis_31136303_23.out:    Running contrast 246/1303
deg_analysis_31136303_23.out:    Running contrast 251/1303
deg_analysis_31136303_23.out:    Running contrast 256/1303
deg_analysis_31136303_23.out:    Running contrast 261/1303
deg_analysis_31136303_23.out:    Running contrast 266/1303
deg_analysis_31136303_23.out:    Running contrast 271/1303
deg_analysis_31136303_23.out:    Running contrast 276/1303
deg_analysis_31136303_23.out:    Running contrast 281/1303
deg_analysis_31136303_23.out:    Running contrast 286/1303
deg_analysis_31136303_23.out:    Running contrast 291/1303
deg_analysis_31136303_23.out:    Running contrast 296/1303
deg_analysis_31136303_23.out:    Running contrast 301/1303
deg_analysis_31136303_23.out:    Running contrast 306/1303
deg_analysis_31136303_23.out:    Running contrast 311/1303
deg_analysis_31136303_23.out:    Running contrast 316/1303
deg_analysis_31136303_23.out:    Running contrast 321/1303
deg_analysis_31136303_23.out:    Running contrast 326/1303
deg_analysis_31136303_23.out:    Running contrast 331/1303
deg_analysis_31136303_23.out:    Running contrast 336/1303
deg_analysis_31136303_23.out:    Running contrast 341/1303
deg_analysis_31136303_23.out:    Running contrast 346/1303
deg_analysis_31136303_23.out:    Running contrast 351/1303
deg_analysis_31136303_23.out:    Running contrast 356/1303
deg_analysis_31136303_23.out:    Running contrast 361/1303
deg_analysis_31136303_23.out:    Running contrast 366/1303
deg_analysis_31136303_23.out:    Running contrast 371/1303
deg_analysis_31136303_23.out:    Running contrast 376/1303
deg_analysis_31136303_23.out:    Running contrast 381/1303
deg_analysis_31136303_23.out:    Running contrast 386/1303
deg_analysis_31136303_23.out:    Running contrast 391/1303
deg_analysis_31136303_23.out:    Running contrast 396/1303
deg_analysis_31136303_23.out:    Running contrast 401/1303
deg_analysis_31136303_23.out:    Running contrast 406/1303
deg_analysis_31136303_23.out:    Running contrast 411/1303
deg_analysis_31136303_23.out:    Running contrast 416/1303
deg_analysis_31136303_23.out:    Running contrast 421/1303
deg_analysis_31136303_23.out:    Running contrast 426/1303
deg_analysis_31136303_23.out:    Running contrast 431/1303
deg_analysis_31136303_23.out:    Running contrast 436/1303
deg_analysis_31136303_23.out:    Running contrast 441/1303
deg_analysis_31136303_23.out:    Running contrast 446/1303
deg_analysis_31136303_23.out:    Running contrast 451/1303
deg_analysis_31136303_23.out:    Running contrast 456/1303
deg_analysis_31136303_23.out:    Running contrast 461/1303
deg_analysis_31136303_23.out:    Running contrast 466/1303
deg_analysis_31136303_23.out:    Running contrast 471/1303
deg_analysis_31136303_23.out:    Running contrast 476/1303
deg_analysis_31136303_23.out:    Running contrast 481/1303
deg_analysis_31136303_23.out:    Running contrast 486/1303
deg_analysis_31136303_23.out:    Running contrast 491/1303
deg_analysis_31136303_23.out:    Running contrast 496/1303
deg_analysis_31136303_23.out:    Running contrast 501/1303
deg_analysis_31136303_23.out:    Running contrast 506/1303
deg_analysis_31136303_23.out:    Running contrast 511/1303
deg_analysis_31136303_23.out:    Running contrast 516/1303
deg_analysis_31136303_23.out:    Running contrast 521/1303
deg_analysis_31136303_23.out:    Running contrast 526/1303
deg_analysis_31136303_23.out:    Running contrast 531/1303
deg_analysis_31136303_23.out:    Running contrast 536/1303
deg_analysis_31136303_23.out:    Running contrast 541/1303
deg_analysis_31136303_23.out:    Running contrast 546/1303
deg_analysis_31136303_23.out:    Running contrast 551/1303
deg_analysis_31136303_23.out:    Running contrast 556/1303
deg_analysis_31136303_23.out:    Running contrast 561/1303
deg_analysis_31136303_23.out:    Running contrast 566/1303
deg_analysis_31136303_23.out:    Running contrast 571/1303
deg_analysis_31136303_23.out:    Running contrast 576/1303
deg_analysis_31136303_23.out:    Running contrast 581/1303
deg_analysis_31136303_23.out:    Running contrast 586/1303
deg_analysis_31136303_23.out:    Running contrast 591/1303
deg_analysis_31136303_23.out:    Running contrast 596/1303
deg_analysis_31136303_23.out:    Running contrast 601/1303
deg_analysis_31136303_23.out:    Running contrast 606/1303
deg_analysis_31136303_23.out:    Running contrast 611/1303
deg_analysis_31136303_23.out:    Running contrast 616/1303
deg_analysis_31136303_23.out:    Running contrast 621/1303
deg_analysis_31136303_23.out:    Running contrast 626/1303
deg_analysis_31136303_23.out:    Running contrast 631/1303
deg_analysis_31136303_23.out:    Running contrast 636/1303
deg_analysis_31136303_23.out:    Running contrast 641/1303
deg_analysis_31136303_23.out:    Running contrast 646/1303
deg_analysis_31136303_23.out:    Running contrast 651/1303
deg_analysis_31136303_23.out:    Running contrast 656/1303
deg_analysis_31136303_23.out:    Running contrast 661/1303
deg_analysis_31136303_23.out:    Running contrast 666/1303
deg_analysis_31136303_23.out:    Running contrast 671/1303
deg_analysis_31136303_23.out:    Running contrast 676/1303
deg_analysis_31136303_23.out:    Running contrast 681/1303
deg_analysis_31136303_23.out:    Running contrast 686/1303
deg_analysis_31136303_23.out:    Running contrast 691/1303
deg_analysis_31136303_23.out:    Running contrast 696/1303
deg_analysis_31136303_23.out:    Running contrast 701/1303
deg_analysis_31136303_23.out:    Running contrast 706/1303
deg_analysis_31136303_23.out:    Running contrast 711/1303
deg_analysis_31136303_23.out:    Running contrast 716/1303
deg_analysis_31136303_23.out:    Running contrast 721/1303
deg_analysis_31136303_23.out:    Running contrast 726/1303
deg_analysis_31136303_23.out:    Running contrast 731/1303
deg_analysis_31136303_23.out:    Running contrast 736/1303
deg_analysis_31136303_23.out:    Running contrast 741/1303
deg_analysis_31136303_23.out:    Running contrast 746/1303
deg_analysis_31136303_23.out:    Running contrast 751/1303
deg_analysis_31136303_23.out:    Running contrast 756/1303
deg_analysis_31136303_23.out:    Running contrast 761/1303
deg_analysis_31136303_23.out:    Running contrast 766/1303
deg_analysis_31136303_23.out:    Running contrast 771/1303
deg_analysis_31136303_23.out:    Running contrast 776/1303
deg_analysis_31136303_23.out:    Running contrast 781/1303
deg_analysis_31136303_23.out:    Running contrast 786/1303
deg_analysis_31136303_23.out:    Running contrast 791/1303
deg_analysis_31136303_23.out:    Running contrast 796/1303
deg_analysis_31136303_23.out:    Running contrast 801/1303
deg_analysis_31136303_23.out:    Running contrast 806/1303
deg_analysis_31136303_23.out:    Running contrast 811/1303
deg_analysis_31136303_23.out:    Running contrast 816/1303
deg_analysis_31136303_23.out:    Running contrast 821/1303
deg_analysis_31136303_23.out:    Running contrast 826/1303
deg_analysis_31136303_23.out:    Running contrast 831/1303
deg_analysis_31136303_23.out:    Running contrast 836/1303
deg_analysis_31136303_23.out:    Running contrast 841/1303
deg_analysis_31136303_23.out:    Running contrast 846/1303
deg_analysis_31136303_23.out:    Running contrast 851/1303
deg_analysis_31136303_23.out:    Running contrast 856/1303
deg_analysis_31136303_23.out:    Running contrast 861/1303
deg_analysis_31136303_23.out:    Running contrast 866/1303
deg_analysis_31136303_23.out:    Running contrast 871/1303
deg_analysis_31136303_23.out:    Running contrast 876/1303
deg_analysis_31136303_23.out:    Running contrast 881/1303
deg_analysis_31136303_23.out:    Running contrast 886/1303
deg_analysis_31136303_23.out:    Running contrast 891/1303
deg_analysis_31136303_23.out:    Running contrast 896/1303
deg_analysis_31136303_23.out:    Running contrast 901/1303
deg_analysis_31136303_23.out:    Running contrast 906/1303
deg_analysis_31136303_23.out:    Running contrast 911/1303
deg_analysis_31136303_23.out:    Running contrast 916/1303
deg_analysis_31136303_23.out:    Running contrast 921/1303
deg_analysis_31136303_23.out:    Running contrast 926/1303
deg_analysis_31136303_23.out:    Running contrast 931/1303
deg_analysis_31136303_23.out:    Running contrast 936/1303
deg_analysis_31136303_23.out:    Running contrast 941/1303
deg_analysis_31136303_23.out:    Running contrast 946/1303
deg_analysis_31136303_23.out:    Running contrast 951/1303
deg_analysis_31136303_23.out:    Running contrast 956/1303
deg_analysis_31136303_23.out:    Running contrast 961/1303
deg_analysis_31136303_23.out:    Running contrast 966/1303
deg_analysis_31136303_23.out:    Running contrast 971/1303
deg_analysis_31136303_23.out:    Running contrast 976/1303
deg_analysis_31136303_23.out:    Running contrast 981/1303
deg_analysis_31136303_23.out:    Running contrast 986/1303
deg_analysis_31136303_23.out:    Running contrast 991/1303
deg_analysis_31136303_23.out:    Running contrast 996/1303
deg_analysis_31136303_23.out:    Running contrast 1001/1303
deg_analysis_31136303_23.out:    Running contrast 1006/1303
deg_analysis_31136303_23.out:    Running contrast 1011/1303
deg_analysis_31136303_23.out:    Running contrast 1016/1303
deg_analysis_31136303_23.out:    Running contrast 1021/1303
deg_analysis_31136303_23.out:    Running contrast 1026/1303
deg_analysis_31136303_23.out:    Running contrast 1031/1303
deg_analysis_31136303_23.out:    Running contrast 1036/1303
deg_analysis_31136303_23.out:    Running contrast 1041/1303
deg_analysis_31136303_23.out:    Running contrast 1046/1303
deg_analysis_31136303_23.out:    Running contrast 1051/1303
deg_analysis_31136303_23.out:    Running contrast 1056/1303
deg_analysis_31136303_23.out:    Running contrast 1061/1303
deg_analysis_31136303_23.out:    Running contrast 1066/1303
deg_analysis_31136303_23.out:    Running contrast 1071/1303
deg_analysis_31136303_23.out:    Running contrast 1076/1303
deg_analysis_31136303_23.out:    Running contrast 1081/1303
deg_analysis_31136303_23.out:    Running contrast 1086/1303
deg_analysis_31136303_23.out:    Running contrast 1091/1303
deg_analysis_31136303_23.out:    Running contrast 1096/1303
deg_analysis_31136303_23.out:    Running contrast 1101/1303
deg_analysis_31136303_23.out:    Running contrast 1106/1303
deg_analysis_31136303_23.out:    Running contrast 1111/1303
deg_analysis_31136303_23.out:    Running contrast 1116/1303
deg_analysis_31136303_23.out:    Running contrast 1121/1303
deg_analysis_31136303_23.out:    Running contrast 1126/1303
deg_analysis_31136303_23.out:    Running contrast 1131/1303
deg_analysis_31136303_23.out:    Running contrast 1136/1303
deg_analysis_31136303_23.out:    Running contrast 1141/1303
deg_analysis_31136303_23.out:    Running contrast 1146/1303
deg_analysis_31136303_23.out:    Running contrast 1151/1303
deg_analysis_31136303_23.out:    Running contrast 1156/1303
deg_analysis_31136303_23.out:    Running contrast 1161/1303
deg_analysis_31136303_23.out:    Running contrast 1166/1303
deg_analysis_31136303_23.out:    Running contrast 1171/1303
deg_analysis_31136303_23.out:    Running contrast 1176/1303
deg_analysis_31136303_23.out:    Running contrast 1181/1303
deg_analysis_31136303_23.out:    Running contrast 1186/1303
deg_analysis_31136303_23.out:    Running contrast 1191/1303
deg_analysis_31136303_23.out:    Running contrast 1196/1303
deg_analysis_31136303_23.out:    Running contrast 1201/1303
deg_analysis_31136303_23.out:    Running contrast 1206/1303
deg_analysis_31136303_23.out:    Running contrast 1211/1303
deg_analysis_31136303_23.out:    Running contrast 1216/1303
deg_analysis_31136303_23.out:    Running contrast 1221/1303
deg_analysis_31136303_23.out:    Running contrast 1226/1303
deg_analysis_31136303_23.out:    Running contrast 1231/1303
deg_analysis_31136303_23.out:    Running contrast 1236/1303
deg_analysis_31136303_23.out:    Running contrast 1241/1303
deg_analysis_31136303_23.out:    Running contrast 1246/1303
deg_analysis_31136303_23.out:    Running contrast 1251/1303
deg_analysis_31136303_23.out:    Running contrast 1256/1303
deg_analysis_31136303_23.out:    Running contrast 1261/1303
deg_analysis_31136303_23.out:    Running contrast 1266/1303
deg_analysis_31136303_23.out:    Running contrast 1271/1303
deg_analysis_31136303_23.out:    Running contrast 1276/1303
deg_analysis_31136303_23.out:    Running contrast 1281/1303
deg_analysis_31136303_23.out:    Running contrast 1286/1303
deg_analysis_31136303_23.out:    Running contrast 1291/1303
deg_analysis_31136303_23.out:    Running contrast 1296/1303
deg_analysis_31136303_23.out:    Running contrast 1301/1303
deg_analysis_31136303_23.out:    Running contrast 1303/1303
deg_analysis_31136303_23.out:
deg_analysis_31136303_23.out:    Writing:  ./data/tahoe/deg_data/sep_rep/full/qc_false/filter_min_cells_10/CVCL_1055_de.h5ad 
deg_analysis_31136303_23.out:
deg_analysis_31136303_23.out:    Rewriting h5ad file: ./data/tahoe/deg_data/sep_rep/full/qc_false/filter_min_cells_10/CVCL_1055_de.h5ad 
deg_analysis_31136303_23.out:    Removed X matrix
deg_analysis_31136303_23.out:    Rewriting h5ad file is done!
deg_analysis_31136303_23.out:✓ Cell line completed in 10148.5 seconds
deg_analysis_31136303_23.out:
deg_analysis_31136303_23.out:DE analysis completed!
deg_analysis_31136303_23.out:
deg_analysis_31136303_23.out:Total runtime: 10204.3 seconds
deg_analysis_31136303_24.out:
deg_analysis_31136303_24.out:DE analysis started...
deg_analysis_31136303_24.out:Loaded input file:  ./data/tahoe/pseudobulk_processed/sep_rep/by_celltype/CVCL_1056_processed.h5ad 
deg_analysis_31136303_24.out:Initial dimensions:  1340  samples ×  62710  genes
deg_analysis_31136303_24.out:Filter samples with the low number of cells
deg_analysis_31136303_24.out:    Filter threshold (min_cells):  10 
deg_analysis_31136303_24.out:    n_obs:  1340 -->  1333 
deg_analysis_31136303_24.out:
deg_analysis_31136303_24.out:▶︎ Processing cell_type  1 / 1 :  CVCL_1056 
deg_analysis_31136303_24.out:    Filter controls by  pert_time_h  column
deg_analysis_31136303_24.out:        n_obs:  1333 -->  1333 
deg_analysis_31136303_24.out:
deg_analysis_31136303_24.out:    Running contrast 1/1305
deg_analysis_31136303_24.out:    Running contrast 6/1305
deg_analysis_31136303_24.out:    Running contrast 11/1305
deg_analysis_31136303_24.out:    Running contrast 16/1305
deg_analysis_31136303_24.out:    Running contrast 21/1305
deg_analysis_31136303_24.out:    Running contrast 26/1305
deg_analysis_31136303_24.out:    Running contrast 31/1305
deg_analysis_31136303_24.out:    Running contrast 36/1305
deg_analysis_31136303_24.out:    Running contrast 41/1305
deg_analysis_31136303_24.out:    Running contrast 46/1305
deg_analysis_31136303_24.out:    Running contrast 51/1305
deg_analysis_31136303_24.out:    Running contrast 56/1305
deg_analysis_31136303_24.out:    Running contrast 61/1305
deg_analysis_31136303_24.out:    Running contrast 66/1305
deg_analysis_31136303_24.out:    Running contrast 71/1305
deg_analysis_31136303_24.out:    Running contrast 76/1305
deg_analysis_31136303_24.out:    Running contrast 81/1305
deg_analysis_31136303_24.out:    Running contrast 86/1305
deg_analysis_31136303_24.out:    Running contrast 91/1305
deg_analysis_31136303_24.out:    Running contrast 96/1305
deg_analysis_31136303_24.out:    Running contrast 101/1305
deg_analysis_31136303_24.out:    Running contrast 106/1305
deg_analysis_31136303_24.out:    Running contrast 111/1305
deg_analysis_31136303_24.out:    Running contrast 116/1305
deg_analysis_31136303_24.out:    Running contrast 121/1305
deg_analysis_31136303_24.out:    Running contrast 126/1305
deg_analysis_31136303_24.out:    Running contrast 131/1305
deg_analysis_31136303_24.out:    Running contrast 136/1305
deg_analysis_31136303_24.out:    Running contrast 141/1305
deg_analysis_31136303_24.out:    Running contrast 146/1305
deg_analysis_31136303_24.out:    Running contrast 151/1305
deg_analysis_31136303_24.out:    Running contrast 156/1305
deg_analysis_31136303_24.out:    Running contrast 161/1305
deg_analysis_31136303_24.out:    Running contrast 166/1305
deg_analysis_31136303_24.out:    Running contrast 171/1305
deg_analysis_31136303_24.out:    Running contrast 176/1305
deg_analysis_31136303_24.out:    Running contrast 181/1305
deg_analysis_31136303_24.out:    Running contrast 186/1305
deg_analysis_31136303_24.out:    Running contrast 191/1305
deg_analysis_31136303_24.out:    Running contrast 196/1305
deg_analysis_31136303_24.out:    Running contrast 201/1305
deg_analysis_31136303_24.out:    Running contrast 206/1305
deg_analysis_31136303_24.out:    Running contrast 211/1305
deg_analysis_31136303_24.out:    Running contrast 216/1305
deg_analysis_31136303_24.out:    Running contrast 221/1305
deg_analysis_31136303_24.out:    Running contrast 226/1305
deg_analysis_31136303_24.out:    Running contrast 231/1305
deg_analysis_31136303_24.out:    Running contrast 236/1305
deg_analysis_31136303_24.out:    Running contrast 241/1305
deg_analysis_31136303_24.out:    Running contrast 246/1305
deg_analysis_31136303_24.out:    Running contrast 251/1305
deg_analysis_31136303_24.out:    Running contrast 256/1305
deg_analysis_31136303_24.out:    Running contrast 261/1305
deg_analysis_31136303_24.out:    Running contrast 266/1305
deg_analysis_31136303_24.out:    Running contrast 271/1305
deg_analysis_31136303_24.out:    Running contrast 276/1305
deg_analysis_31136303_24.out:    Running contrast 281/1305
deg_analysis_31136303_24.out:    Running contrast 286/1305
deg_analysis_31136303_24.out:    Running contrast 291/1305
deg_analysis_31136303_24.out:    Running contrast 296/1305
deg_analysis_31136303_24.out:    Running contrast 301/1305
deg_analysis_31136303_24.out:    Running contrast 306/1305
deg_analysis_31136303_24.out:    Running contrast 311/1305
deg_analysis_31136303_24.out:    Running contrast 316/1305
deg_analysis_31136303_24.out:    Running contrast 321/1305
deg_analysis_31136303_24.out:    Running contrast 326/1305
deg_analysis_31136303_24.out:    Running contrast 331/1305
deg_analysis_31136303_24.out:    Running contrast 336/1305
deg_analysis_31136303_24.out:    Running contrast 341/1305
deg_analysis_31136303_24.out:    Running contrast 346/1305
deg_analysis_31136303_24.out:    Running contrast 351/1305
deg_analysis_31136303_24.out:    Running contrast 356/1305
deg_analysis_31136303_24.out:    Running contrast 361/1305
deg_analysis_31136303_24.out:    Running contrast 366/1305
deg_analysis_31136303_24.out:    Running contrast 371/1305
deg_analysis_31136303_24.out:    Running contrast 376/1305
deg_analysis_31136303_24.out:    Running contrast 381/1305
deg_analysis_31136303_24.out:    Running contrast 386/1305
deg_analysis_31136303_24.out:    Running contrast 391/1305
deg_analysis_31136303_24.out:    Running contrast 396/1305
deg_analysis_31136303_24.out:    Running contrast 401/1305
deg_analysis_31136303_24.out:    Running contrast 406/1305
deg_analysis_31136303_24.out:    Running contrast 411/1305
deg_analysis_31136303_24.out:    Running contrast 416/1305
deg_analysis_31136303_24.out:    Running contrast 421/1305
deg_analysis_31136303_24.out:    Running contrast 426/1305
deg_analysis_31136303_24.out:    Running contrast 431/1305
deg_analysis_31136303_24.out:    Running contrast 436/1305
deg_analysis_31136303_24.out:    Running contrast 441/1305
deg_analysis_31136303_24.out:    Running contrast 446/1305
deg_analysis_31136303_24.out:    Running contrast 451/1305
deg_analysis_31136303_24.out:    Running contrast 456/1305
deg_analysis_31136303_24.out:    Running contrast 461/1305
deg_analysis_31136303_24.out:    Running contrast 466/1305
deg_analysis_31136303_24.out:    Running contrast 471/1305
deg_analysis_31136303_24.out:    Running contrast 476/1305
deg_analysis_31136303_24.out:    Running contrast 481/1305
deg_analysis_31136303_24.out:    Running contrast 486/1305
deg_analysis_31136303_24.out:    Running contrast 491/1305
deg_analysis_31136303_24.out:    Running contrast 496/1305
deg_analysis_31136303_24.out:    Running contrast 501/1305
deg_analysis_31136303_24.out:    Running contrast 506/1305
deg_analysis_31136303_24.out:    Running contrast 511/1305
deg_analysis_31136303_24.out:    Running contrast 516/1305
deg_analysis_31136303_24.out:    Running contrast 521/1305
deg_analysis_31136303_24.out:    Running contrast 526/1305
deg_analysis_31136303_24.out:    Running contrast 531/1305
deg_analysis_31136303_24.out:    Running contrast 536/1305
deg_analysis_31136303_24.out:    Running contrast 541/1305
deg_analysis_31136303_24.out:    Running contrast 546/1305
deg_analysis_31136303_24.out:    Running contrast 551/1305
deg_analysis_31136303_24.out:    Running contrast 556/1305
deg_analysis_31136303_24.out:    Running contrast 561/1305
deg_analysis_31136303_24.out:    Running contrast 566/1305
deg_analysis_31136303_24.out:    Running contrast 571/1305
deg_analysis_31136303_24.out:    Running contrast 576/1305
deg_analysis_31136303_24.out:    Running contrast 581/1305
deg_analysis_31136303_24.out:    Running contrast 586/1305
deg_analysis_31136303_24.out:    Running contrast 591/1305
deg_analysis_31136303_24.out:    Running contrast 596/1305
deg_analysis_31136303_24.out:    Running contrast 601/1305
deg_analysis_31136303_24.out:    Running contrast 606/1305
deg_analysis_31136303_24.out:    Running contrast 611/1305
deg_analysis_31136303_24.out:    Running contrast 616/1305
deg_analysis_31136303_24.out:    Running contrast 621/1305
deg_analysis_31136303_24.out:    Running contrast 626/1305
deg_analysis_31136303_24.out:    Running contrast 631/1305
deg_analysis_31136303_24.out:    Running contrast 636/1305
deg_analysis_31136303_24.out:    Running contrast 641/1305
deg_analysis_31136303_24.out:    Running contrast 646/1305
deg_analysis_31136303_24.out:    Running contrast 651/1305
deg_analysis_31136303_24.out:    Running contrast 656/1305
deg_analysis_31136303_24.out:    Running contrast 661/1305
deg_analysis_31136303_24.out:    Running contrast 666/1305
deg_analysis_31136303_24.out:    Running contrast 671/1305
deg_analysis_31136303_24.out:    Running contrast 676/1305
deg_analysis_31136303_24.out:    Running contrast 681/1305
deg_analysis_31136303_24.out:    Running contrast 686/1305
deg_analysis_31136303_24.out:    Running contrast 691/1305
deg_analysis_31136303_24.out:    Running contrast 696/1305
deg_analysis_31136303_24.out:    Running contrast 701/1305
deg_analysis_31136303_24.out:    Running contrast 706/1305
deg_analysis_31136303_24.out:    Running contrast 711/1305
deg_analysis_31136303_24.out:    Running contrast 716/1305
deg_analysis_31136303_24.out:    Running contrast 721/1305
deg_analysis_31136303_24.out:    Running contrast 726/1305
deg_analysis_31136303_24.out:    Running contrast 731/1305
deg_analysis_31136303_24.out:    Running contrast 736/1305
deg_analysis_31136303_24.out:    Running contrast 741/1305
deg_analysis_31136303_24.out:    Running contrast 746/1305
deg_analysis_31136303_24.out:    Running contrast 751/1305
deg_analysis_31136303_24.out:    Running contrast 756/1305
deg_analysis_31136303_24.out:    Running contrast 761/1305
deg_analysis_31136303_24.out:    Running contrast 766/1305
deg_analysis_31136303_24.out:    Running contrast 771/1305
deg_analysis_31136303_24.out:    Running contrast 776/1305
deg_analysis_31136303_24.out:    Running contrast 781/1305
deg_analysis_31136303_24.out:    Running contrast 786/1305
deg_analysis_31136303_24.out:    Running contrast 791/1305
deg_analysis_31136303_24.out:    Running contrast 796/1305
deg_analysis_31136303_24.out:    Running contrast 801/1305
deg_analysis_31136303_24.out:    Running contrast 806/1305
deg_analysis_31136303_24.out:    Running contrast 811/1305
deg_analysis_31136303_24.out:    Running contrast 816/1305
deg_analysis_31136303_24.out:    Running contrast 821/1305
deg_analysis_31136303_24.out:    Running contrast 826/1305
deg_analysis_31136303_24.out:    Running contrast 831/1305
deg_analysis_31136303_24.out:    Running contrast 836/1305
deg_analysis_31136303_24.out:    Running contrast 841/1305
deg_analysis_31136303_24.out:    Running contrast 846/1305
deg_analysis_31136303_24.out:    Running contrast 851/1305
deg_analysis_31136303_24.out:    Running contrast 856/1305
deg_analysis_31136303_24.out:    Running contrast 861/1305
deg_analysis_31136303_24.out:    Running contrast 866/1305
deg_analysis_31136303_24.out:    Running contrast 871/1305
deg_analysis_31136303_24.out:    Running contrast 876/1305
deg_analysis_31136303_24.out:    Running contrast 881/1305
deg_analysis_31136303_24.out:    Running contrast 886/1305
deg_analysis_31136303_24.out:    Running contrast 891/1305
deg_analysis_31136303_24.out:    Running contrast 896/1305
deg_analysis_31136303_24.out:    Running contrast 901/1305
deg_analysis_31136303_24.out:    Running contrast 906/1305
deg_analysis_31136303_24.out:    Running contrast 911/1305
deg_analysis_31136303_24.out:    Running contrast 916/1305
deg_analysis_31136303_24.out:    Running contrast 921/1305
deg_analysis_31136303_24.out:    Running contrast 926/1305
deg_analysis_31136303_24.out:    Running contrast 931/1305
deg_analysis_31136303_24.out:    Running contrast 936/1305
deg_analysis_31136303_24.out:    Running contrast 941/1305
deg_analysis_31136303_24.out:    Running contrast 946/1305
deg_analysis_31136303_24.out:    Running contrast 951/1305
deg_analysis_31136303_24.out:    Running contrast 956/1305
deg_analysis_31136303_24.out:    Running contrast 961/1305
deg_analysis_31136303_24.out:    Running contrast 966/1305
deg_analysis_31136303_24.out:    Running contrast 971/1305
deg_analysis_31136303_24.out:    Running contrast 976/1305
deg_analysis_31136303_24.out:    Running contrast 981/1305
deg_analysis_31136303_24.out:    Running contrast 986/1305
deg_analysis_31136303_24.out:    Running contrast 991/1305
deg_analysis_31136303_24.out:    Running contrast 996/1305
deg_analysis_31136303_24.out:    Running contrast 1001/1305
deg_analysis_31136303_24.out:    Running contrast 1006/1305
deg_analysis_31136303_24.out:    Running contrast 1011/1305
deg_analysis_31136303_24.out:    Running contrast 1016/1305
deg_analysis_31136303_24.out:    Running contrast 1021/1305
deg_analysis_31136303_24.out:    Running contrast 1026/1305
deg_analysis_31136303_24.out:    Running contrast 1031/1305
deg_analysis_31136303_24.out:    Running contrast 1036/1305
deg_analysis_31136303_24.out:    Running contrast 1041/1305
deg_analysis_31136303_24.out:    Running contrast 1046/1305
deg_analysis_31136303_24.out:    Running contrast 1051/1305
deg_analysis_31136303_24.out:    Running contrast 1056/1305
deg_analysis_31136303_24.out:    Running contrast 1061/1305
deg_analysis_31136303_24.out:    Running contrast 1066/1305
deg_analysis_31136303_24.out:    Running contrast 1071/1305
deg_analysis_31136303_24.out:    Running contrast 1076/1305
deg_analysis_31136303_24.out:    Running contrast 1081/1305
deg_analysis_31136303_24.out:    Running contrast 1086/1305
deg_analysis_31136303_24.out:    Running contrast 1091/1305
deg_analysis_31136303_24.out:    Running contrast 1096/1305
deg_analysis_31136303_24.out:    Running contrast 1101/1305
deg_analysis_31136303_24.out:    Running contrast 1106/1305
deg_analysis_31136303_24.out:    Running contrast 1111/1305
deg_analysis_31136303_24.out:    Running contrast 1116/1305
deg_analysis_31136303_24.out:    Running contrast 1121/1305
deg_analysis_31136303_24.out:    Running contrast 1126/1305
deg_analysis_31136303_24.out:    Running contrast 1131/1305
deg_analysis_31136303_24.out:    Running contrast 1136/1305
deg_analysis_31136303_24.out:    Running contrast 1141/1305
deg_analysis_31136303_24.out:    Running contrast 1146/1305
deg_analysis_31136303_24.out:    Running contrast 1151/1305
deg_analysis_31136303_24.out:    Running contrast 1156/1305
deg_analysis_31136303_24.out:    Running contrast 1161/1305
deg_analysis_31136303_24.out:    Running contrast 1166/1305
deg_analysis_31136303_24.out:    Running contrast 1171/1305
deg_analysis_31136303_24.out:    Running contrast 1176/1305
deg_analysis_31136303_24.out:    Running contrast 1181/1305
deg_analysis_31136303_24.out:    Running contrast 1186/1305
deg_analysis_31136303_24.out:    Running contrast 1191/1305
deg_analysis_31136303_24.out:    Running contrast 1196/1305
deg_analysis_31136303_24.out:    Running contrast 1201/1305
deg_analysis_31136303_24.out:    Running contrast 1206/1305
deg_analysis_31136303_24.out:    Running contrast 1211/1305
deg_analysis_31136303_24.out:    Running contrast 1216/1305
deg_analysis_31136303_24.out:    Running contrast 1221/1305
deg_analysis_31136303_24.out:    Running contrast 1226/1305
deg_analysis_31136303_24.out:    Running contrast 1231/1305
deg_analysis_31136303_24.out:    Running contrast 1236/1305
deg_analysis_31136303_24.out:    Running contrast 1241/1305
deg_analysis_31136303_24.out:    Running contrast 1246/1305
deg_analysis_31136303_24.out:    Running contrast 1251/1305
deg_analysis_31136303_24.out:    Running contrast 1256/1305
deg_analysis_31136303_24.out:    Running contrast 1261/1305
deg_analysis_31136303_24.out:    Running contrast 1266/1305
deg_analysis_31136303_24.out:    Running contrast 1271/1305
deg_analysis_31136303_24.out:    Running contrast 1276/1305
deg_analysis_31136303_24.out:    Running contrast 1281/1305
deg_analysis_31136303_24.out:    Running contrast 1286/1305
deg_analysis_31136303_24.out:    Running contrast 1291/1305
deg_analysis_31136303_24.out:    Running contrast 1296/1305
deg_analysis_31136303_24.out:    Running contrast 1301/1305
deg_analysis_31136303_24.out:    Running contrast 1305/1305
deg_analysis_31136303_24.out:
deg_analysis_31136303_24.out:    Writing:  ./data/tahoe/deg_data/sep_rep/full/qc_false/filter_min_cells_10/CVCL_1056_de.h5ad 
deg_analysis_31136303_24.out:
deg_analysis_31136303_24.out:    Rewriting h5ad file: ./data/tahoe/deg_data/sep_rep/full/qc_false/filter_min_cells_10/CVCL_1056_de.h5ad 
deg_analysis_31136303_24.out:    Removed X matrix
deg_analysis_31136303_24.out:    Rewriting h5ad file is done!
deg_analysis_31136303_24.out:✓ Cell line completed in 10635.0 seconds
deg_analysis_31136303_24.out:
deg_analysis_31136303_24.out:DE analysis completed!
deg_analysis_31136303_24.out:
deg_analysis_31136303_24.out:Total runtime: 10654.1 seconds
deg_analysis_31136303_25.out:
deg_analysis_31136303_25.out:DE analysis started...
deg_analysis_31136303_25.out:Loaded input file:  ./data/tahoe/pseudobulk_processed/sep_rep/by_celltype/CVCL_1094_processed.h5ad 
deg_analysis_31136303_25.out:Initial dimensions:  1342  samples ×  62710  genes
deg_analysis_31136303_25.out:Filter samples with the low number of cells
deg_analysis_31136303_25.out:    Filter threshold (min_cells):  10 
deg_analysis_31136303_25.out:    n_obs:  1342 -->  1335 
deg_analysis_31136303_25.out:
deg_analysis_31136303_25.out:▶︎ Processing cell_type  1 / 1 :  CVCL_1094 
deg_analysis_31136303_25.out:    Filter controls by  pert_time_h  column
deg_analysis_31136303_25.out:        n_obs:  1335 -->  1335 
deg_analysis_31136303_25.out:
deg_analysis_31136303_25.out:    Running contrast 1/1307
deg_analysis_31136303_25.out:    Running contrast 6/1307
deg_analysis_31136303_25.out:    Running contrast 11/1307
deg_analysis_31136303_25.out:    Running contrast 16/1307
deg_analysis_31136303_25.out:    Running contrast 21/1307
deg_analysis_31136303_25.out:    Running contrast 26/1307
deg_analysis_31136303_25.out:    Running contrast 31/1307
deg_analysis_31136303_25.out:    Running contrast 36/1307
deg_analysis_31136303_25.out:    Running contrast 41/1307
deg_analysis_31136303_25.out:    Running contrast 46/1307
deg_analysis_31136303_25.out:    Running contrast 51/1307
deg_analysis_31136303_25.out:    Running contrast 56/1307
deg_analysis_31136303_25.out:    Running contrast 61/1307
deg_analysis_31136303_25.out:    Running contrast 66/1307
deg_analysis_31136303_25.out:    Running contrast 71/1307
deg_analysis_31136303_25.out:    Running contrast 76/1307
deg_analysis_31136303_25.out:    Running contrast 81/1307
deg_analysis_31136303_25.out:    Running contrast 86/1307
deg_analysis_31136303_25.out:    Running contrast 91/1307
deg_analysis_31136303_25.out:    Running contrast 96/1307
deg_analysis_31136303_25.out:    Running contrast 101/1307
deg_analysis_31136303_25.out:    Running contrast 106/1307
deg_analysis_31136303_25.out:    Running contrast 111/1307
deg_analysis_31136303_25.out:    Running contrast 116/1307
deg_analysis_31136303_25.out:    Running contrast 121/1307
deg_analysis_31136303_25.out:    Running contrast 126/1307
deg_analysis_31136303_25.out:    Running contrast 131/1307
deg_analysis_31136303_25.out:    Running contrast 136/1307
deg_analysis_31136303_25.out:    Running contrast 141/1307
deg_analysis_31136303_25.out:    Running contrast 146/1307
deg_analysis_31136303_25.out:    Running contrast 151/1307
deg_analysis_31136303_25.out:    Running contrast 156/1307
deg_analysis_31136303_25.out:    Running contrast 161/1307
deg_analysis_31136303_25.out:    Running contrast 166/1307
deg_analysis_31136303_25.out:    Running contrast 171/1307
deg_analysis_31136303_25.out:    Running contrast 176/1307
deg_analysis_31136303_25.out:    Running contrast 181/1307
deg_analysis_31136303_25.out:    Running contrast 186/1307
deg_analysis_31136303_25.out:    Running contrast 191/1307
deg_analysis_31136303_25.out:    Running contrast 196/1307
deg_analysis_31136303_25.out:    Running contrast 201/1307
deg_analysis_31136303_25.out:    Running contrast 206/1307
deg_analysis_31136303_25.out:    Running contrast 211/1307
deg_analysis_31136303_25.out:    Running contrast 216/1307
deg_analysis_31136303_25.out:    Running contrast 221/1307
deg_analysis_31136303_25.out:    Running contrast 226/1307
deg_analysis_31136303_25.out:    Running contrast 231/1307
deg_analysis_31136303_25.out:    Running contrast 236/1307
deg_analysis_31136303_25.out:    Running contrast 241/1307
deg_analysis_31136303_25.out:    Running contrast 246/1307
deg_analysis_31136303_25.out:    Running contrast 251/1307
deg_analysis_31136303_25.out:    Running contrast 256/1307
deg_analysis_31136303_25.out:    Running contrast 261/1307
deg_analysis_31136303_25.out:    Running contrast 266/1307
deg_analysis_31136303_25.out:    Running contrast 271/1307
deg_analysis_31136303_25.out:    Running contrast 276/1307
deg_analysis_31136303_25.out:    Running contrast 281/1307
deg_analysis_31136303_25.out:    Running contrast 286/1307
deg_analysis_31136303_25.out:    Running contrast 291/1307
deg_analysis_31136303_25.out:    Running contrast 296/1307
deg_analysis_31136303_25.out:    Running contrast 301/1307
deg_analysis_31136303_25.out:    Running contrast 306/1307
deg_analysis_31136303_25.out:    Running contrast 311/1307
deg_analysis_31136303_25.out:    Running contrast 316/1307
deg_analysis_31136303_25.out:    Running contrast 321/1307
deg_analysis_31136303_25.out:    Running contrast 326/1307
deg_analysis_31136303_25.out:    Running contrast 331/1307
deg_analysis_31136303_25.out:    Running contrast 336/1307
deg_analysis_31136303_25.out:    Running contrast 341/1307
deg_analysis_31136303_25.out:    Running contrast 346/1307
deg_analysis_31136303_25.out:    Running contrast 351/1307
deg_analysis_31136303_25.out:    Running contrast 356/1307
deg_analysis_31136303_25.out:    Running contrast 361/1307
deg_analysis_31136303_25.out:    Running contrast 366/1307
deg_analysis_31136303_25.out:    Running contrast 371/1307
deg_analysis_31136303_25.out:    Running contrast 376/1307
deg_analysis_31136303_25.out:    Running contrast 381/1307
deg_analysis_31136303_25.out:    Running contrast 386/1307
deg_analysis_31136303_25.out:    Running contrast 391/1307
deg_analysis_31136303_25.out:    Running contrast 396/1307
deg_analysis_31136303_25.out:    Running contrast 401/1307
deg_analysis_31136303_25.out:    Running contrast 406/1307
deg_analysis_31136303_25.out:    Running contrast 411/1307
deg_analysis_31136303_25.out:    Running contrast 416/1307
deg_analysis_31136303_25.out:    Running contrast 421/1307
deg_analysis_31136303_25.out:    Running contrast 426/1307
deg_analysis_31136303_25.out:    Running contrast 431/1307
deg_analysis_31136303_25.out:    Running contrast 436/1307
deg_analysis_31136303_25.out:    Running contrast 441/1307
deg_analysis_31136303_25.out:    Running contrast 446/1307
deg_analysis_31136303_25.out:    Running contrast 451/1307
deg_analysis_31136303_25.out:    Running contrast 456/1307
deg_analysis_31136303_25.out:    Running contrast 461/1307
deg_analysis_31136303_25.out:    Running contrast 466/1307
deg_analysis_31136303_25.out:    Running contrast 471/1307
deg_analysis_31136303_25.out:    Running contrast 476/1307
deg_analysis_31136303_25.out:    Running contrast 481/1307
deg_analysis_31136303_25.out:    Running contrast 486/1307
deg_analysis_31136303_25.out:    Running contrast 491/1307
deg_analysis_31136303_25.out:    Running contrast 496/1307
deg_analysis_31136303_25.out:    Running contrast 501/1307
deg_analysis_31136303_25.out:    Running contrast 506/1307
deg_analysis_31136303_25.out:    Running contrast 511/1307
deg_analysis_31136303_25.out:    Running contrast 516/1307
deg_analysis_31136303_25.out:    Running contrast 521/1307
deg_analysis_31136303_25.out:    Running contrast 526/1307
deg_analysis_31136303_25.out:    Running contrast 531/1307
deg_analysis_31136303_25.out:    Running contrast 536/1307
deg_analysis_31136303_25.out:    Running contrast 541/1307
deg_analysis_31136303_25.out:    Running contrast 546/1307
deg_analysis_31136303_25.out:    Running contrast 551/1307
deg_analysis_31136303_25.out:    Running contrast 556/1307
deg_analysis_31136303_25.out:    Running contrast 561/1307
deg_analysis_31136303_25.out:    Running contrast 566/1307
deg_analysis_31136303_25.out:    Running contrast 571/1307
deg_analysis_31136303_25.out:    Running contrast 576/1307
deg_analysis_31136303_25.out:    Running contrast 581/1307
deg_analysis_31136303_25.out:    Running contrast 586/1307
deg_analysis_31136303_25.out:    Running contrast 591/1307
deg_analysis_31136303_25.out:    Running contrast 596/1307
deg_analysis_31136303_25.out:    Running contrast 601/1307
deg_analysis_31136303_25.out:    Running contrast 606/1307
deg_analysis_31136303_25.out:    Running contrast 611/1307
deg_analysis_31136303_25.out:    Running contrast 616/1307
deg_analysis_31136303_25.out:    Running contrast 621/1307
deg_analysis_31136303_25.out:    Running contrast 626/1307
deg_analysis_31136303_25.out:    Running contrast 631/1307
deg_analysis_31136303_25.out:    Running contrast 636/1307
deg_analysis_31136303_25.out:    Running contrast 641/1307
deg_analysis_31136303_25.out:    Running contrast 646/1307
deg_analysis_31136303_25.out:    Running contrast 651/1307
deg_analysis_31136303_25.out:    Running contrast 656/1307
deg_analysis_31136303_25.out:    Running contrast 661/1307
deg_analysis_31136303_25.out:    Running contrast 666/1307
deg_analysis_31136303_25.out:    Running contrast 671/1307
deg_analysis_31136303_25.out:    Running contrast 676/1307
deg_analysis_31136303_25.out:    Running contrast 681/1307
deg_analysis_31136303_25.out:    Running contrast 686/1307
deg_analysis_31136303_25.out:    Running contrast 691/1307
deg_analysis_31136303_25.out:    Running contrast 696/1307
deg_analysis_31136303_25.out:    Running contrast 701/1307
deg_analysis_31136303_25.out:    Running contrast 706/1307
deg_analysis_31136303_25.out:    Running contrast 711/1307
deg_analysis_31136303_25.out:    Running contrast 716/1307
deg_analysis_31136303_25.out:    Running contrast 721/1307
deg_analysis_31136303_25.out:    Running contrast 726/1307
deg_analysis_31136303_25.out:    Running contrast 731/1307
deg_analysis_31136303_25.out:    Running contrast 736/1307
deg_analysis_31136303_25.out:    Running contrast 741/1307
deg_analysis_31136303_25.out:    Running contrast 746/1307
deg_analysis_31136303_25.out:    Running contrast 751/1307
deg_analysis_31136303_25.out:    Running contrast 756/1307
deg_analysis_31136303_25.out:    Running contrast 761/1307
deg_analysis_31136303_25.out:    Running contrast 766/1307
deg_analysis_31136303_25.out:    Running contrast 771/1307
deg_analysis_31136303_25.out:    Running contrast 776/1307
deg_analysis_31136303_25.out:    Running contrast 781/1307
deg_analysis_31136303_25.out:    Running contrast 786/1307
deg_analysis_31136303_25.out:    Running contrast 791/1307
deg_analysis_31136303_25.out:    Running contrast 796/1307
deg_analysis_31136303_25.out:    Running contrast 801/1307
deg_analysis_31136303_25.out:    Running contrast 806/1307
deg_analysis_31136303_25.out:    Running contrast 811/1307
deg_analysis_31136303_25.out:    Running contrast 816/1307
deg_analysis_31136303_25.out:    Running contrast 821/1307
deg_analysis_31136303_25.out:    Running contrast 826/1307
deg_analysis_31136303_25.out:    Running contrast 831/1307
deg_analysis_31136303_25.out:    Running contrast 836/1307
deg_analysis_31136303_25.out:    Running contrast 841/1307
deg_analysis_31136303_25.out:    Running contrast 846/1307
deg_analysis_31136303_25.out:    Running contrast 851/1307
deg_analysis_31136303_25.out:    Running contrast 856/1307
deg_analysis_31136303_25.out:    Running contrast 861/1307
deg_analysis_31136303_25.out:    Running contrast 866/1307
deg_analysis_31136303_25.out:    Running contrast 871/1307
deg_analysis_31136303_25.out:    Running contrast 876/1307
deg_analysis_31136303_25.out:    Running contrast 881/1307
deg_analysis_31136303_25.out:    Running contrast 886/1307
deg_analysis_31136303_25.out:    Running contrast 891/1307
deg_analysis_31136303_25.out:    Running contrast 896/1307
deg_analysis_31136303_25.out:    Running contrast 901/1307
deg_analysis_31136303_25.out:    Running contrast 906/1307
deg_analysis_31136303_25.out:    Running contrast 911/1307
deg_analysis_31136303_25.out:    Running contrast 916/1307
deg_analysis_31136303_25.out:    Running contrast 921/1307
deg_analysis_31136303_25.out:    Running contrast 926/1307
deg_analysis_31136303_25.out:    Running contrast 931/1307
deg_analysis_31136303_25.out:    Running contrast 936/1307
deg_analysis_31136303_25.out:    Running contrast 941/1307
deg_analysis_31136303_25.out:    Running contrast 946/1307
deg_analysis_31136303_25.out:    Running contrast 951/1307
deg_analysis_31136303_25.out:    Running contrast 956/1307
deg_analysis_31136303_25.out:    Running contrast 961/1307
deg_analysis_31136303_25.out:    Running contrast 966/1307
deg_analysis_31136303_25.out:    Running contrast 971/1307
deg_analysis_31136303_25.out:    Running contrast 976/1307
deg_analysis_31136303_25.out:    Running contrast 981/1307
deg_analysis_31136303_25.out:    Running contrast 986/1307
deg_analysis_31136303_25.out:    Running contrast 991/1307
deg_analysis_31136303_25.out:    Running contrast 996/1307
deg_analysis_31136303_25.out:    Running contrast 1001/1307
deg_analysis_31136303_25.out:    Running contrast 1006/1307
deg_analysis_31136303_25.out:    Running contrast 1011/1307
deg_analysis_31136303_25.out:    Running contrast 1016/1307
deg_analysis_31136303_25.out:    Running contrast 1021/1307
deg_analysis_31136303_25.out:    Running contrast 1026/1307
deg_analysis_31136303_25.out:    Running contrast 1031/1307
deg_analysis_31136303_25.out:    Running contrast 1036/1307
deg_analysis_31136303_25.out:    Running contrast 1041/1307
deg_analysis_31136303_25.out:    Running contrast 1046/1307
deg_analysis_31136303_25.out:    Running contrast 1051/1307
deg_analysis_31136303_25.out:    Running contrast 1056/1307
deg_analysis_31136303_25.out:    Running contrast 1061/1307
deg_analysis_31136303_25.out:    Running contrast 1066/1307
deg_analysis_31136303_25.out:    Running contrast 1071/1307
deg_analysis_31136303_25.out:    Running contrast 1076/1307
deg_analysis_31136303_25.out:    Running contrast 1081/1307
deg_analysis_31136303_25.out:    Running contrast 1086/1307
deg_analysis_31136303_25.out:    Running contrast 1091/1307
deg_analysis_31136303_25.out:    Running contrast 1096/1307
deg_analysis_31136303_25.out:    Running contrast 1101/1307
deg_analysis_31136303_25.out:    Running contrast 1106/1307
deg_analysis_31136303_25.out:    Running contrast 1111/1307
deg_analysis_31136303_25.out:    Running contrast 1116/1307
deg_analysis_31136303_25.out:    Running contrast 1121/1307
deg_analysis_31136303_25.out:    Running contrast 1126/1307
deg_analysis_31136303_25.out:    Running contrast 1131/1307
deg_analysis_31136303_25.out:    Running contrast 1136/1307
deg_analysis_31136303_25.out:    Running contrast 1141/1307
deg_analysis_31136303_25.out:    Running contrast 1146/1307
deg_analysis_31136303_25.out:    Running contrast 1151/1307
deg_analysis_31136303_25.out:    Running contrast 1156/1307
deg_analysis_31136303_25.out:    Running contrast 1161/1307
deg_analysis_31136303_25.out:    Running contrast 1166/1307
deg_analysis_31136303_25.out:    Running contrast 1171/1307
deg_analysis_31136303_25.out:    Running contrast 1176/1307
deg_analysis_31136303_25.out:    Running contrast 1181/1307
deg_analysis_31136303_25.out:    Running contrast 1186/1307
deg_analysis_31136303_25.out:    Running contrast 1191/1307
deg_analysis_31136303_25.out:    Running contrast 1196/1307
deg_analysis_31136303_25.out:    Running contrast 1201/1307
deg_analysis_31136303_25.out:    Running contrast 1206/1307
deg_analysis_31136303_25.out:    Running contrast 1211/1307
deg_analysis_31136303_25.out:    Running contrast 1216/1307
deg_analysis_31136303_25.out:    Running contrast 1221/1307
deg_analysis_31136303_25.out:    Running contrast 1226/1307
deg_analysis_31136303_25.out:    Running contrast 1231/1307
deg_analysis_31136303_25.out:    Running contrast 1236/1307
deg_analysis_31136303_25.out:    Running contrast 1241/1307
deg_analysis_31136303_25.out:    Running contrast 1246/1307
deg_analysis_31136303_25.out:    Running contrast 1251/1307
deg_analysis_31136303_25.out:    Running contrast 1256/1307
deg_analysis_31136303_25.out:    Running contrast 1261/1307
deg_analysis_31136303_25.out:    Running contrast 1266/1307
deg_analysis_31136303_25.out:    Running contrast 1271/1307
deg_analysis_31136303_25.out:    Running contrast 1276/1307
deg_analysis_31136303_25.out:    Running contrast 1281/1307
deg_analysis_31136303_25.out:    Running contrast 1286/1307
deg_analysis_31136303_25.out:    Running contrast 1291/1307
deg_analysis_31136303_25.out:    Running contrast 1296/1307
deg_analysis_31136303_25.out:    Running contrast 1301/1307
deg_analysis_31136303_25.out:    Running contrast 1306/1307
deg_analysis_31136303_25.out:    Running contrast 1307/1307
deg_analysis_31136303_25.out:
deg_analysis_31136303_25.out:    Writing:  ./data/tahoe/deg_data/sep_rep/full/qc_false/filter_min_cells_10/CVCL_1094_de.h5ad 
deg_analysis_31136303_25.out:
deg_analysis_31136303_25.out:    Rewriting h5ad file: ./data/tahoe/deg_data/sep_rep/full/qc_false/filter_min_cells_10/CVCL_1094_de.h5ad 
deg_analysis_31136303_25.out:    Removed X matrix
deg_analysis_31136303_25.out:    Rewriting h5ad file is done!
deg_analysis_31136303_25.out:✓ Cell line completed in 9637.9 seconds
deg_analysis_31136303_25.out:
deg_analysis_31136303_25.out:DE analysis completed!
deg_analysis_31136303_25.out:
deg_analysis_31136303_25.out:Total runtime: 9686.2 seconds
deg_analysis_31136303_26.out:
deg_analysis_31136303_26.out:DE analysis started...
deg_analysis_31136303_26.out:Loaded input file:  ./data/tahoe/pseudobulk_processed/sep_rep/by_celltype/CVCL_1097_processed.h5ad 
deg_analysis_31136303_26.out:Initial dimensions:  1341  samples ×  62710  genes
deg_analysis_31136303_26.out:Filter samples with the low number of cells
deg_analysis_31136303_26.out:    Filter threshold (min_cells):  10 
deg_analysis_31136303_26.out:    n_obs:  1341 -->  1334 
deg_analysis_31136303_26.out:
deg_analysis_31136303_26.out:▶︎ Processing cell_type  1 / 1 :  CVCL_1097 
deg_analysis_31136303_26.out:    Filter controls by  pert_time_h  column
deg_analysis_31136303_26.out:        n_obs:  1334 -->  1334 
deg_analysis_31136303_26.out:
deg_analysis_31136303_26.out:    Running contrast 1/1306
deg_analysis_31136303_26.out:    Running contrast 6/1306
deg_analysis_31136303_26.out:    Running contrast 11/1306
deg_analysis_31136303_26.out:    Running contrast 16/1306
deg_analysis_31136303_26.out:    Running contrast 21/1306
deg_analysis_31136303_26.out:    Running contrast 26/1306
deg_analysis_31136303_26.out:    Running contrast 31/1306
deg_analysis_31136303_26.out:    Running contrast 36/1306
deg_analysis_31136303_26.out:    Running contrast 41/1306
deg_analysis_31136303_26.out:    Running contrast 46/1306
deg_analysis_31136303_26.out:    Running contrast 51/1306
deg_analysis_31136303_26.out:    Running contrast 56/1306
deg_analysis_31136303_26.out:    Running contrast 61/1306
deg_analysis_31136303_26.out:    Running contrast 66/1306
deg_analysis_31136303_26.out:    Running contrast 71/1306
deg_analysis_31136303_26.out:    Running contrast 76/1306
deg_analysis_31136303_26.out:    Running contrast 81/1306
deg_analysis_31136303_26.out:    Running contrast 86/1306
deg_analysis_31136303_26.out:    Running contrast 91/1306
deg_analysis_31136303_26.out:    Running contrast 96/1306
deg_analysis_31136303_26.out:    Running contrast 101/1306
deg_analysis_31136303_26.out:    Running contrast 106/1306
deg_analysis_31136303_26.out:    Running contrast 111/1306
deg_analysis_31136303_26.out:    Running contrast 116/1306
deg_analysis_31136303_26.out:    Running contrast 121/1306
deg_analysis_31136303_26.out:    Running contrast 126/1306
deg_analysis_31136303_26.out:    Running contrast 131/1306
deg_analysis_31136303_26.out:    Running contrast 136/1306
deg_analysis_31136303_26.out:    Running contrast 141/1306
deg_analysis_31136303_26.out:    Running contrast 146/1306
deg_analysis_31136303_26.out:    Running contrast 151/1306
deg_analysis_31136303_26.out:    Running contrast 156/1306
deg_analysis_31136303_26.out:    Running contrast 161/1306
deg_analysis_31136303_26.out:    Running contrast 166/1306
deg_analysis_31136303_26.out:    Running contrast 171/1306
deg_analysis_31136303_26.out:    Running contrast 176/1306
deg_analysis_31136303_26.out:    Running contrast 181/1306
deg_analysis_31136303_26.out:    Running contrast 186/1306
deg_analysis_31136303_26.out:    Running contrast 191/1306
deg_analysis_31136303_26.out:    Running contrast 196/1306
deg_analysis_31136303_26.out:    Running contrast 201/1306
deg_analysis_31136303_26.out:    Running contrast 206/1306
deg_analysis_31136303_26.out:    Running contrast 211/1306
deg_analysis_31136303_26.out:    Running contrast 216/1306
deg_analysis_31136303_26.out:    Running contrast 221/1306
deg_analysis_31136303_26.out:    Running contrast 226/1306
deg_analysis_31136303_26.out:    Running contrast 231/1306
deg_analysis_31136303_26.out:    Running contrast 236/1306
deg_analysis_31136303_26.out:    Running contrast 241/1306
deg_analysis_31136303_26.out:    Running contrast 246/1306
deg_analysis_31136303_26.out:    Running contrast 251/1306
deg_analysis_31136303_26.out:    Running contrast 256/1306
deg_analysis_31136303_26.out:    Running contrast 261/1306
deg_analysis_31136303_26.out:    Running contrast 266/1306
deg_analysis_31136303_26.out:    Running contrast 271/1306
deg_analysis_31136303_26.out:    Running contrast 276/1306
deg_analysis_31136303_26.out:    Running contrast 281/1306
deg_analysis_31136303_26.out:    Running contrast 286/1306
deg_analysis_31136303_26.out:    Running contrast 291/1306
deg_analysis_31136303_26.out:    Running contrast 296/1306
deg_analysis_31136303_26.out:    Running contrast 301/1306
deg_analysis_31136303_26.out:    Running contrast 306/1306
deg_analysis_31136303_26.out:    Running contrast 311/1306
deg_analysis_31136303_26.out:    Running contrast 316/1306
deg_analysis_31136303_26.out:    Running contrast 321/1306
deg_analysis_31136303_26.out:    Running contrast 326/1306
deg_analysis_31136303_26.out:    Running contrast 331/1306
deg_analysis_31136303_26.out:    Running contrast 336/1306
deg_analysis_31136303_26.out:    Running contrast 341/1306
deg_analysis_31136303_26.out:    Running contrast 346/1306
deg_analysis_31136303_26.out:    Running contrast 351/1306
deg_analysis_31136303_26.out:    Running contrast 356/1306
deg_analysis_31136303_26.out:    Running contrast 361/1306
deg_analysis_31136303_26.out:    Running contrast 366/1306
deg_analysis_31136303_26.out:    Running contrast 371/1306
deg_analysis_31136303_26.out:    Running contrast 376/1306
deg_analysis_31136303_26.out:    Running contrast 381/1306
deg_analysis_31136303_26.out:    Running contrast 386/1306
deg_analysis_31136303_26.out:    Running contrast 391/1306
deg_analysis_31136303_26.out:    Running contrast 396/1306
deg_analysis_31136303_26.out:    Running contrast 401/1306
deg_analysis_31136303_26.out:    Running contrast 406/1306
deg_analysis_31136303_26.out:    Running contrast 411/1306
deg_analysis_31136303_26.out:    Running contrast 416/1306
deg_analysis_31136303_26.out:    Running contrast 421/1306
deg_analysis_31136303_26.out:    Running contrast 426/1306
deg_analysis_31136303_26.out:    Running contrast 431/1306
deg_analysis_31136303_26.out:    Running contrast 436/1306
deg_analysis_31136303_26.out:    Running contrast 441/1306
deg_analysis_31136303_26.out:    Running contrast 446/1306
deg_analysis_31136303_26.out:    Running contrast 451/1306
deg_analysis_31136303_26.out:    Running contrast 456/1306
deg_analysis_31136303_26.out:    Running contrast 461/1306
deg_analysis_31136303_26.out:    Running contrast 466/1306
deg_analysis_31136303_26.out:    Running contrast 471/1306
deg_analysis_31136303_26.out:    Running contrast 476/1306
deg_analysis_31136303_26.out:    Running contrast 481/1306
deg_analysis_31136303_26.out:    Running contrast 486/1306
deg_analysis_31136303_26.out:    Running contrast 491/1306
deg_analysis_31136303_26.out:    Running contrast 496/1306
deg_analysis_31136303_26.out:    Running contrast 501/1306
deg_analysis_31136303_26.out:    Running contrast 506/1306
deg_analysis_31136303_26.out:    Running contrast 511/1306
deg_analysis_31136303_26.out:    Running contrast 516/1306
deg_analysis_31136303_26.out:    Running contrast 521/1306
deg_analysis_31136303_26.out:    Running contrast 526/1306
deg_analysis_31136303_26.out:    Running contrast 531/1306
deg_analysis_31136303_26.out:    Running contrast 536/1306
deg_analysis_31136303_26.out:    Running contrast 541/1306
deg_analysis_31136303_26.out:    Running contrast 546/1306
deg_analysis_31136303_26.out:    Running contrast 551/1306
deg_analysis_31136303_26.out:    Running contrast 556/1306
deg_analysis_31136303_26.out:    Running contrast 561/1306
deg_analysis_31136303_26.out:    Running contrast 566/1306
deg_analysis_31136303_26.out:    Running contrast 571/1306
deg_analysis_31136303_26.out:    Running contrast 576/1306
deg_analysis_31136303_26.out:    Running contrast 581/1306
deg_analysis_31136303_26.out:    Running contrast 586/1306
deg_analysis_31136303_26.out:    Running contrast 591/1306
deg_analysis_31136303_26.out:    Running contrast 596/1306
deg_analysis_31136303_26.out:    Running contrast 601/1306
deg_analysis_31136303_26.out:    Running contrast 606/1306
deg_analysis_31136303_26.out:    Running contrast 611/1306
deg_analysis_31136303_26.out:    Running contrast 616/1306
deg_analysis_31136303_26.out:    Running contrast 621/1306
deg_analysis_31136303_26.out:    Running contrast 626/1306
deg_analysis_31136303_26.out:    Running contrast 631/1306
deg_analysis_31136303_26.out:    Running contrast 636/1306
deg_analysis_31136303_26.out:    Running contrast 641/1306
deg_analysis_31136303_26.out:    Running contrast 646/1306
deg_analysis_31136303_26.out:    Running contrast 651/1306
deg_analysis_31136303_26.out:    Running contrast 656/1306
deg_analysis_31136303_26.out:    Running contrast 661/1306
deg_analysis_31136303_26.out:    Running contrast 666/1306
deg_analysis_31136303_26.out:    Running contrast 671/1306
deg_analysis_31136303_26.out:    Running contrast 676/1306
deg_analysis_31136303_26.out:    Running contrast 681/1306
deg_analysis_31136303_26.out:    Running contrast 686/1306
deg_analysis_31136303_26.out:    Running contrast 691/1306
deg_analysis_31136303_26.out:    Running contrast 696/1306
deg_analysis_31136303_26.out:    Running contrast 701/1306
deg_analysis_31136303_26.out:    Running contrast 706/1306
deg_analysis_31136303_26.out:    Running contrast 711/1306
deg_analysis_31136303_26.out:    Running contrast 716/1306
deg_analysis_31136303_26.out:    Running contrast 721/1306
deg_analysis_31136303_26.out:    Running contrast 726/1306
deg_analysis_31136303_26.out:    Running contrast 731/1306
deg_analysis_31136303_26.out:    Running contrast 736/1306
deg_analysis_31136303_26.out:    Running contrast 741/1306
deg_analysis_31136303_26.out:    Running contrast 746/1306
deg_analysis_31136303_26.out:    Running contrast 751/1306
deg_analysis_31136303_26.out:    Running contrast 756/1306
deg_analysis_31136303_26.out:    Running contrast 761/1306
deg_analysis_31136303_26.out:    Running contrast 766/1306
deg_analysis_31136303_26.out:    Running contrast 771/1306
deg_analysis_31136303_26.out:    Running contrast 776/1306
deg_analysis_31136303_26.out:    Running contrast 781/1306
deg_analysis_31136303_26.out:    Running contrast 786/1306
deg_analysis_31136303_26.out:    Running contrast 791/1306
deg_analysis_31136303_26.out:    Running contrast 796/1306
deg_analysis_31136303_26.out:    Running contrast 801/1306
deg_analysis_31136303_26.out:    Running contrast 806/1306
deg_analysis_31136303_26.out:    Running contrast 811/1306
deg_analysis_31136303_26.out:    Running contrast 816/1306
deg_analysis_31136303_26.out:    Running contrast 821/1306
deg_analysis_31136303_26.out:    Running contrast 826/1306
deg_analysis_31136303_26.out:    Running contrast 831/1306
deg_analysis_31136303_26.out:    Running contrast 836/1306
deg_analysis_31136303_26.out:    Running contrast 841/1306
deg_analysis_31136303_26.out:    Running contrast 846/1306
deg_analysis_31136303_26.out:    Running contrast 851/1306
deg_analysis_31136303_26.out:    Running contrast 856/1306
deg_analysis_31136303_26.out:    Running contrast 861/1306
deg_analysis_31136303_26.out:    Running contrast 866/1306
deg_analysis_31136303_26.out:    Running contrast 871/1306
deg_analysis_31136303_26.out:    Running contrast 876/1306
deg_analysis_31136303_26.out:    Running contrast 881/1306
deg_analysis_31136303_26.out:    Running contrast 886/1306
deg_analysis_31136303_26.out:    Running contrast 891/1306
deg_analysis_31136303_26.out:    Running contrast 896/1306
deg_analysis_31136303_26.out:    Running contrast 901/1306
deg_analysis_31136303_26.out:    Running contrast 906/1306
deg_analysis_31136303_26.out:    Running contrast 911/1306
deg_analysis_31136303_26.out:    Running contrast 916/1306
deg_analysis_31136303_26.out:    Running contrast 921/1306
deg_analysis_31136303_26.out:    Running contrast 926/1306
deg_analysis_31136303_26.out:    Running contrast 931/1306
deg_analysis_31136303_26.out:    Running contrast 936/1306
deg_analysis_31136303_26.out:    Running contrast 941/1306
deg_analysis_31136303_26.out:    Running contrast 946/1306
deg_analysis_31136303_26.out:    Running contrast 951/1306
deg_analysis_31136303_26.out:    Running contrast 956/1306
deg_analysis_31136303_26.out:    Running contrast 961/1306
deg_analysis_31136303_26.out:    Running contrast 966/1306
deg_analysis_31136303_26.out:    Running contrast 971/1306
deg_analysis_31136303_26.out:    Running contrast 976/1306
deg_analysis_31136303_26.out:    Running contrast 981/1306
deg_analysis_31136303_26.out:    Running contrast 986/1306
deg_analysis_31136303_26.out:    Running contrast 991/1306
deg_analysis_31136303_26.out:    Running contrast 996/1306
deg_analysis_31136303_26.out:    Running contrast 1001/1306
deg_analysis_31136303_26.out:    Running contrast 1006/1306
deg_analysis_31136303_26.out:    Running contrast 1011/1306
deg_analysis_31136303_26.out:    Running contrast 1016/1306
deg_analysis_31136303_26.out:    Running contrast 1021/1306
deg_analysis_31136303_26.out:    Running contrast 1026/1306
deg_analysis_31136303_26.out:    Running contrast 1031/1306
deg_analysis_31136303_26.out:    Running contrast 1036/1306
deg_analysis_31136303_26.out:    Running contrast 1041/1306
deg_analysis_31136303_26.out:    Running contrast 1046/1306
deg_analysis_31136303_26.out:    Running contrast 1051/1306
deg_analysis_31136303_26.out:    Running contrast 1056/1306
deg_analysis_31136303_26.out:    Running contrast 1061/1306
deg_analysis_31136303_26.out:    Running contrast 1066/1306
deg_analysis_31136303_26.out:    Running contrast 1071/1306
deg_analysis_31136303_26.out:    Running contrast 1076/1306
deg_analysis_31136303_26.out:    Running contrast 1081/1306
deg_analysis_31136303_26.out:    Running contrast 1086/1306
deg_analysis_31136303_26.out:    Running contrast 1091/1306
deg_analysis_31136303_26.out:    Running contrast 1096/1306
deg_analysis_31136303_26.out:    Running contrast 1101/1306
deg_analysis_31136303_26.out:    Running contrast 1106/1306
deg_analysis_31136303_26.out:    Running contrast 1111/1306
deg_analysis_31136303_26.out:    Running contrast 1116/1306
deg_analysis_31136303_26.out:    Running contrast 1121/1306
deg_analysis_31136303_26.out:    Running contrast 1126/1306
deg_analysis_31136303_26.out:    Running contrast 1131/1306
deg_analysis_31136303_26.out:    Running contrast 1136/1306
deg_analysis_31136303_26.out:    Running contrast 1141/1306
deg_analysis_31136303_26.out:    Running contrast 1146/1306
deg_analysis_31136303_26.out:    Running contrast 1151/1306
deg_analysis_31136303_26.out:    Running contrast 1156/1306
deg_analysis_31136303_26.out:    Running contrast 1161/1306
deg_analysis_31136303_26.out:    Running contrast 1166/1306
deg_analysis_31136303_26.out:    Running contrast 1171/1306
deg_analysis_31136303_26.out:    Running contrast 1176/1306
deg_analysis_31136303_26.out:    Running contrast 1181/1306
deg_analysis_31136303_26.out:    Running contrast 1186/1306
deg_analysis_31136303_26.out:    Running contrast 1191/1306
deg_analysis_31136303_26.out:    Running contrast 1196/1306
deg_analysis_31136303_26.out:    Running contrast 1201/1306
deg_analysis_31136303_26.out:    Running contrast 1206/1306
deg_analysis_31136303_26.out:    Running contrast 1211/1306
deg_analysis_31136303_26.out:    Running contrast 1216/1306
deg_analysis_31136303_26.out:    Running contrast 1221/1306
deg_analysis_31136303_26.out:    Running contrast 1226/1306
deg_analysis_31136303_26.out:    Running contrast 1231/1306
deg_analysis_31136303_26.out:    Running contrast 1236/1306
deg_analysis_31136303_26.out:    Running contrast 1241/1306
deg_analysis_31136303_26.out:    Running contrast 1246/1306
deg_analysis_31136303_26.out:    Running contrast 1251/1306
deg_analysis_31136303_26.out:    Running contrast 1256/1306
deg_analysis_31136303_26.out:    Running contrast 1261/1306
deg_analysis_31136303_26.out:    Running contrast 1266/1306
deg_analysis_31136303_26.out:    Running contrast 1271/1306
deg_analysis_31136303_26.out:    Running contrast 1276/1306
deg_analysis_31136303_26.out:    Running contrast 1281/1306
deg_analysis_31136303_26.out:    Running contrast 1286/1306
deg_analysis_31136303_26.out:    Running contrast 1291/1306
deg_analysis_31136303_26.out:    Running contrast 1296/1306
deg_analysis_31136303_26.out:    Running contrast 1301/1306
deg_analysis_31136303_26.out:    Running contrast 1306/1306
deg_analysis_31136303_26.out:
deg_analysis_31136303_26.out:    Writing:  ./data/tahoe/deg_data/sep_rep/full/qc_false/filter_min_cells_10/CVCL_1097_de.h5ad 
deg_analysis_31136303_26.out:
deg_analysis_31136303_26.out:    Rewriting h5ad file: ./data/tahoe/deg_data/sep_rep/full/qc_false/filter_min_cells_10/CVCL_1097_de.h5ad 
deg_analysis_31136303_26.out:    Removed X matrix
deg_analysis_31136303_26.out:    Rewriting h5ad file is done!
deg_analysis_31136303_26.out:✓ Cell line completed in 10117.7 seconds
deg_analysis_31136303_26.out:
deg_analysis_31136303_26.out:DE analysis completed!
deg_analysis_31136303_26.out:
deg_analysis_31136303_26.out:Total runtime: 10136.8 seconds
deg_analysis_31136303_27.out:
deg_analysis_31136303_27.out:DE analysis started...
deg_analysis_31136303_27.out:Loaded input file:  ./data/tahoe/pseudobulk_processed/sep_rep/by_celltype/CVCL_1098_processed.h5ad 
deg_analysis_31136303_27.out:Initial dimensions:  1342  samples ×  62710  genes
deg_analysis_31136303_27.out:Filter samples with the low number of cells
deg_analysis_31136303_27.out:    Filter threshold (min_cells):  10 
deg_analysis_31136303_27.out:    n_obs:  1342 -->  1333 
deg_analysis_31136303_27.out:
deg_analysis_31136303_27.out:▶︎ Processing cell_type  1 / 1 :  CVCL_1098 
deg_analysis_31136303_27.out:    Filter controls by  pert_time_h  column
deg_analysis_31136303_27.out:        n_obs:  1333 -->  1333 
deg_analysis_31136303_27.out:
deg_analysis_31136303_27.out:    Running contrast 1/1305
deg_analysis_31136303_27.out:    Running contrast 6/1305
deg_analysis_31136303_27.out:    Running contrast 11/1305
deg_analysis_31136303_27.out:    Running contrast 16/1305
deg_analysis_31136303_27.out:    Running contrast 21/1305
deg_analysis_31136303_27.out:    Running contrast 26/1305
deg_analysis_31136303_27.out:    Running contrast 31/1305
deg_analysis_31136303_27.out:    Running contrast 36/1305
deg_analysis_31136303_27.out:    Running contrast 41/1305
deg_analysis_31136303_27.out:    Running contrast 46/1305
deg_analysis_31136303_27.out:    Running contrast 51/1305
deg_analysis_31136303_27.out:    Running contrast 56/1305
deg_analysis_31136303_27.out:    Running contrast 61/1305
deg_analysis_31136303_27.out:    Running contrast 66/1305
deg_analysis_31136303_27.out:    Running contrast 71/1305
deg_analysis_31136303_27.out:    Running contrast 76/1305
deg_analysis_31136303_27.out:    Running contrast 81/1305
deg_analysis_31136303_27.out:    Running contrast 86/1305
deg_analysis_31136303_27.out:    Running contrast 91/1305
deg_analysis_31136303_27.out:    Running contrast 96/1305
deg_analysis_31136303_27.out:    Running contrast 101/1305
deg_analysis_31136303_27.out:    Running contrast 106/1305
deg_analysis_31136303_27.out:    Running contrast 111/1305
deg_analysis_31136303_27.out:    Running contrast 116/1305
deg_analysis_31136303_27.out:    Running contrast 121/1305
deg_analysis_31136303_27.out:    Running contrast 126/1305
deg_analysis_31136303_27.out:    Running contrast 131/1305
deg_analysis_31136303_27.out:    Running contrast 136/1305
deg_analysis_31136303_27.out:    Running contrast 141/1305
deg_analysis_31136303_27.out:    Running contrast 146/1305
deg_analysis_31136303_27.out:    Running contrast 151/1305
deg_analysis_31136303_27.out:    Running contrast 156/1305
deg_analysis_31136303_27.out:    Running contrast 161/1305
deg_analysis_31136303_27.out:    Running contrast 166/1305
deg_analysis_31136303_27.out:    Running contrast 171/1305
deg_analysis_31136303_27.out:    Running contrast 176/1305
deg_analysis_31136303_27.out:    Running contrast 181/1305
deg_analysis_31136303_27.out:    Running contrast 186/1305
deg_analysis_31136303_27.out:    Running contrast 191/1305
deg_analysis_31136303_27.out:    Running contrast 196/1305
deg_analysis_31136303_27.out:    Running contrast 201/1305
deg_analysis_31136303_27.out:    Running contrast 206/1305
deg_analysis_31136303_27.out:    Running contrast 211/1305
deg_analysis_31136303_27.out:    Running contrast 216/1305
deg_analysis_31136303_27.out:    Running contrast 221/1305
deg_analysis_31136303_27.out:    Running contrast 226/1305
deg_analysis_31136303_27.out:    Running contrast 231/1305
deg_analysis_31136303_27.out:    Running contrast 236/1305
deg_analysis_31136303_27.out:    Running contrast 241/1305
deg_analysis_31136303_27.out:    Running contrast 246/1305
deg_analysis_31136303_27.out:    Running contrast 251/1305
deg_analysis_31136303_27.out:    Running contrast 256/1305
deg_analysis_31136303_27.out:    Running contrast 261/1305
deg_analysis_31136303_27.out:    Running contrast 266/1305
deg_analysis_31136303_27.out:    Running contrast 271/1305
deg_analysis_31136303_27.out:    Running contrast 276/1305
deg_analysis_31136303_27.out:    Running contrast 281/1305
deg_analysis_31136303_27.out:    Running contrast 286/1305
deg_analysis_31136303_27.out:    Running contrast 291/1305
deg_analysis_31136303_27.out:    Running contrast 296/1305
deg_analysis_31136303_27.out:    Running contrast 301/1305
deg_analysis_31136303_27.out:    Running contrast 306/1305
deg_analysis_31136303_27.out:    Running contrast 311/1305
deg_analysis_31136303_27.out:    Running contrast 316/1305
deg_analysis_31136303_27.out:    Running contrast 321/1305
deg_analysis_31136303_27.out:    Running contrast 326/1305
deg_analysis_31136303_27.out:    Running contrast 331/1305
deg_analysis_31136303_27.out:    Running contrast 336/1305
deg_analysis_31136303_27.out:    Running contrast 341/1305
deg_analysis_31136303_27.out:    Running contrast 346/1305
deg_analysis_31136303_27.out:    Running contrast 351/1305
deg_analysis_31136303_27.out:    Running contrast 356/1305
deg_analysis_31136303_27.out:    Running contrast 361/1305
deg_analysis_31136303_27.out:    Running contrast 366/1305
deg_analysis_31136303_27.out:    Running contrast 371/1305
deg_analysis_31136303_27.out:    Running contrast 376/1305
deg_analysis_31136303_27.out:    Running contrast 381/1305
deg_analysis_31136303_27.out:    Running contrast 386/1305
deg_analysis_31136303_27.out:    Running contrast 391/1305
deg_analysis_31136303_27.out:    Running contrast 396/1305
deg_analysis_31136303_27.out:    Running contrast 401/1305
deg_analysis_31136303_27.out:    Running contrast 406/1305
deg_analysis_31136303_27.out:    Running contrast 411/1305
deg_analysis_31136303_27.out:    Running contrast 416/1305
deg_analysis_31136303_27.out:    Running contrast 421/1305
deg_analysis_31136303_27.out:    Running contrast 426/1305
deg_analysis_31136303_27.out:    Running contrast 431/1305
deg_analysis_31136303_27.out:    Running contrast 436/1305
deg_analysis_31136303_27.out:    Running contrast 441/1305
deg_analysis_31136303_27.out:    Running contrast 446/1305
deg_analysis_31136303_27.out:    Running contrast 451/1305
deg_analysis_31136303_27.out:    Running contrast 456/1305
deg_analysis_31136303_27.out:    Running contrast 461/1305
deg_analysis_31136303_27.out:    Running contrast 466/1305
deg_analysis_31136303_27.out:    Running contrast 471/1305
deg_analysis_31136303_27.out:    Running contrast 476/1305
deg_analysis_31136303_27.out:    Running contrast 481/1305
deg_analysis_31136303_27.out:    Running contrast 486/1305
deg_analysis_31136303_27.out:    Running contrast 491/1305
deg_analysis_31136303_27.out:    Running contrast 496/1305
deg_analysis_31136303_27.out:    Running contrast 501/1305
deg_analysis_31136303_27.out:    Running contrast 506/1305
deg_analysis_31136303_27.out:    Running contrast 511/1305
deg_analysis_31136303_27.out:    Running contrast 516/1305
deg_analysis_31136303_27.out:    Running contrast 521/1305
deg_analysis_31136303_27.out:    Running contrast 526/1305
deg_analysis_31136303_27.out:    Running contrast 531/1305
deg_analysis_31136303_27.out:    Running contrast 536/1305
deg_analysis_31136303_27.out:    Running contrast 541/1305
deg_analysis_31136303_27.out:    Running contrast 546/1305
deg_analysis_31136303_27.out:    Running contrast 551/1305
deg_analysis_31136303_27.out:    Running contrast 556/1305
deg_analysis_31136303_27.out:    Running contrast 561/1305
deg_analysis_31136303_27.out:    Running contrast 566/1305
deg_analysis_31136303_27.out:    Running contrast 571/1305
deg_analysis_31136303_27.out:    Running contrast 576/1305
deg_analysis_31136303_27.out:    Running contrast 581/1305
deg_analysis_31136303_27.out:    Running contrast 586/1305
deg_analysis_31136303_27.out:    Running contrast 591/1305
deg_analysis_31136303_27.out:    Running contrast 596/1305
deg_analysis_31136303_27.out:    Running contrast 601/1305
deg_analysis_31136303_27.out:    Running contrast 606/1305
deg_analysis_31136303_27.out:    Running contrast 611/1305
deg_analysis_31136303_27.out:    Running contrast 616/1305
deg_analysis_31136303_27.out:    Running contrast 621/1305
deg_analysis_31136303_27.out:    Running contrast 626/1305
deg_analysis_31136303_27.out:    Running contrast 631/1305
deg_analysis_31136303_27.out:    Running contrast 636/1305
deg_analysis_31136303_27.out:    Running contrast 641/1305
deg_analysis_31136303_27.out:    Running contrast 646/1305
deg_analysis_31136303_27.out:    Running contrast 651/1305
deg_analysis_31136303_27.out:    Running contrast 656/1305
deg_analysis_31136303_27.out:    Running contrast 661/1305
deg_analysis_31136303_27.out:    Running contrast 666/1305
deg_analysis_31136303_27.out:    Running contrast 671/1305
deg_analysis_31136303_27.out:    Running contrast 676/1305
deg_analysis_31136303_27.out:    Running contrast 681/1305
deg_analysis_31136303_27.out:    Running contrast 686/1305
deg_analysis_31136303_27.out:    Running contrast 691/1305
deg_analysis_31136303_27.out:    Running contrast 696/1305
deg_analysis_31136303_27.out:    Running contrast 701/1305
deg_analysis_31136303_27.out:    Running contrast 706/1305
deg_analysis_31136303_27.out:    Running contrast 711/1305
deg_analysis_31136303_27.out:    Running contrast 716/1305
deg_analysis_31136303_27.out:    Running contrast 721/1305
deg_analysis_31136303_27.out:    Running contrast 726/1305
deg_analysis_31136303_27.out:    Running contrast 731/1305
deg_analysis_31136303_27.out:    Running contrast 736/1305
deg_analysis_31136303_27.out:    Running contrast 741/1305
deg_analysis_31136303_27.out:    Running contrast 746/1305
deg_analysis_31136303_27.out:    Running contrast 751/1305
deg_analysis_31136303_27.out:    Running contrast 756/1305
deg_analysis_31136303_27.out:    Running contrast 761/1305
deg_analysis_31136303_27.out:    Running contrast 766/1305
deg_analysis_31136303_27.out:    Running contrast 771/1305
deg_analysis_31136303_27.out:    Running contrast 776/1305
deg_analysis_31136303_27.out:    Running contrast 781/1305
deg_analysis_31136303_27.out:    Running contrast 786/1305
deg_analysis_31136303_27.out:    Running contrast 791/1305
deg_analysis_31136303_27.out:    Running contrast 796/1305
deg_analysis_31136303_27.out:    Running contrast 801/1305
deg_analysis_31136303_27.out:    Running contrast 806/1305
deg_analysis_31136303_27.out:    Running contrast 811/1305
deg_analysis_31136303_27.out:    Running contrast 816/1305
deg_analysis_31136303_27.out:    Running contrast 821/1305
deg_analysis_31136303_27.out:    Running contrast 826/1305
deg_analysis_31136303_27.out:    Running contrast 831/1305
deg_analysis_31136303_27.out:    Running contrast 836/1305
deg_analysis_31136303_27.out:    Running contrast 841/1305
deg_analysis_31136303_27.out:    Running contrast 846/1305
deg_analysis_31136303_27.out:    Running contrast 851/1305
deg_analysis_31136303_27.out:    Running contrast 856/1305
deg_analysis_31136303_27.out:    Running contrast 861/1305
deg_analysis_31136303_27.out:    Running contrast 866/1305
deg_analysis_31136303_27.out:    Running contrast 871/1305
deg_analysis_31136303_27.out:    Running contrast 876/1305
deg_analysis_31136303_27.out:    Running contrast 881/1305
deg_analysis_31136303_27.out:    Running contrast 886/1305
deg_analysis_31136303_27.out:    Running contrast 891/1305
deg_analysis_31136303_27.out:    Running contrast 896/1305
deg_analysis_31136303_27.out:    Running contrast 901/1305
deg_analysis_31136303_27.out:    Running contrast 906/1305
deg_analysis_31136303_27.out:    Running contrast 911/1305
deg_analysis_31136303_27.out:    Running contrast 916/1305
deg_analysis_31136303_27.out:    Running contrast 921/1305
deg_analysis_31136303_27.out:    Running contrast 926/1305
deg_analysis_31136303_27.out:    Running contrast 931/1305
deg_analysis_31136303_27.out:    Running contrast 936/1305
deg_analysis_31136303_27.out:    Running contrast 941/1305
deg_analysis_31136303_27.out:    Running contrast 946/1305
deg_analysis_31136303_27.out:    Running contrast 951/1305
deg_analysis_31136303_27.out:    Running contrast 956/1305
deg_analysis_31136303_27.out:    Running contrast 961/1305
deg_analysis_31136303_27.out:    Running contrast 966/1305
deg_analysis_31136303_27.out:    Running contrast 971/1305
deg_analysis_31136303_27.out:    Running contrast 976/1305
deg_analysis_31136303_27.out:    Running contrast 981/1305
deg_analysis_31136303_27.out:    Running contrast 986/1305
deg_analysis_31136303_27.out:    Running contrast 991/1305
deg_analysis_31136303_27.out:    Running contrast 996/1305
deg_analysis_31136303_27.out:    Running contrast 1001/1305
deg_analysis_31136303_27.out:    Running contrast 1006/1305
deg_analysis_31136303_27.out:    Running contrast 1011/1305
deg_analysis_31136303_27.out:    Running contrast 1016/1305
deg_analysis_31136303_27.out:    Running contrast 1021/1305
deg_analysis_31136303_27.out:    Running contrast 1026/1305
deg_analysis_31136303_27.out:    Running contrast 1031/1305
deg_analysis_31136303_27.out:    Running contrast 1036/1305
deg_analysis_31136303_27.out:    Running contrast 1041/1305
deg_analysis_31136303_27.out:    Running contrast 1046/1305
deg_analysis_31136303_27.out:    Running contrast 1051/1305
deg_analysis_31136303_27.out:    Running contrast 1056/1305
deg_analysis_31136303_27.out:    Running contrast 1061/1305
deg_analysis_31136303_27.out:    Running contrast 1066/1305
deg_analysis_31136303_27.out:    Running contrast 1071/1305
deg_analysis_31136303_27.out:    Running contrast 1076/1305
deg_analysis_31136303_27.out:    Running contrast 1081/1305
deg_analysis_31136303_27.out:    Running contrast 1086/1305
deg_analysis_31136303_27.out:    Running contrast 1091/1305
deg_analysis_31136303_27.out:    Running contrast 1096/1305
deg_analysis_31136303_27.out:    Running contrast 1101/1305
deg_analysis_31136303_27.out:    Running contrast 1106/1305
deg_analysis_31136303_27.out:    Running contrast 1111/1305
deg_analysis_31136303_27.out:    Running contrast 1116/1305
deg_analysis_31136303_27.out:    Running contrast 1121/1305
deg_analysis_31136303_27.out:    Running contrast 1126/1305
deg_analysis_31136303_27.out:    Running contrast 1131/1305
deg_analysis_31136303_27.out:    Running contrast 1136/1305
deg_analysis_31136303_27.out:    Running contrast 1141/1305
deg_analysis_31136303_27.out:    Running contrast 1146/1305
deg_analysis_31136303_27.out:    Running contrast 1151/1305
deg_analysis_31136303_27.out:    Running contrast 1156/1305
deg_analysis_31136303_27.out:    Running contrast 1161/1305
deg_analysis_31136303_27.out:    Running contrast 1166/1305
deg_analysis_31136303_27.out:    Running contrast 1171/1305
deg_analysis_31136303_27.out:    Running contrast 1176/1305
deg_analysis_31136303_27.out:    Running contrast 1181/1305
deg_analysis_31136303_27.out:    Running contrast 1186/1305
deg_analysis_31136303_27.out:    Running contrast 1191/1305
deg_analysis_31136303_27.out:    Running contrast 1196/1305
deg_analysis_31136303_27.out:    Running contrast 1201/1305
deg_analysis_31136303_27.out:    Running contrast 1206/1305
deg_analysis_31136303_27.out:    Running contrast 1211/1305
deg_analysis_31136303_27.out:    Running contrast 1216/1305
deg_analysis_31136303_27.out:    Running contrast 1221/1305
deg_analysis_31136303_27.out:    Running contrast 1226/1305
deg_analysis_31136303_27.out:    Running contrast 1231/1305
deg_analysis_31136303_27.out:    Running contrast 1236/1305
deg_analysis_31136303_27.out:    Running contrast 1241/1305
deg_analysis_31136303_27.out:    Running contrast 1246/1305
deg_analysis_31136303_27.out:    Running contrast 1251/1305
deg_analysis_31136303_27.out:    Running contrast 1256/1305
deg_analysis_31136303_27.out:    Running contrast 1261/1305
deg_analysis_31136303_27.out:    Running contrast 1266/1305
deg_analysis_31136303_27.out:    Running contrast 1271/1305
deg_analysis_31136303_27.out:    Running contrast 1276/1305
deg_analysis_31136303_27.out:    Running contrast 1281/1305
deg_analysis_31136303_27.out:    Running contrast 1286/1305
deg_analysis_31136303_27.out:    Running contrast 1291/1305
deg_analysis_31136303_27.out:    Running contrast 1296/1305
deg_analysis_31136303_27.out:    Running contrast 1301/1305
deg_analysis_31136303_27.out:    Running contrast 1305/1305
deg_analysis_31136303_27.out:
deg_analysis_31136303_27.out:    Writing:  ./data/tahoe/deg_data/sep_rep/full/qc_false/filter_min_cells_10/CVCL_1098_de.h5ad 
deg_analysis_31136303_27.out:
deg_analysis_31136303_27.out:    Rewriting h5ad file: ./data/tahoe/deg_data/sep_rep/full/qc_false/filter_min_cells_10/CVCL_1098_de.h5ad 
deg_analysis_31136303_27.out:    Removed X matrix
deg_analysis_31136303_27.out:    Rewriting h5ad file is done!
deg_analysis_31136303_27.out:✓ Cell line completed in 8477.5 seconds
deg_analysis_31136303_27.out:
deg_analysis_31136303_27.out:DE analysis completed!
deg_analysis_31136303_27.out:
deg_analysis_31136303_27.out:Total runtime: 8532.6 seconds
deg_analysis_31136303_28.out:
deg_analysis_31136303_28.out:DE analysis started...
deg_analysis_31136303_28.out:Loaded input file:  ./data/tahoe/pseudobulk_processed/sep_rep/by_celltype/CVCL_1119_processed.h5ad 
deg_analysis_31136303_28.out:Initial dimensions:  1341  samples ×  62710  genes
deg_analysis_31136303_28.out:Filter samples with the low number of cells
deg_analysis_31136303_28.out:    Filter threshold (min_cells):  10 
deg_analysis_31136303_28.out:    n_obs:  1341 -->  1334 
deg_analysis_31136303_28.out:
deg_analysis_31136303_28.out:▶︎ Processing cell_type  1 / 1 :  CVCL_1119 
deg_analysis_31136303_28.out:    Filter controls by  pert_time_h  column
deg_analysis_31136303_28.out:        n_obs:  1334 -->  1334 
deg_analysis_31136303_28.out:
deg_analysis_31136303_28.out:    Running contrast 1/1306
deg_analysis_31136303_28.out:    Running contrast 6/1306
deg_analysis_31136303_28.out:    Running contrast 11/1306
deg_analysis_31136303_28.out:    Running contrast 16/1306
deg_analysis_31136303_28.out:    Running contrast 21/1306
deg_analysis_31136303_28.out:    Running contrast 26/1306
deg_analysis_31136303_28.out:    Running contrast 31/1306
deg_analysis_31136303_28.out:    Running contrast 36/1306
deg_analysis_31136303_28.out:    Running contrast 41/1306
deg_analysis_31136303_28.out:    Running contrast 46/1306
deg_analysis_31136303_28.out:    Running contrast 51/1306
deg_analysis_31136303_28.out:    Running contrast 56/1306
deg_analysis_31136303_28.out:    Running contrast 61/1306
deg_analysis_31136303_28.out:    Running contrast 66/1306
deg_analysis_31136303_28.out:    Running contrast 71/1306
deg_analysis_31136303_28.out:    Running contrast 76/1306
deg_analysis_31136303_28.out:    Running contrast 81/1306
deg_analysis_31136303_28.out:    Running contrast 86/1306
deg_analysis_31136303_28.out:    Running contrast 91/1306
deg_analysis_31136303_28.out:    Running contrast 96/1306
deg_analysis_31136303_28.out:    Running contrast 101/1306
deg_analysis_31136303_28.out:    Running contrast 106/1306
deg_analysis_31136303_28.out:    Running contrast 111/1306
deg_analysis_31136303_28.out:    Running contrast 116/1306
deg_analysis_31136303_28.out:    Running contrast 121/1306
deg_analysis_31136303_28.out:    Running contrast 126/1306
deg_analysis_31136303_28.out:    Running contrast 131/1306
deg_analysis_31136303_28.out:    Running contrast 136/1306
deg_analysis_31136303_28.out:    Running contrast 141/1306
deg_analysis_31136303_28.out:    Running contrast 146/1306
deg_analysis_31136303_28.out:    Running contrast 151/1306
deg_analysis_31136303_28.out:    Running contrast 156/1306
deg_analysis_31136303_28.out:    Running contrast 161/1306
deg_analysis_31136303_28.out:    Running contrast 166/1306
deg_analysis_31136303_28.out:    Running contrast 171/1306
deg_analysis_31136303_28.out:    Running contrast 176/1306
deg_analysis_31136303_28.out:    Running contrast 181/1306
deg_analysis_31136303_28.out:    Running contrast 186/1306
deg_analysis_31136303_28.out:    Running contrast 191/1306
deg_analysis_31136303_28.out:    Running contrast 196/1306
deg_analysis_31136303_28.out:    Running contrast 201/1306
deg_analysis_31136303_28.out:    Running contrast 206/1306
deg_analysis_31136303_28.out:    Running contrast 211/1306
deg_analysis_31136303_28.out:    Running contrast 216/1306
deg_analysis_31136303_28.out:    Running contrast 221/1306
deg_analysis_31136303_28.out:    Running contrast 226/1306
deg_analysis_31136303_28.out:    Running contrast 231/1306
deg_analysis_31136303_28.out:    Running contrast 236/1306
deg_analysis_31136303_28.out:    Running contrast 241/1306
deg_analysis_31136303_28.out:    Running contrast 246/1306
deg_analysis_31136303_28.out:    Running contrast 251/1306
deg_analysis_31136303_28.out:    Running contrast 256/1306
deg_analysis_31136303_28.out:    Running contrast 261/1306
deg_analysis_31136303_28.out:    Running contrast 266/1306
deg_analysis_31136303_28.out:    Running contrast 271/1306
deg_analysis_31136303_28.out:    Running contrast 276/1306
deg_analysis_31136303_28.out:    Running contrast 281/1306
deg_analysis_31136303_28.out:    Running contrast 286/1306
deg_analysis_31136303_28.out:    Running contrast 291/1306
deg_analysis_31136303_28.out:    Running contrast 296/1306
deg_analysis_31136303_28.out:    Running contrast 301/1306
deg_analysis_31136303_28.out:    Running contrast 306/1306
deg_analysis_31136303_28.out:    Running contrast 311/1306
deg_analysis_31136303_28.out:    Running contrast 316/1306
deg_analysis_31136303_28.out:    Running contrast 321/1306
deg_analysis_31136303_28.out:    Running contrast 326/1306
deg_analysis_31136303_28.out:    Running contrast 331/1306
deg_analysis_31136303_28.out:    Running contrast 336/1306
deg_analysis_31136303_28.out:    Running contrast 341/1306
deg_analysis_31136303_28.out:    Running contrast 346/1306
deg_analysis_31136303_28.out:    Running contrast 351/1306
deg_analysis_31136303_28.out:    Running contrast 356/1306
deg_analysis_31136303_28.out:    Running contrast 361/1306
deg_analysis_31136303_28.out:    Running contrast 366/1306
deg_analysis_31136303_28.out:    Running contrast 371/1306
deg_analysis_31136303_28.out:    Running contrast 376/1306
deg_analysis_31136303_28.out:    Running contrast 381/1306
deg_analysis_31136303_28.out:    Running contrast 386/1306
deg_analysis_31136303_28.out:    Running contrast 391/1306
deg_analysis_31136303_28.out:    Running contrast 396/1306
deg_analysis_31136303_28.out:    Running contrast 401/1306
deg_analysis_31136303_28.out:    Running contrast 406/1306
deg_analysis_31136303_28.out:    Running contrast 411/1306
deg_analysis_31136303_28.out:    Running contrast 416/1306
deg_analysis_31136303_28.out:    Running contrast 421/1306
deg_analysis_31136303_28.out:    Running contrast 426/1306
deg_analysis_31136303_28.out:    Running contrast 431/1306
deg_analysis_31136303_28.out:    Running contrast 436/1306
deg_analysis_31136303_28.out:    Running contrast 441/1306
deg_analysis_31136303_28.out:    Running contrast 446/1306
deg_analysis_31136303_28.out:    Running contrast 451/1306
deg_analysis_31136303_28.out:    Running contrast 456/1306
deg_analysis_31136303_28.out:    Running contrast 461/1306
deg_analysis_31136303_28.out:    Running contrast 466/1306
deg_analysis_31136303_28.out:    Running contrast 471/1306
deg_analysis_31136303_28.out:    Running contrast 476/1306
deg_analysis_31136303_28.out:    Running contrast 481/1306
deg_analysis_31136303_28.out:    Running contrast 486/1306
deg_analysis_31136303_28.out:    Running contrast 491/1306
deg_analysis_31136303_28.out:    Running contrast 496/1306
deg_analysis_31136303_28.out:    Running contrast 501/1306
deg_analysis_31136303_28.out:    Running contrast 506/1306
deg_analysis_31136303_28.out:    Running contrast 511/1306
deg_analysis_31136303_28.out:    Running contrast 516/1306
deg_analysis_31136303_28.out:    Running contrast 521/1306
deg_analysis_31136303_28.out:    Running contrast 526/1306
deg_analysis_31136303_28.out:    Running contrast 531/1306
deg_analysis_31136303_28.out:    Running contrast 536/1306
deg_analysis_31136303_28.out:    Running contrast 541/1306
deg_analysis_31136303_28.out:    Running contrast 546/1306
deg_analysis_31136303_28.out:    Running contrast 551/1306
deg_analysis_31136303_28.out:    Running contrast 556/1306
deg_analysis_31136303_28.out:    Running contrast 561/1306
deg_analysis_31136303_28.out:    Running contrast 566/1306
deg_analysis_31136303_28.out:    Running contrast 571/1306
deg_analysis_31136303_28.out:    Running contrast 576/1306
deg_analysis_31136303_28.out:    Running contrast 581/1306
deg_analysis_31136303_28.out:    Running contrast 586/1306
deg_analysis_31136303_28.out:    Running contrast 591/1306
deg_analysis_31136303_28.out:    Running contrast 596/1306
deg_analysis_31136303_28.out:    Running contrast 601/1306
deg_analysis_31136303_28.out:    Running contrast 606/1306
deg_analysis_31136303_28.out:    Running contrast 611/1306
deg_analysis_31136303_28.out:    Running contrast 616/1306
deg_analysis_31136303_28.out:    Running contrast 621/1306
deg_analysis_31136303_28.out:    Running contrast 626/1306
deg_analysis_31136303_28.out:    Running contrast 631/1306
deg_analysis_31136303_28.out:    Running contrast 636/1306
deg_analysis_31136303_28.out:    Running contrast 641/1306
deg_analysis_31136303_28.out:    Running contrast 646/1306
deg_analysis_31136303_28.out:    Running contrast 651/1306
deg_analysis_31136303_28.out:    Running contrast 656/1306
deg_analysis_31136303_28.out:    Running contrast 661/1306
deg_analysis_31136303_28.out:    Running contrast 666/1306
deg_analysis_31136303_28.out:    Running contrast 671/1306
deg_analysis_31136303_28.out:    Running contrast 676/1306
deg_analysis_31136303_28.out:    Running contrast 681/1306
deg_analysis_31136303_28.out:    Running contrast 686/1306
deg_analysis_31136303_28.out:    Running contrast 691/1306
deg_analysis_31136303_28.out:    Running contrast 696/1306
deg_analysis_31136303_28.out:    Running contrast 701/1306
deg_analysis_31136303_28.out:    Running contrast 706/1306
deg_analysis_31136303_28.out:    Running contrast 711/1306
deg_analysis_31136303_28.out:    Running contrast 716/1306
deg_analysis_31136303_28.out:    Running contrast 721/1306
deg_analysis_31136303_28.out:    Running contrast 726/1306
deg_analysis_31136303_28.out:    Running contrast 731/1306
deg_analysis_31136303_28.out:    Running contrast 736/1306
deg_analysis_31136303_28.out:    Running contrast 741/1306
deg_analysis_31136303_28.out:    Running contrast 746/1306
deg_analysis_31136303_28.out:    Running contrast 751/1306
deg_analysis_31136303_28.out:    Running contrast 756/1306
deg_analysis_31136303_28.out:    Running contrast 761/1306
deg_analysis_31136303_28.out:    Running contrast 766/1306
deg_analysis_31136303_28.out:    Running contrast 771/1306
deg_analysis_31136303_28.out:    Running contrast 776/1306
deg_analysis_31136303_28.out:    Running contrast 781/1306
deg_analysis_31136303_28.out:    Running contrast 786/1306
deg_analysis_31136303_28.out:    Running contrast 791/1306
deg_analysis_31136303_28.out:    Running contrast 796/1306
deg_analysis_31136303_28.out:    Running contrast 801/1306
deg_analysis_31136303_28.out:    Running contrast 806/1306
deg_analysis_31136303_28.out:    Running contrast 811/1306
deg_analysis_31136303_28.out:    Running contrast 816/1306
deg_analysis_31136303_28.out:    Running contrast 821/1306
deg_analysis_31136303_28.out:    Running contrast 826/1306
deg_analysis_31136303_28.out:    Running contrast 831/1306
deg_analysis_31136303_28.out:    Running contrast 836/1306
deg_analysis_31136303_28.out:    Running contrast 841/1306
deg_analysis_31136303_28.out:    Running contrast 846/1306
deg_analysis_31136303_28.out:    Running contrast 851/1306
deg_analysis_31136303_28.out:    Running contrast 856/1306
deg_analysis_31136303_28.out:    Running contrast 861/1306
deg_analysis_31136303_28.out:    Running contrast 866/1306
deg_analysis_31136303_28.out:    Running contrast 871/1306
deg_analysis_31136303_28.out:    Running contrast 876/1306
deg_analysis_31136303_28.out:    Running contrast 881/1306
deg_analysis_31136303_28.out:    Running contrast 886/1306
deg_analysis_31136303_28.out:    Running contrast 891/1306
deg_analysis_31136303_28.out:    Running contrast 896/1306
deg_analysis_31136303_28.out:    Running contrast 901/1306
deg_analysis_31136303_28.out:    Running contrast 906/1306
deg_analysis_31136303_28.out:    Running contrast 911/1306
deg_analysis_31136303_28.out:    Running contrast 916/1306
deg_analysis_31136303_28.out:    Running contrast 921/1306
deg_analysis_31136303_28.out:    Running contrast 926/1306
deg_analysis_31136303_28.out:    Running contrast 931/1306
deg_analysis_31136303_28.out:    Running contrast 936/1306
deg_analysis_31136303_28.out:    Running contrast 941/1306
deg_analysis_31136303_28.out:    Running contrast 946/1306
deg_analysis_31136303_28.out:    Running contrast 951/1306
deg_analysis_31136303_28.out:    Running contrast 956/1306
deg_analysis_31136303_28.out:    Running contrast 961/1306
deg_analysis_31136303_28.out:    Running contrast 966/1306
deg_analysis_31136303_28.out:    Running contrast 971/1306
deg_analysis_31136303_28.out:    Running contrast 976/1306
deg_analysis_31136303_28.out:    Running contrast 981/1306
deg_analysis_31136303_28.out:    Running contrast 986/1306
deg_analysis_31136303_28.out:    Running contrast 991/1306
deg_analysis_31136303_28.out:    Running contrast 996/1306
deg_analysis_31136303_28.out:    Running contrast 1001/1306
deg_analysis_31136303_28.out:    Running contrast 1006/1306
deg_analysis_31136303_28.out:    Running contrast 1011/1306
deg_analysis_31136303_28.out:    Running contrast 1016/1306
deg_analysis_31136303_28.out:    Running contrast 1021/1306
deg_analysis_31136303_28.out:    Running contrast 1026/1306
deg_analysis_31136303_28.out:    Running contrast 1031/1306
deg_analysis_31136303_28.out:    Running contrast 1036/1306
deg_analysis_31136303_28.out:    Running contrast 1041/1306
deg_analysis_31136303_28.out:    Running contrast 1046/1306
deg_analysis_31136303_28.out:    Running contrast 1051/1306
deg_analysis_31136303_28.out:    Running contrast 1056/1306
deg_analysis_31136303_28.out:    Running contrast 1061/1306
deg_analysis_31136303_28.out:    Running contrast 1066/1306
deg_analysis_31136303_28.out:    Running contrast 1071/1306
deg_analysis_31136303_28.out:    Running contrast 1076/1306
deg_analysis_31136303_28.out:    Running contrast 1081/1306
deg_analysis_31136303_28.out:    Running contrast 1086/1306
deg_analysis_31136303_28.out:    Running contrast 1091/1306
deg_analysis_31136303_28.out:    Running contrast 1096/1306
deg_analysis_31136303_28.out:    Running contrast 1101/1306
deg_analysis_31136303_28.out:    Running contrast 1106/1306
deg_analysis_31136303_28.out:    Running contrast 1111/1306
deg_analysis_31136303_28.out:    Running contrast 1116/1306
deg_analysis_31136303_28.out:    Running contrast 1121/1306
deg_analysis_31136303_28.out:    Running contrast 1126/1306
deg_analysis_31136303_28.out:    Running contrast 1131/1306
deg_analysis_31136303_28.out:    Running contrast 1136/1306
deg_analysis_31136303_28.out:    Running contrast 1141/1306
deg_analysis_31136303_28.out:    Running contrast 1146/1306
deg_analysis_31136303_28.out:    Running contrast 1151/1306
deg_analysis_31136303_28.out:    Running contrast 1156/1306
deg_analysis_31136303_28.out:    Running contrast 1161/1306
deg_analysis_31136303_28.out:    Running contrast 1166/1306
deg_analysis_31136303_28.out:    Running contrast 1171/1306
deg_analysis_31136303_28.out:    Running contrast 1176/1306
deg_analysis_31136303_28.out:    Running contrast 1181/1306
deg_analysis_31136303_28.out:    Running contrast 1186/1306
deg_analysis_31136303_28.out:    Running contrast 1191/1306
deg_analysis_31136303_28.out:    Running contrast 1196/1306
deg_analysis_31136303_28.out:    Running contrast 1201/1306
deg_analysis_31136303_28.out:    Running contrast 1206/1306
deg_analysis_31136303_28.out:    Running contrast 1211/1306
deg_analysis_31136303_28.out:    Running contrast 1216/1306
deg_analysis_31136303_28.out:    Running contrast 1221/1306
deg_analysis_31136303_28.out:    Running contrast 1226/1306
deg_analysis_31136303_28.out:    Running contrast 1231/1306
deg_analysis_31136303_28.out:    Running contrast 1236/1306
deg_analysis_31136303_28.out:    Running contrast 1241/1306
deg_analysis_31136303_28.out:    Running contrast 1246/1306
deg_analysis_31136303_28.out:    Running contrast 1251/1306
deg_analysis_31136303_28.out:    Running contrast 1256/1306
deg_analysis_31136303_28.out:    Running contrast 1261/1306
deg_analysis_31136303_28.out:    Running contrast 1266/1306
deg_analysis_31136303_28.out:    Running contrast 1271/1306
deg_analysis_31136303_28.out:    Running contrast 1276/1306
deg_analysis_31136303_28.out:    Running contrast 1281/1306
deg_analysis_31136303_28.out:    Running contrast 1286/1306
deg_analysis_31136303_28.out:    Running contrast 1291/1306
deg_analysis_31136303_28.out:    Running contrast 1296/1306
deg_analysis_31136303_28.out:    Running contrast 1301/1306
deg_analysis_31136303_28.out:    Running contrast 1306/1306
deg_analysis_31136303_28.out:
deg_analysis_31136303_28.out:    Writing:  ./data/tahoe/deg_data/sep_rep/full/qc_false/filter_min_cells_10/CVCL_1119_de.h5ad 
deg_analysis_31136303_28.out:
deg_analysis_31136303_28.out:    Rewriting h5ad file: ./data/tahoe/deg_data/sep_rep/full/qc_false/filter_min_cells_10/CVCL_1119_de.h5ad 
deg_analysis_31136303_28.out:    Removed X matrix
deg_analysis_31136303_28.out:    Rewriting h5ad file is done!
deg_analysis_31136303_28.out:✓ Cell line completed in 13578.9 seconds
deg_analysis_31136303_28.out:
deg_analysis_31136303_28.out:DE analysis completed!
deg_analysis_31136303_28.out:
deg_analysis_31136303_28.out:Total runtime: 13596.2 seconds
deg_analysis_31136303_29.out:
deg_analysis_31136303_29.out:DE analysis started...
deg_analysis_31136303_29.out:Loaded input file:  ./data/tahoe/pseudobulk_processed/sep_rep/by_celltype/CVCL_1125_processed.h5ad 
deg_analysis_31136303_29.out:Initial dimensions:  1340  samples ×  62710  genes
deg_analysis_31136303_29.out:Filter samples with the low number of cells
deg_analysis_31136303_29.out:    Filter threshold (min_cells):  10 
deg_analysis_31136303_29.out:    n_obs:  1340 -->  1330 
deg_analysis_31136303_29.out:
deg_analysis_31136303_29.out:▶︎ Processing cell_type  1 / 1 :  CVCL_1125 
deg_analysis_31136303_29.out:    Filter controls by  pert_time_h  column
deg_analysis_31136303_29.out:        n_obs:  1330 -->  1330 
deg_analysis_31136303_29.out:
deg_analysis_31136303_29.out:    Running contrast 1/1302
deg_analysis_31136303_29.out:    Running contrast 6/1302
deg_analysis_31136303_29.out:    Running contrast 11/1302
deg_analysis_31136303_29.out:    Running contrast 16/1302
deg_analysis_31136303_29.out:    Running contrast 21/1302
deg_analysis_31136303_29.out:    Running contrast 26/1302
deg_analysis_31136303_29.out:    Running contrast 31/1302
deg_analysis_31136303_29.out:    Running contrast 36/1302
deg_analysis_31136303_29.out:    Running contrast 41/1302
deg_analysis_31136303_29.out:    Running contrast 46/1302
deg_analysis_31136303_29.out:    Running contrast 51/1302
deg_analysis_31136303_29.out:    Running contrast 56/1302
deg_analysis_31136303_29.out:    Running contrast 61/1302
deg_analysis_31136303_29.out:    Running contrast 66/1302
deg_analysis_31136303_29.out:    Running contrast 71/1302
deg_analysis_31136303_29.out:    Running contrast 76/1302
deg_analysis_31136303_29.out:    Running contrast 81/1302
deg_analysis_31136303_29.out:    Running contrast 86/1302
deg_analysis_31136303_29.out:    Running contrast 91/1302
deg_analysis_31136303_29.out:    Running contrast 96/1302
deg_analysis_31136303_29.out:    Running contrast 101/1302
deg_analysis_31136303_29.out:    Running contrast 106/1302
deg_analysis_31136303_29.out:    Running contrast 111/1302
deg_analysis_31136303_29.out:    Running contrast 116/1302
deg_analysis_31136303_29.out:    Running contrast 121/1302
deg_analysis_31136303_29.out:    Running contrast 126/1302
deg_analysis_31136303_29.out:    Running contrast 131/1302
deg_analysis_31136303_29.out:    Running contrast 136/1302
deg_analysis_31136303_29.out:    Running contrast 141/1302
deg_analysis_31136303_29.out:    Running contrast 146/1302
deg_analysis_31136303_29.out:    Running contrast 151/1302
deg_analysis_31136303_29.out:    Running contrast 156/1302
deg_analysis_31136303_29.out:    Running contrast 161/1302
deg_analysis_31136303_29.out:    Running contrast 166/1302
deg_analysis_31136303_29.out:    Running contrast 171/1302
deg_analysis_31136303_29.out:    Running contrast 176/1302
deg_analysis_31136303_29.out:    Running contrast 181/1302
deg_analysis_31136303_29.out:    Running contrast 186/1302
deg_analysis_31136303_29.out:    Running contrast 191/1302
deg_analysis_31136303_29.out:    Running contrast 196/1302
deg_analysis_31136303_29.out:    Running contrast 201/1302
deg_analysis_31136303_29.out:    Running contrast 206/1302
deg_analysis_31136303_29.out:    Running contrast 211/1302
deg_analysis_31136303_29.out:    Running contrast 216/1302
deg_analysis_31136303_29.out:    Running contrast 221/1302
deg_analysis_31136303_29.out:    Running contrast 226/1302
deg_analysis_31136303_29.out:    Running contrast 231/1302
deg_analysis_31136303_29.out:    Running contrast 236/1302
deg_analysis_31136303_29.out:    Running contrast 241/1302
deg_analysis_31136303_29.out:    Running contrast 246/1302
deg_analysis_31136303_29.out:    Running contrast 251/1302
deg_analysis_31136303_29.out:    Running contrast 256/1302
deg_analysis_31136303_29.out:    Running contrast 261/1302
deg_analysis_31136303_29.out:    Running contrast 266/1302
deg_analysis_31136303_29.out:    Running contrast 271/1302
deg_analysis_31136303_29.out:    Running contrast 276/1302
deg_analysis_31136303_29.out:    Running contrast 281/1302
deg_analysis_31136303_29.out:    Running contrast 286/1302
deg_analysis_31136303_29.out:    Running contrast 291/1302
deg_analysis_31136303_29.out:    Running contrast 296/1302
deg_analysis_31136303_29.out:    Running contrast 301/1302
deg_analysis_31136303_29.out:    Running contrast 306/1302
deg_analysis_31136303_29.out:    Running contrast 311/1302
deg_analysis_31136303_29.out:    Running contrast 316/1302
deg_analysis_31136303_29.out:    Running contrast 321/1302
deg_analysis_31136303_29.out:    Running contrast 326/1302
deg_analysis_31136303_29.out:    Running contrast 331/1302
deg_analysis_31136303_29.out:    Running contrast 336/1302
deg_analysis_31136303_29.out:    Running contrast 341/1302
deg_analysis_31136303_29.out:    Running contrast 346/1302
deg_analysis_31136303_29.out:    Running contrast 351/1302
deg_analysis_31136303_29.out:    Running contrast 356/1302
deg_analysis_31136303_29.out:    Running contrast 361/1302
deg_analysis_31136303_29.out:    Running contrast 366/1302
deg_analysis_31136303_29.out:    Running contrast 371/1302
deg_analysis_31136303_29.out:    Running contrast 376/1302
deg_analysis_31136303_29.out:    Running contrast 381/1302
deg_analysis_31136303_29.out:    Running contrast 386/1302
deg_analysis_31136303_29.out:    Running contrast 391/1302
deg_analysis_31136303_29.out:    Running contrast 396/1302
deg_analysis_31136303_29.out:    Running contrast 401/1302
deg_analysis_31136303_29.out:    Running contrast 406/1302
deg_analysis_31136303_29.out:    Running contrast 411/1302
deg_analysis_31136303_29.out:    Running contrast 416/1302
deg_analysis_31136303_29.out:    Running contrast 421/1302
deg_analysis_31136303_29.out:    Running contrast 426/1302
deg_analysis_31136303_29.out:    Running contrast 431/1302
deg_analysis_31136303_29.out:    Running contrast 436/1302
deg_analysis_31136303_29.out:    Running contrast 441/1302
deg_analysis_31136303_29.out:    Running contrast 446/1302
deg_analysis_31136303_29.out:    Running contrast 451/1302
deg_analysis_31136303_29.out:    Running contrast 456/1302
deg_analysis_31136303_29.out:    Running contrast 461/1302
deg_analysis_31136303_29.out:    Running contrast 466/1302
deg_analysis_31136303_29.out:    Running contrast 471/1302
deg_analysis_31136303_29.out:    Running contrast 476/1302
deg_analysis_31136303_29.out:    Running contrast 481/1302
deg_analysis_31136303_29.out:    Running contrast 486/1302
deg_analysis_31136303_29.out:    Running contrast 491/1302
deg_analysis_31136303_29.out:    Running contrast 496/1302
deg_analysis_31136303_29.out:    Running contrast 501/1302
deg_analysis_31136303_29.out:    Running contrast 506/1302
deg_analysis_31136303_29.out:    Running contrast 511/1302
deg_analysis_31136303_29.out:    Running contrast 516/1302
deg_analysis_31136303_29.out:    Running contrast 521/1302
deg_analysis_31136303_29.out:    Running contrast 526/1302
deg_analysis_31136303_29.out:    Running contrast 531/1302
deg_analysis_31136303_29.out:    Running contrast 536/1302
deg_analysis_31136303_29.out:    Running contrast 541/1302
deg_analysis_31136303_29.out:    Running contrast 546/1302
deg_analysis_31136303_29.out:    Running contrast 551/1302
deg_analysis_31136303_29.out:    Running contrast 556/1302
deg_analysis_31136303_29.out:    Running contrast 561/1302
deg_analysis_31136303_29.out:    Running contrast 566/1302
deg_analysis_31136303_29.out:    Running contrast 571/1302
deg_analysis_31136303_29.out:    Running contrast 576/1302
deg_analysis_31136303_29.out:    Running contrast 581/1302
deg_analysis_31136303_29.out:    Running contrast 586/1302
deg_analysis_31136303_29.out:    Running contrast 591/1302
deg_analysis_31136303_29.out:    Running contrast 596/1302
deg_analysis_31136303_29.out:    Running contrast 601/1302
deg_analysis_31136303_29.out:    Running contrast 606/1302
deg_analysis_31136303_29.out:    Running contrast 611/1302
deg_analysis_31136303_29.out:    Running contrast 616/1302
deg_analysis_31136303_29.out:    Running contrast 621/1302
deg_analysis_31136303_29.out:    Running contrast 626/1302
deg_analysis_31136303_29.out:    Running contrast 631/1302
deg_analysis_31136303_29.out:    Running contrast 636/1302
deg_analysis_31136303_29.out:    Running contrast 641/1302
deg_analysis_31136303_29.out:    Running contrast 646/1302
deg_analysis_31136303_29.out:    Running contrast 651/1302
deg_analysis_31136303_29.out:    Running contrast 656/1302
deg_analysis_31136303_29.out:    Running contrast 661/1302
deg_analysis_31136303_29.out:    Running contrast 666/1302
deg_analysis_31136303_29.out:    Running contrast 671/1302
deg_analysis_31136303_29.out:    Running contrast 676/1302
deg_analysis_31136303_29.out:    Running contrast 681/1302
deg_analysis_31136303_29.out:    Running contrast 686/1302
deg_analysis_31136303_29.out:    Running contrast 691/1302
deg_analysis_31136303_29.out:    Running contrast 696/1302
deg_analysis_31136303_29.out:    Running contrast 701/1302
deg_analysis_31136303_29.out:    Running contrast 706/1302
deg_analysis_31136303_29.out:    Running contrast 711/1302
deg_analysis_31136303_29.out:    Running contrast 716/1302
deg_analysis_31136303_29.out:    Running contrast 721/1302
deg_analysis_31136303_29.out:    Running contrast 726/1302
deg_analysis_31136303_29.out:    Running contrast 731/1302
deg_analysis_31136303_29.out:    Running contrast 736/1302
deg_analysis_31136303_29.out:    Running contrast 741/1302
deg_analysis_31136303_29.out:    Running contrast 746/1302
deg_analysis_31136303_29.out:    Running contrast 751/1302
deg_analysis_31136303_29.out:    Running contrast 756/1302
deg_analysis_31136303_29.out:    Running contrast 761/1302
deg_analysis_31136303_29.out:    Running contrast 766/1302
deg_analysis_31136303_29.out:    Running contrast 771/1302
deg_analysis_31136303_29.out:    Running contrast 776/1302
deg_analysis_31136303_29.out:    Running contrast 781/1302
deg_analysis_31136303_29.out:    Running contrast 786/1302
deg_analysis_31136303_29.out:    Running contrast 791/1302
deg_analysis_31136303_29.out:    Running contrast 796/1302
deg_analysis_31136303_29.out:    Running contrast 801/1302
deg_analysis_31136303_29.out:    Running contrast 806/1302
deg_analysis_31136303_29.out:    Running contrast 811/1302
deg_analysis_31136303_29.out:    Running contrast 816/1302
deg_analysis_31136303_29.out:    Running contrast 821/1302
deg_analysis_31136303_29.out:    Running contrast 826/1302
deg_analysis_31136303_29.out:    Running contrast 831/1302
deg_analysis_31136303_29.out:    Running contrast 836/1302
deg_analysis_31136303_29.out:    Running contrast 841/1302
deg_analysis_31136303_29.out:    Running contrast 846/1302
deg_analysis_31136303_29.out:    Running contrast 851/1302
deg_analysis_31136303_29.out:    Running contrast 856/1302
deg_analysis_31136303_29.out:    Running contrast 861/1302
deg_analysis_31136303_29.out:    Running contrast 866/1302
deg_analysis_31136303_29.out:    Running contrast 871/1302
deg_analysis_31136303_29.out:    Running contrast 876/1302
deg_analysis_31136303_29.out:    Running contrast 881/1302
deg_analysis_31136303_29.out:    Running contrast 886/1302
deg_analysis_31136303_29.out:    Running contrast 891/1302
deg_analysis_31136303_29.out:    Running contrast 896/1302
deg_analysis_31136303_29.out:    Running contrast 901/1302
deg_analysis_31136303_29.out:    Running contrast 906/1302
deg_analysis_31136303_29.out:    Running contrast 911/1302
deg_analysis_31136303_29.out:    Running contrast 916/1302
deg_analysis_31136303_29.out:    Running contrast 921/1302
deg_analysis_31136303_29.out:    Running contrast 926/1302
deg_analysis_31136303_29.out:    Running contrast 931/1302
deg_analysis_31136303_29.out:    Running contrast 936/1302
deg_analysis_31136303_29.out:    Running contrast 941/1302
deg_analysis_31136303_29.out:    Running contrast 946/1302
deg_analysis_31136303_29.out:    Running contrast 951/1302
deg_analysis_31136303_29.out:    Running contrast 956/1302
deg_analysis_31136303_29.out:    Running contrast 961/1302
deg_analysis_31136303_29.out:    Running contrast 966/1302
deg_analysis_31136303_29.out:    Running contrast 971/1302
deg_analysis_31136303_29.out:    Running contrast 976/1302
deg_analysis_31136303_29.out:    Running contrast 981/1302
deg_analysis_31136303_29.out:    Running contrast 986/1302
deg_analysis_31136303_29.out:    Running contrast 991/1302
deg_analysis_31136303_29.out:    Running contrast 996/1302
deg_analysis_31136303_29.out:    Running contrast 1001/1302
deg_analysis_31136303_29.out:    Running contrast 1006/1302
deg_analysis_31136303_29.out:    Running contrast 1011/1302
deg_analysis_31136303_29.out:    Running contrast 1016/1302
deg_analysis_31136303_29.out:    Running contrast 1021/1302
deg_analysis_31136303_29.out:    Running contrast 1026/1302
deg_analysis_31136303_29.out:    Running contrast 1031/1302
deg_analysis_31136303_29.out:    Running contrast 1036/1302
deg_analysis_31136303_29.out:    Running contrast 1041/1302
deg_analysis_31136303_29.out:    Running contrast 1046/1302
deg_analysis_31136303_29.out:    Running contrast 1051/1302
deg_analysis_31136303_29.out:    Running contrast 1056/1302
deg_analysis_31136303_29.out:    Running contrast 1061/1302
deg_analysis_31136303_29.out:    Running contrast 1066/1302
deg_analysis_31136303_29.out:    Running contrast 1071/1302
deg_analysis_31136303_29.out:    Running contrast 1076/1302
deg_analysis_31136303_29.out:    Running contrast 1081/1302
deg_analysis_31136303_29.out:    Running contrast 1086/1302
deg_analysis_31136303_29.out:    Running contrast 1091/1302
deg_analysis_31136303_29.out:    Running contrast 1096/1302
deg_analysis_31136303_29.out:    Running contrast 1101/1302
deg_analysis_31136303_29.out:    Running contrast 1106/1302
deg_analysis_31136303_29.out:    Running contrast 1111/1302
deg_analysis_31136303_29.out:    Running contrast 1116/1302
deg_analysis_31136303_29.out:    Running contrast 1121/1302
deg_analysis_31136303_29.out:    Running contrast 1126/1302
deg_analysis_31136303_29.out:    Running contrast 1131/1302
deg_analysis_31136303_29.out:    Running contrast 1136/1302
deg_analysis_31136303_29.out:    Running contrast 1141/1302
deg_analysis_31136303_29.out:    Running contrast 1146/1302
deg_analysis_31136303_29.out:    Running contrast 1151/1302
deg_analysis_31136303_29.out:    Running contrast 1156/1302
deg_analysis_31136303_29.out:    Running contrast 1161/1302
deg_analysis_31136303_29.out:    Running contrast 1166/1302
deg_analysis_31136303_29.out:    Running contrast 1171/1302
deg_analysis_31136303_29.out:    Running contrast 1176/1302
deg_analysis_31136303_29.out:    Running contrast 1181/1302
deg_analysis_31136303_29.out:    Running contrast 1186/1302
deg_analysis_31136303_29.out:    Running contrast 1191/1302
deg_analysis_31136303_29.out:    Running contrast 1196/1302
deg_analysis_31136303_29.out:    Running contrast 1201/1302
deg_analysis_31136303_29.out:    Running contrast 1206/1302
deg_analysis_31136303_29.out:    Running contrast 1211/1302
deg_analysis_31136303_29.out:    Running contrast 1216/1302
deg_analysis_31136303_29.out:    Running contrast 1221/1302
deg_analysis_31136303_29.out:    Running contrast 1226/1302
deg_analysis_31136303_29.out:    Running contrast 1231/1302
deg_analysis_31136303_29.out:    Running contrast 1236/1302
deg_analysis_31136303_29.out:    Running contrast 1241/1302
deg_analysis_31136303_29.out:    Running contrast 1246/1302
deg_analysis_31136303_29.out:    Running contrast 1251/1302
deg_analysis_31136303_29.out:    Running contrast 1256/1302
deg_analysis_31136303_29.out:    Running contrast 1261/1302
deg_analysis_31136303_29.out:    Running contrast 1266/1302
deg_analysis_31136303_29.out:    Running contrast 1271/1302
deg_analysis_31136303_29.out:    Running contrast 1276/1302
deg_analysis_31136303_29.out:    Running contrast 1281/1302
deg_analysis_31136303_29.out:    Running contrast 1286/1302
deg_analysis_31136303_29.out:    Running contrast 1291/1302
deg_analysis_31136303_29.out:    Running contrast 1296/1302
deg_analysis_31136303_29.out:    Running contrast 1301/1302
deg_analysis_31136303_29.out:    Running contrast 1302/1302
deg_analysis_31136303_29.out:
deg_analysis_31136303_29.out:    Writing:  ./data/tahoe/deg_data/sep_rep/full/qc_false/filter_min_cells_10/CVCL_1125_de.h5ad 
deg_analysis_31136303_29.out:
deg_analysis_31136303_29.out:    Rewriting h5ad file: ./data/tahoe/deg_data/sep_rep/full/qc_false/filter_min_cells_10/CVCL_1125_de.h5ad 
deg_analysis_31136303_29.out:    Removed X matrix
deg_analysis_31136303_29.out:    Rewriting h5ad file is done!
deg_analysis_31136303_29.out:✓ Cell line completed in 8341.0 seconds
deg_analysis_31136303_29.out:
deg_analysis_31136303_29.out:DE analysis completed!
deg_analysis_31136303_29.out:
deg_analysis_31136303_29.out:Total runtime: 8391.6 seconds
deg_analysis_31136303_30.out:
deg_analysis_31136303_30.out:DE analysis started...
deg_analysis_31136303_30.out:Loaded input file:  ./data/tahoe/pseudobulk_processed/sep_rep/by_celltype/CVCL_1239_processed.h5ad 
deg_analysis_31136303_30.out:Initial dimensions:  1343  samples ×  62710  genes
deg_analysis_31136303_30.out:Filter samples with the low number of cells
deg_analysis_31136303_30.out:    Filter threshold (min_cells):  10 
deg_analysis_31136303_30.out:    n_obs:  1343 -->  1331 
deg_analysis_31136303_30.out:
deg_analysis_31136303_30.out:▶︎ Processing cell_type  1 / 1 :  CVCL_1239 
deg_analysis_31136303_30.out:    Filter controls by  pert_time_h  column
deg_analysis_31136303_30.out:        n_obs:  1331 -->  1331 
deg_analysis_31136303_30.out:
deg_analysis_31136303_30.out:    Running contrast 1/1303
deg_analysis_31136303_30.out:    Running contrast 6/1303
deg_analysis_31136303_30.out:    Running contrast 11/1303
deg_analysis_31136303_30.out:    Running contrast 16/1303
deg_analysis_31136303_30.out:    Running contrast 21/1303
deg_analysis_31136303_30.out:    Running contrast 26/1303
deg_analysis_31136303_30.out:    Running contrast 31/1303
deg_analysis_31136303_30.out:    Running contrast 36/1303
deg_analysis_31136303_30.out:    Running contrast 41/1303
deg_analysis_31136303_30.out:    Running contrast 46/1303
deg_analysis_31136303_30.out:    Running contrast 51/1303
deg_analysis_31136303_30.out:    Running contrast 56/1303
deg_analysis_31136303_30.out:    Running contrast 61/1303
deg_analysis_31136303_30.out:    Running contrast 66/1303
deg_analysis_31136303_30.out:    Running contrast 71/1303
deg_analysis_31136303_30.out:    Running contrast 76/1303
deg_analysis_31136303_30.out:    Running contrast 81/1303
deg_analysis_31136303_30.out:    Running contrast 86/1303
deg_analysis_31136303_30.out:    Running contrast 91/1303
deg_analysis_31136303_30.out:    Running contrast 96/1303
deg_analysis_31136303_30.out:    Running contrast 101/1303
deg_analysis_31136303_30.out:    Running contrast 106/1303
deg_analysis_31136303_30.out:    Running contrast 111/1303
deg_analysis_31136303_30.out:    Running contrast 116/1303
deg_analysis_31136303_30.out:    Running contrast 121/1303
deg_analysis_31136303_30.out:    Running contrast 126/1303
deg_analysis_31136303_30.out:    Running contrast 131/1303
deg_analysis_31136303_30.out:    Running contrast 136/1303
deg_analysis_31136303_30.out:    Running contrast 141/1303
deg_analysis_31136303_30.out:    Running contrast 146/1303
deg_analysis_31136303_30.out:    Running contrast 151/1303
deg_analysis_31136303_30.out:    Running contrast 156/1303
deg_analysis_31136303_30.out:    Running contrast 161/1303
deg_analysis_31136303_30.out:    Running contrast 166/1303
deg_analysis_31136303_30.out:    Running contrast 171/1303
deg_analysis_31136303_30.out:    Running contrast 176/1303
deg_analysis_31136303_30.out:    Running contrast 181/1303
deg_analysis_31136303_30.out:    Running contrast 186/1303
deg_analysis_31136303_30.out:    Running contrast 191/1303
deg_analysis_31136303_30.out:    Running contrast 196/1303
deg_analysis_31136303_30.out:    Running contrast 201/1303
deg_analysis_31136303_30.out:    Running contrast 206/1303
deg_analysis_31136303_30.out:    Running contrast 211/1303
deg_analysis_31136303_30.out:    Running contrast 216/1303
deg_analysis_31136303_30.out:    Running contrast 221/1303
deg_analysis_31136303_30.out:    Running contrast 226/1303
deg_analysis_31136303_30.out:    Running contrast 231/1303
deg_analysis_31136303_30.out:    Running contrast 236/1303
deg_analysis_31136303_30.out:    Running contrast 241/1303
deg_analysis_31136303_30.out:    Running contrast 246/1303
deg_analysis_31136303_30.out:    Running contrast 251/1303
deg_analysis_31136303_30.out:    Running contrast 256/1303
deg_analysis_31136303_30.out:    Running contrast 261/1303
deg_analysis_31136303_30.out:    Running contrast 266/1303
deg_analysis_31136303_30.out:    Running contrast 271/1303
deg_analysis_31136303_30.out:    Running contrast 276/1303
deg_analysis_31136303_30.out:    Running contrast 281/1303
deg_analysis_31136303_30.out:    Running contrast 286/1303
deg_analysis_31136303_30.out:    Running contrast 291/1303
deg_analysis_31136303_30.out:    Running contrast 296/1303
deg_analysis_31136303_30.out:    Running contrast 301/1303
deg_analysis_31136303_30.out:    Running contrast 306/1303
deg_analysis_31136303_30.out:    Running contrast 311/1303
deg_analysis_31136303_30.out:    Running contrast 316/1303
deg_analysis_31136303_30.out:    Running contrast 321/1303
deg_analysis_31136303_30.out:    Running contrast 326/1303
deg_analysis_31136303_30.out:    Running contrast 331/1303
deg_analysis_31136303_30.out:    Running contrast 336/1303
deg_analysis_31136303_30.out:    Running contrast 341/1303
deg_analysis_31136303_30.out:    Running contrast 346/1303
deg_analysis_31136303_30.out:    Running contrast 351/1303
deg_analysis_31136303_30.out:    Running contrast 356/1303
deg_analysis_31136303_30.out:    Running contrast 361/1303
deg_analysis_31136303_30.out:    Running contrast 366/1303
deg_analysis_31136303_30.out:    Running contrast 371/1303
deg_analysis_31136303_30.out:    Running contrast 376/1303
deg_analysis_31136303_30.out:    Running contrast 381/1303
deg_analysis_31136303_30.out:    Running contrast 386/1303
deg_analysis_31136303_30.out:    Running contrast 391/1303
deg_analysis_31136303_30.out:    Running contrast 396/1303
deg_analysis_31136303_30.out:    Running contrast 401/1303
deg_analysis_31136303_30.out:    Running contrast 406/1303
deg_analysis_31136303_30.out:    Running contrast 411/1303
deg_analysis_31136303_30.out:    Running contrast 416/1303
deg_analysis_31136303_30.out:    Running contrast 421/1303
deg_analysis_31136303_30.out:    Running contrast 426/1303
deg_analysis_31136303_30.out:    Running contrast 431/1303
deg_analysis_31136303_30.out:    Running contrast 436/1303
deg_analysis_31136303_30.out:    Running contrast 441/1303
deg_analysis_31136303_30.out:    Running contrast 446/1303
deg_analysis_31136303_30.out:    Running contrast 451/1303
deg_analysis_31136303_30.out:    Running contrast 456/1303
deg_analysis_31136303_30.out:    Running contrast 461/1303
deg_analysis_31136303_30.out:    Running contrast 466/1303
deg_analysis_31136303_30.out:    Running contrast 471/1303
deg_analysis_31136303_30.out:    Running contrast 476/1303
deg_analysis_31136303_30.out:    Running contrast 481/1303
deg_analysis_31136303_30.out:    Running contrast 486/1303
deg_analysis_31136303_30.out:    Running contrast 491/1303
deg_analysis_31136303_30.out:    Running contrast 496/1303
deg_analysis_31136303_30.out:    Running contrast 501/1303
deg_analysis_31136303_30.out:    Running contrast 506/1303
deg_analysis_31136303_30.out:    Running contrast 511/1303
deg_analysis_31136303_30.out:    Running contrast 516/1303
deg_analysis_31136303_30.out:    Running contrast 521/1303
deg_analysis_31136303_30.out:    Running contrast 526/1303
deg_analysis_31136303_30.out:    Running contrast 531/1303
deg_analysis_31136303_30.out:    Running contrast 536/1303
deg_analysis_31136303_30.out:    Running contrast 541/1303
deg_analysis_31136303_30.out:    Running contrast 546/1303
deg_analysis_31136303_30.out:    Running contrast 551/1303
deg_analysis_31136303_30.out:    Running contrast 556/1303
deg_analysis_31136303_30.out:    Running contrast 561/1303
deg_analysis_31136303_30.out:    Running contrast 566/1303
deg_analysis_31136303_30.out:    Running contrast 571/1303
deg_analysis_31136303_30.out:    Running contrast 576/1303
deg_analysis_31136303_30.out:    Running contrast 581/1303
deg_analysis_31136303_30.out:    Running contrast 586/1303
deg_analysis_31136303_30.out:    Running contrast 591/1303
deg_analysis_31136303_30.out:    Running contrast 596/1303
deg_analysis_31136303_30.out:    Running contrast 601/1303
deg_analysis_31136303_30.out:    Running contrast 606/1303
deg_analysis_31136303_30.out:    Running contrast 611/1303
deg_analysis_31136303_30.out:    Running contrast 616/1303
deg_analysis_31136303_30.out:    Running contrast 621/1303
deg_analysis_31136303_30.out:    Running contrast 626/1303
deg_analysis_31136303_30.out:    Running contrast 631/1303
deg_analysis_31136303_30.out:    Running contrast 636/1303
deg_analysis_31136303_30.out:    Running contrast 641/1303
deg_analysis_31136303_30.out:    Running contrast 646/1303
deg_analysis_31136303_30.out:    Running contrast 651/1303
deg_analysis_31136303_30.out:    Running contrast 656/1303
deg_analysis_31136303_30.out:    Running contrast 661/1303
deg_analysis_31136303_30.out:    Running contrast 666/1303
deg_analysis_31136303_30.out:    Running contrast 671/1303
deg_analysis_31136303_30.out:    Running contrast 676/1303
deg_analysis_31136303_30.out:    Running contrast 681/1303
deg_analysis_31136303_30.out:    Running contrast 686/1303
deg_analysis_31136303_30.out:    Running contrast 691/1303
deg_analysis_31136303_30.out:    Running contrast 696/1303
deg_analysis_31136303_30.out:    Running contrast 701/1303
deg_analysis_31136303_30.out:    Running contrast 706/1303
deg_analysis_31136303_30.out:    Running contrast 711/1303
deg_analysis_31136303_30.out:    Running contrast 716/1303
deg_analysis_31136303_30.out:    Running contrast 721/1303
deg_analysis_31136303_30.out:    Running contrast 726/1303
deg_analysis_31136303_30.out:    Running contrast 731/1303
deg_analysis_31136303_30.out:    Running contrast 736/1303
deg_analysis_31136303_30.out:    Running contrast 741/1303
deg_analysis_31136303_30.out:    Running contrast 746/1303
deg_analysis_31136303_30.out:    Running contrast 751/1303
deg_analysis_31136303_30.out:    Running contrast 756/1303
deg_analysis_31136303_30.out:    Running contrast 761/1303
deg_analysis_31136303_30.out:    Running contrast 766/1303
deg_analysis_31136303_30.out:    Running contrast 771/1303
deg_analysis_31136303_30.out:    Running contrast 776/1303
deg_analysis_31136303_30.out:    Running contrast 781/1303
deg_analysis_31136303_30.out:    Running contrast 786/1303
deg_analysis_31136303_30.out:    Running contrast 791/1303
deg_analysis_31136303_30.out:    Running contrast 796/1303
deg_analysis_31136303_30.out:    Running contrast 801/1303
deg_analysis_31136303_30.out:    Running contrast 806/1303
deg_analysis_31136303_30.out:    Running contrast 811/1303
deg_analysis_31136303_30.out:    Running contrast 816/1303
deg_analysis_31136303_30.out:    Running contrast 821/1303
deg_analysis_31136303_30.out:    Running contrast 826/1303
deg_analysis_31136303_30.out:    Running contrast 831/1303
deg_analysis_31136303_30.out:    Running contrast 836/1303
deg_analysis_31136303_30.out:    Running contrast 841/1303
deg_analysis_31136303_30.out:    Running contrast 846/1303
deg_analysis_31136303_30.out:    Running contrast 851/1303
deg_analysis_31136303_30.out:    Running contrast 856/1303
deg_analysis_31136303_30.out:    Running contrast 861/1303
deg_analysis_31136303_30.out:    Running contrast 866/1303
deg_analysis_31136303_30.out:    Running contrast 871/1303
deg_analysis_31136303_30.out:    Running contrast 876/1303
deg_analysis_31136303_30.out:    Running contrast 881/1303
deg_analysis_31136303_30.out:    Running contrast 886/1303
deg_analysis_31136303_30.out:    Running contrast 891/1303
deg_analysis_31136303_30.out:    Running contrast 896/1303
deg_analysis_31136303_30.out:    Running contrast 901/1303
deg_analysis_31136303_30.out:    Running contrast 906/1303
deg_analysis_31136303_30.out:    Running contrast 911/1303
deg_analysis_31136303_30.out:    Running contrast 916/1303
deg_analysis_31136303_30.out:    Running contrast 921/1303
deg_analysis_31136303_30.out:    Running contrast 926/1303
deg_analysis_31136303_30.out:    Running contrast 931/1303
deg_analysis_31136303_30.out:    Running contrast 936/1303
deg_analysis_31136303_30.out:    Running contrast 941/1303
deg_analysis_31136303_30.out:    Running contrast 946/1303
deg_analysis_31136303_30.out:    Running contrast 951/1303
deg_analysis_31136303_30.out:    Running contrast 956/1303
deg_analysis_31136303_30.out:    Running contrast 961/1303
deg_analysis_31136303_30.out:    Running contrast 966/1303
deg_analysis_31136303_30.out:    Running contrast 971/1303
deg_analysis_31136303_30.out:    Running contrast 976/1303
deg_analysis_31136303_30.out:    Running contrast 981/1303
deg_analysis_31136303_30.out:    Running contrast 986/1303
deg_analysis_31136303_30.out:    Running contrast 991/1303
deg_analysis_31136303_30.out:    Running contrast 996/1303
deg_analysis_31136303_30.out:    Running contrast 1001/1303
deg_analysis_31136303_30.out:    Running contrast 1006/1303
deg_analysis_31136303_30.out:    Running contrast 1011/1303
deg_analysis_31136303_30.out:    Running contrast 1016/1303
deg_analysis_31136303_30.out:    Running contrast 1021/1303
deg_analysis_31136303_30.out:    Running contrast 1026/1303
deg_analysis_31136303_30.out:    Running contrast 1031/1303
deg_analysis_31136303_30.out:    Running contrast 1036/1303
deg_analysis_31136303_30.out:    Running contrast 1041/1303
deg_analysis_31136303_30.out:    Running contrast 1046/1303
deg_analysis_31136303_30.out:    Running contrast 1051/1303
deg_analysis_31136303_30.out:    Running contrast 1056/1303
deg_analysis_31136303_30.out:    Running contrast 1061/1303
deg_analysis_31136303_30.out:    Running contrast 1066/1303
deg_analysis_31136303_30.out:    Running contrast 1071/1303
deg_analysis_31136303_30.out:    Running contrast 1076/1303
deg_analysis_31136303_30.out:    Running contrast 1081/1303
deg_analysis_31136303_30.out:    Running contrast 1086/1303
deg_analysis_31136303_30.out:    Running contrast 1091/1303
deg_analysis_31136303_30.out:    Running contrast 1096/1303
deg_analysis_31136303_30.out:    Running contrast 1101/1303
deg_analysis_31136303_30.out:    Running contrast 1106/1303
deg_analysis_31136303_30.out:    Running contrast 1111/1303
deg_analysis_31136303_30.out:    Running contrast 1116/1303
deg_analysis_31136303_30.out:    Running contrast 1121/1303
deg_analysis_31136303_30.out:    Running contrast 1126/1303
deg_analysis_31136303_30.out:    Running contrast 1131/1303
deg_analysis_31136303_30.out:    Running contrast 1136/1303
deg_analysis_31136303_30.out:    Running contrast 1141/1303
deg_analysis_31136303_30.out:    Running contrast 1146/1303
deg_analysis_31136303_30.out:    Running contrast 1151/1303
deg_analysis_31136303_30.out:    Running contrast 1156/1303
deg_analysis_31136303_30.out:    Running contrast 1161/1303
deg_analysis_31136303_30.out:    Running contrast 1166/1303
deg_analysis_31136303_30.out:    Running contrast 1171/1303
deg_analysis_31136303_30.out:    Running contrast 1176/1303
deg_analysis_31136303_30.out:    Running contrast 1181/1303
deg_analysis_31136303_30.out:    Running contrast 1186/1303
deg_analysis_31136303_30.out:    Running contrast 1191/1303
deg_analysis_31136303_30.out:    Running contrast 1196/1303
deg_analysis_31136303_30.out:    Running contrast 1201/1303
deg_analysis_31136303_30.out:    Running contrast 1206/1303
deg_analysis_31136303_30.out:    Running contrast 1211/1303
deg_analysis_31136303_30.out:    Running contrast 1216/1303
deg_analysis_31136303_30.out:    Running contrast 1221/1303
deg_analysis_31136303_30.out:    Running contrast 1226/1303
deg_analysis_31136303_30.out:    Running contrast 1231/1303
deg_analysis_31136303_30.out:    Running contrast 1236/1303
deg_analysis_31136303_30.out:    Running contrast 1241/1303
deg_analysis_31136303_30.out:    Running contrast 1246/1303
deg_analysis_31136303_30.out:    Running contrast 1251/1303
deg_analysis_31136303_30.out:    Running contrast 1256/1303
deg_analysis_31136303_30.out:    Running contrast 1261/1303
deg_analysis_31136303_30.out:    Running contrast 1266/1303
deg_analysis_31136303_30.out:    Running contrast 1271/1303
deg_analysis_31136303_30.out:    Running contrast 1276/1303
deg_analysis_31136303_30.out:    Running contrast 1281/1303
deg_analysis_31136303_30.out:    Running contrast 1286/1303
deg_analysis_31136303_30.out:    Running contrast 1291/1303
deg_analysis_31136303_30.out:    Running contrast 1296/1303
deg_analysis_31136303_30.out:    Running contrast 1301/1303
deg_analysis_31136303_30.out:    Running contrast 1303/1303
deg_analysis_31136303_30.out:
deg_analysis_31136303_30.out:    Writing:  ./data/tahoe/deg_data/sep_rep/full/qc_false/filter_min_cells_10/CVCL_1239_de.h5ad 
deg_analysis_31136303_30.out:
deg_analysis_31136303_30.out:    Rewriting h5ad file: ./data/tahoe/deg_data/sep_rep/full/qc_false/filter_min_cells_10/CVCL_1239_de.h5ad 
deg_analysis_31136303_30.out:    Removed X matrix
deg_analysis_31136303_30.out:    Rewriting h5ad file is done!
deg_analysis_31136303_30.out:✓ Cell line completed in 10867.8 seconds
deg_analysis_31136303_30.out:
deg_analysis_31136303_30.out:DE analysis completed!
deg_analysis_31136303_30.out:
deg_analysis_31136303_30.out:Total runtime: 10920.3 seconds
deg_analysis_31136303_31.out:
deg_analysis_31136303_31.out:DE analysis started...
deg_analysis_31136303_31.out:Loaded input file:  ./data/tahoe/pseudobulk_processed/sep_rep/by_celltype/CVCL_1285_processed.h5ad 
deg_analysis_31136303_31.out:Initial dimensions:  1343  samples ×  62710  genes
deg_analysis_31136303_31.out:Filter samples with the low number of cells
deg_analysis_31136303_31.out:    Filter threshold (min_cells):  10 
deg_analysis_31136303_31.out:    n_obs:  1343 -->  1334 
deg_analysis_31136303_31.out:
deg_analysis_31136303_31.out:▶︎ Processing cell_type  1 / 1 :  CVCL_1285 
deg_analysis_31136303_31.out:    Filter controls by  pert_time_h  column
deg_analysis_31136303_31.out:        n_obs:  1334 -->  1334 
deg_analysis_31136303_31.out:
deg_analysis_31136303_31.out:    Running contrast 1/1306
deg_analysis_31136303_31.out:    Running contrast 6/1306
deg_analysis_31136303_31.out:    Running contrast 11/1306
deg_analysis_31136303_31.out:    Running contrast 16/1306
deg_analysis_31136303_31.out:    Running contrast 21/1306
deg_analysis_31136303_31.out:    Running contrast 26/1306
deg_analysis_31136303_31.out:    Running contrast 31/1306
deg_analysis_31136303_31.out:    Running contrast 36/1306
deg_analysis_31136303_31.out:    Running contrast 41/1306
deg_analysis_31136303_31.out:    Running contrast 46/1306
deg_analysis_31136303_31.out:    Running contrast 51/1306
deg_analysis_31136303_31.out:    Running contrast 56/1306
deg_analysis_31136303_31.out:    Running contrast 61/1306
deg_analysis_31136303_31.out:    Running contrast 66/1306
deg_analysis_31136303_31.out:    Running contrast 71/1306
deg_analysis_31136303_31.out:    Running contrast 76/1306
deg_analysis_31136303_31.out:    Running contrast 81/1306
deg_analysis_31136303_31.out:    Running contrast 86/1306
deg_analysis_31136303_31.out:    Running contrast 91/1306
deg_analysis_31136303_31.out:    Running contrast 96/1306
deg_analysis_31136303_31.out:    Running contrast 101/1306
deg_analysis_31136303_31.out:    Running contrast 106/1306
deg_analysis_31136303_31.out:    Running contrast 111/1306
deg_analysis_31136303_31.out:    Running contrast 116/1306
deg_analysis_31136303_31.out:    Running contrast 121/1306
deg_analysis_31136303_31.out:    Running contrast 126/1306
deg_analysis_31136303_31.out:    Running contrast 131/1306
deg_analysis_31136303_31.out:    Running contrast 136/1306
deg_analysis_31136303_31.out:    Running contrast 141/1306
deg_analysis_31136303_31.out:    Running contrast 146/1306
deg_analysis_31136303_31.out:    Running contrast 151/1306
deg_analysis_31136303_31.out:    Running contrast 156/1306
deg_analysis_31136303_31.out:    Running contrast 161/1306
deg_analysis_31136303_31.out:    Running contrast 166/1306
deg_analysis_31136303_31.out:    Running contrast 171/1306
deg_analysis_31136303_31.out:    Running contrast 176/1306
deg_analysis_31136303_31.out:    Running contrast 181/1306
deg_analysis_31136303_31.out:    Running contrast 186/1306
deg_analysis_31136303_31.out:    Running contrast 191/1306
deg_analysis_31136303_31.out:    Running contrast 196/1306
deg_analysis_31136303_31.out:    Running contrast 201/1306
deg_analysis_31136303_31.out:    Running contrast 206/1306
deg_analysis_31136303_31.out:    Running contrast 211/1306
deg_analysis_31136303_31.out:    Running contrast 216/1306
deg_analysis_31136303_31.out:    Running contrast 221/1306
deg_analysis_31136303_31.out:    Running contrast 226/1306
deg_analysis_31136303_31.out:    Running contrast 231/1306
deg_analysis_31136303_31.out:    Running contrast 236/1306
deg_analysis_31136303_31.out:    Running contrast 241/1306
deg_analysis_31136303_31.out:    Running contrast 246/1306
deg_analysis_31136303_31.out:    Running contrast 251/1306
deg_analysis_31136303_31.out:    Running contrast 256/1306
deg_analysis_31136303_31.out:    Running contrast 261/1306
deg_analysis_31136303_31.out:    Running contrast 266/1306
deg_analysis_31136303_31.out:    Running contrast 271/1306
deg_analysis_31136303_31.out:    Running contrast 276/1306
deg_analysis_31136303_31.out:    Running contrast 281/1306
deg_analysis_31136303_31.out:    Running contrast 286/1306
deg_analysis_31136303_31.out:    Running contrast 291/1306
deg_analysis_31136303_31.out:    Running contrast 296/1306
deg_analysis_31136303_31.out:    Running contrast 301/1306
deg_analysis_31136303_31.out:    Running contrast 306/1306
deg_analysis_31136303_31.out:    Running contrast 311/1306
deg_analysis_31136303_31.out:    Running contrast 316/1306
deg_analysis_31136303_31.out:    Running contrast 321/1306
deg_analysis_31136303_31.out:    Running contrast 326/1306
deg_analysis_31136303_31.out:    Running contrast 331/1306
deg_analysis_31136303_31.out:    Running contrast 336/1306
deg_analysis_31136303_31.out:    Running contrast 341/1306
deg_analysis_31136303_31.out:    Running contrast 346/1306
deg_analysis_31136303_31.out:    Running contrast 351/1306
deg_analysis_31136303_31.out:    Running contrast 356/1306
deg_analysis_31136303_31.out:    Running contrast 361/1306
deg_analysis_31136303_31.out:    Running contrast 366/1306
deg_analysis_31136303_31.out:    Running contrast 371/1306
deg_analysis_31136303_31.out:    Running contrast 376/1306
deg_analysis_31136303_31.out:    Running contrast 381/1306
deg_analysis_31136303_31.out:    Running contrast 386/1306
deg_analysis_31136303_31.out:    Running contrast 391/1306
deg_analysis_31136303_31.out:    Running contrast 396/1306
deg_analysis_31136303_31.out:    Running contrast 401/1306
deg_analysis_31136303_31.out:    Running contrast 406/1306
deg_analysis_31136303_31.out:    Running contrast 411/1306
deg_analysis_31136303_31.out:    Running contrast 416/1306
deg_analysis_31136303_31.out:    Running contrast 421/1306
deg_analysis_31136303_31.out:    Running contrast 426/1306
deg_analysis_31136303_31.out:    Running contrast 431/1306
deg_analysis_31136303_31.out:    Running contrast 436/1306
deg_analysis_31136303_31.out:    Running contrast 441/1306
deg_analysis_31136303_31.out:    Running contrast 446/1306
deg_analysis_31136303_31.out:    Running contrast 451/1306
deg_analysis_31136303_31.out:    Running contrast 456/1306
deg_analysis_31136303_31.out:    Running contrast 461/1306
deg_analysis_31136303_31.out:    Running contrast 466/1306
deg_analysis_31136303_31.out:    Running contrast 471/1306
deg_analysis_31136303_31.out:    Running contrast 476/1306
deg_analysis_31136303_31.out:    Running contrast 481/1306
deg_analysis_31136303_31.out:    Running contrast 486/1306
deg_analysis_31136303_31.out:    Running contrast 491/1306
deg_analysis_31136303_31.out:    Running contrast 496/1306
deg_analysis_31136303_31.out:    Running contrast 501/1306
deg_analysis_31136303_31.out:    Running contrast 506/1306
deg_analysis_31136303_31.out:    Running contrast 511/1306
deg_analysis_31136303_31.out:    Running contrast 516/1306
deg_analysis_31136303_31.out:    Running contrast 521/1306
deg_analysis_31136303_31.out:    Running contrast 526/1306
deg_analysis_31136303_31.out:    Running contrast 531/1306
deg_analysis_31136303_31.out:    Running contrast 536/1306
deg_analysis_31136303_31.out:    Running contrast 541/1306
deg_analysis_31136303_31.out:    Running contrast 546/1306
deg_analysis_31136303_31.out:    Running contrast 551/1306
deg_analysis_31136303_31.out:    Running contrast 556/1306
deg_analysis_31136303_31.out:    Running contrast 561/1306
deg_analysis_31136303_31.out:    Running contrast 566/1306
deg_analysis_31136303_31.out:    Running contrast 571/1306
deg_analysis_31136303_31.out:    Running contrast 576/1306
deg_analysis_31136303_31.out:    Running contrast 581/1306
deg_analysis_31136303_31.out:    Running contrast 586/1306
deg_analysis_31136303_31.out:    Running contrast 591/1306
deg_analysis_31136303_31.out:    Running contrast 596/1306
deg_analysis_31136303_31.out:    Running contrast 601/1306
deg_analysis_31136303_31.out:    Running contrast 606/1306
deg_analysis_31136303_31.out:    Running contrast 611/1306
deg_analysis_31136303_31.out:    Running contrast 616/1306
deg_analysis_31136303_31.out:    Running contrast 621/1306
deg_analysis_31136303_31.out:    Running contrast 626/1306
deg_analysis_31136303_31.out:    Running contrast 631/1306
deg_analysis_31136303_31.out:    Running contrast 636/1306
deg_analysis_31136303_31.out:    Running contrast 641/1306
deg_analysis_31136303_31.out:    Running contrast 646/1306
deg_analysis_31136303_31.out:    Running contrast 651/1306
deg_analysis_31136303_31.out:    Running contrast 656/1306
deg_analysis_31136303_31.out:    Running contrast 661/1306
deg_analysis_31136303_31.out:    Running contrast 666/1306
deg_analysis_31136303_31.out:    Running contrast 671/1306
deg_analysis_31136303_31.out:    Running contrast 676/1306
deg_analysis_31136303_31.out:    Running contrast 681/1306
deg_analysis_31136303_31.out:    Running contrast 686/1306
deg_analysis_31136303_31.out:    Running contrast 691/1306
deg_analysis_31136303_31.out:    Running contrast 696/1306
deg_analysis_31136303_31.out:    Running contrast 701/1306
deg_analysis_31136303_31.out:    Running contrast 706/1306
deg_analysis_31136303_31.out:    Running contrast 711/1306
deg_analysis_31136303_31.out:    Running contrast 716/1306
deg_analysis_31136303_31.out:    Running contrast 721/1306
deg_analysis_31136303_31.out:    Running contrast 726/1306
deg_analysis_31136303_31.out:    Running contrast 731/1306
deg_analysis_31136303_31.out:    Running contrast 736/1306
deg_analysis_31136303_31.out:    Running contrast 741/1306
deg_analysis_31136303_31.out:    Running contrast 746/1306
deg_analysis_31136303_31.out:    Running contrast 751/1306
deg_analysis_31136303_31.out:    Running contrast 756/1306
deg_analysis_31136303_31.out:    Running contrast 761/1306
deg_analysis_31136303_31.out:    Running contrast 766/1306
deg_analysis_31136303_31.out:    Running contrast 771/1306
deg_analysis_31136303_31.out:    Running contrast 776/1306
deg_analysis_31136303_31.out:    Running contrast 781/1306
deg_analysis_31136303_31.out:    Running contrast 786/1306
deg_analysis_31136303_31.out:    Running contrast 791/1306
deg_analysis_31136303_31.out:    Running contrast 796/1306
deg_analysis_31136303_31.out:    Running contrast 801/1306
deg_analysis_31136303_31.out:    Running contrast 806/1306
deg_analysis_31136303_31.out:    Running contrast 811/1306
deg_analysis_31136303_31.out:    Running contrast 816/1306
deg_analysis_31136303_31.out:    Running contrast 821/1306
deg_analysis_31136303_31.out:    Running contrast 826/1306
deg_analysis_31136303_31.out:    Running contrast 831/1306
deg_analysis_31136303_31.out:    Running contrast 836/1306
deg_analysis_31136303_31.out:    Running contrast 841/1306
deg_analysis_31136303_31.out:    Running contrast 846/1306
deg_analysis_31136303_31.out:    Running contrast 851/1306
deg_analysis_31136303_31.out:    Running contrast 856/1306
deg_analysis_31136303_31.out:    Running contrast 861/1306
deg_analysis_31136303_31.out:    Running contrast 866/1306
deg_analysis_31136303_31.out:    Running contrast 871/1306
deg_analysis_31136303_31.out:    Running contrast 876/1306
deg_analysis_31136303_31.out:    Running contrast 881/1306
deg_analysis_31136303_31.out:    Running contrast 886/1306
deg_analysis_31136303_31.out:    Running contrast 891/1306
deg_analysis_31136303_31.out:    Running contrast 896/1306
deg_analysis_31136303_31.out:    Running contrast 901/1306
deg_analysis_31136303_31.out:    Running contrast 906/1306
deg_analysis_31136303_31.out:    Running contrast 911/1306
deg_analysis_31136303_31.out:    Running contrast 916/1306
deg_analysis_31136303_31.out:    Running contrast 921/1306
deg_analysis_31136303_31.out:    Running contrast 926/1306
deg_analysis_31136303_31.out:    Running contrast 931/1306
deg_analysis_31136303_31.out:    Running contrast 936/1306
deg_analysis_31136303_31.out:    Running contrast 941/1306
deg_analysis_31136303_31.out:    Running contrast 946/1306
deg_analysis_31136303_31.out:    Running contrast 951/1306
deg_analysis_31136303_31.out:    Running contrast 956/1306
deg_analysis_31136303_31.out:    Running contrast 961/1306
deg_analysis_31136303_31.out:    Running contrast 966/1306
deg_analysis_31136303_31.out:    Running contrast 971/1306
deg_analysis_31136303_31.out:    Running contrast 976/1306
deg_analysis_31136303_31.out:    Running contrast 981/1306
deg_analysis_31136303_31.out:    Running contrast 986/1306
deg_analysis_31136303_31.out:    Running contrast 991/1306
deg_analysis_31136303_31.out:    Running contrast 996/1306
deg_analysis_31136303_31.out:    Running contrast 1001/1306
deg_analysis_31136303_31.out:    Running contrast 1006/1306
deg_analysis_31136303_31.out:    Running contrast 1011/1306
deg_analysis_31136303_31.out:    Running contrast 1016/1306
deg_analysis_31136303_31.out:    Running contrast 1021/1306
deg_analysis_31136303_31.out:    Running contrast 1026/1306
deg_analysis_31136303_31.out:    Running contrast 1031/1306
deg_analysis_31136303_31.out:    Running contrast 1036/1306
deg_analysis_31136303_31.out:    Running contrast 1041/1306
deg_analysis_31136303_31.out:    Running contrast 1046/1306
deg_analysis_31136303_31.out:    Running contrast 1051/1306
deg_analysis_31136303_31.out:    Running contrast 1056/1306
deg_analysis_31136303_31.out:    Running contrast 1061/1306
deg_analysis_31136303_31.out:    Running contrast 1066/1306
deg_analysis_31136303_31.out:    Running contrast 1071/1306
deg_analysis_31136303_31.out:    Running contrast 1076/1306
deg_analysis_31136303_31.out:    Running contrast 1081/1306
deg_analysis_31136303_31.out:    Running contrast 1086/1306
deg_analysis_31136303_31.out:    Running contrast 1091/1306
deg_analysis_31136303_31.out:    Running contrast 1096/1306
deg_analysis_31136303_31.out:    Running contrast 1101/1306
deg_analysis_31136303_31.out:    Running contrast 1106/1306
deg_analysis_31136303_31.out:    Running contrast 1111/1306
deg_analysis_31136303_31.out:    Running contrast 1116/1306
deg_analysis_31136303_31.out:    Running contrast 1121/1306
deg_analysis_31136303_31.out:    Running contrast 1126/1306
deg_analysis_31136303_31.out:    Running contrast 1131/1306
deg_analysis_31136303_31.out:    Running contrast 1136/1306
deg_analysis_31136303_31.out:    Running contrast 1141/1306
deg_analysis_31136303_31.out:    Running contrast 1146/1306
deg_analysis_31136303_31.out:    Running contrast 1151/1306
deg_analysis_31136303_31.out:    Running contrast 1156/1306
deg_analysis_31136303_31.out:    Running contrast 1161/1306
deg_analysis_31136303_31.out:    Running contrast 1166/1306
deg_analysis_31136303_31.out:    Running contrast 1171/1306
deg_analysis_31136303_31.out:    Running contrast 1176/1306
deg_analysis_31136303_31.out:    Running contrast 1181/1306
deg_analysis_31136303_31.out:    Running contrast 1186/1306
deg_analysis_31136303_31.out:    Running contrast 1191/1306
deg_analysis_31136303_31.out:    Running contrast 1196/1306
deg_analysis_31136303_31.out:    Running contrast 1201/1306
deg_analysis_31136303_31.out:    Running contrast 1206/1306
deg_analysis_31136303_31.out:    Running contrast 1211/1306
deg_analysis_31136303_31.out:    Running contrast 1216/1306
deg_analysis_31136303_31.out:    Running contrast 1221/1306
deg_analysis_31136303_31.out:    Running contrast 1226/1306
deg_analysis_31136303_31.out:    Running contrast 1231/1306
deg_analysis_31136303_31.out:    Running contrast 1236/1306
deg_analysis_31136303_31.out:    Running contrast 1241/1306
deg_analysis_31136303_31.out:    Running contrast 1246/1306
deg_analysis_31136303_31.out:    Running contrast 1251/1306
deg_analysis_31136303_31.out:    Running contrast 1256/1306
deg_analysis_31136303_31.out:    Running contrast 1261/1306
deg_analysis_31136303_31.out:    Running contrast 1266/1306
deg_analysis_31136303_31.out:    Running contrast 1271/1306
deg_analysis_31136303_31.out:    Running contrast 1276/1306
deg_analysis_31136303_31.out:    Running contrast 1281/1306
deg_analysis_31136303_31.out:    Running contrast 1286/1306
deg_analysis_31136303_31.out:    Running contrast 1291/1306
deg_analysis_31136303_31.out:    Running contrast 1296/1306
deg_analysis_31136303_31.out:    Running contrast 1301/1306
deg_analysis_31136303_31.out:    Running contrast 1306/1306
deg_analysis_31136303_31.out:
deg_analysis_31136303_31.out:    Writing:  ./data/tahoe/deg_data/sep_rep/full/qc_false/filter_min_cells_10/CVCL_1285_de.h5ad 
deg_analysis_31136303_31.out:
deg_analysis_31136303_31.out:    Rewriting h5ad file: ./data/tahoe/deg_data/sep_rep/full/qc_false/filter_min_cells_10/CVCL_1285_de.h5ad 
deg_analysis_31136303_31.out:    Removed X matrix
deg_analysis_31136303_31.out:    Rewriting h5ad file is done!
deg_analysis_31136303_31.out:✓ Cell line completed in 12744.0 seconds
deg_analysis_31136303_31.out:
deg_analysis_31136303_31.out:DE analysis completed!
deg_analysis_31136303_31.out:
deg_analysis_31136303_31.out:Total runtime: 12776.4 seconds
deg_analysis_31136303_32.out:
deg_analysis_31136303_32.out:DE analysis started...
deg_analysis_31136303_32.out:Loaded input file:  ./data/tahoe/pseudobulk_processed/sep_rep/by_celltype/CVCL_1381_processed.h5ad 
deg_analysis_31136303_32.out:Initial dimensions:  1342  samples ×  62710  genes
deg_analysis_31136303_32.out:Filter samples with the low number of cells
deg_analysis_31136303_32.out:    Filter threshold (min_cells):  10 
deg_analysis_31136303_32.out:    n_obs:  1342 -->  1334 
deg_analysis_31136303_32.out:
deg_analysis_31136303_32.out:▶︎ Processing cell_type  1 / 1 :  CVCL_1381 
deg_analysis_31136303_32.out:    Filter controls by  pert_time_h  column
deg_analysis_31136303_32.out:        n_obs:  1334 -->  1334 
deg_analysis_31136303_32.out:
deg_analysis_31136303_32.out:    Running contrast 1/1306
deg_analysis_31136303_32.out:    Running contrast 6/1306
deg_analysis_31136303_32.out:    Running contrast 11/1306
deg_analysis_31136303_32.out:    Running contrast 16/1306
deg_analysis_31136303_32.out:    Running contrast 21/1306
deg_analysis_31136303_32.out:    Running contrast 26/1306
deg_analysis_31136303_32.out:    Running contrast 31/1306
deg_analysis_31136303_32.out:    Running contrast 36/1306
deg_analysis_31136303_32.out:    Running contrast 41/1306
deg_analysis_31136303_32.out:    Running contrast 46/1306
deg_analysis_31136303_32.out:    Running contrast 51/1306
deg_analysis_31136303_32.out:    Running contrast 56/1306
deg_analysis_31136303_32.out:    Running contrast 61/1306
deg_analysis_31136303_32.out:    Running contrast 66/1306
deg_analysis_31136303_32.out:    Running contrast 71/1306
deg_analysis_31136303_32.out:    Running contrast 76/1306
deg_analysis_31136303_32.out:    Running contrast 81/1306
deg_analysis_31136303_32.out:    Running contrast 86/1306
deg_analysis_31136303_32.out:    Running contrast 91/1306
deg_analysis_31136303_32.out:    Running contrast 96/1306
deg_analysis_31136303_32.out:    Running contrast 101/1306
deg_analysis_31136303_32.out:    Running contrast 106/1306
deg_analysis_31136303_32.out:    Running contrast 111/1306
deg_analysis_31136303_32.out:    Running contrast 116/1306
deg_analysis_31136303_32.out:    Running contrast 121/1306
deg_analysis_31136303_32.out:    Running contrast 126/1306
deg_analysis_31136303_32.out:    Running contrast 131/1306
deg_analysis_31136303_32.out:    Running contrast 136/1306
deg_analysis_31136303_32.out:    Running contrast 141/1306
deg_analysis_31136303_32.out:    Running contrast 146/1306
deg_analysis_31136303_32.out:    Running contrast 151/1306
deg_analysis_31136303_32.out:    Running contrast 156/1306
deg_analysis_31136303_32.out:    Running contrast 161/1306
deg_analysis_31136303_32.out:    Running contrast 166/1306
deg_analysis_31136303_32.out:    Running contrast 171/1306
deg_analysis_31136303_32.out:    Running contrast 176/1306
deg_analysis_31136303_32.out:    Running contrast 181/1306
deg_analysis_31136303_32.out:    Running contrast 186/1306
deg_analysis_31136303_32.out:    Running contrast 191/1306
deg_analysis_31136303_32.out:    Running contrast 196/1306
deg_analysis_31136303_32.out:    Running contrast 201/1306
deg_analysis_31136303_32.out:    Running contrast 206/1306
deg_analysis_31136303_32.out:    Running contrast 211/1306
deg_analysis_31136303_32.out:    Running contrast 216/1306
deg_analysis_31136303_32.out:    Running contrast 221/1306
deg_analysis_31136303_32.out:    Running contrast 226/1306
deg_analysis_31136303_32.out:    Running contrast 231/1306
deg_analysis_31136303_32.out:    Running contrast 236/1306
deg_analysis_31136303_32.out:    Running contrast 241/1306
deg_analysis_31136303_32.out:    Running contrast 246/1306
deg_analysis_31136303_32.out:    Running contrast 251/1306
deg_analysis_31136303_32.out:    Running contrast 256/1306
deg_analysis_31136303_32.out:    Running contrast 261/1306
deg_analysis_31136303_32.out:    Running contrast 266/1306
deg_analysis_31136303_32.out:    Running contrast 271/1306
deg_analysis_31136303_32.out:    Running contrast 276/1306
deg_analysis_31136303_32.out:    Running contrast 281/1306
deg_analysis_31136303_32.out:    Running contrast 286/1306
deg_analysis_31136303_32.out:    Running contrast 291/1306
deg_analysis_31136303_32.out:    Running contrast 296/1306
deg_analysis_31136303_32.out:    Running contrast 301/1306
deg_analysis_31136303_32.out:    Running contrast 306/1306
deg_analysis_31136303_32.out:    Running contrast 311/1306
deg_analysis_31136303_32.out:    Running contrast 316/1306
deg_analysis_31136303_32.out:    Running contrast 321/1306
deg_analysis_31136303_32.out:    Running contrast 326/1306
deg_analysis_31136303_32.out:    Running contrast 331/1306
deg_analysis_31136303_32.out:    Running contrast 336/1306
deg_analysis_31136303_32.out:    Running contrast 341/1306
deg_analysis_31136303_32.out:    Running contrast 346/1306
deg_analysis_31136303_32.out:    Running contrast 351/1306
deg_analysis_31136303_32.out:    Running contrast 356/1306
deg_analysis_31136303_32.out:    Running contrast 361/1306
deg_analysis_31136303_32.out:    Running contrast 366/1306
deg_analysis_31136303_32.out:    Running contrast 371/1306
deg_analysis_31136303_32.out:    Running contrast 376/1306
deg_analysis_31136303_32.out:    Running contrast 381/1306
deg_analysis_31136303_32.out:    Running contrast 386/1306
deg_analysis_31136303_32.out:    Running contrast 391/1306
deg_analysis_31136303_32.out:    Running contrast 396/1306
deg_analysis_31136303_32.out:    Running contrast 401/1306
deg_analysis_31136303_32.out:    Running contrast 406/1306
deg_analysis_31136303_32.out:    Running contrast 411/1306
deg_analysis_31136303_32.out:    Running contrast 416/1306
deg_analysis_31136303_32.out:    Running contrast 421/1306
deg_analysis_31136303_32.out:    Running contrast 426/1306
deg_analysis_31136303_32.out:    Running contrast 431/1306
deg_analysis_31136303_32.out:    Running contrast 436/1306
deg_analysis_31136303_32.out:    Running contrast 441/1306
deg_analysis_31136303_32.out:    Running contrast 446/1306
deg_analysis_31136303_32.out:    Running contrast 451/1306
deg_analysis_31136303_32.out:    Running contrast 456/1306
deg_analysis_31136303_32.out:    Running contrast 461/1306
deg_analysis_31136303_32.out:    Running contrast 466/1306
deg_analysis_31136303_32.out:    Running contrast 471/1306
deg_analysis_31136303_32.out:    Running contrast 476/1306
deg_analysis_31136303_32.out:    Running contrast 481/1306
deg_analysis_31136303_32.out:    Running contrast 486/1306
deg_analysis_31136303_32.out:    Running contrast 491/1306
deg_analysis_31136303_32.out:    Running contrast 496/1306
deg_analysis_31136303_32.out:    Running contrast 501/1306
deg_analysis_31136303_32.out:    Running contrast 506/1306
deg_analysis_31136303_32.out:    Running contrast 511/1306
deg_analysis_31136303_32.out:    Running contrast 516/1306
deg_analysis_31136303_32.out:    Running contrast 521/1306
deg_analysis_31136303_32.out:    Running contrast 526/1306
deg_analysis_31136303_32.out:    Running contrast 531/1306
deg_analysis_31136303_32.out:    Running contrast 536/1306
deg_analysis_31136303_32.out:    Running contrast 541/1306
deg_analysis_31136303_32.out:    Running contrast 546/1306
deg_analysis_31136303_32.out:    Running contrast 551/1306
deg_analysis_31136303_32.out:    Running contrast 556/1306
deg_analysis_31136303_32.out:    Running contrast 561/1306
deg_analysis_31136303_32.out:    Running contrast 566/1306
deg_analysis_31136303_32.out:    Running contrast 571/1306
deg_analysis_31136303_32.out:    Running contrast 576/1306
deg_analysis_31136303_32.out:    Running contrast 581/1306
deg_analysis_31136303_32.out:    Running contrast 586/1306
deg_analysis_31136303_32.out:    Running contrast 591/1306
deg_analysis_31136303_32.out:    Running contrast 596/1306
deg_analysis_31136303_32.out:    Running contrast 601/1306
deg_analysis_31136303_32.out:    Running contrast 606/1306
deg_analysis_31136303_32.out:    Running contrast 611/1306
deg_analysis_31136303_32.out:    Running contrast 616/1306
deg_analysis_31136303_32.out:    Running contrast 621/1306
deg_analysis_31136303_32.out:    Running contrast 626/1306
deg_analysis_31136303_32.out:    Running contrast 631/1306
deg_analysis_31136303_32.out:    Running contrast 636/1306
deg_analysis_31136303_32.out:    Running contrast 641/1306
deg_analysis_31136303_32.out:    Running contrast 646/1306
deg_analysis_31136303_32.out:    Running contrast 651/1306
deg_analysis_31136303_32.out:    Running contrast 656/1306
deg_analysis_31136303_32.out:    Running contrast 661/1306
deg_analysis_31136303_32.out:    Running contrast 666/1306
deg_analysis_31136303_32.out:    Running contrast 671/1306
deg_analysis_31136303_32.out:    Running contrast 676/1306
deg_analysis_31136303_32.out:    Running contrast 681/1306
deg_analysis_31136303_32.out:    Running contrast 686/1306
deg_analysis_31136303_32.out:    Running contrast 691/1306
deg_analysis_31136303_32.out:    Running contrast 696/1306
deg_analysis_31136303_32.out:    Running contrast 701/1306
deg_analysis_31136303_32.out:    Running contrast 706/1306
deg_analysis_31136303_32.out:    Running contrast 711/1306
deg_analysis_31136303_32.out:    Running contrast 716/1306
deg_analysis_31136303_32.out:    Running contrast 721/1306
deg_analysis_31136303_32.out:    Running contrast 726/1306
deg_analysis_31136303_32.out:    Running contrast 731/1306
deg_analysis_31136303_32.out:    Running contrast 736/1306
deg_analysis_31136303_32.out:    Running contrast 741/1306
deg_analysis_31136303_32.out:    Running contrast 746/1306
deg_analysis_31136303_32.out:    Running contrast 751/1306
deg_analysis_31136303_32.out:    Running contrast 756/1306
deg_analysis_31136303_32.out:    Running contrast 761/1306
deg_analysis_31136303_32.out:    Running contrast 766/1306
deg_analysis_31136303_32.out:    Running contrast 771/1306
deg_analysis_31136303_32.out:    Running contrast 776/1306
deg_analysis_31136303_32.out:    Running contrast 781/1306
deg_analysis_31136303_32.out:    Running contrast 786/1306
deg_analysis_31136303_32.out:    Running contrast 791/1306
deg_analysis_31136303_32.out:    Running contrast 796/1306
deg_analysis_31136303_32.out:    Running contrast 801/1306
deg_analysis_31136303_32.out:    Running contrast 806/1306
deg_analysis_31136303_32.out:    Running contrast 811/1306
deg_analysis_31136303_32.out:    Running contrast 816/1306
deg_analysis_31136303_32.out:    Running contrast 821/1306
deg_analysis_31136303_32.out:    Running contrast 826/1306
deg_analysis_31136303_32.out:    Running contrast 831/1306
deg_analysis_31136303_32.out:    Running contrast 836/1306
deg_analysis_31136303_32.out:    Running contrast 841/1306
deg_analysis_31136303_32.out:    Running contrast 846/1306
deg_analysis_31136303_32.out:    Running contrast 851/1306
deg_analysis_31136303_32.out:    Running contrast 856/1306
deg_analysis_31136303_32.out:    Running contrast 861/1306
deg_analysis_31136303_32.out:    Running contrast 866/1306
deg_analysis_31136303_32.out:    Running contrast 871/1306
deg_analysis_31136303_32.out:    Running contrast 876/1306
deg_analysis_31136303_32.out:    Running contrast 881/1306
deg_analysis_31136303_32.out:    Running contrast 886/1306
deg_analysis_31136303_32.out:    Running contrast 891/1306
deg_analysis_31136303_32.out:    Running contrast 896/1306
deg_analysis_31136303_32.out:    Running contrast 901/1306
deg_analysis_31136303_32.out:    Running contrast 906/1306
deg_analysis_31136303_32.out:    Running contrast 911/1306
deg_analysis_31136303_32.out:    Running contrast 916/1306
deg_analysis_31136303_32.out:    Running contrast 921/1306
deg_analysis_31136303_32.out:    Running contrast 926/1306
deg_analysis_31136303_32.out:    Running contrast 931/1306
deg_analysis_31136303_32.out:    Running contrast 936/1306
deg_analysis_31136303_32.out:    Running contrast 941/1306
deg_analysis_31136303_32.out:    Running contrast 946/1306
deg_analysis_31136303_32.out:    Running contrast 951/1306
deg_analysis_31136303_32.out:    Running contrast 956/1306
deg_analysis_31136303_32.out:    Running contrast 961/1306
deg_analysis_31136303_32.out:    Running contrast 966/1306
deg_analysis_31136303_32.out:    Running contrast 971/1306
deg_analysis_31136303_32.out:    Running contrast 976/1306
deg_analysis_31136303_32.out:    Running contrast 981/1306
deg_analysis_31136303_32.out:    Running contrast 986/1306
deg_analysis_31136303_32.out:    Running contrast 991/1306
deg_analysis_31136303_32.out:    Running contrast 996/1306
deg_analysis_31136303_32.out:    Running contrast 1001/1306
deg_analysis_31136303_32.out:    Running contrast 1006/1306
deg_analysis_31136303_32.out:    Running contrast 1011/1306
deg_analysis_31136303_32.out:    Running contrast 1016/1306
deg_analysis_31136303_32.out:    Running contrast 1021/1306
deg_analysis_31136303_32.out:    Running contrast 1026/1306
deg_analysis_31136303_32.out:    Running contrast 1031/1306
deg_analysis_31136303_32.out:    Running contrast 1036/1306
deg_analysis_31136303_32.out:    Running contrast 1041/1306
deg_analysis_31136303_32.out:    Running contrast 1046/1306
deg_analysis_31136303_32.out:    Running contrast 1051/1306
deg_analysis_31136303_32.out:    Running contrast 1056/1306
deg_analysis_31136303_32.out:    Running contrast 1061/1306
deg_analysis_31136303_32.out:    Running contrast 1066/1306
deg_analysis_31136303_32.out:    Running contrast 1071/1306
deg_analysis_31136303_32.out:    Running contrast 1076/1306
deg_analysis_31136303_32.out:    Running contrast 1081/1306
deg_analysis_31136303_32.out:    Running contrast 1086/1306
deg_analysis_31136303_32.out:    Running contrast 1091/1306
deg_analysis_31136303_32.out:    Running contrast 1096/1306
deg_analysis_31136303_32.out:    Running contrast 1101/1306
deg_analysis_31136303_32.out:    Running contrast 1106/1306
deg_analysis_31136303_32.out:    Running contrast 1111/1306
deg_analysis_31136303_32.out:    Running contrast 1116/1306
deg_analysis_31136303_32.out:    Running contrast 1121/1306
deg_analysis_31136303_32.out:    Running contrast 1126/1306
deg_analysis_31136303_32.out:    Running contrast 1131/1306
deg_analysis_31136303_32.out:    Running contrast 1136/1306
deg_analysis_31136303_32.out:    Running contrast 1141/1306
deg_analysis_31136303_32.out:    Running contrast 1146/1306
deg_analysis_31136303_32.out:    Running contrast 1151/1306
deg_analysis_31136303_32.out:    Running contrast 1156/1306
deg_analysis_31136303_32.out:    Running contrast 1161/1306
deg_analysis_31136303_32.out:    Running contrast 1166/1306
deg_analysis_31136303_32.out:    Running contrast 1171/1306
deg_analysis_31136303_32.out:    Running contrast 1176/1306
deg_analysis_31136303_32.out:    Running contrast 1181/1306
deg_analysis_31136303_32.out:    Running contrast 1186/1306
deg_analysis_31136303_32.out:    Running contrast 1191/1306
deg_analysis_31136303_32.out:    Running contrast 1196/1306
deg_analysis_31136303_32.out:    Running contrast 1201/1306
deg_analysis_31136303_32.out:    Running contrast 1206/1306
deg_analysis_31136303_32.out:    Running contrast 1211/1306
deg_analysis_31136303_32.out:    Running contrast 1216/1306
deg_analysis_31136303_32.out:    Running contrast 1221/1306
deg_analysis_31136303_32.out:    Running contrast 1226/1306
deg_analysis_31136303_32.out:    Running contrast 1231/1306
deg_analysis_31136303_32.out:    Running contrast 1236/1306
deg_analysis_31136303_32.out:    Running contrast 1241/1306
deg_analysis_31136303_32.out:    Running contrast 1246/1306
deg_analysis_31136303_32.out:    Running contrast 1251/1306
deg_analysis_31136303_32.out:    Running contrast 1256/1306
deg_analysis_31136303_32.out:    Running contrast 1261/1306
deg_analysis_31136303_32.out:    Running contrast 1266/1306
deg_analysis_31136303_32.out:    Running contrast 1271/1306
deg_analysis_31136303_32.out:    Running contrast 1276/1306
deg_analysis_31136303_32.out:    Running contrast 1281/1306
deg_analysis_31136303_32.out:    Running contrast 1286/1306
deg_analysis_31136303_32.out:    Running contrast 1291/1306
deg_analysis_31136303_32.out:    Running contrast 1296/1306
deg_analysis_31136303_32.out:    Running contrast 1301/1306
deg_analysis_31136303_32.out:    Running contrast 1306/1306
deg_analysis_31136303_32.out:
deg_analysis_31136303_32.out:    Writing:  ./data/tahoe/deg_data/sep_rep/full/qc_false/filter_min_cells_10/CVCL_1381_de.h5ad 
deg_analysis_31136303_32.out:
deg_analysis_31136303_32.out:    Rewriting h5ad file: ./data/tahoe/deg_data/sep_rep/full/qc_false/filter_min_cells_10/CVCL_1381_de.h5ad 
deg_analysis_31136303_32.out:    Removed X matrix
deg_analysis_31136303_32.out:    Rewriting h5ad file is done!
deg_analysis_31136303_32.out:✓ Cell line completed in 11627.9 seconds
deg_analysis_31136303_32.out:
deg_analysis_31136303_32.out:DE analysis completed!
deg_analysis_31136303_32.out:
deg_analysis_31136303_32.out:Total runtime: 11666.3 seconds
deg_analysis_31136303_33.out:
deg_analysis_31136303_33.out:DE analysis started...
deg_analysis_31136303_33.out:Loaded input file:  ./data/tahoe/pseudobulk_processed/sep_rep/by_celltype/CVCL_1478_processed.h5ad 
deg_analysis_31136303_33.out:Initial dimensions:  1341  samples ×  62710  genes
deg_analysis_31136303_33.out:Filter samples with the low number of cells
deg_analysis_31136303_33.out:    Filter threshold (min_cells):  10 
deg_analysis_31136303_33.out:    n_obs:  1341 -->  1334 
deg_analysis_31136303_33.out:
deg_analysis_31136303_33.out:▶︎ Processing cell_type  1 / 1 :  CVCL_1478 
deg_analysis_31136303_33.out:    Filter controls by  pert_time_h  column
deg_analysis_31136303_33.out:        n_obs:  1334 -->  1334 
deg_analysis_31136303_33.out:
deg_analysis_31136303_33.out:    Running contrast 1/1306
deg_analysis_31136303_33.out:    Running contrast 6/1306
deg_analysis_31136303_33.out:    Running contrast 11/1306
deg_analysis_31136303_33.out:    Running contrast 16/1306
deg_analysis_31136303_33.out:    Running contrast 21/1306
deg_analysis_31136303_33.out:    Running contrast 26/1306
deg_analysis_31136303_33.out:    Running contrast 31/1306
deg_analysis_31136303_33.out:    Running contrast 36/1306
deg_analysis_31136303_33.out:    Running contrast 41/1306
deg_analysis_31136303_33.out:    Running contrast 46/1306
deg_analysis_31136303_33.out:    Running contrast 51/1306
deg_analysis_31136303_33.out:    Running contrast 56/1306
deg_analysis_31136303_33.out:    Running contrast 61/1306
deg_analysis_31136303_33.out:    Running contrast 66/1306
deg_analysis_31136303_33.out:    Running contrast 71/1306
deg_analysis_31136303_33.out:    Running contrast 76/1306
deg_analysis_31136303_33.out:    Running contrast 81/1306
deg_analysis_31136303_33.out:    Running contrast 86/1306
deg_analysis_31136303_33.out:    Running contrast 91/1306
deg_analysis_31136303_33.out:    Running contrast 96/1306
deg_analysis_31136303_33.out:    Running contrast 101/1306
deg_analysis_31136303_33.out:    Running contrast 106/1306
deg_analysis_31136303_33.out:    Running contrast 111/1306
deg_analysis_31136303_33.out:    Running contrast 116/1306
deg_analysis_31136303_33.out:    Running contrast 121/1306
deg_analysis_31136303_33.out:    Running contrast 126/1306
deg_analysis_31136303_33.out:    Running contrast 131/1306
deg_analysis_31136303_33.out:    Running contrast 136/1306
deg_analysis_31136303_33.out:    Running contrast 141/1306
deg_analysis_31136303_33.out:    Running contrast 146/1306
deg_analysis_31136303_33.out:    Running contrast 151/1306
deg_analysis_31136303_33.out:    Running contrast 156/1306
deg_analysis_31136303_33.out:    Running contrast 161/1306
deg_analysis_31136303_33.out:    Running contrast 166/1306
deg_analysis_31136303_33.out:    Running contrast 171/1306
deg_analysis_31136303_33.out:    Running contrast 176/1306
deg_analysis_31136303_33.out:    Running contrast 181/1306
deg_analysis_31136303_33.out:    Running contrast 186/1306
deg_analysis_31136303_33.out:    Running contrast 191/1306
deg_analysis_31136303_33.out:    Running contrast 196/1306
deg_analysis_31136303_33.out:    Running contrast 201/1306
deg_analysis_31136303_33.out:    Running contrast 206/1306
deg_analysis_31136303_33.out:    Running contrast 211/1306
deg_analysis_31136303_33.out:    Running contrast 216/1306
deg_analysis_31136303_33.out:    Running contrast 221/1306
deg_analysis_31136303_33.out:    Running contrast 226/1306
deg_analysis_31136303_33.out:    Running contrast 231/1306
deg_analysis_31136303_33.out:    Running contrast 236/1306
deg_analysis_31136303_33.out:    Running contrast 241/1306
deg_analysis_31136303_33.out:    Running contrast 246/1306
deg_analysis_31136303_33.out:    Running contrast 251/1306
deg_analysis_31136303_33.out:    Running contrast 256/1306
deg_analysis_31136303_33.out:    Running contrast 261/1306
deg_analysis_31136303_33.out:    Running contrast 266/1306
deg_analysis_31136303_33.out:    Running contrast 271/1306
deg_analysis_31136303_33.out:    Running contrast 276/1306
deg_analysis_31136303_33.out:    Running contrast 281/1306
deg_analysis_31136303_33.out:    Running contrast 286/1306
deg_analysis_31136303_33.out:    Running contrast 291/1306
deg_analysis_31136303_33.out:    Running contrast 296/1306
deg_analysis_31136303_33.out:    Running contrast 301/1306
deg_analysis_31136303_33.out:    Running contrast 306/1306
deg_analysis_31136303_33.out:    Running contrast 311/1306
deg_analysis_31136303_33.out:    Running contrast 316/1306
deg_analysis_31136303_33.out:    Running contrast 321/1306
deg_analysis_31136303_33.out:    Running contrast 326/1306
deg_analysis_31136303_33.out:    Running contrast 331/1306
deg_analysis_31136303_33.out:    Running contrast 336/1306
deg_analysis_31136303_33.out:    Running contrast 341/1306
deg_analysis_31136303_33.out:    Running contrast 346/1306
deg_analysis_31136303_33.out:    Running contrast 351/1306
deg_analysis_31136303_33.out:    Running contrast 356/1306
deg_analysis_31136303_33.out:    Running contrast 361/1306
deg_analysis_31136303_33.out:    Running contrast 366/1306
deg_analysis_31136303_33.out:    Running contrast 371/1306
deg_analysis_31136303_33.out:    Running contrast 376/1306
deg_analysis_31136303_33.out:    Running contrast 381/1306
deg_analysis_31136303_33.out:    Running contrast 386/1306
deg_analysis_31136303_33.out:    Running contrast 391/1306
deg_analysis_31136303_33.out:    Running contrast 396/1306
deg_analysis_31136303_33.out:    Running contrast 401/1306
deg_analysis_31136303_33.out:    Running contrast 406/1306
deg_analysis_31136303_33.out:    Running contrast 411/1306
deg_analysis_31136303_33.out:    Running contrast 416/1306
deg_analysis_31136303_33.out:    Running contrast 421/1306
deg_analysis_31136303_33.out:    Running contrast 426/1306
deg_analysis_31136303_33.out:    Running contrast 431/1306
deg_analysis_31136303_33.out:    Running contrast 436/1306
deg_analysis_31136303_33.out:    Running contrast 441/1306
deg_analysis_31136303_33.out:    Running contrast 446/1306
deg_analysis_31136303_33.out:    Running contrast 451/1306
deg_analysis_31136303_33.out:    Running contrast 456/1306
deg_analysis_31136303_33.out:    Running contrast 461/1306
deg_analysis_31136303_33.out:    Running contrast 466/1306
deg_analysis_31136303_33.out:    Running contrast 471/1306
deg_analysis_31136303_33.out:    Running contrast 476/1306
deg_analysis_31136303_33.out:    Running contrast 481/1306
deg_analysis_31136303_33.out:    Running contrast 486/1306
deg_analysis_31136303_33.out:    Running contrast 491/1306
deg_analysis_31136303_33.out:    Running contrast 496/1306
deg_analysis_31136303_33.out:    Running contrast 501/1306
deg_analysis_31136303_33.out:    Running contrast 506/1306
deg_analysis_31136303_33.out:    Running contrast 511/1306
deg_analysis_31136303_33.out:    Running contrast 516/1306
deg_analysis_31136303_33.out:    Running contrast 521/1306
deg_analysis_31136303_33.out:    Running contrast 526/1306
deg_analysis_31136303_33.out:    Running contrast 531/1306
deg_analysis_31136303_33.out:    Running contrast 536/1306
deg_analysis_31136303_33.out:    Running contrast 541/1306
deg_analysis_31136303_33.out:    Running contrast 546/1306
deg_analysis_31136303_33.out:    Running contrast 551/1306
deg_analysis_31136303_33.out:    Running contrast 556/1306
deg_analysis_31136303_33.out:    Running contrast 561/1306
deg_analysis_31136303_33.out:    Running contrast 566/1306
deg_analysis_31136303_33.out:    Running contrast 571/1306
deg_analysis_31136303_33.out:    Running contrast 576/1306
deg_analysis_31136303_33.out:    Running contrast 581/1306
deg_analysis_31136303_33.out:    Running contrast 586/1306
deg_analysis_31136303_33.out:    Running contrast 591/1306
deg_analysis_31136303_33.out:    Running contrast 596/1306
deg_analysis_31136303_33.out:    Running contrast 601/1306
deg_analysis_31136303_33.out:    Running contrast 606/1306
deg_analysis_31136303_33.out:    Running contrast 611/1306
deg_analysis_31136303_33.out:    Running contrast 616/1306
deg_analysis_31136303_33.out:    Running contrast 621/1306
deg_analysis_31136303_33.out:    Running contrast 626/1306
deg_analysis_31136303_33.out:    Running contrast 631/1306
deg_analysis_31136303_33.out:    Running contrast 636/1306
deg_analysis_31136303_33.out:    Running contrast 641/1306
deg_analysis_31136303_33.out:    Running contrast 646/1306
deg_analysis_31136303_33.out:    Running contrast 651/1306
deg_analysis_31136303_33.out:    Running contrast 656/1306
deg_analysis_31136303_33.out:    Running contrast 661/1306
deg_analysis_31136303_33.out:    Running contrast 666/1306
deg_analysis_31136303_33.out:    Running contrast 671/1306
deg_analysis_31136303_33.out:    Running contrast 676/1306
deg_analysis_31136303_33.out:    Running contrast 681/1306
deg_analysis_31136303_33.out:    Running contrast 686/1306
deg_analysis_31136303_33.out:    Running contrast 691/1306
deg_analysis_31136303_33.out:    Running contrast 696/1306
deg_analysis_31136303_33.out:    Running contrast 701/1306
deg_analysis_31136303_33.out:    Running contrast 706/1306
deg_analysis_31136303_33.out:    Running contrast 711/1306
deg_analysis_31136303_33.out:    Running contrast 716/1306
deg_analysis_31136303_33.out:    Running contrast 721/1306
deg_analysis_31136303_33.out:    Running contrast 726/1306
deg_analysis_31136303_33.out:    Running contrast 731/1306
deg_analysis_31136303_33.out:    Running contrast 736/1306
deg_analysis_31136303_33.out:    Running contrast 741/1306
deg_analysis_31136303_33.out:    Running contrast 746/1306
deg_analysis_31136303_33.out:    Running contrast 751/1306
deg_analysis_31136303_33.out:    Running contrast 756/1306
deg_analysis_31136303_33.out:    Running contrast 761/1306
deg_analysis_31136303_33.out:    Running contrast 766/1306
deg_analysis_31136303_33.out:    Running contrast 771/1306
deg_analysis_31136303_33.out:    Running contrast 776/1306
deg_analysis_31136303_33.out:    Running contrast 781/1306
deg_analysis_31136303_33.out:    Running contrast 786/1306
deg_analysis_31136303_33.out:    Running contrast 791/1306
deg_analysis_31136303_33.out:    Running contrast 796/1306
deg_analysis_31136303_33.out:    Running contrast 801/1306
deg_analysis_31136303_33.out:    Running contrast 806/1306
deg_analysis_31136303_33.out:    Running contrast 811/1306
deg_analysis_31136303_33.out:    Running contrast 816/1306
deg_analysis_31136303_33.out:    Running contrast 821/1306
deg_analysis_31136303_33.out:    Running contrast 826/1306
deg_analysis_31136303_33.out:    Running contrast 831/1306
deg_analysis_31136303_33.out:    Running contrast 836/1306
deg_analysis_31136303_33.out:    Running contrast 841/1306
deg_analysis_31136303_33.out:    Running contrast 846/1306
deg_analysis_31136303_33.out:    Running contrast 851/1306
deg_analysis_31136303_33.out:    Running contrast 856/1306
deg_analysis_31136303_33.out:    Running contrast 861/1306
deg_analysis_31136303_33.out:    Running contrast 866/1306
deg_analysis_31136303_33.out:    Running contrast 871/1306
deg_analysis_31136303_33.out:    Running contrast 876/1306
deg_analysis_31136303_33.out:    Running contrast 881/1306
deg_analysis_31136303_33.out:    Running contrast 886/1306
deg_analysis_31136303_33.out:    Running contrast 891/1306
deg_analysis_31136303_33.out:    Running contrast 896/1306
deg_analysis_31136303_33.out:    Running contrast 901/1306
deg_analysis_31136303_33.out:    Running contrast 906/1306
deg_analysis_31136303_33.out:    Running contrast 911/1306
deg_analysis_31136303_33.out:    Running contrast 916/1306
deg_analysis_31136303_33.out:    Running contrast 921/1306
deg_analysis_31136303_33.out:    Running contrast 926/1306
deg_analysis_31136303_33.out:    Running contrast 931/1306
deg_analysis_31136303_33.out:    Running contrast 936/1306
deg_analysis_31136303_33.out:    Running contrast 941/1306
deg_analysis_31136303_33.out:    Running contrast 946/1306
deg_analysis_31136303_33.out:    Running contrast 951/1306
deg_analysis_31136303_33.out:    Running contrast 956/1306
deg_analysis_31136303_33.out:    Running contrast 961/1306
deg_analysis_31136303_33.out:    Running contrast 966/1306
deg_analysis_31136303_33.out:    Running contrast 971/1306
deg_analysis_31136303_33.out:    Running contrast 976/1306
deg_analysis_31136303_33.out:    Running contrast 981/1306
deg_analysis_31136303_33.out:    Running contrast 986/1306
deg_analysis_31136303_33.out:    Running contrast 991/1306
deg_analysis_31136303_33.out:    Running contrast 996/1306
deg_analysis_31136303_33.out:    Running contrast 1001/1306
deg_analysis_31136303_33.out:    Running contrast 1006/1306
deg_analysis_31136303_33.out:    Running contrast 1011/1306
deg_analysis_31136303_33.out:    Running contrast 1016/1306
deg_analysis_31136303_33.out:    Running contrast 1021/1306
deg_analysis_31136303_33.out:    Running contrast 1026/1306
deg_analysis_31136303_33.out:    Running contrast 1031/1306
deg_analysis_31136303_33.out:    Running contrast 1036/1306
deg_analysis_31136303_33.out:    Running contrast 1041/1306
deg_analysis_31136303_33.out:    Running contrast 1046/1306
deg_analysis_31136303_33.out:    Running contrast 1051/1306
deg_analysis_31136303_33.out:    Running contrast 1056/1306
deg_analysis_31136303_33.out:    Running contrast 1061/1306
deg_analysis_31136303_33.out:    Running contrast 1066/1306
deg_analysis_31136303_33.out:    Running contrast 1071/1306
deg_analysis_31136303_33.out:    Running contrast 1076/1306
deg_analysis_31136303_33.out:    Running contrast 1081/1306
deg_analysis_31136303_33.out:    Running contrast 1086/1306
deg_analysis_31136303_33.out:    Running contrast 1091/1306
deg_analysis_31136303_33.out:    Running contrast 1096/1306
deg_analysis_31136303_33.out:    Running contrast 1101/1306
deg_analysis_31136303_33.out:    Running contrast 1106/1306
deg_analysis_31136303_33.out:    Running contrast 1111/1306
deg_analysis_31136303_33.out:    Running contrast 1116/1306
deg_analysis_31136303_33.out:    Running contrast 1121/1306
deg_analysis_31136303_33.out:    Running contrast 1126/1306
deg_analysis_31136303_33.out:    Running contrast 1131/1306
deg_analysis_31136303_33.out:    Running contrast 1136/1306
deg_analysis_31136303_33.out:    Running contrast 1141/1306
deg_analysis_31136303_33.out:    Running contrast 1146/1306
deg_analysis_31136303_33.out:    Running contrast 1151/1306
deg_analysis_31136303_33.out:    Running contrast 1156/1306
deg_analysis_31136303_33.out:    Running contrast 1161/1306
deg_analysis_31136303_33.out:    Running contrast 1166/1306
deg_analysis_31136303_33.out:    Running contrast 1171/1306
deg_analysis_31136303_33.out:    Running contrast 1176/1306
deg_analysis_31136303_33.out:    Running contrast 1181/1306
deg_analysis_31136303_33.out:    Running contrast 1186/1306
deg_analysis_31136303_33.out:    Running contrast 1191/1306
deg_analysis_31136303_33.out:    Running contrast 1196/1306
deg_analysis_31136303_33.out:    Running contrast 1201/1306
deg_analysis_31136303_33.out:    Running contrast 1206/1306
deg_analysis_31136303_33.out:    Running contrast 1211/1306
deg_analysis_31136303_33.out:    Running contrast 1216/1306
deg_analysis_31136303_33.out:    Running contrast 1221/1306
deg_analysis_31136303_33.out:    Running contrast 1226/1306
deg_analysis_31136303_33.out:    Running contrast 1231/1306
deg_analysis_31136303_33.out:    Running contrast 1236/1306
deg_analysis_31136303_33.out:    Running contrast 1241/1306
deg_analysis_31136303_33.out:    Running contrast 1246/1306
deg_analysis_31136303_33.out:    Running contrast 1251/1306
deg_analysis_31136303_33.out:    Running contrast 1256/1306
deg_analysis_31136303_33.out:    Running contrast 1261/1306
deg_analysis_31136303_33.out:    Running contrast 1266/1306
deg_analysis_31136303_33.out:    Running contrast 1271/1306
deg_analysis_31136303_33.out:    Running contrast 1276/1306
deg_analysis_31136303_33.out:    Running contrast 1281/1306
deg_analysis_31136303_33.out:    Running contrast 1286/1306
deg_analysis_31136303_33.out:    Running contrast 1291/1306
deg_analysis_31136303_33.out:    Running contrast 1296/1306
deg_analysis_31136303_33.out:    Running contrast 1301/1306
deg_analysis_31136303_33.out:    Running contrast 1306/1306
deg_analysis_31136303_33.out:
deg_analysis_31136303_33.out:    Writing:  ./data/tahoe/deg_data/sep_rep/full/qc_false/filter_min_cells_10/CVCL_1478_de.h5ad 
deg_analysis_31136303_33.out:
deg_analysis_31136303_33.out:    Rewriting h5ad file: ./data/tahoe/deg_data/sep_rep/full/qc_false/filter_min_cells_10/CVCL_1478_de.h5ad 
deg_analysis_31136303_33.out:    Removed X matrix
deg_analysis_31136303_33.out:    Rewriting h5ad file is done!
deg_analysis_31136303_33.out:✓ Cell line completed in 10569.4 seconds
deg_analysis_31136303_33.out:
deg_analysis_31136303_33.out:DE analysis completed!
deg_analysis_31136303_33.out:
deg_analysis_31136303_33.out:Total runtime: 10585.3 seconds
deg_analysis_31136303_34.out:
deg_analysis_31136303_34.out:DE analysis started...
deg_analysis_31136303_34.out:Loaded input file:  ./data/tahoe/pseudobulk_processed/sep_rep/by_celltype/CVCL_1495_processed.h5ad 
deg_analysis_31136303_34.out:Initial dimensions:  1338  samples ×  62710  genes
deg_analysis_31136303_34.out:Filter samples with the low number of cells
deg_analysis_31136303_34.out:    Filter threshold (min_cells):  10 
deg_analysis_31136303_34.out:    n_obs:  1338 -->  1334 
deg_analysis_31136303_34.out:
deg_analysis_31136303_34.out:▶︎ Processing cell_type  1 / 1 :  CVCL_1495 
deg_analysis_31136303_34.out:    Filter controls by  pert_time_h  column
deg_analysis_31136303_34.out:        n_obs:  1334 -->  1334 
deg_analysis_31136303_34.out:
deg_analysis_31136303_34.out:    Running contrast 1/1306
deg_analysis_31136303_34.out:    Running contrast 6/1306
deg_analysis_31136303_34.out:    Running contrast 11/1306
deg_analysis_31136303_34.out:    Running contrast 16/1306
deg_analysis_31136303_34.out:    Running contrast 21/1306
deg_analysis_31136303_34.out:    Running contrast 26/1306
deg_analysis_31136303_34.out:    Running contrast 31/1306
deg_analysis_31136303_34.out:    Running contrast 36/1306
deg_analysis_31136303_34.out:    Running contrast 41/1306
deg_analysis_31136303_34.out:    Running contrast 46/1306
deg_analysis_31136303_34.out:    Running contrast 51/1306
deg_analysis_31136303_34.out:    Running contrast 56/1306
deg_analysis_31136303_34.out:    Running contrast 61/1306
deg_analysis_31136303_34.out:    Running contrast 66/1306
deg_analysis_31136303_34.out:    Running contrast 71/1306
deg_analysis_31136303_34.out:    Running contrast 76/1306
deg_analysis_31136303_34.out:    Running contrast 81/1306
deg_analysis_31136303_34.out:    Running contrast 86/1306
deg_analysis_31136303_34.out:    Running contrast 91/1306
deg_analysis_31136303_34.out:    Running contrast 96/1306
deg_analysis_31136303_34.out:    Running contrast 101/1306
deg_analysis_31136303_34.out:    Running contrast 106/1306
deg_analysis_31136303_34.out:    Running contrast 111/1306
deg_analysis_31136303_34.out:    Running contrast 116/1306
deg_analysis_31136303_34.out:    Running contrast 121/1306
deg_analysis_31136303_34.out:    Running contrast 126/1306
deg_analysis_31136303_34.out:    Running contrast 131/1306
deg_analysis_31136303_34.out:    Running contrast 136/1306
deg_analysis_31136303_34.out:    Running contrast 141/1306
deg_analysis_31136303_34.out:    Running contrast 146/1306
deg_analysis_31136303_34.out:    Running contrast 151/1306
deg_analysis_31136303_34.out:    Running contrast 156/1306
deg_analysis_31136303_34.out:    Running contrast 161/1306
deg_analysis_31136303_34.out:    Running contrast 166/1306
deg_analysis_31136303_34.out:    Running contrast 171/1306
deg_analysis_31136303_34.out:    Running contrast 176/1306
deg_analysis_31136303_34.out:    Running contrast 181/1306
deg_analysis_31136303_34.out:    Running contrast 186/1306
deg_analysis_31136303_34.out:    Running contrast 191/1306
deg_analysis_31136303_34.out:    Running contrast 196/1306
deg_analysis_31136303_34.out:    Running contrast 201/1306
deg_analysis_31136303_34.out:    Running contrast 206/1306
deg_analysis_31136303_34.out:    Running contrast 211/1306
deg_analysis_31136303_34.out:    Running contrast 216/1306
deg_analysis_31136303_34.out:    Running contrast 221/1306
deg_analysis_31136303_34.out:    Running contrast 226/1306
deg_analysis_31136303_34.out:    Running contrast 231/1306
deg_analysis_31136303_34.out:    Running contrast 236/1306
deg_analysis_31136303_34.out:    Running contrast 241/1306
deg_analysis_31136303_34.out:    Running contrast 246/1306
deg_analysis_31136303_34.out:    Running contrast 251/1306
deg_analysis_31136303_34.out:    Running contrast 256/1306
deg_analysis_31136303_34.out:    Running contrast 261/1306
deg_analysis_31136303_34.out:    Running contrast 266/1306
deg_analysis_31136303_34.out:    Running contrast 271/1306
deg_analysis_31136303_34.out:    Running contrast 276/1306
deg_analysis_31136303_34.out:    Running contrast 281/1306
deg_analysis_31136303_34.out:    Running contrast 286/1306
deg_analysis_31136303_34.out:    Running contrast 291/1306
deg_analysis_31136303_34.out:    Running contrast 296/1306
deg_analysis_31136303_34.out:    Running contrast 301/1306
deg_analysis_31136303_34.out:    Running contrast 306/1306
deg_analysis_31136303_34.out:    Running contrast 311/1306
deg_analysis_31136303_34.out:    Running contrast 316/1306
deg_analysis_31136303_34.out:    Running contrast 321/1306
deg_analysis_31136303_34.out:    Running contrast 326/1306
deg_analysis_31136303_34.out:    Running contrast 331/1306
deg_analysis_31136303_34.out:    Running contrast 336/1306
deg_analysis_31136303_34.out:    Running contrast 341/1306
deg_analysis_31136303_34.out:    Running contrast 346/1306
deg_analysis_31136303_34.out:    Running contrast 351/1306
deg_analysis_31136303_34.out:    Running contrast 356/1306
deg_analysis_31136303_34.out:    Running contrast 361/1306
deg_analysis_31136303_34.out:    Running contrast 366/1306
deg_analysis_31136303_34.out:    Running contrast 371/1306
deg_analysis_31136303_34.out:    Running contrast 376/1306
deg_analysis_31136303_34.out:    Running contrast 381/1306
deg_analysis_31136303_34.out:    Running contrast 386/1306
deg_analysis_31136303_34.out:    Running contrast 391/1306
deg_analysis_31136303_34.out:    Running contrast 396/1306
deg_analysis_31136303_34.out:    Running contrast 401/1306
deg_analysis_31136303_34.out:    Running contrast 406/1306
deg_analysis_31136303_34.out:    Running contrast 411/1306
deg_analysis_31136303_34.out:    Running contrast 416/1306
deg_analysis_31136303_34.out:    Running contrast 421/1306
deg_analysis_31136303_34.out:    Running contrast 426/1306
deg_analysis_31136303_34.out:    Running contrast 431/1306
deg_analysis_31136303_34.out:    Running contrast 436/1306
deg_analysis_31136303_34.out:    Running contrast 441/1306
deg_analysis_31136303_34.out:    Running contrast 446/1306
deg_analysis_31136303_34.out:    Running contrast 451/1306
deg_analysis_31136303_34.out:    Running contrast 456/1306
deg_analysis_31136303_34.out:    Running contrast 461/1306
deg_analysis_31136303_34.out:    Running contrast 466/1306
deg_analysis_31136303_34.out:    Running contrast 471/1306
deg_analysis_31136303_34.out:    Running contrast 476/1306
deg_analysis_31136303_34.out:    Running contrast 481/1306
deg_analysis_31136303_34.out:    Running contrast 486/1306
deg_analysis_31136303_34.out:    Running contrast 491/1306
deg_analysis_31136303_34.out:    Running contrast 496/1306
deg_analysis_31136303_34.out:    Running contrast 501/1306
deg_analysis_31136303_34.out:    Running contrast 506/1306
deg_analysis_31136303_34.out:    Running contrast 511/1306
deg_analysis_31136303_34.out:    Running contrast 516/1306
deg_analysis_31136303_34.out:    Running contrast 521/1306
deg_analysis_31136303_34.out:    Running contrast 526/1306
deg_analysis_31136303_34.out:    Running contrast 531/1306
deg_analysis_31136303_34.out:    Running contrast 536/1306
deg_analysis_31136303_34.out:    Running contrast 541/1306
deg_analysis_31136303_34.out:    Running contrast 546/1306
deg_analysis_31136303_34.out:    Running contrast 551/1306
deg_analysis_31136303_34.out:    Running contrast 556/1306
deg_analysis_31136303_34.out:    Running contrast 561/1306
deg_analysis_31136303_34.out:    Running contrast 566/1306
deg_analysis_31136303_34.out:    Running contrast 571/1306
deg_analysis_31136303_34.out:    Running contrast 576/1306
deg_analysis_31136303_34.out:    Running contrast 581/1306
deg_analysis_31136303_34.out:    Running contrast 586/1306
deg_analysis_31136303_34.out:    Running contrast 591/1306
deg_analysis_31136303_34.out:    Running contrast 596/1306
deg_analysis_31136303_34.out:    Running contrast 601/1306
deg_analysis_31136303_34.out:    Running contrast 606/1306
deg_analysis_31136303_34.out:    Running contrast 611/1306
deg_analysis_31136303_34.out:    Running contrast 616/1306
deg_analysis_31136303_34.out:    Running contrast 621/1306
deg_analysis_31136303_34.out:    Running contrast 626/1306
deg_analysis_31136303_34.out:    Running contrast 631/1306
deg_analysis_31136303_34.out:    Running contrast 636/1306
deg_analysis_31136303_34.out:    Running contrast 641/1306
deg_analysis_31136303_34.out:    Running contrast 646/1306
deg_analysis_31136303_34.out:    Running contrast 651/1306
deg_analysis_31136303_34.out:    Running contrast 656/1306
deg_analysis_31136303_34.out:    Running contrast 661/1306
deg_analysis_31136303_34.out:    Running contrast 666/1306
deg_analysis_31136303_34.out:    Running contrast 671/1306
deg_analysis_31136303_34.out:    Running contrast 676/1306
deg_analysis_31136303_34.out:    Running contrast 681/1306
deg_analysis_31136303_34.out:    Running contrast 686/1306
deg_analysis_31136303_34.out:    Running contrast 691/1306
deg_analysis_31136303_34.out:    Running contrast 696/1306
deg_analysis_31136303_34.out:    Running contrast 701/1306
deg_analysis_31136303_34.out:    Running contrast 706/1306
deg_analysis_31136303_34.out:    Running contrast 711/1306
deg_analysis_31136303_34.out:    Running contrast 716/1306
deg_analysis_31136303_34.out:    Running contrast 721/1306
deg_analysis_31136303_34.out:    Running contrast 726/1306
deg_analysis_31136303_34.out:    Running contrast 731/1306
deg_analysis_31136303_34.out:    Running contrast 736/1306
deg_analysis_31136303_34.out:    Running contrast 741/1306
deg_analysis_31136303_34.out:    Running contrast 746/1306
deg_analysis_31136303_34.out:    Running contrast 751/1306
deg_analysis_31136303_34.out:    Running contrast 756/1306
deg_analysis_31136303_34.out:    Running contrast 761/1306
deg_analysis_31136303_34.out:    Running contrast 766/1306
deg_analysis_31136303_34.out:    Running contrast 771/1306
deg_analysis_31136303_34.out:    Running contrast 776/1306
deg_analysis_31136303_34.out:    Running contrast 781/1306
deg_analysis_31136303_34.out:    Running contrast 786/1306
deg_analysis_31136303_34.out:    Running contrast 791/1306
deg_analysis_31136303_34.out:    Running contrast 796/1306
deg_analysis_31136303_34.out:    Running contrast 801/1306
deg_analysis_31136303_34.out:    Running contrast 806/1306
deg_analysis_31136303_34.out:    Running contrast 811/1306
deg_analysis_31136303_34.out:    Running contrast 816/1306
deg_analysis_31136303_34.out:    Running contrast 821/1306
deg_analysis_31136303_34.out:    Running contrast 826/1306
deg_analysis_31136303_34.out:    Running contrast 831/1306
deg_analysis_31136303_34.out:    Running contrast 836/1306
deg_analysis_31136303_34.out:    Running contrast 841/1306
deg_analysis_31136303_34.out:    Running contrast 846/1306
deg_analysis_31136303_34.out:    Running contrast 851/1306
deg_analysis_31136303_34.out:    Running contrast 856/1306
deg_analysis_31136303_34.out:    Running contrast 861/1306
deg_analysis_31136303_34.out:    Running contrast 866/1306
deg_analysis_31136303_34.out:    Running contrast 871/1306
deg_analysis_31136303_34.out:    Running contrast 876/1306
deg_analysis_31136303_34.out:    Running contrast 881/1306
deg_analysis_31136303_34.out:    Running contrast 886/1306
deg_analysis_31136303_34.out:    Running contrast 891/1306
deg_analysis_31136303_34.out:    Running contrast 896/1306
deg_analysis_31136303_34.out:    Running contrast 901/1306
deg_analysis_31136303_34.out:    Running contrast 906/1306
deg_analysis_31136303_34.out:    Running contrast 911/1306
deg_analysis_31136303_34.out:    Running contrast 916/1306
deg_analysis_31136303_34.out:    Running contrast 921/1306
deg_analysis_31136303_34.out:    Running contrast 926/1306
deg_analysis_31136303_34.out:    Running contrast 931/1306
deg_analysis_31136303_34.out:    Running contrast 936/1306
deg_analysis_31136303_34.out:    Running contrast 941/1306
deg_analysis_31136303_34.out:    Running contrast 946/1306
deg_analysis_31136303_34.out:    Running contrast 951/1306
deg_analysis_31136303_34.out:    Running contrast 956/1306
deg_analysis_31136303_34.out:    Running contrast 961/1306
deg_analysis_31136303_34.out:    Running contrast 966/1306
deg_analysis_31136303_34.out:    Running contrast 971/1306
deg_analysis_31136303_34.out:    Running contrast 976/1306
deg_analysis_31136303_34.out:    Running contrast 981/1306
deg_analysis_31136303_34.out:    Running contrast 986/1306
deg_analysis_31136303_34.out:    Running contrast 991/1306
deg_analysis_31136303_34.out:    Running contrast 996/1306
deg_analysis_31136303_34.out:    Running contrast 1001/1306
deg_analysis_31136303_34.out:    Running contrast 1006/1306
deg_analysis_31136303_34.out:    Running contrast 1011/1306
deg_analysis_31136303_34.out:    Running contrast 1016/1306
deg_analysis_31136303_34.out:    Running contrast 1021/1306
deg_analysis_31136303_34.out:    Running contrast 1026/1306
deg_analysis_31136303_34.out:    Running contrast 1031/1306
deg_analysis_31136303_34.out:    Running contrast 1036/1306
deg_analysis_31136303_34.out:    Running contrast 1041/1306
deg_analysis_31136303_34.out:    Running contrast 1046/1306
deg_analysis_31136303_34.out:    Running contrast 1051/1306
deg_analysis_31136303_34.out:    Running contrast 1056/1306
deg_analysis_31136303_34.out:    Running contrast 1061/1306
deg_analysis_31136303_34.out:    Running contrast 1066/1306
deg_analysis_31136303_34.out:    Running contrast 1071/1306
deg_analysis_31136303_34.out:    Running contrast 1076/1306
deg_analysis_31136303_34.out:    Running contrast 1081/1306
deg_analysis_31136303_34.out:    Running contrast 1086/1306
deg_analysis_31136303_34.out:    Running contrast 1091/1306
deg_analysis_31136303_34.out:    Running contrast 1096/1306
deg_analysis_31136303_34.out:    Running contrast 1101/1306
deg_analysis_31136303_34.out:    Running contrast 1106/1306
deg_analysis_31136303_34.out:    Running contrast 1111/1306
deg_analysis_31136303_34.out:    Running contrast 1116/1306
deg_analysis_31136303_34.out:    Running contrast 1121/1306
deg_analysis_31136303_34.out:    Running contrast 1126/1306
deg_analysis_31136303_34.out:    Running contrast 1131/1306
deg_analysis_31136303_34.out:    Running contrast 1136/1306
deg_analysis_31136303_34.out:    Running contrast 1141/1306
deg_analysis_31136303_34.out:    Running contrast 1146/1306
deg_analysis_31136303_34.out:    Running contrast 1151/1306
deg_analysis_31136303_34.out:    Running contrast 1156/1306
deg_analysis_31136303_34.out:    Running contrast 1161/1306
deg_analysis_31136303_34.out:    Running contrast 1166/1306
deg_analysis_31136303_34.out:    Running contrast 1171/1306
deg_analysis_31136303_34.out:    Running contrast 1176/1306
deg_analysis_31136303_34.out:    Running contrast 1181/1306
deg_analysis_31136303_34.out:    Running contrast 1186/1306
deg_analysis_31136303_34.out:    Running contrast 1191/1306
deg_analysis_31136303_34.out:    Running contrast 1196/1306
deg_analysis_31136303_34.out:    Running contrast 1201/1306
deg_analysis_31136303_34.out:    Running contrast 1206/1306
deg_analysis_31136303_34.out:    Running contrast 1211/1306
deg_analysis_31136303_34.out:    Running contrast 1216/1306
deg_analysis_31136303_34.out:    Running contrast 1221/1306
deg_analysis_31136303_34.out:    Running contrast 1226/1306
deg_analysis_31136303_34.out:    Running contrast 1231/1306
deg_analysis_31136303_34.out:    Running contrast 1236/1306
deg_analysis_31136303_34.out:    Running contrast 1241/1306
deg_analysis_31136303_34.out:    Running contrast 1246/1306
deg_analysis_31136303_34.out:    Running contrast 1251/1306
deg_analysis_31136303_34.out:    Running contrast 1256/1306
deg_analysis_31136303_34.out:    Running contrast 1261/1306
deg_analysis_31136303_34.out:    Running contrast 1266/1306
deg_analysis_31136303_34.out:    Running contrast 1271/1306
deg_analysis_31136303_34.out:    Running contrast 1276/1306
deg_analysis_31136303_34.out:    Running contrast 1281/1306
deg_analysis_31136303_34.out:    Running contrast 1286/1306
deg_analysis_31136303_34.out:    Running contrast 1291/1306
deg_analysis_31136303_34.out:    Running contrast 1296/1306
deg_analysis_31136303_34.out:    Running contrast 1301/1306
deg_analysis_31136303_34.out:    Running contrast 1306/1306
deg_analysis_31136303_34.out:
deg_analysis_31136303_34.out:    Writing:  ./data/tahoe/deg_data/sep_rep/full/qc_false/filter_min_cells_10/CVCL_1495_de.h5ad 
deg_analysis_31136303_34.out:
deg_analysis_31136303_34.out:    Rewriting h5ad file: ./data/tahoe/deg_data/sep_rep/full/qc_false/filter_min_cells_10/CVCL_1495_de.h5ad 
deg_analysis_31136303_34.out:    Removed X matrix
deg_analysis_31136303_34.out:    Rewriting h5ad file is done!
deg_analysis_31136303_34.out:✓ Cell line completed in 10987.5 seconds
deg_analysis_31136303_34.out:
deg_analysis_31136303_34.out:DE analysis completed!
deg_analysis_31136303_34.out:
deg_analysis_31136303_34.out:Total runtime: 11001.0 seconds
deg_analysis_31136303_35.out:
deg_analysis_31136303_35.out:DE analysis started...
deg_analysis_31136303_35.out:Loaded input file:  ./data/tahoe/pseudobulk_processed/sep_rep/by_celltype/CVCL_1517_processed.h5ad 
deg_analysis_31136303_35.out:Initial dimensions:  1344  samples ×  62710  genes
deg_analysis_31136303_35.out:Filter samples with the low number of cells
deg_analysis_31136303_35.out:    Filter threshold (min_cells):  10 
deg_analysis_31136303_35.out:    n_obs:  1344 -->  1336 
deg_analysis_31136303_35.out:
deg_analysis_31136303_35.out:▶︎ Processing cell_type  1 / 1 :  CVCL_1517 
deg_analysis_31136303_35.out:    Filter controls by  pert_time_h  column
deg_analysis_31136303_35.out:        n_obs:  1336 -->  1336 
deg_analysis_31136303_35.out:
deg_analysis_31136303_35.out:    Running contrast 1/1308
deg_analysis_31136303_35.out:    Running contrast 6/1308
deg_analysis_31136303_35.out:    Running contrast 11/1308
deg_analysis_31136303_35.out:    Running contrast 16/1308
deg_analysis_31136303_35.out:    Running contrast 21/1308
deg_analysis_31136303_35.out:    Running contrast 26/1308
deg_analysis_31136303_35.out:    Running contrast 31/1308
deg_analysis_31136303_35.out:    Running contrast 36/1308
deg_analysis_31136303_35.out:    Running contrast 41/1308
deg_analysis_31136303_35.out:    Running contrast 46/1308
deg_analysis_31136303_35.out:    Running contrast 51/1308
deg_analysis_31136303_35.out:    Running contrast 56/1308
deg_analysis_31136303_35.out:    Running contrast 61/1308
deg_analysis_31136303_35.out:    Running contrast 66/1308
deg_analysis_31136303_35.out:    Running contrast 71/1308
deg_analysis_31136303_35.out:    Running contrast 76/1308
deg_analysis_31136303_35.out:    Running contrast 81/1308
deg_analysis_31136303_35.out:    Running contrast 86/1308
deg_analysis_31136303_35.out:    Running contrast 91/1308
deg_analysis_31136303_35.out:    Running contrast 96/1308
deg_analysis_31136303_35.out:    Running contrast 101/1308
deg_analysis_31136303_35.out:    Running contrast 106/1308
deg_analysis_31136303_35.out:    Running contrast 111/1308
deg_analysis_31136303_35.out:    Running contrast 116/1308
deg_analysis_31136303_35.out:    Running contrast 121/1308
deg_analysis_31136303_35.out:    Running contrast 126/1308
deg_analysis_31136303_35.out:    Running contrast 131/1308
deg_analysis_31136303_35.out:    Running contrast 136/1308
deg_analysis_31136303_35.out:    Running contrast 141/1308
deg_analysis_31136303_35.out:    Running contrast 146/1308
deg_analysis_31136303_35.out:    Running contrast 151/1308
deg_analysis_31136303_35.out:    Running contrast 156/1308
deg_analysis_31136303_35.out:    Running contrast 161/1308
deg_analysis_31136303_35.out:    Running contrast 166/1308
deg_analysis_31136303_35.out:    Running contrast 171/1308
deg_analysis_31136303_35.out:    Running contrast 176/1308
deg_analysis_31136303_35.out:    Running contrast 181/1308
deg_analysis_31136303_35.out:    Running contrast 186/1308
deg_analysis_31136303_35.out:    Running contrast 191/1308
deg_analysis_31136303_35.out:    Running contrast 196/1308
deg_analysis_31136303_35.out:    Running contrast 201/1308
deg_analysis_31136303_35.out:    Running contrast 206/1308
deg_analysis_31136303_35.out:    Running contrast 211/1308
deg_analysis_31136303_35.out:    Running contrast 216/1308
deg_analysis_31136303_35.out:    Running contrast 221/1308
deg_analysis_31136303_35.out:    Running contrast 226/1308
deg_analysis_31136303_35.out:    Running contrast 231/1308
deg_analysis_31136303_35.out:    Running contrast 236/1308
deg_analysis_31136303_35.out:    Running contrast 241/1308
deg_analysis_31136303_35.out:    Running contrast 246/1308
deg_analysis_31136303_35.out:    Running contrast 251/1308
deg_analysis_31136303_35.out:    Running contrast 256/1308
deg_analysis_31136303_35.out:    Running contrast 261/1308
deg_analysis_31136303_35.out:    Running contrast 266/1308
deg_analysis_31136303_35.out:    Running contrast 271/1308
deg_analysis_31136303_35.out:    Running contrast 276/1308
deg_analysis_31136303_35.out:    Running contrast 281/1308
deg_analysis_31136303_35.out:    Running contrast 286/1308
deg_analysis_31136303_35.out:    Running contrast 291/1308
deg_analysis_31136303_35.out:    Running contrast 296/1308
deg_analysis_31136303_35.out:    Running contrast 301/1308
deg_analysis_31136303_35.out:    Running contrast 306/1308
deg_analysis_31136303_35.out:    Running contrast 311/1308
deg_analysis_31136303_35.out:    Running contrast 316/1308
deg_analysis_31136303_35.out:    Running contrast 321/1308
deg_analysis_31136303_35.out:    Running contrast 326/1308
deg_analysis_31136303_35.out:    Running contrast 331/1308
deg_analysis_31136303_35.out:    Running contrast 336/1308
deg_analysis_31136303_35.out:    Running contrast 341/1308
deg_analysis_31136303_35.out:    Running contrast 346/1308
deg_analysis_31136303_35.out:    Running contrast 351/1308
deg_analysis_31136303_35.out:    Running contrast 356/1308
deg_analysis_31136303_35.out:    Running contrast 361/1308
deg_analysis_31136303_35.out:    Running contrast 366/1308
deg_analysis_31136303_35.out:    Running contrast 371/1308
deg_analysis_31136303_35.out:    Running contrast 376/1308
deg_analysis_31136303_35.out:    Running contrast 381/1308
deg_analysis_31136303_35.out:    Running contrast 386/1308
deg_analysis_31136303_35.out:    Running contrast 391/1308
deg_analysis_31136303_35.out:    Running contrast 396/1308
deg_analysis_31136303_35.out:    Running contrast 401/1308
deg_analysis_31136303_35.out:    Running contrast 406/1308
deg_analysis_31136303_35.out:    Running contrast 411/1308
deg_analysis_31136303_35.out:    Running contrast 416/1308
deg_analysis_31136303_35.out:    Running contrast 421/1308
deg_analysis_31136303_35.out:    Running contrast 426/1308
deg_analysis_31136303_35.out:    Running contrast 431/1308
deg_analysis_31136303_35.out:    Running contrast 436/1308
deg_analysis_31136303_35.out:    Running contrast 441/1308
deg_analysis_31136303_35.out:    Running contrast 446/1308
deg_analysis_31136303_35.out:    Running contrast 451/1308
deg_analysis_31136303_35.out:    Running contrast 456/1308
deg_analysis_31136303_35.out:    Running contrast 461/1308
deg_analysis_31136303_35.out:    Running contrast 466/1308
deg_analysis_31136303_35.out:    Running contrast 471/1308
deg_analysis_31136303_35.out:    Running contrast 476/1308
deg_analysis_31136303_35.out:    Running contrast 481/1308
deg_analysis_31136303_35.out:    Running contrast 486/1308
deg_analysis_31136303_35.out:    Running contrast 491/1308
deg_analysis_31136303_35.out:    Running contrast 496/1308
deg_analysis_31136303_35.out:    Running contrast 501/1308
deg_analysis_31136303_35.out:    Running contrast 506/1308
deg_analysis_31136303_35.out:    Running contrast 511/1308
deg_analysis_31136303_35.out:    Running contrast 516/1308
deg_analysis_31136303_35.out:    Running contrast 521/1308
deg_analysis_31136303_35.out:    Running contrast 526/1308
deg_analysis_31136303_35.out:    Running contrast 531/1308
deg_analysis_31136303_35.out:    Running contrast 536/1308
deg_analysis_31136303_35.out:    Running contrast 541/1308
deg_analysis_31136303_35.out:    Running contrast 546/1308
deg_analysis_31136303_35.out:    Running contrast 551/1308
deg_analysis_31136303_35.out:    Running contrast 556/1308
deg_analysis_31136303_35.out:    Running contrast 561/1308
deg_analysis_31136303_35.out:    Running contrast 566/1308
deg_analysis_31136303_35.out:    Running contrast 571/1308
deg_analysis_31136303_35.out:    Running contrast 576/1308
deg_analysis_31136303_35.out:    Running contrast 581/1308
deg_analysis_31136303_35.out:    Running contrast 586/1308
deg_analysis_31136303_35.out:    Running contrast 591/1308
deg_analysis_31136303_35.out:    Running contrast 596/1308
deg_analysis_31136303_35.out:    Running contrast 601/1308
deg_analysis_31136303_35.out:    Running contrast 606/1308
deg_analysis_31136303_35.out:    Running contrast 611/1308
deg_analysis_31136303_35.out:    Running contrast 616/1308
deg_analysis_31136303_35.out:    Running contrast 621/1308
deg_analysis_31136303_35.out:    Running contrast 626/1308
deg_analysis_31136303_35.out:    Running contrast 631/1308
deg_analysis_31136303_35.out:    Running contrast 636/1308
deg_analysis_31136303_35.out:    Running contrast 641/1308
deg_analysis_31136303_35.out:    Running contrast 646/1308
deg_analysis_31136303_35.out:    Running contrast 651/1308
deg_analysis_31136303_35.out:    Running contrast 656/1308
deg_analysis_31136303_35.out:    Running contrast 661/1308
deg_analysis_31136303_35.out:    Running contrast 666/1308
deg_analysis_31136303_35.out:    Running contrast 671/1308
deg_analysis_31136303_35.out:    Running contrast 676/1308
deg_analysis_31136303_35.out:    Running contrast 681/1308
deg_analysis_31136303_35.out:    Running contrast 686/1308
deg_analysis_31136303_35.out:    Running contrast 691/1308
deg_analysis_31136303_35.out:    Running contrast 696/1308
deg_analysis_31136303_35.out:    Running contrast 701/1308
deg_analysis_31136303_35.out:    Running contrast 706/1308
deg_analysis_31136303_35.out:    Running contrast 711/1308
deg_analysis_31136303_35.out:    Running contrast 716/1308
deg_analysis_31136303_35.out:    Running contrast 721/1308
deg_analysis_31136303_35.out:    Running contrast 726/1308
deg_analysis_31136303_35.out:    Running contrast 731/1308
deg_analysis_31136303_35.out:    Running contrast 736/1308
deg_analysis_31136303_35.out:    Running contrast 741/1308
deg_analysis_31136303_35.out:    Running contrast 746/1308
deg_analysis_31136303_35.out:    Running contrast 751/1308
deg_analysis_31136303_35.out:    Running contrast 756/1308
deg_analysis_31136303_35.out:    Running contrast 761/1308
deg_analysis_31136303_35.out:    Running contrast 766/1308
deg_analysis_31136303_35.out:    Running contrast 771/1308
deg_analysis_31136303_35.out:    Running contrast 776/1308
deg_analysis_31136303_35.out:    Running contrast 781/1308
deg_analysis_31136303_35.out:    Running contrast 786/1308
deg_analysis_31136303_35.out:    Running contrast 791/1308
deg_analysis_31136303_35.out:    Running contrast 796/1308
deg_analysis_31136303_35.out:    Running contrast 801/1308
deg_analysis_31136303_35.out:    Running contrast 806/1308
deg_analysis_31136303_35.out:    Running contrast 811/1308
deg_analysis_31136303_35.out:    Running contrast 816/1308
deg_analysis_31136303_35.out:    Running contrast 821/1308
deg_analysis_31136303_35.out:    Running contrast 826/1308
deg_analysis_31136303_35.out:    Running contrast 831/1308
deg_analysis_31136303_35.out:    Running contrast 836/1308
deg_analysis_31136303_35.out:    Running contrast 841/1308
deg_analysis_31136303_35.out:    Running contrast 846/1308
deg_analysis_31136303_35.out:    Running contrast 851/1308
deg_analysis_31136303_35.out:    Running contrast 856/1308
deg_analysis_31136303_35.out:    Running contrast 861/1308
deg_analysis_31136303_35.out:    Running contrast 866/1308
deg_analysis_31136303_35.out:    Running contrast 871/1308
deg_analysis_31136303_35.out:    Running contrast 876/1308
deg_analysis_31136303_35.out:    Running contrast 881/1308
deg_analysis_31136303_35.out:    Running contrast 886/1308
deg_analysis_31136303_35.out:    Running contrast 891/1308
deg_analysis_31136303_35.out:    Running contrast 896/1308
deg_analysis_31136303_35.out:    Running contrast 901/1308
deg_analysis_31136303_35.out:    Running contrast 906/1308
deg_analysis_31136303_35.out:    Running contrast 911/1308
deg_analysis_31136303_35.out:    Running contrast 916/1308
deg_analysis_31136303_35.out:    Running contrast 921/1308
deg_analysis_31136303_35.out:    Running contrast 926/1308
deg_analysis_31136303_35.out:    Running contrast 931/1308
deg_analysis_31136303_35.out:    Running contrast 936/1308
deg_analysis_31136303_35.out:    Running contrast 941/1308
deg_analysis_31136303_35.out:    Running contrast 946/1308
deg_analysis_31136303_35.out:    Running contrast 951/1308
deg_analysis_31136303_35.out:    Running contrast 956/1308
deg_analysis_31136303_35.out:    Running contrast 961/1308
deg_analysis_31136303_35.out:    Running contrast 966/1308
deg_analysis_31136303_35.out:    Running contrast 971/1308
deg_analysis_31136303_35.out:    Running contrast 976/1308
deg_analysis_31136303_35.out:    Running contrast 981/1308
deg_analysis_31136303_35.out:    Running contrast 986/1308
deg_analysis_31136303_35.out:    Running contrast 991/1308
deg_analysis_31136303_35.out:    Running contrast 996/1308
deg_analysis_31136303_35.out:    Running contrast 1001/1308
deg_analysis_31136303_35.out:    Running contrast 1006/1308
deg_analysis_31136303_35.out:    Running contrast 1011/1308
deg_analysis_31136303_35.out:    Running contrast 1016/1308
deg_analysis_31136303_35.out:    Running contrast 1021/1308
deg_analysis_31136303_35.out:    Running contrast 1026/1308
deg_analysis_31136303_35.out:    Running contrast 1031/1308
deg_analysis_31136303_35.out:    Running contrast 1036/1308
deg_analysis_31136303_35.out:    Running contrast 1041/1308
deg_analysis_31136303_35.out:    Running contrast 1046/1308
deg_analysis_31136303_35.out:    Running contrast 1051/1308
deg_analysis_31136303_35.out:    Running contrast 1056/1308
deg_analysis_31136303_35.out:    Running contrast 1061/1308
deg_analysis_31136303_35.out:    Running contrast 1066/1308
deg_analysis_31136303_35.out:    Running contrast 1071/1308
deg_analysis_31136303_35.out:    Running contrast 1076/1308
deg_analysis_31136303_35.out:    Running contrast 1081/1308
deg_analysis_31136303_35.out:    Running contrast 1086/1308
deg_analysis_31136303_35.out:    Running contrast 1091/1308
deg_analysis_31136303_35.out:    Running contrast 1096/1308
deg_analysis_31136303_35.out:    Running contrast 1101/1308
deg_analysis_31136303_35.out:    Running contrast 1106/1308
deg_analysis_31136303_35.out:    Running contrast 1111/1308
deg_analysis_31136303_35.out:    Running contrast 1116/1308
deg_analysis_31136303_35.out:    Running contrast 1121/1308
deg_analysis_31136303_35.out:    Running contrast 1126/1308
deg_analysis_31136303_35.out:    Running contrast 1131/1308
deg_analysis_31136303_35.out:    Running contrast 1136/1308
deg_analysis_31136303_35.out:    Running contrast 1141/1308
deg_analysis_31136303_35.out:    Running contrast 1146/1308
deg_analysis_31136303_35.out:    Running contrast 1151/1308
deg_analysis_31136303_35.out:    Running contrast 1156/1308
deg_analysis_31136303_35.out:    Running contrast 1161/1308
deg_analysis_31136303_35.out:    Running contrast 1166/1308
deg_analysis_31136303_35.out:    Running contrast 1171/1308
deg_analysis_31136303_35.out:    Running contrast 1176/1308
deg_analysis_31136303_35.out:    Running contrast 1181/1308
deg_analysis_31136303_35.out:    Running contrast 1186/1308
deg_analysis_31136303_35.out:    Running contrast 1191/1308
deg_analysis_31136303_35.out:    Running contrast 1196/1308
deg_analysis_31136303_35.out:    Running contrast 1201/1308
deg_analysis_31136303_35.out:    Running contrast 1206/1308
deg_analysis_31136303_35.out:    Running contrast 1211/1308
deg_analysis_31136303_35.out:    Running contrast 1216/1308
deg_analysis_31136303_35.out:    Running contrast 1221/1308
deg_analysis_31136303_35.out:    Running contrast 1226/1308
deg_analysis_31136303_35.out:    Running contrast 1231/1308
deg_analysis_31136303_35.out:    Running contrast 1236/1308
deg_analysis_31136303_35.out:    Running contrast 1241/1308
deg_analysis_31136303_35.out:    Running contrast 1246/1308
deg_analysis_31136303_35.out:    Running contrast 1251/1308
deg_analysis_31136303_35.out:    Running contrast 1256/1308
deg_analysis_31136303_35.out:    Running contrast 1261/1308
deg_analysis_31136303_35.out:    Running contrast 1266/1308
deg_analysis_31136303_35.out:    Running contrast 1271/1308
deg_analysis_31136303_35.out:    Running contrast 1276/1308
deg_analysis_31136303_35.out:    Running contrast 1281/1308
deg_analysis_31136303_35.out:    Running contrast 1286/1308
deg_analysis_31136303_35.out:    Running contrast 1291/1308
deg_analysis_31136303_35.out:    Running contrast 1296/1308
deg_analysis_31136303_35.out:    Running contrast 1301/1308
deg_analysis_31136303_35.out:    Running contrast 1306/1308
deg_analysis_31136303_35.out:    Running contrast 1308/1308
deg_analysis_31136303_35.out:
deg_analysis_31136303_35.out:    Writing:  ./data/tahoe/deg_data/sep_rep/full/qc_false/filter_min_cells_10/CVCL_1517_de.h5ad 
deg_analysis_31136303_35.out:
deg_analysis_31136303_35.out:    Rewriting h5ad file: ./data/tahoe/deg_data/sep_rep/full/qc_false/filter_min_cells_10/CVCL_1517_de.h5ad 
deg_analysis_31136303_35.out:    Removed X matrix
deg_analysis_31136303_35.out:    Rewriting h5ad file is done!
deg_analysis_31136303_35.out:✓ Cell line completed in 10931.8 seconds
deg_analysis_31136303_35.out:
deg_analysis_31136303_35.out:DE analysis completed!
deg_analysis_31136303_35.out:
deg_analysis_31136303_35.out:Total runtime: 10943.0 seconds
deg_analysis_31136303_36.out:
deg_analysis_31136303_36.out:DE analysis started...
deg_analysis_31136303_36.out:Loaded input file:  ./data/tahoe/pseudobulk_processed/sep_rep/by_celltype/CVCL_1531_processed.h5ad 
deg_analysis_31136303_36.out:Initial dimensions:  1331  samples ×  62710  genes
deg_analysis_31136303_36.out:Filter samples with the low number of cells
deg_analysis_31136303_36.out:    Filter threshold (min_cells):  10 
deg_analysis_31136303_36.out:    n_obs:  1331 -->  1226 
deg_analysis_31136303_36.out:
deg_analysis_31136303_36.out:▶︎ Processing cell_type  1 / 1 :  CVCL_1531 
deg_analysis_31136303_36.out:    Filter controls by  pert_time_h  column
deg_analysis_31136303_36.out:        n_obs:  1226 -->  1226 
deg_analysis_31136303_36.out:
deg_analysis_31136303_36.out:Coefficients not estimable: plateplate13 
deg_analysis_31136303_36.out:Coefficients not estimable: plateplate13 
deg_analysis_31136303_36.out:    Running contrast 1/1200
deg_analysis_31136303_36.out:    Running contrast 6/1200
deg_analysis_31136303_36.out:    Running contrast 11/1200
deg_analysis_31136303_36.out:    Running contrast 16/1200
deg_analysis_31136303_36.out:    Running contrast 21/1200
deg_analysis_31136303_36.out:    Running contrast 26/1200
deg_analysis_31136303_36.out:    Running contrast 31/1200
deg_analysis_31136303_36.out:    Running contrast 36/1200
deg_analysis_31136303_36.out:    Running contrast 41/1200
deg_analysis_31136303_36.out:    Running contrast 46/1200
deg_analysis_31136303_36.out:    Running contrast 51/1200
deg_analysis_31136303_36.out:    Running contrast 56/1200
deg_analysis_31136303_36.out:    Running contrast 61/1200
deg_analysis_31136303_36.out:    Running contrast 66/1200
deg_analysis_31136303_36.out:    Running contrast 71/1200
deg_analysis_31136303_36.out:    Running contrast 76/1200
deg_analysis_31136303_36.out:    Running contrast 81/1200
deg_analysis_31136303_36.out:    Running contrast 86/1200
deg_analysis_31136303_36.out:    Running contrast 91/1200
deg_analysis_31136303_36.out:    Running contrast 96/1200
deg_analysis_31136303_36.out:    Running contrast 101/1200
deg_analysis_31136303_36.out:    Running contrast 106/1200
deg_analysis_31136303_36.out:    Running contrast 111/1200
deg_analysis_31136303_36.out:    Running contrast 116/1200
deg_analysis_31136303_36.out:    Running contrast 121/1200
deg_analysis_31136303_36.out:    Running contrast 126/1200
deg_analysis_31136303_36.out:    Running contrast 131/1200
deg_analysis_31136303_36.out:    Running contrast 136/1200
deg_analysis_31136303_36.out:    Running contrast 141/1200
deg_analysis_31136303_36.out:    Running contrast 146/1200
deg_analysis_31136303_36.out:    Running contrast 151/1200
deg_analysis_31136303_36.out:    Running contrast 156/1200
deg_analysis_31136303_36.out:    Running contrast 161/1200
deg_analysis_31136303_36.out:    Running contrast 166/1200
deg_analysis_31136303_36.out:    Running contrast 171/1200
deg_analysis_31136303_36.out:    Running contrast 176/1200
deg_analysis_31136303_36.out:    Running contrast 181/1200
deg_analysis_31136303_36.out:    Running contrast 186/1200
deg_analysis_31136303_36.out:    Running contrast 191/1200
deg_analysis_31136303_36.out:    Running contrast 196/1200
deg_analysis_31136303_36.out:    Running contrast 201/1200
deg_analysis_31136303_36.out:    Running contrast 206/1200
deg_analysis_31136303_36.out:    Running contrast 211/1200
deg_analysis_31136303_36.out:    Running contrast 216/1200
deg_analysis_31136303_36.out:    Running contrast 221/1200
deg_analysis_31136303_36.out:    Running contrast 226/1200
deg_analysis_31136303_36.out:    Running contrast 231/1200
deg_analysis_31136303_36.out:    Running contrast 236/1200
deg_analysis_31136303_36.out:    Running contrast 241/1200
deg_analysis_31136303_36.out:    Running contrast 246/1200
deg_analysis_31136303_36.out:    Running contrast 251/1200
deg_analysis_31136303_36.out:    Running contrast 256/1200
deg_analysis_31136303_36.out:    Running contrast 261/1200
deg_analysis_31136303_36.out:    Running contrast 266/1200
deg_analysis_31136303_36.out:    Running contrast 271/1200
deg_analysis_31136303_36.out:    Running contrast 276/1200
deg_analysis_31136303_36.out:    Running contrast 281/1200
deg_analysis_31136303_36.out:    Running contrast 286/1200
deg_analysis_31136303_36.out:    Running contrast 291/1200
deg_analysis_31136303_36.out:    Running contrast 296/1200
deg_analysis_31136303_36.out:    Running contrast 301/1200
deg_analysis_31136303_36.out:    Running contrast 306/1200
deg_analysis_31136303_36.out:    Running contrast 311/1200
deg_analysis_31136303_36.out:    Running contrast 316/1200
deg_analysis_31136303_36.out:    Running contrast 321/1200
deg_analysis_31136303_36.out:    Running contrast 326/1200
deg_analysis_31136303_36.out:    Running contrast 331/1200
deg_analysis_31136303_36.out:    Running contrast 336/1200
deg_analysis_31136303_36.out:    Running contrast 341/1200
deg_analysis_31136303_36.out:    Running contrast 346/1200
deg_analysis_31136303_36.out:    Running contrast 351/1200
deg_analysis_31136303_36.out:    Running contrast 356/1200
deg_analysis_31136303_36.out:    Running contrast 361/1200
deg_analysis_31136303_36.out:    Running contrast 366/1200
deg_analysis_31136303_36.out:    Running contrast 371/1200
deg_analysis_31136303_36.out:    Running contrast 376/1200
deg_analysis_31136303_36.out:    Running contrast 381/1200
deg_analysis_31136303_36.out:    Running contrast 386/1200
deg_analysis_31136303_36.out:    Running contrast 391/1200
deg_analysis_31136303_36.out:    Running contrast 396/1200
deg_analysis_31136303_36.out:    Running contrast 401/1200
deg_analysis_31136303_36.out:    Running contrast 406/1200
deg_analysis_31136303_36.out:    Running contrast 411/1200
deg_analysis_31136303_36.out:    Running contrast 416/1200
deg_analysis_31136303_36.out:    Running contrast 421/1200
deg_analysis_31136303_36.out:    Running contrast 426/1200
deg_analysis_31136303_36.out:    Running contrast 431/1200
deg_analysis_31136303_36.out:    Running contrast 436/1200
deg_analysis_31136303_36.out:    Running contrast 441/1200
deg_analysis_31136303_36.out:    Running contrast 446/1200
deg_analysis_31136303_36.out:    Running contrast 451/1200
deg_analysis_31136303_36.out:    Running contrast 456/1200
deg_analysis_31136303_36.out:    Running contrast 461/1200
deg_analysis_31136303_36.out:    Running contrast 466/1200
deg_analysis_31136303_36.out:    Running contrast 471/1200
deg_analysis_31136303_36.out:    Running contrast 476/1200
deg_analysis_31136303_36.out:    Running contrast 481/1200
deg_analysis_31136303_36.out:    Running contrast 486/1200
deg_analysis_31136303_36.out:    Running contrast 491/1200
deg_analysis_31136303_36.out:    Running contrast 496/1200
deg_analysis_31136303_36.out:    Running contrast 501/1200
deg_analysis_31136303_36.out:    Running contrast 506/1200
deg_analysis_31136303_36.out:    Running contrast 511/1200
deg_analysis_31136303_36.out:    Running contrast 516/1200
deg_analysis_31136303_36.out:    Running contrast 521/1200
deg_analysis_31136303_36.out:    Running contrast 526/1200
deg_analysis_31136303_36.out:    Running contrast 531/1200
deg_analysis_31136303_36.out:    Running contrast 536/1200
deg_analysis_31136303_36.out:    Running contrast 541/1200
deg_analysis_31136303_36.out:    Running contrast 546/1200
deg_analysis_31136303_36.out:    Running contrast 551/1200
deg_analysis_31136303_36.out:    Running contrast 556/1200
deg_analysis_31136303_36.out:    Running contrast 561/1200
deg_analysis_31136303_36.out:    Running contrast 566/1200
deg_analysis_31136303_36.out:    Running contrast 571/1200
deg_analysis_31136303_36.out:    Running contrast 576/1200
deg_analysis_31136303_36.out:    Running contrast 581/1200
deg_analysis_31136303_36.out:    Running contrast 586/1200
deg_analysis_31136303_36.out:    Running contrast 591/1200
deg_analysis_31136303_36.out:    Running contrast 596/1200
deg_analysis_31136303_36.out:    Running contrast 601/1200
deg_analysis_31136303_36.out:    Running contrast 606/1200
deg_analysis_31136303_36.out:    Running contrast 611/1200
deg_analysis_31136303_36.out:    Running contrast 616/1200
deg_analysis_31136303_36.out:    Running contrast 621/1200
deg_analysis_31136303_36.out:    Running contrast 626/1200
deg_analysis_31136303_36.out:    Running contrast 631/1200
deg_analysis_31136303_36.out:    Running contrast 636/1200
deg_analysis_31136303_36.out:    Running contrast 641/1200
deg_analysis_31136303_36.out:    Running contrast 646/1200
deg_analysis_31136303_36.out:    Running contrast 651/1200
deg_analysis_31136303_36.out:    Running contrast 656/1200
deg_analysis_31136303_36.out:    Running contrast 661/1200
deg_analysis_31136303_36.out:    Running contrast 666/1200
deg_analysis_31136303_36.out:    Running contrast 671/1200
deg_analysis_31136303_36.out:    Running contrast 676/1200
deg_analysis_31136303_36.out:    Running contrast 681/1200
deg_analysis_31136303_36.out:    Running contrast 686/1200
deg_analysis_31136303_36.out:    Running contrast 691/1200
deg_analysis_31136303_36.out:    Running contrast 696/1200
deg_analysis_31136303_36.out:    Running contrast 701/1200
deg_analysis_31136303_36.out:    Running contrast 706/1200
deg_analysis_31136303_36.out:    Running contrast 711/1200
deg_analysis_31136303_36.out:    Running contrast 716/1200
deg_analysis_31136303_36.out:    Running contrast 721/1200
deg_analysis_31136303_36.out:    Running contrast 726/1200
deg_analysis_31136303_36.out:    Running contrast 731/1200
deg_analysis_31136303_36.out:    Running contrast 736/1200
deg_analysis_31136303_36.out:    Running contrast 741/1200
deg_analysis_31136303_36.out:    Running contrast 746/1200
deg_analysis_31136303_36.out:    Running contrast 751/1200
deg_analysis_31136303_36.out:    Running contrast 756/1200
deg_analysis_31136303_36.out:    Running contrast 761/1200
deg_analysis_31136303_36.out:    Running contrast 766/1200
deg_analysis_31136303_36.out:    Running contrast 771/1200
deg_analysis_31136303_36.out:    Running contrast 776/1200
deg_analysis_31136303_36.out:    Running contrast 781/1200
deg_analysis_31136303_36.out:    Running contrast 786/1200
deg_analysis_31136303_36.out:    Running contrast 791/1200
deg_analysis_31136303_36.out:    Running contrast 796/1200
deg_analysis_31136303_36.out:    Running contrast 801/1200
deg_analysis_31136303_36.out:    Running contrast 806/1200
deg_analysis_31136303_36.out:    Running contrast 811/1200
deg_analysis_31136303_36.out:    Running contrast 816/1200
deg_analysis_31136303_36.out:    Running contrast 821/1200
deg_analysis_31136303_36.out:    Running contrast 826/1200
deg_analysis_31136303_36.out:    Running contrast 831/1200
deg_analysis_31136303_36.out:    Running contrast 836/1200
deg_analysis_31136303_36.out:    Running contrast 841/1200
deg_analysis_31136303_36.out:    Running contrast 846/1200
deg_analysis_31136303_36.out:    Running contrast 851/1200
deg_analysis_31136303_36.out:    Running contrast 856/1200
deg_analysis_31136303_36.out:    Running contrast 861/1200
deg_analysis_31136303_36.out:    Running contrast 866/1200
deg_analysis_31136303_36.out:    Running contrast 871/1200
deg_analysis_31136303_36.out:    Running contrast 876/1200
deg_analysis_31136303_36.out:    Running contrast 881/1200
deg_analysis_31136303_36.out:    Running contrast 886/1200
deg_analysis_31136303_36.out:    Running contrast 891/1200
deg_analysis_31136303_36.out:    Running contrast 896/1200
deg_analysis_31136303_36.out:    Running contrast 901/1200
deg_analysis_31136303_36.out:    Running contrast 906/1200
deg_analysis_31136303_36.out:    Running contrast 911/1200
deg_analysis_31136303_36.out:    Running contrast 916/1200
deg_analysis_31136303_36.out:    Running contrast 921/1200
deg_analysis_31136303_36.out:    Running contrast 926/1200
deg_analysis_31136303_36.out:    Running contrast 931/1200
deg_analysis_31136303_36.out:    Running contrast 936/1200
deg_analysis_31136303_36.out:    Running contrast 941/1200
deg_analysis_31136303_36.out:    Running contrast 946/1200
deg_analysis_31136303_36.out:    Running contrast 951/1200
deg_analysis_31136303_36.out:    Running contrast 956/1200
deg_analysis_31136303_36.out:    Running contrast 961/1200
deg_analysis_31136303_36.out:    Running contrast 966/1200
deg_analysis_31136303_36.out:    Running contrast 971/1200
deg_analysis_31136303_36.out:    Running contrast 976/1200
deg_analysis_31136303_36.out:    Running contrast 981/1200
deg_analysis_31136303_36.out:    Running contrast 986/1200
deg_analysis_31136303_36.out:    Running contrast 991/1200
deg_analysis_31136303_36.out:    Running contrast 996/1200
deg_analysis_31136303_36.out:    Running contrast 1001/1200
deg_analysis_31136303_36.out:    Running contrast 1006/1200
deg_analysis_31136303_36.out:    Running contrast 1011/1200
deg_analysis_31136303_36.out:    Running contrast 1016/1200
deg_analysis_31136303_36.out:    Running contrast 1021/1200
deg_analysis_31136303_36.out:    Running contrast 1026/1200
deg_analysis_31136303_36.out:    Running contrast 1031/1200
deg_analysis_31136303_36.out:    Running contrast 1036/1200
deg_analysis_31136303_36.out:    Running contrast 1041/1200
deg_analysis_31136303_36.out:    Running contrast 1046/1200
deg_analysis_31136303_36.out:    Running contrast 1051/1200
deg_analysis_31136303_36.out:    Running contrast 1056/1200
deg_analysis_31136303_36.out:    Running contrast 1061/1200
deg_analysis_31136303_36.out:    Running contrast 1066/1200
deg_analysis_31136303_36.out:    Running contrast 1071/1200
deg_analysis_31136303_36.out:    Running contrast 1076/1200
deg_analysis_31136303_36.out:    Running contrast 1081/1200
deg_analysis_31136303_36.out:    Running contrast 1086/1200
deg_analysis_31136303_36.out:    Running contrast 1091/1200
deg_analysis_31136303_36.out:    Running contrast 1096/1200
deg_analysis_31136303_36.out:    Running contrast 1101/1200
deg_analysis_31136303_36.out:    Running contrast 1106/1200
deg_analysis_31136303_36.out:    Running contrast 1111/1200
deg_analysis_31136303_36.out:    Running contrast 1116/1200
deg_analysis_31136303_36.out:    Running contrast 1121/1200
deg_analysis_31136303_36.out:    Running contrast 1126/1200
deg_analysis_31136303_36.out:    Running contrast 1131/1200
deg_analysis_31136303_36.out:    Running contrast 1136/1200
deg_analysis_31136303_36.out:    Running contrast 1141/1200
deg_analysis_31136303_36.out:    Running contrast 1146/1200
deg_analysis_31136303_36.out:    Running contrast 1151/1200
deg_analysis_31136303_36.out:    Running contrast 1156/1200
deg_analysis_31136303_36.out:    Running contrast 1161/1200
deg_analysis_31136303_36.out:    Running contrast 1166/1200
deg_analysis_31136303_36.out:    Running contrast 1171/1200
deg_analysis_31136303_36.out:    Running contrast 1176/1200
deg_analysis_31136303_36.out:    Running contrast 1181/1200
deg_analysis_31136303_36.out:    Running contrast 1186/1200
deg_analysis_31136303_36.out:    Running contrast 1191/1200
deg_analysis_31136303_36.out:    Running contrast 1196/1200
deg_analysis_31136303_36.out:    Running contrast 1200/1200
deg_analysis_31136303_36.out:
deg_analysis_31136303_36.out:    Writing:  ./data/tahoe/deg_data/sep_rep/full/qc_false/filter_min_cells_10/CVCL_1531_de.h5ad 
deg_analysis_31136303_36.out:
deg_analysis_31136303_36.out:    Rewriting h5ad file: ./data/tahoe/deg_data/sep_rep/full/qc_false/filter_min_cells_10/CVCL_1531_de.h5ad 
deg_analysis_31136303_36.out:    Removed X matrix
deg_analysis_31136303_36.out:    Rewriting h5ad file is done!
deg_analysis_31136303_36.out:✓ Cell line completed in 1892.9 seconds
deg_analysis_31136303_36.out:
deg_analysis_31136303_36.out:DE analysis completed!
deg_analysis_31136303_36.out:
deg_analysis_31136303_36.out:Total runtime: 1929.2 seconds
deg_analysis_31136303_36.err:Warning messages:
deg_analysis_31136303_36.err:1: Partial NA coefficients for 4594 probe(s) 
deg_analysis_31136303_36.err:2: Partial NA coefficients for 4594 probe(s) 
deg_analysis_31136303_37.out:
deg_analysis_31136303_37.out:DE analysis started...
deg_analysis_31136303_37.out:Loaded input file:  ./data/tahoe/pseudobulk_processed/sep_rep/by_celltype/CVCL_1547_processed.h5ad 
deg_analysis_31136303_37.out:Initial dimensions:  1340  samples ×  62710  genes
deg_analysis_31136303_37.out:Filter samples with the low number of cells
deg_analysis_31136303_37.out:    Filter threshold (min_cells):  10 
deg_analysis_31136303_37.out:    n_obs:  1340 -->  1334 
deg_analysis_31136303_37.out:
deg_analysis_31136303_37.out:▶︎ Processing cell_type  1 / 1 :  CVCL_1547 
deg_analysis_31136303_37.out:    Filter controls by  pert_time_h  column
deg_analysis_31136303_37.out:        n_obs:  1334 -->  1334 
deg_analysis_31136303_37.out:
deg_analysis_31136303_37.out:    Running contrast 1/1306
deg_analysis_31136303_37.out:    Running contrast 6/1306
deg_analysis_31136303_37.out:    Running contrast 11/1306
deg_analysis_31136303_37.out:    Running contrast 16/1306
deg_analysis_31136303_37.out:    Running contrast 21/1306
deg_analysis_31136303_37.out:    Running contrast 26/1306
deg_analysis_31136303_37.out:    Running contrast 31/1306
deg_analysis_31136303_37.out:    Running contrast 36/1306
deg_analysis_31136303_37.out:    Running contrast 41/1306
deg_analysis_31136303_37.out:    Running contrast 46/1306
deg_analysis_31136303_37.out:    Running contrast 51/1306
deg_analysis_31136303_37.out:    Running contrast 56/1306
deg_analysis_31136303_37.out:    Running contrast 61/1306
deg_analysis_31136303_37.out:    Running contrast 66/1306
deg_analysis_31136303_37.out:    Running contrast 71/1306
deg_analysis_31136303_37.out:    Running contrast 76/1306
deg_analysis_31136303_37.out:    Running contrast 81/1306
deg_analysis_31136303_37.out:    Running contrast 86/1306
deg_analysis_31136303_37.out:    Running contrast 91/1306
deg_analysis_31136303_37.out:    Running contrast 96/1306
deg_analysis_31136303_37.out:    Running contrast 101/1306
deg_analysis_31136303_37.out:    Running contrast 106/1306
deg_analysis_31136303_37.out:    Running contrast 111/1306
deg_analysis_31136303_37.out:    Running contrast 116/1306
deg_analysis_31136303_37.out:    Running contrast 121/1306
deg_analysis_31136303_37.out:    Running contrast 126/1306
deg_analysis_31136303_37.out:    Running contrast 131/1306
deg_analysis_31136303_37.out:    Running contrast 136/1306
deg_analysis_31136303_37.out:    Running contrast 141/1306
deg_analysis_31136303_37.out:    Running contrast 146/1306
deg_analysis_31136303_37.out:    Running contrast 151/1306
deg_analysis_31136303_37.out:    Running contrast 156/1306
deg_analysis_31136303_37.out:    Running contrast 161/1306
deg_analysis_31136303_37.out:    Running contrast 166/1306
deg_analysis_31136303_37.out:    Running contrast 171/1306
deg_analysis_31136303_37.out:    Running contrast 176/1306
deg_analysis_31136303_37.out:    Running contrast 181/1306
deg_analysis_31136303_37.out:    Running contrast 186/1306
deg_analysis_31136303_37.out:    Running contrast 191/1306
deg_analysis_31136303_37.out:    Running contrast 196/1306
deg_analysis_31136303_37.out:    Running contrast 201/1306
deg_analysis_31136303_37.out:    Running contrast 206/1306
deg_analysis_31136303_37.out:    Running contrast 211/1306
deg_analysis_31136303_37.out:    Running contrast 216/1306
deg_analysis_31136303_37.out:    Running contrast 221/1306
deg_analysis_31136303_37.out:    Running contrast 226/1306
deg_analysis_31136303_37.out:    Running contrast 231/1306
deg_analysis_31136303_37.out:    Running contrast 236/1306
deg_analysis_31136303_37.out:    Running contrast 241/1306
deg_analysis_31136303_37.out:    Running contrast 246/1306
deg_analysis_31136303_37.out:    Running contrast 251/1306
deg_analysis_31136303_37.out:    Running contrast 256/1306
deg_analysis_31136303_37.out:    Running contrast 261/1306
deg_analysis_31136303_37.out:    Running contrast 266/1306
deg_analysis_31136303_37.out:    Running contrast 271/1306
deg_analysis_31136303_37.out:    Running contrast 276/1306
deg_analysis_31136303_37.out:    Running contrast 281/1306
deg_analysis_31136303_37.out:    Running contrast 286/1306
deg_analysis_31136303_37.out:    Running contrast 291/1306
deg_analysis_31136303_37.out:    Running contrast 296/1306
deg_analysis_31136303_37.out:    Running contrast 301/1306
deg_analysis_31136303_37.out:    Running contrast 306/1306
deg_analysis_31136303_37.out:    Running contrast 311/1306
deg_analysis_31136303_37.out:    Running contrast 316/1306
deg_analysis_31136303_37.out:    Running contrast 321/1306
deg_analysis_31136303_37.out:    Running contrast 326/1306
deg_analysis_31136303_37.out:    Running contrast 331/1306
deg_analysis_31136303_37.out:    Running contrast 336/1306
deg_analysis_31136303_37.out:    Running contrast 341/1306
deg_analysis_31136303_37.out:    Running contrast 346/1306
deg_analysis_31136303_37.out:    Running contrast 351/1306
deg_analysis_31136303_37.out:    Running contrast 356/1306
deg_analysis_31136303_37.out:    Running contrast 361/1306
deg_analysis_31136303_37.out:    Running contrast 366/1306
deg_analysis_31136303_37.out:    Running contrast 371/1306
deg_analysis_31136303_37.out:    Running contrast 376/1306
deg_analysis_31136303_37.out:    Running contrast 381/1306
deg_analysis_31136303_37.out:    Running contrast 386/1306
deg_analysis_31136303_37.out:    Running contrast 391/1306
deg_analysis_31136303_37.out:    Running contrast 396/1306
deg_analysis_31136303_37.out:    Running contrast 401/1306
deg_analysis_31136303_37.out:    Running contrast 406/1306
deg_analysis_31136303_37.out:    Running contrast 411/1306
deg_analysis_31136303_37.out:    Running contrast 416/1306
deg_analysis_31136303_37.out:    Running contrast 421/1306
deg_analysis_31136303_37.out:    Running contrast 426/1306
deg_analysis_31136303_37.out:    Running contrast 431/1306
deg_analysis_31136303_37.out:    Running contrast 436/1306
deg_analysis_31136303_37.out:    Running contrast 441/1306
deg_analysis_31136303_37.out:    Running contrast 446/1306
deg_analysis_31136303_37.out:    Running contrast 451/1306
deg_analysis_31136303_37.out:    Running contrast 456/1306
deg_analysis_31136303_37.out:    Running contrast 461/1306
deg_analysis_31136303_37.out:    Running contrast 466/1306
deg_analysis_31136303_37.out:    Running contrast 471/1306
deg_analysis_31136303_37.out:    Running contrast 476/1306
deg_analysis_31136303_37.out:    Running contrast 481/1306
deg_analysis_31136303_37.out:    Running contrast 486/1306
deg_analysis_31136303_37.out:    Running contrast 491/1306
deg_analysis_31136303_37.out:    Running contrast 496/1306
deg_analysis_31136303_37.out:    Running contrast 501/1306
deg_analysis_31136303_37.out:    Running contrast 506/1306
deg_analysis_31136303_37.out:    Running contrast 511/1306
deg_analysis_31136303_37.out:    Running contrast 516/1306
deg_analysis_31136303_37.out:    Running contrast 521/1306
deg_analysis_31136303_37.out:    Running contrast 526/1306
deg_analysis_31136303_37.out:    Running contrast 531/1306
deg_analysis_31136303_37.out:    Running contrast 536/1306
deg_analysis_31136303_37.out:    Running contrast 541/1306
deg_analysis_31136303_37.out:    Running contrast 546/1306
deg_analysis_31136303_37.out:    Running contrast 551/1306
deg_analysis_31136303_37.out:    Running contrast 556/1306
deg_analysis_31136303_37.out:    Running contrast 561/1306
deg_analysis_31136303_37.out:    Running contrast 566/1306
deg_analysis_31136303_37.out:    Running contrast 571/1306
deg_analysis_31136303_37.out:    Running contrast 576/1306
deg_analysis_31136303_37.out:    Running contrast 581/1306
deg_analysis_31136303_37.out:    Running contrast 586/1306
deg_analysis_31136303_37.out:    Running contrast 591/1306
deg_analysis_31136303_37.out:    Running contrast 596/1306
deg_analysis_31136303_37.out:    Running contrast 601/1306
deg_analysis_31136303_37.out:    Running contrast 606/1306
deg_analysis_31136303_37.out:    Running contrast 611/1306
deg_analysis_31136303_37.out:    Running contrast 616/1306
deg_analysis_31136303_37.out:    Running contrast 621/1306
deg_analysis_31136303_37.out:    Running contrast 626/1306
deg_analysis_31136303_37.out:    Running contrast 631/1306
deg_analysis_31136303_37.out:    Running contrast 636/1306
deg_analysis_31136303_37.out:    Running contrast 641/1306
deg_analysis_31136303_37.out:    Running contrast 646/1306
deg_analysis_31136303_37.out:    Running contrast 651/1306
deg_analysis_31136303_37.out:    Running contrast 656/1306
deg_analysis_31136303_37.out:    Running contrast 661/1306
deg_analysis_31136303_37.out:    Running contrast 666/1306
deg_analysis_31136303_37.out:    Running contrast 671/1306
deg_analysis_31136303_37.out:    Running contrast 676/1306
deg_analysis_31136303_37.out:    Running contrast 681/1306
deg_analysis_31136303_37.out:    Running contrast 686/1306
deg_analysis_31136303_37.out:    Running contrast 691/1306
deg_analysis_31136303_37.out:    Running contrast 696/1306
deg_analysis_31136303_37.out:    Running contrast 701/1306
deg_analysis_31136303_37.out:    Running contrast 706/1306
deg_analysis_31136303_37.out:    Running contrast 711/1306
deg_analysis_31136303_37.out:    Running contrast 716/1306
deg_analysis_31136303_37.out:    Running contrast 721/1306
deg_analysis_31136303_37.out:    Running contrast 726/1306
deg_analysis_31136303_37.out:    Running contrast 731/1306
deg_analysis_31136303_37.out:    Running contrast 736/1306
deg_analysis_31136303_37.out:    Running contrast 741/1306
deg_analysis_31136303_37.out:    Running contrast 746/1306
deg_analysis_31136303_37.out:    Running contrast 751/1306
deg_analysis_31136303_37.out:    Running contrast 756/1306
deg_analysis_31136303_37.out:    Running contrast 761/1306
deg_analysis_31136303_37.out:    Running contrast 766/1306
deg_analysis_31136303_37.out:    Running contrast 771/1306
deg_analysis_31136303_37.out:    Running contrast 776/1306
deg_analysis_31136303_37.out:    Running contrast 781/1306
deg_analysis_31136303_37.out:    Running contrast 786/1306
deg_analysis_31136303_37.out:    Running contrast 791/1306
deg_analysis_31136303_37.out:    Running contrast 796/1306
deg_analysis_31136303_37.out:    Running contrast 801/1306
deg_analysis_31136303_37.out:    Running contrast 806/1306
deg_analysis_31136303_37.out:    Running contrast 811/1306
deg_analysis_31136303_37.out:    Running contrast 816/1306
deg_analysis_31136303_37.out:    Running contrast 821/1306
deg_analysis_31136303_37.out:    Running contrast 826/1306
deg_analysis_31136303_37.out:    Running contrast 831/1306
deg_analysis_31136303_37.out:    Running contrast 836/1306
deg_analysis_31136303_37.out:    Running contrast 841/1306
deg_analysis_31136303_37.out:    Running contrast 846/1306
deg_analysis_31136303_37.out:    Running contrast 851/1306
deg_analysis_31136303_37.out:    Running contrast 856/1306
deg_analysis_31136303_37.out:    Running contrast 861/1306
deg_analysis_31136303_37.out:    Running contrast 866/1306
deg_analysis_31136303_37.out:    Running contrast 871/1306
deg_analysis_31136303_37.out:    Running contrast 876/1306
deg_analysis_31136303_37.out:    Running contrast 881/1306
deg_analysis_31136303_37.out:    Running contrast 886/1306
deg_analysis_31136303_37.out:    Running contrast 891/1306
deg_analysis_31136303_37.out:    Running contrast 896/1306
deg_analysis_31136303_37.out:    Running contrast 901/1306
deg_analysis_31136303_37.out:    Running contrast 906/1306
deg_analysis_31136303_37.out:    Running contrast 911/1306
deg_analysis_31136303_37.out:    Running contrast 916/1306
deg_analysis_31136303_37.out:    Running contrast 921/1306
deg_analysis_31136303_37.out:    Running contrast 926/1306
deg_analysis_31136303_37.out:    Running contrast 931/1306
deg_analysis_31136303_37.out:    Running contrast 936/1306
deg_analysis_31136303_37.out:    Running contrast 941/1306
deg_analysis_31136303_37.out:    Running contrast 946/1306
deg_analysis_31136303_37.out:    Running contrast 951/1306
deg_analysis_31136303_37.out:    Running contrast 956/1306
deg_analysis_31136303_37.out:    Running contrast 961/1306
deg_analysis_31136303_37.out:    Running contrast 966/1306
deg_analysis_31136303_37.out:    Running contrast 971/1306
deg_analysis_31136303_37.out:    Running contrast 976/1306
deg_analysis_31136303_37.out:    Running contrast 981/1306
deg_analysis_31136303_37.out:    Running contrast 986/1306
deg_analysis_31136303_37.out:    Running contrast 991/1306
deg_analysis_31136303_37.out:    Running contrast 996/1306
deg_analysis_31136303_37.out:    Running contrast 1001/1306
deg_analysis_31136303_37.out:    Running contrast 1006/1306
deg_analysis_31136303_37.out:    Running contrast 1011/1306
deg_analysis_31136303_37.out:    Running contrast 1016/1306
deg_analysis_31136303_37.out:    Running contrast 1021/1306
deg_analysis_31136303_37.out:    Running contrast 1026/1306
deg_analysis_31136303_37.out:    Running contrast 1031/1306
deg_analysis_31136303_37.out:    Running contrast 1036/1306
deg_analysis_31136303_37.out:    Running contrast 1041/1306
deg_analysis_31136303_37.out:    Running contrast 1046/1306
deg_analysis_31136303_37.out:    Running contrast 1051/1306
deg_analysis_31136303_37.out:    Running contrast 1056/1306
deg_analysis_31136303_37.out:    Running contrast 1061/1306
deg_analysis_31136303_37.out:    Running contrast 1066/1306
deg_analysis_31136303_37.out:    Running contrast 1071/1306
deg_analysis_31136303_37.out:    Running contrast 1076/1306
deg_analysis_31136303_37.out:    Running contrast 1081/1306
deg_analysis_31136303_37.out:    Running contrast 1086/1306
deg_analysis_31136303_37.out:    Running contrast 1091/1306
deg_analysis_31136303_37.out:    Running contrast 1096/1306
deg_analysis_31136303_37.out:    Running contrast 1101/1306
deg_analysis_31136303_37.out:    Running contrast 1106/1306
deg_analysis_31136303_37.out:    Running contrast 1111/1306
deg_analysis_31136303_37.out:    Running contrast 1116/1306
deg_analysis_31136303_37.out:    Running contrast 1121/1306
deg_analysis_31136303_37.out:    Running contrast 1126/1306
deg_analysis_31136303_37.out:    Running contrast 1131/1306
deg_analysis_31136303_37.out:    Running contrast 1136/1306
deg_analysis_31136303_37.out:    Running contrast 1141/1306
deg_analysis_31136303_37.out:    Running contrast 1146/1306
deg_analysis_31136303_37.out:    Running contrast 1151/1306
deg_analysis_31136303_37.out:    Running contrast 1156/1306
deg_analysis_31136303_37.out:    Running contrast 1161/1306
deg_analysis_31136303_37.out:    Running contrast 1166/1306
deg_analysis_31136303_37.out:    Running contrast 1171/1306
deg_analysis_31136303_37.out:    Running contrast 1176/1306
deg_analysis_31136303_37.out:    Running contrast 1181/1306
deg_analysis_31136303_37.out:    Running contrast 1186/1306
deg_analysis_31136303_37.out:    Running contrast 1191/1306
deg_analysis_31136303_37.out:    Running contrast 1196/1306
deg_analysis_31136303_37.out:    Running contrast 1201/1306
deg_analysis_31136303_37.out:    Running contrast 1206/1306
deg_analysis_31136303_37.out:    Running contrast 1211/1306
deg_analysis_31136303_37.out:    Running contrast 1216/1306
deg_analysis_31136303_37.out:    Running contrast 1221/1306
deg_analysis_31136303_37.out:    Running contrast 1226/1306
deg_analysis_31136303_37.out:    Running contrast 1231/1306
deg_analysis_31136303_37.out:    Running contrast 1236/1306
deg_analysis_31136303_37.out:    Running contrast 1241/1306
deg_analysis_31136303_37.out:    Running contrast 1246/1306
deg_analysis_31136303_37.out:    Running contrast 1251/1306
deg_analysis_31136303_37.out:    Running contrast 1256/1306
deg_analysis_31136303_37.out:    Running contrast 1261/1306
deg_analysis_31136303_37.out:    Running contrast 1266/1306
deg_analysis_31136303_37.out:    Running contrast 1271/1306
deg_analysis_31136303_37.out:    Running contrast 1276/1306
deg_analysis_31136303_37.out:    Running contrast 1281/1306
deg_analysis_31136303_37.out:    Running contrast 1286/1306
deg_analysis_31136303_37.out:    Running contrast 1291/1306
deg_analysis_31136303_37.out:    Running contrast 1296/1306
deg_analysis_31136303_37.out:    Running contrast 1301/1306
deg_analysis_31136303_37.out:    Running contrast 1306/1306
deg_analysis_31136303_37.out:
deg_analysis_31136303_37.out:    Writing:  ./data/tahoe/deg_data/sep_rep/full/qc_false/filter_min_cells_10/CVCL_1547_de.h5ad 
deg_analysis_31136303_37.out:
deg_analysis_31136303_37.out:    Rewriting h5ad file: ./data/tahoe/deg_data/sep_rep/full/qc_false/filter_min_cells_10/CVCL_1547_de.h5ad 
deg_analysis_31136303_37.out:    Removed X matrix
deg_analysis_31136303_37.out:    Rewriting h5ad file is done!
deg_analysis_31136303_37.out:✓ Cell line completed in 10555.4 seconds
deg_analysis_31136303_37.out:
deg_analysis_31136303_37.out:DE analysis completed!
deg_analysis_31136303_37.out:
deg_analysis_31136303_37.out:Total runtime: 10566.6 seconds
deg_analysis_31136303_38.out:
deg_analysis_31136303_38.out:DE analysis started...
deg_analysis_31136303_38.out:Loaded input file:  ./data/tahoe/pseudobulk_processed/sep_rep/by_celltype/CVCL_1550_processed.h5ad 
deg_analysis_31136303_38.out:Initial dimensions:  1338  samples ×  62710  genes
deg_analysis_31136303_38.out:Filter samples with the low number of cells
deg_analysis_31136303_38.out:    Filter threshold (min_cells):  10 
deg_analysis_31136303_38.out:    n_obs:  1338 -->  1334 
deg_analysis_31136303_38.out:
deg_analysis_31136303_38.out:▶︎ Processing cell_type  1 / 1 :  CVCL_1550 
deg_analysis_31136303_38.out:    Filter controls by  pert_time_h  column
deg_analysis_31136303_38.out:        n_obs:  1334 -->  1334 
deg_analysis_31136303_38.out:
deg_analysis_31136303_38.out:    Running contrast 1/1306
deg_analysis_31136303_38.out:    Running contrast 6/1306
deg_analysis_31136303_38.out:    Running contrast 11/1306
deg_analysis_31136303_38.out:    Running contrast 16/1306
deg_analysis_31136303_38.out:    Running contrast 21/1306
deg_analysis_31136303_38.out:    Running contrast 26/1306
deg_analysis_31136303_38.out:    Running contrast 31/1306
deg_analysis_31136303_38.out:    Running contrast 36/1306
deg_analysis_31136303_38.out:    Running contrast 41/1306
deg_analysis_31136303_38.out:    Running contrast 46/1306
deg_analysis_31136303_38.out:    Running contrast 51/1306
deg_analysis_31136303_38.out:    Running contrast 56/1306
deg_analysis_31136303_38.out:    Running contrast 61/1306
deg_analysis_31136303_38.out:    Running contrast 66/1306
deg_analysis_31136303_38.out:    Running contrast 71/1306
deg_analysis_31136303_38.out:    Running contrast 76/1306
deg_analysis_31136303_38.out:    Running contrast 81/1306
deg_analysis_31136303_38.out:    Running contrast 86/1306
deg_analysis_31136303_38.out:    Running contrast 91/1306
deg_analysis_31136303_38.out:    Running contrast 96/1306
deg_analysis_31136303_38.out:    Running contrast 101/1306
deg_analysis_31136303_38.out:    Running contrast 106/1306
deg_analysis_31136303_38.out:    Running contrast 111/1306
deg_analysis_31136303_38.out:    Running contrast 116/1306
deg_analysis_31136303_38.out:    Running contrast 121/1306
deg_analysis_31136303_38.out:    Running contrast 126/1306
deg_analysis_31136303_38.out:    Running contrast 131/1306
deg_analysis_31136303_38.out:    Running contrast 136/1306
deg_analysis_31136303_38.out:    Running contrast 141/1306
deg_analysis_31136303_38.out:    Running contrast 146/1306
deg_analysis_31136303_38.out:    Running contrast 151/1306
deg_analysis_31136303_38.out:    Running contrast 156/1306
deg_analysis_31136303_38.out:    Running contrast 161/1306
deg_analysis_31136303_38.out:    Running contrast 166/1306
deg_analysis_31136303_38.out:    Running contrast 171/1306
deg_analysis_31136303_38.out:    Running contrast 176/1306
deg_analysis_31136303_38.out:    Running contrast 181/1306
deg_analysis_31136303_38.out:    Running contrast 186/1306
deg_analysis_31136303_38.out:    Running contrast 191/1306
deg_analysis_31136303_38.out:    Running contrast 196/1306
deg_analysis_31136303_38.out:    Running contrast 201/1306
deg_analysis_31136303_38.out:    Running contrast 206/1306
deg_analysis_31136303_38.out:    Running contrast 211/1306
deg_analysis_31136303_38.out:    Running contrast 216/1306
deg_analysis_31136303_38.out:    Running contrast 221/1306
deg_analysis_31136303_38.out:    Running contrast 226/1306
deg_analysis_31136303_38.out:    Running contrast 231/1306
deg_analysis_31136303_38.out:    Running contrast 236/1306
deg_analysis_31136303_38.out:    Running contrast 241/1306
deg_analysis_31136303_38.out:    Running contrast 246/1306
deg_analysis_31136303_38.out:    Running contrast 251/1306
deg_analysis_31136303_38.out:    Running contrast 256/1306
deg_analysis_31136303_38.out:    Running contrast 261/1306
deg_analysis_31136303_38.out:    Running contrast 266/1306
deg_analysis_31136303_38.out:    Running contrast 271/1306
deg_analysis_31136303_38.out:    Running contrast 276/1306
deg_analysis_31136303_38.out:    Running contrast 281/1306
deg_analysis_31136303_38.out:    Running contrast 286/1306
deg_analysis_31136303_38.out:    Running contrast 291/1306
deg_analysis_31136303_38.out:    Running contrast 296/1306
deg_analysis_31136303_38.out:    Running contrast 301/1306
deg_analysis_31136303_38.out:    Running contrast 306/1306
deg_analysis_31136303_38.out:    Running contrast 311/1306
deg_analysis_31136303_38.out:    Running contrast 316/1306
deg_analysis_31136303_38.out:    Running contrast 321/1306
deg_analysis_31136303_38.out:    Running contrast 326/1306
deg_analysis_31136303_38.out:    Running contrast 331/1306
deg_analysis_31136303_38.out:    Running contrast 336/1306
deg_analysis_31136303_38.out:    Running contrast 341/1306
deg_analysis_31136303_38.out:    Running contrast 346/1306
deg_analysis_31136303_38.out:    Running contrast 351/1306
deg_analysis_31136303_38.out:    Running contrast 356/1306
deg_analysis_31136303_38.out:    Running contrast 361/1306
deg_analysis_31136303_38.out:    Running contrast 366/1306
deg_analysis_31136303_38.out:    Running contrast 371/1306
deg_analysis_31136303_38.out:    Running contrast 376/1306
deg_analysis_31136303_38.out:    Running contrast 381/1306
deg_analysis_31136303_38.out:    Running contrast 386/1306
deg_analysis_31136303_38.out:    Running contrast 391/1306
deg_analysis_31136303_38.out:    Running contrast 396/1306
deg_analysis_31136303_38.out:    Running contrast 401/1306
deg_analysis_31136303_38.out:    Running contrast 406/1306
deg_analysis_31136303_38.out:    Running contrast 411/1306
deg_analysis_31136303_38.out:    Running contrast 416/1306
deg_analysis_31136303_38.out:    Running contrast 421/1306
deg_analysis_31136303_38.out:    Running contrast 426/1306
deg_analysis_31136303_38.out:    Running contrast 431/1306
deg_analysis_31136303_38.out:    Running contrast 436/1306
deg_analysis_31136303_38.out:    Running contrast 441/1306
deg_analysis_31136303_38.out:    Running contrast 446/1306
deg_analysis_31136303_38.out:    Running contrast 451/1306
deg_analysis_31136303_38.out:    Running contrast 456/1306
deg_analysis_31136303_38.out:    Running contrast 461/1306
deg_analysis_31136303_38.out:    Running contrast 466/1306
deg_analysis_31136303_38.out:    Running contrast 471/1306
deg_analysis_31136303_38.out:    Running contrast 476/1306
deg_analysis_31136303_38.out:    Running contrast 481/1306
deg_analysis_31136303_38.out:    Running contrast 486/1306
deg_analysis_31136303_38.out:    Running contrast 491/1306
deg_analysis_31136303_38.out:    Running contrast 496/1306
deg_analysis_31136303_38.out:    Running contrast 501/1306
deg_analysis_31136303_38.out:    Running contrast 506/1306
deg_analysis_31136303_38.out:    Running contrast 511/1306
deg_analysis_31136303_38.out:    Running contrast 516/1306
deg_analysis_31136303_38.out:    Running contrast 521/1306
deg_analysis_31136303_38.out:    Running contrast 526/1306
deg_analysis_31136303_38.out:    Running contrast 531/1306
deg_analysis_31136303_38.out:    Running contrast 536/1306
deg_analysis_31136303_38.out:    Running contrast 541/1306
deg_analysis_31136303_38.out:    Running contrast 546/1306
deg_analysis_31136303_38.out:    Running contrast 551/1306
deg_analysis_31136303_38.out:    Running contrast 556/1306
deg_analysis_31136303_38.out:    Running contrast 561/1306
deg_analysis_31136303_38.out:    Running contrast 566/1306
deg_analysis_31136303_38.out:    Running contrast 571/1306
deg_analysis_31136303_38.out:    Running contrast 576/1306
deg_analysis_31136303_38.out:    Running contrast 581/1306
deg_analysis_31136303_38.out:    Running contrast 586/1306
deg_analysis_31136303_38.out:    Running contrast 591/1306
deg_analysis_31136303_38.out:    Running contrast 596/1306
deg_analysis_31136303_38.out:    Running contrast 601/1306
deg_analysis_31136303_38.out:    Running contrast 606/1306
deg_analysis_31136303_38.out:    Running contrast 611/1306
deg_analysis_31136303_38.out:    Running contrast 616/1306
deg_analysis_31136303_38.out:    Running contrast 621/1306
deg_analysis_31136303_38.out:    Running contrast 626/1306
deg_analysis_31136303_38.out:    Running contrast 631/1306
deg_analysis_31136303_38.out:    Running contrast 636/1306
deg_analysis_31136303_38.out:    Running contrast 641/1306
deg_analysis_31136303_38.out:    Running contrast 646/1306
deg_analysis_31136303_38.out:    Running contrast 651/1306
deg_analysis_31136303_38.out:    Running contrast 656/1306
deg_analysis_31136303_38.out:    Running contrast 661/1306
deg_analysis_31136303_38.out:    Running contrast 666/1306
deg_analysis_31136303_38.out:    Running contrast 671/1306
deg_analysis_31136303_38.out:    Running contrast 676/1306
deg_analysis_31136303_38.out:    Running contrast 681/1306
deg_analysis_31136303_38.out:    Running contrast 686/1306
deg_analysis_31136303_38.out:    Running contrast 691/1306
deg_analysis_31136303_38.out:    Running contrast 696/1306
deg_analysis_31136303_38.out:    Running contrast 701/1306
deg_analysis_31136303_38.out:    Running contrast 706/1306
deg_analysis_31136303_38.out:    Running contrast 711/1306
deg_analysis_31136303_38.out:    Running contrast 716/1306
deg_analysis_31136303_38.out:    Running contrast 721/1306
deg_analysis_31136303_38.out:    Running contrast 726/1306
deg_analysis_31136303_38.out:    Running contrast 731/1306
deg_analysis_31136303_38.out:    Running contrast 736/1306
deg_analysis_31136303_38.out:    Running contrast 741/1306
deg_analysis_31136303_38.out:    Running contrast 746/1306
deg_analysis_31136303_38.out:    Running contrast 751/1306
deg_analysis_31136303_38.out:    Running contrast 756/1306
deg_analysis_31136303_38.out:    Running contrast 761/1306
deg_analysis_31136303_38.out:    Running contrast 766/1306
deg_analysis_31136303_38.out:    Running contrast 771/1306
deg_analysis_31136303_38.out:    Running contrast 776/1306
deg_analysis_31136303_38.out:    Running contrast 781/1306
deg_analysis_31136303_38.out:    Running contrast 786/1306
deg_analysis_31136303_38.out:    Running contrast 791/1306
deg_analysis_31136303_38.out:    Running contrast 796/1306
deg_analysis_31136303_38.out:    Running contrast 801/1306
deg_analysis_31136303_38.out:    Running contrast 806/1306
deg_analysis_31136303_38.out:    Running contrast 811/1306
deg_analysis_31136303_38.out:    Running contrast 816/1306
deg_analysis_31136303_38.out:    Running contrast 821/1306
deg_analysis_31136303_38.out:    Running contrast 826/1306
deg_analysis_31136303_38.out:    Running contrast 831/1306
deg_analysis_31136303_38.out:    Running contrast 836/1306
deg_analysis_31136303_38.out:    Running contrast 841/1306
deg_analysis_31136303_38.out:    Running contrast 846/1306
deg_analysis_31136303_38.out:    Running contrast 851/1306
deg_analysis_31136303_38.out:    Running contrast 856/1306
deg_analysis_31136303_38.out:    Running contrast 861/1306
deg_analysis_31136303_38.out:    Running contrast 866/1306
deg_analysis_31136303_38.out:    Running contrast 871/1306
deg_analysis_31136303_38.out:    Running contrast 876/1306
deg_analysis_31136303_38.out:    Running contrast 881/1306
deg_analysis_31136303_38.out:    Running contrast 886/1306
deg_analysis_31136303_38.out:    Running contrast 891/1306
deg_analysis_31136303_38.out:    Running contrast 896/1306
deg_analysis_31136303_38.out:    Running contrast 901/1306
deg_analysis_31136303_38.out:    Running contrast 906/1306
deg_analysis_31136303_38.out:    Running contrast 911/1306
deg_analysis_31136303_38.out:    Running contrast 916/1306
deg_analysis_31136303_38.out:    Running contrast 921/1306
deg_analysis_31136303_38.out:    Running contrast 926/1306
deg_analysis_31136303_38.out:    Running contrast 931/1306
deg_analysis_31136303_38.out:    Running contrast 936/1306
deg_analysis_31136303_38.out:    Running contrast 941/1306
deg_analysis_31136303_38.out:    Running contrast 946/1306
deg_analysis_31136303_38.out:    Running contrast 951/1306
deg_analysis_31136303_38.out:    Running contrast 956/1306
deg_analysis_31136303_38.out:    Running contrast 961/1306
deg_analysis_31136303_38.out:    Running contrast 966/1306
deg_analysis_31136303_38.out:    Running contrast 971/1306
deg_analysis_31136303_38.out:    Running contrast 976/1306
deg_analysis_31136303_38.out:    Running contrast 981/1306
deg_analysis_31136303_38.out:    Running contrast 986/1306
deg_analysis_31136303_38.out:    Running contrast 991/1306
deg_analysis_31136303_38.out:    Running contrast 996/1306
deg_analysis_31136303_38.out:    Running contrast 1001/1306
deg_analysis_31136303_38.out:    Running contrast 1006/1306
deg_analysis_31136303_38.out:    Running contrast 1011/1306
deg_analysis_31136303_38.out:    Running contrast 1016/1306
deg_analysis_31136303_38.out:    Running contrast 1021/1306
deg_analysis_31136303_38.out:    Running contrast 1026/1306
deg_analysis_31136303_38.out:    Running contrast 1031/1306
deg_analysis_31136303_38.out:    Running contrast 1036/1306
deg_analysis_31136303_38.out:    Running contrast 1041/1306
deg_analysis_31136303_38.out:    Running contrast 1046/1306
deg_analysis_31136303_38.out:    Running contrast 1051/1306
deg_analysis_31136303_38.out:    Running contrast 1056/1306
deg_analysis_31136303_38.out:    Running contrast 1061/1306
deg_analysis_31136303_38.out:    Running contrast 1066/1306
deg_analysis_31136303_38.out:    Running contrast 1071/1306
deg_analysis_31136303_38.out:    Running contrast 1076/1306
deg_analysis_31136303_38.out:    Running contrast 1081/1306
deg_analysis_31136303_38.out:    Running contrast 1086/1306
deg_analysis_31136303_38.out:    Running contrast 1091/1306
deg_analysis_31136303_38.out:    Running contrast 1096/1306
deg_analysis_31136303_38.out:    Running contrast 1101/1306
deg_analysis_31136303_38.out:    Running contrast 1106/1306
deg_analysis_31136303_38.out:    Running contrast 1111/1306
deg_analysis_31136303_38.out:    Running contrast 1116/1306
deg_analysis_31136303_38.out:    Running contrast 1121/1306
deg_analysis_31136303_38.out:    Running contrast 1126/1306
deg_analysis_31136303_38.out:    Running contrast 1131/1306
deg_analysis_31136303_38.out:    Running contrast 1136/1306
deg_analysis_31136303_38.out:    Running contrast 1141/1306
deg_analysis_31136303_38.out:    Running contrast 1146/1306
deg_analysis_31136303_38.out:    Running contrast 1151/1306
deg_analysis_31136303_38.out:    Running contrast 1156/1306
deg_analysis_31136303_38.out:    Running contrast 1161/1306
deg_analysis_31136303_38.out:    Running contrast 1166/1306
deg_analysis_31136303_38.out:    Running contrast 1171/1306
deg_analysis_31136303_38.out:    Running contrast 1176/1306
deg_analysis_31136303_38.out:    Running contrast 1181/1306
deg_analysis_31136303_38.out:    Running contrast 1186/1306
deg_analysis_31136303_38.out:    Running contrast 1191/1306
deg_analysis_31136303_38.out:    Running contrast 1196/1306
deg_analysis_31136303_38.out:    Running contrast 1201/1306
deg_analysis_31136303_38.out:    Running contrast 1206/1306
deg_analysis_31136303_38.out:    Running contrast 1211/1306
deg_analysis_31136303_38.out:    Running contrast 1216/1306
deg_analysis_31136303_38.out:    Running contrast 1221/1306
deg_analysis_31136303_38.out:    Running contrast 1226/1306
deg_analysis_31136303_38.out:    Running contrast 1231/1306
deg_analysis_31136303_38.out:    Running contrast 1236/1306
deg_analysis_31136303_38.out:    Running contrast 1241/1306
deg_analysis_31136303_38.out:    Running contrast 1246/1306
deg_analysis_31136303_38.out:    Running contrast 1251/1306
deg_analysis_31136303_38.out:    Running contrast 1256/1306
deg_analysis_31136303_38.out:    Running contrast 1261/1306
deg_analysis_31136303_38.out:    Running contrast 1266/1306
deg_analysis_31136303_38.out:    Running contrast 1271/1306
deg_analysis_31136303_38.out:    Running contrast 1276/1306
deg_analysis_31136303_38.out:    Running contrast 1281/1306
deg_analysis_31136303_38.out:    Running contrast 1286/1306
deg_analysis_31136303_38.out:    Running contrast 1291/1306
deg_analysis_31136303_38.out:    Running contrast 1296/1306
deg_analysis_31136303_38.out:    Running contrast 1301/1306
deg_analysis_31136303_38.out:    Running contrast 1306/1306
deg_analysis_31136303_38.out:
deg_analysis_31136303_38.out:    Writing:  ./data/tahoe/deg_data/sep_rep/full/qc_false/filter_min_cells_10/CVCL_1550_de.h5ad 
deg_analysis_31136303_38.out:
deg_analysis_31136303_38.out:    Rewriting h5ad file: ./data/tahoe/deg_data/sep_rep/full/qc_false/filter_min_cells_10/CVCL_1550_de.h5ad 
deg_analysis_31136303_38.out:    Removed X matrix
deg_analysis_31136303_38.out:    Rewriting h5ad file is done!
deg_analysis_31136303_38.out:✓ Cell line completed in 10835.5 seconds
deg_analysis_31136303_38.out:
deg_analysis_31136303_38.out:DE analysis completed!
deg_analysis_31136303_38.out:
deg_analysis_31136303_38.out:Total runtime: 10887.6 seconds
deg_analysis_31136303_39.out:
deg_analysis_31136303_39.out:DE analysis started...
deg_analysis_31136303_39.out:Loaded input file:  ./data/tahoe/pseudobulk_processed/sep_rep/by_celltype/CVCL_1571_processed.h5ad 
deg_analysis_31136303_39.out:Initial dimensions:  1331  samples ×  62710  genes
deg_analysis_31136303_39.out:Filter samples with the low number of cells
deg_analysis_31136303_39.out:    Filter threshold (min_cells):  10 
deg_analysis_31136303_39.out:    n_obs:  1331 -->  970 
deg_analysis_31136303_39.out:
deg_analysis_31136303_39.out:▶︎ Processing cell_type  1 / 1 :  CVCL_1571 
deg_analysis_31136303_39.out:    Filter controls by  pert_time_h  column
deg_analysis_31136303_39.out:        n_obs:  970 -->  970 
deg_analysis_31136303_39.out:
deg_analysis_31136303_39.out:Coefficients not estimable: plateplate14 
deg_analysis_31136303_39.out:Coefficients not estimable: plateplate14 
deg_analysis_31136303_39.out:    Running contrast 1/950
deg_analysis_31136303_39.out:    Running contrast 6/950
deg_analysis_31136303_39.out:    Running contrast 11/950
deg_analysis_31136303_39.out:    Running contrast 16/950
deg_analysis_31136303_39.out:    Running contrast 21/950
deg_analysis_31136303_39.out:    Running contrast 26/950
deg_analysis_31136303_39.out:    Running contrast 31/950
deg_analysis_31136303_39.out:    Running contrast 36/950
deg_analysis_31136303_39.out:    Running contrast 41/950
deg_analysis_31136303_39.out:    Running contrast 46/950
deg_analysis_31136303_39.out:    Running contrast 51/950
deg_analysis_31136303_39.out:    Running contrast 56/950
deg_analysis_31136303_39.out:    Running contrast 61/950
deg_analysis_31136303_39.out:    Running contrast 66/950
deg_analysis_31136303_39.out:    Running contrast 71/950
deg_analysis_31136303_39.out:    Running contrast 76/950
deg_analysis_31136303_39.out:    Running contrast 81/950
deg_analysis_31136303_39.out:    Running contrast 86/950
deg_analysis_31136303_39.out:    Running contrast 91/950
deg_analysis_31136303_39.out:    Running contrast 96/950
deg_analysis_31136303_39.out:    Running contrast 101/950
deg_analysis_31136303_39.out:    Running contrast 106/950
deg_analysis_31136303_39.out:    Running contrast 111/950
deg_analysis_31136303_39.out:    Running contrast 116/950
deg_analysis_31136303_39.out:    Running contrast 121/950
deg_analysis_31136303_39.out:    Running contrast 126/950
deg_analysis_31136303_39.out:    Running contrast 131/950
deg_analysis_31136303_39.out:    Running contrast 136/950
deg_analysis_31136303_39.out:    Running contrast 141/950
deg_analysis_31136303_39.out:    Running contrast 146/950
deg_analysis_31136303_39.out:    Running contrast 151/950
deg_analysis_31136303_39.out:    Running contrast 156/950
deg_analysis_31136303_39.out:    Running contrast 161/950
deg_analysis_31136303_39.out:    Running contrast 166/950
deg_analysis_31136303_39.out:    Running contrast 171/950
deg_analysis_31136303_39.out:    Running contrast 176/950
deg_analysis_31136303_39.out:    Running contrast 181/950
deg_analysis_31136303_39.out:    Running contrast 186/950
deg_analysis_31136303_39.out:    Running contrast 191/950
deg_analysis_31136303_39.out:    Running contrast 196/950
deg_analysis_31136303_39.out:    Running contrast 201/950
deg_analysis_31136303_39.out:    Running contrast 206/950
deg_analysis_31136303_39.out:    Running contrast 211/950
deg_analysis_31136303_39.out:    Running contrast 216/950
deg_analysis_31136303_39.out:    Running contrast 221/950
deg_analysis_31136303_39.out:    Running contrast 226/950
deg_analysis_31136303_39.out:    Running contrast 231/950
deg_analysis_31136303_39.out:    Running contrast 236/950
deg_analysis_31136303_39.out:    Running contrast 241/950
deg_analysis_31136303_39.out:    Running contrast 246/950
deg_analysis_31136303_39.out:    Running contrast 251/950
deg_analysis_31136303_39.out:    Running contrast 256/950
deg_analysis_31136303_39.out:    Running contrast 261/950
deg_analysis_31136303_39.out:    Running contrast 266/950
deg_analysis_31136303_39.out:    Running contrast 271/950
deg_analysis_31136303_39.out:    Running contrast 276/950
deg_analysis_31136303_39.out:    Running contrast 281/950
deg_analysis_31136303_39.out:    Running contrast 286/950
deg_analysis_31136303_39.out:    Running contrast 291/950
deg_analysis_31136303_39.out:    Running contrast 296/950
deg_analysis_31136303_39.out:    Running contrast 301/950
deg_analysis_31136303_39.out:    Running contrast 306/950
deg_analysis_31136303_39.out:    Running contrast 311/950
deg_analysis_31136303_39.out:    Running contrast 316/950
deg_analysis_31136303_39.out:    Running contrast 321/950
deg_analysis_31136303_39.out:    Running contrast 326/950
deg_analysis_31136303_39.out:    Running contrast 331/950
deg_analysis_31136303_39.out:    Running contrast 336/950
deg_analysis_31136303_39.out:    Running contrast 341/950
deg_analysis_31136303_39.out:    Running contrast 346/950
deg_analysis_31136303_39.out:    Running contrast 351/950
deg_analysis_31136303_39.out:    Running contrast 356/950
deg_analysis_31136303_39.out:    Running contrast 361/950
deg_analysis_31136303_39.out:    Running contrast 366/950
deg_analysis_31136303_39.out:    Running contrast 371/950
deg_analysis_31136303_39.out:    Running contrast 376/950
deg_analysis_31136303_39.out:    Running contrast 381/950
deg_analysis_31136303_39.out:    Running contrast 386/950
deg_analysis_31136303_39.out:    Running contrast 391/950
deg_analysis_31136303_39.out:    Running contrast 396/950
deg_analysis_31136303_39.out:    Running contrast 401/950
deg_analysis_31136303_39.out:    Running contrast 406/950
deg_analysis_31136303_39.out:    Running contrast 411/950
deg_analysis_31136303_39.out:    Running contrast 416/950
deg_analysis_31136303_39.out:    Running contrast 421/950
deg_analysis_31136303_39.out:    Running contrast 426/950
deg_analysis_31136303_39.out:    Running contrast 431/950
deg_analysis_31136303_39.out:    Running contrast 436/950
deg_analysis_31136303_39.out:    Running contrast 441/950
deg_analysis_31136303_39.out:    Running contrast 446/950
deg_analysis_31136303_39.out:    Running contrast 451/950
deg_analysis_31136303_39.out:    Running contrast 456/950
deg_analysis_31136303_39.out:    Running contrast 461/950
deg_analysis_31136303_39.out:    Running contrast 466/950
deg_analysis_31136303_39.out:    Running contrast 471/950
deg_analysis_31136303_39.out:    Running contrast 476/950
deg_analysis_31136303_39.out:    Running contrast 481/950
deg_analysis_31136303_39.out:    Running contrast 486/950
deg_analysis_31136303_39.out:    Running contrast 491/950
deg_analysis_31136303_39.out:    Running contrast 496/950
deg_analysis_31136303_39.out:    Running contrast 501/950
deg_analysis_31136303_39.out:    Running contrast 506/950
deg_analysis_31136303_39.out:    Running contrast 511/950
deg_analysis_31136303_39.out:    Running contrast 516/950
deg_analysis_31136303_39.out:    Running contrast 521/950
deg_analysis_31136303_39.out:    Running contrast 526/950
deg_analysis_31136303_39.out:    Running contrast 531/950
deg_analysis_31136303_39.out:    Running contrast 536/950
deg_analysis_31136303_39.out:    Running contrast 541/950
deg_analysis_31136303_39.out:    Running contrast 546/950
deg_analysis_31136303_39.out:    Running contrast 551/950
deg_analysis_31136303_39.out:    Running contrast 556/950
deg_analysis_31136303_39.out:    Running contrast 561/950
deg_analysis_31136303_39.out:    Running contrast 566/950
deg_analysis_31136303_39.out:    Running contrast 571/950
deg_analysis_31136303_39.out:    Running contrast 576/950
deg_analysis_31136303_39.out:    Running contrast 581/950
deg_analysis_31136303_39.out:    Running contrast 586/950
deg_analysis_31136303_39.out:    Running contrast 591/950
deg_analysis_31136303_39.out:    Running contrast 596/950
deg_analysis_31136303_39.out:    Running contrast 601/950
deg_analysis_31136303_39.out:    Running contrast 606/950
deg_analysis_31136303_39.out:    Running contrast 611/950
deg_analysis_31136303_39.out:    Running contrast 616/950
deg_analysis_31136303_39.out:    Running contrast 621/950
deg_analysis_31136303_39.out:    Running contrast 626/950
deg_analysis_31136303_39.out:    Running contrast 631/950
deg_analysis_31136303_39.out:    Running contrast 636/950
deg_analysis_31136303_39.out:    Running contrast 641/950
deg_analysis_31136303_39.out:    Running contrast 646/950
deg_analysis_31136303_39.out:    Running contrast 651/950
deg_analysis_31136303_39.out:    Running contrast 656/950
deg_analysis_31136303_39.out:    Running contrast 661/950
deg_analysis_31136303_39.out:    Running contrast 666/950
deg_analysis_31136303_39.out:    Running contrast 671/950
deg_analysis_31136303_39.out:    Running contrast 676/950
deg_analysis_31136303_39.out:    Running contrast 681/950
deg_analysis_31136303_39.out:    Running contrast 686/950
deg_analysis_31136303_39.out:    Running contrast 691/950
deg_analysis_31136303_39.out:    Running contrast 696/950
deg_analysis_31136303_39.out:    Running contrast 701/950
deg_analysis_31136303_39.out:    Running contrast 706/950
deg_analysis_31136303_39.out:    Running contrast 711/950
deg_analysis_31136303_39.out:    Running contrast 716/950
deg_analysis_31136303_39.out:    Running contrast 721/950
deg_analysis_31136303_39.out:    Running contrast 726/950
deg_analysis_31136303_39.out:    Running contrast 731/950
deg_analysis_31136303_39.out:    Running contrast 736/950
deg_analysis_31136303_39.out:    Running contrast 741/950
deg_analysis_31136303_39.out:    Running contrast 746/950
deg_analysis_31136303_39.out:    Running contrast 751/950
deg_analysis_31136303_39.out:    Running contrast 756/950
deg_analysis_31136303_39.out:    Running contrast 761/950
deg_analysis_31136303_39.out:    Running contrast 766/950
deg_analysis_31136303_39.out:    Running contrast 771/950
deg_analysis_31136303_39.out:    Running contrast 776/950
deg_analysis_31136303_39.out:    Running contrast 781/950
deg_analysis_31136303_39.out:    Running contrast 786/950
deg_analysis_31136303_39.out:    Running contrast 791/950
deg_analysis_31136303_39.out:    Running contrast 796/950
deg_analysis_31136303_39.out:    Running contrast 801/950
deg_analysis_31136303_39.out:    Running contrast 806/950
deg_analysis_31136303_39.out:    Running contrast 811/950
deg_analysis_31136303_39.out:    Running contrast 816/950
deg_analysis_31136303_39.out:    Running contrast 821/950
deg_analysis_31136303_39.out:    Running contrast 826/950
deg_analysis_31136303_39.out:    Running contrast 831/950
deg_analysis_31136303_39.out:    Running contrast 836/950
deg_analysis_31136303_39.out:    Running contrast 841/950
deg_analysis_31136303_39.out:    Running contrast 846/950
deg_analysis_31136303_39.out:    Running contrast 851/950
deg_analysis_31136303_39.out:    Running contrast 856/950
deg_analysis_31136303_39.out:    Running contrast 861/950
deg_analysis_31136303_39.out:    Running contrast 866/950
deg_analysis_31136303_39.out:    Running contrast 871/950
deg_analysis_31136303_39.out:    Running contrast 876/950
deg_analysis_31136303_39.out:    Running contrast 881/950
deg_analysis_31136303_39.out:    Running contrast 886/950
deg_analysis_31136303_39.out:    Running contrast 891/950
deg_analysis_31136303_39.out:    Running contrast 896/950
deg_analysis_31136303_39.out:    Running contrast 901/950
deg_analysis_31136303_39.out:    Running contrast 906/950
deg_analysis_31136303_39.out:    Running contrast 911/950
deg_analysis_31136303_39.out:    Running contrast 916/950
deg_analysis_31136303_39.out:    Running contrast 921/950
deg_analysis_31136303_39.out:    Running contrast 926/950
deg_analysis_31136303_39.out:    Running contrast 931/950
deg_analysis_31136303_39.out:    Running contrast 936/950
deg_analysis_31136303_39.out:    Running contrast 941/950
deg_analysis_31136303_39.out:    Running contrast 946/950
deg_analysis_31136303_39.out:    Running contrast 950/950
deg_analysis_31136303_39.out:
deg_analysis_31136303_39.out:    Writing:  ./data/tahoe/deg_data/sep_rep/full/qc_false/filter_min_cells_10/CVCL_1571_de.h5ad 
deg_analysis_31136303_39.out:
deg_analysis_31136303_39.out:    Rewriting h5ad file: ./data/tahoe/deg_data/sep_rep/full/qc_false/filter_min_cells_10/CVCL_1571_de.h5ad 
deg_analysis_31136303_39.out:    Removed X matrix
deg_analysis_31136303_39.out:    Rewriting h5ad file is done!
deg_analysis_31136303_39.out:✓ Cell line completed in 501.0 seconds
deg_analysis_31136303_39.out:
deg_analysis_31136303_39.out:DE analysis completed!
deg_analysis_31136303_39.out:
deg_analysis_31136303_39.out:Total runtime: 536.7 seconds
deg_analysis_31136303_39.err:Warning messages:
deg_analysis_31136303_39.err:1: Partial NA coefficients for 2088 probe(s) 
deg_analysis_31136303_39.err:2: Partial NA coefficients for 2088 probe(s) 
deg_analysis_31136303_40.out:
deg_analysis_31136303_40.out:DE analysis started...
deg_analysis_31136303_40.out:Loaded input file:  ./data/tahoe/pseudobulk_processed/sep_rep/by_celltype/CVCL_1577_processed.h5ad 
deg_analysis_31136303_40.out:Initial dimensions:  1333  samples ×  62710  genes
deg_analysis_31136303_40.out:Filter samples with the low number of cells
deg_analysis_31136303_40.out:    Filter threshold (min_cells):  10 
deg_analysis_31136303_40.out:    n_obs:  1333 -->  1328 
deg_analysis_31136303_40.out:
deg_analysis_31136303_40.out:▶︎ Processing cell_type  1 / 1 :  CVCL_1577 
deg_analysis_31136303_40.out:    Filter controls by  pert_time_h  column
deg_analysis_31136303_40.out:        n_obs:  1328 -->  1328 
deg_analysis_31136303_40.out:
deg_analysis_31136303_40.out:    Running contrast 1/1300
deg_analysis_31136303_40.out:    Running contrast 6/1300
deg_analysis_31136303_40.out:    Running contrast 11/1300
deg_analysis_31136303_40.out:    Running contrast 16/1300
deg_analysis_31136303_40.out:    Running contrast 21/1300
deg_analysis_31136303_40.out:    Running contrast 26/1300
deg_analysis_31136303_40.out:    Running contrast 31/1300
deg_analysis_31136303_40.out:    Running contrast 36/1300
deg_analysis_31136303_40.out:    Running contrast 41/1300
deg_analysis_31136303_40.out:    Running contrast 46/1300
deg_analysis_31136303_40.out:    Running contrast 51/1300
deg_analysis_31136303_40.out:    Running contrast 56/1300
deg_analysis_31136303_40.out:    Running contrast 61/1300
deg_analysis_31136303_40.out:    Running contrast 66/1300
deg_analysis_31136303_40.out:    Running contrast 71/1300
deg_analysis_31136303_40.out:    Running contrast 76/1300
deg_analysis_31136303_40.out:    Running contrast 81/1300
deg_analysis_31136303_40.out:    Running contrast 86/1300
deg_analysis_31136303_40.out:    Running contrast 91/1300
deg_analysis_31136303_40.out:    Running contrast 96/1300
deg_analysis_31136303_40.out:    Running contrast 101/1300
deg_analysis_31136303_40.out:    Running contrast 106/1300
deg_analysis_31136303_40.out:    Running contrast 111/1300
deg_analysis_31136303_40.out:    Running contrast 116/1300
deg_analysis_31136303_40.out:    Running contrast 121/1300
deg_analysis_31136303_40.out:    Running contrast 126/1300
deg_analysis_31136303_40.out:    Running contrast 131/1300
deg_analysis_31136303_40.out:    Running contrast 136/1300
deg_analysis_31136303_40.out:    Running contrast 141/1300
deg_analysis_31136303_40.out:    Running contrast 146/1300
deg_analysis_31136303_40.out:    Running contrast 151/1300
deg_analysis_31136303_40.out:    Running contrast 156/1300
deg_analysis_31136303_40.out:    Running contrast 161/1300
deg_analysis_31136303_40.out:    Running contrast 166/1300
deg_analysis_31136303_40.out:    Running contrast 171/1300
deg_analysis_31136303_40.out:    Running contrast 176/1300
deg_analysis_31136303_40.out:    Running contrast 181/1300
deg_analysis_31136303_40.out:    Running contrast 186/1300
deg_analysis_31136303_40.out:    Running contrast 191/1300
deg_analysis_31136303_40.out:    Running contrast 196/1300
deg_analysis_31136303_40.out:    Running contrast 201/1300
deg_analysis_31136303_40.out:    Running contrast 206/1300
deg_analysis_31136303_40.out:    Running contrast 211/1300
deg_analysis_31136303_40.out:    Running contrast 216/1300
deg_analysis_31136303_40.out:    Running contrast 221/1300
deg_analysis_31136303_40.out:    Running contrast 226/1300
deg_analysis_31136303_40.out:    Running contrast 231/1300
deg_analysis_31136303_40.out:    Running contrast 236/1300
deg_analysis_31136303_40.out:    Running contrast 241/1300
deg_analysis_31136303_40.out:    Running contrast 246/1300
deg_analysis_31136303_40.out:    Running contrast 251/1300
deg_analysis_31136303_40.out:    Running contrast 256/1300
deg_analysis_31136303_40.out:    Running contrast 261/1300
deg_analysis_31136303_40.out:    Running contrast 266/1300
deg_analysis_31136303_40.out:    Running contrast 271/1300
deg_analysis_31136303_40.out:    Running contrast 276/1300
deg_analysis_31136303_40.out:    Running contrast 281/1300
deg_analysis_31136303_40.out:    Running contrast 286/1300
deg_analysis_31136303_40.out:    Running contrast 291/1300
deg_analysis_31136303_40.out:    Running contrast 296/1300
deg_analysis_31136303_40.out:    Running contrast 301/1300
deg_analysis_31136303_40.out:    Running contrast 306/1300
deg_analysis_31136303_40.out:    Running contrast 311/1300
deg_analysis_31136303_40.out:    Running contrast 316/1300
deg_analysis_31136303_40.out:    Running contrast 321/1300
deg_analysis_31136303_40.out:    Running contrast 326/1300
deg_analysis_31136303_40.out:    Running contrast 331/1300
deg_analysis_31136303_40.out:    Running contrast 336/1300
deg_analysis_31136303_40.out:    Running contrast 341/1300
deg_analysis_31136303_40.out:    Running contrast 346/1300
deg_analysis_31136303_40.out:    Running contrast 351/1300
deg_analysis_31136303_40.out:    Running contrast 356/1300
deg_analysis_31136303_40.out:    Running contrast 361/1300
deg_analysis_31136303_40.out:    Running contrast 366/1300
deg_analysis_31136303_40.out:    Running contrast 371/1300
deg_analysis_31136303_40.out:    Running contrast 376/1300
deg_analysis_31136303_40.out:    Running contrast 381/1300
deg_analysis_31136303_40.out:    Running contrast 386/1300
deg_analysis_31136303_40.out:    Running contrast 391/1300
deg_analysis_31136303_40.out:    Running contrast 396/1300
deg_analysis_31136303_40.out:    Running contrast 401/1300
deg_analysis_31136303_40.out:    Running contrast 406/1300
deg_analysis_31136303_40.out:    Running contrast 411/1300
deg_analysis_31136303_40.out:    Running contrast 416/1300
deg_analysis_31136303_40.out:    Running contrast 421/1300
deg_analysis_31136303_40.out:    Running contrast 426/1300
deg_analysis_31136303_40.out:    Running contrast 431/1300
deg_analysis_31136303_40.out:    Running contrast 436/1300
deg_analysis_31136303_40.out:    Running contrast 441/1300
deg_analysis_31136303_40.out:    Running contrast 446/1300
deg_analysis_31136303_40.out:    Running contrast 451/1300
deg_analysis_31136303_40.out:    Running contrast 456/1300
deg_analysis_31136303_40.out:    Running contrast 461/1300
deg_analysis_31136303_40.out:    Running contrast 466/1300
deg_analysis_31136303_40.out:    Running contrast 471/1300
deg_analysis_31136303_40.out:    Running contrast 476/1300
deg_analysis_31136303_40.out:    Running contrast 481/1300
deg_analysis_31136303_40.out:    Running contrast 486/1300
deg_analysis_31136303_40.out:    Running contrast 491/1300
deg_analysis_31136303_40.out:    Running contrast 496/1300
deg_analysis_31136303_40.out:    Running contrast 501/1300
deg_analysis_31136303_40.out:    Running contrast 506/1300
deg_analysis_31136303_40.out:    Running contrast 511/1300
deg_analysis_31136303_40.out:    Running contrast 516/1300
deg_analysis_31136303_40.out:    Running contrast 521/1300
deg_analysis_31136303_40.out:    Running contrast 526/1300
deg_analysis_31136303_40.out:    Running contrast 531/1300
deg_analysis_31136303_40.out:    Running contrast 536/1300
deg_analysis_31136303_40.out:    Running contrast 541/1300
deg_analysis_31136303_40.out:    Running contrast 546/1300
deg_analysis_31136303_40.out:    Running contrast 551/1300
deg_analysis_31136303_40.out:    Running contrast 556/1300
deg_analysis_31136303_40.out:    Running contrast 561/1300
deg_analysis_31136303_40.out:    Running contrast 566/1300
deg_analysis_31136303_40.out:    Running contrast 571/1300
deg_analysis_31136303_40.out:    Running contrast 576/1300
deg_analysis_31136303_40.out:    Running contrast 581/1300
deg_analysis_31136303_40.out:    Running contrast 586/1300
deg_analysis_31136303_40.out:    Running contrast 591/1300
deg_analysis_31136303_40.out:    Running contrast 596/1300
deg_analysis_31136303_40.out:    Running contrast 601/1300
deg_analysis_31136303_40.out:    Running contrast 606/1300
deg_analysis_31136303_40.out:    Running contrast 611/1300
deg_analysis_31136303_40.out:    Running contrast 616/1300
deg_analysis_31136303_40.out:    Running contrast 621/1300
deg_analysis_31136303_40.out:    Running contrast 626/1300
deg_analysis_31136303_40.out:    Running contrast 631/1300
deg_analysis_31136303_40.out:    Running contrast 636/1300
deg_analysis_31136303_40.out:    Running contrast 641/1300
deg_analysis_31136303_40.out:    Running contrast 646/1300
deg_analysis_31136303_40.out:    Running contrast 651/1300
deg_analysis_31136303_40.out:    Running contrast 656/1300
deg_analysis_31136303_40.out:    Running contrast 661/1300
deg_analysis_31136303_40.out:    Running contrast 666/1300
deg_analysis_31136303_40.out:    Running contrast 671/1300
deg_analysis_31136303_40.out:    Running contrast 676/1300
deg_analysis_31136303_40.out:    Running contrast 681/1300
deg_analysis_31136303_40.out:    Running contrast 686/1300
deg_analysis_31136303_40.out:    Running contrast 691/1300
deg_analysis_31136303_40.out:    Running contrast 696/1300
deg_analysis_31136303_40.out:    Running contrast 701/1300
deg_analysis_31136303_40.out:    Running contrast 706/1300
deg_analysis_31136303_40.out:    Running contrast 711/1300
deg_analysis_31136303_40.out:    Running contrast 716/1300
deg_analysis_31136303_40.out:    Running contrast 721/1300
deg_analysis_31136303_40.out:    Running contrast 726/1300
deg_analysis_31136303_40.out:    Running contrast 731/1300
deg_analysis_31136303_40.out:    Running contrast 736/1300
deg_analysis_31136303_40.out:    Running contrast 741/1300
deg_analysis_31136303_40.out:    Running contrast 746/1300
deg_analysis_31136303_40.out:    Running contrast 751/1300
deg_analysis_31136303_40.out:    Running contrast 756/1300
deg_analysis_31136303_40.out:    Running contrast 761/1300
deg_analysis_31136303_40.out:    Running contrast 766/1300
deg_analysis_31136303_40.out:    Running contrast 771/1300
deg_analysis_31136303_40.out:    Running contrast 776/1300
deg_analysis_31136303_40.out:    Running contrast 781/1300
deg_analysis_31136303_40.out:    Running contrast 786/1300
deg_analysis_31136303_40.out:    Running contrast 791/1300
deg_analysis_31136303_40.out:    Running contrast 796/1300
deg_analysis_31136303_40.out:    Running contrast 801/1300
deg_analysis_31136303_40.out:    Running contrast 806/1300
deg_analysis_31136303_40.out:    Running contrast 811/1300
deg_analysis_31136303_40.out:    Running contrast 816/1300
deg_analysis_31136303_40.out:    Running contrast 821/1300
deg_analysis_31136303_40.out:    Running contrast 826/1300
deg_analysis_31136303_40.out:    Running contrast 831/1300
deg_analysis_31136303_40.out:    Running contrast 836/1300
deg_analysis_31136303_40.out:    Running contrast 841/1300
deg_analysis_31136303_40.out:    Running contrast 846/1300
deg_analysis_31136303_40.out:    Running contrast 851/1300
deg_analysis_31136303_40.out:    Running contrast 856/1300
deg_analysis_31136303_40.out:    Running contrast 861/1300
deg_analysis_31136303_40.out:    Running contrast 866/1300
deg_analysis_31136303_40.out:    Running contrast 871/1300
deg_analysis_31136303_40.out:    Running contrast 876/1300
deg_analysis_31136303_40.out:    Running contrast 881/1300
deg_analysis_31136303_40.out:    Running contrast 886/1300
deg_analysis_31136303_40.out:    Running contrast 891/1300
deg_analysis_31136303_40.out:    Running contrast 896/1300
deg_analysis_31136303_40.out:    Running contrast 901/1300
deg_analysis_31136303_40.out:    Running contrast 906/1300
deg_analysis_31136303_40.out:    Running contrast 911/1300
deg_analysis_31136303_40.out:    Running contrast 916/1300
deg_analysis_31136303_40.out:    Running contrast 921/1300
deg_analysis_31136303_40.out:    Running contrast 926/1300
deg_analysis_31136303_40.out:    Running contrast 931/1300
deg_analysis_31136303_40.out:    Running contrast 936/1300
deg_analysis_31136303_40.out:    Running contrast 941/1300
deg_analysis_31136303_40.out:    Running contrast 946/1300
deg_analysis_31136303_40.out:    Running contrast 951/1300
deg_analysis_31136303_40.out:    Running contrast 956/1300
deg_analysis_31136303_40.out:    Running contrast 961/1300
deg_analysis_31136303_40.out:    Running contrast 966/1300
deg_analysis_31136303_40.out:    Running contrast 971/1300
deg_analysis_31136303_40.out:    Running contrast 976/1300
deg_analysis_31136303_40.out:    Running contrast 981/1300
deg_analysis_31136303_40.out:    Running contrast 986/1300
deg_analysis_31136303_40.out:    Running contrast 991/1300
deg_analysis_31136303_40.out:    Running contrast 996/1300
deg_analysis_31136303_40.out:    Running contrast 1001/1300
deg_analysis_31136303_40.out:    Running contrast 1006/1300
deg_analysis_31136303_40.out:    Running contrast 1011/1300
deg_analysis_31136303_40.out:    Running contrast 1016/1300
deg_analysis_31136303_40.out:    Running contrast 1021/1300
deg_analysis_31136303_40.out:    Running contrast 1026/1300
deg_analysis_31136303_40.out:    Running contrast 1031/1300
deg_analysis_31136303_40.out:    Running contrast 1036/1300
deg_analysis_31136303_40.out:    Running contrast 1041/1300
deg_analysis_31136303_40.out:    Running contrast 1046/1300
deg_analysis_31136303_40.out:    Running contrast 1051/1300
deg_analysis_31136303_40.out:    Running contrast 1056/1300
deg_analysis_31136303_40.out:    Running contrast 1061/1300
deg_analysis_31136303_40.out:    Running contrast 1066/1300
deg_analysis_31136303_40.out:    Running contrast 1071/1300
deg_analysis_31136303_40.out:    Running contrast 1076/1300
deg_analysis_31136303_40.out:    Running contrast 1081/1300
deg_analysis_31136303_40.out:    Running contrast 1086/1300
deg_analysis_31136303_40.out:    Running contrast 1091/1300
deg_analysis_31136303_40.out:    Running contrast 1096/1300
deg_analysis_31136303_40.out:    Running contrast 1101/1300
deg_analysis_31136303_40.out:    Running contrast 1106/1300
deg_analysis_31136303_40.out:    Running contrast 1111/1300
deg_analysis_31136303_40.out:    Running contrast 1116/1300
deg_analysis_31136303_40.out:    Running contrast 1121/1300
deg_analysis_31136303_40.out:    Running contrast 1126/1300
deg_analysis_31136303_40.out:    Running contrast 1131/1300
deg_analysis_31136303_40.out:    Running contrast 1136/1300
deg_analysis_31136303_40.out:    Running contrast 1141/1300
deg_analysis_31136303_40.out:    Running contrast 1146/1300
deg_analysis_31136303_40.out:    Running contrast 1151/1300
deg_analysis_31136303_40.out:    Running contrast 1156/1300
deg_analysis_31136303_40.out:    Running contrast 1161/1300
deg_analysis_31136303_40.out:    Running contrast 1166/1300
deg_analysis_31136303_40.out:    Running contrast 1171/1300
deg_analysis_31136303_40.out:    Running contrast 1176/1300
deg_analysis_31136303_40.out:    Running contrast 1181/1300
deg_analysis_31136303_40.out:    Running contrast 1186/1300
deg_analysis_31136303_40.out:    Running contrast 1191/1300
deg_analysis_31136303_40.out:    Running contrast 1196/1300
deg_analysis_31136303_40.out:    Running contrast 1201/1300
deg_analysis_31136303_40.out:    Running contrast 1206/1300
deg_analysis_31136303_40.out:    Running contrast 1211/1300
deg_analysis_31136303_40.out:    Running contrast 1216/1300
deg_analysis_31136303_40.out:    Running contrast 1221/1300
deg_analysis_31136303_40.out:    Running contrast 1226/1300
deg_analysis_31136303_40.out:    Running contrast 1231/1300
deg_analysis_31136303_40.out:    Running contrast 1236/1300
deg_analysis_31136303_40.out:    Running contrast 1241/1300
deg_analysis_31136303_40.out:    Running contrast 1246/1300
deg_analysis_31136303_40.out:    Running contrast 1251/1300
deg_analysis_31136303_40.out:    Running contrast 1256/1300
deg_analysis_31136303_40.out:    Running contrast 1261/1300
deg_analysis_31136303_40.out:    Running contrast 1266/1300
deg_analysis_31136303_40.out:    Running contrast 1271/1300
deg_analysis_31136303_40.out:    Running contrast 1276/1300
deg_analysis_31136303_40.out:    Running contrast 1281/1300
deg_analysis_31136303_40.out:    Running contrast 1286/1300
deg_analysis_31136303_40.out:    Running contrast 1291/1300
deg_analysis_31136303_40.out:    Running contrast 1296/1300
deg_analysis_31136303_40.out:    Running contrast 1300/1300
deg_analysis_31136303_40.out:
deg_analysis_31136303_40.out:    Writing:  ./data/tahoe/deg_data/sep_rep/full/qc_false/filter_min_cells_10/CVCL_1577_de.h5ad 
deg_analysis_31136303_40.out:
deg_analysis_31136303_40.out:    Rewriting h5ad file: ./data/tahoe/deg_data/sep_rep/full/qc_false/filter_min_cells_10/CVCL_1577_de.h5ad 
deg_analysis_31136303_40.out:    Removed X matrix
deg_analysis_31136303_40.out:    Rewriting h5ad file is done!
deg_analysis_31136303_40.out:✓ Cell line completed in 6162.9 seconds
deg_analysis_31136303_40.out:
deg_analysis_31136303_40.out:DE analysis completed!
deg_analysis_31136303_40.out:
deg_analysis_31136303_40.out:Total runtime: 6179.7 seconds
deg_analysis_31136303_41.out:
deg_analysis_31136303_41.out:DE analysis started...
deg_analysis_31136303_41.out:Loaded input file:  ./data/tahoe/pseudobulk_processed/sep_rep/by_celltype/CVCL_1635_processed.h5ad 
deg_analysis_31136303_41.out:Initial dimensions:  1341  samples ×  62710  genes
deg_analysis_31136303_41.out:Filter samples with the low number of cells
deg_analysis_31136303_41.out:    Filter threshold (min_cells):  10 
deg_analysis_31136303_41.out:    n_obs:  1341 -->  1335 
deg_analysis_31136303_41.out:
deg_analysis_31136303_41.out:▶︎ Processing cell_type  1 / 1 :  CVCL_1635 
deg_analysis_31136303_41.out:    Filter controls by  pert_time_h  column
deg_analysis_31136303_41.out:        n_obs:  1335 -->  1335 
deg_analysis_31136303_41.out:
deg_analysis_31136303_41.out:    Running contrast 1/1307
deg_analysis_31136303_41.out:    Running contrast 6/1307
deg_analysis_31136303_41.out:    Running contrast 11/1307
deg_analysis_31136303_41.out:    Running contrast 16/1307
deg_analysis_31136303_41.out:    Running contrast 21/1307
deg_analysis_31136303_41.out:    Running contrast 26/1307
deg_analysis_31136303_41.out:    Running contrast 31/1307
deg_analysis_31136303_41.out:    Running contrast 36/1307
deg_analysis_31136303_41.out:    Running contrast 41/1307
deg_analysis_31136303_41.out:    Running contrast 46/1307
deg_analysis_31136303_41.out:    Running contrast 51/1307
deg_analysis_31136303_41.out:    Running contrast 56/1307
deg_analysis_31136303_41.out:    Running contrast 61/1307
deg_analysis_31136303_41.out:    Running contrast 66/1307
deg_analysis_31136303_41.out:    Running contrast 71/1307
deg_analysis_31136303_41.out:    Running contrast 76/1307
deg_analysis_31136303_41.out:    Running contrast 81/1307
deg_analysis_31136303_41.out:    Running contrast 86/1307
deg_analysis_31136303_41.out:    Running contrast 91/1307
deg_analysis_31136303_41.out:    Running contrast 96/1307
deg_analysis_31136303_41.out:    Running contrast 101/1307
deg_analysis_31136303_41.out:    Running contrast 106/1307
deg_analysis_31136303_41.out:    Running contrast 111/1307
deg_analysis_31136303_41.out:    Running contrast 116/1307
deg_analysis_31136303_41.out:    Running contrast 121/1307
deg_analysis_31136303_41.out:    Running contrast 126/1307
deg_analysis_31136303_41.out:    Running contrast 131/1307
deg_analysis_31136303_41.out:    Running contrast 136/1307
deg_analysis_31136303_41.out:    Running contrast 141/1307
deg_analysis_31136303_41.out:    Running contrast 146/1307
deg_analysis_31136303_41.out:    Running contrast 151/1307
deg_analysis_31136303_41.out:    Running contrast 156/1307
deg_analysis_31136303_41.out:    Running contrast 161/1307
deg_analysis_31136303_41.out:    Running contrast 166/1307
deg_analysis_31136303_41.out:    Running contrast 171/1307
deg_analysis_31136303_41.out:    Running contrast 176/1307
deg_analysis_31136303_41.out:    Running contrast 181/1307
deg_analysis_31136303_41.out:    Running contrast 186/1307
deg_analysis_31136303_41.out:    Running contrast 191/1307
deg_analysis_31136303_41.out:    Running contrast 196/1307
deg_analysis_31136303_41.out:    Running contrast 201/1307
deg_analysis_31136303_41.out:    Running contrast 206/1307
deg_analysis_31136303_41.out:    Running contrast 211/1307
deg_analysis_31136303_41.out:    Running contrast 216/1307
deg_analysis_31136303_41.out:    Running contrast 221/1307
deg_analysis_31136303_41.out:    Running contrast 226/1307
deg_analysis_31136303_41.out:    Running contrast 231/1307
deg_analysis_31136303_41.out:    Running contrast 236/1307
deg_analysis_31136303_41.out:    Running contrast 241/1307
deg_analysis_31136303_41.out:    Running contrast 246/1307
deg_analysis_31136303_41.out:    Running contrast 251/1307
deg_analysis_31136303_41.out:    Running contrast 256/1307
deg_analysis_31136303_41.out:    Running contrast 261/1307
deg_analysis_31136303_41.out:    Running contrast 266/1307
deg_analysis_31136303_41.out:    Running contrast 271/1307
deg_analysis_31136303_41.out:    Running contrast 276/1307
deg_analysis_31136303_41.out:    Running contrast 281/1307
deg_analysis_31136303_41.out:    Running contrast 286/1307
deg_analysis_31136303_41.out:    Running contrast 291/1307
deg_analysis_31136303_41.out:    Running contrast 296/1307
deg_analysis_31136303_41.out:    Running contrast 301/1307
deg_analysis_31136303_41.out:    Running contrast 306/1307
deg_analysis_31136303_41.out:    Running contrast 311/1307
deg_analysis_31136303_41.out:    Running contrast 316/1307
deg_analysis_31136303_41.out:    Running contrast 321/1307
deg_analysis_31136303_41.out:    Running contrast 326/1307
deg_analysis_31136303_41.out:    Running contrast 331/1307
deg_analysis_31136303_41.out:    Running contrast 336/1307
deg_analysis_31136303_41.out:    Running contrast 341/1307
deg_analysis_31136303_41.out:    Running contrast 346/1307
deg_analysis_31136303_41.out:    Running contrast 351/1307
deg_analysis_31136303_41.out:    Running contrast 356/1307
deg_analysis_31136303_41.out:    Running contrast 361/1307
deg_analysis_31136303_41.out:    Running contrast 366/1307
deg_analysis_31136303_41.out:    Running contrast 371/1307
deg_analysis_31136303_41.out:    Running contrast 376/1307
deg_analysis_31136303_41.out:    Running contrast 381/1307
deg_analysis_31136303_41.out:    Running contrast 386/1307
deg_analysis_31136303_41.out:    Running contrast 391/1307
deg_analysis_31136303_41.out:    Running contrast 396/1307
deg_analysis_31136303_41.out:    Running contrast 401/1307
deg_analysis_31136303_41.out:    Running contrast 406/1307
deg_analysis_31136303_41.out:    Running contrast 411/1307
deg_analysis_31136303_41.out:    Running contrast 416/1307
deg_analysis_31136303_41.out:    Running contrast 421/1307
deg_analysis_31136303_41.out:    Running contrast 426/1307
deg_analysis_31136303_41.out:    Running contrast 431/1307
deg_analysis_31136303_41.out:    Running contrast 436/1307
deg_analysis_31136303_41.out:    Running contrast 441/1307
deg_analysis_31136303_41.out:    Running contrast 446/1307
deg_analysis_31136303_41.out:    Running contrast 451/1307
deg_analysis_31136303_41.out:    Running contrast 456/1307
deg_analysis_31136303_41.out:    Running contrast 461/1307
deg_analysis_31136303_41.out:    Running contrast 466/1307
deg_analysis_31136303_41.out:    Running contrast 471/1307
deg_analysis_31136303_41.out:    Running contrast 476/1307
deg_analysis_31136303_41.out:    Running contrast 481/1307
deg_analysis_31136303_41.out:    Running contrast 486/1307
deg_analysis_31136303_41.out:    Running contrast 491/1307
deg_analysis_31136303_41.out:    Running contrast 496/1307
deg_analysis_31136303_41.out:    Running contrast 501/1307
deg_analysis_31136303_41.out:    Running contrast 506/1307
deg_analysis_31136303_41.out:    Running contrast 511/1307
deg_analysis_31136303_41.out:    Running contrast 516/1307
deg_analysis_31136303_41.out:    Running contrast 521/1307
deg_analysis_31136303_41.out:    Running contrast 526/1307
deg_analysis_31136303_41.out:    Running contrast 531/1307
deg_analysis_31136303_41.out:    Running contrast 536/1307
deg_analysis_31136303_41.out:    Running contrast 541/1307
deg_analysis_31136303_41.out:    Running contrast 546/1307
deg_analysis_31136303_41.out:    Running contrast 551/1307
deg_analysis_31136303_41.out:    Running contrast 556/1307
deg_analysis_31136303_41.out:    Running contrast 561/1307
deg_analysis_31136303_41.out:    Running contrast 566/1307
deg_analysis_31136303_41.out:    Running contrast 571/1307
deg_analysis_31136303_41.out:    Running contrast 576/1307
deg_analysis_31136303_41.out:    Running contrast 581/1307
deg_analysis_31136303_41.out:    Running contrast 586/1307
deg_analysis_31136303_41.out:    Running contrast 591/1307
deg_analysis_31136303_41.out:    Running contrast 596/1307
deg_analysis_31136303_41.out:    Running contrast 601/1307
deg_analysis_31136303_41.out:    Running contrast 606/1307
deg_analysis_31136303_41.out:    Running contrast 611/1307
deg_analysis_31136303_41.out:    Running contrast 616/1307
deg_analysis_31136303_41.out:    Running contrast 621/1307
deg_analysis_31136303_41.out:    Running contrast 626/1307
deg_analysis_31136303_41.out:    Running contrast 631/1307
deg_analysis_31136303_41.out:    Running contrast 636/1307
deg_analysis_31136303_41.out:    Running contrast 641/1307
deg_analysis_31136303_41.out:    Running contrast 646/1307
deg_analysis_31136303_41.out:    Running contrast 651/1307
deg_analysis_31136303_41.out:    Running contrast 656/1307
deg_analysis_31136303_41.out:    Running contrast 661/1307
deg_analysis_31136303_41.out:    Running contrast 666/1307
deg_analysis_31136303_41.out:    Running contrast 671/1307
deg_analysis_31136303_41.out:    Running contrast 676/1307
deg_analysis_31136303_41.out:    Running contrast 681/1307
deg_analysis_31136303_41.out:    Running contrast 686/1307
deg_analysis_31136303_41.out:    Running contrast 691/1307
deg_analysis_31136303_41.out:    Running contrast 696/1307
deg_analysis_31136303_41.out:    Running contrast 701/1307
deg_analysis_31136303_41.out:    Running contrast 706/1307
deg_analysis_31136303_41.out:    Running contrast 711/1307
deg_analysis_31136303_41.out:    Running contrast 716/1307
deg_analysis_31136303_41.out:    Running contrast 721/1307
deg_analysis_31136303_41.out:    Running contrast 726/1307
deg_analysis_31136303_41.out:    Running contrast 731/1307
deg_analysis_31136303_41.out:    Running contrast 736/1307
deg_analysis_31136303_41.out:    Running contrast 741/1307
deg_analysis_31136303_41.out:    Running contrast 746/1307
deg_analysis_31136303_41.out:    Running contrast 751/1307
deg_analysis_31136303_41.out:    Running contrast 756/1307
deg_analysis_31136303_41.out:    Running contrast 761/1307
deg_analysis_31136303_41.out:    Running contrast 766/1307
deg_analysis_31136303_41.out:    Running contrast 771/1307
deg_analysis_31136303_41.out:    Running contrast 776/1307
deg_analysis_31136303_41.out:    Running contrast 781/1307
deg_analysis_31136303_41.out:    Running contrast 786/1307
deg_analysis_31136303_41.out:    Running contrast 791/1307
deg_analysis_31136303_41.out:    Running contrast 796/1307
deg_analysis_31136303_41.out:    Running contrast 801/1307
deg_analysis_31136303_41.out:    Running contrast 806/1307
deg_analysis_31136303_41.out:    Running contrast 811/1307
deg_analysis_31136303_41.out:    Running contrast 816/1307
deg_analysis_31136303_41.out:    Running contrast 821/1307
deg_analysis_31136303_41.out:    Running contrast 826/1307
deg_analysis_31136303_41.out:    Running contrast 831/1307
deg_analysis_31136303_41.out:    Running contrast 836/1307
deg_analysis_31136303_41.out:    Running contrast 841/1307
deg_analysis_31136303_41.out:    Running contrast 846/1307
deg_analysis_31136303_41.out:    Running contrast 851/1307
deg_analysis_31136303_41.out:    Running contrast 856/1307
deg_analysis_31136303_41.out:    Running contrast 861/1307
deg_analysis_31136303_41.out:    Running contrast 866/1307
deg_analysis_31136303_41.out:    Running contrast 871/1307
deg_analysis_31136303_41.out:    Running contrast 876/1307
deg_analysis_31136303_41.out:    Running contrast 881/1307
deg_analysis_31136303_41.out:    Running contrast 886/1307
deg_analysis_31136303_41.out:    Running contrast 891/1307
deg_analysis_31136303_41.out:    Running contrast 896/1307
deg_analysis_31136303_41.out:    Running contrast 901/1307
deg_analysis_31136303_41.out:    Running contrast 906/1307
deg_analysis_31136303_41.out:    Running contrast 911/1307
deg_analysis_31136303_41.out:    Running contrast 916/1307
deg_analysis_31136303_41.out:    Running contrast 921/1307
deg_analysis_31136303_41.out:    Running contrast 926/1307
deg_analysis_31136303_41.out:    Running contrast 931/1307
deg_analysis_31136303_41.out:    Running contrast 936/1307
deg_analysis_31136303_41.out:    Running contrast 941/1307
deg_analysis_31136303_41.out:    Running contrast 946/1307
deg_analysis_31136303_41.out:    Running contrast 951/1307
deg_analysis_31136303_41.out:    Running contrast 956/1307
deg_analysis_31136303_41.out:    Running contrast 961/1307
deg_analysis_31136303_41.out:    Running contrast 966/1307
deg_analysis_31136303_41.out:    Running contrast 971/1307
deg_analysis_31136303_41.out:    Running contrast 976/1307
deg_analysis_31136303_41.out:    Running contrast 981/1307
deg_analysis_31136303_41.out:    Running contrast 986/1307
deg_analysis_31136303_41.out:    Running contrast 991/1307
deg_analysis_31136303_41.out:    Running contrast 996/1307
deg_analysis_31136303_41.out:    Running contrast 1001/1307
deg_analysis_31136303_41.out:    Running contrast 1006/1307
deg_analysis_31136303_41.out:    Running contrast 1011/1307
deg_analysis_31136303_41.out:    Running contrast 1016/1307
deg_analysis_31136303_41.out:    Running contrast 1021/1307
deg_analysis_31136303_41.out:    Running contrast 1026/1307
deg_analysis_31136303_41.out:    Running contrast 1031/1307
deg_analysis_31136303_41.out:    Running contrast 1036/1307
deg_analysis_31136303_41.out:    Running contrast 1041/1307
deg_analysis_31136303_41.out:    Running contrast 1046/1307
deg_analysis_31136303_41.out:    Running contrast 1051/1307
deg_analysis_31136303_41.out:    Running contrast 1056/1307
deg_analysis_31136303_41.out:    Running contrast 1061/1307
deg_analysis_31136303_41.out:    Running contrast 1066/1307
deg_analysis_31136303_41.out:    Running contrast 1071/1307
deg_analysis_31136303_41.out:    Running contrast 1076/1307
deg_analysis_31136303_41.out:    Running contrast 1081/1307
deg_analysis_31136303_41.out:    Running contrast 1086/1307
deg_analysis_31136303_41.out:    Running contrast 1091/1307
deg_analysis_31136303_41.out:    Running contrast 1096/1307
deg_analysis_31136303_41.out:    Running contrast 1101/1307
deg_analysis_31136303_41.out:    Running contrast 1106/1307
deg_analysis_31136303_41.out:    Running contrast 1111/1307
deg_analysis_31136303_41.out:    Running contrast 1116/1307
deg_analysis_31136303_41.out:    Running contrast 1121/1307
deg_analysis_31136303_41.out:    Running contrast 1126/1307
deg_analysis_31136303_41.out:    Running contrast 1131/1307
deg_analysis_31136303_41.out:    Running contrast 1136/1307
deg_analysis_31136303_41.out:    Running contrast 1141/1307
deg_analysis_31136303_41.out:    Running contrast 1146/1307
deg_analysis_31136303_41.out:    Running contrast 1151/1307
deg_analysis_31136303_41.out:    Running contrast 1156/1307
deg_analysis_31136303_41.out:    Running contrast 1161/1307
deg_analysis_31136303_41.out:    Running contrast 1166/1307
deg_analysis_31136303_41.out:    Running contrast 1171/1307
deg_analysis_31136303_41.out:    Running contrast 1176/1307
deg_analysis_31136303_41.out:    Running contrast 1181/1307
deg_analysis_31136303_41.out:    Running contrast 1186/1307
deg_analysis_31136303_41.out:    Running contrast 1191/1307
deg_analysis_31136303_41.out:    Running contrast 1196/1307
deg_analysis_31136303_41.out:    Running contrast 1201/1307
deg_analysis_31136303_41.out:    Running contrast 1206/1307
deg_analysis_31136303_41.out:    Running contrast 1211/1307
deg_analysis_31136303_41.out:    Running contrast 1216/1307
deg_analysis_31136303_41.out:    Running contrast 1221/1307
deg_analysis_31136303_41.out:    Running contrast 1226/1307
deg_analysis_31136303_41.out:    Running contrast 1231/1307
deg_analysis_31136303_41.out:    Running contrast 1236/1307
deg_analysis_31136303_41.out:    Running contrast 1241/1307
deg_analysis_31136303_41.out:    Running contrast 1246/1307
deg_analysis_31136303_41.out:    Running contrast 1251/1307
deg_analysis_31136303_41.out:    Running contrast 1256/1307
deg_analysis_31136303_41.out:    Running contrast 1261/1307
deg_analysis_31136303_41.out:    Running contrast 1266/1307
deg_analysis_31136303_41.out:    Running contrast 1271/1307
deg_analysis_31136303_41.out:    Running contrast 1276/1307
deg_analysis_31136303_41.out:    Running contrast 1281/1307
deg_analysis_31136303_41.out:    Running contrast 1286/1307
deg_analysis_31136303_41.out:    Running contrast 1291/1307
deg_analysis_31136303_41.out:    Running contrast 1296/1307
deg_analysis_31136303_41.out:    Running contrast 1301/1307
deg_analysis_31136303_41.out:    Running contrast 1306/1307
deg_analysis_31136303_41.out:    Running contrast 1307/1307
deg_analysis_31136303_41.out:
deg_analysis_31136303_41.out:    Writing:  ./data/tahoe/deg_data/sep_rep/full/qc_false/filter_min_cells_10/CVCL_1635_de.h5ad 
deg_analysis_31136303_41.out:
deg_analysis_31136303_41.out:    Rewriting h5ad file: ./data/tahoe/deg_data/sep_rep/full/qc_false/filter_min_cells_10/CVCL_1635_de.h5ad 
deg_analysis_31136303_41.out:    Removed X matrix
deg_analysis_31136303_41.out:    Rewriting h5ad file is done!
deg_analysis_31136303_41.out:✓ Cell line completed in 9004.0 seconds
deg_analysis_31136303_41.out:
deg_analysis_31136303_41.out:DE analysis completed!
deg_analysis_31136303_41.out:
deg_analysis_31136303_41.out:Total runtime: 9069.4 seconds
deg_analysis_31136303_42.out:
deg_analysis_31136303_42.out:DE analysis started...
deg_analysis_31136303_42.out:Loaded input file:  ./data/tahoe/pseudobulk_processed/sep_rep/by_celltype/CVCL_1666_processed.h5ad 
deg_analysis_31136303_42.out:Initial dimensions:  1341  samples ×  62710  genes
deg_analysis_31136303_42.out:Filter samples with the low number of cells
deg_analysis_31136303_42.out:    Filter threshold (min_cells):  10 
deg_analysis_31136303_42.out:    n_obs:  1341 -->  1334 
deg_analysis_31136303_42.out:
deg_analysis_31136303_42.out:▶︎ Processing cell_type  1 / 1 :  CVCL_1666 
deg_analysis_31136303_42.out:    Filter controls by  pert_time_h  column
deg_analysis_31136303_42.out:        n_obs:  1334 -->  1334 
deg_analysis_31136303_42.out:
deg_analysis_31136303_42.out:    Running contrast 1/1306
deg_analysis_31136303_42.out:    Running contrast 6/1306
deg_analysis_31136303_42.out:    Running contrast 11/1306
deg_analysis_31136303_42.out:    Running contrast 16/1306
deg_analysis_31136303_42.out:    Running contrast 21/1306
deg_analysis_31136303_42.out:    Running contrast 26/1306
deg_analysis_31136303_42.out:    Running contrast 31/1306
deg_analysis_31136303_42.out:    Running contrast 36/1306
deg_analysis_31136303_42.out:    Running contrast 41/1306
deg_analysis_31136303_42.out:    Running contrast 46/1306
deg_analysis_31136303_42.out:    Running contrast 51/1306
deg_analysis_31136303_42.out:    Running contrast 56/1306
deg_analysis_31136303_42.out:    Running contrast 61/1306
deg_analysis_31136303_42.out:    Running contrast 66/1306
deg_analysis_31136303_42.out:    Running contrast 71/1306
deg_analysis_31136303_42.out:    Running contrast 76/1306
deg_analysis_31136303_42.out:    Running contrast 81/1306
deg_analysis_31136303_42.out:    Running contrast 86/1306
deg_analysis_31136303_42.out:    Running contrast 91/1306
deg_analysis_31136303_42.out:    Running contrast 96/1306
deg_analysis_31136303_42.out:    Running contrast 101/1306
deg_analysis_31136303_42.out:    Running contrast 106/1306
deg_analysis_31136303_42.out:    Running contrast 111/1306
deg_analysis_31136303_42.out:    Running contrast 116/1306
deg_analysis_31136303_42.out:    Running contrast 121/1306
deg_analysis_31136303_42.out:    Running contrast 126/1306
deg_analysis_31136303_42.out:    Running contrast 131/1306
deg_analysis_31136303_42.out:    Running contrast 136/1306
deg_analysis_31136303_42.out:    Running contrast 141/1306
deg_analysis_31136303_42.out:    Running contrast 146/1306
deg_analysis_31136303_42.out:    Running contrast 151/1306
deg_analysis_31136303_42.out:    Running contrast 156/1306
deg_analysis_31136303_42.out:    Running contrast 161/1306
deg_analysis_31136303_42.out:    Running contrast 166/1306
deg_analysis_31136303_42.out:    Running contrast 171/1306
deg_analysis_31136303_42.out:    Running contrast 176/1306
deg_analysis_31136303_42.out:    Running contrast 181/1306
deg_analysis_31136303_42.out:    Running contrast 186/1306
deg_analysis_31136303_42.out:    Running contrast 191/1306
deg_analysis_31136303_42.out:    Running contrast 196/1306
deg_analysis_31136303_42.out:    Running contrast 201/1306
deg_analysis_31136303_42.out:    Running contrast 206/1306
deg_analysis_31136303_42.out:    Running contrast 211/1306
deg_analysis_31136303_42.out:    Running contrast 216/1306
deg_analysis_31136303_42.out:    Running contrast 221/1306
deg_analysis_31136303_42.out:    Running contrast 226/1306
deg_analysis_31136303_42.out:    Running contrast 231/1306
deg_analysis_31136303_42.out:    Running contrast 236/1306
deg_analysis_31136303_42.out:    Running contrast 241/1306
deg_analysis_31136303_42.out:    Running contrast 246/1306
deg_analysis_31136303_42.out:    Running contrast 251/1306
deg_analysis_31136303_42.out:    Running contrast 256/1306
deg_analysis_31136303_42.out:    Running contrast 261/1306
deg_analysis_31136303_42.out:    Running contrast 266/1306
deg_analysis_31136303_42.out:    Running contrast 271/1306
deg_analysis_31136303_42.out:    Running contrast 276/1306
deg_analysis_31136303_42.out:    Running contrast 281/1306
deg_analysis_31136303_42.out:    Running contrast 286/1306
deg_analysis_31136303_42.out:    Running contrast 291/1306
deg_analysis_31136303_42.out:    Running contrast 296/1306
deg_analysis_31136303_42.out:    Running contrast 301/1306
deg_analysis_31136303_42.out:    Running contrast 306/1306
deg_analysis_31136303_42.out:    Running contrast 311/1306
deg_analysis_31136303_42.out:    Running contrast 316/1306
deg_analysis_31136303_42.out:    Running contrast 321/1306
deg_analysis_31136303_42.out:    Running contrast 326/1306
deg_analysis_31136303_42.out:    Running contrast 331/1306
deg_analysis_31136303_42.out:    Running contrast 336/1306
deg_analysis_31136303_42.out:    Running contrast 341/1306
deg_analysis_31136303_42.out:    Running contrast 346/1306
deg_analysis_31136303_42.out:    Running contrast 351/1306
deg_analysis_31136303_42.out:    Running contrast 356/1306
deg_analysis_31136303_42.out:    Running contrast 361/1306
deg_analysis_31136303_42.out:    Running contrast 366/1306
deg_analysis_31136303_42.out:    Running contrast 371/1306
deg_analysis_31136303_42.out:    Running contrast 376/1306
deg_analysis_31136303_42.out:    Running contrast 381/1306
deg_analysis_31136303_42.out:    Running contrast 386/1306
deg_analysis_31136303_42.out:    Running contrast 391/1306
deg_analysis_31136303_42.out:    Running contrast 396/1306
deg_analysis_31136303_42.out:    Running contrast 401/1306
deg_analysis_31136303_42.out:    Running contrast 406/1306
deg_analysis_31136303_42.out:    Running contrast 411/1306
deg_analysis_31136303_42.out:    Running contrast 416/1306
deg_analysis_31136303_42.out:    Running contrast 421/1306
deg_analysis_31136303_42.out:    Running contrast 426/1306
deg_analysis_31136303_42.out:    Running contrast 431/1306
deg_analysis_31136303_42.out:    Running contrast 436/1306
deg_analysis_31136303_42.out:    Running contrast 441/1306
deg_analysis_31136303_42.out:    Running contrast 446/1306
deg_analysis_31136303_42.out:    Running contrast 451/1306
deg_analysis_31136303_42.out:    Running contrast 456/1306
deg_analysis_31136303_42.out:    Running contrast 461/1306
deg_analysis_31136303_42.out:    Running contrast 466/1306
deg_analysis_31136303_42.out:    Running contrast 471/1306
deg_analysis_31136303_42.out:    Running contrast 476/1306
deg_analysis_31136303_42.out:    Running contrast 481/1306
deg_analysis_31136303_42.out:    Running contrast 486/1306
deg_analysis_31136303_42.out:    Running contrast 491/1306
deg_analysis_31136303_42.out:    Running contrast 496/1306
deg_analysis_31136303_42.out:    Running contrast 501/1306
deg_analysis_31136303_42.out:    Running contrast 506/1306
deg_analysis_31136303_42.out:    Running contrast 511/1306
deg_analysis_31136303_42.out:    Running contrast 516/1306
deg_analysis_31136303_42.out:    Running contrast 521/1306
deg_analysis_31136303_42.out:    Running contrast 526/1306
deg_analysis_31136303_42.out:    Running contrast 531/1306
deg_analysis_31136303_42.out:    Running contrast 536/1306
deg_analysis_31136303_42.out:    Running contrast 541/1306
deg_analysis_31136303_42.out:    Running contrast 546/1306
deg_analysis_31136303_42.out:    Running contrast 551/1306
deg_analysis_31136303_42.out:    Running contrast 556/1306
deg_analysis_31136303_42.out:    Running contrast 561/1306
deg_analysis_31136303_42.out:    Running contrast 566/1306
deg_analysis_31136303_42.out:    Running contrast 571/1306
deg_analysis_31136303_42.out:    Running contrast 576/1306
deg_analysis_31136303_42.out:    Running contrast 581/1306
deg_analysis_31136303_42.out:    Running contrast 586/1306
deg_analysis_31136303_42.out:    Running contrast 591/1306
deg_analysis_31136303_42.out:    Running contrast 596/1306
deg_analysis_31136303_42.out:    Running contrast 601/1306
deg_analysis_31136303_42.out:    Running contrast 606/1306
deg_analysis_31136303_42.out:    Running contrast 611/1306
deg_analysis_31136303_42.out:    Running contrast 616/1306
deg_analysis_31136303_42.out:    Running contrast 621/1306
deg_analysis_31136303_42.out:    Running contrast 626/1306
deg_analysis_31136303_42.out:    Running contrast 631/1306
deg_analysis_31136303_42.out:    Running contrast 636/1306
deg_analysis_31136303_42.out:    Running contrast 641/1306
deg_analysis_31136303_42.out:    Running contrast 646/1306
deg_analysis_31136303_42.out:    Running contrast 651/1306
deg_analysis_31136303_42.out:    Running contrast 656/1306
deg_analysis_31136303_42.out:    Running contrast 661/1306
deg_analysis_31136303_42.out:    Running contrast 666/1306
deg_analysis_31136303_42.out:    Running contrast 671/1306
deg_analysis_31136303_42.out:    Running contrast 676/1306
deg_analysis_31136303_42.out:    Running contrast 681/1306
deg_analysis_31136303_42.out:    Running contrast 686/1306
deg_analysis_31136303_42.out:    Running contrast 691/1306
deg_analysis_31136303_42.out:    Running contrast 696/1306
deg_analysis_31136303_42.out:    Running contrast 701/1306
deg_analysis_31136303_42.out:    Running contrast 706/1306
deg_analysis_31136303_42.out:    Running contrast 711/1306
deg_analysis_31136303_42.out:    Running contrast 716/1306
deg_analysis_31136303_42.out:    Running contrast 721/1306
deg_analysis_31136303_42.out:    Running contrast 726/1306
deg_analysis_31136303_42.out:    Running contrast 731/1306
deg_analysis_31136303_42.out:    Running contrast 736/1306
deg_analysis_31136303_42.out:    Running contrast 741/1306
deg_analysis_31136303_42.out:    Running contrast 746/1306
deg_analysis_31136303_42.out:    Running contrast 751/1306
deg_analysis_31136303_42.out:    Running contrast 756/1306
deg_analysis_31136303_42.out:    Running contrast 761/1306
deg_analysis_31136303_42.out:    Running contrast 766/1306
deg_analysis_31136303_42.out:    Running contrast 771/1306
deg_analysis_31136303_42.out:    Running contrast 776/1306
deg_analysis_31136303_42.out:    Running contrast 781/1306
deg_analysis_31136303_42.out:    Running contrast 786/1306
deg_analysis_31136303_42.out:    Running contrast 791/1306
deg_analysis_31136303_42.out:    Running contrast 796/1306
deg_analysis_31136303_42.out:    Running contrast 801/1306
deg_analysis_31136303_42.out:    Running contrast 806/1306
deg_analysis_31136303_42.out:    Running contrast 811/1306
deg_analysis_31136303_42.out:    Running contrast 816/1306
deg_analysis_31136303_42.out:    Running contrast 821/1306
deg_analysis_31136303_42.out:    Running contrast 826/1306
deg_analysis_31136303_42.out:    Running contrast 831/1306
deg_analysis_31136303_42.out:    Running contrast 836/1306
deg_analysis_31136303_42.out:    Running contrast 841/1306
deg_analysis_31136303_42.out:    Running contrast 846/1306
deg_analysis_31136303_42.out:    Running contrast 851/1306
deg_analysis_31136303_42.out:    Running contrast 856/1306
deg_analysis_31136303_42.out:    Running contrast 861/1306
deg_analysis_31136303_42.out:    Running contrast 866/1306
deg_analysis_31136303_42.out:    Running contrast 871/1306
deg_analysis_31136303_42.out:    Running contrast 876/1306
deg_analysis_31136303_42.out:    Running contrast 881/1306
deg_analysis_31136303_42.out:    Running contrast 886/1306
deg_analysis_31136303_42.out:    Running contrast 891/1306
deg_analysis_31136303_42.out:    Running contrast 896/1306
deg_analysis_31136303_42.out:    Running contrast 901/1306
deg_analysis_31136303_42.out:    Running contrast 906/1306
deg_analysis_31136303_42.out:    Running contrast 911/1306
deg_analysis_31136303_42.out:    Running contrast 916/1306
deg_analysis_31136303_42.out:    Running contrast 921/1306
deg_analysis_31136303_42.out:    Running contrast 926/1306
deg_analysis_31136303_42.out:    Running contrast 931/1306
deg_analysis_31136303_42.out:    Running contrast 936/1306
deg_analysis_31136303_42.out:    Running contrast 941/1306
deg_analysis_31136303_42.out:    Running contrast 946/1306
deg_analysis_31136303_42.out:    Running contrast 951/1306
deg_analysis_31136303_42.out:    Running contrast 956/1306
deg_analysis_31136303_42.out:    Running contrast 961/1306
deg_analysis_31136303_42.out:    Running contrast 966/1306
deg_analysis_31136303_42.out:    Running contrast 971/1306
deg_analysis_31136303_42.out:    Running contrast 976/1306
deg_analysis_31136303_42.out:    Running contrast 981/1306
deg_analysis_31136303_42.out:    Running contrast 986/1306
deg_analysis_31136303_42.out:    Running contrast 991/1306
deg_analysis_31136303_42.out:    Running contrast 996/1306
deg_analysis_31136303_42.out:    Running contrast 1001/1306
deg_analysis_31136303_42.out:    Running contrast 1006/1306
deg_analysis_31136303_42.out:    Running contrast 1011/1306
deg_analysis_31136303_42.out:    Running contrast 1016/1306
deg_analysis_31136303_42.out:    Running contrast 1021/1306
deg_analysis_31136303_42.out:    Running contrast 1026/1306
deg_analysis_31136303_42.out:    Running contrast 1031/1306
deg_analysis_31136303_42.out:    Running contrast 1036/1306
deg_analysis_31136303_42.out:    Running contrast 1041/1306
deg_analysis_31136303_42.out:    Running contrast 1046/1306
deg_analysis_31136303_42.out:    Running contrast 1051/1306
deg_analysis_31136303_42.out:    Running contrast 1056/1306
deg_analysis_31136303_42.out:    Running contrast 1061/1306
deg_analysis_31136303_42.out:    Running contrast 1066/1306
deg_analysis_31136303_42.out:    Running contrast 1071/1306
deg_analysis_31136303_42.out:    Running contrast 1076/1306
deg_analysis_31136303_42.out:    Running contrast 1081/1306
deg_analysis_31136303_42.out:    Running contrast 1086/1306
deg_analysis_31136303_42.out:    Running contrast 1091/1306
deg_analysis_31136303_42.out:    Running contrast 1096/1306
deg_analysis_31136303_42.out:    Running contrast 1101/1306
deg_analysis_31136303_42.out:    Running contrast 1106/1306
deg_analysis_31136303_42.out:    Running contrast 1111/1306
deg_analysis_31136303_42.out:    Running contrast 1116/1306
deg_analysis_31136303_42.out:    Running contrast 1121/1306
deg_analysis_31136303_42.out:    Running contrast 1126/1306
deg_analysis_31136303_42.out:    Running contrast 1131/1306
deg_analysis_31136303_42.out:    Running contrast 1136/1306
deg_analysis_31136303_42.out:    Running contrast 1141/1306
deg_analysis_31136303_42.out:    Running contrast 1146/1306
deg_analysis_31136303_42.out:    Running contrast 1151/1306
deg_analysis_31136303_42.out:    Running contrast 1156/1306
deg_analysis_31136303_42.out:    Running contrast 1161/1306
deg_analysis_31136303_42.out:    Running contrast 1166/1306
deg_analysis_31136303_42.out:    Running contrast 1171/1306
deg_analysis_31136303_42.out:    Running contrast 1176/1306
deg_analysis_31136303_42.out:    Running contrast 1181/1306
deg_analysis_31136303_42.out:    Running contrast 1186/1306
deg_analysis_31136303_42.out:    Running contrast 1191/1306
deg_analysis_31136303_42.out:    Running contrast 1196/1306
deg_analysis_31136303_42.out:    Running contrast 1201/1306
deg_analysis_31136303_42.out:    Running contrast 1206/1306
deg_analysis_31136303_42.out:    Running contrast 1211/1306
deg_analysis_31136303_42.out:    Running contrast 1216/1306
deg_analysis_31136303_42.out:    Running contrast 1221/1306
deg_analysis_31136303_42.out:    Running contrast 1226/1306
deg_analysis_31136303_42.out:    Running contrast 1231/1306
deg_analysis_31136303_42.out:    Running contrast 1236/1306
deg_analysis_31136303_42.out:    Running contrast 1241/1306
deg_analysis_31136303_42.out:    Running contrast 1246/1306
deg_analysis_31136303_42.out:    Running contrast 1251/1306
deg_analysis_31136303_42.out:    Running contrast 1256/1306
deg_analysis_31136303_42.out:    Running contrast 1261/1306
deg_analysis_31136303_42.out:    Running contrast 1266/1306
deg_analysis_31136303_42.out:    Running contrast 1271/1306
deg_analysis_31136303_42.out:    Running contrast 1276/1306
deg_analysis_31136303_42.out:    Running contrast 1281/1306
deg_analysis_31136303_42.out:    Running contrast 1286/1306
deg_analysis_31136303_42.out:    Running contrast 1291/1306
deg_analysis_31136303_42.out:    Running contrast 1296/1306
deg_analysis_31136303_42.out:    Running contrast 1301/1306
deg_analysis_31136303_42.out:    Running contrast 1306/1306
deg_analysis_31136303_42.out:
deg_analysis_31136303_42.out:    Writing:  ./data/tahoe/deg_data/sep_rep/full/qc_false/filter_min_cells_10/CVCL_1666_de.h5ad 
deg_analysis_31136303_42.out:
deg_analysis_31136303_42.out:    Rewriting h5ad file: ./data/tahoe/deg_data/sep_rep/full/qc_false/filter_min_cells_10/CVCL_1666_de.h5ad 
deg_analysis_31136303_42.out:    Removed X matrix
deg_analysis_31136303_42.out:    Rewriting h5ad file is done!
deg_analysis_31136303_42.out:✓ Cell line completed in 11223.4 seconds
deg_analysis_31136303_42.out:
deg_analysis_31136303_42.out:DE analysis completed!
deg_analysis_31136303_42.out:
deg_analysis_31136303_42.out:Total runtime: 11243.5 seconds
deg_analysis_31136303_43.out:
deg_analysis_31136303_43.out:DE analysis started...
deg_analysis_31136303_43.out:Loaded input file:  ./data/tahoe/pseudobulk_processed/sep_rep/by_celltype/CVCL_1693_processed.h5ad 
deg_analysis_31136303_43.out:Initial dimensions:  1342  samples ×  62710  genes
deg_analysis_31136303_43.out:Filter samples with the low number of cells
deg_analysis_31136303_43.out:    Filter threshold (min_cells):  10 
deg_analysis_31136303_43.out:    n_obs:  1342 -->  1335 
deg_analysis_31136303_43.out:
deg_analysis_31136303_43.out:▶︎ Processing cell_type  1 / 1 :  CVCL_1693 
deg_analysis_31136303_43.out:    Filter controls by  pert_time_h  column
deg_analysis_31136303_43.out:        n_obs:  1335 -->  1335 
deg_analysis_31136303_43.out:
deg_analysis_31136303_43.out:    Running contrast 1/1307
deg_analysis_31136303_43.out:    Running contrast 6/1307
deg_analysis_31136303_43.out:    Running contrast 11/1307
deg_analysis_31136303_43.out:    Running contrast 16/1307
deg_analysis_31136303_43.out:    Running contrast 21/1307
deg_analysis_31136303_43.out:    Running contrast 26/1307
deg_analysis_31136303_43.out:    Running contrast 31/1307
deg_analysis_31136303_43.out:    Running contrast 36/1307
deg_analysis_31136303_43.out:    Running contrast 41/1307
deg_analysis_31136303_43.out:    Running contrast 46/1307
deg_analysis_31136303_43.out:    Running contrast 51/1307
deg_analysis_31136303_43.out:    Running contrast 56/1307
deg_analysis_31136303_43.out:    Running contrast 61/1307
deg_analysis_31136303_43.out:    Running contrast 66/1307
deg_analysis_31136303_43.out:    Running contrast 71/1307
deg_analysis_31136303_43.out:    Running contrast 76/1307
deg_analysis_31136303_43.out:    Running contrast 81/1307
deg_analysis_31136303_43.out:    Running contrast 86/1307
deg_analysis_31136303_43.out:    Running contrast 91/1307
deg_analysis_31136303_43.out:    Running contrast 96/1307
deg_analysis_31136303_43.out:    Running contrast 101/1307
deg_analysis_31136303_43.out:    Running contrast 106/1307
deg_analysis_31136303_43.out:    Running contrast 111/1307
deg_analysis_31136303_43.out:    Running contrast 116/1307
deg_analysis_31136303_43.out:    Running contrast 121/1307
deg_analysis_31136303_43.out:    Running contrast 126/1307
deg_analysis_31136303_43.out:    Running contrast 131/1307
deg_analysis_31136303_43.out:    Running contrast 136/1307
deg_analysis_31136303_43.out:    Running contrast 141/1307
deg_analysis_31136303_43.out:    Running contrast 146/1307
deg_analysis_31136303_43.out:    Running contrast 151/1307
deg_analysis_31136303_43.out:    Running contrast 156/1307
deg_analysis_31136303_43.out:    Running contrast 161/1307
deg_analysis_31136303_43.out:    Running contrast 166/1307
deg_analysis_31136303_43.out:    Running contrast 171/1307
deg_analysis_31136303_43.out:    Running contrast 176/1307
deg_analysis_31136303_43.out:    Running contrast 181/1307
deg_analysis_31136303_43.out:    Running contrast 186/1307
deg_analysis_31136303_43.out:    Running contrast 191/1307
deg_analysis_31136303_43.out:    Running contrast 196/1307
deg_analysis_31136303_43.out:    Running contrast 201/1307
deg_analysis_31136303_43.out:    Running contrast 206/1307
deg_analysis_31136303_43.out:    Running contrast 211/1307
deg_analysis_31136303_43.out:    Running contrast 216/1307
deg_analysis_31136303_43.out:    Running contrast 221/1307
deg_analysis_31136303_43.out:    Running contrast 226/1307
deg_analysis_31136303_43.out:    Running contrast 231/1307
deg_analysis_31136303_43.out:    Running contrast 236/1307
deg_analysis_31136303_43.out:    Running contrast 241/1307
deg_analysis_31136303_43.out:    Running contrast 246/1307
deg_analysis_31136303_43.out:    Running contrast 251/1307
deg_analysis_31136303_43.out:    Running contrast 256/1307
deg_analysis_31136303_43.out:    Running contrast 261/1307
deg_analysis_31136303_43.out:    Running contrast 266/1307
deg_analysis_31136303_43.out:    Running contrast 271/1307
deg_analysis_31136303_43.out:    Running contrast 276/1307
deg_analysis_31136303_43.out:    Running contrast 281/1307
deg_analysis_31136303_43.out:    Running contrast 286/1307
deg_analysis_31136303_43.out:    Running contrast 291/1307
deg_analysis_31136303_43.out:    Running contrast 296/1307
deg_analysis_31136303_43.out:    Running contrast 301/1307
deg_analysis_31136303_43.out:    Running contrast 306/1307
deg_analysis_31136303_43.out:    Running contrast 311/1307
deg_analysis_31136303_43.out:    Running contrast 316/1307
deg_analysis_31136303_43.out:    Running contrast 321/1307
deg_analysis_31136303_43.out:    Running contrast 326/1307
deg_analysis_31136303_43.out:    Running contrast 331/1307
deg_analysis_31136303_43.out:    Running contrast 336/1307
deg_analysis_31136303_43.out:    Running contrast 341/1307
deg_analysis_31136303_43.out:    Running contrast 346/1307
deg_analysis_31136303_43.out:    Running contrast 351/1307
deg_analysis_31136303_43.out:    Running contrast 356/1307
deg_analysis_31136303_43.out:    Running contrast 361/1307
deg_analysis_31136303_43.out:    Running contrast 366/1307
deg_analysis_31136303_43.out:    Running contrast 371/1307
deg_analysis_31136303_43.out:    Running contrast 376/1307
deg_analysis_31136303_43.out:    Running contrast 381/1307
deg_analysis_31136303_43.out:    Running contrast 386/1307
deg_analysis_31136303_43.out:    Running contrast 391/1307
deg_analysis_31136303_43.out:    Running contrast 396/1307
deg_analysis_31136303_43.out:    Running contrast 401/1307
deg_analysis_31136303_43.out:    Running contrast 406/1307
deg_analysis_31136303_43.out:    Running contrast 411/1307
deg_analysis_31136303_43.out:    Running contrast 416/1307
deg_analysis_31136303_43.out:    Running contrast 421/1307
deg_analysis_31136303_43.out:    Running contrast 426/1307
deg_analysis_31136303_43.out:    Running contrast 431/1307
deg_analysis_31136303_43.out:    Running contrast 436/1307
deg_analysis_31136303_43.out:    Running contrast 441/1307
deg_analysis_31136303_43.out:    Running contrast 446/1307
deg_analysis_31136303_43.out:    Running contrast 451/1307
deg_analysis_31136303_43.out:    Running contrast 456/1307
deg_analysis_31136303_43.out:    Running contrast 461/1307
deg_analysis_31136303_43.out:    Running contrast 466/1307
deg_analysis_31136303_43.out:    Running contrast 471/1307
deg_analysis_31136303_43.out:    Running contrast 476/1307
deg_analysis_31136303_43.out:    Running contrast 481/1307
deg_analysis_31136303_43.out:    Running contrast 486/1307
deg_analysis_31136303_43.out:    Running contrast 491/1307
deg_analysis_31136303_43.out:    Running contrast 496/1307
deg_analysis_31136303_43.out:    Running contrast 501/1307
deg_analysis_31136303_43.out:    Running contrast 506/1307
deg_analysis_31136303_43.out:    Running contrast 511/1307
deg_analysis_31136303_43.out:    Running contrast 516/1307
deg_analysis_31136303_43.out:    Running contrast 521/1307
deg_analysis_31136303_43.out:    Running contrast 526/1307
deg_analysis_31136303_43.out:    Running contrast 531/1307
deg_analysis_31136303_43.out:    Running contrast 536/1307
deg_analysis_31136303_43.out:    Running contrast 541/1307
deg_analysis_31136303_43.out:    Running contrast 546/1307
deg_analysis_31136303_43.out:    Running contrast 551/1307
deg_analysis_31136303_43.out:    Running contrast 556/1307
deg_analysis_31136303_43.out:    Running contrast 561/1307
deg_analysis_31136303_43.out:    Running contrast 566/1307
deg_analysis_31136303_43.out:    Running contrast 571/1307
deg_analysis_31136303_43.out:    Running contrast 576/1307
deg_analysis_31136303_43.out:    Running contrast 581/1307
deg_analysis_31136303_43.out:    Running contrast 586/1307
deg_analysis_31136303_43.out:    Running contrast 591/1307
deg_analysis_31136303_43.out:    Running contrast 596/1307
deg_analysis_31136303_43.out:    Running contrast 601/1307
deg_analysis_31136303_43.out:    Running contrast 606/1307
deg_analysis_31136303_43.out:    Running contrast 611/1307
deg_analysis_31136303_43.out:    Running contrast 616/1307
deg_analysis_31136303_43.out:    Running contrast 621/1307
deg_analysis_31136303_43.out:    Running contrast 626/1307
deg_analysis_31136303_43.out:    Running contrast 631/1307
deg_analysis_31136303_43.out:    Running contrast 636/1307
deg_analysis_31136303_43.out:    Running contrast 641/1307
deg_analysis_31136303_43.out:    Running contrast 646/1307
deg_analysis_31136303_43.out:    Running contrast 651/1307
deg_analysis_31136303_43.out:    Running contrast 656/1307
deg_analysis_31136303_43.out:    Running contrast 661/1307
deg_analysis_31136303_43.out:    Running contrast 666/1307
deg_analysis_31136303_43.out:    Running contrast 671/1307
deg_analysis_31136303_43.out:    Running contrast 676/1307
deg_analysis_31136303_43.out:    Running contrast 681/1307
deg_analysis_31136303_43.out:    Running contrast 686/1307
deg_analysis_31136303_43.out:    Running contrast 691/1307
deg_analysis_31136303_43.out:    Running contrast 696/1307
deg_analysis_31136303_43.out:    Running contrast 701/1307
deg_analysis_31136303_43.out:    Running contrast 706/1307
deg_analysis_31136303_43.out:    Running contrast 711/1307
deg_analysis_31136303_43.out:    Running contrast 716/1307
deg_analysis_31136303_43.out:    Running contrast 721/1307
deg_analysis_31136303_43.out:    Running contrast 726/1307
deg_analysis_31136303_43.out:    Running contrast 731/1307
deg_analysis_31136303_43.out:    Running contrast 736/1307
deg_analysis_31136303_43.out:    Running contrast 741/1307
deg_analysis_31136303_43.out:    Running contrast 746/1307
deg_analysis_31136303_43.out:    Running contrast 751/1307
deg_analysis_31136303_43.out:    Running contrast 756/1307
deg_analysis_31136303_43.out:    Running contrast 761/1307
deg_analysis_31136303_43.out:    Running contrast 766/1307
deg_analysis_31136303_43.out:    Running contrast 771/1307
deg_analysis_31136303_43.out:    Running contrast 776/1307
deg_analysis_31136303_43.out:    Running contrast 781/1307
deg_analysis_31136303_43.out:    Running contrast 786/1307
deg_analysis_31136303_43.out:    Running contrast 791/1307
deg_analysis_31136303_43.out:    Running contrast 796/1307
deg_analysis_31136303_43.out:    Running contrast 801/1307
deg_analysis_31136303_43.out:    Running contrast 806/1307
deg_analysis_31136303_43.out:    Running contrast 811/1307
deg_analysis_31136303_43.out:    Running contrast 816/1307
deg_analysis_31136303_43.out:    Running contrast 821/1307
deg_analysis_31136303_43.out:    Running contrast 826/1307
deg_analysis_31136303_43.out:    Running contrast 831/1307
deg_analysis_31136303_43.out:    Running contrast 836/1307
deg_analysis_31136303_43.out:    Running contrast 841/1307
deg_analysis_31136303_43.out:    Running contrast 846/1307
deg_analysis_31136303_43.out:    Running contrast 851/1307
deg_analysis_31136303_43.out:    Running contrast 856/1307
deg_analysis_31136303_43.out:    Running contrast 861/1307
deg_analysis_31136303_43.out:    Running contrast 866/1307
deg_analysis_31136303_43.out:    Running contrast 871/1307
deg_analysis_31136303_43.out:    Running contrast 876/1307
deg_analysis_31136303_43.out:    Running contrast 881/1307
deg_analysis_31136303_43.out:    Running contrast 886/1307
deg_analysis_31136303_43.out:    Running contrast 891/1307
deg_analysis_31136303_43.out:    Running contrast 896/1307
deg_analysis_31136303_43.out:    Running contrast 901/1307
deg_analysis_31136303_43.out:    Running contrast 906/1307
deg_analysis_31136303_43.out:    Running contrast 911/1307
deg_analysis_31136303_43.out:    Running contrast 916/1307
deg_analysis_31136303_43.out:    Running contrast 921/1307
deg_analysis_31136303_43.out:    Running contrast 926/1307
deg_analysis_31136303_43.out:    Running contrast 931/1307
deg_analysis_31136303_43.out:    Running contrast 936/1307
deg_analysis_31136303_43.out:    Running contrast 941/1307
deg_analysis_31136303_43.out:    Running contrast 946/1307
deg_analysis_31136303_43.out:    Running contrast 951/1307
deg_analysis_31136303_43.out:    Running contrast 956/1307
deg_analysis_31136303_43.out:    Running contrast 961/1307
deg_analysis_31136303_43.out:    Running contrast 966/1307
deg_analysis_31136303_43.out:    Running contrast 971/1307
deg_analysis_31136303_43.out:    Running contrast 976/1307
deg_analysis_31136303_43.out:    Running contrast 981/1307
deg_analysis_31136303_43.out:    Running contrast 986/1307
deg_analysis_31136303_43.out:    Running contrast 991/1307
deg_analysis_31136303_43.out:    Running contrast 996/1307
deg_analysis_31136303_43.out:    Running contrast 1001/1307
deg_analysis_31136303_43.out:    Running contrast 1006/1307
deg_analysis_31136303_43.out:    Running contrast 1011/1307
deg_analysis_31136303_43.out:    Running contrast 1016/1307
deg_analysis_31136303_43.out:    Running contrast 1021/1307
deg_analysis_31136303_43.out:    Running contrast 1026/1307
deg_analysis_31136303_43.out:    Running contrast 1031/1307
deg_analysis_31136303_43.out:    Running contrast 1036/1307
deg_analysis_31136303_43.out:    Running contrast 1041/1307
deg_analysis_31136303_43.out:    Running contrast 1046/1307
deg_analysis_31136303_43.out:    Running contrast 1051/1307
deg_analysis_31136303_43.out:    Running contrast 1056/1307
deg_analysis_31136303_43.out:    Running contrast 1061/1307
deg_analysis_31136303_43.out:    Running contrast 1066/1307
deg_analysis_31136303_43.out:    Running contrast 1071/1307
deg_analysis_31136303_43.out:    Running contrast 1076/1307
deg_analysis_31136303_43.out:    Running contrast 1081/1307
deg_analysis_31136303_43.out:    Running contrast 1086/1307
deg_analysis_31136303_43.out:    Running contrast 1091/1307
deg_analysis_31136303_43.out:    Running contrast 1096/1307
deg_analysis_31136303_43.out:    Running contrast 1101/1307
deg_analysis_31136303_43.out:    Running contrast 1106/1307
deg_analysis_31136303_43.out:    Running contrast 1111/1307
deg_analysis_31136303_43.out:    Running contrast 1116/1307
deg_analysis_31136303_43.out:    Running contrast 1121/1307
deg_analysis_31136303_43.out:    Running contrast 1126/1307
deg_analysis_31136303_43.out:    Running contrast 1131/1307
deg_analysis_31136303_43.out:    Running contrast 1136/1307
deg_analysis_31136303_43.out:    Running contrast 1141/1307
deg_analysis_31136303_43.out:    Running contrast 1146/1307
deg_analysis_31136303_43.out:    Running contrast 1151/1307
deg_analysis_31136303_43.out:    Running contrast 1156/1307
deg_analysis_31136303_43.out:    Running contrast 1161/1307
deg_analysis_31136303_43.out:    Running contrast 1166/1307
deg_analysis_31136303_43.out:    Running contrast 1171/1307
deg_analysis_31136303_43.out:    Running contrast 1176/1307
deg_analysis_31136303_43.out:    Running contrast 1181/1307
deg_analysis_31136303_43.out:    Running contrast 1186/1307
deg_analysis_31136303_43.out:    Running contrast 1191/1307
deg_analysis_31136303_43.out:    Running contrast 1196/1307
deg_analysis_31136303_43.out:    Running contrast 1201/1307
deg_analysis_31136303_43.out:    Running contrast 1206/1307
deg_analysis_31136303_43.out:    Running contrast 1211/1307
deg_analysis_31136303_43.out:    Running contrast 1216/1307
deg_analysis_31136303_43.out:    Running contrast 1221/1307
deg_analysis_31136303_43.out:    Running contrast 1226/1307
deg_analysis_31136303_43.out:    Running contrast 1231/1307
deg_analysis_31136303_43.out:    Running contrast 1236/1307
deg_analysis_31136303_43.out:    Running contrast 1241/1307
deg_analysis_31136303_43.out:    Running contrast 1246/1307
deg_analysis_31136303_43.out:    Running contrast 1251/1307
deg_analysis_31136303_43.out:    Running contrast 1256/1307
deg_analysis_31136303_43.out:    Running contrast 1261/1307
deg_analysis_31136303_43.out:    Running contrast 1266/1307
deg_analysis_31136303_43.out:    Running contrast 1271/1307
deg_analysis_31136303_43.out:    Running contrast 1276/1307
deg_analysis_31136303_43.out:    Running contrast 1281/1307
deg_analysis_31136303_43.out:    Running contrast 1286/1307
deg_analysis_31136303_43.out:    Running contrast 1291/1307
deg_analysis_31136303_43.out:    Running contrast 1296/1307
deg_analysis_31136303_43.out:    Running contrast 1301/1307
deg_analysis_31136303_43.out:    Running contrast 1306/1307
deg_analysis_31136303_43.out:    Running contrast 1307/1307
deg_analysis_31136303_43.out:
deg_analysis_31136303_43.out:    Writing:  ./data/tahoe/deg_data/sep_rep/full/qc_false/filter_min_cells_10/CVCL_1693_de.h5ad 
deg_analysis_31136303_43.out:
deg_analysis_31136303_43.out:    Rewriting h5ad file: ./data/tahoe/deg_data/sep_rep/full/qc_false/filter_min_cells_10/CVCL_1693_de.h5ad 
deg_analysis_31136303_43.out:    Removed X matrix
deg_analysis_31136303_43.out:    Rewriting h5ad file is done!
deg_analysis_31136303_43.out:✓ Cell line completed in 10649.8 seconds
deg_analysis_31136303_43.out:
deg_analysis_31136303_43.out:DE analysis completed!
deg_analysis_31136303_43.out:
deg_analysis_31136303_43.out:Total runtime: 10698.0 seconds
deg_analysis_31136303_43.err:Warning message:
deg_analysis_31136303_43.err:Partial NA coefficients for 1 probe(s) 
deg_analysis_31136303_44.out:
deg_analysis_31136303_44.out:DE analysis started...
deg_analysis_31136303_44.out:Loaded input file:  ./data/tahoe/pseudobulk_processed/sep_rep/by_celltype/CVCL_1715_processed.h5ad 
deg_analysis_31136303_44.out:Initial dimensions:  1340  samples ×  62710  genes
deg_analysis_31136303_44.out:Filter samples with the low number of cells
deg_analysis_31136303_44.out:    Filter threshold (min_cells):  10 
deg_analysis_31136303_44.out:    n_obs:  1340 -->  1326 
deg_analysis_31136303_44.out:
deg_analysis_31136303_44.out:▶︎ Processing cell_type  1 / 1 :  CVCL_1715 
deg_analysis_31136303_44.out:    Filter controls by  pert_time_h  column
deg_analysis_31136303_44.out:        n_obs:  1326 -->  1326 
deg_analysis_31136303_44.out:
deg_analysis_31136303_44.out:    Running contrast 1/1298
deg_analysis_31136303_44.out:    Running contrast 6/1298
deg_analysis_31136303_44.out:    Running contrast 11/1298
deg_analysis_31136303_44.out:    Running contrast 16/1298
deg_analysis_31136303_44.out:    Running contrast 21/1298
deg_analysis_31136303_44.out:    Running contrast 26/1298
deg_analysis_31136303_44.out:    Running contrast 31/1298
deg_analysis_31136303_44.out:    Running contrast 36/1298
deg_analysis_31136303_44.out:    Running contrast 41/1298
deg_analysis_31136303_44.out:    Running contrast 46/1298
deg_analysis_31136303_44.out:    Running contrast 51/1298
deg_analysis_31136303_44.out:    Running contrast 56/1298
deg_analysis_31136303_44.out:    Running contrast 61/1298
deg_analysis_31136303_44.out:    Running contrast 66/1298
deg_analysis_31136303_44.out:    Running contrast 71/1298
deg_analysis_31136303_44.out:    Running contrast 76/1298
deg_analysis_31136303_44.out:    Running contrast 81/1298
deg_analysis_31136303_44.out:    Running contrast 86/1298
deg_analysis_31136303_44.out:    Running contrast 91/1298
deg_analysis_31136303_44.out:    Running contrast 96/1298
deg_analysis_31136303_44.out:    Running contrast 101/1298
deg_analysis_31136303_44.out:    Running contrast 106/1298
deg_analysis_31136303_44.out:    Running contrast 111/1298
deg_analysis_31136303_44.out:    Running contrast 116/1298
deg_analysis_31136303_44.out:    Running contrast 121/1298
deg_analysis_31136303_44.out:    Running contrast 126/1298
deg_analysis_31136303_44.out:    Running contrast 131/1298
deg_analysis_31136303_44.out:    Running contrast 136/1298
deg_analysis_31136303_44.out:    Running contrast 141/1298
deg_analysis_31136303_44.out:    Running contrast 146/1298
deg_analysis_31136303_44.out:    Running contrast 151/1298
deg_analysis_31136303_44.out:    Running contrast 156/1298
deg_analysis_31136303_44.out:    Running contrast 161/1298
deg_analysis_31136303_44.out:    Running contrast 166/1298
deg_analysis_31136303_44.out:    Running contrast 171/1298
deg_analysis_31136303_44.out:    Running contrast 176/1298
deg_analysis_31136303_44.out:    Running contrast 181/1298
deg_analysis_31136303_44.out:    Running contrast 186/1298
deg_analysis_31136303_44.out:    Running contrast 191/1298
deg_analysis_31136303_44.out:    Running contrast 196/1298
deg_analysis_31136303_44.out:    Running contrast 201/1298
deg_analysis_31136303_44.out:    Running contrast 206/1298
deg_analysis_31136303_44.out:    Running contrast 211/1298
deg_analysis_31136303_44.out:    Running contrast 216/1298
deg_analysis_31136303_44.out:    Running contrast 221/1298
deg_analysis_31136303_44.out:    Running contrast 226/1298
deg_analysis_31136303_44.out:    Running contrast 231/1298
deg_analysis_31136303_44.out:    Running contrast 236/1298
deg_analysis_31136303_44.out:    Running contrast 241/1298
deg_analysis_31136303_44.out:    Running contrast 246/1298
deg_analysis_31136303_44.out:    Running contrast 251/1298
deg_analysis_31136303_44.out:    Running contrast 256/1298
deg_analysis_31136303_44.out:    Running contrast 261/1298
deg_analysis_31136303_44.out:    Running contrast 266/1298
deg_analysis_31136303_44.out:    Running contrast 271/1298
deg_analysis_31136303_44.out:    Running contrast 276/1298
deg_analysis_31136303_44.out:    Running contrast 281/1298
deg_analysis_31136303_44.out:    Running contrast 286/1298
deg_analysis_31136303_44.out:    Running contrast 291/1298
deg_analysis_31136303_44.out:    Running contrast 296/1298
deg_analysis_31136303_44.out:    Running contrast 301/1298
deg_analysis_31136303_44.out:    Running contrast 306/1298
deg_analysis_31136303_44.out:    Running contrast 311/1298
deg_analysis_31136303_44.out:    Running contrast 316/1298
deg_analysis_31136303_44.out:    Running contrast 321/1298
deg_analysis_31136303_44.out:    Running contrast 326/1298
deg_analysis_31136303_44.out:    Running contrast 331/1298
deg_analysis_31136303_44.out:    Running contrast 336/1298
deg_analysis_31136303_44.out:    Running contrast 341/1298
deg_analysis_31136303_44.out:    Running contrast 346/1298
deg_analysis_31136303_44.out:    Running contrast 351/1298
deg_analysis_31136303_44.out:    Running contrast 356/1298
deg_analysis_31136303_44.out:    Running contrast 361/1298
deg_analysis_31136303_44.out:    Running contrast 366/1298
deg_analysis_31136303_44.out:    Running contrast 371/1298
deg_analysis_31136303_44.out:    Running contrast 376/1298
deg_analysis_31136303_44.out:    Running contrast 381/1298
deg_analysis_31136303_44.out:    Running contrast 386/1298
deg_analysis_31136303_44.out:    Running contrast 391/1298
deg_analysis_31136303_44.out:    Running contrast 396/1298
deg_analysis_31136303_44.out:    Running contrast 401/1298
deg_analysis_31136303_44.out:    Running contrast 406/1298
deg_analysis_31136303_44.out:    Running contrast 411/1298
deg_analysis_31136303_44.out:    Running contrast 416/1298
deg_analysis_31136303_44.out:    Running contrast 421/1298
deg_analysis_31136303_44.out:    Running contrast 426/1298
deg_analysis_31136303_44.out:    Running contrast 431/1298
deg_analysis_31136303_44.out:    Running contrast 436/1298
deg_analysis_31136303_44.out:    Running contrast 441/1298
deg_analysis_31136303_44.out:    Running contrast 446/1298
deg_analysis_31136303_44.out:    Running contrast 451/1298
deg_analysis_31136303_44.out:    Running contrast 456/1298
deg_analysis_31136303_44.out:    Running contrast 461/1298
deg_analysis_31136303_44.out:    Running contrast 466/1298
deg_analysis_31136303_44.out:    Running contrast 471/1298
deg_analysis_31136303_44.out:    Running contrast 476/1298
deg_analysis_31136303_44.out:    Running contrast 481/1298
deg_analysis_31136303_44.out:    Running contrast 486/1298
deg_analysis_31136303_44.out:    Running contrast 491/1298
deg_analysis_31136303_44.out:    Running contrast 496/1298
deg_analysis_31136303_44.out:    Running contrast 501/1298
deg_analysis_31136303_44.out:    Running contrast 506/1298
deg_analysis_31136303_44.out:    Running contrast 511/1298
deg_analysis_31136303_44.out:    Running contrast 516/1298
deg_analysis_31136303_44.out:    Running contrast 521/1298
deg_analysis_31136303_44.out:    Running contrast 526/1298
deg_analysis_31136303_44.out:    Running contrast 531/1298
deg_analysis_31136303_44.out:    Running contrast 536/1298
deg_analysis_31136303_44.out:    Running contrast 541/1298
deg_analysis_31136303_44.out:    Running contrast 546/1298
deg_analysis_31136303_44.out:    Running contrast 551/1298
deg_analysis_31136303_44.out:    Running contrast 556/1298
deg_analysis_31136303_44.out:    Running contrast 561/1298
deg_analysis_31136303_44.out:    Running contrast 566/1298
deg_analysis_31136303_44.out:    Running contrast 571/1298
deg_analysis_31136303_44.out:    Running contrast 576/1298
deg_analysis_31136303_44.out:    Running contrast 581/1298
deg_analysis_31136303_44.out:    Running contrast 586/1298
deg_analysis_31136303_44.out:    Running contrast 591/1298
deg_analysis_31136303_44.out:    Running contrast 596/1298
deg_analysis_31136303_44.out:    Running contrast 601/1298
deg_analysis_31136303_44.out:    Running contrast 606/1298
deg_analysis_31136303_44.out:    Running contrast 611/1298
deg_analysis_31136303_44.out:    Running contrast 616/1298
deg_analysis_31136303_44.out:    Running contrast 621/1298
deg_analysis_31136303_44.out:    Running contrast 626/1298
deg_analysis_31136303_44.out:    Running contrast 631/1298
deg_analysis_31136303_44.out:    Running contrast 636/1298
deg_analysis_31136303_44.out:    Running contrast 641/1298
deg_analysis_31136303_44.out:    Running contrast 646/1298
deg_analysis_31136303_44.out:    Running contrast 651/1298
deg_analysis_31136303_44.out:    Running contrast 656/1298
deg_analysis_31136303_44.out:    Running contrast 661/1298
deg_analysis_31136303_44.out:    Running contrast 666/1298
deg_analysis_31136303_44.out:    Running contrast 671/1298
deg_analysis_31136303_44.out:    Running contrast 676/1298
deg_analysis_31136303_44.out:    Running contrast 681/1298
deg_analysis_31136303_44.out:    Running contrast 686/1298
deg_analysis_31136303_44.out:    Running contrast 691/1298
deg_analysis_31136303_44.out:    Running contrast 696/1298
deg_analysis_31136303_44.out:    Running contrast 701/1298
deg_analysis_31136303_44.out:    Running contrast 706/1298
deg_analysis_31136303_44.out:    Running contrast 711/1298
deg_analysis_31136303_44.out:    Running contrast 716/1298
deg_analysis_31136303_44.out:    Running contrast 721/1298
deg_analysis_31136303_44.out:    Running contrast 726/1298
deg_analysis_31136303_44.out:    Running contrast 731/1298
deg_analysis_31136303_44.out:    Running contrast 736/1298
deg_analysis_31136303_44.out:    Running contrast 741/1298
deg_analysis_31136303_44.out:    Running contrast 746/1298
deg_analysis_31136303_44.out:    Running contrast 751/1298
deg_analysis_31136303_44.out:    Running contrast 756/1298
deg_analysis_31136303_44.out:    Running contrast 761/1298
deg_analysis_31136303_44.out:    Running contrast 766/1298
deg_analysis_31136303_44.out:    Running contrast 771/1298
deg_analysis_31136303_44.out:    Running contrast 776/1298
deg_analysis_31136303_44.out:    Running contrast 781/1298
deg_analysis_31136303_44.out:    Running contrast 786/1298
deg_analysis_31136303_44.out:    Running contrast 791/1298
deg_analysis_31136303_44.out:    Running contrast 796/1298
deg_analysis_31136303_44.out:    Running contrast 801/1298
deg_analysis_31136303_44.out:    Running contrast 806/1298
deg_analysis_31136303_44.out:    Running contrast 811/1298
deg_analysis_31136303_44.out:    Running contrast 816/1298
deg_analysis_31136303_44.out:    Running contrast 821/1298
deg_analysis_31136303_44.out:    Running contrast 826/1298
deg_analysis_31136303_44.out:    Running contrast 831/1298
deg_analysis_31136303_44.out:    Running contrast 836/1298
deg_analysis_31136303_44.out:    Running contrast 841/1298
deg_analysis_31136303_44.out:    Running contrast 846/1298
deg_analysis_31136303_44.out:    Running contrast 851/1298
deg_analysis_31136303_44.out:    Running contrast 856/1298
deg_analysis_31136303_44.out:    Running contrast 861/1298
deg_analysis_31136303_44.out:    Running contrast 866/1298
deg_analysis_31136303_44.out:    Running contrast 871/1298
deg_analysis_31136303_44.out:    Running contrast 876/1298
deg_analysis_31136303_44.out:    Running contrast 881/1298
deg_analysis_31136303_44.out:    Running contrast 886/1298
deg_analysis_31136303_44.out:    Running contrast 891/1298
deg_analysis_31136303_44.out:    Running contrast 896/1298
deg_analysis_31136303_44.out:    Running contrast 901/1298
deg_analysis_31136303_44.out:    Running contrast 906/1298
deg_analysis_31136303_44.out:    Running contrast 911/1298
deg_analysis_31136303_44.out:    Running contrast 916/1298
deg_analysis_31136303_44.out:    Running contrast 921/1298
deg_analysis_31136303_44.out:    Running contrast 926/1298
deg_analysis_31136303_44.out:    Running contrast 931/1298
deg_analysis_31136303_44.out:    Running contrast 936/1298
deg_analysis_31136303_44.out:    Running contrast 941/1298
deg_analysis_31136303_44.out:    Running contrast 946/1298
deg_analysis_31136303_44.out:    Running contrast 951/1298
deg_analysis_31136303_44.out:    Running contrast 956/1298
deg_analysis_31136303_44.out:    Running contrast 961/1298
deg_analysis_31136303_44.out:    Running contrast 966/1298
deg_analysis_31136303_44.out:    Running contrast 971/1298
deg_analysis_31136303_44.out:    Running contrast 976/1298
deg_analysis_31136303_44.out:    Running contrast 981/1298
deg_analysis_31136303_44.out:    Running contrast 986/1298
deg_analysis_31136303_44.out:    Running contrast 991/1298
deg_analysis_31136303_44.out:    Running contrast 996/1298
deg_analysis_31136303_44.out:    Running contrast 1001/1298
deg_analysis_31136303_44.out:    Running contrast 1006/1298
deg_analysis_31136303_44.out:    Running contrast 1011/1298
deg_analysis_31136303_44.out:    Running contrast 1016/1298
deg_analysis_31136303_44.out:    Running contrast 1021/1298
deg_analysis_31136303_44.out:    Running contrast 1026/1298
deg_analysis_31136303_44.out:    Running contrast 1031/1298
deg_analysis_31136303_44.out:    Running contrast 1036/1298
deg_analysis_31136303_44.out:    Running contrast 1041/1298
deg_analysis_31136303_44.out:    Running contrast 1046/1298
deg_analysis_31136303_44.out:    Running contrast 1051/1298
deg_analysis_31136303_44.out:    Running contrast 1056/1298
deg_analysis_31136303_44.out:    Running contrast 1061/1298
deg_analysis_31136303_44.out:    Running contrast 1066/1298
deg_analysis_31136303_44.out:    Running contrast 1071/1298
deg_analysis_31136303_44.out:    Running contrast 1076/1298
deg_analysis_31136303_44.out:    Running contrast 1081/1298
deg_analysis_31136303_44.out:    Running contrast 1086/1298
deg_analysis_31136303_44.out:    Running contrast 1091/1298
deg_analysis_31136303_44.out:    Running contrast 1096/1298
deg_analysis_31136303_44.out:    Running contrast 1101/1298
deg_analysis_31136303_44.out:    Running contrast 1106/1298
deg_analysis_31136303_44.out:    Running contrast 1111/1298
deg_analysis_31136303_44.out:    Running contrast 1116/1298
deg_analysis_31136303_44.out:    Running contrast 1121/1298
deg_analysis_31136303_44.out:    Running contrast 1126/1298
deg_analysis_31136303_44.out:    Running contrast 1131/1298
deg_analysis_31136303_44.out:    Running contrast 1136/1298
deg_analysis_31136303_44.out:    Running contrast 1141/1298
deg_analysis_31136303_44.out:    Running contrast 1146/1298
deg_analysis_31136303_44.out:    Running contrast 1151/1298
deg_analysis_31136303_44.out:    Running contrast 1156/1298
deg_analysis_31136303_44.out:    Running contrast 1161/1298
deg_analysis_31136303_44.out:    Running contrast 1166/1298
deg_analysis_31136303_44.out:    Running contrast 1171/1298
deg_analysis_31136303_44.out:    Running contrast 1176/1298
deg_analysis_31136303_44.out:    Running contrast 1181/1298
deg_analysis_31136303_44.out:    Running contrast 1186/1298
deg_analysis_31136303_44.out:    Running contrast 1191/1298
deg_analysis_31136303_44.out:    Running contrast 1196/1298
deg_analysis_31136303_44.out:    Running contrast 1201/1298
deg_analysis_31136303_44.out:    Running contrast 1206/1298
deg_analysis_31136303_44.out:    Running contrast 1211/1298
deg_analysis_31136303_44.out:    Running contrast 1216/1298
deg_analysis_31136303_44.out:    Running contrast 1221/1298
deg_analysis_31136303_44.out:    Running contrast 1226/1298
deg_analysis_31136303_44.out:    Running contrast 1231/1298
deg_analysis_31136303_44.out:    Running contrast 1236/1298
deg_analysis_31136303_44.out:    Running contrast 1241/1298
deg_analysis_31136303_44.out:    Running contrast 1246/1298
deg_analysis_31136303_44.out:    Running contrast 1251/1298
deg_analysis_31136303_44.out:    Running contrast 1256/1298
deg_analysis_31136303_44.out:    Running contrast 1261/1298
deg_analysis_31136303_44.out:    Running contrast 1266/1298
deg_analysis_31136303_44.out:    Running contrast 1271/1298
deg_analysis_31136303_44.out:    Running contrast 1276/1298
deg_analysis_31136303_44.out:    Running contrast 1281/1298
deg_analysis_31136303_44.out:    Running contrast 1286/1298
deg_analysis_31136303_44.out:    Running contrast 1291/1298
deg_analysis_31136303_44.out:    Running contrast 1296/1298
deg_analysis_31136303_44.out:    Running contrast 1298/1298
deg_analysis_31136303_44.out:
deg_analysis_31136303_44.out:    Writing:  ./data/tahoe/deg_data/sep_rep/full/qc_false/filter_min_cells_10/CVCL_1715_de.h5ad 
deg_analysis_31136303_44.out:
deg_analysis_31136303_44.out:    Rewriting h5ad file: ./data/tahoe/deg_data/sep_rep/full/qc_false/filter_min_cells_10/CVCL_1715_de.h5ad 
deg_analysis_31136303_44.out:    Removed X matrix
deg_analysis_31136303_44.out:    Rewriting h5ad file is done!
deg_analysis_31136303_44.out:✓ Cell line completed in 5060.2 seconds
deg_analysis_31136303_44.out:
deg_analysis_31136303_44.out:DE analysis completed!
deg_analysis_31136303_44.out:
deg_analysis_31136303_44.out:Total runtime: 5072.4 seconds
deg_analysis_31136303_45.out:
deg_analysis_31136303_45.out:DE analysis started...
deg_analysis_31136303_45.out:Loaded input file:  ./data/tahoe/pseudobulk_processed/sep_rep/by_celltype/CVCL_1716_processed.h5ad 
deg_analysis_31136303_45.out:Initial dimensions:  1333  samples ×  62710  genes
deg_analysis_31136303_45.out:Filter samples with the low number of cells
deg_analysis_31136303_45.out:    Filter threshold (min_cells):  10 
deg_analysis_31136303_45.out:    n_obs:  1333 -->  1328 
deg_analysis_31136303_45.out:
deg_analysis_31136303_45.out:▶︎ Processing cell_type  1 / 1 :  CVCL_1716 
deg_analysis_31136303_45.out:    Filter controls by  pert_time_h  column
deg_analysis_31136303_45.out:        n_obs:  1328 -->  1328 
deg_analysis_31136303_45.out:
deg_analysis_31136303_45.out:    Running contrast 1/1300
deg_analysis_31136303_45.out:    Running contrast 6/1300
deg_analysis_31136303_45.out:    Running contrast 11/1300
deg_analysis_31136303_45.out:    Running contrast 16/1300
deg_analysis_31136303_45.out:    Running contrast 21/1300
deg_analysis_31136303_45.out:    Running contrast 26/1300
deg_analysis_31136303_45.out:    Running contrast 31/1300
deg_analysis_31136303_45.out:    Running contrast 36/1300
deg_analysis_31136303_45.out:    Running contrast 41/1300
deg_analysis_31136303_45.out:    Running contrast 46/1300
deg_analysis_31136303_45.out:    Running contrast 51/1300
deg_analysis_31136303_45.out:    Running contrast 56/1300
deg_analysis_31136303_45.out:    Running contrast 61/1300
deg_analysis_31136303_45.out:    Running contrast 66/1300
deg_analysis_31136303_45.out:    Running contrast 71/1300
deg_analysis_31136303_45.out:    Running contrast 76/1300
deg_analysis_31136303_45.out:    Running contrast 81/1300
deg_analysis_31136303_45.out:    Running contrast 86/1300
deg_analysis_31136303_45.out:    Running contrast 91/1300
deg_analysis_31136303_45.out:    Running contrast 96/1300
deg_analysis_31136303_45.out:    Running contrast 101/1300
deg_analysis_31136303_45.out:    Running contrast 106/1300
deg_analysis_31136303_45.out:    Running contrast 111/1300
deg_analysis_31136303_45.out:    Running contrast 116/1300
deg_analysis_31136303_45.out:    Running contrast 121/1300
deg_analysis_31136303_45.out:    Running contrast 126/1300
deg_analysis_31136303_45.out:    Running contrast 131/1300
deg_analysis_31136303_45.out:    Running contrast 136/1300
deg_analysis_31136303_45.out:    Running contrast 141/1300
deg_analysis_31136303_45.out:    Running contrast 146/1300
deg_analysis_31136303_45.out:    Running contrast 151/1300
deg_analysis_31136303_45.out:    Running contrast 156/1300
deg_analysis_31136303_45.out:    Running contrast 161/1300
deg_analysis_31136303_45.out:    Running contrast 166/1300
deg_analysis_31136303_45.out:    Running contrast 171/1300
deg_analysis_31136303_45.out:    Running contrast 176/1300
deg_analysis_31136303_45.out:    Running contrast 181/1300
deg_analysis_31136303_45.out:    Running contrast 186/1300
deg_analysis_31136303_45.out:    Running contrast 191/1300
deg_analysis_31136303_45.out:    Running contrast 196/1300
deg_analysis_31136303_45.out:    Running contrast 201/1300
deg_analysis_31136303_45.out:    Running contrast 206/1300
deg_analysis_31136303_45.out:    Running contrast 211/1300
deg_analysis_31136303_45.out:    Running contrast 216/1300
deg_analysis_31136303_45.out:    Running contrast 221/1300
deg_analysis_31136303_45.out:    Running contrast 226/1300
deg_analysis_31136303_45.out:    Running contrast 231/1300
deg_analysis_31136303_45.out:    Running contrast 236/1300
deg_analysis_31136303_45.out:    Running contrast 241/1300
deg_analysis_31136303_45.out:    Running contrast 246/1300
deg_analysis_31136303_45.out:    Running contrast 251/1300
deg_analysis_31136303_45.out:    Running contrast 256/1300
deg_analysis_31136303_45.out:    Running contrast 261/1300
deg_analysis_31136303_45.out:    Running contrast 266/1300
deg_analysis_31136303_45.out:    Running contrast 271/1300
deg_analysis_31136303_45.out:    Running contrast 276/1300
deg_analysis_31136303_45.out:    Running contrast 281/1300
deg_analysis_31136303_45.out:    Running contrast 286/1300
deg_analysis_31136303_45.out:    Running contrast 291/1300
deg_analysis_31136303_45.out:    Running contrast 296/1300
deg_analysis_31136303_45.out:    Running contrast 301/1300
deg_analysis_31136303_45.out:    Running contrast 306/1300
deg_analysis_31136303_45.out:    Running contrast 311/1300
deg_analysis_31136303_45.out:    Running contrast 316/1300
deg_analysis_31136303_45.out:    Running contrast 321/1300
deg_analysis_31136303_45.out:    Running contrast 326/1300
deg_analysis_31136303_45.out:    Running contrast 331/1300
deg_analysis_31136303_45.out:    Running contrast 336/1300
deg_analysis_31136303_45.out:    Running contrast 341/1300
deg_analysis_31136303_45.out:    Running contrast 346/1300
deg_analysis_31136303_45.out:    Running contrast 351/1300
deg_analysis_31136303_45.out:    Running contrast 356/1300
deg_analysis_31136303_45.out:    Running contrast 361/1300
deg_analysis_31136303_45.out:    Running contrast 366/1300
deg_analysis_31136303_45.out:    Running contrast 371/1300
deg_analysis_31136303_45.out:    Running contrast 376/1300
deg_analysis_31136303_45.out:    Running contrast 381/1300
deg_analysis_31136303_45.out:    Running contrast 386/1300
deg_analysis_31136303_45.out:    Running contrast 391/1300
deg_analysis_31136303_45.out:    Running contrast 396/1300
deg_analysis_31136303_45.out:    Running contrast 401/1300
deg_analysis_31136303_45.out:    Running contrast 406/1300
deg_analysis_31136303_45.out:    Running contrast 411/1300
deg_analysis_31136303_45.out:    Running contrast 416/1300
deg_analysis_31136303_45.out:    Running contrast 421/1300
deg_analysis_31136303_45.out:    Running contrast 426/1300
deg_analysis_31136303_45.out:    Running contrast 431/1300
deg_analysis_31136303_45.out:    Running contrast 436/1300
deg_analysis_31136303_45.out:    Running contrast 441/1300
deg_analysis_31136303_45.out:    Running contrast 446/1300
deg_analysis_31136303_45.out:    Running contrast 451/1300
deg_analysis_31136303_45.out:    Running contrast 456/1300
deg_analysis_31136303_45.out:    Running contrast 461/1300
deg_analysis_31136303_45.out:    Running contrast 466/1300
deg_analysis_31136303_45.out:    Running contrast 471/1300
deg_analysis_31136303_45.out:    Running contrast 476/1300
deg_analysis_31136303_45.out:    Running contrast 481/1300
deg_analysis_31136303_45.out:    Running contrast 486/1300
deg_analysis_31136303_45.out:    Running contrast 491/1300
deg_analysis_31136303_45.out:    Running contrast 496/1300
deg_analysis_31136303_45.out:    Running contrast 501/1300
deg_analysis_31136303_45.out:    Running contrast 506/1300
deg_analysis_31136303_45.out:    Running contrast 511/1300
deg_analysis_31136303_45.out:    Running contrast 516/1300
deg_analysis_31136303_45.out:    Running contrast 521/1300
deg_analysis_31136303_45.out:    Running contrast 526/1300
deg_analysis_31136303_45.out:    Running contrast 531/1300
deg_analysis_31136303_45.out:    Running contrast 536/1300
deg_analysis_31136303_45.out:    Running contrast 541/1300
deg_analysis_31136303_45.out:    Running contrast 546/1300
deg_analysis_31136303_45.out:    Running contrast 551/1300
deg_analysis_31136303_45.out:    Running contrast 556/1300
deg_analysis_31136303_45.out:    Running contrast 561/1300
deg_analysis_31136303_45.out:    Running contrast 566/1300
deg_analysis_31136303_45.out:    Running contrast 571/1300
deg_analysis_31136303_45.out:    Running contrast 576/1300
deg_analysis_31136303_45.out:    Running contrast 581/1300
deg_analysis_31136303_45.out:    Running contrast 586/1300
deg_analysis_31136303_45.out:    Running contrast 591/1300
deg_analysis_31136303_45.out:    Running contrast 596/1300
deg_analysis_31136303_45.out:    Running contrast 601/1300
deg_analysis_31136303_45.out:    Running contrast 606/1300
deg_analysis_31136303_45.out:    Running contrast 611/1300
deg_analysis_31136303_45.out:    Running contrast 616/1300
deg_analysis_31136303_45.out:    Running contrast 621/1300
deg_analysis_31136303_45.out:    Running contrast 626/1300
deg_analysis_31136303_45.out:    Running contrast 631/1300
deg_analysis_31136303_45.out:    Running contrast 636/1300
deg_analysis_31136303_45.out:    Running contrast 641/1300
deg_analysis_31136303_45.out:    Running contrast 646/1300
deg_analysis_31136303_45.out:    Running contrast 651/1300
deg_analysis_31136303_45.out:    Running contrast 656/1300
deg_analysis_31136303_45.out:    Running contrast 661/1300
deg_analysis_31136303_45.out:    Running contrast 666/1300
deg_analysis_31136303_45.out:    Running contrast 671/1300
deg_analysis_31136303_45.out:    Running contrast 676/1300
deg_analysis_31136303_45.out:    Running contrast 681/1300
deg_analysis_31136303_45.out:    Running contrast 686/1300
deg_analysis_31136303_45.out:    Running contrast 691/1300
deg_analysis_31136303_45.out:    Running contrast 696/1300
deg_analysis_31136303_45.out:    Running contrast 701/1300
deg_analysis_31136303_45.out:    Running contrast 706/1300
deg_analysis_31136303_45.out:    Running contrast 711/1300
deg_analysis_31136303_45.out:    Running contrast 716/1300
deg_analysis_31136303_45.out:    Running contrast 721/1300
deg_analysis_31136303_45.out:    Running contrast 726/1300
deg_analysis_31136303_45.out:    Running contrast 731/1300
deg_analysis_31136303_45.out:    Running contrast 736/1300
deg_analysis_31136303_45.out:    Running contrast 741/1300
deg_analysis_31136303_45.out:    Running contrast 746/1300
deg_analysis_31136303_45.out:    Running contrast 751/1300
deg_analysis_31136303_45.out:    Running contrast 756/1300
deg_analysis_31136303_45.out:    Running contrast 761/1300
deg_analysis_31136303_45.out:    Running contrast 766/1300
deg_analysis_31136303_45.out:    Running contrast 771/1300
deg_analysis_31136303_45.out:    Running contrast 776/1300
deg_analysis_31136303_45.out:    Running contrast 781/1300
deg_analysis_31136303_45.out:    Running contrast 786/1300
deg_analysis_31136303_45.out:    Running contrast 791/1300
deg_analysis_31136303_45.out:    Running contrast 796/1300
deg_analysis_31136303_45.out:    Running contrast 801/1300
deg_analysis_31136303_45.out:    Running contrast 806/1300
deg_analysis_31136303_45.out:    Running contrast 811/1300
deg_analysis_31136303_45.out:    Running contrast 816/1300
deg_analysis_31136303_45.out:    Running contrast 821/1300
deg_analysis_31136303_45.out:    Running contrast 826/1300
deg_analysis_31136303_45.out:    Running contrast 831/1300
deg_analysis_31136303_45.out:    Running contrast 836/1300
deg_analysis_31136303_45.out:    Running contrast 841/1300
deg_analysis_31136303_45.out:    Running contrast 846/1300
deg_analysis_31136303_45.out:    Running contrast 851/1300
deg_analysis_31136303_45.out:    Running contrast 856/1300
deg_analysis_31136303_45.out:    Running contrast 861/1300
deg_analysis_31136303_45.out:    Running contrast 866/1300
deg_analysis_31136303_45.out:    Running contrast 871/1300
deg_analysis_31136303_45.out:    Running contrast 876/1300
deg_analysis_31136303_45.out:    Running contrast 881/1300
deg_analysis_31136303_45.out:    Running contrast 886/1300
deg_analysis_31136303_45.out:    Running contrast 891/1300
deg_analysis_31136303_45.out:    Running contrast 896/1300
deg_analysis_31136303_45.out:    Running contrast 901/1300
deg_analysis_31136303_45.out:    Running contrast 906/1300
deg_analysis_31136303_45.out:    Running contrast 911/1300
deg_analysis_31136303_45.out:    Running contrast 916/1300
deg_analysis_31136303_45.out:    Running contrast 921/1300
deg_analysis_31136303_45.out:    Running contrast 926/1300
deg_analysis_31136303_45.out:    Running contrast 931/1300
deg_analysis_31136303_45.out:    Running contrast 936/1300
deg_analysis_31136303_45.out:    Running contrast 941/1300
deg_analysis_31136303_45.out:    Running contrast 946/1300
deg_analysis_31136303_45.out:    Running contrast 951/1300
deg_analysis_31136303_45.out:    Running contrast 956/1300
deg_analysis_31136303_45.out:    Running contrast 961/1300
deg_analysis_31136303_45.out:    Running contrast 966/1300
deg_analysis_31136303_45.out:    Running contrast 971/1300
deg_analysis_31136303_45.out:    Running contrast 976/1300
deg_analysis_31136303_45.out:    Running contrast 981/1300
deg_analysis_31136303_45.out:    Running contrast 986/1300
deg_analysis_31136303_45.out:    Running contrast 991/1300
deg_analysis_31136303_45.out:    Running contrast 996/1300
deg_analysis_31136303_45.out:    Running contrast 1001/1300
deg_analysis_31136303_45.out:    Running contrast 1006/1300
deg_analysis_31136303_45.out:    Running contrast 1011/1300
deg_analysis_31136303_45.out:    Running contrast 1016/1300
deg_analysis_31136303_45.out:    Running contrast 1021/1300
deg_analysis_31136303_45.out:    Running contrast 1026/1300
deg_analysis_31136303_45.out:    Running contrast 1031/1300
deg_analysis_31136303_45.out:    Running contrast 1036/1300
deg_analysis_31136303_45.out:    Running contrast 1041/1300
deg_analysis_31136303_45.out:    Running contrast 1046/1300
deg_analysis_31136303_45.out:    Running contrast 1051/1300
deg_analysis_31136303_45.out:    Running contrast 1056/1300
deg_analysis_31136303_45.out:    Running contrast 1061/1300
deg_analysis_31136303_45.out:    Running contrast 1066/1300
deg_analysis_31136303_45.out:    Running contrast 1071/1300
deg_analysis_31136303_45.out:    Running contrast 1076/1300
deg_analysis_31136303_45.out:    Running contrast 1081/1300
deg_analysis_31136303_45.out:    Running contrast 1086/1300
deg_analysis_31136303_45.out:    Running contrast 1091/1300
deg_analysis_31136303_45.out:    Running contrast 1096/1300
deg_analysis_31136303_45.out:    Running contrast 1101/1300
deg_analysis_31136303_45.out:    Running contrast 1106/1300
deg_analysis_31136303_45.out:    Running contrast 1111/1300
deg_analysis_31136303_45.out:    Running contrast 1116/1300
deg_analysis_31136303_45.out:    Running contrast 1121/1300
deg_analysis_31136303_45.out:    Running contrast 1126/1300
deg_analysis_31136303_45.out:    Running contrast 1131/1300
deg_analysis_31136303_45.out:    Running contrast 1136/1300
deg_analysis_31136303_45.out:    Running contrast 1141/1300
deg_analysis_31136303_45.out:    Running contrast 1146/1300
deg_analysis_31136303_45.out:    Running contrast 1151/1300
deg_analysis_31136303_45.out:    Running contrast 1156/1300
deg_analysis_31136303_45.out:    Running contrast 1161/1300
deg_analysis_31136303_45.out:    Running contrast 1166/1300
deg_analysis_31136303_45.out:    Running contrast 1171/1300
deg_analysis_31136303_45.out:    Running contrast 1176/1300
deg_analysis_31136303_45.out:    Running contrast 1181/1300
deg_analysis_31136303_45.out:    Running contrast 1186/1300
deg_analysis_31136303_45.out:    Running contrast 1191/1300
deg_analysis_31136303_45.out:    Running contrast 1196/1300
deg_analysis_31136303_45.out:    Running contrast 1201/1300
deg_analysis_31136303_45.out:    Running contrast 1206/1300
deg_analysis_31136303_45.out:    Running contrast 1211/1300
deg_analysis_31136303_45.out:    Running contrast 1216/1300
deg_analysis_31136303_45.out:    Running contrast 1221/1300
deg_analysis_31136303_45.out:    Running contrast 1226/1300
deg_analysis_31136303_45.out:    Running contrast 1231/1300
deg_analysis_31136303_45.out:    Running contrast 1236/1300
deg_analysis_31136303_45.out:    Running contrast 1241/1300
deg_analysis_31136303_45.out:    Running contrast 1246/1300
deg_analysis_31136303_45.out:    Running contrast 1251/1300
deg_analysis_31136303_45.out:    Running contrast 1256/1300
deg_analysis_31136303_45.out:    Running contrast 1261/1300
deg_analysis_31136303_45.out:    Running contrast 1266/1300
deg_analysis_31136303_45.out:    Running contrast 1271/1300
deg_analysis_31136303_45.out:    Running contrast 1276/1300
deg_analysis_31136303_45.out:    Running contrast 1281/1300
deg_analysis_31136303_45.out:    Running contrast 1286/1300
deg_analysis_31136303_45.out:    Running contrast 1291/1300
deg_analysis_31136303_45.out:    Running contrast 1296/1300
deg_analysis_31136303_45.out:    Running contrast 1300/1300
deg_analysis_31136303_45.out:
deg_analysis_31136303_45.out:    Writing:  ./data/tahoe/deg_data/sep_rep/full/qc_false/filter_min_cells_10/CVCL_1716_de.h5ad 
deg_analysis_31136303_45.out:
deg_analysis_31136303_45.out:    Rewriting h5ad file: ./data/tahoe/deg_data/sep_rep/full/qc_false/filter_min_cells_10/CVCL_1716_de.h5ad 
deg_analysis_31136303_45.out:    Removed X matrix
deg_analysis_31136303_45.out:    Rewriting h5ad file is done!
deg_analysis_31136303_45.out:✓ Cell line completed in 6803.4 seconds
deg_analysis_31136303_45.out:
deg_analysis_31136303_45.out:DE analysis completed!
deg_analysis_31136303_45.out:
deg_analysis_31136303_45.out:Total runtime: 6814.0 seconds
deg_analysis_31136303_45.err:Warning message:
deg_analysis_31136303_45.err:Partial NA coefficients for 2 probe(s) 
deg_analysis_31136303_46.out:
deg_analysis_31136303_46.out:DE analysis started...
deg_analysis_31136303_46.out:Loaded input file:  ./data/tahoe/pseudobulk_processed/sep_rep/by_celltype/CVCL_1717_processed.h5ad 
deg_analysis_31136303_46.out:Initial dimensions:  1340  samples ×  62710  genes
deg_analysis_31136303_46.out:Filter samples with the low number of cells
deg_analysis_31136303_46.out:    Filter threshold (min_cells):  10 
deg_analysis_31136303_46.out:    n_obs:  1340 -->  1334 
deg_analysis_31136303_46.out:
deg_analysis_31136303_46.out:▶︎ Processing cell_type  1 / 1 :  CVCL_1717 
deg_analysis_31136303_46.out:    Filter controls by  pert_time_h  column
deg_analysis_31136303_46.out:        n_obs:  1334 -->  1334 
deg_analysis_31136303_46.out:
deg_analysis_31136303_46.out:    Running contrast 1/1306
deg_analysis_31136303_46.out:    Running contrast 6/1306
deg_analysis_31136303_46.out:    Running contrast 11/1306
deg_analysis_31136303_46.out:    Running contrast 16/1306
deg_analysis_31136303_46.out:    Running contrast 21/1306
deg_analysis_31136303_46.out:    Running contrast 26/1306
deg_analysis_31136303_46.out:    Running contrast 31/1306
deg_analysis_31136303_46.out:    Running contrast 36/1306
deg_analysis_31136303_46.out:    Running contrast 41/1306
deg_analysis_31136303_46.out:    Running contrast 46/1306
deg_analysis_31136303_46.out:    Running contrast 51/1306
deg_analysis_31136303_46.out:    Running contrast 56/1306
deg_analysis_31136303_46.out:    Running contrast 61/1306
deg_analysis_31136303_46.out:    Running contrast 66/1306
deg_analysis_31136303_46.out:    Running contrast 71/1306
deg_analysis_31136303_46.out:    Running contrast 76/1306
deg_analysis_31136303_46.out:    Running contrast 81/1306
deg_analysis_31136303_46.out:    Running contrast 86/1306
deg_analysis_31136303_46.out:    Running contrast 91/1306
deg_analysis_31136303_46.out:    Running contrast 96/1306
deg_analysis_31136303_46.out:    Running contrast 101/1306
deg_analysis_31136303_46.out:    Running contrast 106/1306
deg_analysis_31136303_46.out:    Running contrast 111/1306
deg_analysis_31136303_46.out:    Running contrast 116/1306
deg_analysis_31136303_46.out:    Running contrast 121/1306
deg_analysis_31136303_46.out:    Running contrast 126/1306
deg_analysis_31136303_46.out:    Running contrast 131/1306
deg_analysis_31136303_46.out:    Running contrast 136/1306
deg_analysis_31136303_46.out:    Running contrast 141/1306
deg_analysis_31136303_46.out:    Running contrast 146/1306
deg_analysis_31136303_46.out:    Running contrast 151/1306
deg_analysis_31136303_46.out:    Running contrast 156/1306
deg_analysis_31136303_46.out:    Running contrast 161/1306
deg_analysis_31136303_46.out:    Running contrast 166/1306
deg_analysis_31136303_46.out:    Running contrast 171/1306
deg_analysis_31136303_46.out:    Running contrast 176/1306
deg_analysis_31136303_46.out:    Running contrast 181/1306
deg_analysis_31136303_46.out:    Running contrast 186/1306
deg_analysis_31136303_46.out:    Running contrast 191/1306
deg_analysis_31136303_46.out:    Running contrast 196/1306
deg_analysis_31136303_46.out:    Running contrast 201/1306
deg_analysis_31136303_46.out:    Running contrast 206/1306
deg_analysis_31136303_46.out:    Running contrast 211/1306
deg_analysis_31136303_46.out:    Running contrast 216/1306
deg_analysis_31136303_46.out:    Running contrast 221/1306
deg_analysis_31136303_46.out:    Running contrast 226/1306
deg_analysis_31136303_46.out:    Running contrast 231/1306
deg_analysis_31136303_46.out:    Running contrast 236/1306
deg_analysis_31136303_46.out:    Running contrast 241/1306
deg_analysis_31136303_46.out:    Running contrast 246/1306
deg_analysis_31136303_46.out:    Running contrast 251/1306
deg_analysis_31136303_46.out:    Running contrast 256/1306
deg_analysis_31136303_46.out:    Running contrast 261/1306
deg_analysis_31136303_46.out:    Running contrast 266/1306
deg_analysis_31136303_46.out:    Running contrast 271/1306
deg_analysis_31136303_46.out:    Running contrast 276/1306
deg_analysis_31136303_46.out:    Running contrast 281/1306
deg_analysis_31136303_46.out:    Running contrast 286/1306
deg_analysis_31136303_46.out:    Running contrast 291/1306
deg_analysis_31136303_46.out:    Running contrast 296/1306
deg_analysis_31136303_46.out:    Running contrast 301/1306
deg_analysis_31136303_46.out:    Running contrast 306/1306
deg_analysis_31136303_46.out:    Running contrast 311/1306
deg_analysis_31136303_46.out:    Running contrast 316/1306
deg_analysis_31136303_46.out:    Running contrast 321/1306
deg_analysis_31136303_46.out:    Running contrast 326/1306
deg_analysis_31136303_46.out:    Running contrast 331/1306
deg_analysis_31136303_46.out:    Running contrast 336/1306
deg_analysis_31136303_46.out:    Running contrast 341/1306
deg_analysis_31136303_46.out:    Running contrast 346/1306
deg_analysis_31136303_46.out:    Running contrast 351/1306
deg_analysis_31136303_46.out:    Running contrast 356/1306
deg_analysis_31136303_46.out:    Running contrast 361/1306
deg_analysis_31136303_46.out:    Running contrast 366/1306
deg_analysis_31136303_46.out:    Running contrast 371/1306
deg_analysis_31136303_46.out:    Running contrast 376/1306
deg_analysis_31136303_46.out:    Running contrast 381/1306
deg_analysis_31136303_46.out:    Running contrast 386/1306
deg_analysis_31136303_46.out:    Running contrast 391/1306
deg_analysis_31136303_46.out:    Running contrast 396/1306
deg_analysis_31136303_46.out:    Running contrast 401/1306
deg_analysis_31136303_46.out:    Running contrast 406/1306
deg_analysis_31136303_46.out:    Running contrast 411/1306
deg_analysis_31136303_46.out:    Running contrast 416/1306
deg_analysis_31136303_46.out:    Running contrast 421/1306
deg_analysis_31136303_46.out:    Running contrast 426/1306
deg_analysis_31136303_46.out:    Running contrast 431/1306
deg_analysis_31136303_46.out:    Running contrast 436/1306
deg_analysis_31136303_46.out:    Running contrast 441/1306
deg_analysis_31136303_46.out:    Running contrast 446/1306
deg_analysis_31136303_46.out:    Running contrast 451/1306
deg_analysis_31136303_46.out:    Running contrast 456/1306
deg_analysis_31136303_46.out:    Running contrast 461/1306
deg_analysis_31136303_46.out:    Running contrast 466/1306
deg_analysis_31136303_46.out:    Running contrast 471/1306
deg_analysis_31136303_46.out:    Running contrast 476/1306
deg_analysis_31136303_46.out:    Running contrast 481/1306
deg_analysis_31136303_46.out:    Running contrast 486/1306
deg_analysis_31136303_46.out:    Running contrast 491/1306
deg_analysis_31136303_46.out:    Running contrast 496/1306
deg_analysis_31136303_46.out:    Running contrast 501/1306
deg_analysis_31136303_46.out:    Running contrast 506/1306
deg_analysis_31136303_46.out:    Running contrast 511/1306
deg_analysis_31136303_46.out:    Running contrast 516/1306
deg_analysis_31136303_46.out:    Running contrast 521/1306
deg_analysis_31136303_46.out:    Running contrast 526/1306
deg_analysis_31136303_46.out:    Running contrast 531/1306
deg_analysis_31136303_46.out:    Running contrast 536/1306
deg_analysis_31136303_46.out:    Running contrast 541/1306
deg_analysis_31136303_46.out:    Running contrast 546/1306
deg_analysis_31136303_46.out:    Running contrast 551/1306
deg_analysis_31136303_46.out:    Running contrast 556/1306
deg_analysis_31136303_46.out:    Running contrast 561/1306
deg_analysis_31136303_46.out:    Running contrast 566/1306
deg_analysis_31136303_46.out:    Running contrast 571/1306
deg_analysis_31136303_46.out:    Running contrast 576/1306
deg_analysis_31136303_46.out:    Running contrast 581/1306
deg_analysis_31136303_46.out:    Running contrast 586/1306
deg_analysis_31136303_46.out:    Running contrast 591/1306
deg_analysis_31136303_46.out:    Running contrast 596/1306
deg_analysis_31136303_46.out:    Running contrast 601/1306
deg_analysis_31136303_46.out:    Running contrast 606/1306
deg_analysis_31136303_46.out:    Running contrast 611/1306
deg_analysis_31136303_46.out:    Running contrast 616/1306
deg_analysis_31136303_46.out:    Running contrast 621/1306
deg_analysis_31136303_46.out:    Running contrast 626/1306
deg_analysis_31136303_46.out:    Running contrast 631/1306
deg_analysis_31136303_46.out:    Running contrast 636/1306
deg_analysis_31136303_46.out:    Running contrast 641/1306
deg_analysis_31136303_46.out:    Running contrast 646/1306
deg_analysis_31136303_46.out:    Running contrast 651/1306
deg_analysis_31136303_46.out:    Running contrast 656/1306
deg_analysis_31136303_46.out:    Running contrast 661/1306
deg_analysis_31136303_46.out:    Running contrast 666/1306
deg_analysis_31136303_46.out:    Running contrast 671/1306
deg_analysis_31136303_46.out:    Running contrast 676/1306
deg_analysis_31136303_46.out:    Running contrast 681/1306
deg_analysis_31136303_46.out:    Running contrast 686/1306
deg_analysis_31136303_46.out:    Running contrast 691/1306
deg_analysis_31136303_46.out:    Running contrast 696/1306
deg_analysis_31136303_46.out:    Running contrast 701/1306
deg_analysis_31136303_46.out:    Running contrast 706/1306
deg_analysis_31136303_46.out:    Running contrast 711/1306
deg_analysis_31136303_46.out:    Running contrast 716/1306
deg_analysis_31136303_46.out:    Running contrast 721/1306
deg_analysis_31136303_46.out:    Running contrast 726/1306
deg_analysis_31136303_46.out:    Running contrast 731/1306
deg_analysis_31136303_46.out:    Running contrast 736/1306
deg_analysis_31136303_46.out:    Running contrast 741/1306
deg_analysis_31136303_46.out:    Running contrast 746/1306
deg_analysis_31136303_46.out:    Running contrast 751/1306
deg_analysis_31136303_46.out:    Running contrast 756/1306
deg_analysis_31136303_46.out:    Running contrast 761/1306
deg_analysis_31136303_46.out:    Running contrast 766/1306
deg_analysis_31136303_46.out:    Running contrast 771/1306
deg_analysis_31136303_46.out:    Running contrast 776/1306
deg_analysis_31136303_46.out:    Running contrast 781/1306
deg_analysis_31136303_46.out:    Running contrast 786/1306
deg_analysis_31136303_46.out:    Running contrast 791/1306
deg_analysis_31136303_46.out:    Running contrast 796/1306
deg_analysis_31136303_46.out:    Running contrast 801/1306
deg_analysis_31136303_46.out:    Running contrast 806/1306
deg_analysis_31136303_46.out:    Running contrast 811/1306
deg_analysis_31136303_46.out:    Running contrast 816/1306
deg_analysis_31136303_46.out:    Running contrast 821/1306
deg_analysis_31136303_46.out:    Running contrast 826/1306
deg_analysis_31136303_46.out:    Running contrast 831/1306
deg_analysis_31136303_46.out:    Running contrast 836/1306
deg_analysis_31136303_46.out:    Running contrast 841/1306
deg_analysis_31136303_46.out:    Running contrast 846/1306
deg_analysis_31136303_46.out:    Running contrast 851/1306
deg_analysis_31136303_46.out:    Running contrast 856/1306
deg_analysis_31136303_46.out:    Running contrast 861/1306
deg_analysis_31136303_46.out:    Running contrast 866/1306
deg_analysis_31136303_46.out:    Running contrast 871/1306
deg_analysis_31136303_46.out:    Running contrast 876/1306
deg_analysis_31136303_46.out:    Running contrast 881/1306
deg_analysis_31136303_46.out:    Running contrast 886/1306
deg_analysis_31136303_46.out:    Running contrast 891/1306
deg_analysis_31136303_46.out:    Running contrast 896/1306
deg_analysis_31136303_46.out:    Running contrast 901/1306
deg_analysis_31136303_46.out:    Running contrast 906/1306
deg_analysis_31136303_46.out:    Running contrast 911/1306
deg_analysis_31136303_46.out:    Running contrast 916/1306
deg_analysis_31136303_46.out:    Running contrast 921/1306
deg_analysis_31136303_46.out:    Running contrast 926/1306
deg_analysis_31136303_46.out:    Running contrast 931/1306
deg_analysis_31136303_46.out:    Running contrast 936/1306
deg_analysis_31136303_46.out:    Running contrast 941/1306
deg_analysis_31136303_46.out:    Running contrast 946/1306
deg_analysis_31136303_46.out:    Running contrast 951/1306
deg_analysis_31136303_46.out:    Running contrast 956/1306
deg_analysis_31136303_46.out:    Running contrast 961/1306
deg_analysis_31136303_46.out:    Running contrast 966/1306
deg_analysis_31136303_46.out:    Running contrast 971/1306
deg_analysis_31136303_46.out:    Running contrast 976/1306
deg_analysis_31136303_46.out:    Running contrast 981/1306
deg_analysis_31136303_46.out:    Running contrast 986/1306
deg_analysis_31136303_46.out:    Running contrast 991/1306
deg_analysis_31136303_46.out:    Running contrast 996/1306
deg_analysis_31136303_46.out:    Running contrast 1001/1306
deg_analysis_31136303_46.out:    Running contrast 1006/1306
deg_analysis_31136303_46.out:    Running contrast 1011/1306
deg_analysis_31136303_46.out:    Running contrast 1016/1306
deg_analysis_31136303_46.out:    Running contrast 1021/1306
deg_analysis_31136303_46.out:    Running contrast 1026/1306
deg_analysis_31136303_46.out:    Running contrast 1031/1306
deg_analysis_31136303_46.out:    Running contrast 1036/1306
deg_analysis_31136303_46.out:    Running contrast 1041/1306
deg_analysis_31136303_46.out:    Running contrast 1046/1306
deg_analysis_31136303_46.out:    Running contrast 1051/1306
deg_analysis_31136303_46.out:    Running contrast 1056/1306
deg_analysis_31136303_46.out:    Running contrast 1061/1306
deg_analysis_31136303_46.out:    Running contrast 1066/1306
deg_analysis_31136303_46.out:    Running contrast 1071/1306
deg_analysis_31136303_46.out:    Running contrast 1076/1306
deg_analysis_31136303_46.out:    Running contrast 1081/1306
deg_analysis_31136303_46.out:    Running contrast 1086/1306
deg_analysis_31136303_46.out:    Running contrast 1091/1306
deg_analysis_31136303_46.out:    Running contrast 1096/1306
deg_analysis_31136303_46.out:    Running contrast 1101/1306
deg_analysis_31136303_46.out:    Running contrast 1106/1306
deg_analysis_31136303_46.out:    Running contrast 1111/1306
deg_analysis_31136303_46.out:    Running contrast 1116/1306
deg_analysis_31136303_46.out:    Running contrast 1121/1306
deg_analysis_31136303_46.out:    Running contrast 1126/1306
deg_analysis_31136303_46.out:    Running contrast 1131/1306
deg_analysis_31136303_46.out:    Running contrast 1136/1306
deg_analysis_31136303_46.out:    Running contrast 1141/1306
deg_analysis_31136303_46.out:    Running contrast 1146/1306
deg_analysis_31136303_46.out:    Running contrast 1151/1306
deg_analysis_31136303_46.out:    Running contrast 1156/1306
deg_analysis_31136303_46.out:    Running contrast 1161/1306
deg_analysis_31136303_46.out:    Running contrast 1166/1306
deg_analysis_31136303_46.out:    Running contrast 1171/1306
deg_analysis_31136303_46.out:    Running contrast 1176/1306
deg_analysis_31136303_46.out:    Running contrast 1181/1306
deg_analysis_31136303_46.out:    Running contrast 1186/1306
deg_analysis_31136303_46.out:    Running contrast 1191/1306
deg_analysis_31136303_46.out:    Running contrast 1196/1306
deg_analysis_31136303_46.out:    Running contrast 1201/1306
deg_analysis_31136303_46.out:    Running contrast 1206/1306
deg_analysis_31136303_46.out:    Running contrast 1211/1306
deg_analysis_31136303_46.out:    Running contrast 1216/1306
deg_analysis_31136303_46.out:    Running contrast 1221/1306
deg_analysis_31136303_46.out:    Running contrast 1226/1306
deg_analysis_31136303_46.out:    Running contrast 1231/1306
deg_analysis_31136303_46.out:    Running contrast 1236/1306
deg_analysis_31136303_46.out:    Running contrast 1241/1306
deg_analysis_31136303_46.out:    Running contrast 1246/1306
deg_analysis_31136303_46.out:    Running contrast 1251/1306
deg_analysis_31136303_46.out:    Running contrast 1256/1306
deg_analysis_31136303_46.out:    Running contrast 1261/1306
deg_analysis_31136303_46.out:    Running contrast 1266/1306
deg_analysis_31136303_46.out:    Running contrast 1271/1306
deg_analysis_31136303_46.out:    Running contrast 1276/1306
deg_analysis_31136303_46.out:    Running contrast 1281/1306
deg_analysis_31136303_46.out:    Running contrast 1286/1306
deg_analysis_31136303_46.out:    Running contrast 1291/1306
deg_analysis_31136303_46.out:    Running contrast 1296/1306
deg_analysis_31136303_46.out:    Running contrast 1301/1306
deg_analysis_31136303_46.out:    Running contrast 1306/1306
deg_analysis_31136303_46.out:
deg_analysis_31136303_46.out:    Writing:  ./data/tahoe/deg_data/sep_rep/full/qc_false/filter_min_cells_10/CVCL_1717_de.h5ad 
deg_analysis_31136303_46.out:
deg_analysis_31136303_46.out:    Rewriting h5ad file: ./data/tahoe/deg_data/sep_rep/full/qc_false/filter_min_cells_10/CVCL_1717_de.h5ad 
deg_analysis_31136303_46.out:    Removed X matrix
deg_analysis_31136303_46.out:    Rewriting h5ad file is done!
deg_analysis_31136303_46.out:✓ Cell line completed in 10027.9 seconds
deg_analysis_31136303_46.out:
deg_analysis_31136303_46.out:DE analysis completed!
deg_analysis_31136303_46.out:
deg_analysis_31136303_46.out:Total runtime: 10038.6 seconds
deg_analysis_31136303_47.out:
deg_analysis_31136303_47.out:DE analysis started...
deg_analysis_31136303_47.out:Loaded input file:  ./data/tahoe/pseudobulk_processed/sep_rep/by_celltype/CVCL_1724_processed.h5ad 
deg_analysis_31136303_47.out:Initial dimensions:  1339  samples ×  62710  genes
deg_analysis_31136303_47.out:Filter samples with the low number of cells
deg_analysis_31136303_47.out:    Filter threshold (min_cells):  10 
deg_analysis_31136303_47.out:    n_obs:  1339 -->  1334 
deg_analysis_31136303_47.out:
deg_analysis_31136303_47.out:▶︎ Processing cell_type  1 / 1 :  CVCL_1724 
deg_analysis_31136303_47.out:    Filter controls by  pert_time_h  column
deg_analysis_31136303_47.out:        n_obs:  1334 -->  1334 
deg_analysis_31136303_47.out:
deg_analysis_31136303_47.out:    Running contrast 1/1306
deg_analysis_31136303_47.out:    Running contrast 6/1306
deg_analysis_31136303_47.out:    Running contrast 11/1306
deg_analysis_31136303_47.out:    Running contrast 16/1306
deg_analysis_31136303_47.out:    Running contrast 21/1306
deg_analysis_31136303_47.out:    Running contrast 26/1306
deg_analysis_31136303_47.out:    Running contrast 31/1306
deg_analysis_31136303_47.out:    Running contrast 36/1306
deg_analysis_31136303_47.out:    Running contrast 41/1306
deg_analysis_31136303_47.out:    Running contrast 46/1306
deg_analysis_31136303_47.out:    Running contrast 51/1306
deg_analysis_31136303_47.out:    Running contrast 56/1306
deg_analysis_31136303_47.out:    Running contrast 61/1306
deg_analysis_31136303_47.out:    Running contrast 66/1306
deg_analysis_31136303_47.out:    Running contrast 71/1306
deg_analysis_31136303_47.out:    Running contrast 76/1306
deg_analysis_31136303_47.out:    Running contrast 81/1306
deg_analysis_31136303_47.out:    Running contrast 86/1306
deg_analysis_31136303_47.out:    Running contrast 91/1306
deg_analysis_31136303_47.out:    Running contrast 96/1306
deg_analysis_31136303_47.out:    Running contrast 101/1306
deg_analysis_31136303_47.out:    Running contrast 106/1306
deg_analysis_31136303_47.out:    Running contrast 111/1306
deg_analysis_31136303_47.out:    Running contrast 116/1306
deg_analysis_31136303_47.out:    Running contrast 121/1306
deg_analysis_31136303_47.out:    Running contrast 126/1306
deg_analysis_31136303_47.out:    Running contrast 131/1306
deg_analysis_31136303_47.out:    Running contrast 136/1306
deg_analysis_31136303_47.out:    Running contrast 141/1306
deg_analysis_31136303_47.out:    Running contrast 146/1306
deg_analysis_31136303_47.out:    Running contrast 151/1306
deg_analysis_31136303_47.out:    Running contrast 156/1306
deg_analysis_31136303_47.out:    Running contrast 161/1306
deg_analysis_31136303_47.out:    Running contrast 166/1306
deg_analysis_31136303_47.out:    Running contrast 171/1306
deg_analysis_31136303_47.out:    Running contrast 176/1306
deg_analysis_31136303_47.out:    Running contrast 181/1306
deg_analysis_31136303_47.out:    Running contrast 186/1306
deg_analysis_31136303_47.out:    Running contrast 191/1306
deg_analysis_31136303_47.out:    Running contrast 196/1306
deg_analysis_31136303_47.out:    Running contrast 201/1306
deg_analysis_31136303_47.out:    Running contrast 206/1306
deg_analysis_31136303_47.out:    Running contrast 211/1306
deg_analysis_31136303_47.out:    Running contrast 216/1306
deg_analysis_31136303_47.out:    Running contrast 221/1306
deg_analysis_31136303_47.out:    Running contrast 226/1306
deg_analysis_31136303_47.out:    Running contrast 231/1306
deg_analysis_31136303_47.out:    Running contrast 236/1306
deg_analysis_31136303_47.out:    Running contrast 241/1306
deg_analysis_31136303_47.out:    Running contrast 246/1306
deg_analysis_31136303_47.out:    Running contrast 251/1306
deg_analysis_31136303_47.out:    Running contrast 256/1306
deg_analysis_31136303_47.out:    Running contrast 261/1306
deg_analysis_31136303_47.out:    Running contrast 266/1306
deg_analysis_31136303_47.out:    Running contrast 271/1306
deg_analysis_31136303_47.out:    Running contrast 276/1306
deg_analysis_31136303_47.out:    Running contrast 281/1306
deg_analysis_31136303_47.out:    Running contrast 286/1306
deg_analysis_31136303_47.out:    Running contrast 291/1306
deg_analysis_31136303_47.out:    Running contrast 296/1306
deg_analysis_31136303_47.out:    Running contrast 301/1306
deg_analysis_31136303_47.out:    Running contrast 306/1306
deg_analysis_31136303_47.out:    Running contrast 311/1306
deg_analysis_31136303_47.out:    Running contrast 316/1306
deg_analysis_31136303_47.out:    Running contrast 321/1306
deg_analysis_31136303_47.out:    Running contrast 326/1306
deg_analysis_31136303_47.out:    Running contrast 331/1306
deg_analysis_31136303_47.out:    Running contrast 336/1306
deg_analysis_31136303_47.out:    Running contrast 341/1306
deg_analysis_31136303_47.out:    Running contrast 346/1306
deg_analysis_31136303_47.out:    Running contrast 351/1306
deg_analysis_31136303_47.out:    Running contrast 356/1306
deg_analysis_31136303_47.out:    Running contrast 361/1306
deg_analysis_31136303_47.out:    Running contrast 366/1306
deg_analysis_31136303_47.out:    Running contrast 371/1306
deg_analysis_31136303_47.out:    Running contrast 376/1306
deg_analysis_31136303_47.out:    Running contrast 381/1306
deg_analysis_31136303_47.out:    Running contrast 386/1306
deg_analysis_31136303_47.out:    Running contrast 391/1306
deg_analysis_31136303_47.out:    Running contrast 396/1306
deg_analysis_31136303_47.out:    Running contrast 401/1306
deg_analysis_31136303_47.out:    Running contrast 406/1306
deg_analysis_31136303_47.out:    Running contrast 411/1306
deg_analysis_31136303_47.out:    Running contrast 416/1306
deg_analysis_31136303_47.out:    Running contrast 421/1306
deg_analysis_31136303_47.out:    Running contrast 426/1306
deg_analysis_31136303_47.out:    Running contrast 431/1306
deg_analysis_31136303_47.out:    Running contrast 436/1306
deg_analysis_31136303_47.out:    Running contrast 441/1306
deg_analysis_31136303_47.out:    Running contrast 446/1306
deg_analysis_31136303_47.out:    Running contrast 451/1306
deg_analysis_31136303_47.out:    Running contrast 456/1306
deg_analysis_31136303_47.out:    Running contrast 461/1306
deg_analysis_31136303_47.out:    Running contrast 466/1306
deg_analysis_31136303_47.out:    Running contrast 471/1306
deg_analysis_31136303_47.out:    Running contrast 476/1306
deg_analysis_31136303_47.out:    Running contrast 481/1306
deg_analysis_31136303_47.out:    Running contrast 486/1306
deg_analysis_31136303_47.out:    Running contrast 491/1306
deg_analysis_31136303_47.out:    Running contrast 496/1306
deg_analysis_31136303_47.out:    Running contrast 501/1306
deg_analysis_31136303_47.out:    Running contrast 506/1306
deg_analysis_31136303_47.out:    Running contrast 511/1306
deg_analysis_31136303_47.out:    Running contrast 516/1306
deg_analysis_31136303_47.out:    Running contrast 521/1306
deg_analysis_31136303_47.out:    Running contrast 526/1306
deg_analysis_31136303_47.out:    Running contrast 531/1306
deg_analysis_31136303_47.out:    Running contrast 536/1306
deg_analysis_31136303_47.out:    Running contrast 541/1306
deg_analysis_31136303_47.out:    Running contrast 546/1306
deg_analysis_31136303_47.out:    Running contrast 551/1306
deg_analysis_31136303_47.out:    Running contrast 556/1306
deg_analysis_31136303_47.out:    Running contrast 561/1306
deg_analysis_31136303_47.out:    Running contrast 566/1306
deg_analysis_31136303_47.out:    Running contrast 571/1306
deg_analysis_31136303_47.out:    Running contrast 576/1306
deg_analysis_31136303_47.out:    Running contrast 581/1306
deg_analysis_31136303_47.out:    Running contrast 586/1306
deg_analysis_31136303_47.out:    Running contrast 591/1306
deg_analysis_31136303_47.out:    Running contrast 596/1306
deg_analysis_31136303_47.out:    Running contrast 601/1306
deg_analysis_31136303_47.out:    Running contrast 606/1306
deg_analysis_31136303_47.out:    Running contrast 611/1306
deg_analysis_31136303_47.out:    Running contrast 616/1306
deg_analysis_31136303_47.out:    Running contrast 621/1306
deg_analysis_31136303_47.out:    Running contrast 626/1306
deg_analysis_31136303_47.out:    Running contrast 631/1306
deg_analysis_31136303_47.out:    Running contrast 636/1306
deg_analysis_31136303_47.out:    Running contrast 641/1306
deg_analysis_31136303_47.out:    Running contrast 646/1306
deg_analysis_31136303_47.out:    Running contrast 651/1306
deg_analysis_31136303_47.out:    Running contrast 656/1306
deg_analysis_31136303_47.out:    Running contrast 661/1306
deg_analysis_31136303_47.out:    Running contrast 666/1306
deg_analysis_31136303_47.out:    Running contrast 671/1306
deg_analysis_31136303_47.out:    Running contrast 676/1306
deg_analysis_31136303_47.out:    Running contrast 681/1306
deg_analysis_31136303_47.out:    Running contrast 686/1306
deg_analysis_31136303_47.out:    Running contrast 691/1306
deg_analysis_31136303_47.out:    Running contrast 696/1306
deg_analysis_31136303_47.out:    Running contrast 701/1306
deg_analysis_31136303_47.out:    Running contrast 706/1306
deg_analysis_31136303_47.out:    Running contrast 711/1306
deg_analysis_31136303_47.out:    Running contrast 716/1306
deg_analysis_31136303_47.out:    Running contrast 721/1306
deg_analysis_31136303_47.out:    Running contrast 726/1306
deg_analysis_31136303_47.out:    Running contrast 731/1306
deg_analysis_31136303_47.out:    Running contrast 736/1306
deg_analysis_31136303_47.out:    Running contrast 741/1306
deg_analysis_31136303_47.out:    Running contrast 746/1306
deg_analysis_31136303_47.out:    Running contrast 751/1306
deg_analysis_31136303_47.out:    Running contrast 756/1306
deg_analysis_31136303_47.out:    Running contrast 761/1306
deg_analysis_31136303_47.out:    Running contrast 766/1306
deg_analysis_31136303_47.out:    Running contrast 771/1306
deg_analysis_31136303_47.out:    Running contrast 776/1306
deg_analysis_31136303_47.out:    Running contrast 781/1306
deg_analysis_31136303_47.out:    Running contrast 786/1306
deg_analysis_31136303_47.out:    Running contrast 791/1306
deg_analysis_31136303_47.out:    Running contrast 796/1306
deg_analysis_31136303_47.out:    Running contrast 801/1306
deg_analysis_31136303_47.out:    Running contrast 806/1306
deg_analysis_31136303_47.out:    Running contrast 811/1306
deg_analysis_31136303_47.out:    Running contrast 816/1306
deg_analysis_31136303_47.out:    Running contrast 821/1306
deg_analysis_31136303_47.out:    Running contrast 826/1306
deg_analysis_31136303_47.out:    Running contrast 831/1306
deg_analysis_31136303_47.out:    Running contrast 836/1306
deg_analysis_31136303_47.out:    Running contrast 841/1306
deg_analysis_31136303_47.out:    Running contrast 846/1306
deg_analysis_31136303_47.out:    Running contrast 851/1306
deg_analysis_31136303_47.out:    Running contrast 856/1306
deg_analysis_31136303_47.out:    Running contrast 861/1306
deg_analysis_31136303_47.out:    Running contrast 866/1306
deg_analysis_31136303_47.out:    Running contrast 871/1306
deg_analysis_31136303_47.out:    Running contrast 876/1306
deg_analysis_31136303_47.out:    Running contrast 881/1306
deg_analysis_31136303_47.out:    Running contrast 886/1306
deg_analysis_31136303_47.out:    Running contrast 891/1306
deg_analysis_31136303_47.out:    Running contrast 896/1306
deg_analysis_31136303_47.out:    Running contrast 901/1306
deg_analysis_31136303_47.out:    Running contrast 906/1306
deg_analysis_31136303_47.out:    Running contrast 911/1306
deg_analysis_31136303_47.out:    Running contrast 916/1306
deg_analysis_31136303_47.out:    Running contrast 921/1306
deg_analysis_31136303_47.out:    Running contrast 926/1306
deg_analysis_31136303_47.out:    Running contrast 931/1306
deg_analysis_31136303_47.out:    Running contrast 936/1306
deg_analysis_31136303_47.out:    Running contrast 941/1306
deg_analysis_31136303_47.out:    Running contrast 946/1306
deg_analysis_31136303_47.out:    Running contrast 951/1306
deg_analysis_31136303_47.out:    Running contrast 956/1306
deg_analysis_31136303_47.out:    Running contrast 961/1306
deg_analysis_31136303_47.out:    Running contrast 966/1306
deg_analysis_31136303_47.out:    Running contrast 971/1306
deg_analysis_31136303_47.out:    Running contrast 976/1306
deg_analysis_31136303_47.out:    Running contrast 981/1306
deg_analysis_31136303_47.out:    Running contrast 986/1306
deg_analysis_31136303_47.out:    Running contrast 991/1306
deg_analysis_31136303_47.out:    Running contrast 996/1306
deg_analysis_31136303_47.out:    Running contrast 1001/1306
deg_analysis_31136303_47.out:    Running contrast 1006/1306
deg_analysis_31136303_47.out:    Running contrast 1011/1306
deg_analysis_31136303_47.out:    Running contrast 1016/1306
deg_analysis_31136303_47.out:    Running contrast 1021/1306
deg_analysis_31136303_47.out:    Running contrast 1026/1306
deg_analysis_31136303_47.out:    Running contrast 1031/1306
deg_analysis_31136303_47.out:    Running contrast 1036/1306
deg_analysis_31136303_47.out:    Running contrast 1041/1306
deg_analysis_31136303_47.out:    Running contrast 1046/1306
deg_analysis_31136303_47.out:    Running contrast 1051/1306
deg_analysis_31136303_47.out:    Running contrast 1056/1306
deg_analysis_31136303_47.out:    Running contrast 1061/1306
deg_analysis_31136303_47.out:    Running contrast 1066/1306
deg_analysis_31136303_47.out:    Running contrast 1071/1306
deg_analysis_31136303_47.out:    Running contrast 1076/1306
deg_analysis_31136303_47.out:    Running contrast 1081/1306
deg_analysis_31136303_47.out:    Running contrast 1086/1306
deg_analysis_31136303_47.out:    Running contrast 1091/1306
deg_analysis_31136303_47.out:    Running contrast 1096/1306
deg_analysis_31136303_47.out:    Running contrast 1101/1306
deg_analysis_31136303_47.out:    Running contrast 1106/1306
deg_analysis_31136303_47.out:    Running contrast 1111/1306
deg_analysis_31136303_47.out:    Running contrast 1116/1306
deg_analysis_31136303_47.out:    Running contrast 1121/1306
deg_analysis_31136303_47.out:    Running contrast 1126/1306
deg_analysis_31136303_47.out:    Running contrast 1131/1306
deg_analysis_31136303_47.out:    Running contrast 1136/1306
deg_analysis_31136303_47.out:    Running contrast 1141/1306
deg_analysis_31136303_47.out:    Running contrast 1146/1306
deg_analysis_31136303_47.out:    Running contrast 1151/1306
deg_analysis_31136303_47.out:    Running contrast 1156/1306
deg_analysis_31136303_47.out:    Running contrast 1161/1306
deg_analysis_31136303_47.out:    Running contrast 1166/1306
deg_analysis_31136303_47.out:    Running contrast 1171/1306
deg_analysis_31136303_47.out:    Running contrast 1176/1306
deg_analysis_31136303_47.out:    Running contrast 1181/1306
deg_analysis_31136303_47.out:    Running contrast 1186/1306
deg_analysis_31136303_47.out:    Running contrast 1191/1306
deg_analysis_31136303_47.out:    Running contrast 1196/1306
deg_analysis_31136303_47.out:    Running contrast 1201/1306
deg_analysis_31136303_47.out:    Running contrast 1206/1306
deg_analysis_31136303_47.out:    Running contrast 1211/1306
deg_analysis_31136303_47.out:    Running contrast 1216/1306
deg_analysis_31136303_47.out:    Running contrast 1221/1306
deg_analysis_31136303_47.out:    Running contrast 1226/1306
deg_analysis_31136303_47.out:    Running contrast 1231/1306
deg_analysis_31136303_47.out:    Running contrast 1236/1306
deg_analysis_31136303_47.out:    Running contrast 1241/1306
deg_analysis_31136303_47.out:    Running contrast 1246/1306
deg_analysis_31136303_47.out:    Running contrast 1251/1306
deg_analysis_31136303_47.out:    Running contrast 1256/1306
deg_analysis_31136303_47.out:    Running contrast 1261/1306
deg_analysis_31136303_47.out:    Running contrast 1266/1306
deg_analysis_31136303_47.out:    Running contrast 1271/1306
deg_analysis_31136303_47.out:    Running contrast 1276/1306
deg_analysis_31136303_47.out:    Running contrast 1281/1306
deg_analysis_31136303_47.out:    Running contrast 1286/1306
deg_analysis_31136303_47.out:    Running contrast 1291/1306
deg_analysis_31136303_47.out:    Running contrast 1296/1306
deg_analysis_31136303_47.out:    Running contrast 1301/1306
deg_analysis_31136303_47.out:    Running contrast 1306/1306
deg_analysis_31136303_47.out:
deg_analysis_31136303_47.out:    Writing:  ./data/tahoe/deg_data/sep_rep/full/qc_false/filter_min_cells_10/CVCL_1724_de.h5ad 
deg_analysis_31136303_47.out:
deg_analysis_31136303_47.out:    Rewriting h5ad file: ./data/tahoe/deg_data/sep_rep/full/qc_false/filter_min_cells_10/CVCL_1724_de.h5ad 
deg_analysis_31136303_47.out:    Removed X matrix
deg_analysis_31136303_47.out:    Rewriting h5ad file is done!
deg_analysis_31136303_47.out:✓ Cell line completed in 9543.4 seconds
deg_analysis_31136303_47.out:
deg_analysis_31136303_47.out:DE analysis completed!
deg_analysis_31136303_47.out:
deg_analysis_31136303_47.out:Total runtime: 9554.9 seconds
deg_analysis_31136303_48.out:
deg_analysis_31136303_48.out:DE analysis started...
deg_analysis_31136303_48.out:Loaded input file:  ./data/tahoe/pseudobulk_processed/sep_rep/by_celltype/CVCL_1731_processed.h5ad 
deg_analysis_31136303_48.out:Initial dimensions:  1342  samples ×  62710  genes
deg_analysis_31136303_48.out:Filter samples with the low number of cells
deg_analysis_31136303_48.out:    Filter threshold (min_cells):  10 
deg_analysis_31136303_48.out:    n_obs:  1342 -->  1335 
deg_analysis_31136303_48.out:
deg_analysis_31136303_48.out:▶︎ Processing cell_type  1 / 1 :  CVCL_1731 
deg_analysis_31136303_48.out:    Filter controls by  pert_time_h  column
deg_analysis_31136303_48.out:        n_obs:  1335 -->  1335 
deg_analysis_31136303_48.out:
deg_analysis_31136303_48.out:    Running contrast 1/1307
deg_analysis_31136303_48.out:    Running contrast 6/1307
deg_analysis_31136303_48.out:    Running contrast 11/1307
deg_analysis_31136303_48.out:    Running contrast 16/1307
deg_analysis_31136303_48.out:    Running contrast 21/1307
deg_analysis_31136303_48.out:    Running contrast 26/1307
deg_analysis_31136303_48.out:    Running contrast 31/1307
deg_analysis_31136303_48.out:    Running contrast 36/1307
deg_analysis_31136303_48.out:    Running contrast 41/1307
deg_analysis_31136303_48.out:    Running contrast 46/1307
deg_analysis_31136303_48.out:    Running contrast 51/1307
deg_analysis_31136303_48.out:    Running contrast 56/1307
deg_analysis_31136303_48.out:    Running contrast 61/1307
deg_analysis_31136303_48.out:    Running contrast 66/1307
deg_analysis_31136303_48.out:    Running contrast 71/1307
deg_analysis_31136303_48.out:    Running contrast 76/1307
deg_analysis_31136303_48.out:    Running contrast 81/1307
deg_analysis_31136303_48.out:    Running contrast 86/1307
deg_analysis_31136303_48.out:    Running contrast 91/1307
deg_analysis_31136303_48.out:    Running contrast 96/1307
deg_analysis_31136303_48.out:    Running contrast 101/1307
deg_analysis_31136303_48.out:    Running contrast 106/1307
deg_analysis_31136303_48.out:    Running contrast 111/1307
deg_analysis_31136303_48.out:    Running contrast 116/1307
deg_analysis_31136303_48.out:    Running contrast 121/1307
deg_analysis_31136303_48.out:    Running contrast 126/1307
deg_analysis_31136303_48.out:    Running contrast 131/1307
deg_analysis_31136303_48.out:    Running contrast 136/1307
deg_analysis_31136303_48.out:    Running contrast 141/1307
deg_analysis_31136303_48.out:    Running contrast 146/1307
deg_analysis_31136303_48.out:    Running contrast 151/1307
deg_analysis_31136303_48.out:    Running contrast 156/1307
deg_analysis_31136303_48.out:    Running contrast 161/1307
deg_analysis_31136303_48.out:    Running contrast 166/1307
deg_analysis_31136303_48.out:    Running contrast 171/1307
deg_analysis_31136303_48.out:    Running contrast 176/1307
deg_analysis_31136303_48.out:    Running contrast 181/1307
deg_analysis_31136303_48.out:    Running contrast 186/1307
deg_analysis_31136303_48.out:    Running contrast 191/1307
deg_analysis_31136303_48.out:    Running contrast 196/1307
deg_analysis_31136303_48.out:    Running contrast 201/1307
deg_analysis_31136303_48.out:    Running contrast 206/1307
deg_analysis_31136303_48.out:    Running contrast 211/1307
deg_analysis_31136303_48.out:    Running contrast 216/1307
deg_analysis_31136303_48.out:    Running contrast 221/1307
deg_analysis_31136303_48.out:    Running contrast 226/1307
deg_analysis_31136303_48.out:    Running contrast 231/1307
deg_analysis_31136303_48.out:    Running contrast 236/1307
deg_analysis_31136303_48.out:    Running contrast 241/1307
deg_analysis_31136303_48.out:    Running contrast 246/1307
deg_analysis_31136303_48.out:    Running contrast 251/1307
deg_analysis_31136303_48.out:    Running contrast 256/1307
deg_analysis_31136303_48.out:    Running contrast 261/1307
deg_analysis_31136303_48.out:    Running contrast 266/1307
deg_analysis_31136303_48.out:    Running contrast 271/1307
deg_analysis_31136303_48.out:    Running contrast 276/1307
deg_analysis_31136303_48.out:    Running contrast 281/1307
deg_analysis_31136303_48.out:    Running contrast 286/1307
deg_analysis_31136303_48.out:    Running contrast 291/1307
deg_analysis_31136303_48.out:    Running contrast 296/1307
deg_analysis_31136303_48.out:    Running contrast 301/1307
deg_analysis_31136303_48.out:    Running contrast 306/1307
deg_analysis_31136303_48.out:    Running contrast 311/1307
deg_analysis_31136303_48.out:    Running contrast 316/1307
deg_analysis_31136303_48.out:    Running contrast 321/1307
deg_analysis_31136303_48.out:    Running contrast 326/1307
deg_analysis_31136303_48.out:    Running contrast 331/1307
deg_analysis_31136303_48.out:    Running contrast 336/1307
deg_analysis_31136303_48.out:    Running contrast 341/1307
deg_analysis_31136303_48.out:    Running contrast 346/1307
deg_analysis_31136303_48.out:    Running contrast 351/1307
deg_analysis_31136303_48.out:    Running contrast 356/1307
deg_analysis_31136303_48.out:    Running contrast 361/1307
deg_analysis_31136303_48.out:    Running contrast 366/1307
deg_analysis_31136303_48.out:    Running contrast 371/1307
deg_analysis_31136303_48.out:    Running contrast 376/1307
deg_analysis_31136303_48.out:    Running contrast 381/1307
deg_analysis_31136303_48.out:    Running contrast 386/1307
deg_analysis_31136303_48.out:    Running contrast 391/1307
deg_analysis_31136303_48.out:    Running contrast 396/1307
deg_analysis_31136303_48.out:    Running contrast 401/1307
deg_analysis_31136303_48.out:    Running contrast 406/1307
deg_analysis_31136303_48.out:    Running contrast 411/1307
deg_analysis_31136303_48.out:    Running contrast 416/1307
deg_analysis_31136303_48.out:    Running contrast 421/1307
deg_analysis_31136303_48.out:    Running contrast 426/1307
deg_analysis_31136303_48.out:    Running contrast 431/1307
deg_analysis_31136303_48.out:    Running contrast 436/1307
deg_analysis_31136303_48.out:    Running contrast 441/1307
deg_analysis_31136303_48.out:    Running contrast 446/1307
deg_analysis_31136303_48.out:    Running contrast 451/1307
deg_analysis_31136303_48.out:    Running contrast 456/1307
deg_analysis_31136303_48.out:    Running contrast 461/1307
deg_analysis_31136303_48.out:    Running contrast 466/1307
deg_analysis_31136303_48.out:    Running contrast 471/1307
deg_analysis_31136303_48.out:    Running contrast 476/1307
deg_analysis_31136303_48.out:    Running contrast 481/1307
deg_analysis_31136303_48.out:    Running contrast 486/1307
deg_analysis_31136303_48.out:    Running contrast 491/1307
deg_analysis_31136303_48.out:    Running contrast 496/1307
deg_analysis_31136303_48.out:    Running contrast 501/1307
deg_analysis_31136303_48.out:    Running contrast 506/1307
deg_analysis_31136303_48.out:    Running contrast 511/1307
deg_analysis_31136303_48.out:    Running contrast 516/1307
deg_analysis_31136303_48.out:    Running contrast 521/1307
deg_analysis_31136303_48.out:    Running contrast 526/1307
deg_analysis_31136303_48.out:    Running contrast 531/1307
deg_analysis_31136303_48.out:    Running contrast 536/1307
deg_analysis_31136303_48.out:    Running contrast 541/1307
deg_analysis_31136303_48.out:    Running contrast 546/1307
deg_analysis_31136303_48.out:    Running contrast 551/1307
deg_analysis_31136303_48.out:    Running contrast 556/1307
deg_analysis_31136303_48.out:    Running contrast 561/1307
deg_analysis_31136303_48.out:    Running contrast 566/1307
deg_analysis_31136303_48.out:    Running contrast 571/1307
deg_analysis_31136303_48.out:    Running contrast 576/1307
deg_analysis_31136303_48.out:    Running contrast 581/1307
deg_analysis_31136303_48.out:    Running contrast 586/1307
deg_analysis_31136303_48.out:    Running contrast 591/1307
deg_analysis_31136303_48.out:    Running contrast 596/1307
deg_analysis_31136303_48.out:    Running contrast 601/1307
deg_analysis_31136303_48.out:    Running contrast 606/1307
deg_analysis_31136303_48.out:    Running contrast 611/1307
deg_analysis_31136303_48.out:    Running contrast 616/1307
deg_analysis_31136303_48.out:    Running contrast 621/1307
deg_analysis_31136303_48.out:    Running contrast 626/1307
deg_analysis_31136303_48.out:    Running contrast 631/1307
deg_analysis_31136303_48.out:    Running contrast 636/1307
deg_analysis_31136303_48.out:    Running contrast 641/1307
deg_analysis_31136303_48.out:    Running contrast 646/1307
deg_analysis_31136303_48.out:    Running contrast 651/1307
deg_analysis_31136303_48.out:    Running contrast 656/1307
deg_analysis_31136303_48.out:    Running contrast 661/1307
deg_analysis_31136303_48.out:    Running contrast 666/1307
deg_analysis_31136303_48.out:    Running contrast 671/1307
deg_analysis_31136303_48.out:    Running contrast 676/1307
deg_analysis_31136303_48.out:    Running contrast 681/1307
deg_analysis_31136303_48.out:    Running contrast 686/1307
deg_analysis_31136303_48.out:    Running contrast 691/1307
deg_analysis_31136303_48.out:    Running contrast 696/1307
deg_analysis_31136303_48.out:    Running contrast 701/1307
deg_analysis_31136303_48.out:    Running contrast 706/1307
deg_analysis_31136303_48.out:    Running contrast 711/1307
deg_analysis_31136303_48.out:    Running contrast 716/1307
deg_analysis_31136303_48.out:    Running contrast 721/1307
deg_analysis_31136303_48.out:    Running contrast 726/1307
deg_analysis_31136303_48.out:    Running contrast 731/1307
deg_analysis_31136303_48.out:    Running contrast 736/1307
deg_analysis_31136303_48.out:    Running contrast 741/1307
deg_analysis_31136303_48.out:    Running contrast 746/1307
deg_analysis_31136303_48.out:    Running contrast 751/1307
deg_analysis_31136303_48.out:    Running contrast 756/1307
deg_analysis_31136303_48.out:    Running contrast 761/1307
deg_analysis_31136303_48.out:    Running contrast 766/1307
deg_analysis_31136303_48.out:    Running contrast 771/1307
deg_analysis_31136303_48.out:    Running contrast 776/1307
deg_analysis_31136303_48.out:    Running contrast 781/1307
deg_analysis_31136303_48.out:    Running contrast 786/1307
deg_analysis_31136303_48.out:    Running contrast 791/1307
deg_analysis_31136303_48.out:    Running contrast 796/1307
deg_analysis_31136303_48.out:    Running contrast 801/1307
deg_analysis_31136303_48.out:    Running contrast 806/1307
deg_analysis_31136303_48.out:    Running contrast 811/1307
deg_analysis_31136303_48.out:    Running contrast 816/1307
deg_analysis_31136303_48.out:    Running contrast 821/1307
deg_analysis_31136303_48.out:    Running contrast 826/1307
deg_analysis_31136303_48.out:    Running contrast 831/1307
deg_analysis_31136303_48.out:    Running contrast 836/1307
deg_analysis_31136303_48.out:    Running contrast 841/1307
deg_analysis_31136303_48.out:    Running contrast 846/1307
deg_analysis_31136303_48.out:    Running contrast 851/1307
deg_analysis_31136303_48.out:    Running contrast 856/1307
deg_analysis_31136303_48.out:    Running contrast 861/1307
deg_analysis_31136303_48.out:    Running contrast 866/1307
deg_analysis_31136303_48.out:    Running contrast 871/1307
deg_analysis_31136303_48.out:    Running contrast 876/1307
deg_analysis_31136303_48.out:    Running contrast 881/1307
deg_analysis_31136303_48.out:    Running contrast 886/1307
deg_analysis_31136303_48.out:    Running contrast 891/1307
deg_analysis_31136303_48.out:    Running contrast 896/1307
deg_analysis_31136303_48.out:    Running contrast 901/1307
deg_analysis_31136303_48.out:    Running contrast 906/1307
deg_analysis_31136303_48.out:    Running contrast 911/1307
deg_analysis_31136303_48.out:    Running contrast 916/1307
deg_analysis_31136303_48.out:    Running contrast 921/1307
deg_analysis_31136303_48.out:    Running contrast 926/1307
deg_analysis_31136303_48.out:    Running contrast 931/1307
deg_analysis_31136303_48.out:    Running contrast 936/1307
deg_analysis_31136303_48.out:    Running contrast 941/1307
deg_analysis_31136303_48.out:    Running contrast 946/1307
deg_analysis_31136303_48.out:    Running contrast 951/1307
deg_analysis_31136303_48.out:    Running contrast 956/1307
deg_analysis_31136303_48.out:    Running contrast 961/1307
deg_analysis_31136303_48.out:    Running contrast 966/1307
deg_analysis_31136303_48.out:    Running contrast 971/1307
deg_analysis_31136303_48.out:    Running contrast 976/1307
deg_analysis_31136303_48.out:    Running contrast 981/1307
deg_analysis_31136303_48.out:    Running contrast 986/1307
deg_analysis_31136303_48.out:    Running contrast 991/1307
deg_analysis_31136303_48.out:    Running contrast 996/1307
deg_analysis_31136303_48.out:    Running contrast 1001/1307
deg_analysis_31136303_48.out:    Running contrast 1006/1307
deg_analysis_31136303_48.out:    Running contrast 1011/1307
deg_analysis_31136303_48.out:    Running contrast 1016/1307
deg_analysis_31136303_48.out:    Running contrast 1021/1307
deg_analysis_31136303_48.out:    Running contrast 1026/1307
deg_analysis_31136303_48.out:    Running contrast 1031/1307
deg_analysis_31136303_48.out:    Running contrast 1036/1307
deg_analysis_31136303_48.out:    Running contrast 1041/1307
deg_analysis_31136303_48.out:    Running contrast 1046/1307
deg_analysis_31136303_48.out:    Running contrast 1051/1307
deg_analysis_31136303_48.out:    Running contrast 1056/1307
deg_analysis_31136303_48.out:    Running contrast 1061/1307
deg_analysis_31136303_48.out:    Running contrast 1066/1307
deg_analysis_31136303_48.out:    Running contrast 1071/1307
deg_analysis_31136303_48.out:    Running contrast 1076/1307
deg_analysis_31136303_48.out:    Running contrast 1081/1307
deg_analysis_31136303_48.out:    Running contrast 1086/1307
deg_analysis_31136303_48.out:    Running contrast 1091/1307
deg_analysis_31136303_48.out:    Running contrast 1096/1307
deg_analysis_31136303_48.out:    Running contrast 1101/1307
deg_analysis_31136303_48.out:    Running contrast 1106/1307
deg_analysis_31136303_48.out:    Running contrast 1111/1307
deg_analysis_31136303_48.out:    Running contrast 1116/1307
deg_analysis_31136303_48.out:    Running contrast 1121/1307
deg_analysis_31136303_48.out:    Running contrast 1126/1307
deg_analysis_31136303_48.out:    Running contrast 1131/1307
deg_analysis_31136303_48.out:    Running contrast 1136/1307
deg_analysis_31136303_48.out:    Running contrast 1141/1307
deg_analysis_31136303_48.out:    Running contrast 1146/1307
deg_analysis_31136303_48.out:    Running contrast 1151/1307
deg_analysis_31136303_48.out:    Running contrast 1156/1307
deg_analysis_31136303_48.out:    Running contrast 1161/1307
deg_analysis_31136303_48.out:    Running contrast 1166/1307
deg_analysis_31136303_48.out:    Running contrast 1171/1307
deg_analysis_31136303_48.out:    Running contrast 1176/1307
deg_analysis_31136303_48.out:    Running contrast 1181/1307
deg_analysis_31136303_48.out:    Running contrast 1186/1307
deg_analysis_31136303_48.out:    Running contrast 1191/1307
deg_analysis_31136303_48.out:    Running contrast 1196/1307
deg_analysis_31136303_48.out:    Running contrast 1201/1307
deg_analysis_31136303_48.out:    Running contrast 1206/1307
deg_analysis_31136303_48.out:    Running contrast 1211/1307
deg_analysis_31136303_48.out:    Running contrast 1216/1307
deg_analysis_31136303_48.out:    Running contrast 1221/1307
deg_analysis_31136303_48.out:    Running contrast 1226/1307
deg_analysis_31136303_48.out:    Running contrast 1231/1307
deg_analysis_31136303_48.out:    Running contrast 1236/1307
deg_analysis_31136303_48.out:    Running contrast 1241/1307
deg_analysis_31136303_48.out:    Running contrast 1246/1307
deg_analysis_31136303_48.out:    Running contrast 1251/1307
deg_analysis_31136303_48.out:    Running contrast 1256/1307
deg_analysis_31136303_48.out:    Running contrast 1261/1307
deg_analysis_31136303_48.out:    Running contrast 1266/1307
deg_analysis_31136303_48.out:    Running contrast 1271/1307
deg_analysis_31136303_48.out:    Running contrast 1276/1307
deg_analysis_31136303_48.out:    Running contrast 1281/1307
deg_analysis_31136303_48.out:    Running contrast 1286/1307
deg_analysis_31136303_48.out:    Running contrast 1291/1307
deg_analysis_31136303_48.out:    Running contrast 1296/1307
deg_analysis_31136303_48.out:    Running contrast 1301/1307
deg_analysis_31136303_48.out:    Running contrast 1306/1307
deg_analysis_31136303_48.out:    Running contrast 1307/1307
deg_analysis_31136303_48.out:
deg_analysis_31136303_48.out:    Writing:  ./data/tahoe/deg_data/sep_rep/full/qc_false/filter_min_cells_10/CVCL_1731_de.h5ad 
deg_analysis_31136303_48.out:
deg_analysis_31136303_48.out:    Rewriting h5ad file: ./data/tahoe/deg_data/sep_rep/full/qc_false/filter_min_cells_10/CVCL_1731_de.h5ad 
deg_analysis_31136303_48.out:    Removed X matrix
deg_analysis_31136303_48.out:    Rewriting h5ad file is done!
deg_analysis_31136303_48.out:✓ Cell line completed in 9244.0 seconds
deg_analysis_31136303_48.out:
deg_analysis_31136303_48.out:DE analysis completed!
deg_analysis_31136303_48.out:
deg_analysis_31136303_48.out:Total runtime: 9254.7 seconds
deg_analysis_31136303_49.out:
deg_analysis_31136303_49.out:DE analysis started...
deg_analysis_31136303_49.out:Loaded input file:  ./data/tahoe/pseudobulk_processed/sep_rep/by_celltype/CVCL_C466_processed.h5ad 
deg_analysis_31136303_49.out:Initial dimensions:  1344  samples ×  62710  genes
deg_analysis_31136303_49.out:Filter samples with the low number of cells
deg_analysis_31136303_49.out:    Filter threshold (min_cells):  10 
deg_analysis_31136303_49.out:    n_obs:  1344 -->  1337 
deg_analysis_31136303_49.out:
deg_analysis_31136303_49.out:▶︎ Processing cell_type  1 / 1 :  CVCL_C466 
deg_analysis_31136303_49.out:    Filter controls by  pert_time_h  column
deg_analysis_31136303_49.out:        n_obs:  1337 -->  1337 
deg_analysis_31136303_49.out:
deg_analysis_31136303_49.out:    Running contrast 1/1309
deg_analysis_31136303_49.out:    Running contrast 6/1309
deg_analysis_31136303_49.out:    Running contrast 11/1309
deg_analysis_31136303_49.out:    Running contrast 16/1309
deg_analysis_31136303_49.out:    Running contrast 21/1309
deg_analysis_31136303_49.out:    Running contrast 26/1309
deg_analysis_31136303_49.out:    Running contrast 31/1309
deg_analysis_31136303_49.out:    Running contrast 36/1309
deg_analysis_31136303_49.out:    Running contrast 41/1309
deg_analysis_31136303_49.out:    Running contrast 46/1309
deg_analysis_31136303_49.out:    Running contrast 51/1309
deg_analysis_31136303_49.out:    Running contrast 56/1309
deg_analysis_31136303_49.out:    Running contrast 61/1309
deg_analysis_31136303_49.out:    Running contrast 66/1309
deg_analysis_31136303_49.out:    Running contrast 71/1309
deg_analysis_31136303_49.out:    Running contrast 76/1309
deg_analysis_31136303_49.out:    Running contrast 81/1309
deg_analysis_31136303_49.out:    Running contrast 86/1309
deg_analysis_31136303_49.out:    Running contrast 91/1309
deg_analysis_31136303_49.out:    Running contrast 96/1309
deg_analysis_31136303_49.out:    Running contrast 101/1309
deg_analysis_31136303_49.out:    Running contrast 106/1309
deg_analysis_31136303_49.out:    Running contrast 111/1309
deg_analysis_31136303_49.out:    Running contrast 116/1309
deg_analysis_31136303_49.out:    Running contrast 121/1309
deg_analysis_31136303_49.out:    Running contrast 126/1309
deg_analysis_31136303_49.out:    Running contrast 131/1309
deg_analysis_31136303_49.out:    Running contrast 136/1309
deg_analysis_31136303_49.out:    Running contrast 141/1309
deg_analysis_31136303_49.out:    Running contrast 146/1309
deg_analysis_31136303_49.out:    Running contrast 151/1309
deg_analysis_31136303_49.out:    Running contrast 156/1309
deg_analysis_31136303_49.out:    Running contrast 161/1309
deg_analysis_31136303_49.out:    Running contrast 166/1309
deg_analysis_31136303_49.out:    Running contrast 171/1309
deg_analysis_31136303_49.out:    Running contrast 176/1309
deg_analysis_31136303_49.out:    Running contrast 181/1309
deg_analysis_31136303_49.out:    Running contrast 186/1309
deg_analysis_31136303_49.out:    Running contrast 191/1309
deg_analysis_31136303_49.out:    Running contrast 196/1309
deg_analysis_31136303_49.out:    Running contrast 201/1309
deg_analysis_31136303_49.out:    Running contrast 206/1309
deg_analysis_31136303_49.out:    Running contrast 211/1309
deg_analysis_31136303_49.out:    Running contrast 216/1309
deg_analysis_31136303_49.out:    Running contrast 221/1309
deg_analysis_31136303_49.out:    Running contrast 226/1309
deg_analysis_31136303_49.out:    Running contrast 231/1309
deg_analysis_31136303_49.out:    Running contrast 236/1309
deg_analysis_31136303_49.out:    Running contrast 241/1309
deg_analysis_31136303_49.out:    Running contrast 246/1309
deg_analysis_31136303_49.out:    Running contrast 251/1309
deg_analysis_31136303_49.out:    Running contrast 256/1309
deg_analysis_31136303_49.out:    Running contrast 261/1309
deg_analysis_31136303_49.out:    Running contrast 266/1309
deg_analysis_31136303_49.out:    Running contrast 271/1309
deg_analysis_31136303_49.out:    Running contrast 276/1309
deg_analysis_31136303_49.out:    Running contrast 281/1309
deg_analysis_31136303_49.out:    Running contrast 286/1309
deg_analysis_31136303_49.out:    Running contrast 291/1309
deg_analysis_31136303_49.out:    Running contrast 296/1309
deg_analysis_31136303_49.out:    Running contrast 301/1309
deg_analysis_31136303_49.out:    Running contrast 306/1309
deg_analysis_31136303_49.out:    Running contrast 311/1309
deg_analysis_31136303_49.out:    Running contrast 316/1309
deg_analysis_31136303_49.out:    Running contrast 321/1309
deg_analysis_31136303_49.out:    Running contrast 326/1309
deg_analysis_31136303_49.out:    Running contrast 331/1309
deg_analysis_31136303_49.out:    Running contrast 336/1309
deg_analysis_31136303_49.out:    Running contrast 341/1309
deg_analysis_31136303_49.out:    Running contrast 346/1309
deg_analysis_31136303_49.out:    Running contrast 351/1309
deg_analysis_31136303_49.out:    Running contrast 356/1309
deg_analysis_31136303_49.out:    Running contrast 361/1309
deg_analysis_31136303_49.out:    Running contrast 366/1309
deg_analysis_31136303_49.out:    Running contrast 371/1309
deg_analysis_31136303_49.out:    Running contrast 376/1309
deg_analysis_31136303_49.out:    Running contrast 381/1309
deg_analysis_31136303_49.out:    Running contrast 386/1309
deg_analysis_31136303_49.out:    Running contrast 391/1309
deg_analysis_31136303_49.out:    Running contrast 396/1309
deg_analysis_31136303_49.out:    Running contrast 401/1309
deg_analysis_31136303_49.out:    Running contrast 406/1309
deg_analysis_31136303_49.out:    Running contrast 411/1309
deg_analysis_31136303_49.out:    Running contrast 416/1309
deg_analysis_31136303_49.out:    Running contrast 421/1309
deg_analysis_31136303_49.out:    Running contrast 426/1309
deg_analysis_31136303_49.out:    Running contrast 431/1309
deg_analysis_31136303_49.out:    Running contrast 436/1309
deg_analysis_31136303_49.out:    Running contrast 441/1309
deg_analysis_31136303_49.out:    Running contrast 446/1309
deg_analysis_31136303_49.out:    Running contrast 451/1309
deg_analysis_31136303_49.out:    Running contrast 456/1309
deg_analysis_31136303_49.out:    Running contrast 461/1309
deg_analysis_31136303_49.out:    Running contrast 466/1309
deg_analysis_31136303_49.out:    Running contrast 471/1309
deg_analysis_31136303_49.out:    Running contrast 476/1309
deg_analysis_31136303_49.out:    Running contrast 481/1309
deg_analysis_31136303_49.out:    Running contrast 486/1309
deg_analysis_31136303_49.out:    Running contrast 491/1309
deg_analysis_31136303_49.out:    Running contrast 496/1309
deg_analysis_31136303_49.out:    Running contrast 501/1309
deg_analysis_31136303_49.out:    Running contrast 506/1309
deg_analysis_31136303_49.out:    Running contrast 511/1309
deg_analysis_31136303_49.out:    Running contrast 516/1309
deg_analysis_31136303_49.out:    Running contrast 521/1309
deg_analysis_31136303_49.out:    Running contrast 526/1309
deg_analysis_31136303_49.out:    Running contrast 531/1309
deg_analysis_31136303_49.out:    Running contrast 536/1309
deg_analysis_31136303_49.out:    Running contrast 541/1309
deg_analysis_31136303_49.out:    Running contrast 546/1309
deg_analysis_31136303_49.out:    Running contrast 551/1309
deg_analysis_31136303_49.out:    Running contrast 556/1309
deg_analysis_31136303_49.out:    Running contrast 561/1309
deg_analysis_31136303_49.out:    Running contrast 566/1309
deg_analysis_31136303_49.out:    Running contrast 571/1309
deg_analysis_31136303_49.out:    Running contrast 576/1309
deg_analysis_31136303_49.out:    Running contrast 581/1309
deg_analysis_31136303_49.out:    Running contrast 586/1309
deg_analysis_31136303_49.out:    Running contrast 591/1309
deg_analysis_31136303_49.out:    Running contrast 596/1309
deg_analysis_31136303_49.out:    Running contrast 601/1309
deg_analysis_31136303_49.out:    Running contrast 606/1309
deg_analysis_31136303_49.out:    Running contrast 611/1309
deg_analysis_31136303_49.out:    Running contrast 616/1309
deg_analysis_31136303_49.out:    Running contrast 621/1309
deg_analysis_31136303_49.out:    Running contrast 626/1309
deg_analysis_31136303_49.out:    Running contrast 631/1309
deg_analysis_31136303_49.out:    Running contrast 636/1309
deg_analysis_31136303_49.out:    Running contrast 641/1309
deg_analysis_31136303_49.out:    Running contrast 646/1309
deg_analysis_31136303_49.out:    Running contrast 651/1309
deg_analysis_31136303_49.out:    Running contrast 656/1309
deg_analysis_31136303_49.out:    Running contrast 661/1309
deg_analysis_31136303_49.out:    Running contrast 666/1309
deg_analysis_31136303_49.out:    Running contrast 671/1309
deg_analysis_31136303_49.out:    Running contrast 676/1309
deg_analysis_31136303_49.out:    Running contrast 681/1309
deg_analysis_31136303_49.out:    Running contrast 686/1309
deg_analysis_31136303_49.out:    Running contrast 691/1309
deg_analysis_31136303_49.out:    Running contrast 696/1309
deg_analysis_31136303_49.out:    Running contrast 701/1309
deg_analysis_31136303_49.out:    Running contrast 706/1309
deg_analysis_31136303_49.out:    Running contrast 711/1309
deg_analysis_31136303_49.out:    Running contrast 716/1309
deg_analysis_31136303_49.out:    Running contrast 721/1309
deg_analysis_31136303_49.out:    Running contrast 726/1309
deg_analysis_31136303_49.out:    Running contrast 731/1309
deg_analysis_31136303_49.out:    Running contrast 736/1309
deg_analysis_31136303_49.out:    Running contrast 741/1309
deg_analysis_31136303_49.out:    Running contrast 746/1309
deg_analysis_31136303_49.out:    Running contrast 751/1309
deg_analysis_31136303_49.out:    Running contrast 756/1309
deg_analysis_31136303_49.out:    Running contrast 761/1309
deg_analysis_31136303_49.out:    Running contrast 766/1309
deg_analysis_31136303_49.out:    Running contrast 771/1309
deg_analysis_31136303_49.out:    Running contrast 776/1309
deg_analysis_31136303_49.out:    Running contrast 781/1309
deg_analysis_31136303_49.out:    Running contrast 786/1309
deg_analysis_31136303_49.out:    Running contrast 791/1309
deg_analysis_31136303_49.out:    Running contrast 796/1309
deg_analysis_31136303_49.out:    Running contrast 801/1309
deg_analysis_31136303_49.out:    Running contrast 806/1309
deg_analysis_31136303_49.out:    Running contrast 811/1309
deg_analysis_31136303_49.out:    Running contrast 816/1309
deg_analysis_31136303_49.out:    Running contrast 821/1309
deg_analysis_31136303_49.out:    Running contrast 826/1309
deg_analysis_31136303_49.out:    Running contrast 831/1309
deg_analysis_31136303_49.out:    Running contrast 836/1309
deg_analysis_31136303_49.out:    Running contrast 841/1309
deg_analysis_31136303_49.out:    Running contrast 846/1309
deg_analysis_31136303_49.out:    Running contrast 851/1309
deg_analysis_31136303_49.out:    Running contrast 856/1309
deg_analysis_31136303_49.out:    Running contrast 861/1309
deg_analysis_31136303_49.out:    Running contrast 866/1309
deg_analysis_31136303_49.out:    Running contrast 871/1309
deg_analysis_31136303_49.out:    Running contrast 876/1309
deg_analysis_31136303_49.out:    Running contrast 881/1309
deg_analysis_31136303_49.out:    Running contrast 886/1309
deg_analysis_31136303_49.out:    Running contrast 891/1309
deg_analysis_31136303_49.out:    Running contrast 896/1309
deg_analysis_31136303_49.out:    Running contrast 901/1309
deg_analysis_31136303_49.out:    Running contrast 906/1309
deg_analysis_31136303_49.out:    Running contrast 911/1309
deg_analysis_31136303_49.out:    Running contrast 916/1309
deg_analysis_31136303_49.out:    Running contrast 921/1309
deg_analysis_31136303_49.out:    Running contrast 926/1309
deg_analysis_31136303_49.out:    Running contrast 931/1309
deg_analysis_31136303_49.out:    Running contrast 936/1309
deg_analysis_31136303_49.out:    Running contrast 941/1309
deg_analysis_31136303_49.out:    Running contrast 946/1309
deg_analysis_31136303_49.out:    Running contrast 951/1309
deg_analysis_31136303_49.out:    Running contrast 956/1309
deg_analysis_31136303_49.out:    Running contrast 961/1309
deg_analysis_31136303_49.out:    Running contrast 966/1309
deg_analysis_31136303_49.out:    Running contrast 971/1309
deg_analysis_31136303_49.out:    Running contrast 976/1309
deg_analysis_31136303_49.out:    Running contrast 981/1309
deg_analysis_31136303_49.out:    Running contrast 986/1309
deg_analysis_31136303_49.out:    Running contrast 991/1309
deg_analysis_31136303_49.out:    Running contrast 996/1309
deg_analysis_31136303_49.out:    Running contrast 1001/1309
deg_analysis_31136303_49.out:    Running contrast 1006/1309
deg_analysis_31136303_49.out:    Running contrast 1011/1309
deg_analysis_31136303_49.out:    Running contrast 1016/1309
deg_analysis_31136303_49.out:    Running contrast 1021/1309
deg_analysis_31136303_49.out:    Running contrast 1026/1309
deg_analysis_31136303_49.out:    Running contrast 1031/1309
deg_analysis_31136303_49.out:    Running contrast 1036/1309
deg_analysis_31136303_49.out:    Running contrast 1041/1309
deg_analysis_31136303_49.out:    Running contrast 1046/1309
deg_analysis_31136303_49.out:    Running contrast 1051/1309
deg_analysis_31136303_49.out:    Running contrast 1056/1309
deg_analysis_31136303_49.out:    Running contrast 1061/1309
deg_analysis_31136303_49.out:    Running contrast 1066/1309
deg_analysis_31136303_49.out:    Running contrast 1071/1309
deg_analysis_31136303_49.out:    Running contrast 1076/1309
deg_analysis_31136303_49.out:    Running contrast 1081/1309
deg_analysis_31136303_49.out:    Running contrast 1086/1309
deg_analysis_31136303_49.out:    Running contrast 1091/1309
deg_analysis_31136303_49.out:    Running contrast 1096/1309
deg_analysis_31136303_49.out:    Running contrast 1101/1309
deg_analysis_31136303_49.out:    Running contrast 1106/1309
deg_analysis_31136303_49.out:    Running contrast 1111/1309
deg_analysis_31136303_49.out:    Running contrast 1116/1309
deg_analysis_31136303_49.out:    Running contrast 1121/1309
deg_analysis_31136303_49.out:    Running contrast 1126/1309
deg_analysis_31136303_49.out:    Running contrast 1131/1309
deg_analysis_31136303_49.out:    Running contrast 1136/1309
deg_analysis_31136303_49.out:    Running contrast 1141/1309
deg_analysis_31136303_49.out:    Running contrast 1146/1309
deg_analysis_31136303_49.out:    Running contrast 1151/1309
deg_analysis_31136303_49.out:    Running contrast 1156/1309
deg_analysis_31136303_49.out:    Running contrast 1161/1309
deg_analysis_31136303_49.out:    Running contrast 1166/1309
deg_analysis_31136303_49.out:    Running contrast 1171/1309
deg_analysis_31136303_49.out:    Running contrast 1176/1309
deg_analysis_31136303_49.out:    Running contrast 1181/1309
deg_analysis_31136303_49.out:    Running contrast 1186/1309
deg_analysis_31136303_49.out:    Running contrast 1191/1309
deg_analysis_31136303_49.out:    Running contrast 1196/1309
deg_analysis_31136303_49.out:    Running contrast 1201/1309
deg_analysis_31136303_49.out:    Running contrast 1206/1309
deg_analysis_31136303_49.out:    Running contrast 1211/1309
deg_analysis_31136303_49.out:    Running contrast 1216/1309
deg_analysis_31136303_49.out:    Running contrast 1221/1309
deg_analysis_31136303_49.out:    Running contrast 1226/1309
deg_analysis_31136303_49.out:    Running contrast 1231/1309
deg_analysis_31136303_49.out:    Running contrast 1236/1309
deg_analysis_31136303_49.out:    Running contrast 1241/1309
deg_analysis_31136303_49.out:    Running contrast 1246/1309
deg_analysis_31136303_49.out:    Running contrast 1251/1309
deg_analysis_31136303_49.out:    Running contrast 1256/1309
deg_analysis_31136303_49.out:    Running contrast 1261/1309
deg_analysis_31136303_49.out:    Running contrast 1266/1309
deg_analysis_31136303_49.out:    Running contrast 1271/1309
deg_analysis_31136303_49.out:    Running contrast 1276/1309
deg_analysis_31136303_49.out:    Running contrast 1281/1309
deg_analysis_31136303_49.out:    Running contrast 1286/1309
deg_analysis_31136303_49.out:    Running contrast 1291/1309
deg_analysis_31136303_49.out:    Running contrast 1296/1309
deg_analysis_31136303_49.out:    Running contrast 1301/1309
deg_analysis_31136303_49.out:    Running contrast 1306/1309
deg_analysis_31136303_49.out:    Running contrast 1309/1309
deg_analysis_31136303_49.out:
deg_analysis_31136303_49.out:    Writing:  ./data/tahoe/deg_data/sep_rep/full/qc_false/filter_min_cells_10/CVCL_C466_de.h5ad 
deg_analysis_31136303_49.out:
deg_analysis_31136303_49.out:    Rewriting h5ad file: ./data/tahoe/deg_data/sep_rep/full/qc_false/filter_min_cells_10/CVCL_C466_de.h5ad 
deg_analysis_31136303_49.out:    Removed X matrix
deg_analysis_31136303_49.out:    Rewriting h5ad file is done!
deg_analysis_31136303_49.out:✓ Cell line completed in 9279.8 seconds
deg_analysis_31136303_49.out:
deg_analysis_31136303_49.out:DE analysis completed!
deg_analysis_31136303_49.out:
deg_analysis_31136303_49.out:Total runtime: 9292.4 seconds
