deg_l1000_phase2.PID1186608.out:> Do not filter samples that did not pass quality control
deg_l1000_phase2.PID1186608.out:> Work with a full version
deg_l1000_phase2.PID1186608.out:> Mode: PARALLEL BY CELL TYPE (array jobs per cell type)
deg_l1000_phase2.PID1186608.out:> Dataset is normalized, skipping normalization steps
deg_l1000_phase2.PID1186608.out:> Using config: ./pipelines/l1000_phase2/configs/deg/config.json
deg_l1000_phase2.PID1186608.out:> Preprocess pseudobulk with parameter: separate_replicates
deg_l1000_phase2.PID1186608.out:> Running preprocessing pseudobulk
deg_l1000_phase2.PID1186608.out:Submitted batch job 33077818
deg_l1000_phase2.PID1186608.out:> Preprocessing completed
deg_l1000_phase2.PID1186608.out:> Starting DGE analysis with parameter: separate_replicates
deg_l1000_phase2.PID1186608.out:  Found 142 file(s) to process
deg_l1000_phase2.PID1186608.out:
deg_l1000_phase2.PID1186608.out:============================================
deg_l1000_phase2.PID1186608.out:DGE ANALYSIS
deg_l1000_phase2.PID1186608.out:============================================
deg_l1000_phase2.PID1186608.out:  Processing 142 file(s)...
deg_l1000_phase2.PID1186608.out:
deg_l1000_phase2.PID1186608.out:
deg_l1000_phase2.PID1186608.out:============================================
deg_l1000_phase2.PID1186608.out:DEG ANALYSIS: Array Job Mode
deg_l1000_phase2.PID1186608.out:============================================
deg_l1000_phase2.PID1186608.out:  Processing 142 file(s) with array job...
deg_l1000_phase2.PID1186608.out:  Submitting array job [142 jobs, max 50 concurrent]...
deg_l1000_phase2.PID1186608.out:Submitted batch job 33077843
deg_l1000_phase2.PID1186608.out:> DEG array job completed
deg_l1000_phase2.PID1186608.out:
deg_l1000_phase2.PID1186608.out:============================================
deg_l1000_phase2.PID1186608.out:AGGREGATING BATCH FILES
deg_l1000_phase2.PID1186608.out:============================================
deg_l1000_phase2.PID1186608.out:  Found files in ./data/l1000_phase2/deg_data/sep_rep/full/qc_false/filter_min_cells_0/intermediate and results directory is empty
deg_l1000_phase2.PID1186608.out:  Aggregating batch files from intermediate/ to results/...
deg_l1000_phase2.PID1186608.out:  Running aggregation...
deg_l1000_phase2.PID1186608.out:Submitted batch job 33084151
deg_l1000_phase2.PID1186608.out:> Aggregation completed
deg_l1000_phase2.PID1186608.out:
deg_l1000_phase2.PID1186608.out:============================================
deg_l1000_phase2.PID1186608.out:DGE PIPELINE COMPLETED
deg_l1000_phase2.PID1186608.out:============================================
deg_l1000_phase2.PID1186608.out:  Results saved to: ./data/l1000_phase2/deg_data/sep_rep/full/qc_false/filter_min_cells_0
deg_l1000_phase2.PID1186608.out:    - intermediate/ for separate files
deg_l1000_phase2.PID1186608.out:    - results/ for combined
deg_l1000_phase2.PID1186608.out:
deg_l1000_phase2.PID1186608.out:> DGE pipeline is finished
deg_l1000_phase2.PID1186608.out:> Cleaning up temporary files...
deg_l1000_phase2.PID1186608.out:> Cleanup complete
deg_processing_pseudobulk.33077818.out:2025-12-30 05:01:19 | [INFO] Read pseudobulk file
deg_processing_pseudobulk.33077818.out:2025-12-30 05:01:26 | [INFO] Dataset "l1000_phase2" specified but no processing_functions configured, skipping
deg_processing_pseudobulk.33077818.out:2025-12-30 05:01:26 | [INFO] Map ensemble IDs to current/replacement IDs
deg_processing_pseudobulk.33077818.out:2025-12-30 05:01:26 | [INFO] Mapping Ensembl IDs to current/replacement IDs
deg_processing_pseudobulk.33077818.out:2025-12-30 05:01:26 | [INFO]   Found 978 genes with Ensembl IDs in var.index
deg_processing_pseudobulk.33077818.out:2025-12-30 05:01:26 | [INFO] Processing 978 IDs in 1 queries
deg_processing_pseudobulk.33077818.out:2025-12-30 05:01:26 | [INFO]   Query 1/1: processing 978 IDs
deg_processing_pseudobulk.33077818.out:2025-12-30 05:01:28 | [INFO] Summary:
deg_processing_pseudobulk.33077818.out:2025-12-30 05:01:28 | [INFO]   Total results: 978 out of 978
deg_processing_pseudobulk.33077818.out:2025-12-30 05:01:28 | [INFO]   Current IDs: 978
deg_processing_pseudobulk.33077818.out:2025-12-30 05:01:28 | [INFO]   Deprecated (no replacement): 0
deg_processing_pseudobulk.33077818.out:2025-12-30 05:01:28 | [INFO]   Single replacements: 0
deg_processing_pseudobulk.33077818.out:2025-12-30 05:01:28 | [INFO]   Multiple replacements: 0
deg_processing_pseudobulk.33077818.out:2025-12-30 05:01:28 | [INFO]   Unique target IDs with duplicates: 0
deg_processing_pseudobulk.33077818.out:2025-12-30 05:01:28 | [INFO]   Mapping size: 978
deg_processing_pseudobulk.33077818.out:2025-12-30 05:01:30 | [INFO]   Result: 978 → 978 genes (reduced by 0)
deg_processing_pseudobulk.33077818.out:2025-12-30 05:01:30 | [INFO] Add perturbation label
deg_processing_pseudobulk.33077818.out:2025-12-30 05:01:36 | [INFO] Save data
deg_processing_pseudobulk.33077818.out:2025-12-30 05:02:07 | [INFO]     Saved: ./data/l1000_phase2/pseudobulk_processed/sep_rep/l1000_phase2_level3_deg_ready_landmark_processed.h5ad (333680 obs, 1769 perturbagens)
deg_processing_pseudobulk.33077818.out:2025-12-30 05:02:07 | [INFO] Splitting into 30 cell types
deg_processing_pseudobulk.33077818.out:2025-12-30 05:02:07 | [INFO] Splitting ASC.C: 3328 obs, 3115 perturbation labels
deg_processing_pseudobulk.33077818.out:2025-12-30 05:02:07 | [INFO]   After separation: 168 perturbagens, 3114 non-control obs, 3114 non-control labels
deg_processing_pseudobulk.33077818.out:2025-12-30 05:02:07 | [INFO]   Create batches
deg_processing_pseudobulk.33077818.out:2025-12-30 05:02:08 | [INFO]   Pad batches
deg_processing_pseudobulk.33077818.out:2025-12-30 05:02:09 | [INFO]   1 batches need to be padded
deg_processing_pseudobulk.33077818.out:2025-12-30 05:02:09 | [INFO]   After padding before adding controls: 2 batches, batch sizes: ['2513 x 2513', '2503 x 2503']
deg_processing_pseudobulk.33077818.out:2025-12-30 05:02:09 | [INFO]   Add controls to batches
deg_processing_pseudobulk.33077818.out:2025-12-30 05:02:09 | [INFO]   Save batches:
deg_processing_pseudobulk.33077818.out:2025-12-30 05:02:10 | [INFO]     Saved: ./data/l1000_phase2/pseudobulk_processed/sep_rep/by_celltype/ASC.C/ASC.C_processed_batch_1.h5ad (2727 obs, 136 perturbagens)
deg_processing_pseudobulk.33077818.out:2025-12-30 05:02:10 | [INFO]     Saved: ./data/l1000_phase2/pseudobulk_processed/sep_rep/by_celltype/ASC.C/ASC.C_processed_batch_2.h5ad (2717 obs, 134 perturbagens)
deg_processing_pseudobulk.33077818.out:2025-12-30 05:02:10 | [INFO] Splitting ASC.C is done
deg_processing_pseudobulk.33077818.out:2025-12-30 05:02:10 | [INFO] Splitting CD34: 3295 obs, 3082 perturbation labels
deg_processing_pseudobulk.33077818.out:2025-12-30 05:02:10 | [INFO]   After separation: 168 perturbagens, 3081 non-control obs, 3081 non-control labels
deg_processing_pseudobulk.33077818.out:2025-12-30 05:02:10 | [INFO]   Create batches
deg_processing_pseudobulk.33077818.out:2025-12-30 05:02:11 | [INFO]   Pad batches
deg_processing_pseudobulk.33077818.out:2025-12-30 05:02:12 | [INFO]   1 batches need to be padded
deg_processing_pseudobulk.33077818.out:2025-12-30 05:02:12 | [INFO]   After padding before adding controls: 2 batches, batch sizes: ['2501 x 2501', '2509 x 2509']
deg_processing_pseudobulk.33077818.out:2025-12-30 05:02:12 | [INFO]   Add controls to batches
deg_processing_pseudobulk.33077818.out:2025-12-30 05:02:12 | [INFO]   Save batches:
deg_processing_pseudobulk.33077818.out:2025-12-30 05:02:13 | [INFO]     Saved: ./data/l1000_phase2/pseudobulk_processed/sep_rep/by_celltype/CD34/CD34_processed_batch_1.h5ad (2715 obs, 136 perturbagens)
deg_processing_pseudobulk.33077818.out:2025-12-30 05:02:13 | [INFO]     Saved: ./data/l1000_phase2/pseudobulk_processed/sep_rep/by_celltype/CD34/CD34_processed_batch_2.h5ad (2723 obs, 136 perturbagens)
deg_processing_pseudobulk.33077818.out:2025-12-30 05:02:13 | [INFO] Splitting CD34 is done
deg_processing_pseudobulk.33077818.out:2025-12-30 05:02:14 | [INFO] Splitting CVCL_0023: 8740 obs, 8178 perturbation labels
deg_processing_pseudobulk.33077818.out:2025-12-30 05:02:14 | [INFO]   After separation: 306 perturbagens, 8176 non-control obs, 8176 non-control labels
deg_processing_pseudobulk.33077818.out:2025-12-30 05:02:14 | [INFO]   Create batches
deg_processing_pseudobulk.33077818.out:2025-12-30 05:02:15 | [INFO]   Pad batches
deg_processing_pseudobulk.33077818.out:2025-12-30 05:02:17 | [INFO]   1 batches need to be padded
deg_processing_pseudobulk.33077818.out:2025-12-30 05:02:17 | [INFO]   After padding before adding controls: 4 batches, batch sizes: ['2523 x 2523', '2514 x 2514', '2537 x 2537', '2520 x 2520']
deg_processing_pseudobulk.33077818.out:2025-12-30 05:02:17 | [INFO]   Add controls to batches
deg_processing_pseudobulk.33077818.out:2025-12-30 05:02:17 | [INFO]   Save batches:
deg_processing_pseudobulk.33077818.out:2025-12-30 05:02:18 | [INFO]     Saved: ./data/l1000_phase2/pseudobulk_processed/sep_rep/by_celltype/CVCL_0023/CVCL_0023_processed_batch_1.h5ad (3087 obs, 99 perturbagens)
deg_processing_pseudobulk.33077818.out:2025-12-30 05:02:19 | [INFO]     Saved: ./data/l1000_phase2/pseudobulk_processed/sep_rep/by_celltype/CVCL_0023/CVCL_0023_processed_batch_2.h5ad (3078 obs, 99 perturbagens)
deg_processing_pseudobulk.33077818.out:2025-12-30 05:02:19 | [INFO]     Saved: ./data/l1000_phase2/pseudobulk_processed/sep_rep/by_celltype/CVCL_0023/CVCL_0023_processed_batch_3.h5ad (3101 obs, 86 perturbagens)
deg_processing_pseudobulk.33077818.out:2025-12-30 05:02:20 | [INFO]     Saved: ./data/l1000_phase2/pseudobulk_processed/sep_rep/by_celltype/CVCL_0023/CVCL_0023_processed_batch_4.h5ad (3084 obs, 102 perturbagens)
deg_processing_pseudobulk.33077818.out:2025-12-30 05:02:20 | [INFO] Splitting CVCL_0023 is done
deg_processing_pseudobulk.33077818.out:2025-12-30 05:02:20 | [INFO] Splitting CVCL_0027: 5604 obs, 5235 perturbation labels
deg_processing_pseudobulk.33077818.out:2025-12-30 05:02:20 | [INFO]   After separation: 269 perturbagens, 5234 non-control obs, 5234 non-control labels
deg_processing_pseudobulk.33077818.out:2025-12-30 05:02:20 | [INFO]   Create batches
deg_processing_pseudobulk.33077818.out:2025-12-30 05:02:21 | [INFO]   Pad batches
deg_processing_pseudobulk.33077818.out:2025-12-30 05:02:23 | [INFO]   1 batches need to be padded
deg_processing_pseudobulk.33077818.out:2025-12-30 05:02:23 | [INFO]   After padding before adding controls: 3 batches, batch sizes: ['2505 x 2505', '2517 x 2517', '2503 x 2503']
deg_processing_pseudobulk.33077818.out:2025-12-30 05:02:23 | [INFO]   Add controls to batches
deg_processing_pseudobulk.33077818.out:2025-12-30 05:02:23 | [INFO]   Save batches:
deg_processing_pseudobulk.33077818.out:2025-12-30 05:02:24 | [INFO]     Saved: ./data/l1000_phase2/pseudobulk_processed/sep_rep/by_celltype/CVCL_0027/CVCL_0027_processed_batch_1.h5ad (2875 obs, 128 perturbagens)
deg_processing_pseudobulk.33077818.out:2025-12-30 05:02:24 | [INFO]     Saved: ./data/l1000_phase2/pseudobulk_processed/sep_rep/by_celltype/CVCL_0027/CVCL_0027_processed_batch_2.h5ad (2887 obs, 131 perturbagens)
deg_processing_pseudobulk.33077818.out:2025-12-30 05:02:25 | [INFO]     Saved: ./data/l1000_phase2/pseudobulk_processed/sep_rep/by_celltype/CVCL_0027/CVCL_0027_processed_batch_3.h5ad (2873 obs, 127 perturbagens)
deg_processing_pseudobulk.33077818.out:2025-12-30 05:02:25 | [INFO] Splitting CVCL_0027 is done
deg_processing_pseudobulk.33077818.out:2025-12-30 05:02:25 | [INFO] Splitting CVCL_0030: 31250 obs, 29597 perturbation labels
deg_processing_pseudobulk.33077818.out:2025-12-30 05:02:25 | [INFO]   After separation: 1568 perturbagens, 29596 non-control obs, 29596 non-control labels
deg_processing_pseudobulk.33077818.out:2025-12-30 05:02:25 | [INFO]   Create batches
deg_processing_pseudobulk.33077818.out:2025-12-30 05:02:35 | [INFO]   Pad batches
deg_processing_pseudobulk.33077818.out:2025-12-30 05:02:45 | [INFO]   1 batches need to be padded
deg_processing_pseudobulk.33077818.out:2025-12-30 05:02:45 | [INFO]   After padding before adding controls: 12 batches, batch sizes: ['2513 x 2513', '2514 x 2514', '2507 x 2507', '2500 x 2500', '2508 x 2508', '2507 x 2507', '2517 x 2517', '2505 x 2505', '2513 x 2513', '2678 x 2678', '2504 x 2504', '2504 x 2504']
deg_processing_pseudobulk.33077818.out:2025-12-30 05:02:45 | [INFO]   Add controls to batches
deg_processing_pseudobulk.33077818.out:2025-12-30 05:02:45 | [INFO]   Save batches:
deg_processing_pseudobulk.33077818.out:2025-12-30 05:02:46 | [INFO]     Saved: ./data/l1000_phase2/pseudobulk_processed/sep_rep/by_celltype/CVCL_0030/CVCL_0030_processed_batch_1.h5ad (4167 obs, 88 perturbagens)
deg_processing_pseudobulk.33077818.out:2025-12-30 05:02:46 | [INFO]     Saved: ./data/l1000_phase2/pseudobulk_processed/sep_rep/by_celltype/CVCL_0030/CVCL_0030_processed_batch_2.h5ad (4168 obs, 144 perturbagens)
deg_processing_pseudobulk.33077818.out:2025-12-30 05:02:47 | [INFO]     Saved: ./data/l1000_phase2/pseudobulk_processed/sep_rep/by_celltype/CVCL_0030/CVCL_0030_processed_batch_3.h5ad (4161 obs, 143 perturbagens)
deg_processing_pseudobulk.33077818.out:2025-12-30 05:02:48 | [INFO]     Saved: ./data/l1000_phase2/pseudobulk_processed/sep_rep/by_celltype/CVCL_0030/CVCL_0030_processed_batch_4.h5ad (4154 obs, 143 perturbagens)
deg_processing_pseudobulk.33077818.out:2025-12-30 05:02:49 | [INFO]     Saved: ./data/l1000_phase2/pseudobulk_processed/sep_rep/by_celltype/CVCL_0030/CVCL_0030_processed_batch_5.h5ad (4162 obs, 143 perturbagens)
deg_processing_pseudobulk.33077818.out:2025-12-30 05:02:49 | [INFO]     Saved: ./data/l1000_phase2/pseudobulk_processed/sep_rep/by_celltype/CVCL_0030/CVCL_0030_processed_batch_6.h5ad (4161 obs, 142 perturbagens)
deg_processing_pseudobulk.33077818.out:2025-12-30 05:02:50 | [INFO]     Saved: ./data/l1000_phase2/pseudobulk_processed/sep_rep/by_celltype/CVCL_0030/CVCL_0030_processed_batch_7.h5ad (4171 obs, 144 perturbagens)
deg_processing_pseudobulk.33077818.out:2025-12-30 05:02:51 | [INFO]     Saved: ./data/l1000_phase2/pseudobulk_processed/sep_rep/by_celltype/CVCL_0030/CVCL_0030_processed_batch_8.h5ad (4159 obs, 143 perturbagens)
deg_processing_pseudobulk.33077818.out:2025-12-30 05:02:51 | [INFO]     Saved: ./data/l1000_phase2/pseudobulk_processed/sep_rep/by_celltype/CVCL_0030/CVCL_0030_processed_batch_9.h5ad (4167 obs, 144 perturbagens)
deg_processing_pseudobulk.33077818.out:2025-12-30 05:02:52 | [INFO]     Saved: ./data/l1000_phase2/pseudobulk_processed/sep_rep/by_celltype/CVCL_0030/CVCL_0030_processed_batch_10.h5ad (4332 obs, 98 perturbagens)
deg_processing_pseudobulk.33077818.out:2025-12-30 05:02:53 | [INFO]     Saved: ./data/l1000_phase2/pseudobulk_processed/sep_rep/by_celltype/CVCL_0030/CVCL_0030_processed_batch_11.h5ad (4158 obs, 143 perturbagens)
deg_processing_pseudobulk.33077818.out:2025-12-30 05:02:53 | [INFO]     Saved: ./data/l1000_phase2/pseudobulk_processed/sep_rep/by_celltype/CVCL_0030/CVCL_0030_processed_batch_12.h5ad (4158 obs, 143 perturbagens)
deg_processing_pseudobulk.33077818.out:2025-12-30 05:02:53 | [INFO] Splitting CVCL_0030 is done
deg_processing_pseudobulk.33077818.out:2025-12-30 05:02:54 | [INFO] Splitting CVCL_0031: 39710 obs, 37498 perturbation labels
deg_processing_pseudobulk.33077818.out:2025-12-30 05:02:54 | [INFO]   After separation: 1760 perturbagens, 37495 non-control obs, 37495 non-control labels
deg_processing_pseudobulk.33077818.out:2025-12-30 05:02:54 | [INFO]   Create batches
deg_processing_pseudobulk.33077818.out:2025-12-30 05:03:05 | [INFO]   Pad batches
deg_processing_pseudobulk.33077818.out:2025-12-30 05:03:16 | [INFO]   1 batches need to be padded
deg_processing_pseudobulk.33077818.out:2025-12-30 05:03:16 | [INFO]   After padding before adding controls: 15 batches, batch sizes: ['2517 x 2517', '2538 x 2538', '2535 x 2535', '2516 x 2516', '2511 x 2511', '2502 x 2502', '2504 x 2504', '2500 x 2500', '2518 x 2518', '2509 x 2509', '2515 x 2515', '2513 x 2513', '2621 x 2621', '2510 x 2510', '2505 x 2505']
deg_processing_pseudobulk.33077818.out:2025-12-30 05:03:16 | [INFO]   Add controls to batches
deg_processing_pseudobulk.33077818.out:2025-12-30 05:03:16 | [INFO]   Save batches:
deg_processing_pseudobulk.33077818.out:2025-12-30 05:03:17 | [INFO]     Saved: ./data/l1000_phase2/pseudobulk_processed/sep_rep/by_celltype/CVCL_0031/CVCL_0031_processed_batch_1.h5ad (4732 obs, 78 perturbagens)
deg_processing_pseudobulk.33077818.out:2025-12-30 05:03:18 | [INFO]     Saved: ./data/l1000_phase2/pseudobulk_processed/sep_rep/by_celltype/CVCL_0031/CVCL_0031_processed_batch_2.h5ad (4753 obs, 124 perturbagens)
deg_processing_pseudobulk.33077818.out:2025-12-30 05:03:19 | [INFO]     Saved: ./data/l1000_phase2/pseudobulk_processed/sep_rep/by_celltype/CVCL_0031/CVCL_0031_processed_batch_3.h5ad (4750 obs, 128 perturbagens)
deg_processing_pseudobulk.33077818.out:2025-12-30 05:03:19 | [INFO]     Saved: ./data/l1000_phase2/pseudobulk_processed/sep_rep/by_celltype/CVCL_0031/CVCL_0031_processed_batch_4.h5ad (4731 obs, 74 perturbagens)
deg_processing_pseudobulk.33077818.out:2025-12-30 05:03:20 | [INFO]     Saved: ./data/l1000_phase2/pseudobulk_processed/sep_rep/by_celltype/CVCL_0031/CVCL_0031_processed_batch_5.h5ad (4726 obs, 128 perturbagens)
deg_processing_pseudobulk.33077818.out:2025-12-30 05:03:21 | [INFO]     Saved: ./data/l1000_phase2/pseudobulk_processed/sep_rep/by_celltype/CVCL_0031/CVCL_0031_processed_batch_6.h5ad (4717 obs, 135 perturbagens)
deg_processing_pseudobulk.33077818.out:2025-12-30 05:03:21 | [INFO]     Saved: ./data/l1000_phase2/pseudobulk_processed/sep_rep/by_celltype/CVCL_0031/CVCL_0031_processed_batch_7.h5ad (4719 obs, 123 perturbagens)
deg_processing_pseudobulk.33077818.out:2025-12-30 05:03:22 | [INFO]     Saved: ./data/l1000_phase2/pseudobulk_processed/sep_rep/by_celltype/CVCL_0031/CVCL_0031_processed_batch_8.h5ad (4715 obs, 127 perturbagens)
deg_processing_pseudobulk.33077818.out:2025-12-30 05:03:23 | [INFO]     Saved: ./data/l1000_phase2/pseudobulk_processed/sep_rep/by_celltype/CVCL_0031/CVCL_0031_processed_batch_9.h5ad (4733 obs, 118 perturbagens)
deg_processing_pseudobulk.33077818.out:2025-12-30 05:03:24 | [INFO]     Saved: ./data/l1000_phase2/pseudobulk_processed/sep_rep/by_celltype/CVCL_0031/CVCL_0031_processed_batch_10.h5ad (4724 obs, 126 perturbagens)
deg_processing_pseudobulk.33077818.out:2025-12-30 05:03:25 | [INFO]     Saved: ./data/l1000_phase2/pseudobulk_processed/sep_rep/by_celltype/CVCL_0031/CVCL_0031_processed_batch_11.h5ad (4730 obs, 132 perturbagens)
deg_processing_pseudobulk.33077818.out:2025-12-30 05:03:25 | [INFO]     Saved: ./data/l1000_phase2/pseudobulk_processed/sep_rep/by_celltype/CVCL_0031/CVCL_0031_processed_batch_12.h5ad (4728 obs, 127 perturbagens)
deg_processing_pseudobulk.33077818.out:2025-12-30 05:03:26 | [INFO]     Saved: ./data/l1000_phase2/pseudobulk_processed/sep_rep/by_celltype/CVCL_0031/CVCL_0031_processed_batch_13.h5ad (4836 obs, 122 perturbagens)
deg_processing_pseudobulk.33077818.out:2025-12-30 05:03:27 | [INFO]     Saved: ./data/l1000_phase2/pseudobulk_processed/sep_rep/by_celltype/CVCL_0031/CVCL_0031_processed_batch_14.h5ad (4725 obs, 123 perturbagens)
deg_processing_pseudobulk.33077818.out:2025-12-30 05:03:28 | [INFO]     Saved: ./data/l1000_phase2/pseudobulk_processed/sep_rep/by_celltype/CVCL_0031/CVCL_0031_processed_batch_15.h5ad (4720 obs, 126 perturbagens)
deg_processing_pseudobulk.33077818.out:2025-12-30 05:03:28 | [INFO] Splitting CVCL_0031 is done
deg_processing_pseudobulk.33077818.out:2025-12-30 05:03:28 | [INFO] Splitting CVCL_0033: 4396 obs, 4102 perturbation labels
deg_processing_pseudobulk.33077818.out:2025-12-30 05:03:28 | [INFO]   After separation: 110 perturbagens, 4100 non-control obs, 4100 non-control labels
deg_processing_pseudobulk.33077818.out:2025-12-30 05:03:28 | [INFO]   Create batches
deg_processing_pseudobulk.33077818.out:2025-12-30 05:03:29 | [INFO]   Pad batches
deg_processing_pseudobulk.33077818.out:2025-12-30 05:03:29 | [INFO]   1 batches need to be padded
deg_processing_pseudobulk.33077818.out:2025-12-30 05:03:29 | [INFO]   After padding before adding controls: 2 batches, batch sizes: ['2517 x 2517', '2509 x 2509']
deg_processing_pseudobulk.33077818.out:2025-12-30 05:03:29 | [INFO]   Add controls to batches
deg_processing_pseudobulk.33077818.out:2025-12-30 05:03:29 | [INFO]   Save batches:
deg_processing_pseudobulk.33077818.out:2025-12-30 05:03:30 | [INFO]     Saved: ./data/l1000_phase2/pseudobulk_processed/sep_rep/by_celltype/CVCL_0033/CVCL_0033_processed_batch_1.h5ad (2813 obs, 71 perturbagens)
deg_processing_pseudobulk.33077818.out:2025-12-30 05:03:30 | [INFO]     Saved: ./data/l1000_phase2/pseudobulk_processed/sep_rep/by_celltype/CVCL_0033/CVCL_0033_processed_batch_2.h5ad (2805 obs, 67 perturbagens)
deg_processing_pseudobulk.33077818.out:2025-12-30 05:03:30 | [INFO] Splitting CVCL_0033 is done
deg_processing_pseudobulk.33077818.out:2025-12-30 05:03:31 | [INFO] Splitting CVCL_0035: 36111 obs, 34114 perturbation labels
deg_processing_pseudobulk.33077818.out:2025-12-30 05:03:31 | [INFO]   After separation: 1760 perturbagens, 34112 non-control obs, 34112 non-control labels
deg_processing_pseudobulk.33077818.out:2025-12-30 05:03:31 | [INFO]   Create batches
deg_processing_pseudobulk.33077818.out:2025-12-30 05:03:42 | [INFO]   Pad batches
deg_processing_pseudobulk.33077818.out:2025-12-30 05:03:53 | [INFO]   1 batches need to be padded
deg_processing_pseudobulk.33077818.out:2025-12-30 05:03:53 | [INFO]   After padding before adding controls: 14 batches, batch sizes: ['2508 x 2508', '2502 x 2502', '2510 x 2510', '2513 x 2513', '2515 x 2515', '2511 x 2511', '2502 x 2502', '2502 x 2502', '2508 x 2508', '2517 x 2517', '2501 x 2501', '2515 x 2515', '2513 x 2513', '2502 x 2502']
deg_processing_pseudobulk.33077818.out:2025-12-30 05:03:53 | [INFO]   Add controls to batches
deg_processing_pseudobulk.33077818.out:2025-12-30 05:03:53 | [INFO]   Save batches:
deg_processing_pseudobulk.33077818.out:2025-12-30 05:03:54 | [INFO]     Saved: ./data/l1000_phase2/pseudobulk_processed/sep_rep/by_celltype/CVCL_0035/CVCL_0035_processed_batch_1.h5ad (4507 obs, 86 perturbagens)
deg_processing_pseudobulk.33077818.out:2025-12-30 05:03:54 | [INFO]     Saved: ./data/l1000_phase2/pseudobulk_processed/sep_rep/by_celltype/CVCL_0035/CVCL_0035_processed_batch_2.h5ad (4501 obs, 140 perturbagens)
deg_processing_pseudobulk.33077818.out:2025-12-30 05:03:55 | [INFO]     Saved: ./data/l1000_phase2/pseudobulk_processed/sep_rep/by_celltype/CVCL_0035/CVCL_0035_processed_batch_3.h5ad (4509 obs, 141 perturbagens)
deg_processing_pseudobulk.33077818.out:2025-12-30 05:03:56 | [INFO]     Saved: ./data/l1000_phase2/pseudobulk_processed/sep_rep/by_celltype/CVCL_0035/CVCL_0035_processed_batch_4.h5ad (4512 obs, 89 perturbagens)
deg_processing_pseudobulk.33077818.out:2025-12-30 05:03:56 | [INFO]     Saved: ./data/l1000_phase2/pseudobulk_processed/sep_rep/by_celltype/CVCL_0035/CVCL_0035_processed_batch_5.h5ad (4514 obs, 135 perturbagens)
deg_processing_pseudobulk.33077818.out:2025-12-30 05:03:57 | [INFO]     Saved: ./data/l1000_phase2/pseudobulk_processed/sep_rep/by_celltype/CVCL_0035/CVCL_0035_processed_batch_6.h5ad (4510 obs, 140 perturbagens)
deg_processing_pseudobulk.33077818.out:2025-12-30 05:03:58 | [INFO]     Saved: ./data/l1000_phase2/pseudobulk_processed/sep_rep/by_celltype/CVCL_0035/CVCL_0035_processed_batch_7.h5ad (4501 obs, 137 perturbagens)
deg_processing_pseudobulk.33077818.out:2025-12-30 05:03:59 | [INFO]     Saved: ./data/l1000_phase2/pseudobulk_processed/sep_rep/by_celltype/CVCL_0035/CVCL_0035_processed_batch_8.h5ad (4501 obs, 130 perturbagens)
deg_processing_pseudobulk.33077818.out:2025-12-30 05:03:59 | [INFO]     Saved: ./data/l1000_phase2/pseudobulk_processed/sep_rep/by_celltype/CVCL_0035/CVCL_0035_processed_batch_9.h5ad (4507 obs, 139 perturbagens)
deg_processing_pseudobulk.33077818.out:2025-12-30 05:04:00 | [INFO]     Saved: ./data/l1000_phase2/pseudobulk_processed/sep_rep/by_celltype/CVCL_0035/CVCL_0035_processed_batch_10.h5ad (4516 obs, 141 perturbagens)
deg_processing_pseudobulk.33077818.out:2025-12-30 05:04:01 | [INFO]     Saved: ./data/l1000_phase2/pseudobulk_processed/sep_rep/by_celltype/CVCL_0035/CVCL_0035_processed_batch_11.h5ad (4500 obs, 137 perturbagens)
deg_processing_pseudobulk.33077818.out:2025-12-30 05:04:02 | [INFO]     Saved: ./data/l1000_phase2/pseudobulk_processed/sep_rep/by_celltype/CVCL_0035/CVCL_0035_processed_batch_12.h5ad (4514 obs, 136 perturbagens)
deg_processing_pseudobulk.33077818.out:2025-12-30 05:04:02 | [INFO]     Saved: ./data/l1000_phase2/pseudobulk_processed/sep_rep/by_celltype/CVCL_0035/CVCL_0035_processed_batch_13.h5ad (4512 obs, 139 perturbagens)
deg_processing_pseudobulk.33077818.out:2025-12-30 05:04:03 | [INFO]     Saved: ./data/l1000_phase2/pseudobulk_processed/sep_rep/by_celltype/CVCL_0035/CVCL_0035_processed_batch_14.h5ad (4501 obs, 142 perturbagens)
deg_processing_pseudobulk.33077818.out:2025-12-30 05:04:03 | [INFO] Splitting CVCL_0035 is done
deg_processing_pseudobulk.33077818.out:2025-12-30 05:04:03 | [INFO] Splitting CVCL_0062: 4373 obs, 4076 perturbation labels
deg_processing_pseudobulk.33077818.out:2025-12-30 05:04:03 | [INFO]   After separation: 110 perturbagens, 4074 non-control obs, 4074 non-control labels
deg_processing_pseudobulk.33077818.out:2025-12-30 05:04:03 | [INFO]   Create batches
deg_processing_pseudobulk.33077818.out:2025-12-30 05:04:04 | [INFO]   Pad batches
deg_processing_pseudobulk.33077818.out:2025-12-30 05:04:05 | [INFO]   1 batches need to be padded
deg_processing_pseudobulk.33077818.out:2025-12-30 05:04:05 | [INFO]   After padding before adding controls: 2 batches, batch sizes: ['2528 x 2528', '2518 x 2518']
deg_processing_pseudobulk.33077818.out:2025-12-30 05:04:05 | [INFO]   Add controls to batches
deg_processing_pseudobulk.33077818.out:2025-12-30 05:04:05 | [INFO]   Save batches:
deg_processing_pseudobulk.33077818.out:2025-12-30 05:04:05 | [INFO]     Saved: ./data/l1000_phase2/pseudobulk_processed/sep_rep/by_celltype/CVCL_0062/CVCL_0062_processed_batch_1.h5ad (2827 obs, 70 perturbagens)
deg_processing_pseudobulk.33077818.out:2025-12-30 05:04:06 | [INFO]     Saved: ./data/l1000_phase2/pseudobulk_processed/sep_rep/by_celltype/CVCL_0062/CVCL_0062_processed_batch_2.h5ad (2817 obs, 69 perturbagens)
deg_processing_pseudobulk.33077818.out:2025-12-30 05:04:06 | [INFO] Splitting CVCL_0062 is done
deg_processing_pseudobulk.33077818.out:2025-12-30 05:04:06 | [INFO]     Saved: ./data/l1000_phase2/pseudobulk_processed/sep_rep/by_celltype/CVCL_0065/CVCL_0065_processed.h5ad (724 obs, 64 perturbagens)
deg_processing_pseudobulk.33077818.out:2025-12-30 05:04:06 | [INFO] Splitting CVCL_0132: 36571 obs, 34534 perturbation labels
deg_processing_pseudobulk.33077818.out:2025-12-30 05:04:06 | [INFO]   After separation: 1768 perturbagens, 34532 non-control obs, 34532 non-control labels
deg_processing_pseudobulk.33077818.out:2025-12-30 05:04:06 | [INFO]   Create batches
deg_processing_pseudobulk.33077818.out:2025-12-30 05:04:18 | [INFO]   Pad batches
deg_processing_pseudobulk.33077818.out:2025-12-30 05:04:29 | [INFO]   1 batches need to be padded
deg_processing_pseudobulk.33077818.out:2025-12-30 05:04:29 | [INFO]   After padding before adding controls: 14 batches, batch sizes: ['2504 x 2504', '2501 x 2501', '2500 x 2500', '2508 x 2508', '2515 x 2515', '2513 x 2513', '2517 x 2517', '2500 x 2500', '2503 x 2503', '2503 x 2503', '2500 x 2500', '2506 x 2506', '2505 x 2505', '2517 x 2517']
deg_processing_pseudobulk.33077818.out:2025-12-30 05:04:29 | [INFO]   Add controls to batches
deg_processing_pseudobulk.33077818.out:2025-12-30 05:04:29 | [INFO]   Save batches:
deg_processing_pseudobulk.33077818.out:2025-12-30 05:04:30 | [INFO]     Saved: ./data/l1000_phase2/pseudobulk_processed/sep_rep/by_celltype/CVCL_0132/CVCL_0132_processed_batch_1.h5ad (4543 obs, 131 perturbagens)
deg_processing_pseudobulk.33077818.out:2025-12-30 05:04:31 | [INFO]     Saved: ./data/l1000_phase2/pseudobulk_processed/sep_rep/by_celltype/CVCL_0132/CVCL_0132_processed_batch_2.h5ad (4540 obs, 133 perturbagens)
deg_processing_pseudobulk.33077818.out:2025-12-30 05:04:31 | [INFO]     Saved: ./data/l1000_phase2/pseudobulk_processed/sep_rep/by_celltype/CVCL_0132/CVCL_0132_processed_batch_3.h5ad (4539 obs, 134 perturbagens)
deg_processing_pseudobulk.33077818.out:2025-12-30 05:04:32 | [INFO]     Saved: ./data/l1000_phase2/pseudobulk_processed/sep_rep/by_celltype/CVCL_0132/CVCL_0132_processed_batch_4.h5ad (4547 obs, 137 perturbagens)
deg_processing_pseudobulk.33077818.out:2025-12-30 05:04:33 | [INFO]     Saved: ./data/l1000_phase2/pseudobulk_processed/sep_rep/by_celltype/CVCL_0132/CVCL_0132_processed_batch_5.h5ad (4554 obs, 142 perturbagens)
deg_processing_pseudobulk.33077818.out:2025-12-30 05:04:34 | [INFO]     Saved: ./data/l1000_phase2/pseudobulk_processed/sep_rep/by_celltype/CVCL_0132/CVCL_0132_processed_batch_6.h5ad (4552 obs, 138 perturbagens)
deg_processing_pseudobulk.33077818.out:2025-12-30 05:04:34 | [INFO]     Saved: ./data/l1000_phase2/pseudobulk_processed/sep_rep/by_celltype/CVCL_0132/CVCL_0132_processed_batch_7.h5ad (4556 obs, 98 perturbagens)
deg_processing_pseudobulk.33077818.out:2025-12-30 05:04:35 | [INFO]     Saved: ./data/l1000_phase2/pseudobulk_processed/sep_rep/by_celltype/CVCL_0132/CVCL_0132_processed_batch_8.h5ad (4539 obs, 135 perturbagens)
deg_processing_pseudobulk.33077818.out:2025-12-30 05:04:36 | [INFO]     Saved: ./data/l1000_phase2/pseudobulk_processed/sep_rep/by_celltype/CVCL_0132/CVCL_0132_processed_batch_9.h5ad (4542 obs, 131 perturbagens)
deg_processing_pseudobulk.33077818.out:2025-12-30 05:04:36 | [INFO]     Saved: ./data/l1000_phase2/pseudobulk_processed/sep_rep/by_celltype/CVCL_0132/CVCL_0132_processed_batch_10.h5ad (4542 obs, 131 perturbagens)
deg_processing_pseudobulk.33077818.out:2025-12-30 05:04:37 | [INFO]     Saved: ./data/l1000_phase2/pseudobulk_processed/sep_rep/by_celltype/CVCL_0132/CVCL_0132_processed_batch_11.h5ad (4539 obs, 135 perturbagens)
deg_processing_pseudobulk.33077818.out:2025-12-30 05:04:38 | [INFO]     Saved: ./data/l1000_phase2/pseudobulk_processed/sep_rep/by_celltype/CVCL_0132/CVCL_0132_processed_batch_12.h5ad (4545 obs, 103 perturbagens)
deg_processing_pseudobulk.33077818.out:2025-12-30 05:04:39 | [INFO]     Saved: ./data/l1000_phase2/pseudobulk_processed/sep_rep/by_celltype/CVCL_0132/CVCL_0132_processed_batch_13.h5ad (4544 obs, 131 perturbagens)
deg_processing_pseudobulk.33077818.out:2025-12-30 05:04:39 | [INFO]     Saved: ./data/l1000_phase2/pseudobulk_processed/sep_rep/by_celltype/CVCL_0132/CVCL_0132_processed_batch_14.h5ad (4556 obs, 133 perturbagens)
deg_processing_pseudobulk.33077818.out:2025-12-30 05:04:39 | [INFO] Splitting CVCL_0132 is done
deg_processing_pseudobulk.33077818.out:2025-12-30 05:04:40 | [INFO] Splitting CVCL_0178: 4756 obs, 4432 perturbation labels
deg_processing_pseudobulk.33077818.out:2025-12-30 05:04:40 | [INFO]   After separation: 110 perturbagens, 4430 non-control obs, 4430 non-control labels
deg_processing_pseudobulk.33077818.out:2025-12-30 05:04:40 | [INFO]   Create batches
deg_processing_pseudobulk.33077818.out:2025-12-30 05:04:41 | [INFO]   Pad batches
deg_processing_pseudobulk.33077818.out:2025-12-30 05:04:41 | [INFO]   1 batches need to be padded
deg_processing_pseudobulk.33077818.out:2025-12-30 05:04:41 | [INFO]   After padding before adding controls: 2 batches, batch sizes: ['2512 x 2512', '2526 x 2526']
deg_processing_pseudobulk.33077818.out:2025-12-30 05:04:41 | [INFO]   Add controls to batches
deg_processing_pseudobulk.33077818.out:2025-12-30 05:04:41 | [INFO]   Save batches:
deg_processing_pseudobulk.33077818.out:2025-12-30 05:04:42 | [INFO]     Saved: ./data/l1000_phase2/pseudobulk_processed/sep_rep/by_celltype/CVCL_0178/CVCL_0178_processed_batch_1.h5ad (2838 obs, 64 perturbagens)
deg_processing_pseudobulk.33077818.out:2025-12-30 05:04:42 | [INFO]     Saved: ./data/l1000_phase2/pseudobulk_processed/sep_rep/by_celltype/CVCL_0178/CVCL_0178_processed_batch_2.h5ad (2852 obs, 63 perturbagens)
deg_processing_pseudobulk.33077818.out:2025-12-30 05:04:42 | [INFO] Splitting CVCL_0178 is done
deg_processing_pseudobulk.33077818.out:2025-12-30 05:04:43 | [INFO] Splitting CVCL_0320: 36556 obs, 34535 perturbation labels
deg_processing_pseudobulk.33077818.out:2025-12-30 05:04:43 | [INFO]   After separation: 1732 perturbagens, 34534 non-control obs, 34534 non-control labels
deg_processing_pseudobulk.33077818.out:2025-12-30 05:04:43 | [INFO]   Create batches
deg_processing_pseudobulk.33077818.out:2025-12-30 05:04:53 | [INFO]   Pad batches
deg_processing_pseudobulk.33077818.out:2025-12-30 05:05:05 | [INFO]   1 batches need to be padded
deg_processing_pseudobulk.33077818.out:2025-12-30 05:05:05 | [INFO]   After padding before adding controls: 14 batches, batch sizes: ['2502 x 2502', '2516 x 2516', '2506 x 2506', '2517 x 2517', '2516 x 2516', '2512 x 2512', '2506 x 2506', '2529 x 2529', '2514 x 2514', '2511 x 2511', '2506 x 2506', '2509 x 2509', '2506 x 2506', '2501 x 2501']
deg_processing_pseudobulk.33077818.out:2025-12-30 05:05:05 | [INFO]   Add controls to batches
deg_processing_pseudobulk.33077818.out:2025-12-30 05:05:05 | [INFO]   Save batches:
deg_processing_pseudobulk.33077818.out:2025-12-30 05:05:05 | [INFO]     Saved: ./data/l1000_phase2/pseudobulk_processed/sep_rep/by_celltype/CVCL_0320/CVCL_0320_processed_batch_1.h5ad (4524 obs, 128 perturbagens)
deg_processing_pseudobulk.33077818.out:2025-12-30 05:05:06 | [INFO]     Saved: ./data/l1000_phase2/pseudobulk_processed/sep_rep/by_celltype/CVCL_0320/CVCL_0320_processed_batch_2.h5ad (4538 obs, 122 perturbagens)
deg_processing_pseudobulk.33077818.out:2025-12-30 05:05:07 | [INFO]     Saved: ./data/l1000_phase2/pseudobulk_processed/sep_rep/by_celltype/CVCL_0320/CVCL_0320_processed_batch_3.h5ad (4528 obs, 92 perturbagens)
deg_processing_pseudobulk.33077818.out:2025-12-30 05:05:07 | [INFO]     Saved: ./data/l1000_phase2/pseudobulk_processed/sep_rep/by_celltype/CVCL_0320/CVCL_0320_processed_batch_4.h5ad (4539 obs, 134 perturbagens)
deg_processing_pseudobulk.33077818.out:2025-12-30 05:05:08 | [INFO]     Saved: ./data/l1000_phase2/pseudobulk_processed/sep_rep/by_celltype/CVCL_0320/CVCL_0320_processed_batch_5.h5ad (4538 obs, 137 perturbagens)
deg_processing_pseudobulk.33077818.out:2025-12-30 05:05:09 | [INFO]     Saved: ./data/l1000_phase2/pseudobulk_processed/sep_rep/by_celltype/CVCL_0320/CVCL_0320_processed_batch_6.h5ad (4534 obs, 139 perturbagens)
deg_processing_pseudobulk.33077818.out:2025-12-30 05:05:10 | [INFO]     Saved: ./data/l1000_phase2/pseudobulk_processed/sep_rep/by_celltype/CVCL_0320/CVCL_0320_processed_batch_7.h5ad (4528 obs, 130 perturbagens)
deg_processing_pseudobulk.33077818.out:2025-12-30 05:05:10 | [INFO]     Saved: ./data/l1000_phase2/pseudobulk_processed/sep_rep/by_celltype/CVCL_0320/CVCL_0320_processed_batch_8.h5ad (4551 obs, 128 perturbagens)
deg_processing_pseudobulk.33077818.out:2025-12-30 05:05:11 | [INFO]     Saved: ./data/l1000_phase2/pseudobulk_processed/sep_rep/by_celltype/CVCL_0320/CVCL_0320_processed_batch_9.h5ad (4536 obs, 133 perturbagens)
deg_processing_pseudobulk.33077818.out:2025-12-30 05:05:12 | [INFO]     Saved: ./data/l1000_phase2/pseudobulk_processed/sep_rep/by_celltype/CVCL_0320/CVCL_0320_processed_batch_10.h5ad (4533 obs, 139 perturbagens)
deg_processing_pseudobulk.33077818.out:2025-12-30 05:05:13 | [INFO]     Saved: ./data/l1000_phase2/pseudobulk_processed/sep_rep/by_celltype/CVCL_0320/CVCL_0320_processed_batch_11.h5ad (4528 obs, 90 perturbagens)
deg_processing_pseudobulk.33077818.out:2025-12-30 05:05:13 | [INFO]     Saved: ./data/l1000_phase2/pseudobulk_processed/sep_rep/by_celltype/CVCL_0320/CVCL_0320_processed_batch_12.h5ad (4531 obs, 136 perturbagens)
deg_processing_pseudobulk.33077818.out:2025-12-30 05:05:14 | [INFO]     Saved: ./data/l1000_phase2/pseudobulk_processed/sep_rep/by_celltype/CVCL_0320/CVCL_0320_processed_batch_13.h5ad (4528 obs, 134 perturbagens)
deg_processing_pseudobulk.33077818.out:2025-12-30 05:05:15 | [INFO]     Saved: ./data/l1000_phase2/pseudobulk_processed/sep_rep/by_celltype/CVCL_0320/CVCL_0320_processed_batch_14.h5ad (4523 obs, 139 perturbagens)
deg_processing_pseudobulk.33077818.out:2025-12-30 05:05:15 | [INFO] Splitting CVCL_0320 is done
deg_processing_pseudobulk.33077818.out:2025-12-30 05:05:15 | [INFO] Splitting CVCL_0332: 4422 obs, 4124 perturbation labels
deg_processing_pseudobulk.33077818.out:2025-12-30 05:05:15 | [INFO]   After separation: 110 perturbagens, 4122 non-control obs, 4122 non-control labels
deg_processing_pseudobulk.33077818.out:2025-12-30 05:05:15 | [INFO]   Create batches
deg_processing_pseudobulk.33077818.out:2025-12-30 05:05:16 | [INFO]   Pad batches
deg_processing_pseudobulk.33077818.out:2025-12-30 05:05:17 | [INFO]   1 batches need to be padded
deg_processing_pseudobulk.33077818.out:2025-12-30 05:05:17 | [INFO]   After padding before adding controls: 2 batches, batch sizes: ['2516 x 2516', '2512 x 2512']
deg_processing_pseudobulk.33077818.out:2025-12-30 05:05:17 | [INFO]   Add controls to batches
deg_processing_pseudobulk.33077818.out:2025-12-30 05:05:17 | [INFO]   Save batches:
deg_processing_pseudobulk.33077818.out:2025-12-30 05:05:17 | [INFO]     Saved: ./data/l1000_phase2/pseudobulk_processed/sep_rep/by_celltype/CVCL_0332/CVCL_0332_processed_batch_1.h5ad (2816 obs, 70 perturbagens)
deg_processing_pseudobulk.33077818.out:2025-12-30 05:05:18 | [INFO]     Saved: ./data/l1000_phase2/pseudobulk_processed/sep_rep/by_celltype/CVCL_0332/CVCL_0332_processed_batch_2.h5ad (2812 obs, 67 perturbagens)
deg_processing_pseudobulk.33077818.out:2025-12-30 05:05:18 | [INFO] Splitting CVCL_0332 is done
deg_processing_pseudobulk.33077818.out:2025-12-30 05:05:18 | [INFO]     Saved: ./data/l1000_phase2/pseudobulk_processed/sep_rep/by_celltype/CVCL_0395/CVCL_0395_processed.h5ad (2177 obs, 60 perturbagens)
deg_processing_pseudobulk.33077818.out:2025-12-30 05:05:18 | [INFO] Splitting CVCL_0598: 4355 obs, 4062 perturbation labels
deg_processing_pseudobulk.33077818.out:2025-12-30 05:05:18 | [INFO]   After separation: 110 perturbagens, 4060 non-control obs, 4060 non-control labels
deg_processing_pseudobulk.33077818.out:2025-12-30 05:05:18 | [INFO]   Create batches
deg_processing_pseudobulk.33077818.out:2025-12-30 05:05:19 | [INFO]   Pad batches
deg_processing_pseudobulk.33077818.out:2025-12-30 05:05:20 | [INFO]   1 batches need to be padded
deg_processing_pseudobulk.33077818.out:2025-12-30 05:05:20 | [INFO]   After padding before adding controls: 2 batches, batch sizes: ['2503 x 2503', '2519 x 2519']
deg_processing_pseudobulk.33077818.out:2025-12-30 05:05:20 | [INFO]   Add controls to batches
deg_processing_pseudobulk.33077818.out:2025-12-30 05:05:20 | [INFO]   Save batches:
deg_processing_pseudobulk.33077818.out:2025-12-30 05:05:20 | [INFO]     Saved: ./data/l1000_phase2/pseudobulk_processed/sep_rep/by_celltype/CVCL_0598/CVCL_0598_processed_batch_1.h5ad (2798 obs, 70 perturbagens)
deg_processing_pseudobulk.33077818.out:2025-12-30 05:05:21 | [INFO]     Saved: ./data/l1000_phase2/pseudobulk_processed/sep_rep/by_celltype/CVCL_0598/CVCL_0598_processed_batch_2.h5ad (2814 obs, 69 perturbagens)
deg_processing_pseudobulk.33077818.out:2025-12-30 05:05:21 | [INFO] Splitting CVCL_0598 is done
deg_processing_pseudobulk.33077818.out:2025-12-30 05:05:21 | [INFO] Splitting CVCL_1794: 30955 obs, 29296 perturbation labels
deg_processing_pseudobulk.33077818.out:2025-12-30 05:05:21 | [INFO]   After separation: 1568 perturbagens, 29295 non-control obs, 29295 non-control labels
deg_processing_pseudobulk.33077818.out:2025-12-30 05:05:21 | [INFO]   Create batches
deg_processing_pseudobulk.33077818.out:2025-12-30 05:05:31 | [INFO]   Pad batches
deg_processing_pseudobulk.33077818.out:2025-12-30 05:05:41 | [INFO]   1 batches need to be padded
deg_processing_pseudobulk.33077818.out:2025-12-30 05:05:41 | [INFO]   After padding before adding controls: 12 batches, batch sizes: ['2515 x 2515', '2506 x 2506', '2512 x 2512', '2504 x 2504', '2504 x 2504', '2517 x 2517', '2502 x 2502', '2506 x 2506', '2513 x 2513', '2517 x 2517', '2507 x 2507', '2505 x 2505']
deg_processing_pseudobulk.33077818.out:2025-12-30 05:05:41 | [INFO]   Add controls to batches
deg_processing_pseudobulk.33077818.out:2025-12-30 05:05:41 | [INFO]   Save batches:
deg_processing_pseudobulk.33077818.out:2025-12-30 05:05:42 | [INFO]     Saved: ./data/l1000_phase2/pseudobulk_processed/sep_rep/by_celltype/CVCL_1794/CVCL_1794_processed_batch_1.h5ad (4175 obs, 98 perturbagens)
deg_processing_pseudobulk.33077818.out:2025-12-30 05:05:42 | [INFO]     Saved: ./data/l1000_phase2/pseudobulk_processed/sep_rep/by_celltype/CVCL_1794/CVCL_1794_processed_batch_2.h5ad (4166 obs, 143 perturbagens)
deg_processing_pseudobulk.33077818.out:2025-12-30 05:05:43 | [INFO]     Saved: ./data/l1000_phase2/pseudobulk_processed/sep_rep/by_celltype/CVCL_1794/CVCL_1794_processed_batch_3.h5ad (4172 obs, 143 perturbagens)
deg_processing_pseudobulk.33077818.out:2025-12-30 05:05:44 | [INFO]     Saved: ./data/l1000_phase2/pseudobulk_processed/sep_rep/by_celltype/CVCL_1794/CVCL_1794_processed_batch_4.h5ad (4164 obs, 143 perturbagens)
deg_processing_pseudobulk.33077818.out:2025-12-30 05:05:45 | [INFO]     Saved: ./data/l1000_phase2/pseudobulk_processed/sep_rep/by_celltype/CVCL_1794/CVCL_1794_processed_batch_5.h5ad (4164 obs, 143 perturbagens)
deg_processing_pseudobulk.33077818.out:2025-12-30 05:05:45 | [INFO]     Saved: ./data/l1000_phase2/pseudobulk_processed/sep_rep/by_celltype/CVCL_1794/CVCL_1794_processed_batch_6.h5ad (4177 obs, 143 perturbagens)
deg_processing_pseudobulk.33077818.out:2025-12-30 05:05:46 | [INFO]     Saved: ./data/l1000_phase2/pseudobulk_processed/sep_rep/by_celltype/CVCL_1794/CVCL_1794_processed_batch_7.h5ad (4162 obs, 143 perturbagens)
deg_processing_pseudobulk.33077818.out:2025-12-30 05:05:47 | [INFO]     Saved: ./data/l1000_phase2/pseudobulk_processed/sep_rep/by_celltype/CVCL_1794/CVCL_1794_processed_batch_8.h5ad (4166 obs, 143 perturbagens)
deg_processing_pseudobulk.33077818.out:2025-12-30 05:05:48 | [INFO]     Saved: ./data/l1000_phase2/pseudobulk_processed/sep_rep/by_celltype/CVCL_1794/CVCL_1794_processed_batch_9.h5ad (4173 obs, 143 perturbagens)
deg_processing_pseudobulk.33077818.out:2025-12-30 05:05:48 | [INFO]     Saved: ./data/l1000_phase2/pseudobulk_processed/sep_rep/by_celltype/CVCL_1794/CVCL_1794_processed_batch_10.h5ad (4177 obs, 98 perturbagens)
deg_processing_pseudobulk.33077818.out:2025-12-30 05:05:49 | [INFO]     Saved: ./data/l1000_phase2/pseudobulk_processed/sep_rep/by_celltype/CVCL_1794/CVCL_1794_processed_batch_11.h5ad (4167 obs, 143 perturbagens)
deg_processing_pseudobulk.33077818.out:2025-12-30 05:05:50 | [INFO]     Saved: ./data/l1000_phase2/pseudobulk_processed/sep_rep/by_celltype/CVCL_1794/CVCL_1794_processed_batch_12.h5ad (4165 obs, 143 perturbagens)
deg_processing_pseudobulk.33077818.out:2025-12-30 05:05:50 | [INFO] Splitting CVCL_1794 is done
deg_processing_pseudobulk.33077818.out:2025-12-30 05:05:50 | [INFO] Splitting CVCL_3383: 5589 obs, 5225 perturbation labels
deg_processing_pseudobulk.33077818.out:2025-12-30 05:05:50 | [INFO]   After separation: 218 perturbagens, 5223 non-control obs, 5223 non-control labels
deg_processing_pseudobulk.33077818.out:2025-12-30 05:05:50 | [INFO]   Create batches
deg_processing_pseudobulk.33077818.out:2025-12-30 05:05:51 | [INFO]   Pad batches
deg_processing_pseudobulk.33077818.out:2025-12-30 05:05:53 | [INFO]   1 batches need to be padded
deg_processing_pseudobulk.33077818.out:2025-12-30 05:05:53 | [INFO]   After padding before adding controls: 3 batches, batch sizes: ['2502 x 2502', '2508 x 2508', '2508 x 2508']
deg_processing_pseudobulk.33077818.out:2025-12-30 05:05:53 | [INFO]   Add controls to batches
deg_processing_pseudobulk.33077818.out:2025-12-30 05:05:53 | [INFO]   Save batches:
deg_processing_pseudobulk.33077818.out:2025-12-30 05:05:53 | [INFO]     Saved: ./data/l1000_phase2/pseudobulk_processed/sep_rep/by_celltype/CVCL_3383/CVCL_3383_processed_batch_1.h5ad (2868 obs, 104 perturbagens)
deg_processing_pseudobulk.33077818.out:2025-12-30 05:05:54 | [INFO]     Saved: ./data/l1000_phase2/pseudobulk_processed/sep_rep/by_celltype/CVCL_3383/CVCL_3383_processed_batch_2.h5ad (2874 obs, 107 perturbagens)
deg_processing_pseudobulk.33077818.out:2025-12-30 05:05:54 | [INFO]     Saved: ./data/l1000_phase2/pseudobulk_processed/sep_rep/by_celltype/CVCL_3383/CVCL_3383_processed_batch_3.h5ad (2874 obs, 105 perturbagens)
deg_processing_pseudobulk.33077818.out:2025-12-30 05:05:54 | [INFO] Splitting CVCL_3383 is done
deg_processing_pseudobulk.33077818.out:2025-12-30 05:05:54 | [INFO] Splitting CVCL_5136: 5631 obs, 5269 perturbation labels
deg_processing_pseudobulk.33077818.out:2025-12-30 05:05:54 | [INFO]   After separation: 269 perturbagens, 5268 non-control obs, 5268 non-control labels
deg_processing_pseudobulk.33077818.out:2025-12-30 05:05:54 | [INFO]   Create batches
deg_processing_pseudobulk.33077818.out:2025-12-30 05:05:56 | [INFO]   Pad batches
deg_processing_pseudobulk.33077818.out:2025-12-30 05:05:58 | [INFO]   1 batches need to be padded
deg_processing_pseudobulk.33077818.out:2025-12-30 05:05:58 | [INFO]   After padding before adding controls: 3 batches, batch sizes: ['2514 x 2514', '2504 x 2504', '2506 x 2506']
deg_processing_pseudobulk.33077818.out:2025-12-30 05:05:58 | [INFO]   Add controls to batches
deg_processing_pseudobulk.33077818.out:2025-12-30 05:05:58 | [INFO]   Save batches:
deg_processing_pseudobulk.33077818.out:2025-12-30 05:05:58 | [INFO]     Saved: ./data/l1000_phase2/pseudobulk_processed/sep_rep/by_celltype/CVCL_5136/CVCL_5136_processed_batch_1.h5ad (2877 obs, 126 perturbagens)
deg_processing_pseudobulk.33077818.out:2025-12-30 05:05:59 | [INFO]     Saved: ./data/l1000_phase2/pseudobulk_processed/sep_rep/by_celltype/CVCL_5136/CVCL_5136_processed_batch_2.h5ad (2867 obs, 131 perturbagens)
deg_processing_pseudobulk.33077818.out:2025-12-30 05:06:00 | [INFO]     Saved: ./data/l1000_phase2/pseudobulk_processed/sep_rep/by_celltype/CVCL_5136/CVCL_5136_processed_batch_3.h5ad (2869 obs, 126 perturbagens)
deg_processing_pseudobulk.33077818.out:2025-12-30 05:06:00 | [INFO] Splitting CVCL_5136 is done
deg_processing_pseudobulk.33077818.out:2025-12-30 05:06:00 | [INFO] Splitting CVCL_U602: 3344 obs, 3130 perturbation labels
deg_processing_pseudobulk.33077818.out:2025-12-30 05:06:00 | [INFO]   After separation: 168 perturbagens, 3129 non-control obs, 3129 non-control labels
deg_processing_pseudobulk.33077818.out:2025-12-30 05:06:00 | [INFO]   Create batches
deg_processing_pseudobulk.33077818.out:2025-12-30 05:06:01 | [INFO]   Pad batches
deg_processing_pseudobulk.33077818.out:2025-12-30 05:06:02 | [INFO]   1 batches need to be padded
deg_processing_pseudobulk.33077818.out:2025-12-30 05:06:02 | [INFO]   After padding before adding controls: 2 batches, batch sizes: ['2504 x 2504', '2509 x 2509']
deg_processing_pseudobulk.33077818.out:2025-12-30 05:06:02 | [INFO]   Add controls to batches
deg_processing_pseudobulk.33077818.out:2025-12-30 05:06:02 | [INFO]   Save batches:
deg_processing_pseudobulk.33077818.out:2025-12-30 05:06:02 | [INFO]     Saved: ./data/l1000_phase2/pseudobulk_processed/sep_rep/by_celltype/CVCL_U602/CVCL_U602_processed_batch_1.h5ad (2719 obs, 134 perturbagens)
deg_processing_pseudobulk.33077818.out:2025-12-30 05:06:03 | [INFO]     Saved: ./data/l1000_phase2/pseudobulk_processed/sep_rep/by_celltype/CVCL_U602/CVCL_U602_processed_batch_2.h5ad (2724 obs, 134 perturbagens)
deg_processing_pseudobulk.33077818.out:2025-12-30 05:06:03 | [INFO] Splitting CVCL_U602 is done
deg_processing_pseudobulk.33077818.out:2025-12-30 05:06:03 | [INFO] Splitting HA1E: 36443 obs, 34414 perturbation labels
deg_processing_pseudobulk.33077818.out:2025-12-30 05:06:03 | [INFO]   After separation: 1732 perturbagens, 34413 non-control obs, 34413 non-control labels
deg_processing_pseudobulk.33077818.out:2025-12-30 05:06:03 | [INFO]   Create batches
deg_processing_pseudobulk.33077818.out:2025-12-30 05:06:14 | [INFO]   Pad batches
deg_processing_pseudobulk.33077818.out:2025-12-30 05:06:25 | [INFO]   1 batches need to be padded
deg_processing_pseudobulk.33077818.out:2025-12-30 05:06:25 | [INFO]   After padding before adding controls: 14 batches, batch sizes: ['2510 x 2510', '2506 x 2506', '2504 x 2504', '2516 x 2516', '2501 x 2501', '2512 x 2512', '2500 x 2500', '2507 x 2507', '2508 x 2508', '2517 x 2517', '2503 x 2503', '2517 x 2517', '2515 x 2515', '2519 x 2519']
deg_processing_pseudobulk.33077818.out:2025-12-30 05:06:25 | [INFO]   Add controls to batches
deg_processing_pseudobulk.33077818.out:2025-12-30 05:06:25 | [INFO]   Save batches:
deg_processing_pseudobulk.33077818.out:2025-12-30 05:06:26 | [INFO]     Saved: ./data/l1000_phase2/pseudobulk_processed/sep_rep/by_celltype/HA1E/HA1E_processed_batch_1.h5ad (4540 obs, 131 perturbagens)
deg_processing_pseudobulk.33077818.out:2025-12-30 05:06:27 | [INFO]     Saved: ./data/l1000_phase2/pseudobulk_processed/sep_rep/by_celltype/HA1E/HA1E_processed_batch_2.h5ad (4536 obs, 91 perturbagens)
deg_processing_pseudobulk.33077818.out:2025-12-30 05:06:28 | [INFO]     Saved: ./data/l1000_phase2/pseudobulk_processed/sep_rep/by_celltype/HA1E/HA1E_processed_batch_3.h5ad (4534 obs, 134 perturbagens)
deg_processing_pseudobulk.33077818.out:2025-12-30 05:06:28 | [INFO]     Saved: ./data/l1000_phase2/pseudobulk_processed/sep_rep/by_celltype/HA1E/HA1E_processed_batch_4.h5ad (4546 obs, 128 perturbagens)
deg_processing_pseudobulk.33077818.out:2025-12-30 05:06:29 | [INFO]     Saved: ./data/l1000_phase2/pseudobulk_processed/sep_rep/by_celltype/HA1E/HA1E_processed_batch_5.h5ad (4531 obs, 135 perturbagens)
deg_processing_pseudobulk.33077818.out:2025-12-30 05:06:30 | [INFO]     Saved: ./data/l1000_phase2/pseudobulk_processed/sep_rep/by_celltype/HA1E/HA1E_processed_batch_6.h5ad (4542 obs, 133 perturbagens)
deg_processing_pseudobulk.33077818.out:2025-12-30 05:06:31 | [INFO]     Saved: ./data/l1000_phase2/pseudobulk_processed/sep_rep/by_celltype/HA1E/HA1E_processed_batch_7.h5ad (4530 obs, 134 perturbagens)
deg_processing_pseudobulk.33077818.out:2025-12-30 05:06:31 | [INFO]     Saved: ./data/l1000_phase2/pseudobulk_processed/sep_rep/by_celltype/HA1E/HA1E_processed_batch_8.h5ad (4537 obs, 130 perturbagens)
deg_processing_pseudobulk.33077818.out:2025-12-30 05:06:32 | [INFO]     Saved: ./data/l1000_phase2/pseudobulk_processed/sep_rep/by_celltype/HA1E/HA1E_processed_batch_9.h5ad (4538 obs, 127 perturbagens)
deg_processing_pseudobulk.33077818.out:2025-12-30 05:06:33 | [INFO]     Saved: ./data/l1000_phase2/pseudobulk_processed/sep_rep/by_celltype/HA1E/HA1E_processed_batch_10.h5ad (4547 obs, 140 perturbagens)
deg_processing_pseudobulk.33077818.out:2025-12-30 05:06:34 | [INFO]     Saved: ./data/l1000_phase2/pseudobulk_processed/sep_rep/by_celltype/HA1E/HA1E_processed_batch_11.h5ad (4533 obs, 93 perturbagens)
deg_processing_pseudobulk.33077818.out:2025-12-30 05:06:34 | [INFO]     Saved: ./data/l1000_phase2/pseudobulk_processed/sep_rep/by_celltype/HA1E/HA1E_processed_batch_12.h5ad (4547 obs, 140 perturbagens)
deg_processing_pseudobulk.33077818.out:2025-12-30 05:06:35 | [INFO]     Saved: ./data/l1000_phase2/pseudobulk_processed/sep_rep/by_celltype/HA1E/HA1E_processed_batch_13.h5ad (4545 obs, 133 perturbagens)
deg_processing_pseudobulk.33077818.out:2025-12-30 05:06:36 | [INFO]     Saved: ./data/l1000_phase2/pseudobulk_processed/sep_rep/by_celltype/HA1E/HA1E_processed_batch_14.h5ad (4549 obs, 135 perturbagens)
deg_processing_pseudobulk.33077818.out:2025-12-30 05:06:36 | [INFO] Splitting HA1E is done
deg_processing_pseudobulk.33077818.out:2025-12-30 05:06:36 | [INFO]     Saved: ./data/l1000_phase2/pseudobulk_processed/sep_rep/by_celltype/HUES3/HUES3_processed.h5ad (1043 obs, 60 perturbagens)
deg_processing_pseudobulk.33077818.out:2025-12-30 05:06:36 | [INFO] Splitting HUVEC: 3311 obs, 3099 perturbation labels
deg_processing_pseudobulk.33077818.out:2025-12-30 05:06:36 | [INFO]   After separation: 168 perturbagens, 3098 non-control obs, 3098 non-control labels
deg_processing_pseudobulk.33077818.out:2025-12-30 05:06:36 | [INFO]   Create batches
deg_processing_pseudobulk.33077818.out:2025-12-30 05:06:37 | [INFO]   Pad batches
deg_processing_pseudobulk.33077818.out:2025-12-30 05:06:38 | [INFO]   1 batches need to be padded
deg_processing_pseudobulk.33077818.out:2025-12-30 05:06:38 | [INFO]   After padding before adding controls: 2 batches, batch sizes: ['2512 x 2512', '2501 x 2501']
deg_processing_pseudobulk.33077818.out:2025-12-30 05:06:38 | [INFO]   Add controls to batches
deg_processing_pseudobulk.33077818.out:2025-12-30 05:06:38 | [INFO]   Save batches:
deg_processing_pseudobulk.33077818.out:2025-12-30 05:06:39 | [INFO]     Saved: ./data/l1000_phase2/pseudobulk_processed/sep_rep/by_celltype/HUVEC/HUVEC_processed_batch_1.h5ad (2725 obs, 136 perturbagens)
deg_processing_pseudobulk.33077818.out:2025-12-30 05:06:40 | [INFO]     Saved: ./data/l1000_phase2/pseudobulk_processed/sep_rep/by_celltype/HUVEC/HUVEC_processed_batch_2.h5ad (2714 obs, 135 perturbagens)
deg_processing_pseudobulk.33077818.out:2025-12-30 05:06:40 | [INFO] Splitting HUVEC is done
deg_processing_pseudobulk.33077818.out:2025-12-30 05:06:40 | [INFO]     Saved: ./data/l1000_phase2/pseudobulk_processed/sep_rep/by_celltype/MNEU.E/MNEU.E_processed.h5ad (1113 obs, 64 perturbagens)
deg_processing_pseudobulk.33077818.out:2025-12-30 05:06:40 | [INFO] Splitting NEU: 3241 obs, 3030 perturbation labels
deg_processing_pseudobulk.33077818.out:2025-12-30 05:06:40 | [INFO]   After separation: 168 perturbagens, 3029 non-control obs, 3029 non-control labels
deg_processing_pseudobulk.33077818.out:2025-12-30 05:06:40 | [INFO]   Create batches
deg_processing_pseudobulk.33077818.out:2025-12-30 05:06:42 | [INFO]   Pad batches
deg_processing_pseudobulk.33077818.out:2025-12-30 05:06:42 | [INFO]   1 batches need to be padded
deg_processing_pseudobulk.33077818.out:2025-12-30 05:06:42 | [INFO]   After padding before adding controls: 2 batches, batch sizes: ['2503 x 2503', '2503 x 2503']
deg_processing_pseudobulk.33077818.out:2025-12-30 05:06:42 | [INFO]   Add controls to batches
deg_processing_pseudobulk.33077818.out:2025-12-30 05:06:42 | [INFO]   Save batches:
deg_processing_pseudobulk.33077818.out:2025-12-30 05:06:43 | [INFO]     Saved: ./data/l1000_phase2/pseudobulk_processed/sep_rep/by_celltype/NEU/NEU_processed_batch_1.h5ad (2715 obs, 139 perturbagens)
deg_processing_pseudobulk.33077818.out:2025-12-30 05:06:44 | [INFO]     Saved: ./data/l1000_phase2/pseudobulk_processed/sep_rep/by_celltype/NEU/NEU_processed_batch_2.h5ad (2715 obs, 140 perturbagens)
deg_processing_pseudobulk.33077818.out:2025-12-30 05:06:44 | [INFO] Splitting NEU is done
deg_processing_pseudobulk.33077818.out:2025-12-30 05:06:44 | [INFO] Splitting NPC: 3343 obs, 3129 perturbation labels
deg_processing_pseudobulk.33077818.out:2025-12-30 05:06:44 | [INFO]   After separation: 192 perturbagens, 3127 non-control obs, 3127 non-control labels
deg_processing_pseudobulk.33077818.out:2025-12-30 05:06:44 | [INFO]   Create batches
deg_processing_pseudobulk.33077818.out:2025-12-30 05:06:45 | [INFO]   Pad batches
deg_processing_pseudobulk.33077818.out:2025-12-30 05:06:46 | [INFO]   1 batches need to be padded
deg_processing_pseudobulk.33077818.out:2025-12-30 05:06:46 | [INFO]   After padding before adding controls: 2 batches, batch sizes: ['2504 x 2504', '2512 x 2512']
deg_processing_pseudobulk.33077818.out:2025-12-30 05:06:46 | [INFO]   Add controls to batches
deg_processing_pseudobulk.33077818.out:2025-12-30 05:06:46 | [INFO]   Save batches:
deg_processing_pseudobulk.33077818.out:2025-12-30 05:06:47 | [INFO]     Saved: ./data/l1000_phase2/pseudobulk_processed/sep_rep/by_celltype/NPC/NPC_processed_batch_1.h5ad (2720 obs, 153 perturbagens)
deg_processing_pseudobulk.33077818.out:2025-12-30 05:06:47 | [INFO]     Saved: ./data/l1000_phase2/pseudobulk_processed/sep_rep/by_celltype/NPC/NPC_processed_batch_2.h5ad (2728 obs, 151 perturbagens)
deg_processing_pseudobulk.33077818.out:2025-12-30 05:06:47 | [INFO] Splitting NPC is done
deg_processing_pseudobulk.33077818.out:2025-12-30 05:06:47 | [INFO] Splitting NPC.CAS9: 3252 obs, 3038 perturbation labels
deg_processing_pseudobulk.33077818.out:2025-12-30 05:06:47 | [INFO]   After separation: 168 perturbagens, 3037 non-control obs, 3037 non-control labels
deg_processing_pseudobulk.33077818.out:2025-12-30 05:06:47 | [INFO]   Create batches
deg_processing_pseudobulk.33077818.out:2025-12-30 05:06:48 | [INFO]   Pad batches
deg_processing_pseudobulk.33077818.out:2025-12-30 05:06:49 | [INFO]   1 batches need to be padded
deg_processing_pseudobulk.33077818.out:2025-12-30 05:06:49 | [INFO]   After padding before adding controls: 2 batches, batch sizes: ['2507 x 2507', '2510 x 2510']
deg_processing_pseudobulk.33077818.out:2025-12-30 05:06:49 | [INFO]   Add controls to batches
deg_processing_pseudobulk.33077818.out:2025-12-30 05:06:49 | [INFO]   Save batches:
deg_processing_pseudobulk.33077818.out:2025-12-30 05:06:50 | [INFO]     Saved: ./data/l1000_phase2/pseudobulk_processed/sep_rep/by_celltype/NPC.CAS9/NPC.CAS9_processed_batch_1.h5ad (2722 obs, 145 perturbagens)
deg_processing_pseudobulk.33077818.out:2025-12-30 05:06:51 | [INFO]     Saved: ./data/l1000_phase2/pseudobulk_processed/sep_rep/by_celltype/NPC.CAS9/NPC.CAS9_processed_batch_2.h5ad (2725 obs, 138 perturbagens)
deg_processing_pseudobulk.33077818.out:2025-12-30 05:06:51 | [INFO] Splitting NPC.CAS9 is done
deg_processing_pseudobulk.33077818.out:2025-12-30 05:06:51 | [INFO] Splitting NPC.TAK: 3427 obs, 3212 perturbation labels
deg_processing_pseudobulk.33077818.out:2025-12-30 05:06:51 | [INFO]   After separation: 211 perturbagens, 3210 non-control obs, 3210 non-control labels
deg_processing_pseudobulk.33077818.out:2025-12-30 05:06:51 | [INFO]   Create batches
deg_processing_pseudobulk.33077818.out:2025-12-30 05:06:52 | [INFO]   Pad batches
deg_processing_pseudobulk.33077818.out:2025-12-30 05:06:53 | [INFO]   1 batches need to be padded
deg_processing_pseudobulk.33077818.out:2025-12-30 05:06:53 | [INFO]   After padding before adding controls: 2 batches, batch sizes: ['2502 x 2502', '2510 x 2510']
deg_processing_pseudobulk.33077818.out:2025-12-30 05:06:53 | [INFO]   Add controls to batches
deg_processing_pseudobulk.33077818.out:2025-12-30 05:06:53 | [INFO]   Save batches:
deg_processing_pseudobulk.33077818.out:2025-12-30 05:06:54 | [INFO]     Saved: ./data/l1000_phase2/pseudobulk_processed/sep_rep/by_celltype/NPC.TAK/NPC.TAK_processed_batch_1.h5ad (2719 obs, 165 perturbagens)
deg_processing_pseudobulk.33077818.out:2025-12-30 05:06:54 | [INFO]     Saved: ./data/l1000_phase2/pseudobulk_processed/sep_rep/by_celltype/NPC.TAK/NPC.TAK_processed_batch_2.h5ad (2727 obs, 164 perturbagens)
deg_processing_pseudobulk.33077818.out:2025-12-30 05:06:54 | [INFO] Splitting NPC.TAK is done
deg_processing_pseudobulk.33077818.out:2025-12-30 05:06:54 | [INFO] Splitting SKL: 3297 obs, 3090 perturbation labels
deg_processing_pseudobulk.33077818.out:2025-12-30 05:06:54 | [INFO]   After separation: 168 perturbagens, 3089 non-control obs, 3089 non-control labels
deg_processing_pseudobulk.33077818.out:2025-12-30 05:06:54 | [INFO]   Create batches
deg_processing_pseudobulk.33077818.out:2025-12-30 05:06:55 | [INFO]   Pad batches
deg_processing_pseudobulk.33077818.out:2025-12-30 05:06:57 | [INFO]   1 batches need to be padded
deg_processing_pseudobulk.33077818.out:2025-12-30 05:06:57 | [INFO]   After padding before adding controls: 2 batches, batch sizes: ['2502 x 2502', '2508 x 2508']
deg_processing_pseudobulk.33077818.out:2025-12-30 05:06:57 | [INFO]   Add controls to batches
deg_processing_pseudobulk.33077818.out:2025-12-30 05:06:57 | [INFO]   Save batches:
deg_processing_pseudobulk.33077818.out:2025-12-30 05:06:57 | [INFO]     Saved: ./data/l1000_phase2/pseudobulk_processed/sep_rep/by_celltype/SKL/SKL_processed_batch_1.h5ad (2710 obs, 136 perturbagens)
deg_processing_pseudobulk.33077818.out:2025-12-30 05:06:58 | [INFO]     Saved: ./data/l1000_phase2/pseudobulk_processed/sep_rep/by_celltype/SKL/SKL_processed_batch_2.h5ad (2716 obs, 139 perturbagens)
deg_processing_pseudobulk.33077818.out:2025-12-30 05:06:58 | [INFO] Splitting SKL is done
deg_processing_pseudobulk.33077818.out:2025-12-30 05:06:58 | [INFO] Splitting SKL.C: 3323 obs, 3112 perturbation labels
deg_processing_pseudobulk.33077818.out:2025-12-30 05:06:58 | [INFO]   After separation: 168 perturbagens, 3111 non-control obs, 3111 non-control labels
deg_processing_pseudobulk.33077818.out:2025-12-30 05:06:58 | [INFO]   Create batches
deg_processing_pseudobulk.33077818.out:2025-12-30 05:06:59 | [INFO]   Pad batches
deg_processing_pseudobulk.33077818.out:2025-12-30 05:07:00 | [INFO]   1 batches need to be padded
deg_processing_pseudobulk.33077818.out:2025-12-30 05:07:00 | [INFO]   After padding before adding controls: 2 batches, batch sizes: ['2507 x 2507', '2510 x 2510']
deg_processing_pseudobulk.33077818.out:2025-12-30 05:07:00 | [INFO]   Add controls to batches
deg_processing_pseudobulk.33077818.out:2025-12-30 05:07:00 | [INFO]   Save batches:
deg_processing_pseudobulk.33077818.out:2025-12-30 05:07:00 | [INFO]     Saved: ./data/l1000_phase2/pseudobulk_processed/sep_rep/by_celltype/SKL.C/SKL.C_processed_batch_1.h5ad (2719 obs, 138 perturbagens)
deg_processing_pseudobulk.33077818.out:2025-12-30 05:07:01 | [INFO]     Saved: ./data/l1000_phase2/pseudobulk_processed/sep_rep/by_celltype/SKL.C/SKL.C_processed_batch_2.h5ad (2722 obs, 138 perturbagens)
deg_processing_pseudobulk.33077818.out:2025-12-30 05:07:01 | [INFO] Splitting SKL.C is done
deg_processing_pseudobulk.33077818.err:2025-12-30 05:02:07 | [WARNING]   Non-control n_obs (3114) exceeds 2500, creating batches
deg_processing_pseudobulk.33077818.err:2025-12-30 05:02:09 | [WARNING]   Batch 1 has only 136 perturbagens, which is below the minimum of 500
deg_processing_pseudobulk.33077818.err:2025-12-30 05:02:09 | [WARNING]   Batch 2 has only 134 perturbagens, which is below the minimum of 500
deg_processing_pseudobulk.33077818.err:2025-12-30 05:02:10 | [WARNING]   Non-control n_obs (3081) exceeds 2500, creating batches
deg_processing_pseudobulk.33077818.err:2025-12-30 05:02:12 | [WARNING]   Batch 1 has only 136 perturbagens, which is below the minimum of 500
deg_processing_pseudobulk.33077818.err:2025-12-30 05:02:12 | [WARNING]   Batch 2 has only 136 perturbagens, which is below the minimum of 500
deg_processing_pseudobulk.33077818.err:2025-12-30 05:02:14 | [WARNING]   Non-control n_obs (8176) exceeds 2500, creating batches
deg_processing_pseudobulk.33077818.err:2025-12-30 05:02:17 | [WARNING]   Batch 1 has only 99 perturbagens, which is below the minimum of 500
deg_processing_pseudobulk.33077818.err:2025-12-30 05:02:17 | [WARNING]   Batch 2 has only 99 perturbagens, which is below the minimum of 500
deg_processing_pseudobulk.33077818.err:2025-12-30 05:02:17 | [WARNING]   Batch 3 has only 86 perturbagens, which is below the minimum of 500
deg_processing_pseudobulk.33077818.err:2025-12-30 05:02:17 | [WARNING]   Batch 4 has only 102 perturbagens, which is below the minimum of 500
deg_processing_pseudobulk.33077818.err:2025-12-30 05:02:20 | [WARNING]   Non-control n_obs (5234) exceeds 2500, creating batches
deg_processing_pseudobulk.33077818.err:2025-12-30 05:02:23 | [WARNING]   Batch 1 has only 128 perturbagens, which is below the minimum of 500
deg_processing_pseudobulk.33077818.err:2025-12-30 05:02:23 | [WARNING]   Batch 2 has only 131 perturbagens, which is below the minimum of 500
deg_processing_pseudobulk.33077818.err:2025-12-30 05:02:23 | [WARNING]   Batch 3 has only 127 perturbagens, which is below the minimum of 500
deg_processing_pseudobulk.33077818.err:2025-12-30 05:02:25 | [WARNING]   Non-control n_obs (29596) exceeds 2500, creating batches
deg_processing_pseudobulk.33077818.err:2025-12-30 05:02:45 | [WARNING]   Batch 1 has only 88 perturbagens, which is below the minimum of 500
deg_processing_pseudobulk.33077818.err:2025-12-30 05:02:45 | [WARNING]   Batch 2 has only 144 perturbagens, which is below the minimum of 500
deg_processing_pseudobulk.33077818.err:2025-12-30 05:02:45 | [WARNING]   Batch 3 has only 143 perturbagens, which is below the minimum of 500
deg_processing_pseudobulk.33077818.err:2025-12-30 05:02:45 | [WARNING]   Batch 4 has only 143 perturbagens, which is below the minimum of 500
deg_processing_pseudobulk.33077818.err:2025-12-30 05:02:45 | [WARNING]   Batch 5 has only 143 perturbagens, which is below the minimum of 500
deg_processing_pseudobulk.33077818.err:2025-12-30 05:02:45 | [WARNING]   Batch 6 has only 142 perturbagens, which is below the minimum of 500
deg_processing_pseudobulk.33077818.err:2025-12-30 05:02:45 | [WARNING]   Batch 7 has only 144 perturbagens, which is below the minimum of 500
deg_processing_pseudobulk.33077818.err:2025-12-30 05:02:45 | [WARNING]   Batch 8 has only 143 perturbagens, which is below the minimum of 500
deg_processing_pseudobulk.33077818.err:2025-12-30 05:02:45 | [WARNING]   Batch 9 has only 144 perturbagens, which is below the minimum of 500
deg_processing_pseudobulk.33077818.err:2025-12-30 05:02:45 | [WARNING]   Batch 10 has only 98 perturbagens, which is below the minimum of 500
deg_processing_pseudobulk.33077818.err:2025-12-30 05:02:45 | [WARNING]   Batch 11 has only 143 perturbagens, which is below the minimum of 500
deg_processing_pseudobulk.33077818.err:2025-12-30 05:02:45 | [WARNING]   Batch 12 has only 143 perturbagens, which is below the minimum of 500
deg_processing_pseudobulk.33077818.err:2025-12-30 05:02:54 | [WARNING]   Non-control n_obs (37495) exceeds 2500, creating batches
deg_processing_pseudobulk.33077818.err:2025-12-30 05:03:16 | [WARNING]   Batch 1 has only 78 perturbagens, which is below the minimum of 500
deg_processing_pseudobulk.33077818.err:2025-12-30 05:03:16 | [WARNING]   Batch 2 has only 124 perturbagens, which is below the minimum of 500
deg_processing_pseudobulk.33077818.err:2025-12-30 05:03:16 | [WARNING]   Batch 3 has only 128 perturbagens, which is below the minimum of 500
deg_processing_pseudobulk.33077818.err:2025-12-30 05:03:16 | [WARNING]   Batch 4 has only 74 perturbagens, which is below the minimum of 500
deg_processing_pseudobulk.33077818.err:2025-12-30 05:03:16 | [WARNING]   Batch 5 has only 128 perturbagens, which is below the minimum of 500
deg_processing_pseudobulk.33077818.err:2025-12-30 05:03:16 | [WARNING]   Batch 6 has only 135 perturbagens, which is below the minimum of 500
deg_processing_pseudobulk.33077818.err:2025-12-30 05:03:16 | [WARNING]   Batch 7 has only 123 perturbagens, which is below the minimum of 500
deg_processing_pseudobulk.33077818.err:2025-12-30 05:03:16 | [WARNING]   Batch 8 has only 127 perturbagens, which is below the minimum of 500
deg_processing_pseudobulk.33077818.err:2025-12-30 05:03:16 | [WARNING]   Batch 9 has only 118 perturbagens, which is below the minimum of 500
deg_processing_pseudobulk.33077818.err:2025-12-30 05:03:16 | [WARNING]   Batch 10 has only 126 perturbagens, which is below the minimum of 500
deg_processing_pseudobulk.33077818.err:2025-12-30 05:03:16 | [WARNING]   Batch 11 has only 132 perturbagens, which is below the minimum of 500
deg_processing_pseudobulk.33077818.err:2025-12-30 05:03:16 | [WARNING]   Batch 12 has only 127 perturbagens, which is below the minimum of 500
deg_processing_pseudobulk.33077818.err:2025-12-30 05:03:16 | [WARNING]   Batch 13 has only 122 perturbagens, which is below the minimum of 500
deg_processing_pseudobulk.33077818.err:2025-12-30 05:03:16 | [WARNING]   Batch 14 has only 123 perturbagens, which is below the minimum of 500
deg_processing_pseudobulk.33077818.err:2025-12-30 05:03:16 | [WARNING]   Batch 15 has only 126 perturbagens, which is below the minimum of 500
deg_processing_pseudobulk.33077818.err:2025-12-30 05:03:28 | [WARNING]   Non-control n_obs (4100) exceeds 2500, creating batches
deg_processing_pseudobulk.33077818.err:2025-12-30 05:03:29 | [WARNING]   Batch 1 has only 71 perturbagens, which is below the minimum of 500
deg_processing_pseudobulk.33077818.err:2025-12-30 05:03:29 | [WARNING]   Batch 2 has only 67 perturbagens, which is below the minimum of 500
deg_processing_pseudobulk.33077818.err:2025-12-30 05:03:31 | [WARNING]   Non-control n_obs (34112) exceeds 2500, creating batches
deg_processing_pseudobulk.33077818.err:2025-12-30 05:03:53 | [WARNING]   Batch 1 has only 86 perturbagens, which is below the minimum of 500
deg_processing_pseudobulk.33077818.err:2025-12-30 05:03:53 | [WARNING]   Batch 2 has only 140 perturbagens, which is below the minimum of 500
deg_processing_pseudobulk.33077818.err:2025-12-30 05:03:53 | [WARNING]   Batch 3 has only 141 perturbagens, which is below the minimum of 500
deg_processing_pseudobulk.33077818.err:2025-12-30 05:03:53 | [WARNING]   Batch 4 has only 89 perturbagens, which is below the minimum of 500
deg_processing_pseudobulk.33077818.err:2025-12-30 05:03:53 | [WARNING]   Batch 5 has only 135 perturbagens, which is below the minimum of 500
deg_processing_pseudobulk.33077818.err:2025-12-30 05:03:53 | [WARNING]   Batch 6 has only 140 perturbagens, which is below the minimum of 500
deg_processing_pseudobulk.33077818.err:2025-12-30 05:03:53 | [WARNING]   Batch 7 has only 137 perturbagens, which is below the minimum of 500
deg_processing_pseudobulk.33077818.err:2025-12-30 05:03:53 | [WARNING]   Batch 8 has only 130 perturbagens, which is below the minimum of 500
deg_processing_pseudobulk.33077818.err:2025-12-30 05:03:53 | [WARNING]   Batch 9 has only 139 perturbagens, which is below the minimum of 500
deg_processing_pseudobulk.33077818.err:2025-12-30 05:03:53 | [WARNING]   Batch 10 has only 141 perturbagens, which is below the minimum of 500
deg_processing_pseudobulk.33077818.err:2025-12-30 05:03:53 | [WARNING]   Batch 11 has only 137 perturbagens, which is below the minimum of 500
deg_processing_pseudobulk.33077818.err:2025-12-30 05:03:53 | [WARNING]   Batch 12 has only 136 perturbagens, which is below the minimum of 500
deg_processing_pseudobulk.33077818.err:2025-12-30 05:03:53 | [WARNING]   Batch 13 has only 139 perturbagens, which is below the minimum of 500
deg_processing_pseudobulk.33077818.err:2025-12-30 05:03:53 | [WARNING]   Batch 14 has only 142 perturbagens, which is below the minimum of 500
deg_processing_pseudobulk.33077818.err:2025-12-30 05:04:03 | [WARNING]   Non-control n_obs (4074) exceeds 2500, creating batches
deg_processing_pseudobulk.33077818.err:2025-12-30 05:04:05 | [WARNING]   Batch 1 has only 70 perturbagens, which is below the minimum of 500
deg_processing_pseudobulk.33077818.err:2025-12-30 05:04:05 | [WARNING]   Batch 2 has only 69 perturbagens, which is below the minimum of 500
deg_processing_pseudobulk.33077818.err:2025-12-30 05:04:06 | [WARNING]   Non-control n_obs (34532) exceeds 2500, creating batches
deg_processing_pseudobulk.33077818.err:2025-12-30 05:04:29 | [WARNING]   Batch 1 has only 131 perturbagens, which is below the minimum of 500
deg_processing_pseudobulk.33077818.err:2025-12-30 05:04:29 | [WARNING]   Batch 2 has only 133 perturbagens, which is below the minimum of 500
deg_processing_pseudobulk.33077818.err:2025-12-30 05:04:29 | [WARNING]   Batch 3 has only 134 perturbagens, which is below the minimum of 500
deg_processing_pseudobulk.33077818.err:2025-12-30 05:04:29 | [WARNING]   Batch 4 has only 137 perturbagens, which is below the minimum of 500
deg_processing_pseudobulk.33077818.err:2025-12-30 05:04:29 | [WARNING]   Batch 5 has only 142 perturbagens, which is below the minimum of 500
deg_processing_pseudobulk.33077818.err:2025-12-30 05:04:29 | [WARNING]   Batch 6 has only 138 perturbagens, which is below the minimum of 500
deg_processing_pseudobulk.33077818.err:2025-12-30 05:04:29 | [WARNING]   Batch 7 has only 98 perturbagens, which is below the minimum of 500
deg_processing_pseudobulk.33077818.err:2025-12-30 05:04:29 | [WARNING]   Batch 8 has only 135 perturbagens, which is below the minimum of 500
deg_processing_pseudobulk.33077818.err:2025-12-30 05:04:29 | [WARNING]   Batch 9 has only 131 perturbagens, which is below the minimum of 500
deg_processing_pseudobulk.33077818.err:2025-12-30 05:04:29 | [WARNING]   Batch 10 has only 131 perturbagens, which is below the minimum of 500
deg_processing_pseudobulk.33077818.err:2025-12-30 05:04:29 | [WARNING]   Batch 11 has only 135 perturbagens, which is below the minimum of 500
deg_processing_pseudobulk.33077818.err:2025-12-30 05:04:29 | [WARNING]   Batch 12 has only 103 perturbagens, which is below the minimum of 500
deg_processing_pseudobulk.33077818.err:2025-12-30 05:04:29 | [WARNING]   Batch 13 has only 131 perturbagens, which is below the minimum of 500
deg_processing_pseudobulk.33077818.err:2025-12-30 05:04:29 | [WARNING]   Batch 14 has only 133 perturbagens, which is below the minimum of 500
deg_processing_pseudobulk.33077818.err:2025-12-30 05:04:40 | [WARNING]   Non-control n_obs (4430) exceeds 2500, creating batches
deg_processing_pseudobulk.33077818.err:2025-12-30 05:04:41 | [WARNING]   Batch 1 has only 64 perturbagens, which is below the minimum of 500
deg_processing_pseudobulk.33077818.err:2025-12-30 05:04:41 | [WARNING]   Batch 2 has only 63 perturbagens, which is below the minimum of 500
deg_processing_pseudobulk.33077818.err:2025-12-30 05:04:43 | [WARNING]   Non-control n_obs (34534) exceeds 2500, creating batches
deg_processing_pseudobulk.33077818.err:2025-12-30 05:05:05 | [WARNING]   Batch 1 has only 128 perturbagens, which is below the minimum of 500
deg_processing_pseudobulk.33077818.err:2025-12-30 05:05:05 | [WARNING]   Batch 2 has only 122 perturbagens, which is below the minimum of 500
deg_processing_pseudobulk.33077818.err:2025-12-30 05:05:05 | [WARNING]   Batch 3 has only 92 perturbagens, which is below the minimum of 500
deg_processing_pseudobulk.33077818.err:2025-12-30 05:05:05 | [WARNING]   Batch 4 has only 134 perturbagens, which is below the minimum of 500
deg_processing_pseudobulk.33077818.err:2025-12-30 05:05:05 | [WARNING]   Batch 5 has only 137 perturbagens, which is below the minimum of 500
deg_processing_pseudobulk.33077818.err:2025-12-30 05:05:05 | [WARNING]   Batch 6 has only 139 perturbagens, which is below the minimum of 500
deg_processing_pseudobulk.33077818.err:2025-12-30 05:05:05 | [WARNING]   Batch 7 has only 130 perturbagens, which is below the minimum of 500
deg_processing_pseudobulk.33077818.err:2025-12-30 05:05:05 | [WARNING]   Batch 8 has only 128 perturbagens, which is below the minimum of 500
deg_processing_pseudobulk.33077818.err:2025-12-30 05:05:05 | [WARNING]   Batch 9 has only 133 perturbagens, which is below the minimum of 500
deg_processing_pseudobulk.33077818.err:2025-12-30 05:05:05 | [WARNING]   Batch 10 has only 139 perturbagens, which is below the minimum of 500
deg_processing_pseudobulk.33077818.err:2025-12-30 05:05:05 | [WARNING]   Batch 11 has only 90 perturbagens, which is below the minimum of 500
deg_processing_pseudobulk.33077818.err:2025-12-30 05:05:05 | [WARNING]   Batch 12 has only 136 perturbagens, which is below the minimum of 500
deg_processing_pseudobulk.33077818.err:2025-12-30 05:05:05 | [WARNING]   Batch 13 has only 134 perturbagens, which is below the minimum of 500
deg_processing_pseudobulk.33077818.err:2025-12-30 05:05:05 | [WARNING]   Batch 14 has only 139 perturbagens, which is below the minimum of 500
deg_processing_pseudobulk.33077818.err:2025-12-30 05:05:15 | [WARNING]   Non-control n_obs (4122) exceeds 2500, creating batches
deg_processing_pseudobulk.33077818.err:2025-12-30 05:05:17 | [WARNING]   Batch 1 has only 70 perturbagens, which is below the minimum of 500
deg_processing_pseudobulk.33077818.err:2025-12-30 05:05:17 | [WARNING]   Batch 2 has only 67 perturbagens, which is below the minimum of 500
deg_processing_pseudobulk.33077818.err:2025-12-30 05:05:18 | [WARNING]   Non-control n_obs (4060) exceeds 2500, creating batches
deg_processing_pseudobulk.33077818.err:2025-12-30 05:05:20 | [WARNING]   Batch 1 has only 70 perturbagens, which is below the minimum of 500
deg_processing_pseudobulk.33077818.err:2025-12-30 05:05:20 | [WARNING]   Batch 2 has only 69 perturbagens, which is below the minimum of 500
deg_processing_pseudobulk.33077818.err:2025-12-30 05:05:21 | [WARNING]   Non-control n_obs (29295) exceeds 2500, creating batches
deg_processing_pseudobulk.33077818.err:2025-12-30 05:05:41 | [WARNING]   Batch 1 has only 98 perturbagens, which is below the minimum of 500
deg_processing_pseudobulk.33077818.err:2025-12-30 05:05:41 | [WARNING]   Batch 2 has only 143 perturbagens, which is below the minimum of 500
deg_processing_pseudobulk.33077818.err:2025-12-30 05:05:41 | [WARNING]   Batch 3 has only 143 perturbagens, which is below the minimum of 500
deg_processing_pseudobulk.33077818.err:2025-12-30 05:05:41 | [WARNING]   Batch 4 has only 143 perturbagens, which is below the minimum of 500
deg_processing_pseudobulk.33077818.err:2025-12-30 05:05:41 | [WARNING]   Batch 5 has only 143 perturbagens, which is below the minimum of 500
deg_processing_pseudobulk.33077818.err:2025-12-30 05:05:41 | [WARNING]   Batch 6 has only 143 perturbagens, which is below the minimum of 500
deg_processing_pseudobulk.33077818.err:2025-12-30 05:05:41 | [WARNING]   Batch 7 has only 143 perturbagens, which is below the minimum of 500
deg_processing_pseudobulk.33077818.err:2025-12-30 05:05:41 | [WARNING]   Batch 8 has only 143 perturbagens, which is below the minimum of 500
deg_processing_pseudobulk.33077818.err:2025-12-30 05:05:41 | [WARNING]   Batch 9 has only 143 perturbagens, which is below the minimum of 500
deg_processing_pseudobulk.33077818.err:2025-12-30 05:05:41 | [WARNING]   Batch 10 has only 98 perturbagens, which is below the minimum of 500
deg_processing_pseudobulk.33077818.err:2025-12-30 05:05:41 | [WARNING]   Batch 11 has only 143 perturbagens, which is below the minimum of 500
deg_processing_pseudobulk.33077818.err:2025-12-30 05:05:41 | [WARNING]   Batch 12 has only 143 perturbagens, which is below the minimum of 500
deg_processing_pseudobulk.33077818.err:2025-12-30 05:05:50 | [WARNING]   Non-control n_obs (5223) exceeds 2500, creating batches
deg_processing_pseudobulk.33077818.err:2025-12-30 05:05:53 | [WARNING]   Batch 1 has only 104 perturbagens, which is below the minimum of 500
deg_processing_pseudobulk.33077818.err:2025-12-30 05:05:53 | [WARNING]   Batch 2 has only 107 perturbagens, which is below the minimum of 500
deg_processing_pseudobulk.33077818.err:2025-12-30 05:05:53 | [WARNING]   Batch 3 has only 105 perturbagens, which is below the minimum of 500
deg_processing_pseudobulk.33077818.err:2025-12-30 05:05:54 | [WARNING]   Non-control n_obs (5268) exceeds 2500, creating batches
deg_processing_pseudobulk.33077818.err:2025-12-30 05:05:58 | [WARNING]   Batch 1 has only 126 perturbagens, which is below the minimum of 500
deg_processing_pseudobulk.33077818.err:2025-12-30 05:05:58 | [WARNING]   Batch 2 has only 131 perturbagens, which is below the minimum of 500
deg_processing_pseudobulk.33077818.err:2025-12-30 05:05:58 | [WARNING]   Batch 3 has only 126 perturbagens, which is below the minimum of 500
deg_processing_pseudobulk.33077818.err:2025-12-30 05:06:00 | [WARNING]   Non-control n_obs (3129) exceeds 2500, creating batches
deg_processing_pseudobulk.33077818.err:2025-12-30 05:06:02 | [WARNING]   Batch 1 has only 134 perturbagens, which is below the minimum of 500
deg_processing_pseudobulk.33077818.err:2025-12-30 05:06:02 | [WARNING]   Batch 2 has only 134 perturbagens, which is below the minimum of 500
deg_processing_pseudobulk.33077818.err:2025-12-30 05:06:03 | [WARNING]   Non-control n_obs (34413) exceeds 2500, creating batches
deg_processing_pseudobulk.33077818.err:2025-12-30 05:06:25 | [WARNING]   Batch 1 has only 131 perturbagens, which is below the minimum of 500
deg_processing_pseudobulk.33077818.err:2025-12-30 05:06:25 | [WARNING]   Batch 2 has only 91 perturbagens, which is below the minimum of 500
deg_processing_pseudobulk.33077818.err:2025-12-30 05:06:25 | [WARNING]   Batch 3 has only 134 perturbagens, which is below the minimum of 500
deg_processing_pseudobulk.33077818.err:2025-12-30 05:06:25 | [WARNING]   Batch 4 has only 128 perturbagens, which is below the minimum of 500
deg_processing_pseudobulk.33077818.err:2025-12-30 05:06:25 | [WARNING]   Batch 5 has only 135 perturbagens, which is below the minimum of 500
deg_processing_pseudobulk.33077818.err:2025-12-30 05:06:25 | [WARNING]   Batch 6 has only 133 perturbagens, which is below the minimum of 500
deg_processing_pseudobulk.33077818.err:2025-12-30 05:06:25 | [WARNING]   Batch 7 has only 134 perturbagens, which is below the minimum of 500
deg_processing_pseudobulk.33077818.err:2025-12-30 05:06:25 | [WARNING]   Batch 8 has only 130 perturbagens, which is below the minimum of 500
deg_processing_pseudobulk.33077818.err:2025-12-30 05:06:25 | [WARNING]   Batch 9 has only 127 perturbagens, which is below the minimum of 500
deg_processing_pseudobulk.33077818.err:2025-12-30 05:06:25 | [WARNING]   Batch 10 has only 140 perturbagens, which is below the minimum of 500
deg_processing_pseudobulk.33077818.err:2025-12-30 05:06:25 | [WARNING]   Batch 11 has only 93 perturbagens, which is below the minimum of 500
deg_processing_pseudobulk.33077818.err:2025-12-30 05:06:25 | [WARNING]   Batch 12 has only 140 perturbagens, which is below the minimum of 500
deg_processing_pseudobulk.33077818.err:2025-12-30 05:06:25 | [WARNING]   Batch 13 has only 133 perturbagens, which is below the minimum of 500
deg_processing_pseudobulk.33077818.err:2025-12-30 05:06:25 | [WARNING]   Batch 14 has only 135 perturbagens, which is below the minimum of 500
deg_processing_pseudobulk.33077818.err:2025-12-30 05:06:36 | [WARNING]   Non-control n_obs (3098) exceeds 2500, creating batches
deg_processing_pseudobulk.33077818.err:2025-12-30 05:06:38 | [WARNING]   Batch 1 has only 136 perturbagens, which is below the minimum of 500
deg_processing_pseudobulk.33077818.err:2025-12-30 05:06:38 | [WARNING]   Batch 2 has only 135 perturbagens, which is below the minimum of 500
deg_processing_pseudobulk.33077818.err:2025-12-30 05:06:40 | [WARNING]   Non-control n_obs (3029) exceeds 2500, creating batches
deg_processing_pseudobulk.33077818.err:2025-12-30 05:06:42 | [WARNING]   Batch 1 has only 139 perturbagens, which is below the minimum of 500
deg_processing_pseudobulk.33077818.err:2025-12-30 05:06:42 | [WARNING]   Batch 2 has only 140 perturbagens, which is below the minimum of 500
deg_processing_pseudobulk.33077818.err:2025-12-30 05:06:44 | [WARNING]   Non-control n_obs (3127) exceeds 2500, creating batches
deg_processing_pseudobulk.33077818.err:2025-12-30 05:06:46 | [WARNING]   Batch 1 has only 153 perturbagens, which is below the minimum of 500
deg_processing_pseudobulk.33077818.err:2025-12-30 05:06:46 | [WARNING]   Batch 2 has only 151 perturbagens, which is below the minimum of 500
deg_processing_pseudobulk.33077818.err:2025-12-30 05:06:47 | [WARNING]   Non-control n_obs (3037) exceeds 2500, creating batches
deg_processing_pseudobulk.33077818.err:2025-12-30 05:06:49 | [WARNING]   Batch 1 has only 145 perturbagens, which is below the minimum of 500
deg_processing_pseudobulk.33077818.err:2025-12-30 05:06:49 | [WARNING]   Batch 2 has only 138 perturbagens, which is below the minimum of 500
deg_processing_pseudobulk.33077818.err:2025-12-30 05:06:51 | [WARNING]   Non-control n_obs (3210) exceeds 2500, creating batches
deg_processing_pseudobulk.33077818.err:2025-12-30 05:06:53 | [WARNING]   Batch 1 has only 165 perturbagens, which is below the minimum of 500
deg_processing_pseudobulk.33077818.err:2025-12-30 05:06:53 | [WARNING]   Batch 2 has only 164 perturbagens, which is below the minimum of 500
deg_processing_pseudobulk.33077818.err:2025-12-30 05:06:54 | [WARNING]   Non-control n_obs (3089) exceeds 2500, creating batches
deg_processing_pseudobulk.33077818.err:2025-12-30 05:06:57 | [WARNING]   Batch 1 has only 136 perturbagens, which is below the minimum of 500
deg_processing_pseudobulk.33077818.err:2025-12-30 05:06:57 | [WARNING]   Batch 2 has only 139 perturbagens, which is below the minimum of 500
deg_processing_pseudobulk.33077818.err:2025-12-30 05:06:58 | [WARNING]   Non-control n_obs (3111) exceeds 2500, creating batches
deg_processing_pseudobulk.33077818.err:2025-12-30 05:07:00 | [WARNING]   Batch 1 has only 138 perturbagens, which is below the minimum of 500
deg_processing_pseudobulk.33077818.err:2025-12-30 05:07:00 | [WARNING]   Batch 2 has only 138 perturbagens, which is below the minimum of 500
deg_analysis.33078012_0.out:
deg_analysis.33078012_0.out:DE analysis started...
deg_analysis.33078012_0.out:Loaded input file:  ./data/l1000_phase2/pseudobulk_processed/sep_rep/by_celltype/ASC.C/ASC.C_processed_batch_1.h5ad
deg_analysis.33078012_0.out:Initial dimensions:  2727  samples ×  978  genes
deg_analysis.33078012_0.out:Filter samples with the low number of cells
deg_analysis.33078012_0.out:    Filter threshold (min_cells):  0
deg_analysis.33078012_0.out:    Found  2727  samples with sentinel value (-666), keeping all
deg_analysis.33078012_0.out:    n_obs:  2727 -->  2727
deg_analysis.33078012_0.out:
deg_analysis.33078012_0.out:▶︎ Processing cell_type:  ASC.C
deg_analysis.33078012_0.out:    Filter controls by  pert_time_h  column
deg_analysis.33078012_0.out:        n_obs:  2727 -->  2727
deg_analysis.33078012_0.out:
deg_analysis.33078012_0.out:    Constructing design matrix...
deg_analysis.33078012_0.out:    Design matrix is constructed in 0.3 seconds
deg_analysis.33078012_0.out:    Design matrix dimensions: 2727 samples × 2522 coefficients
deg_analysis.33078012_0.out:    Skipping filtering and normalization (dataset is already normalized)
deg_analysis.33078012_0.out:    Skipping voom transformation (dataset is already normalized)
deg_analysis.33078012_0.out:    Using as.matrix() directly for lmFit (data assumed to be normalized and log-transformed)...
deg_analysis.33078012_0.out:    as.matrix() prepared in 0.0 seconds
deg_analysis.33078012_0.out:    Running lmFit...
deg_analysis.33078012_0.out:    LmFit is completed in 10.9 seconds
deg_analysis.33078012_0.out:DGE fit is completed in 11.7 seconds
deg_analysis.33078012_0.out:    Running contrasts...
deg_analysis.33078012_0.out:    Running contrast 1/2513
deg_analysis.33078012_0.out:    Running contrast 51/2513
deg_analysis.33078012_0.out:    Running contrast 101/2513
deg_analysis.33078012_0.out:    Running contrast 151/2513
deg_analysis.33078012_0.out:    Running contrast 201/2513
deg_analysis.33078012_0.out:    Running contrast 251/2513
deg_analysis.33078012_0.out:    Running contrast 301/2513
deg_analysis.33078012_0.out:    Running contrast 351/2513
deg_analysis.33078012_0.out:    Running contrast 401/2513
deg_analysis.33078012_0.out:    Running contrast 451/2513
deg_analysis.33078012_0.out:    Running contrast 501/2513
deg_analysis.33078012_0.out:    Running contrast 551/2513
deg_analysis.33078012_0.out:    Running contrast 601/2513
deg_analysis.33078012_0.out:    Running contrast 651/2513
deg_analysis.33078012_0.out:    Running contrast 701/2513
deg_analysis.33078012_0.out:    Running contrast 751/2513
deg_analysis.33078012_0.out:    Running contrast 801/2513
deg_analysis.33078012_0.out:    Running contrast 851/2513
deg_analysis.33078012_0.out:    Running contrast 901/2513
deg_analysis.33078012_0.out:    Running contrast 951/2513
deg_analysis.33078012_0.out:    Running contrast 1001/2513
deg_analysis.33078012_0.out:    Running contrast 1051/2513
deg_analysis.33078012_0.out:    Running contrast 1101/2513
deg_analysis.33078012_0.out:    Running contrast 1151/2513
deg_analysis.33078012_0.out:    Running contrast 1201/2513
deg_analysis.33078012_0.out:    Running contrast 1251/2513
deg_analysis.33078012_0.out:    Running contrast 1301/2513
deg_analysis.33078012_0.out:    Running contrast 1351/2513
deg_analysis.33078012_0.out:    Running contrast 1401/2513
deg_analysis.33078012_0.out:    Running contrast 1451/2513
deg_analysis.33078012_0.out:    Running contrast 1501/2513
deg_analysis.33078012_0.out:    Running contrast 1551/2513
deg_analysis.33078012_0.out:    Running contrast 1601/2513
deg_analysis.33078012_0.out:    Running contrast 1651/2513
deg_analysis.33078012_0.out:    Running contrast 1701/2513
deg_analysis.33078012_0.out:    Running contrast 1751/2513
deg_analysis.33078012_0.out:    Running contrast 1801/2513
deg_analysis.33078012_0.out:    Running contrast 1851/2513
deg_analysis.33078012_0.out:    Running contrast 1901/2513
deg_analysis.33078012_0.out:    Running contrast 1951/2513
deg_analysis.33078012_0.out:    Running contrast 2001/2513
deg_analysis.33078012_0.out:    Running contrast 2051/2513
deg_analysis.33078012_0.out:    Running contrast 2101/2513
deg_analysis.33078012_0.out:    Running contrast 2151/2513
deg_analysis.33078012_0.out:    Running contrast 2201/2513
deg_analysis.33078012_0.out:    Running contrast 2251/2513
deg_analysis.33078012_0.out:    Running contrast 2301/2513
deg_analysis.33078012_0.out:    Running contrast 2351/2513
deg_analysis.33078012_0.out:    Running contrast 2401/2513
deg_analysis.33078012_0.out:    Running contrast 2451/2513
deg_analysis.33078012_0.out:    Running contrast 2501/2513
deg_analysis.33078012_0.out:    Running contrast 2513/2513
deg_analysis.33078012_0.out:Contrasts are completed in 5418.9 seconds
deg_analysis.33078012_0.out:
deg_analysis.33078012_0.out:    Writing:  ./data/l1000_phase2/deg_data/sep_rep/full/qc_false/filter_min_cells_0/intermediate/ASC.C/ASC.C_batch_1_de.h5ad
deg_analysis.33078012_0.out:
deg_analysis.33078012_0.out:    Rewriting h5ad file: ./data/l1000_phase2/deg_data/sep_rep/full/qc_false/filter_min_cells_0/intermediate/ASC.C/ASC.C_batch_1_de.h5ad
deg_analysis.33078012_0.out:    Removed X matrix
deg_analysis.33078012_0.out:    Rewriting h5ad file is done!
deg_analysis.33078012_0.out:✓ Cell line completed in 5449.4 seconds
deg_analysis.33078012_0.out:
deg_analysis.33078012_0.out:DE analysis completed!
deg_analysis.33078012_0.out:
deg_analysis.33078012_0.out:Total runtime: 5457.6 seconds
deg_analysis.33078013_1.out:
deg_analysis.33078013_1.out:DE analysis started...
deg_analysis.33078013_1.out:Loaded input file:  ./data/l1000_phase2/pseudobulk_processed/sep_rep/by_celltype/ASC.C/ASC.C_processed_batch_2.h5ad
deg_analysis.33078013_1.out:Initial dimensions:  2717  samples ×  978  genes
deg_analysis.33078013_1.out:Filter samples with the low number of cells
deg_analysis.33078013_1.out:    Filter threshold (min_cells):  0
deg_analysis.33078013_1.out:    Found  2717  samples with sentinel value (-666), keeping all
deg_analysis.33078013_1.out:    n_obs:  2717 -->  2717
deg_analysis.33078013_1.out:
deg_analysis.33078013_1.out:▶︎ Processing cell_type:  ASC.C
deg_analysis.33078013_1.out:    Filter controls by  pert_time_h  column
deg_analysis.33078013_1.out:        n_obs:  2717 -->  2717
deg_analysis.33078013_1.out:
deg_analysis.33078013_1.out:    Constructing design matrix...
deg_analysis.33078013_1.out:    Design matrix is constructed in 0.3 seconds
deg_analysis.33078013_1.out:    Design matrix dimensions: 2717 samples × 2512 coefficients
deg_analysis.33078013_1.out:    Skipping filtering and normalization (dataset is already normalized)
deg_analysis.33078013_1.out:    Skipping voom transformation (dataset is already normalized)
deg_analysis.33078013_1.out:    Using as.matrix() directly for lmFit (data assumed to be normalized and log-transformed)...
deg_analysis.33078013_1.out:    as.matrix() prepared in 0.2 seconds
deg_analysis.33078013_1.out:    Running lmFit...
deg_analysis.33078013_1.out:    LmFit is completed in 16.5 seconds
deg_analysis.33078013_1.out:DGE fit is completed in 17.5 seconds
deg_analysis.33078013_1.out:    Running contrasts...
deg_analysis.33078013_1.out:    Running contrast 1/2503
deg_analysis.33078013_1.out:    Running contrast 51/2503
deg_analysis.33078013_1.out:    Running contrast 101/2503
deg_analysis.33078013_1.out:    Running contrast 151/2503
deg_analysis.33078013_1.out:    Running contrast 201/2503
deg_analysis.33078013_1.out:    Running contrast 251/2503
deg_analysis.33078013_1.out:    Running contrast 301/2503
deg_analysis.33078013_1.out:    Running contrast 351/2503
deg_analysis.33078013_1.out:    Running contrast 401/2503
deg_analysis.33078013_1.out:    Running contrast 451/2503
deg_analysis.33078013_1.out:    Running contrast 501/2503
deg_analysis.33078013_1.out:    Running contrast 551/2503
deg_analysis.33078013_1.out:    Running contrast 601/2503
deg_analysis.33078013_1.out:    Running contrast 651/2503
deg_analysis.33078013_1.out:    Running contrast 701/2503
deg_analysis.33078013_1.out:    Running contrast 751/2503
deg_analysis.33078013_1.out:    Running contrast 801/2503
deg_analysis.33078013_1.out:    Running contrast 851/2503
deg_analysis.33078013_1.out:    Running contrast 901/2503
deg_analysis.33078013_1.out:    Running contrast 951/2503
deg_analysis.33078013_1.out:    Running contrast 1001/2503
deg_analysis.33078013_1.out:    Running contrast 1051/2503
deg_analysis.33078013_1.out:    Running contrast 1101/2503
deg_analysis.33078013_1.out:    Running contrast 1151/2503
deg_analysis.33078013_1.out:    Running contrast 1201/2503
deg_analysis.33078013_1.out:    Running contrast 1251/2503
deg_analysis.33078013_1.out:    Running contrast 1301/2503
deg_analysis.33078013_1.out:    Running contrast 1351/2503
deg_analysis.33078013_1.out:    Running contrast 1401/2503
deg_analysis.33078013_1.out:    Running contrast 1451/2503
deg_analysis.33078013_1.out:    Running contrast 1501/2503
deg_analysis.33078013_1.out:    Running contrast 1551/2503
deg_analysis.33078013_1.out:    Running contrast 1601/2503
deg_analysis.33078013_1.out:    Running contrast 1651/2503
deg_analysis.33078013_1.out:    Running contrast 1701/2503
deg_analysis.33078013_1.out:    Running contrast 1751/2503
deg_analysis.33078013_1.out:    Running contrast 1801/2503
deg_analysis.33078013_1.out:    Running contrast 1851/2503
deg_analysis.33078013_1.out:    Running contrast 1901/2503
deg_analysis.33078013_1.out:    Running contrast 1951/2503
deg_analysis.33078013_1.out:    Running contrast 2001/2503
deg_analysis.33078013_1.out:    Running contrast 2051/2503
deg_analysis.33078013_1.out:    Running contrast 2101/2503
deg_analysis.33078013_1.out:    Running contrast 2151/2503
deg_analysis.33078013_1.out:    Running contrast 2201/2503
deg_analysis.33078013_1.out:    Running contrast 2251/2503
deg_analysis.33078013_1.out:    Running contrast 2301/2503
deg_analysis.33078013_1.out:    Running contrast 2351/2503
deg_analysis.33078013_1.out:    Running contrast 2401/2503
deg_analysis.33078013_1.out:    Running contrast 2451/2503
deg_analysis.33078013_1.out:    Running contrast 2501/2503
deg_analysis.33078013_1.out:    Running contrast 2503/2503
deg_analysis.33078013_1.out:Contrasts are completed in 5568.0 seconds
deg_analysis.33078013_1.out:
deg_analysis.33078013_1.out:    Writing:  ./data/l1000_phase2/deg_data/sep_rep/full/qc_false/filter_min_cells_0/intermediate/ASC.C/ASC.C_batch_2_de.h5ad
deg_analysis.33078013_1.out:
deg_analysis.33078013_1.out:    Rewriting h5ad file: ./data/l1000_phase2/deg_data/sep_rep/full/qc_false/filter_min_cells_0/intermediate/ASC.C/ASC.C_batch_2_de.h5ad
deg_analysis.33078013_1.out:    Removed X matrix
deg_analysis.33078013_1.out:    Rewriting h5ad file is done!
deg_analysis.33078013_1.out:✓ Cell line completed in 5602.7 seconds
deg_analysis.33078013_1.out:
deg_analysis.33078013_1.out:DE analysis completed!
deg_analysis.33078013_1.out:
deg_analysis.33078013_1.out:Total runtime: 5611.1 seconds
deg_analysis.33078014_2.out:
deg_analysis.33078014_2.out:DE analysis started...
deg_analysis.33078014_2.out:Loaded input file:  ./data/l1000_phase2/pseudobulk_processed/sep_rep/by_celltype/CD34/CD34_processed_batch_1.h5ad
deg_analysis.33078014_2.out:Initial dimensions:  2715  samples ×  978  genes
deg_analysis.33078014_2.out:Filter samples with the low number of cells
deg_analysis.33078014_2.out:    Filter threshold (min_cells):  0
deg_analysis.33078014_2.out:    Found  2715  samples with sentinel value (-666), keeping all
deg_analysis.33078014_2.out:    n_obs:  2715 -->  2715
deg_analysis.33078014_2.out:
deg_analysis.33078014_2.out:▶︎ Processing cell_type:  CD34
deg_analysis.33078014_2.out:    Filter controls by  pert_time_h  column
deg_analysis.33078014_2.out:        n_obs:  2715 -->  2715
deg_analysis.33078014_2.out:
deg_analysis.33078014_2.out:    Constructing design matrix...
deg_analysis.33078014_2.out:    Design matrix is constructed in 0.3 seconds
deg_analysis.33078014_2.out:    Design matrix dimensions: 2715 samples × 2510 coefficients
deg_analysis.33078014_2.out:    Skipping filtering and normalization (dataset is already normalized)
deg_analysis.33078014_2.out:    Skipping voom transformation (dataset is already normalized)
deg_analysis.33078014_2.out:    Using as.matrix() directly for lmFit (data assumed to be normalized and log-transformed)...
deg_analysis.33078014_2.out:    as.matrix() prepared in 0.2 seconds
deg_analysis.33078014_2.out:    Running lmFit...
deg_analysis.33078014_2.out:    LmFit is completed in 17.6 seconds
deg_analysis.33078014_2.out:DGE fit is completed in 18.6 seconds
deg_analysis.33078014_2.out:    Running contrasts...
deg_analysis.33078014_2.out:    Running contrast 1/2501
deg_analysis.33078014_2.out:    Running contrast 51/2501
deg_analysis.33078014_2.out:    Running contrast 101/2501
deg_analysis.33078014_2.out:    Running contrast 151/2501
deg_analysis.33078014_2.out:    Running contrast 201/2501
deg_analysis.33078014_2.out:    Running contrast 251/2501
deg_analysis.33078014_2.out:    Running contrast 301/2501
deg_analysis.33078014_2.out:    Running contrast 351/2501
deg_analysis.33078014_2.out:    Running contrast 401/2501
deg_analysis.33078014_2.out:    Running contrast 451/2501
deg_analysis.33078014_2.out:    Running contrast 501/2501
deg_analysis.33078014_2.out:    Running contrast 551/2501
deg_analysis.33078014_2.out:    Running contrast 601/2501
deg_analysis.33078014_2.out:    Running contrast 651/2501
deg_analysis.33078014_2.out:    Running contrast 701/2501
deg_analysis.33078014_2.out:    Running contrast 751/2501
deg_analysis.33078014_2.out:    Running contrast 801/2501
deg_analysis.33078014_2.out:    Running contrast 851/2501
deg_analysis.33078014_2.out:    Running contrast 901/2501
deg_analysis.33078014_2.out:    Running contrast 951/2501
deg_analysis.33078014_2.out:    Running contrast 1001/2501
deg_analysis.33078014_2.out:    Running contrast 1051/2501
deg_analysis.33078014_2.out:    Running contrast 1101/2501
deg_analysis.33078014_2.out:    Running contrast 1151/2501
deg_analysis.33078014_2.out:    Running contrast 1201/2501
deg_analysis.33078014_2.out:    Running contrast 1251/2501
deg_analysis.33078014_2.out:    Running contrast 1301/2501
deg_analysis.33078014_2.out:    Running contrast 1351/2501
deg_analysis.33078014_2.out:    Running contrast 1401/2501
deg_analysis.33078014_2.out:    Running contrast 1451/2501
deg_analysis.33078014_2.out:    Running contrast 1501/2501
deg_analysis.33078014_2.out:    Running contrast 1551/2501
deg_analysis.33078014_2.out:    Running contrast 1601/2501
deg_analysis.33078014_2.out:    Running contrast 1651/2501
deg_analysis.33078014_2.out:    Running contrast 1701/2501
deg_analysis.33078014_2.out:    Running contrast 1751/2501
deg_analysis.33078014_2.out:    Running contrast 1801/2501
deg_analysis.33078014_2.out:    Running contrast 1851/2501
deg_analysis.33078014_2.out:    Running contrast 1901/2501
deg_analysis.33078014_2.out:    Running contrast 1951/2501
deg_analysis.33078014_2.out:    Running contrast 2001/2501
deg_analysis.33078014_2.out:    Running contrast 2051/2501
deg_analysis.33078014_2.out:    Running contrast 2101/2501
deg_analysis.33078014_2.out:    Running contrast 2151/2501
deg_analysis.33078014_2.out:    Running contrast 2201/2501
deg_analysis.33078014_2.out:    Running contrast 2251/2501
deg_analysis.33078014_2.out:    Running contrast 2301/2501
deg_analysis.33078014_2.out:    Running contrast 2351/2501
deg_analysis.33078014_2.out:    Running contrast 2401/2501
deg_analysis.33078014_2.out:    Running contrast 2451/2501
deg_analysis.33078014_2.out:    Running contrast 2501/2501
deg_analysis.33078014_2.out:Contrasts are completed in 5838.2 seconds
deg_analysis.33078014_2.out:
deg_analysis.33078014_2.out:    Writing:  ./data/l1000_phase2/deg_data/sep_rep/full/qc_false/filter_min_cells_0/intermediate/CD34/CD34_batch_1_de.h5ad
deg_analysis.33078014_2.out:
deg_analysis.33078014_2.out:    Rewriting h5ad file: ./data/l1000_phase2/deg_data/sep_rep/full/qc_false/filter_min_cells_0/intermediate/CD34/CD34_batch_1_de.h5ad
deg_analysis.33078014_2.out:    Removed X matrix
deg_analysis.33078014_2.out:    Rewriting h5ad file is done!
deg_analysis.33078014_2.out:✓ Cell line completed in 5874.5 seconds
deg_analysis.33078014_2.out:
deg_analysis.33078014_2.out:DE analysis completed!
deg_analysis.33078014_2.out:
deg_analysis.33078014_2.out:Total runtime: 5882.2 seconds
deg_analysis.33078014_2.err:During startup - Warning messages:
deg_analysis.33078014_2.err:1: Setting LC_CTYPE failed, using "C"
deg_analysis.33078014_2.err:2: Setting LC_COLLATE failed, using "C"
deg_analysis.33078014_2.err:3: Setting LC_TIME failed, using "C"
deg_analysis.33078014_2.err:4: Setting LC_MESSAGES failed, using "C"
deg_analysis.33078014_2.err:5: Setting LC_MONETARY failed, using "C"
deg_analysis.33078014_2.err:6: Setting LC_PAPER failed, using "C"
deg_analysis.33078014_2.err:7: Setting LC_MEASUREMENT failed, using "C"
deg_analysis.33078015_3.out:
deg_analysis.33078015_3.out:DE analysis started...
deg_analysis.33078015_3.out:Loaded input file:  ./data/l1000_phase2/pseudobulk_processed/sep_rep/by_celltype/CD34/CD34_processed_batch_2.h5ad
deg_analysis.33078015_3.out:Initial dimensions:  2723  samples ×  978  genes
deg_analysis.33078015_3.out:Filter samples with the low number of cells
deg_analysis.33078015_3.out:    Filter threshold (min_cells):  0
deg_analysis.33078015_3.out:    Found  2723  samples with sentinel value (-666), keeping all
deg_analysis.33078015_3.out:    n_obs:  2723 -->  2723
deg_analysis.33078015_3.out:
deg_analysis.33078015_3.out:▶︎ Processing cell_type:  CD34
deg_analysis.33078015_3.out:    Filter controls by  pert_time_h  column
deg_analysis.33078015_3.out:        n_obs:  2723 -->  2723
deg_analysis.33078015_3.out:
deg_analysis.33078015_3.out:    Constructing design matrix...
deg_analysis.33078015_3.out:    Design matrix is constructed in 0.4 seconds
deg_analysis.33078015_3.out:    Design matrix dimensions: 2723 samples × 2518 coefficients
deg_analysis.33078015_3.out:    Skipping filtering and normalization (dataset is already normalized)
deg_analysis.33078015_3.out:    Skipping voom transformation (dataset is already normalized)
deg_analysis.33078015_3.out:    Using as.matrix() directly for lmFit (data assumed to be normalized and log-transformed)...
deg_analysis.33078015_3.out:    as.matrix() prepared in 0.0 seconds
deg_analysis.33078015_3.out:    Running lmFit...
deg_analysis.33078015_3.out:    LmFit is completed in 18.3 seconds
deg_analysis.33078015_3.out:DGE fit is completed in 19.3 seconds
deg_analysis.33078015_3.out:    Running contrasts...
deg_analysis.33078015_3.out:    Running contrast 1/2509
deg_analysis.33078015_3.out:    Running contrast 51/2509
deg_analysis.33078015_3.out:    Running contrast 101/2509
deg_analysis.33078015_3.out:    Running contrast 151/2509
deg_analysis.33078015_3.out:    Running contrast 201/2509
deg_analysis.33078015_3.out:    Running contrast 251/2509
deg_analysis.33078015_3.out:    Running contrast 301/2509
deg_analysis.33078015_3.out:    Running contrast 351/2509
deg_analysis.33078015_3.out:    Running contrast 401/2509
deg_analysis.33078015_3.out:    Running contrast 451/2509
deg_analysis.33078015_3.out:    Running contrast 501/2509
deg_analysis.33078015_3.out:    Running contrast 551/2509
deg_analysis.33078015_3.out:    Running contrast 601/2509
deg_analysis.33078015_3.out:    Running contrast 651/2509
deg_analysis.33078015_3.out:    Running contrast 701/2509
deg_analysis.33078015_3.out:    Running contrast 751/2509
deg_analysis.33078015_3.out:    Running contrast 801/2509
deg_analysis.33078015_3.out:    Running contrast 851/2509
deg_analysis.33078015_3.out:    Running contrast 901/2509
deg_analysis.33078015_3.out:    Running contrast 951/2509
deg_analysis.33078015_3.out:    Running contrast 1001/2509
deg_analysis.33078015_3.out:    Running contrast 1051/2509
deg_analysis.33078015_3.out:    Running contrast 1101/2509
deg_analysis.33078015_3.out:    Running contrast 1151/2509
deg_analysis.33078015_3.out:    Running contrast 1201/2509
deg_analysis.33078015_3.out:    Running contrast 1251/2509
deg_analysis.33078015_3.out:    Running contrast 1301/2509
deg_analysis.33078015_3.out:    Running contrast 1351/2509
deg_analysis.33078015_3.out:    Running contrast 1401/2509
deg_analysis.33078015_3.out:    Running contrast 1451/2509
deg_analysis.33078015_3.out:    Running contrast 1501/2509
deg_analysis.33078015_3.out:    Running contrast 1551/2509
deg_analysis.33078015_3.out:    Running contrast 1601/2509
deg_analysis.33078015_3.out:    Running contrast 1651/2509
deg_analysis.33078015_3.out:    Running contrast 1701/2509
deg_analysis.33078015_3.out:    Running contrast 1751/2509
deg_analysis.33078015_3.out:    Running contrast 1801/2509
deg_analysis.33078015_3.out:    Running contrast 1851/2509
deg_analysis.33078015_3.out:    Running contrast 1901/2509
deg_analysis.33078015_3.out:    Running contrast 1951/2509
deg_analysis.33078015_3.out:    Running contrast 2001/2509
deg_analysis.33078015_3.out:    Running contrast 2051/2509
deg_analysis.33078015_3.out:    Running contrast 2101/2509
deg_analysis.33078015_3.out:    Running contrast 2151/2509
deg_analysis.33078015_3.out:    Running contrast 2201/2509
deg_analysis.33078015_3.out:    Running contrast 2251/2509
deg_analysis.33078015_3.out:    Running contrast 2301/2509
deg_analysis.33078015_3.out:    Running contrast 2351/2509
deg_analysis.33078015_3.out:    Running contrast 2401/2509
deg_analysis.33078015_3.out:    Running contrast 2451/2509
deg_analysis.33078015_3.out:    Running contrast 2501/2509
deg_analysis.33078015_3.out:    Running contrast 2509/2509
deg_analysis.33078015_3.out:Contrasts are completed in 5856.3 seconds
deg_analysis.33078015_3.out:
deg_analysis.33078015_3.out:    Writing:  ./data/l1000_phase2/deg_data/sep_rep/full/qc_false/filter_min_cells_0/intermediate/CD34/CD34_batch_2_de.h5ad
deg_analysis.33078015_3.out:
deg_analysis.33078015_3.out:    Rewriting h5ad file: ./data/l1000_phase2/deg_data/sep_rep/full/qc_false/filter_min_cells_0/intermediate/CD34/CD34_batch_2_de.h5ad
deg_analysis.33078015_3.out:    Removed X matrix
deg_analysis.33078015_3.out:    Rewriting h5ad file is done!
deg_analysis.33078015_3.out:✓ Cell line completed in 5892.7 seconds
deg_analysis.33078015_3.out:
deg_analysis.33078015_3.out:DE analysis completed!
deg_analysis.33078015_3.out:
deg_analysis.33078015_3.out:Total runtime: 5900.3 seconds
deg_analysis.33078015_3.err:During startup - Warning messages:
deg_analysis.33078015_3.err:1: Setting LC_CTYPE failed, using "C"
deg_analysis.33078015_3.err:2: Setting LC_COLLATE failed, using "C"
deg_analysis.33078015_3.err:3: Setting LC_TIME failed, using "C"
deg_analysis.33078015_3.err:4: Setting LC_MESSAGES failed, using "C"
deg_analysis.33078015_3.err:5: Setting LC_MONETARY failed, using "C"
deg_analysis.33078015_3.err:6: Setting LC_PAPER failed, using "C"
deg_analysis.33078015_3.err:7: Setting LC_MEASUREMENT failed, using "C"
deg_analysis.33078057_4.out:
deg_analysis.33078057_4.out:DE analysis started...
deg_analysis.33078057_4.out:Loaded input file:  ./data/l1000_phase2/pseudobulk_processed/sep_rep/by_celltype/CVCL_0023/CVCL_0023_processed_batch_1.h5ad
deg_analysis.33078057_4.out:Initial dimensions:  3087  samples ×  978  genes
deg_analysis.33078057_4.out:Filter samples with the low number of cells
deg_analysis.33078057_4.out:    Filter threshold (min_cells):  0
deg_analysis.33078057_4.out:    Found  3087  samples with sentinel value (-666), keeping all
deg_analysis.33078057_4.out:    n_obs:  3087 -->  3087
deg_analysis.33078057_4.out:
deg_analysis.33078057_4.out:▶︎ Processing cell_type:  CVCL_0023
deg_analysis.33078057_4.out:    Filter controls by  pert_time_h  column
deg_analysis.33078057_4.out:        n_obs:  3087 -->  3087
deg_analysis.33078057_4.out:
deg_analysis.33078057_4.out:    Constructing design matrix...
deg_analysis.33078057_4.out:    Design matrix is constructed in 0.4 seconds
deg_analysis.33078057_4.out:    Design matrix dimensions: 3087 samples × 2549 coefficients
deg_analysis.33078057_4.out:    Skipping filtering and normalization (dataset is already normalized)
deg_analysis.33078057_4.out:    Skipping voom transformation (dataset is already normalized)
deg_analysis.33078057_4.out:    Using as.matrix() directly for lmFit (data assumed to be normalized and log-transformed)...
deg_analysis.33078057_4.out:    as.matrix() prepared in 0.0 seconds
deg_analysis.33078057_4.out:    Running lmFit...
deg_analysis.33078057_4.out:Coefficients not estimable: plateLPROT003_A549_6H_X1.A2_B22
deg_analysis.33078057_4.out:    LmFit is completed in 11.8 seconds
deg_analysis.33078057_4.out:DGE fit is completed in 12.7 seconds
deg_analysis.33078057_4.out:    Running contrasts...
deg_analysis.33078057_4.out:    Running contrast 1/2523
deg_analysis.33078057_4.out:    Running contrast 51/2523
deg_analysis.33078057_4.out:    Running contrast 101/2523
deg_analysis.33078057_4.out:    Running contrast 151/2523
deg_analysis.33078057_4.out:    Running contrast 201/2523
deg_analysis.33078057_4.out:    Running contrast 251/2523
deg_analysis.33078057_4.out:    Running contrast 301/2523
deg_analysis.33078057_4.out:    Running contrast 351/2523
deg_analysis.33078057_4.out:    Running contrast 401/2523
deg_analysis.33078057_4.out:    Running contrast 451/2523
deg_analysis.33078057_4.out:    Running contrast 501/2523
deg_analysis.33078057_4.out:    Running contrast 551/2523
deg_analysis.33078057_4.out:    Running contrast 601/2523
deg_analysis.33078057_4.out:    Running contrast 651/2523
deg_analysis.33078057_4.out:    Running contrast 701/2523
deg_analysis.33078057_4.out:    Running contrast 751/2523
deg_analysis.33078057_4.out:    Running contrast 801/2523
deg_analysis.33078057_4.out:    Running contrast 851/2523
deg_analysis.33078057_4.out:    Running contrast 901/2523
deg_analysis.33078057_4.out:    Running contrast 951/2523
deg_analysis.33078057_4.out:    Running contrast 1001/2523
deg_analysis.33078057_4.out:    Running contrast 1051/2523
deg_analysis.33078057_4.out:    Running contrast 1101/2523
deg_analysis.33078057_4.out:    Running contrast 1151/2523
deg_analysis.33078057_4.out:    Running contrast 1201/2523
deg_analysis.33078057_4.out:    Running contrast 1251/2523
deg_analysis.33078057_4.out:    Running contrast 1301/2523
deg_analysis.33078057_4.out:    Running contrast 1351/2523
deg_analysis.33078057_4.out:    Running contrast 1401/2523
deg_analysis.33078057_4.out:    Running contrast 1451/2523
deg_analysis.33078057_4.out:    Running contrast 1501/2523
deg_analysis.33078057_4.out:    Running contrast 1551/2523
deg_analysis.33078057_4.out:    Running contrast 1601/2523
deg_analysis.33078057_4.out:    Running contrast 1651/2523
deg_analysis.33078057_4.out:    Running contrast 1701/2523
deg_analysis.33078057_4.out:    Running contrast 1751/2523
deg_analysis.33078057_4.out:    Running contrast 1801/2523
deg_analysis.33078057_4.out:    Running contrast 1851/2523
deg_analysis.33078057_4.out:    Running contrast 1901/2523
deg_analysis.33078057_4.out:    Running contrast 1951/2523
deg_analysis.33078057_4.out:    Running contrast 2001/2523
deg_analysis.33078057_4.out:    Running contrast 2051/2523
deg_analysis.33078057_4.out:    Running contrast 2101/2523
deg_analysis.33078057_4.out:    Running contrast 2151/2523
deg_analysis.33078057_4.out:    Running contrast 2201/2523
deg_analysis.33078057_4.out:    Running contrast 2251/2523
deg_analysis.33078057_4.out:    Running contrast 2301/2523
deg_analysis.33078057_4.out:    Running contrast 2351/2523
deg_analysis.33078057_4.out:    Running contrast 2401/2523
deg_analysis.33078057_4.out:    Running contrast 2451/2523
deg_analysis.33078057_4.out:    Running contrast 2501/2523
deg_analysis.33078057_4.out:    Running contrast 2523/2523
deg_analysis.33078057_4.out:Contrasts are completed in 3889.9 seconds
deg_analysis.33078057_4.out:
deg_analysis.33078057_4.out:    Writing:  ./data/l1000_phase2/deg_data/sep_rep/full/qc_false/filter_min_cells_0/intermediate/CVCL_0023/CVCL_0023_batch_1_de.h5ad
deg_analysis.33078057_4.out:
deg_analysis.33078057_4.out:    Rewriting h5ad file: ./data/l1000_phase2/deg_data/sep_rep/full/qc_false/filter_min_cells_0/intermediate/CVCL_0023/CVCL_0023_batch_1_de.h5ad
deg_analysis.33078057_4.out:    Removed X matrix
deg_analysis.33078057_4.out:    Rewriting h5ad file is done!
deg_analysis.33078057_4.out:✓ Cell line completed in 3914.2 seconds
deg_analysis.33078057_4.out:
deg_analysis.33078057_4.out:DE analysis completed!
deg_analysis.33078057_4.out:
deg_analysis.33078057_4.out:Total runtime: 3922.3 seconds
deg_analysis.33078057_4.err:
deg_analysis.33078057_4.err:=== 1 Warnings encountered ===
deg_analysis.33078057_4.err:
deg_analysis.33078057_4.err:1. Partial NA coefficients for 978 probe(s)
deg_analysis.33078058_5.out:
deg_analysis.33078058_5.out:DE analysis started...
deg_analysis.33078058_5.out:Loaded input file:  ./data/l1000_phase2/pseudobulk_processed/sep_rep/by_celltype/CVCL_0023/CVCL_0023_processed_batch_2.h5ad
deg_analysis.33078058_5.out:Initial dimensions:  3078  samples ×  978  genes
deg_analysis.33078058_5.out:Filter samples with the low number of cells
deg_analysis.33078058_5.out:    Filter threshold (min_cells):  0
deg_analysis.33078058_5.out:    Found  3078  samples with sentinel value (-666), keeping all
deg_analysis.33078058_5.out:    n_obs:  3078 -->  3078
deg_analysis.33078058_5.out:
deg_analysis.33078058_5.out:▶︎ Processing cell_type:  CVCL_0023
deg_analysis.33078058_5.out:    Filter controls by  pert_time_h  column
deg_analysis.33078058_5.out:        n_obs:  3078 -->  3078
deg_analysis.33078058_5.out:
deg_analysis.33078058_5.out:    Constructing design matrix...
deg_analysis.33078058_5.out:    Design matrix is constructed in 0.4 seconds
deg_analysis.33078058_5.out:    Design matrix dimensions: 3078 samples × 2540 coefficients
deg_analysis.33078058_5.out:    Skipping filtering and normalization (dataset is already normalized)
deg_analysis.33078058_5.out:    Skipping voom transformation (dataset is already normalized)
deg_analysis.33078058_5.out:    Using as.matrix() directly for lmFit (data assumed to be normalized and log-transformed)...
deg_analysis.33078058_5.out:    as.matrix() prepared in 0.0 seconds
deg_analysis.33078058_5.out:    Running lmFit...
deg_analysis.33078058_5.out:Coefficients not estimable: plateLPROT003_A549_6H_X1.A2_B22
deg_analysis.33078058_5.out:    LmFit is completed in 12.0 seconds
deg_analysis.33078058_5.out:DGE fit is completed in 12.9 seconds
deg_analysis.33078058_5.out:    Running contrasts...
deg_analysis.33078058_5.out:    Running contrast 1/2514
deg_analysis.33078058_5.out:    Running contrast 51/2514
deg_analysis.33078058_5.out:    Running contrast 101/2514
deg_analysis.33078058_5.out:    Running contrast 151/2514
deg_analysis.33078058_5.out:    Running contrast 201/2514
deg_analysis.33078058_5.out:    Running contrast 251/2514
deg_analysis.33078058_5.out:    Running contrast 301/2514
deg_analysis.33078058_5.out:    Running contrast 351/2514
deg_analysis.33078058_5.out:    Running contrast 401/2514
deg_analysis.33078058_5.out:    Running contrast 451/2514
deg_analysis.33078058_5.out:    Running contrast 501/2514
deg_analysis.33078058_5.out:    Running contrast 551/2514
deg_analysis.33078058_5.out:    Running contrast 601/2514
deg_analysis.33078058_5.out:    Running contrast 651/2514
deg_analysis.33078058_5.out:    Running contrast 701/2514
deg_analysis.33078058_5.out:    Running contrast 751/2514
deg_analysis.33078058_5.out:    Running contrast 801/2514
deg_analysis.33078058_5.out:    Running contrast 851/2514
deg_analysis.33078058_5.out:    Running contrast 901/2514
deg_analysis.33078058_5.out:    Running contrast 951/2514
deg_analysis.33078058_5.out:    Running contrast 1001/2514
deg_analysis.33078058_5.out:    Running contrast 1051/2514
deg_analysis.33078058_5.out:    Running contrast 1101/2514
deg_analysis.33078058_5.out:    Running contrast 1151/2514
deg_analysis.33078058_5.out:    Running contrast 1201/2514
deg_analysis.33078058_5.out:    Running contrast 1251/2514
deg_analysis.33078058_5.out:    Running contrast 1301/2514
deg_analysis.33078058_5.out:    Running contrast 1351/2514
deg_analysis.33078058_5.out:    Running contrast 1401/2514
deg_analysis.33078058_5.out:    Running contrast 1451/2514
deg_analysis.33078058_5.out:    Running contrast 1501/2514
deg_analysis.33078058_5.out:    Running contrast 1551/2514
deg_analysis.33078058_5.out:    Running contrast 1601/2514
deg_analysis.33078058_5.out:    Running contrast 1651/2514
deg_analysis.33078058_5.out:    Running contrast 1701/2514
deg_analysis.33078058_5.out:    Running contrast 1751/2514
deg_analysis.33078058_5.out:    Running contrast 1801/2514
deg_analysis.33078058_5.out:    Running contrast 1851/2514
deg_analysis.33078058_5.out:    Running contrast 1901/2514
deg_analysis.33078058_5.out:    Running contrast 1951/2514
deg_analysis.33078058_5.out:    Running contrast 2001/2514
deg_analysis.33078058_5.out:    Running contrast 2051/2514
deg_analysis.33078058_5.out:    Running contrast 2101/2514
deg_analysis.33078058_5.out:    Running contrast 2151/2514
deg_analysis.33078058_5.out:    Running contrast 2201/2514
deg_analysis.33078058_5.out:    Running contrast 2251/2514
deg_analysis.33078058_5.out:    Running contrast 2301/2514
deg_analysis.33078058_5.out:    Running contrast 2351/2514
deg_analysis.33078058_5.out:    Running contrast 2401/2514
deg_analysis.33078058_5.out:    Running contrast 2451/2514
deg_analysis.33078058_5.out:    Running contrast 2501/2514
deg_analysis.33078058_5.out:    Running contrast 2514/2514
deg_analysis.33078058_5.out:Contrasts are completed in 3851.7 seconds
deg_analysis.33078058_5.out:
deg_analysis.33078058_5.out:    Writing:  ./data/l1000_phase2/deg_data/sep_rep/full/qc_false/filter_min_cells_0/intermediate/CVCL_0023/CVCL_0023_batch_2_de.h5ad
deg_analysis.33078058_5.out:
deg_analysis.33078058_5.out:    Rewriting h5ad file: ./data/l1000_phase2/deg_data/sep_rep/full/qc_false/filter_min_cells_0/intermediate/CVCL_0023/CVCL_0023_batch_2_de.h5ad
deg_analysis.33078058_5.out:    Removed X matrix
deg_analysis.33078058_5.out:    Rewriting h5ad file is done!
deg_analysis.33078058_5.out:✓ Cell line completed in 3877.0 seconds
deg_analysis.33078058_5.out:
deg_analysis.33078058_5.out:DE analysis completed!
deg_analysis.33078058_5.out:
deg_analysis.33078058_5.out:Total runtime: 3885.2 seconds
deg_analysis.33078058_5.err:
deg_analysis.33078058_5.err:=== 1 Warnings encountered ===
deg_analysis.33078058_5.err:
deg_analysis.33078058_5.err:1. Partial NA coefficients for 978 probe(s)
deg_analysis.33078059_6.out:
deg_analysis.33078059_6.out:DE analysis started...
deg_analysis.33078059_6.out:Loaded input file:  ./data/l1000_phase2/pseudobulk_processed/sep_rep/by_celltype/CVCL_0023/CVCL_0023_processed_batch_3.h5ad
deg_analysis.33078059_6.out:Initial dimensions:  3101  samples ×  978  genes
deg_analysis.33078059_6.out:Filter samples with the low number of cells
deg_analysis.33078059_6.out:    Filter threshold (min_cells):  0
deg_analysis.33078059_6.out:    Found  3101  samples with sentinel value (-666), keeping all
deg_analysis.33078059_6.out:    n_obs:  3101 -->  3101
deg_analysis.33078059_6.out:
deg_analysis.33078059_6.out:▶︎ Processing cell_type:  CVCL_0023
deg_analysis.33078059_6.out:    Filter controls by  pert_time_h  column
deg_analysis.33078059_6.out:        n_obs:  3101 -->  3101
deg_analysis.33078059_6.out:
deg_analysis.33078059_6.out:    Constructing design matrix...
deg_analysis.33078059_6.out:    Design matrix is constructed in 0.5 seconds
deg_analysis.33078059_6.out:    Design matrix dimensions: 3101 samples × 2563 coefficients
deg_analysis.33078059_6.out:    Skipping filtering and normalization (dataset is already normalized)
deg_analysis.33078059_6.out:    Skipping voom transformation (dataset is already normalized)
deg_analysis.33078059_6.out:    Using as.matrix() directly for lmFit (data assumed to be normalized and log-transformed)...
deg_analysis.33078059_6.out:    as.matrix() prepared in 0.0 seconds
deg_analysis.33078059_6.out:    Running lmFit...
deg_analysis.33078059_6.out:Coefficients not estimable: plateLPROT003_A549_6H_X1.A2_B22
deg_analysis.33078059_6.out:    LmFit is completed in 13.8 seconds
deg_analysis.33078059_6.out:DGE fit is completed in 14.9 seconds
deg_analysis.33078059_6.out:    Running contrasts...
deg_analysis.33078059_6.out:    Running contrast 1/2537
deg_analysis.33078059_6.out:    Running contrast 51/2537
deg_analysis.33078059_6.out:    Running contrast 101/2537
deg_analysis.33078059_6.out:    Running contrast 151/2537
deg_analysis.33078059_6.out:    Running contrast 201/2537
deg_analysis.33078059_6.out:    Running contrast 251/2537
deg_analysis.33078059_6.out:    Running contrast 301/2537
deg_analysis.33078059_6.out:    Running contrast 351/2537
deg_analysis.33078059_6.out:    Running contrast 401/2537
deg_analysis.33078059_6.out:    Running contrast 451/2537
deg_analysis.33078059_6.out:    Running contrast 501/2537
deg_analysis.33078059_6.out:    Running contrast 551/2537
deg_analysis.33078059_6.out:    Running contrast 601/2537
deg_analysis.33078059_6.out:    Running contrast 651/2537
deg_analysis.33078059_6.out:    Running contrast 701/2537
deg_analysis.33078059_6.out:    Running contrast 751/2537
deg_analysis.33078059_6.out:    Running contrast 801/2537
deg_analysis.33078059_6.out:    Running contrast 851/2537
deg_analysis.33078059_6.out:    Running contrast 901/2537
deg_analysis.33078059_6.out:    Running contrast 951/2537
deg_analysis.33078059_6.out:    Running contrast 1001/2537
deg_analysis.33078059_6.out:    Running contrast 1051/2537
deg_analysis.33078059_6.out:    Running contrast 1101/2537
deg_analysis.33078059_6.out:    Running contrast 1151/2537
deg_analysis.33078059_6.out:    Running contrast 1201/2537
deg_analysis.33078059_6.out:    Running contrast 1251/2537
deg_analysis.33078059_6.out:    Running contrast 1301/2537
deg_analysis.33078059_6.out:    Running contrast 1351/2537
deg_analysis.33078059_6.out:    Running contrast 1401/2537
deg_analysis.33078059_6.out:    Running contrast 1451/2537
deg_analysis.33078059_6.out:    Running contrast 1501/2537
deg_analysis.33078059_6.out:    Running contrast 1551/2537
deg_analysis.33078059_6.out:    Running contrast 1601/2537
deg_analysis.33078059_6.out:    Running contrast 1651/2537
deg_analysis.33078059_6.out:    Running contrast 1701/2537
deg_analysis.33078059_6.out:    Running contrast 1751/2537
deg_analysis.33078059_6.out:    Running contrast 1801/2537
deg_analysis.33078059_6.out:    Running contrast 1851/2537
deg_analysis.33078059_6.out:    Running contrast 1901/2537
deg_analysis.33078059_6.out:    Running contrast 1951/2537
deg_analysis.33078059_6.out:    Running contrast 2001/2537
deg_analysis.33078059_6.out:    Running contrast 2051/2537
deg_analysis.33078059_6.out:    Running contrast 2101/2537
deg_analysis.33078059_6.out:    Running contrast 2151/2537
deg_analysis.33078059_6.out:    Running contrast 2201/2537
deg_analysis.33078059_6.out:    Running contrast 2251/2537
deg_analysis.33078059_6.out:    Running contrast 2301/2537
deg_analysis.33078059_6.out:    Running contrast 2351/2537
deg_analysis.33078059_6.out:    Running contrast 2401/2537
deg_analysis.33078059_6.out:    Running contrast 2451/2537
deg_analysis.33078059_6.out:    Running contrast 2501/2537
deg_analysis.33078059_6.out:    Running contrast 2537/2537
deg_analysis.33078059_6.out:Contrasts are completed in 5857.2 seconds
deg_analysis.33078059_6.out:
deg_analysis.33078059_6.out:    Writing:  ./data/l1000_phase2/deg_data/sep_rep/full/qc_false/filter_min_cells_0/intermediate/CVCL_0023/CVCL_0023_batch_3_de.h5ad
deg_analysis.33078059_6.out:
deg_analysis.33078059_6.out:    Rewriting h5ad file: ./data/l1000_phase2/deg_data/sep_rep/full/qc_false/filter_min_cells_0/intermediate/CVCL_0023/CVCL_0023_batch_3_de.h5ad
deg_analysis.33078059_6.out:    Removed X matrix
deg_analysis.33078059_6.out:    Rewriting h5ad file is done!
deg_analysis.33078059_6.out:✓ Cell line completed in 5884.8 seconds
deg_analysis.33078059_6.out:
deg_analysis.33078059_6.out:DE analysis completed!
deg_analysis.33078059_6.out:
deg_analysis.33078059_6.out:Total runtime: 5894.5 seconds
deg_analysis.33078059_6.err:
deg_analysis.33078059_6.err:=== 1 Warnings encountered ===
deg_analysis.33078059_6.err:
deg_analysis.33078059_6.err:1. Partial NA coefficients for 978 probe(s)
deg_analysis.33078060_7.out:
deg_analysis.33078060_7.out:DE analysis started...
deg_analysis.33078060_7.out:Loaded input file:  ./data/l1000_phase2/pseudobulk_processed/sep_rep/by_celltype/CVCL_0023/CVCL_0023_processed_batch_4.h5ad
deg_analysis.33078060_7.out:Initial dimensions:  3084  samples ×  978  genes
deg_analysis.33078060_7.out:Filter samples with the low number of cells
deg_analysis.33078060_7.out:    Filter threshold (min_cells):  0
deg_analysis.33078060_7.out:    Found  3084  samples with sentinel value (-666), keeping all
deg_analysis.33078060_7.out:    n_obs:  3084 -->  3084
deg_analysis.33078060_7.out:
deg_analysis.33078060_7.out:▶︎ Processing cell_type:  CVCL_0023
deg_analysis.33078060_7.out:    Filter controls by  pert_time_h  column
deg_analysis.33078060_7.out:        n_obs:  3084 -->  3084
deg_analysis.33078060_7.out:
deg_analysis.33078060_7.out:    Constructing design matrix...
deg_analysis.33078060_7.out:    Design matrix is constructed in 0.6 seconds
deg_analysis.33078060_7.out:    Design matrix dimensions: 3084 samples × 2546 coefficients
deg_analysis.33078060_7.out:    Skipping filtering and normalization (dataset is already normalized)
deg_analysis.33078060_7.out:    Skipping voom transformation (dataset is already normalized)
deg_analysis.33078060_7.out:    Using as.matrix() directly for lmFit (data assumed to be normalized and log-transformed)...
deg_analysis.33078060_7.out:    as.matrix() prepared in 0.0 seconds
deg_analysis.33078060_7.out:    Running lmFit...
deg_analysis.33078060_7.out:Coefficients not estimable: plateLPROT003_A549_6H_X1.A2_B22
deg_analysis.33078060_7.out:    LmFit is completed in 21.8 seconds
deg_analysis.33078060_7.out:DGE fit is completed in 23.0 seconds
deg_analysis.33078060_7.out:    Running contrasts...
deg_analysis.33078060_7.out:    Running contrast 1/2520
deg_analysis.33078060_7.out:    Running contrast 51/2520
deg_analysis.33078060_7.out:    Running contrast 101/2520
deg_analysis.33078060_7.out:    Running contrast 151/2520
deg_analysis.33078060_7.out:    Running contrast 201/2520
deg_analysis.33078060_7.out:    Running contrast 251/2520
deg_analysis.33078060_7.out:    Running contrast 301/2520
deg_analysis.33078060_7.out:    Running contrast 351/2520
deg_analysis.33078060_7.out:    Running contrast 401/2520
deg_analysis.33078060_7.out:    Running contrast 451/2520
deg_analysis.33078060_7.out:    Running contrast 501/2520
deg_analysis.33078060_7.out:    Running contrast 551/2520
deg_analysis.33078060_7.out:    Running contrast 601/2520
deg_analysis.33078060_7.out:    Running contrast 651/2520
deg_analysis.33078060_7.out:    Running contrast 701/2520
deg_analysis.33078060_7.out:    Running contrast 751/2520
deg_analysis.33078060_7.out:    Running contrast 801/2520
deg_analysis.33078060_7.out:    Running contrast 851/2520
deg_analysis.33078060_7.out:    Running contrast 901/2520
deg_analysis.33078060_7.out:    Running contrast 951/2520
deg_analysis.33078060_7.out:    Running contrast 1001/2520
deg_analysis.33078060_7.out:    Running contrast 1051/2520
deg_analysis.33078060_7.out:    Running contrast 1101/2520
deg_analysis.33078060_7.out:    Running contrast 1151/2520
deg_analysis.33078060_7.out:    Running contrast 1201/2520
deg_analysis.33078060_7.out:    Running contrast 1251/2520
deg_analysis.33078060_7.out:    Running contrast 1301/2520
deg_analysis.33078060_7.out:    Running contrast 1351/2520
deg_analysis.33078060_7.out:    Running contrast 1401/2520
deg_analysis.33078060_7.out:    Running contrast 1451/2520
deg_analysis.33078060_7.out:    Running contrast 1501/2520
deg_analysis.33078060_7.out:    Running contrast 1551/2520
deg_analysis.33078060_7.out:    Running contrast 1601/2520
deg_analysis.33078060_7.out:    Running contrast 1651/2520
deg_analysis.33078060_7.out:    Running contrast 1701/2520
deg_analysis.33078060_7.out:    Running contrast 1751/2520
deg_analysis.33078060_7.out:    Running contrast 1801/2520
deg_analysis.33078060_7.out:    Running contrast 1851/2520
deg_analysis.33078060_7.out:    Running contrast 1901/2520
deg_analysis.33078060_7.out:    Running contrast 1951/2520
deg_analysis.33078060_7.out:    Running contrast 2001/2520
deg_analysis.33078060_7.out:    Running contrast 2051/2520
deg_analysis.33078060_7.out:    Running contrast 2101/2520
deg_analysis.33078060_7.out:    Running contrast 2151/2520
deg_analysis.33078060_7.out:    Running contrast 2201/2520
deg_analysis.33078060_7.out:    Running contrast 2251/2520
deg_analysis.33078060_7.out:    Running contrast 2301/2520
deg_analysis.33078060_7.out:    Running contrast 2351/2520
deg_analysis.33078060_7.out:    Running contrast 2401/2520
deg_analysis.33078060_7.out:    Running contrast 2451/2520
deg_analysis.33078060_7.out:    Running contrast 2501/2520
deg_analysis.33078060_7.out:    Running contrast 2520/2520
deg_analysis.33078060_7.out:Contrasts are completed in 5902.2 seconds
deg_analysis.33078060_7.out:
deg_analysis.33078060_7.out:    Writing:  ./data/l1000_phase2/deg_data/sep_rep/full/qc_false/filter_min_cells_0/intermediate/CVCL_0023/CVCL_0023_batch_4_de.h5ad
deg_analysis.33078060_7.out:
deg_analysis.33078060_7.out:    Rewriting h5ad file: ./data/l1000_phase2/deg_data/sep_rep/full/qc_false/filter_min_cells_0/intermediate/CVCL_0023/CVCL_0023_batch_4_de.h5ad
deg_analysis.33078060_7.out:    Removed X matrix
deg_analysis.33078060_7.out:    Rewriting h5ad file is done!
deg_analysis.33078060_7.out:✓ Cell line completed in 5941.9 seconds
deg_analysis.33078060_7.out:
deg_analysis.33078060_7.out:DE analysis completed!
deg_analysis.33078060_7.out:
deg_analysis.33078060_7.out:Total runtime: 5949.8 seconds
deg_analysis.33078060_7.err:
deg_analysis.33078060_7.err:=== 1 Warnings encountered ===
deg_analysis.33078060_7.err:
deg_analysis.33078060_7.err:1. Partial NA coefficients for 978 probe(s)
deg_analysis.33078061_8.out:
deg_analysis.33078061_8.out:DE analysis started...
deg_analysis.33078061_8.out:Loaded input file:  ./data/l1000_phase2/pseudobulk_processed/sep_rep/by_celltype/CVCL_0027/CVCL_0027_processed_batch_1.h5ad
deg_analysis.33078061_8.out:Initial dimensions:  2875  samples ×  978  genes
deg_analysis.33078061_8.out:Filter samples with the low number of cells
deg_analysis.33078061_8.out:    Filter threshold (min_cells):  0
deg_analysis.33078061_8.out:    Found  2875  samples with sentinel value (-666), keeping all
deg_analysis.33078061_8.out:    n_obs:  2875 -->  2875
deg_analysis.33078061_8.out:
deg_analysis.33078061_8.out:▶︎ Processing cell_type:  CVCL_0027
deg_analysis.33078061_8.out:    Filter controls by  pert_time_h  column
deg_analysis.33078061_8.out:        n_obs:  2875 -->  2875
deg_analysis.33078061_8.out:
deg_analysis.33078061_8.out:    Constructing design matrix...
deg_analysis.33078061_8.out:    Design matrix is constructed in 0.6 seconds
deg_analysis.33078061_8.out:    Design matrix dimensions: 2875 samples × 2520 coefficients
deg_analysis.33078061_8.out:    Skipping filtering and normalization (dataset is already normalized)
deg_analysis.33078061_8.out:    Skipping voom transformation (dataset is already normalized)
deg_analysis.33078061_8.out:    Using as.matrix() directly for lmFit (data assumed to be normalized and log-transformed)...
deg_analysis.33078061_8.out:    as.matrix() prepared in 0.0 seconds
deg_analysis.33078061_8.out:    Running lmFit...
deg_analysis.33078061_8.out:    LmFit is completed in 21.3 seconds
deg_analysis.33078061_8.out:DGE fit is completed in 22.6 seconds
deg_analysis.33078061_8.out:    Running contrasts...
deg_analysis.33078061_8.out:    Running contrast 1/2505
deg_analysis.33078061_8.out:    Running contrast 51/2505
deg_analysis.33078061_8.out:    Running contrast 101/2505
deg_analysis.33078061_8.out:    Running contrast 151/2505
deg_analysis.33078061_8.out:    Running contrast 201/2505
deg_analysis.33078061_8.out:    Running contrast 251/2505
deg_analysis.33078061_8.out:    Running contrast 301/2505
deg_analysis.33078061_8.out:    Running contrast 351/2505
deg_analysis.33078061_8.out:    Running contrast 401/2505
deg_analysis.33078061_8.out:    Running contrast 451/2505
deg_analysis.33078061_8.out:    Running contrast 501/2505
deg_analysis.33078061_8.out:    Running contrast 551/2505
deg_analysis.33078061_8.out:    Running contrast 601/2505
deg_analysis.33078061_8.out:    Running contrast 651/2505
deg_analysis.33078061_8.out:    Running contrast 701/2505
deg_analysis.33078061_8.out:    Running contrast 751/2505
deg_analysis.33078061_8.out:    Running contrast 801/2505
deg_analysis.33078061_8.out:    Running contrast 851/2505
deg_analysis.33078061_8.out:    Running contrast 901/2505
deg_analysis.33078061_8.out:    Running contrast 951/2505
deg_analysis.33078061_8.out:    Running contrast 1001/2505
deg_analysis.33078061_8.out:    Running contrast 1051/2505
deg_analysis.33078061_8.out:    Running contrast 1101/2505
deg_analysis.33078061_8.out:    Running contrast 1151/2505
deg_analysis.33078061_8.out:    Running contrast 1201/2505
deg_analysis.33078061_8.out:    Running contrast 1251/2505
deg_analysis.33078061_8.out:    Running contrast 1301/2505
deg_analysis.33078061_8.out:    Running contrast 1351/2505
deg_analysis.33078061_8.out:    Running contrast 1401/2505
deg_analysis.33078061_8.out:    Running contrast 1451/2505
deg_analysis.33078061_8.out:    Running contrast 1501/2505
deg_analysis.33078061_8.out:    Running contrast 1551/2505
deg_analysis.33078061_8.out:    Running contrast 1601/2505
deg_analysis.33078061_8.out:    Running contrast 1651/2505
deg_analysis.33078061_8.out:    Running contrast 1701/2505
deg_analysis.33078061_8.out:    Running contrast 1751/2505
deg_analysis.33078061_8.out:    Running contrast 1801/2505
deg_analysis.33078061_8.out:    Running contrast 1851/2505
deg_analysis.33078061_8.out:    Running contrast 1901/2505
deg_analysis.33078061_8.out:    Running contrast 1951/2505
deg_analysis.33078061_8.out:    Running contrast 2001/2505
deg_analysis.33078061_8.out:    Running contrast 2051/2505
deg_analysis.33078061_8.out:    Running contrast 2101/2505
deg_analysis.33078061_8.out:    Running contrast 2151/2505
deg_analysis.33078061_8.out:    Running contrast 2201/2505
deg_analysis.33078061_8.out:    Running contrast 2251/2505
deg_analysis.33078061_8.out:    Running contrast 2301/2505
deg_analysis.33078061_8.out:    Running contrast 2351/2505
deg_analysis.33078061_8.out:    Running contrast 2401/2505
deg_analysis.33078061_8.out:    Running contrast 2451/2505
deg_analysis.33078061_8.out:    Running contrast 2501/2505
deg_analysis.33078061_8.out:    Running contrast 2505/2505
deg_analysis.33078061_8.out:Contrasts are completed in 5842.3 seconds
deg_analysis.33078061_8.out:
deg_analysis.33078061_8.out:    Writing:  ./data/l1000_phase2/deg_data/sep_rep/full/qc_false/filter_min_cells_0/intermediate/CVCL_0027/CVCL_0027_batch_1_de.h5ad
deg_analysis.33078061_8.out:
deg_analysis.33078061_8.out:    Rewriting h5ad file: ./data/l1000_phase2/deg_data/sep_rep/full/qc_false/filter_min_cells_0/intermediate/CVCL_0027/CVCL_0027_batch_1_de.h5ad
deg_analysis.33078061_8.out:    Removed X matrix
deg_analysis.33078061_8.out:    Rewriting h5ad file is done!
deg_analysis.33078061_8.out:✓ Cell line completed in 5882.4 seconds
deg_analysis.33078061_8.out:
deg_analysis.33078061_8.out:DE analysis completed!
deg_analysis.33078061_8.out:
deg_analysis.33078061_8.out:Total runtime: 5890.4 seconds
deg_analysis.33078061_8.err:During startup - Warning messages:
deg_analysis.33078061_8.err:1: Setting LC_CTYPE failed, using "C"
deg_analysis.33078061_8.err:2: Setting LC_COLLATE failed, using "C"
deg_analysis.33078061_8.err:3: Setting LC_TIME failed, using "C"
deg_analysis.33078061_8.err:4: Setting LC_MESSAGES failed, using "C"
deg_analysis.33078061_8.err:5: Setting LC_MONETARY failed, using "C"
deg_analysis.33078061_8.err:6: Setting LC_PAPER failed, using "C"
deg_analysis.33078061_8.err:7: Setting LC_MEASUREMENT failed, using "C"
deg_analysis.33078062_9.out:
deg_analysis.33078062_9.out:DE analysis started...
deg_analysis.33078062_9.out:Loaded input file:  ./data/l1000_phase2/pseudobulk_processed/sep_rep/by_celltype/CVCL_0027/CVCL_0027_processed_batch_2.h5ad
deg_analysis.33078062_9.out:Initial dimensions:  2887  samples ×  978  genes
deg_analysis.33078062_9.out:Filter samples with the low number of cells
deg_analysis.33078062_9.out:    Filter threshold (min_cells):  0
deg_analysis.33078062_9.out:    Found  2887  samples with sentinel value (-666), keeping all
deg_analysis.33078062_9.out:    n_obs:  2887 -->  2887
deg_analysis.33078062_9.out:
deg_analysis.33078062_9.out:▶︎ Processing cell_type:  CVCL_0027
deg_analysis.33078062_9.out:    Filter controls by  pert_time_h  column
deg_analysis.33078062_9.out:        n_obs:  2887 -->  2887
deg_analysis.33078062_9.out:
deg_analysis.33078062_9.out:    Constructing design matrix...
deg_analysis.33078062_9.out:    Design matrix is constructed in 0.6 seconds
deg_analysis.33078062_9.out:    Design matrix dimensions: 2887 samples × 2532 coefficients
deg_analysis.33078062_9.out:    Skipping filtering and normalization (dataset is already normalized)
deg_analysis.33078062_9.out:    Skipping voom transformation (dataset is already normalized)
deg_analysis.33078062_9.out:    Using as.matrix() directly for lmFit (data assumed to be normalized and log-transformed)...
deg_analysis.33078062_9.out:    as.matrix() prepared in 0.0 seconds
deg_analysis.33078062_9.out:    Running lmFit...
deg_analysis.33078062_9.out:    LmFit is completed in 21.1 seconds
deg_analysis.33078062_9.out:DGE fit is completed in 22.3 seconds
deg_analysis.33078062_9.out:    Running contrasts...
deg_analysis.33078062_9.out:    Running contrast 1/2517
deg_analysis.33078062_9.out:    Running contrast 51/2517
deg_analysis.33078062_9.out:    Running contrast 101/2517
deg_analysis.33078062_9.out:    Running contrast 151/2517
deg_analysis.33078062_9.out:    Running contrast 201/2517
deg_analysis.33078062_9.out:    Running contrast 251/2517
deg_analysis.33078062_9.out:    Running contrast 301/2517
deg_analysis.33078062_9.out:    Running contrast 351/2517
deg_analysis.33078062_9.out:    Running contrast 401/2517
deg_analysis.33078062_9.out:    Running contrast 451/2517
deg_analysis.33078062_9.out:    Running contrast 501/2517
deg_analysis.33078062_9.out:    Running contrast 551/2517
deg_analysis.33078062_9.out:    Running contrast 601/2517
deg_analysis.33078062_9.out:    Running contrast 651/2517
deg_analysis.33078062_9.out:    Running contrast 701/2517
deg_analysis.33078062_9.out:    Running contrast 751/2517
deg_analysis.33078062_9.out:    Running contrast 801/2517
deg_analysis.33078062_9.out:    Running contrast 851/2517
deg_analysis.33078062_9.out:    Running contrast 901/2517
deg_analysis.33078062_9.out:    Running contrast 951/2517
deg_analysis.33078062_9.out:    Running contrast 1001/2517
deg_analysis.33078062_9.out:    Running contrast 1051/2517
deg_analysis.33078062_9.out:    Running contrast 1101/2517
deg_analysis.33078062_9.out:    Running contrast 1151/2517
deg_analysis.33078062_9.out:    Running contrast 1201/2517
deg_analysis.33078062_9.out:    Running contrast 1251/2517
deg_analysis.33078062_9.out:    Running contrast 1301/2517
deg_analysis.33078062_9.out:    Running contrast 1351/2517
deg_analysis.33078062_9.out:    Running contrast 1401/2517
deg_analysis.33078062_9.out:    Running contrast 1451/2517
deg_analysis.33078062_9.out:    Running contrast 1501/2517
deg_analysis.33078062_9.out:    Running contrast 1551/2517
deg_analysis.33078062_9.out:    Running contrast 1601/2517
deg_analysis.33078062_9.out:    Running contrast 1651/2517
deg_analysis.33078062_9.out:    Running contrast 1701/2517
deg_analysis.33078062_9.out:    Running contrast 1751/2517
deg_analysis.33078062_9.out:    Running contrast 1801/2517
deg_analysis.33078062_9.out:    Running contrast 1851/2517
deg_analysis.33078062_9.out:    Running contrast 1901/2517
deg_analysis.33078062_9.out:    Running contrast 1951/2517
deg_analysis.33078062_9.out:    Running contrast 2001/2517
deg_analysis.33078062_9.out:    Running contrast 2051/2517
deg_analysis.33078062_9.out:    Running contrast 2101/2517
deg_analysis.33078062_9.out:    Running contrast 2151/2517
deg_analysis.33078062_9.out:    Running contrast 2201/2517
deg_analysis.33078062_9.out:    Running contrast 2251/2517
deg_analysis.33078062_9.out:    Running contrast 2301/2517
deg_analysis.33078062_9.out:    Running contrast 2351/2517
deg_analysis.33078062_9.out:    Running contrast 2401/2517
deg_analysis.33078062_9.out:    Running contrast 2451/2517
deg_analysis.33078062_9.out:    Running contrast 2501/2517
deg_analysis.33078062_9.out:    Running contrast 2517/2517
deg_analysis.33078062_9.out:Contrasts are completed in 5867.5 seconds
deg_analysis.33078062_9.out:
deg_analysis.33078062_9.out:    Writing:  ./data/l1000_phase2/deg_data/sep_rep/full/qc_false/filter_min_cells_0/intermediate/CVCL_0027/CVCL_0027_batch_2_de.h5ad
deg_analysis.33078062_9.out:
deg_analysis.33078062_9.out:    Rewriting h5ad file: ./data/l1000_phase2/deg_data/sep_rep/full/qc_false/filter_min_cells_0/intermediate/CVCL_0027/CVCL_0027_batch_2_de.h5ad
deg_analysis.33078062_9.out:    Removed X matrix
deg_analysis.33078062_9.out:    Rewriting h5ad file is done!
deg_analysis.33078062_9.out:✓ Cell line completed in 5907.2 seconds
deg_analysis.33078062_9.out:
deg_analysis.33078062_9.out:DE analysis completed!
deg_analysis.33078062_9.out:
deg_analysis.33078062_9.out:Total runtime: 5915.0 seconds
deg_analysis.33078062_9.err:During startup - Warning messages:
deg_analysis.33078062_9.err:1: Setting LC_CTYPE failed, using "C"
deg_analysis.33078062_9.err:2: Setting LC_COLLATE failed, using "C"
deg_analysis.33078062_9.err:3: Setting LC_TIME failed, using "C"
deg_analysis.33078062_9.err:4: Setting LC_MESSAGES failed, using "C"
deg_analysis.33078062_9.err:5: Setting LC_MONETARY failed, using "C"
deg_analysis.33078062_9.err:6: Setting LC_PAPER failed, using "C"
deg_analysis.33078062_9.err:7: Setting LC_MEASUREMENT failed, using "C"
deg_analysis.33078064_10.out:
deg_analysis.33078064_10.out:DE analysis started...
deg_analysis.33078064_10.out:Loaded input file:  ./data/l1000_phase2/pseudobulk_processed/sep_rep/by_celltype/CVCL_0027/CVCL_0027_processed_batch_3.h5ad
deg_analysis.33078064_10.out:Initial dimensions:  2873  samples ×  978  genes
deg_analysis.33078064_10.out:Filter samples with the low number of cells
deg_analysis.33078064_10.out:    Filter threshold (min_cells):  0
deg_analysis.33078064_10.out:    Found  2873  samples with sentinel value (-666), keeping all
deg_analysis.33078064_10.out:    n_obs:  2873 -->  2873
deg_analysis.33078064_10.out:
deg_analysis.33078064_10.out:▶︎ Processing cell_type:  CVCL_0027
deg_analysis.33078064_10.out:    Filter controls by  pert_time_h  column
deg_analysis.33078064_10.out:        n_obs:  2873 -->  2873
deg_analysis.33078064_10.out:
deg_analysis.33078064_10.out:    Constructing design matrix...
deg_analysis.33078064_10.out:    Design matrix is constructed in 0.6 seconds
deg_analysis.33078064_10.out:    Design matrix dimensions: 2873 samples × 2518 coefficients
deg_analysis.33078064_10.out:    Skipping filtering and normalization (dataset is already normalized)
deg_analysis.33078064_10.out:    Skipping voom transformation (dataset is already normalized)
deg_analysis.33078064_10.out:    Using as.matrix() directly for lmFit (data assumed to be normalized and log-transformed)...
deg_analysis.33078064_10.out:    as.matrix() prepared in 0.0 seconds
deg_analysis.33078064_10.out:    Running lmFit...
deg_analysis.33078064_10.out:    LmFit is completed in 20.9 seconds
deg_analysis.33078064_10.out:DGE fit is completed in 22.1 seconds
deg_analysis.33078064_10.out:    Running contrasts...
deg_analysis.33078064_10.out:    Running contrast 1/2503
deg_analysis.33078064_10.out:    Running contrast 51/2503
deg_analysis.33078064_10.out:    Running contrast 101/2503
deg_analysis.33078064_10.out:    Running contrast 151/2503
deg_analysis.33078064_10.out:    Running contrast 201/2503
deg_analysis.33078064_10.out:    Running contrast 251/2503
deg_analysis.33078064_10.out:    Running contrast 301/2503
deg_analysis.33078064_10.out:    Running contrast 351/2503
deg_analysis.33078064_10.out:    Running contrast 401/2503
deg_analysis.33078064_10.out:    Running contrast 451/2503
deg_analysis.33078064_10.out:    Running contrast 501/2503
deg_analysis.33078064_10.out:    Running contrast 551/2503
deg_analysis.33078064_10.out:    Running contrast 601/2503
deg_analysis.33078064_10.out:    Running contrast 651/2503
deg_analysis.33078064_10.out:    Running contrast 701/2503
deg_analysis.33078064_10.out:    Running contrast 751/2503
deg_analysis.33078064_10.out:    Running contrast 801/2503
deg_analysis.33078064_10.out:    Running contrast 851/2503
deg_analysis.33078064_10.out:    Running contrast 901/2503
deg_analysis.33078064_10.out:    Running contrast 951/2503
deg_analysis.33078064_10.out:    Running contrast 1001/2503
deg_analysis.33078064_10.out:    Running contrast 1051/2503
deg_analysis.33078064_10.out:    Running contrast 1101/2503
deg_analysis.33078064_10.out:    Running contrast 1151/2503
deg_analysis.33078064_10.out:    Running contrast 1201/2503
deg_analysis.33078064_10.out:    Running contrast 1251/2503
deg_analysis.33078064_10.out:    Running contrast 1301/2503
deg_analysis.33078064_10.out:    Running contrast 1351/2503
deg_analysis.33078064_10.out:    Running contrast 1401/2503
deg_analysis.33078064_10.out:    Running contrast 1451/2503
deg_analysis.33078064_10.out:    Running contrast 1501/2503
deg_analysis.33078064_10.out:    Running contrast 1551/2503
deg_analysis.33078064_10.out:    Running contrast 1601/2503
deg_analysis.33078064_10.out:    Running contrast 1651/2503
deg_analysis.33078064_10.out:    Running contrast 1701/2503
deg_analysis.33078064_10.out:    Running contrast 1751/2503
deg_analysis.33078064_10.out:    Running contrast 1801/2503
deg_analysis.33078064_10.out:    Running contrast 1851/2503
deg_analysis.33078064_10.out:    Running contrast 1901/2503
deg_analysis.33078064_10.out:    Running contrast 1951/2503
deg_analysis.33078064_10.out:    Running contrast 2001/2503
deg_analysis.33078064_10.out:    Running contrast 2051/2503
deg_analysis.33078064_10.out:    Running contrast 2101/2503
deg_analysis.33078064_10.out:    Running contrast 2151/2503
deg_analysis.33078064_10.out:    Running contrast 2201/2503
deg_analysis.33078064_10.out:    Running contrast 2251/2503
deg_analysis.33078064_10.out:    Running contrast 2301/2503
deg_analysis.33078064_10.out:    Running contrast 2351/2503
deg_analysis.33078064_10.out:    Running contrast 2401/2503
deg_analysis.33078064_10.out:    Running contrast 2451/2503
deg_analysis.33078064_10.out:    Running contrast 2501/2503
deg_analysis.33078064_10.out:    Running contrast 2503/2503
deg_analysis.33078064_10.out:Contrasts are completed in 5802.6 seconds
deg_analysis.33078064_10.out:
deg_analysis.33078064_10.out:    Writing:  ./data/l1000_phase2/deg_data/sep_rep/full/qc_false/filter_min_cells_0/intermediate/CVCL_0027/CVCL_0027_batch_3_de.h5ad
deg_analysis.33078064_10.out:
deg_analysis.33078064_10.out:    Rewriting h5ad file: ./data/l1000_phase2/deg_data/sep_rep/full/qc_false/filter_min_cells_0/intermediate/CVCL_0027/CVCL_0027_batch_3_de.h5ad
deg_analysis.33078064_10.out:    Removed X matrix
deg_analysis.33078064_10.out:    Rewriting h5ad file is done!
deg_analysis.33078064_10.out:✓ Cell line completed in 5842.2 seconds
deg_analysis.33078064_10.out:
deg_analysis.33078064_10.out:DE analysis completed!
deg_analysis.33078064_10.out:
deg_analysis.33078064_10.out:Total runtime: 5850.5 seconds
deg_analysis.33078065_11.out:
deg_analysis.33078065_11.out:DE analysis started...
deg_analysis.33078065_11.out:Loaded input file:  ./data/l1000_phase2/pseudobulk_processed/sep_rep/by_celltype/CVCL_0030/CVCL_0030_processed_batch_10.h5ad
deg_analysis.33078065_11.out:Initial dimensions:  4332  samples ×  978  genes
deg_analysis.33078065_11.out:Filter samples with the low number of cells
deg_analysis.33078065_11.out:    Filter threshold (min_cells):  0
deg_analysis.33078065_11.out:    Found  4332  samples with sentinel value (-666), keeping all
deg_analysis.33078065_11.out:    n_obs:  4332 -->  4332
deg_analysis.33078065_11.out:
deg_analysis.33078065_11.out:▶︎ Processing cell_type:  CVCL_0030
deg_analysis.33078065_11.out:    Filter controls by  pert_time_h  column
deg_analysis.33078065_11.out:        n_obs:  4332 -->  4332
deg_analysis.33078065_11.out:
deg_analysis.33078065_11.out:    Constructing design matrix...
deg_analysis.33078065_11.out:    Design matrix is constructed in 0.6 seconds
deg_analysis.33078065_11.out:    Design matrix dimensions: 4332 samples × 2762 coefficients
deg_analysis.33078065_11.out:    Skipping filtering and normalization (dataset is already normalized)
deg_analysis.33078065_11.out:    Skipping voom transformation (dataset is already normalized)
deg_analysis.33078065_11.out:    Using as.matrix() directly for lmFit (data assumed to be normalized and log-transformed)...
deg_analysis.33078065_11.out:    as.matrix() prepared in 0.2 seconds
deg_analysis.33078065_11.out:    Running lmFit...
deg_analysis.33078065_11.out:    LmFit is completed in 38.9 seconds
deg_analysis.33078065_11.out:DGE fit is completed in 40.6 seconds
deg_analysis.33078065_11.out:    Running contrasts...
deg_analysis.33078065_11.out:    Running contrast 1/2678
deg_analysis.33078065_11.out:    Running contrast 51/2678
deg_analysis.33078065_11.out:    Running contrast 101/2678
deg_analysis.33078065_11.out:    Running contrast 151/2678
deg_analysis.33078065_11.out:    Running contrast 201/2678
deg_analysis.33078065_11.out:    Running contrast 251/2678
deg_analysis.33078065_11.out:    Running contrast 301/2678
deg_analysis.33078065_11.out:    Running contrast 351/2678
deg_analysis.33078065_11.out:    Running contrast 401/2678
deg_analysis.33078065_11.out:    Running contrast 451/2678
deg_analysis.33078065_11.out:    Running contrast 501/2678
deg_analysis.33078065_11.out:    Running contrast 551/2678
deg_analysis.33078065_11.out:    Running contrast 601/2678
deg_analysis.33078065_11.out:    Running contrast 651/2678
deg_analysis.33078065_11.out:    Running contrast 701/2678
deg_analysis.33078065_11.out:    Running contrast 751/2678
deg_analysis.33078065_11.out:    Running contrast 801/2678
deg_analysis.33078065_11.out:    Running contrast 851/2678
deg_analysis.33078065_11.out:    Running contrast 901/2678
deg_analysis.33078065_11.out:    Running contrast 951/2678
deg_analysis.33078065_11.out:    Running contrast 1001/2678
deg_analysis.33078065_11.out:    Running contrast 1051/2678
deg_analysis.33078065_11.out:    Running contrast 1101/2678
deg_analysis.33078065_11.out:    Running contrast 1151/2678
deg_analysis.33078065_11.out:    Running contrast 1201/2678
deg_analysis.33078065_11.out:    Running contrast 1251/2678
deg_analysis.33078065_11.out:    Running contrast 1301/2678
deg_analysis.33078065_11.out:    Running contrast 1351/2678
deg_analysis.33078065_11.out:    Running contrast 1401/2678
deg_analysis.33078065_11.out:    Running contrast 1451/2678
deg_analysis.33078065_11.out:    Running contrast 1501/2678
deg_analysis.33078065_11.out:    Running contrast 1551/2678
deg_analysis.33078065_11.out:    Running contrast 1601/2678
deg_analysis.33078065_11.out:    Running contrast 1651/2678
deg_analysis.33078065_11.out:    Running contrast 1701/2678
deg_analysis.33078065_11.out:    Running contrast 1751/2678
deg_analysis.33078065_11.out:    Running contrast 1801/2678
deg_analysis.33078065_11.out:    Running contrast 1851/2678
deg_analysis.33078065_11.out:    Running contrast 1901/2678
deg_analysis.33078065_11.out:    Running contrast 1951/2678
deg_analysis.33078065_11.out:    Running contrast 2001/2678
deg_analysis.33078065_11.out:    Running contrast 2051/2678
deg_analysis.33078065_11.out:    Running contrast 2101/2678
deg_analysis.33078065_11.out:    Running contrast 2151/2678
deg_analysis.33078065_11.out:    Running contrast 2201/2678
deg_analysis.33078065_11.out:    Running contrast 2251/2678
deg_analysis.33078065_11.out:    Running contrast 2301/2678
deg_analysis.33078065_11.out:    Running contrast 2351/2678
deg_analysis.33078065_11.out:    Running contrast 2401/2678
deg_analysis.33078065_11.out:    Running contrast 2451/2678
deg_analysis.33078065_11.out:    Running contrast 2501/2678
deg_analysis.33078065_11.out:    Running contrast 2551/2678
deg_analysis.33078065_11.out:    Running contrast 2601/2678
deg_analysis.33078065_11.out:    Running contrast 2651/2678
deg_analysis.33078065_11.out:    Running contrast 2678/2678
deg_analysis.33078065_11.out:Contrasts are completed in 8528.7 seconds
deg_analysis.33078065_11.out:
deg_analysis.33078065_11.out:    Writing:  ./data/l1000_phase2/deg_data/sep_rep/full/qc_false/filter_min_cells_0/intermediate/CVCL_0030/CVCL_0030_batch_10_de.h5ad
deg_analysis.33078065_11.out:
deg_analysis.33078065_11.out:    Rewriting h5ad file: ./data/l1000_phase2/deg_data/sep_rep/full/qc_false/filter_min_cells_0/intermediate/CVCL_0030/CVCL_0030_batch_10_de.h5ad
deg_analysis.33078065_11.out:    Removed X matrix
deg_analysis.33078065_11.out:    Rewriting h5ad file is done!
deg_analysis.33078065_11.out:✓ Cell line completed in 8587.6 seconds
deg_analysis.33078065_11.out:
deg_analysis.33078065_11.out:DE analysis completed!
deg_analysis.33078065_11.out:
deg_analysis.33078065_11.out:Total runtime: 8595.9 seconds
deg_analysis.33078066_12.out:
deg_analysis.33078066_12.out:DE analysis started...
deg_analysis.33078066_12.out:Loaded input file:  ./data/l1000_phase2/pseudobulk_processed/sep_rep/by_celltype/CVCL_0030/CVCL_0030_processed_batch_11.h5ad
deg_analysis.33078066_12.out:Initial dimensions:  4158  samples ×  978  genes
deg_analysis.33078066_12.out:Filter samples with the low number of cells
deg_analysis.33078066_12.out:    Filter threshold (min_cells):  0
deg_analysis.33078066_12.out:    Found  4158  samples with sentinel value (-666), keeping all
deg_analysis.33078066_12.out:    n_obs:  4158 -->  4158
deg_analysis.33078066_12.out:
deg_analysis.33078066_12.out:▶︎ Processing cell_type:  CVCL_0030
deg_analysis.33078066_12.out:    Filter controls by  pert_time_h  column
deg_analysis.33078066_12.out:        n_obs:  4158 -->  4158
deg_analysis.33078066_12.out:
deg_analysis.33078066_12.out:    Constructing design matrix...
deg_analysis.33078066_12.out:    Design matrix is constructed in 0.3 seconds
deg_analysis.33078066_12.out:    Design matrix dimensions: 4158 samples × 2588 coefficients
deg_analysis.33078066_12.out:    Skipping filtering and normalization (dataset is already normalized)
deg_analysis.33078066_12.out:    Skipping voom transformation (dataset is already normalized)
deg_analysis.33078066_12.out:    Using as.matrix() directly for lmFit (data assumed to be normalized and log-transformed)...
deg_analysis.33078066_12.out:    as.matrix() prepared in 0.0 seconds
deg_analysis.33078066_12.out:    Running lmFit...
deg_analysis.33078066_12.out:    LmFit is completed in 13.4 seconds
deg_analysis.33078066_12.out:DGE fit is completed in 14.3 seconds
deg_analysis.33078066_12.out:    Running contrasts...
deg_analysis.33078066_12.out:    Running contrast 1/2504
deg_analysis.33078066_12.out:    Running contrast 51/2504
deg_analysis.33078066_12.out:    Running contrast 101/2504
deg_analysis.33078066_12.out:    Running contrast 151/2504
deg_analysis.33078066_12.out:    Running contrast 201/2504
deg_analysis.33078066_12.out:    Running contrast 251/2504
deg_analysis.33078066_12.out:    Running contrast 301/2504
deg_analysis.33078066_12.out:    Running contrast 351/2504
deg_analysis.33078066_12.out:    Running contrast 401/2504
deg_analysis.33078066_12.out:    Running contrast 451/2504
deg_analysis.33078066_12.out:    Running contrast 501/2504
deg_analysis.33078066_12.out:    Running contrast 551/2504
deg_analysis.33078066_12.out:    Running contrast 601/2504
deg_analysis.33078066_12.out:    Running contrast 651/2504
deg_analysis.33078066_12.out:    Running contrast 701/2504
deg_analysis.33078066_12.out:    Running contrast 751/2504
deg_analysis.33078066_12.out:    Running contrast 801/2504
deg_analysis.33078066_12.out:    Running contrast 851/2504
deg_analysis.33078066_12.out:    Running contrast 901/2504
deg_analysis.33078066_12.out:    Running contrast 951/2504
deg_analysis.33078066_12.out:    Running contrast 1001/2504
deg_analysis.33078066_12.out:    Running contrast 1051/2504
deg_analysis.33078066_12.out:    Running contrast 1101/2504
deg_analysis.33078066_12.out:    Running contrast 1151/2504
deg_analysis.33078066_12.out:    Running contrast 1201/2504
deg_analysis.33078066_12.out:    Running contrast 1251/2504
deg_analysis.33078066_12.out:    Running contrast 1301/2504
deg_analysis.33078066_12.out:    Running contrast 1351/2504
deg_analysis.33078066_12.out:    Running contrast 1401/2504
deg_analysis.33078066_12.out:    Running contrast 1451/2504
deg_analysis.33078066_12.out:    Running contrast 1501/2504
deg_analysis.33078066_12.out:    Running contrast 1551/2504
deg_analysis.33078066_12.out:    Running contrast 1601/2504
deg_analysis.33078066_12.out:    Running contrast 1651/2504
deg_analysis.33078066_12.out:    Running contrast 1701/2504
deg_analysis.33078066_12.out:    Running contrast 1751/2504
deg_analysis.33078066_12.out:    Running contrast 1801/2504
deg_analysis.33078066_12.out:    Running contrast 1851/2504
deg_analysis.33078066_12.out:    Running contrast 1901/2504
deg_analysis.33078066_12.out:    Running contrast 1951/2504
deg_analysis.33078066_12.out:    Running contrast 2001/2504
deg_analysis.33078066_12.out:    Running contrast 2051/2504
deg_analysis.33078066_12.out:    Running contrast 2101/2504
deg_analysis.33078066_12.out:    Running contrast 2151/2504
deg_analysis.33078066_12.out:    Running contrast 2201/2504
deg_analysis.33078066_12.out:    Running contrast 2251/2504
deg_analysis.33078066_12.out:    Running contrast 2301/2504
deg_analysis.33078066_12.out:    Running contrast 2351/2504
deg_analysis.33078066_12.out:    Running contrast 2401/2504
deg_analysis.33078066_12.out:    Running contrast 2451/2504
deg_analysis.33078066_12.out:    Running contrast 2501/2504
deg_analysis.33078066_12.out:    Running contrast 2504/2504
deg_analysis.33078066_12.out:Contrasts are completed in 3759.6 seconds
deg_analysis.33078066_12.out:
deg_analysis.33078066_12.out:    Writing:  ./data/l1000_phase2/deg_data/sep_rep/full/qc_false/filter_min_cells_0/intermediate/CVCL_0030/CVCL_0030_batch_11_de.h5ad
deg_analysis.33078066_12.out:
deg_analysis.33078066_12.out:    Rewriting h5ad file: ./data/l1000_phase2/deg_data/sep_rep/full/qc_false/filter_min_cells_0/intermediate/CVCL_0030/CVCL_0030_batch_11_de.h5ad
deg_analysis.33078066_12.out:    Removed X matrix
deg_analysis.33078066_12.out:    Rewriting h5ad file is done!
deg_analysis.33078066_12.out:✓ Cell line completed in 3786.2 seconds
deg_analysis.33078066_12.out:
deg_analysis.33078066_12.out:DE analysis completed!
deg_analysis.33078066_12.out:
deg_analysis.33078066_12.out:Total runtime: 3793.8 seconds
deg_analysis.33078067_13.out:
deg_analysis.33078067_13.out:DE analysis started...
deg_analysis.33078067_13.out:Loaded input file:  ./data/l1000_phase2/pseudobulk_processed/sep_rep/by_celltype/CVCL_0030/CVCL_0030_processed_batch_12.h5ad
deg_analysis.33078067_13.out:Initial dimensions:  4158  samples ×  978  genes
deg_analysis.33078067_13.out:Filter samples with the low number of cells
deg_analysis.33078067_13.out:    Filter threshold (min_cells):  0
deg_analysis.33078067_13.out:    Found  4158  samples with sentinel value (-666), keeping all
deg_analysis.33078067_13.out:    n_obs:  4158 -->  4158
deg_analysis.33078067_13.out:
deg_analysis.33078067_13.out:▶︎ Processing cell_type:  CVCL_0030
deg_analysis.33078067_13.out:    Filter controls by  pert_time_h  column
deg_analysis.33078067_13.out:        n_obs:  4158 -->  4158
deg_analysis.33078067_13.out:
deg_analysis.33078067_13.out:    Constructing design matrix...
deg_analysis.33078067_13.out:    Design matrix is constructed in 0.4 seconds
deg_analysis.33078067_13.out:    Design matrix dimensions: 4158 samples × 2588 coefficients
deg_analysis.33078067_13.out:    Skipping filtering and normalization (dataset is already normalized)
deg_analysis.33078067_13.out:    Skipping voom transformation (dataset is already normalized)
deg_analysis.33078067_13.out:    Using as.matrix() directly for lmFit (data assumed to be normalized and log-transformed)...
deg_analysis.33078067_13.out:    as.matrix() prepared in 0.0 seconds
deg_analysis.33078067_13.out:    Running lmFit...
deg_analysis.33078067_13.out:    LmFit is completed in 19.1 seconds
deg_analysis.33078067_13.out:DGE fit is completed in 20.1 seconds
deg_analysis.33078067_13.out:    Running contrasts...
deg_analysis.33078067_13.out:    Running contrast 1/2504
deg_analysis.33078067_13.out:    Running contrast 51/2504
deg_analysis.33078067_13.out:    Running contrast 101/2504
deg_analysis.33078067_13.out:    Running contrast 151/2504
deg_analysis.33078067_13.out:    Running contrast 201/2504
deg_analysis.33078067_13.out:    Running contrast 251/2504
deg_analysis.33078067_13.out:    Running contrast 301/2504
deg_analysis.33078067_13.out:    Running contrast 351/2504
deg_analysis.33078067_13.out:    Running contrast 401/2504
deg_analysis.33078067_13.out:    Running contrast 451/2504
deg_analysis.33078067_13.out:    Running contrast 501/2504
deg_analysis.33078067_13.out:    Running contrast 551/2504
deg_analysis.33078067_13.out:    Running contrast 601/2504
deg_analysis.33078067_13.out:    Running contrast 651/2504
deg_analysis.33078067_13.out:    Running contrast 701/2504
deg_analysis.33078067_13.out:    Running contrast 751/2504
deg_analysis.33078067_13.out:    Running contrast 801/2504
deg_analysis.33078067_13.out:    Running contrast 851/2504
deg_analysis.33078067_13.out:    Running contrast 901/2504
deg_analysis.33078067_13.out:    Running contrast 951/2504
deg_analysis.33078067_13.out:    Running contrast 1001/2504
deg_analysis.33078067_13.out:    Running contrast 1051/2504
deg_analysis.33078067_13.out:    Running contrast 1101/2504
deg_analysis.33078067_13.out:    Running contrast 1151/2504
deg_analysis.33078067_13.out:    Running contrast 1201/2504
deg_analysis.33078067_13.out:    Running contrast 1251/2504
deg_analysis.33078067_13.out:    Running contrast 1301/2504
deg_analysis.33078067_13.out:    Running contrast 1351/2504
deg_analysis.33078067_13.out:    Running contrast 1401/2504
deg_analysis.33078067_13.out:    Running contrast 1451/2504
deg_analysis.33078067_13.out:    Running contrast 1501/2504
deg_analysis.33078067_13.out:    Running contrast 1551/2504
deg_analysis.33078067_13.out:    Running contrast 1601/2504
deg_analysis.33078067_13.out:    Running contrast 1651/2504
deg_analysis.33078067_13.out:    Running contrast 1701/2504
deg_analysis.33078067_13.out:    Running contrast 1751/2504
deg_analysis.33078067_13.out:    Running contrast 1801/2504
deg_analysis.33078067_13.out:    Running contrast 1851/2504
deg_analysis.33078067_13.out:    Running contrast 1901/2504
deg_analysis.33078067_13.out:    Running contrast 1951/2504
deg_analysis.33078067_13.out:    Running contrast 2001/2504
deg_analysis.33078067_13.out:    Running contrast 2051/2504
deg_analysis.33078067_13.out:    Running contrast 2101/2504
deg_analysis.33078067_13.out:    Running contrast 2151/2504
deg_analysis.33078067_13.out:    Running contrast 2201/2504
deg_analysis.33078067_13.out:    Running contrast 2251/2504
deg_analysis.33078067_13.out:    Running contrast 2301/2504
deg_analysis.33078067_13.out:    Running contrast 2351/2504
deg_analysis.33078067_13.out:    Running contrast 2401/2504
deg_analysis.33078067_13.out:    Running contrast 2451/2504
deg_analysis.33078067_13.out:    Running contrast 2501/2504
deg_analysis.33078067_13.out:    Running contrast 2504/2504
deg_analysis.33078067_13.out:Contrasts are completed in 6292.2 seconds
deg_analysis.33078067_13.out:
deg_analysis.33078067_13.out:    Writing:  ./data/l1000_phase2/deg_data/sep_rep/full/qc_false/filter_min_cells_0/intermediate/CVCL_0030/CVCL_0030_batch_12_de.h5ad
deg_analysis.33078067_13.out:
deg_analysis.33078067_13.out:    Rewriting h5ad file: ./data/l1000_phase2/deg_data/sep_rep/full/qc_false/filter_min_cells_0/intermediate/CVCL_0030/CVCL_0030_batch_12_de.h5ad
deg_analysis.33078067_13.out:    Removed X matrix
deg_analysis.33078067_13.out:    Rewriting h5ad file is done!
deg_analysis.33078067_13.out:✓ Cell line completed in 6324.4 seconds
deg_analysis.33078067_13.out:
deg_analysis.33078067_13.out:DE analysis completed!
deg_analysis.33078067_13.out:
deg_analysis.33078067_13.out:Total runtime: 6334.2 seconds
deg_analysis.33078069_14.out:
deg_analysis.33078069_14.out:DE analysis started...
deg_analysis.33078069_14.out:Loaded input file:  ./data/l1000_phase2/pseudobulk_processed/sep_rep/by_celltype/CVCL_0030/CVCL_0030_processed_batch_1.h5ad
deg_analysis.33078069_14.out:Initial dimensions:  4167  samples ×  978  genes
deg_analysis.33078069_14.out:Filter samples with the low number of cells
deg_analysis.33078069_14.out:    Filter threshold (min_cells):  0
deg_analysis.33078069_14.out:    Found  4167  samples with sentinel value (-666), keeping all
deg_analysis.33078069_14.out:    n_obs:  4167 -->  4167
deg_analysis.33078069_14.out:
deg_analysis.33078069_14.out:▶︎ Processing cell_type:  CVCL_0030
deg_analysis.33078069_14.out:    Filter controls by  pert_time_h  column
deg_analysis.33078069_14.out:        n_obs:  4167 -->  4167
deg_analysis.33078069_14.out:
deg_analysis.33078069_14.out:    Constructing design matrix...
deg_analysis.33078069_14.out:    Design matrix is constructed in 0.5 seconds
deg_analysis.33078069_14.out:    Design matrix dimensions: 4167 samples × 2597 coefficients
deg_analysis.33078069_14.out:    Skipping filtering and normalization (dataset is already normalized)
deg_analysis.33078069_14.out:    Skipping voom transformation (dataset is already normalized)
deg_analysis.33078069_14.out:    Using as.matrix() directly for lmFit (data assumed to be normalized and log-transformed)...
deg_analysis.33078069_14.out:    as.matrix() prepared in 0.0 seconds
deg_analysis.33078069_14.out:    Running lmFit...
deg_analysis.33078069_14.out:    LmFit is completed in 22.8 seconds
deg_analysis.33078069_14.out:DGE fit is completed in 24.0 seconds
deg_analysis.33078069_14.out:    Running contrasts...
deg_analysis.33078069_14.out:    Running contrast 1/2513
deg_analysis.33078069_14.out:    Running contrast 51/2513
deg_analysis.33078069_14.out:    Running contrast 101/2513
deg_analysis.33078069_14.out:    Running contrast 151/2513
deg_analysis.33078069_14.out:    Running contrast 201/2513
deg_analysis.33078069_14.out:    Running contrast 251/2513
deg_analysis.33078069_14.out:    Running contrast 301/2513
deg_analysis.33078069_14.out:    Running contrast 351/2513
deg_analysis.33078069_14.out:    Running contrast 401/2513
deg_analysis.33078069_14.out:    Running contrast 451/2513
deg_analysis.33078069_14.out:    Running contrast 501/2513
deg_analysis.33078069_14.out:    Running contrast 551/2513
deg_analysis.33078069_14.out:    Running contrast 601/2513
deg_analysis.33078069_14.out:    Running contrast 651/2513
deg_analysis.33078069_14.out:    Running contrast 701/2513
deg_analysis.33078069_14.out:    Running contrast 751/2513
deg_analysis.33078069_14.out:    Running contrast 801/2513
deg_analysis.33078069_14.out:    Running contrast 851/2513
deg_analysis.33078069_14.out:    Running contrast 901/2513
deg_analysis.33078069_14.out:    Running contrast 951/2513
deg_analysis.33078069_14.out:    Running contrast 1001/2513
deg_analysis.33078069_14.out:    Running contrast 1051/2513
deg_analysis.33078069_14.out:    Running contrast 1101/2513
deg_analysis.33078069_14.out:    Running contrast 1151/2513
deg_analysis.33078069_14.out:    Running contrast 1201/2513
deg_analysis.33078069_14.out:    Running contrast 1251/2513
deg_analysis.33078069_14.out:    Running contrast 1301/2513
deg_analysis.33078069_14.out:    Running contrast 1351/2513
deg_analysis.33078069_14.out:    Running contrast 1401/2513
deg_analysis.33078069_14.out:    Running contrast 1451/2513
deg_analysis.33078069_14.out:    Running contrast 1501/2513
deg_analysis.33078069_14.out:    Running contrast 1551/2513
deg_analysis.33078069_14.out:    Running contrast 1601/2513
deg_analysis.33078069_14.out:    Running contrast 1651/2513
deg_analysis.33078069_14.out:    Running contrast 1701/2513
deg_analysis.33078069_14.out:    Running contrast 1751/2513
deg_analysis.33078069_14.out:    Running contrast 1801/2513
deg_analysis.33078069_14.out:    Running contrast 1851/2513
deg_analysis.33078069_14.out:    Running contrast 1901/2513
deg_analysis.33078069_14.out:    Running contrast 1951/2513
deg_analysis.33078069_14.out:    Running contrast 2001/2513
deg_analysis.33078069_14.out:    Running contrast 2051/2513
deg_analysis.33078069_14.out:    Running contrast 2101/2513
deg_analysis.33078069_14.out:    Running contrast 2151/2513
deg_analysis.33078069_14.out:    Running contrast 2201/2513
deg_analysis.33078069_14.out:    Running contrast 2251/2513
deg_analysis.33078069_14.out:    Running contrast 2301/2513
deg_analysis.33078069_14.out:    Running contrast 2351/2513
deg_analysis.33078069_14.out:    Running contrast 2401/2513
deg_analysis.33078069_14.out:    Running contrast 2451/2513
deg_analysis.33078069_14.out:    Running contrast 2501/2513
deg_analysis.33078069_14.out:    Running contrast 2513/2513
deg_analysis.33078069_14.out:Contrasts are completed in 6248.2 seconds
deg_analysis.33078069_14.out:
deg_analysis.33078069_14.out:    Writing:  ./data/l1000_phase2/deg_data/sep_rep/full/qc_false/filter_min_cells_0/intermediate/CVCL_0030/CVCL_0030_batch_1_de.h5ad
deg_analysis.33078069_14.out:
deg_analysis.33078069_14.out:    Rewriting h5ad file: ./data/l1000_phase2/deg_data/sep_rep/full/qc_false/filter_min_cells_0/intermediate/CVCL_0030/CVCL_0030_batch_1_de.h5ad
deg_analysis.33078069_14.out:    Removed X matrix
deg_analysis.33078069_14.out:    Rewriting h5ad file is done!
deg_analysis.33078069_14.out:✓ Cell line completed in 6285.0 seconds
deg_analysis.33078069_14.out:
deg_analysis.33078069_14.out:DE analysis completed!
deg_analysis.33078069_14.out:
deg_analysis.33078069_14.out:Total runtime: 6295.2 seconds
deg_analysis.33078070_15.out:
deg_analysis.33078070_15.out:DE analysis started...
deg_analysis.33078070_15.out:Loaded input file:  ./data/l1000_phase2/pseudobulk_processed/sep_rep/by_celltype/CVCL_0030/CVCL_0030_processed_batch_2.h5ad
deg_analysis.33078070_15.out:Initial dimensions:  4168  samples ×  978  genes
deg_analysis.33078070_15.out:Filter samples with the low number of cells
deg_analysis.33078070_15.out:    Filter threshold (min_cells):  0
deg_analysis.33078070_15.out:    Found  4168  samples with sentinel value (-666), keeping all
deg_analysis.33078070_15.out:    n_obs:  4168 -->  4168
deg_analysis.33078070_15.out:
deg_analysis.33078070_15.out:▶︎ Processing cell_type:  CVCL_0030
deg_analysis.33078070_15.out:    Filter controls by  pert_time_h  column
deg_analysis.33078070_15.out:        n_obs:  4168 -->  4168
deg_analysis.33078070_15.out:
deg_analysis.33078070_15.out:    Constructing design matrix...
deg_analysis.33078070_15.out:    Design matrix is constructed in 0.9 seconds
deg_analysis.33078070_15.out:    Design matrix dimensions: 4168 samples × 2598 coefficients
deg_analysis.33078070_15.out:    Skipping filtering and normalization (dataset is already normalized)
deg_analysis.33078070_15.out:    Skipping voom transformation (dataset is already normalized)
deg_analysis.33078070_15.out:    Using as.matrix() directly for lmFit (data assumed to be normalized and log-transformed)...
deg_analysis.33078070_15.out:    as.matrix() prepared in 0.0 seconds
deg_analysis.33078070_15.out:    Running lmFit...
deg_analysis.33078070_15.out:    LmFit is completed in 31.0 seconds
deg_analysis.33078070_15.out:DGE fit is completed in 32.6 seconds
deg_analysis.33078070_15.out:    Running contrasts...
deg_analysis.33078070_15.out:    Running contrast 1/2514
deg_analysis.33078070_15.out:    Running contrast 51/2514
deg_analysis.33078070_15.out:    Running contrast 101/2514
deg_analysis.33078070_15.out:    Running contrast 151/2514
deg_analysis.33078070_15.out:    Running contrast 201/2514
deg_analysis.33078070_15.out:    Running contrast 251/2514
deg_analysis.33078070_15.out:    Running contrast 301/2514
deg_analysis.33078070_15.out:    Running contrast 351/2514
deg_analysis.33078070_15.out:    Running contrast 401/2514
deg_analysis.33078070_15.out:    Running contrast 451/2514
deg_analysis.33078070_15.out:    Running contrast 501/2514
deg_analysis.33078070_15.out:    Running contrast 551/2514
deg_analysis.33078070_15.out:    Running contrast 601/2514
deg_analysis.33078070_15.out:    Running contrast 651/2514
deg_analysis.33078070_15.out:    Running contrast 701/2514
deg_analysis.33078070_15.out:    Running contrast 751/2514
deg_analysis.33078070_15.out:    Running contrast 801/2514
deg_analysis.33078070_15.out:    Running contrast 851/2514
deg_analysis.33078070_15.out:    Running contrast 901/2514
deg_analysis.33078070_15.out:    Running contrast 951/2514
deg_analysis.33078070_15.out:    Running contrast 1001/2514
deg_analysis.33078070_15.out:    Running contrast 1051/2514
deg_analysis.33078070_15.out:    Running contrast 1101/2514
deg_analysis.33078070_15.out:    Running contrast 1151/2514
deg_analysis.33078070_15.out:    Running contrast 1201/2514
deg_analysis.33078070_15.out:    Running contrast 1251/2514
deg_analysis.33078070_15.out:    Running contrast 1301/2514
deg_analysis.33078070_15.out:    Running contrast 1351/2514
deg_analysis.33078070_15.out:    Running contrast 1401/2514
deg_analysis.33078070_15.out:    Running contrast 1451/2514
deg_analysis.33078070_15.out:    Running contrast 1501/2514
deg_analysis.33078070_15.out:    Running contrast 1551/2514
deg_analysis.33078070_15.out:    Running contrast 1601/2514
deg_analysis.33078070_15.out:    Running contrast 1651/2514
deg_analysis.33078070_15.out:    Running contrast 1701/2514
deg_analysis.33078070_15.out:    Running contrast 1751/2514
deg_analysis.33078070_15.out:    Running contrast 1801/2514
deg_analysis.33078070_15.out:    Running contrast 1851/2514
deg_analysis.33078070_15.out:    Running contrast 1901/2514
deg_analysis.33078070_15.out:    Running contrast 1951/2514
deg_analysis.33078070_15.out:    Running contrast 2001/2514
deg_analysis.33078070_15.out:    Running contrast 2051/2514
deg_analysis.33078070_15.out:    Running contrast 2101/2514
deg_analysis.33078070_15.out:    Running contrast 2151/2514
deg_analysis.33078070_15.out:    Running contrast 2201/2514
deg_analysis.33078070_15.out:    Running contrast 2251/2514
deg_analysis.33078070_15.out:    Running contrast 2301/2514
deg_analysis.33078070_15.out:    Running contrast 2351/2514
deg_analysis.33078070_15.out:    Running contrast 2401/2514
deg_analysis.33078070_15.out:    Running contrast 2451/2514
deg_analysis.33078070_15.out:    Running contrast 2501/2514
deg_analysis.33078070_15.out:    Running contrast 2514/2514
deg_analysis.33078070_15.out:Contrasts are completed in 6385.2 seconds
deg_analysis.33078070_15.out:
deg_analysis.33078070_15.out:    Writing:  ./data/l1000_phase2/deg_data/sep_rep/full/qc_false/filter_min_cells_0/intermediate/CVCL_0030/CVCL_0030_batch_2_de.h5ad
deg_analysis.33078070_15.out:
deg_analysis.33078070_15.out:    Rewriting h5ad file: ./data/l1000_phase2/deg_data/sep_rep/full/qc_false/filter_min_cells_0/intermediate/CVCL_0030/CVCL_0030_batch_2_de.h5ad
deg_analysis.33078070_15.out:    Removed X matrix
deg_analysis.33078070_15.out:    Rewriting h5ad file is done!
deg_analysis.33078070_15.out:✓ Cell line completed in 6429.4 seconds
deg_analysis.33078070_15.out:
deg_analysis.33078070_15.out:DE analysis completed!
deg_analysis.33078070_15.out:
deg_analysis.33078070_15.out:Total runtime: 6442.1 seconds
deg_analysis.33078349_16.out:
deg_analysis.33078349_16.out:DE analysis started...
deg_analysis.33078349_16.out:Loaded input file:  ./data/l1000_phase2/pseudobulk_processed/sep_rep/by_celltype/CVCL_0030/CVCL_0030_processed_batch_3.h5ad
deg_analysis.33078349_16.out:Initial dimensions:  4161  samples ×  978  genes
deg_analysis.33078349_16.out:Filter samples with the low number of cells
deg_analysis.33078349_16.out:    Filter threshold (min_cells):  0
deg_analysis.33078349_16.out:    Found  4161  samples with sentinel value (-666), keeping all
deg_analysis.33078349_16.out:    n_obs:  4161 -->  4161
deg_analysis.33078349_16.out:
deg_analysis.33078349_16.out:▶︎ Processing cell_type:  CVCL_0030
deg_analysis.33078349_16.out:    Filter controls by  pert_time_h  column
deg_analysis.33078349_16.out:        n_obs:  4161 -->  4161
deg_analysis.33078349_16.out:
deg_analysis.33078349_16.out:    Constructing design matrix...
deg_analysis.33078349_16.out:    Design matrix is constructed in 0.4 seconds
deg_analysis.33078349_16.out:    Design matrix dimensions: 4161 samples × 2591 coefficients
deg_analysis.33078349_16.out:    Skipping filtering and normalization (dataset is already normalized)
deg_analysis.33078349_16.out:    Skipping voom transformation (dataset is already normalized)
deg_analysis.33078349_16.out:    Using as.matrix() directly for lmFit (data assumed to be normalized and log-transformed)...
deg_analysis.33078349_16.out:    as.matrix() prepared in 0.0 seconds
deg_analysis.33078349_16.out:    Running lmFit...
deg_analysis.33078349_16.out:    LmFit is completed in 14.4 seconds
deg_analysis.33078349_16.out:DGE fit is completed in 15.7 seconds
deg_analysis.33078349_16.out:    Running contrasts...
deg_analysis.33078349_16.out:    Running contrast 1/2507
deg_analysis.33078349_16.out:    Running contrast 51/2507
deg_analysis.33078349_16.out:    Running contrast 101/2507
deg_analysis.33078349_16.out:    Running contrast 151/2507
deg_analysis.33078349_16.out:    Running contrast 201/2507
deg_analysis.33078349_16.out:    Running contrast 251/2507
deg_analysis.33078349_16.out:    Running contrast 301/2507
deg_analysis.33078349_16.out:    Running contrast 351/2507
deg_analysis.33078349_16.out:    Running contrast 401/2507
deg_analysis.33078349_16.out:    Running contrast 451/2507
deg_analysis.33078349_16.out:    Running contrast 501/2507
deg_analysis.33078349_16.out:    Running contrast 551/2507
deg_analysis.33078349_16.out:    Running contrast 601/2507
deg_analysis.33078349_16.out:    Running contrast 651/2507
deg_analysis.33078349_16.out:    Running contrast 701/2507
deg_analysis.33078349_16.out:    Running contrast 751/2507
deg_analysis.33078349_16.out:    Running contrast 801/2507
deg_analysis.33078349_16.out:    Running contrast 851/2507
deg_analysis.33078349_16.out:    Running contrast 901/2507
deg_analysis.33078349_16.out:    Running contrast 951/2507
deg_analysis.33078349_16.out:    Running contrast 1001/2507
deg_analysis.33078349_16.out:    Running contrast 1051/2507
deg_analysis.33078349_16.out:    Running contrast 1101/2507
deg_analysis.33078349_16.out:    Running contrast 1151/2507
deg_analysis.33078349_16.out:    Running contrast 1201/2507
deg_analysis.33078349_16.out:    Running contrast 1251/2507
deg_analysis.33078349_16.out:    Running contrast 1301/2507
deg_analysis.33078349_16.out:    Running contrast 1351/2507
deg_analysis.33078349_16.out:    Running contrast 1401/2507
deg_analysis.33078349_16.out:    Running contrast 1451/2507
deg_analysis.33078349_16.out:    Running contrast 1501/2507
deg_analysis.33078349_16.out:    Running contrast 1551/2507
deg_analysis.33078349_16.out:    Running contrast 1601/2507
deg_analysis.33078349_16.out:    Running contrast 1651/2507
deg_analysis.33078349_16.out:    Running contrast 1701/2507
deg_analysis.33078349_16.out:    Running contrast 1751/2507
deg_analysis.33078349_16.out:    Running contrast 1801/2507
deg_analysis.33078349_16.out:    Running contrast 1851/2507
deg_analysis.33078349_16.out:    Running contrast 1901/2507
deg_analysis.33078349_16.out:    Running contrast 1951/2507
deg_analysis.33078349_16.out:    Running contrast 2001/2507
deg_analysis.33078349_16.out:    Running contrast 2051/2507
deg_analysis.33078349_16.out:    Running contrast 2101/2507
deg_analysis.33078349_16.out:    Running contrast 2151/2507
deg_analysis.33078349_16.out:    Running contrast 2201/2507
deg_analysis.33078349_16.out:    Running contrast 2251/2507
deg_analysis.33078349_16.out:    Running contrast 2301/2507
deg_analysis.33078349_16.out:    Running contrast 2351/2507
deg_analysis.33078349_16.out:    Running contrast 2401/2507
deg_analysis.33078349_16.out:    Running contrast 2451/2507
deg_analysis.33078349_16.out:    Running contrast 2501/2507
deg_analysis.33078349_16.out:    Running contrast 2507/2507
deg_analysis.33078349_16.out:Contrasts are completed in 4027.5 seconds
deg_analysis.33078349_16.out:
deg_analysis.33078349_16.out:    Writing:  ./data/l1000_phase2/deg_data/sep_rep/full/qc_false/filter_min_cells_0/intermediate/CVCL_0030/CVCL_0030_batch_3_de.h5ad
deg_analysis.33078349_16.out:
deg_analysis.33078349_16.out:    Rewriting h5ad file: ./data/l1000_phase2/deg_data/sep_rep/full/qc_false/filter_min_cells_0/intermediate/CVCL_0030/CVCL_0030_batch_3_de.h5ad
deg_analysis.33078349_16.out:    Removed X matrix
deg_analysis.33078349_16.out:    Rewriting h5ad file is done!
deg_analysis.33078349_16.out:✓ Cell line completed in 4055.4 seconds
deg_analysis.33078349_16.out:
deg_analysis.33078349_16.out:DE analysis completed!
deg_analysis.33078349_16.out:
deg_analysis.33078349_16.out:Total runtime: 4067.9 seconds
deg_analysis.33078352_17.out:
deg_analysis.33078352_17.out:DE analysis started...
deg_analysis.33078352_17.out:Loaded input file:  ./data/l1000_phase2/pseudobulk_processed/sep_rep/by_celltype/CVCL_0030/CVCL_0030_processed_batch_4.h5ad
deg_analysis.33078352_17.out:Initial dimensions:  4154  samples ×  978  genes
deg_analysis.33078352_17.out:Filter samples with the low number of cells
deg_analysis.33078352_17.out:    Filter threshold (min_cells):  0
deg_analysis.33078352_17.out:    Found  4154  samples with sentinel value (-666), keeping all
deg_analysis.33078352_17.out:    n_obs:  4154 -->  4154
deg_analysis.33078352_17.out:
deg_analysis.33078352_17.out:▶︎ Processing cell_type:  CVCL_0030
deg_analysis.33078352_17.out:    Filter controls by  pert_time_h  column
deg_analysis.33078352_17.out:        n_obs:  4154 -->  4154
deg_analysis.33078352_17.out:
deg_analysis.33078352_17.out:    Constructing design matrix...
deg_analysis.33078352_17.out:    Design matrix is constructed in 0.3 seconds
deg_analysis.33078352_17.out:    Design matrix dimensions: 4154 samples × 2584 coefficients
deg_analysis.33078352_17.out:    Skipping filtering and normalization (dataset is already normalized)
deg_analysis.33078352_17.out:    Skipping voom transformation (dataset is already normalized)
deg_analysis.33078352_17.out:    Using as.matrix() directly for lmFit (data assumed to be normalized and log-transformed)...
deg_analysis.33078352_17.out:    as.matrix() prepared in 0.0 seconds
deg_analysis.33078352_17.out:    Running lmFit...
deg_analysis.33078352_17.out:    LmFit is completed in 14.5 seconds
deg_analysis.33078352_17.out:DGE fit is completed in 15.6 seconds
deg_analysis.33078352_17.out:    Running contrasts...
deg_analysis.33078352_17.out:    Running contrast 1/2500
deg_analysis.33078352_17.out:    Running contrast 51/2500
deg_analysis.33078352_17.out:    Running contrast 101/2500
deg_analysis.33078352_17.out:    Running contrast 151/2500
deg_analysis.33078352_17.out:    Running contrast 201/2500
deg_analysis.33078352_17.out:    Running contrast 251/2500
deg_analysis.33078352_17.out:    Running contrast 301/2500
deg_analysis.33078352_17.out:    Running contrast 351/2500
deg_analysis.33078352_17.out:    Running contrast 401/2500
deg_analysis.33078352_17.out:    Running contrast 451/2500
deg_analysis.33078352_17.out:    Running contrast 501/2500
deg_analysis.33078352_17.out:    Running contrast 551/2500
deg_analysis.33078352_17.out:    Running contrast 601/2500
deg_analysis.33078352_17.out:    Running contrast 651/2500
deg_analysis.33078352_17.out:    Running contrast 701/2500
deg_analysis.33078352_17.out:    Running contrast 751/2500
deg_analysis.33078352_17.out:    Running contrast 801/2500
deg_analysis.33078352_17.out:    Running contrast 851/2500
deg_analysis.33078352_17.out:    Running contrast 901/2500
deg_analysis.33078352_17.out:    Running contrast 951/2500
deg_analysis.33078352_17.out:    Running contrast 1001/2500
deg_analysis.33078352_17.out:    Running contrast 1051/2500
deg_analysis.33078352_17.out:    Running contrast 1101/2500
deg_analysis.33078352_17.out:    Running contrast 1151/2500
deg_analysis.33078352_17.out:    Running contrast 1201/2500
deg_analysis.33078352_17.out:    Running contrast 1251/2500
deg_analysis.33078352_17.out:    Running contrast 1301/2500
deg_analysis.33078352_17.out:    Running contrast 1351/2500
deg_analysis.33078352_17.out:    Running contrast 1401/2500
deg_analysis.33078352_17.out:    Running contrast 1451/2500
deg_analysis.33078352_17.out:    Running contrast 1501/2500
deg_analysis.33078352_17.out:    Running contrast 1551/2500
deg_analysis.33078352_17.out:    Running contrast 1601/2500
deg_analysis.33078352_17.out:    Running contrast 1651/2500
deg_analysis.33078352_17.out:    Running contrast 1701/2500
deg_analysis.33078352_17.out:    Running contrast 1751/2500
deg_analysis.33078352_17.out:    Running contrast 1801/2500
deg_analysis.33078352_17.out:    Running contrast 1851/2500
deg_analysis.33078352_17.out:    Running contrast 1901/2500
deg_analysis.33078352_17.out:    Running contrast 1951/2500
deg_analysis.33078352_17.out:    Running contrast 2001/2500
deg_analysis.33078352_17.out:    Running contrast 2051/2500
deg_analysis.33078352_17.out:    Running contrast 2101/2500
deg_analysis.33078352_17.out:    Running contrast 2151/2500
deg_analysis.33078352_17.out:    Running contrast 2201/2500
deg_analysis.33078352_17.out:    Running contrast 2251/2500
deg_analysis.33078352_17.out:    Running contrast 2301/2500
deg_analysis.33078352_17.out:    Running contrast 2351/2500
deg_analysis.33078352_17.out:    Running contrast 2401/2500
deg_analysis.33078352_17.out:    Running contrast 2451/2500
deg_analysis.33078352_17.out:    Running contrast 2500/2500
deg_analysis.33078352_17.out:Contrasts are completed in 3986.6 seconds
deg_analysis.33078352_17.out:
deg_analysis.33078352_17.out:    Writing:  ./data/l1000_phase2/deg_data/sep_rep/full/qc_false/filter_min_cells_0/intermediate/CVCL_0030/CVCL_0030_batch_4_de.h5ad
deg_analysis.33078352_17.out:
deg_analysis.33078352_17.out:    Rewriting h5ad file: ./data/l1000_phase2/deg_data/sep_rep/full/qc_false/filter_min_cells_0/intermediate/CVCL_0030/CVCL_0030_batch_4_de.h5ad
deg_analysis.33078352_17.out:    Removed X matrix
deg_analysis.33078352_17.out:    Rewriting h5ad file is done!
deg_analysis.33078352_17.out:✓ Cell line completed in 4016.7 seconds
deg_analysis.33078352_17.out:
deg_analysis.33078352_17.out:DE analysis completed!
deg_analysis.33078352_17.out:
deg_analysis.33078352_17.out:Total runtime: 4025.2 seconds
deg_analysis.33078354_18.out:
deg_analysis.33078354_18.out:DE analysis started...
deg_analysis.33078354_18.out:Loaded input file:  ./data/l1000_phase2/pseudobulk_processed/sep_rep/by_celltype/CVCL_0030/CVCL_0030_processed_batch_5.h5ad
deg_analysis.33078354_18.out:Initial dimensions:  4162  samples ×  978  genes
deg_analysis.33078354_18.out:Filter samples with the low number of cells
deg_analysis.33078354_18.out:    Filter threshold (min_cells):  0
deg_analysis.33078354_18.out:    Found  4162  samples with sentinel value (-666), keeping all
deg_analysis.33078354_18.out:    n_obs:  4162 -->  4162
deg_analysis.33078354_18.out:
deg_analysis.33078354_18.out:▶︎ Processing cell_type:  CVCL_0030
deg_analysis.33078354_18.out:    Filter controls by  pert_time_h  column
deg_analysis.33078354_18.out:        n_obs:  4162 -->  4162
deg_analysis.33078354_18.out:
deg_analysis.33078354_18.out:    Constructing design matrix...
deg_analysis.33078354_18.out:    Design matrix is constructed in 0.5 seconds
deg_analysis.33078354_18.out:    Design matrix dimensions: 4162 samples × 2592 coefficients
deg_analysis.33078354_18.out:    Skipping filtering and normalization (dataset is already normalized)
deg_analysis.33078354_18.out:    Skipping voom transformation (dataset is already normalized)
deg_analysis.33078354_18.out:    Using as.matrix() directly for lmFit (data assumed to be normalized and log-transformed)...
deg_analysis.33078354_18.out:    as.matrix() prepared in 0.0 seconds
deg_analysis.33078354_18.out:    Running lmFit...
deg_analysis.33078354_18.out:    LmFit is completed in 15.2 seconds
deg_analysis.33078354_18.out:DGE fit is completed in 16.5 seconds
deg_analysis.33078354_18.out:    Running contrasts...
deg_analysis.33078354_18.out:    Running contrast 1/2508
deg_analysis.33078354_18.out:    Running contrast 51/2508
deg_analysis.33078354_18.out:    Running contrast 101/2508
deg_analysis.33078354_18.out:    Running contrast 151/2508
deg_analysis.33078354_18.out:    Running contrast 201/2508
deg_analysis.33078354_18.out:    Running contrast 251/2508
deg_analysis.33078354_18.out:    Running contrast 301/2508
deg_analysis.33078354_18.out:    Running contrast 351/2508
deg_analysis.33078354_18.out:    Running contrast 401/2508
deg_analysis.33078354_18.out:    Running contrast 451/2508
deg_analysis.33078354_18.out:    Running contrast 501/2508
deg_analysis.33078354_18.out:    Running contrast 551/2508
deg_analysis.33078354_18.out:    Running contrast 601/2508
deg_analysis.33078354_18.out:    Running contrast 651/2508
deg_analysis.33078354_18.out:    Running contrast 701/2508
deg_analysis.33078354_18.out:    Running contrast 751/2508
deg_analysis.33078354_18.out:    Running contrast 801/2508
deg_analysis.33078354_18.out:    Running contrast 851/2508
deg_analysis.33078354_18.out:    Running contrast 901/2508
deg_analysis.33078354_18.out:    Running contrast 951/2508
deg_analysis.33078354_18.out:    Running contrast 1001/2508
deg_analysis.33078354_18.out:    Running contrast 1051/2508
deg_analysis.33078354_18.out:    Running contrast 1101/2508
deg_analysis.33078354_18.out:    Running contrast 1151/2508
deg_analysis.33078354_18.out:    Running contrast 1201/2508
deg_analysis.33078354_18.out:    Running contrast 1251/2508
deg_analysis.33078354_18.out:    Running contrast 1301/2508
deg_analysis.33078354_18.out:    Running contrast 1351/2508
deg_analysis.33078354_18.out:    Running contrast 1401/2508
deg_analysis.33078354_18.out:    Running contrast 1451/2508
deg_analysis.33078354_18.out:    Running contrast 1501/2508
deg_analysis.33078354_18.out:    Running contrast 1551/2508
deg_analysis.33078354_18.out:    Running contrast 1601/2508
deg_analysis.33078354_18.out:    Running contrast 1651/2508
deg_analysis.33078354_18.out:    Running contrast 1701/2508
deg_analysis.33078354_18.out:    Running contrast 1751/2508
deg_analysis.33078354_18.out:    Running contrast 1801/2508
deg_analysis.33078354_18.out:    Running contrast 1851/2508
deg_analysis.33078354_18.out:    Running contrast 1901/2508
deg_analysis.33078354_18.out:    Running contrast 1951/2508
deg_analysis.33078354_18.out:    Running contrast 2001/2508
deg_analysis.33078354_18.out:    Running contrast 2051/2508
deg_analysis.33078354_18.out:    Running contrast 2101/2508
deg_analysis.33078354_18.out:    Running contrast 2151/2508
deg_analysis.33078354_18.out:    Running contrast 2201/2508
deg_analysis.33078354_18.out:    Running contrast 2251/2508
deg_analysis.33078354_18.out:    Running contrast 2301/2508
deg_analysis.33078354_18.out:    Running contrast 2351/2508
deg_analysis.33078354_18.out:    Running contrast 2401/2508
deg_analysis.33078354_18.out:    Running contrast 2451/2508
deg_analysis.33078354_18.out:    Running contrast 2501/2508
deg_analysis.33078354_18.out:    Running contrast 2508/2508
deg_analysis.33078354_18.out:Contrasts are completed in 4710.1 seconds
deg_analysis.33078354_18.out:
deg_analysis.33078354_18.out:    Writing:  ./data/l1000_phase2/deg_data/sep_rep/full/qc_false/filter_min_cells_0/intermediate/CVCL_0030/CVCL_0030_batch_5_de.h5ad
deg_analysis.33078354_18.out:
deg_analysis.33078354_18.out:    Rewriting h5ad file: ./data/l1000_phase2/deg_data/sep_rep/full/qc_false/filter_min_cells_0/intermediate/CVCL_0030/CVCL_0030_batch_5_de.h5ad
deg_analysis.33078354_18.out:    Removed X matrix
deg_analysis.33078354_18.out:    Rewriting h5ad file is done!
deg_analysis.33078354_18.out:✓ Cell line completed in 4740.8 seconds
deg_analysis.33078354_18.out:
deg_analysis.33078354_18.out:DE analysis completed!
deg_analysis.33078354_18.out:
deg_analysis.33078354_18.out:Total runtime: 4753.3 seconds
deg_analysis.33078367_19.out:
deg_analysis.33078367_19.out:DE analysis started...
deg_analysis.33078367_19.out:Loaded input file:  ./data/l1000_phase2/pseudobulk_processed/sep_rep/by_celltype/CVCL_0030/CVCL_0030_processed_batch_6.h5ad
deg_analysis.33078367_19.out:Initial dimensions:  4161  samples ×  978  genes
deg_analysis.33078367_19.out:Filter samples with the low number of cells
deg_analysis.33078367_19.out:    Filter threshold (min_cells):  0
deg_analysis.33078367_19.out:    Found  4161  samples with sentinel value (-666), keeping all
deg_analysis.33078367_19.out:    n_obs:  4161 -->  4161
deg_analysis.33078367_19.out:
deg_analysis.33078367_19.out:▶︎ Processing cell_type:  CVCL_0030
deg_analysis.33078367_19.out:    Filter controls by  pert_time_h  column
deg_analysis.33078367_19.out:        n_obs:  4161 -->  4161
deg_analysis.33078367_19.out:
deg_analysis.33078367_19.out:    Constructing design matrix...
deg_analysis.33078367_19.out:    Design matrix is constructed in 0.4 seconds
deg_analysis.33078367_19.out:    Design matrix dimensions: 4161 samples × 2591 coefficients
deg_analysis.33078367_19.out:    Skipping filtering and normalization (dataset is already normalized)
deg_analysis.33078367_19.out:    Skipping voom transformation (dataset is already normalized)
deg_analysis.33078367_19.out:    Using as.matrix() directly for lmFit (data assumed to be normalized and log-transformed)...
deg_analysis.33078367_19.out:    as.matrix() prepared in 0.0 seconds
deg_analysis.33078367_19.out:    Running lmFit...
deg_analysis.33078367_19.out:    LmFit is completed in 14.9 seconds
deg_analysis.33078367_19.out:DGE fit is completed in 16.3 seconds
deg_analysis.33078367_19.out:    Running contrasts...
deg_analysis.33078367_19.out:    Running contrast 1/2507
deg_analysis.33078367_19.out:    Running contrast 51/2507
deg_analysis.33078367_19.out:    Running contrast 101/2507
deg_analysis.33078367_19.out:    Running contrast 151/2507
deg_analysis.33078367_19.out:    Running contrast 201/2507
deg_analysis.33078367_19.out:    Running contrast 251/2507
deg_analysis.33078367_19.out:    Running contrast 301/2507
deg_analysis.33078367_19.out:    Running contrast 351/2507
deg_analysis.33078367_19.out:    Running contrast 401/2507
deg_analysis.33078367_19.out:    Running contrast 451/2507
deg_analysis.33078367_19.out:    Running contrast 501/2507
deg_analysis.33078367_19.out:    Running contrast 551/2507
deg_analysis.33078367_19.out:    Running contrast 601/2507
deg_analysis.33078367_19.out:    Running contrast 651/2507
deg_analysis.33078367_19.out:    Running contrast 701/2507
deg_analysis.33078367_19.out:    Running contrast 751/2507
deg_analysis.33078367_19.out:    Running contrast 801/2507
deg_analysis.33078367_19.out:    Running contrast 851/2507
deg_analysis.33078367_19.out:    Running contrast 901/2507
deg_analysis.33078367_19.out:    Running contrast 951/2507
deg_analysis.33078367_19.out:    Running contrast 1001/2507
deg_analysis.33078367_19.out:    Running contrast 1051/2507
deg_analysis.33078367_19.out:    Running contrast 1101/2507
deg_analysis.33078367_19.out:    Running contrast 1151/2507
deg_analysis.33078367_19.out:    Running contrast 1201/2507
deg_analysis.33078367_19.out:    Running contrast 1251/2507
deg_analysis.33078367_19.out:    Running contrast 1301/2507
deg_analysis.33078367_19.out:    Running contrast 1351/2507
deg_analysis.33078367_19.out:    Running contrast 1401/2507
deg_analysis.33078367_19.out:    Running contrast 1451/2507
deg_analysis.33078367_19.out:    Running contrast 1501/2507
deg_analysis.33078367_19.out:    Running contrast 1551/2507
deg_analysis.33078367_19.out:    Running contrast 1601/2507
deg_analysis.33078367_19.out:    Running contrast 1651/2507
deg_analysis.33078367_19.out:    Running contrast 1701/2507
deg_analysis.33078367_19.out:    Running contrast 1751/2507
deg_analysis.33078367_19.out:    Running contrast 1801/2507
deg_analysis.33078367_19.out:    Running contrast 1851/2507
deg_analysis.33078367_19.out:    Running contrast 1901/2507
deg_analysis.33078367_19.out:    Running contrast 1951/2507
deg_analysis.33078367_19.out:    Running contrast 2001/2507
deg_analysis.33078367_19.out:    Running contrast 2051/2507
deg_analysis.33078367_19.out:    Running contrast 2101/2507
deg_analysis.33078367_19.out:    Running contrast 2151/2507
deg_analysis.33078367_19.out:    Running contrast 2201/2507
deg_analysis.33078367_19.out:    Running contrast 2251/2507
deg_analysis.33078367_19.out:    Running contrast 2301/2507
deg_analysis.33078367_19.out:    Running contrast 2351/2507
deg_analysis.33078367_19.out:    Running contrast 2401/2507
deg_analysis.33078367_19.out:    Running contrast 2451/2507
deg_analysis.33078367_19.out:    Running contrast 2501/2507
deg_analysis.33078367_19.out:    Running contrast 2507/2507
deg_analysis.33078367_19.out:Contrasts are completed in 6005.1 seconds
deg_analysis.33078367_19.out:
deg_analysis.33078367_19.out:    Writing:  ./data/l1000_phase2/deg_data/sep_rep/full/qc_false/filter_min_cells_0/intermediate/CVCL_0030/CVCL_0030_batch_6_de.h5ad
deg_analysis.33078367_19.out:
deg_analysis.33078367_19.out:    Rewriting h5ad file: ./data/l1000_phase2/deg_data/sep_rep/full/qc_false/filter_min_cells_0/intermediate/CVCL_0030/CVCL_0030_batch_6_de.h5ad
deg_analysis.33078367_19.out:    Removed X matrix
deg_analysis.33078367_19.out:    Rewriting h5ad file is done!
deg_analysis.33078367_19.out:✓ Cell line completed in 6036.5 seconds
deg_analysis.33078367_19.out:
deg_analysis.33078367_19.out:DE analysis completed!
deg_analysis.33078367_19.out:
deg_analysis.33078367_19.out:Total runtime: 6139.9 seconds
deg_analysis.33078370_20.out:
deg_analysis.33078370_20.out:DE analysis started...
deg_analysis.33078370_20.out:Loaded input file:  ./data/l1000_phase2/pseudobulk_processed/sep_rep/by_celltype/CVCL_0030/CVCL_0030_processed_batch_7.h5ad
deg_analysis.33078370_20.out:Initial dimensions:  4171  samples ×  978  genes
deg_analysis.33078370_20.out:Filter samples with the low number of cells
deg_analysis.33078370_20.out:    Filter threshold (min_cells):  0
deg_analysis.33078370_20.out:    Found  4171  samples with sentinel value (-666), keeping all
deg_analysis.33078370_20.out:    n_obs:  4171 -->  4171
deg_analysis.33078370_20.out:
deg_analysis.33078370_20.out:▶︎ Processing cell_type:  CVCL_0030
deg_analysis.33078370_20.out:    Filter controls by  pert_time_h  column
deg_analysis.33078370_20.out:        n_obs:  4171 -->  4171
deg_analysis.33078370_20.out:
deg_analysis.33078370_20.out:    Constructing design matrix...
deg_analysis.33078370_20.out:    Design matrix is constructed in 0.6 seconds
deg_analysis.33078370_20.out:    Design matrix dimensions: 4171 samples × 2601 coefficients
deg_analysis.33078370_20.out:    Skipping filtering and normalization (dataset is already normalized)
deg_analysis.33078370_20.out:    Skipping voom transformation (dataset is already normalized)
deg_analysis.33078370_20.out:    Using as.matrix() directly for lmFit (data assumed to be normalized and log-transformed)...
deg_analysis.33078370_20.out:    as.matrix() prepared in 0.0 seconds
deg_analysis.33078370_20.out:    Running lmFit...
deg_analysis.33078370_20.out:    LmFit is completed in 15.4 seconds
deg_analysis.33078370_20.out:DGE fit is completed in 16.8 seconds
deg_analysis.33078370_20.out:    Running contrasts...
deg_analysis.33078370_20.out:    Running contrast 1/2517
deg_analysis.33078370_20.out:    Running contrast 51/2517
deg_analysis.33078370_20.out:    Running contrast 101/2517
deg_analysis.33078370_20.out:    Running contrast 151/2517
deg_analysis.33078370_20.out:    Running contrast 201/2517
deg_analysis.33078370_20.out:    Running contrast 251/2517
deg_analysis.33078370_20.out:    Running contrast 301/2517
deg_analysis.33078370_20.out:    Running contrast 351/2517
deg_analysis.33078370_20.out:    Running contrast 401/2517
deg_analysis.33078370_20.out:    Running contrast 451/2517
deg_analysis.33078370_20.out:    Running contrast 501/2517
deg_analysis.33078370_20.out:    Running contrast 551/2517
deg_analysis.33078370_20.out:    Running contrast 601/2517
deg_analysis.33078370_20.out:    Running contrast 651/2517
deg_analysis.33078370_20.out:    Running contrast 701/2517
deg_analysis.33078370_20.out:    Running contrast 751/2517
deg_analysis.33078370_20.out:    Running contrast 801/2517
deg_analysis.33078370_20.out:    Running contrast 851/2517
deg_analysis.33078370_20.out:    Running contrast 901/2517
deg_analysis.33078370_20.out:    Running contrast 951/2517
deg_analysis.33078370_20.out:    Running contrast 1001/2517
deg_analysis.33078370_20.out:    Running contrast 1051/2517
deg_analysis.33078370_20.out:    Running contrast 1101/2517
deg_analysis.33078370_20.out:    Running contrast 1151/2517
deg_analysis.33078370_20.out:    Running contrast 1201/2517
deg_analysis.33078370_20.out:    Running contrast 1251/2517
deg_analysis.33078370_20.out:    Running contrast 1301/2517
deg_analysis.33078370_20.out:    Running contrast 1351/2517
deg_analysis.33078370_20.out:    Running contrast 1401/2517
deg_analysis.33078370_20.out:    Running contrast 1451/2517
deg_analysis.33078370_20.out:    Running contrast 1501/2517
deg_analysis.33078370_20.out:    Running contrast 1551/2517
deg_analysis.33078370_20.out:    Running contrast 1601/2517
deg_analysis.33078370_20.out:    Running contrast 1651/2517
deg_analysis.33078370_20.out:    Running contrast 1701/2517
deg_analysis.33078370_20.out:    Running contrast 1751/2517
deg_analysis.33078370_20.out:    Running contrast 1801/2517
deg_analysis.33078370_20.out:    Running contrast 1851/2517
deg_analysis.33078370_20.out:    Running contrast 1901/2517
deg_analysis.33078370_20.out:    Running contrast 1951/2517
deg_analysis.33078370_20.out:    Running contrast 2001/2517
deg_analysis.33078370_20.out:    Running contrast 2051/2517
deg_analysis.33078370_20.out:    Running contrast 2101/2517
deg_analysis.33078370_20.out:    Running contrast 2151/2517
deg_analysis.33078370_20.out:    Running contrast 2201/2517
deg_analysis.33078370_20.out:    Running contrast 2251/2517
deg_analysis.33078370_20.out:    Running contrast 2301/2517
deg_analysis.33078370_20.out:    Running contrast 2351/2517
deg_analysis.33078370_20.out:    Running contrast 2401/2517
deg_analysis.33078370_20.out:    Running contrast 2451/2517
deg_analysis.33078370_20.out:    Running contrast 2501/2517
deg_analysis.33078370_20.out:    Running contrast 2517/2517
deg_analysis.33078370_20.out:Contrasts are completed in 3904.8 seconds
deg_analysis.33078370_20.out:
deg_analysis.33078370_20.out:    Writing:  ./data/l1000_phase2/deg_data/sep_rep/full/qc_false/filter_min_cells_0/intermediate/CVCL_0030/CVCL_0030_batch_7_de.h5ad
deg_analysis.33078370_20.out:
deg_analysis.33078370_20.out:    Rewriting h5ad file: ./data/l1000_phase2/deg_data/sep_rep/full/qc_false/filter_min_cells_0/intermediate/CVCL_0030/CVCL_0030_batch_7_de.h5ad
deg_analysis.33078370_20.out:    Removed X matrix
deg_analysis.33078370_20.out:    Rewriting h5ad file is done!
deg_analysis.33078370_20.out:✓ Cell line completed in 3934.1 seconds
deg_analysis.33078370_20.out:
deg_analysis.33078370_20.out:DE analysis completed!
deg_analysis.33078370_20.out:
deg_analysis.33078370_20.out:Total runtime: 3958.1 seconds
deg_analysis.33078373_21.out:
deg_analysis.33078373_21.out:DE analysis started...
deg_analysis.33078373_21.out:Loaded input file:  ./data/l1000_phase2/pseudobulk_processed/sep_rep/by_celltype/CVCL_0030/CVCL_0030_processed_batch_8.h5ad
deg_analysis.33078373_21.out:Initial dimensions:  4159  samples ×  978  genes
deg_analysis.33078373_21.out:Filter samples with the low number of cells
deg_analysis.33078373_21.out:    Filter threshold (min_cells):  0
deg_analysis.33078373_21.out:    Found  4159  samples with sentinel value (-666), keeping all
deg_analysis.33078373_21.out:    n_obs:  4159 -->  4159
deg_analysis.33078373_21.out:
deg_analysis.33078373_21.out:▶︎ Processing cell_type:  CVCL_0030
deg_analysis.33078373_21.out:    Filter controls by  pert_time_h  column
deg_analysis.33078373_21.out:        n_obs:  4159 -->  4159
deg_analysis.33078373_21.out:
deg_analysis.33078373_21.out:    Constructing design matrix...
deg_analysis.33078373_21.out:    Design matrix is constructed in 0.3 seconds
deg_analysis.33078373_21.out:    Design matrix dimensions: 4159 samples × 2589 coefficients
deg_analysis.33078373_21.out:    Skipping filtering and normalization (dataset is already normalized)
deg_analysis.33078373_21.out:    Skipping voom transformation (dataset is already normalized)
deg_analysis.33078373_21.out:    Using as.matrix() directly for lmFit (data assumed to be normalized and log-transformed)...
deg_analysis.33078373_21.out:    as.matrix() prepared in 0.0 seconds
deg_analysis.33078373_21.out:    Running lmFit...
deg_analysis.33078373_21.out:    LmFit is completed in 18.4 seconds
deg_analysis.33078373_21.out:DGE fit is completed in 19.5 seconds
deg_analysis.33078373_21.out:    Running contrasts...
deg_analysis.33078373_21.out:    Running contrast 1/2505
deg_analysis.33078373_21.out:    Running contrast 51/2505
deg_analysis.33078373_21.out:    Running contrast 101/2505
deg_analysis.33078373_21.out:    Running contrast 151/2505
deg_analysis.33078373_21.out:    Running contrast 201/2505
deg_analysis.33078373_21.out:    Running contrast 251/2505
deg_analysis.33078373_21.out:    Running contrast 301/2505
deg_analysis.33078373_21.out:    Running contrast 351/2505
deg_analysis.33078373_21.out:    Running contrast 401/2505
deg_analysis.33078373_21.out:    Running contrast 451/2505
deg_analysis.33078373_21.out:    Running contrast 501/2505
deg_analysis.33078373_21.out:    Running contrast 551/2505
deg_analysis.33078373_21.out:    Running contrast 601/2505
deg_analysis.33078373_21.out:    Running contrast 651/2505
deg_analysis.33078373_21.out:    Running contrast 701/2505
deg_analysis.33078373_21.out:    Running contrast 751/2505
deg_analysis.33078373_21.out:    Running contrast 801/2505
deg_analysis.33078373_21.out:    Running contrast 851/2505
deg_analysis.33078373_21.out:    Running contrast 901/2505
deg_analysis.33078373_21.out:    Running contrast 951/2505
deg_analysis.33078373_21.out:    Running contrast 1001/2505
deg_analysis.33078373_21.out:    Running contrast 1051/2505
deg_analysis.33078373_21.out:    Running contrast 1101/2505
deg_analysis.33078373_21.out:    Running contrast 1151/2505
deg_analysis.33078373_21.out:    Running contrast 1201/2505
deg_analysis.33078373_21.out:    Running contrast 1251/2505
deg_analysis.33078373_21.out:    Running contrast 1301/2505
deg_analysis.33078373_21.out:    Running contrast 1351/2505
deg_analysis.33078373_21.out:    Running contrast 1401/2505
deg_analysis.33078373_21.out:    Running contrast 1451/2505
deg_analysis.33078373_21.out:    Running contrast 1501/2505
deg_analysis.33078373_21.out:    Running contrast 1551/2505
deg_analysis.33078373_21.out:    Running contrast 1601/2505
deg_analysis.33078373_21.out:    Running contrast 1651/2505
deg_analysis.33078373_21.out:    Running contrast 1701/2505
deg_analysis.33078373_21.out:    Running contrast 1751/2505
deg_analysis.33078373_21.out:    Running contrast 1801/2505
deg_analysis.33078373_21.out:    Running contrast 1851/2505
deg_analysis.33078373_21.out:    Running contrast 1901/2505
deg_analysis.33078373_21.out:    Running contrast 1951/2505
deg_analysis.33078373_21.out:    Running contrast 2001/2505
deg_analysis.33078373_21.out:    Running contrast 2051/2505
deg_analysis.33078373_21.out:    Running contrast 2101/2505
deg_analysis.33078373_21.out:    Running contrast 2151/2505
deg_analysis.33078373_21.out:    Running contrast 2201/2505
deg_analysis.33078373_21.out:    Running contrast 2251/2505
deg_analysis.33078373_21.out:    Running contrast 2301/2505
deg_analysis.33078373_21.out:    Running contrast 2351/2505
deg_analysis.33078373_21.out:    Running contrast 2401/2505
deg_analysis.33078373_21.out:    Running contrast 2451/2505
deg_analysis.33078373_21.out:    Running contrast 2501/2505
deg_analysis.33078373_21.out:    Running contrast 2505/2505
deg_analysis.33078373_21.out:Contrasts are completed in 5839.3 seconds
deg_analysis.33078373_21.out:
deg_analysis.33078373_21.out:    Writing:  ./data/l1000_phase2/deg_data/sep_rep/full/qc_false/filter_min_cells_0/intermediate/CVCL_0030/CVCL_0030_batch_8_de.h5ad
deg_analysis.33078373_21.out:
deg_analysis.33078373_21.out:    Rewriting h5ad file: ./data/l1000_phase2/deg_data/sep_rep/full/qc_false/filter_min_cells_0/intermediate/CVCL_0030/CVCL_0030_batch_8_de.h5ad
deg_analysis.33078373_21.out:    Removed X matrix
deg_analysis.33078373_21.out:    Rewriting h5ad file is done!
deg_analysis.33078373_21.out:✓ Cell line completed in 5873.3 seconds
deg_analysis.33078373_21.out:
deg_analysis.33078373_21.out:DE analysis completed!
deg_analysis.33078373_21.out:
deg_analysis.33078373_21.out:Total runtime: 5882.2 seconds
deg_analysis.33078373_21.err:During startup - Warning messages:
deg_analysis.33078373_21.err:1: Setting LC_CTYPE failed, using "C"
deg_analysis.33078373_21.err:2: Setting LC_COLLATE failed, using "C"
deg_analysis.33078373_21.err:3: Setting LC_TIME failed, using "C"
deg_analysis.33078373_21.err:4: Setting LC_MESSAGES failed, using "C"
deg_analysis.33078373_21.err:5: Setting LC_MONETARY failed, using "C"
deg_analysis.33078373_21.err:6: Setting LC_PAPER failed, using "C"
deg_analysis.33078373_21.err:7: Setting LC_MEASUREMENT failed, using "C"
deg_analysis.33078374_22.out:
deg_analysis.33078374_22.out:DE analysis started...
deg_analysis.33078374_22.out:Loaded input file:  ./data/l1000_phase2/pseudobulk_processed/sep_rep/by_celltype/CVCL_0030/CVCL_0030_processed_batch_9.h5ad
deg_analysis.33078374_22.out:Initial dimensions:  4167  samples ×  978  genes
deg_analysis.33078374_22.out:Filter samples with the low number of cells
deg_analysis.33078374_22.out:    Filter threshold (min_cells):  0
deg_analysis.33078374_22.out:    Found  4167  samples with sentinel value (-666), keeping all
deg_analysis.33078374_22.out:    n_obs:  4167 -->  4167
deg_analysis.33078374_22.out:
deg_analysis.33078374_22.out:▶︎ Processing cell_type:  CVCL_0030
deg_analysis.33078374_22.out:    Filter controls by  pert_time_h  column
deg_analysis.33078374_22.out:        n_obs:  4167 -->  4167
deg_analysis.33078374_22.out:
deg_analysis.33078374_22.out:    Constructing design matrix...
deg_analysis.33078374_22.out:    Design matrix is constructed in 0.4 seconds
deg_analysis.33078374_22.out:    Design matrix dimensions: 4167 samples × 2597 coefficients
deg_analysis.33078374_22.out:    Skipping filtering and normalization (dataset is already normalized)
deg_analysis.33078374_22.out:    Skipping voom transformation (dataset is already normalized)
deg_analysis.33078374_22.out:    Using as.matrix() directly for lmFit (data assumed to be normalized and log-transformed)...
deg_analysis.33078374_22.out:    as.matrix() prepared in 0.0 seconds
deg_analysis.33078374_22.out:    Running lmFit...
deg_analysis.33078374_22.out:    LmFit is completed in 14.5 seconds
deg_analysis.33078374_22.out:DGE fit is completed in 15.4 seconds
deg_analysis.33078374_22.out:    Running contrasts...
deg_analysis.33078374_22.out:    Running contrast 1/2513
deg_analysis.33078374_22.out:    Running contrast 51/2513
deg_analysis.33078374_22.out:    Running contrast 101/2513
deg_analysis.33078374_22.out:    Running contrast 151/2513
deg_analysis.33078374_22.out:    Running contrast 201/2513
deg_analysis.33078374_22.out:    Running contrast 251/2513
deg_analysis.33078374_22.out:    Running contrast 301/2513
deg_analysis.33078374_22.out:    Running contrast 351/2513
deg_analysis.33078374_22.out:    Running contrast 401/2513
deg_analysis.33078374_22.out:    Running contrast 451/2513
deg_analysis.33078374_22.out:    Running contrast 501/2513
deg_analysis.33078374_22.out:    Running contrast 551/2513
deg_analysis.33078374_22.out:    Running contrast 601/2513
deg_analysis.33078374_22.out:    Running contrast 651/2513
deg_analysis.33078374_22.out:    Running contrast 701/2513
deg_analysis.33078374_22.out:    Running contrast 751/2513
deg_analysis.33078374_22.out:    Running contrast 801/2513
deg_analysis.33078374_22.out:    Running contrast 851/2513
deg_analysis.33078374_22.out:    Running contrast 901/2513
deg_analysis.33078374_22.out:    Running contrast 951/2513
deg_analysis.33078374_22.out:    Running contrast 1001/2513
deg_analysis.33078374_22.out:    Running contrast 1051/2513
deg_analysis.33078374_22.out:    Running contrast 1101/2513
deg_analysis.33078374_22.out:    Running contrast 1151/2513
deg_analysis.33078374_22.out:    Running contrast 1201/2513
deg_analysis.33078374_22.out:    Running contrast 1251/2513
deg_analysis.33078374_22.out:    Running contrast 1301/2513
deg_analysis.33078374_22.out:    Running contrast 1351/2513
deg_analysis.33078374_22.out:    Running contrast 1401/2513
deg_analysis.33078374_22.out:    Running contrast 1451/2513
deg_analysis.33078374_22.out:    Running contrast 1501/2513
deg_analysis.33078374_22.out:    Running contrast 1551/2513
deg_analysis.33078374_22.out:    Running contrast 1601/2513
deg_analysis.33078374_22.out:    Running contrast 1651/2513
deg_analysis.33078374_22.out:    Running contrast 1701/2513
deg_analysis.33078374_22.out:    Running contrast 1751/2513
deg_analysis.33078374_22.out:    Running contrast 1801/2513
deg_analysis.33078374_22.out:    Running contrast 1851/2513
deg_analysis.33078374_22.out:    Running contrast 1901/2513
deg_analysis.33078374_22.out:    Running contrast 1951/2513
deg_analysis.33078374_22.out:    Running contrast 2001/2513
deg_analysis.33078374_22.out:    Running contrast 2051/2513
deg_analysis.33078374_22.out:    Running contrast 2101/2513
deg_analysis.33078374_22.out:    Running contrast 2151/2513
deg_analysis.33078374_22.out:    Running contrast 2201/2513
deg_analysis.33078374_22.out:    Running contrast 2251/2513
deg_analysis.33078374_22.out:    Running contrast 2301/2513
deg_analysis.33078374_22.out:    Running contrast 2351/2513
deg_analysis.33078374_22.out:    Running contrast 2401/2513
deg_analysis.33078374_22.out:    Running contrast 2451/2513
deg_analysis.33078374_22.out:    Running contrast 2501/2513
deg_analysis.33078374_22.out:    Running contrast 2513/2513
deg_analysis.33078374_22.out:Contrasts are completed in 4140.5 seconds
deg_analysis.33078374_22.out:
deg_analysis.33078374_22.out:    Writing:  ./data/l1000_phase2/deg_data/sep_rep/full/qc_false/filter_min_cells_0/intermediate/CVCL_0030/CVCL_0030_batch_9_de.h5ad
deg_analysis.33078374_22.out:
deg_analysis.33078374_22.out:    Rewriting h5ad file: ./data/l1000_phase2/deg_data/sep_rep/full/qc_false/filter_min_cells_0/intermediate/CVCL_0030/CVCL_0030_batch_9_de.h5ad
deg_analysis.33078374_22.out:    Removed X matrix
deg_analysis.33078374_22.out:    Rewriting h5ad file is done!
deg_analysis.33078374_22.out:✓ Cell line completed in 4167.7 seconds
deg_analysis.33078374_22.out:
deg_analysis.33078374_22.out:DE analysis completed!
deg_analysis.33078374_22.out:
deg_analysis.33078374_22.out:Total runtime: 4177.0 seconds
deg_analysis.33078377_23.out:
deg_analysis.33078377_23.out:DE analysis started...
deg_analysis.33078377_23.out:Loaded input file:  ./data/l1000_phase2/pseudobulk_processed/sep_rep/by_celltype/CVCL_0031/CVCL_0031_processed_batch_10.h5ad
deg_analysis.33078377_23.out:Initial dimensions:  4724  samples ×  978  genes
deg_analysis.33078377_23.out:Filter samples with the low number of cells
deg_analysis.33078377_23.out:    Filter threshold (min_cells):  0
deg_analysis.33078377_23.out:    Found  4724  samples with sentinel value (-666), keeping all
deg_analysis.33078377_23.out:    n_obs:  4724 -->  4724
deg_analysis.33078377_23.out:
deg_analysis.33078377_23.out:▶︎ Processing cell_type:  CVCL_0031
deg_analysis.33078377_23.out:    Filter controls by  pert_time_h  column
deg_analysis.33078377_23.out:        n_obs:  4724 -->  4724
deg_analysis.33078377_23.out:
deg_analysis.33078377_23.out:    Constructing design matrix...
deg_analysis.33078377_23.out:    Design matrix is constructed in 0.4 seconds
deg_analysis.33078377_23.out:    Design matrix dimensions: 4724 samples × 2620 coefficients
deg_analysis.33078377_23.out:    Skipping filtering and normalization (dataset is already normalized)
deg_analysis.33078377_23.out:    Skipping voom transformation (dataset is already normalized)
deg_analysis.33078377_23.out:    Using as.matrix() directly for lmFit (data assumed to be normalized and log-transformed)...
deg_analysis.33078377_23.out:    as.matrix() prepared in 0.0 seconds
deg_analysis.33078377_23.out:    Running lmFit...
deg_analysis.33078377_23.out:Coefficients not estimable: plateLJP006_MCF7_3H_X3_B17 plateLPROT002_MCF7_6H_X1_B22
deg_analysis.33078377_23.out:    LmFit is completed in 39.2 seconds
deg_analysis.33078377_23.out:DGE fit is completed in 40.6 seconds
deg_analysis.33078377_23.out:    Running contrasts...
deg_analysis.33078377_23.out:    Running contrast 1/2509
deg_analysis.33078377_23.out:    Running contrast 51/2509
deg_analysis.33078377_23.out:    Running contrast 101/2509
deg_analysis.33078377_23.out:    Running contrast 151/2509
deg_analysis.33078377_23.out:    Running contrast 201/2509
deg_analysis.33078377_23.out:    Running contrast 251/2509
deg_analysis.33078377_23.out:    Running contrast 301/2509
deg_analysis.33078377_23.out:    Running contrast 351/2509
deg_analysis.33078377_23.out:    Running contrast 401/2509
deg_analysis.33078377_23.out:    Running contrast 451/2509
deg_analysis.33078377_23.out:    Running contrast 501/2509
deg_analysis.33078377_23.out:    Running contrast 551/2509
deg_analysis.33078377_23.out:    Running contrast 601/2509
deg_analysis.33078377_23.out:    Running contrast 651/2509
deg_analysis.33078377_23.out:    Running contrast 701/2509
deg_analysis.33078377_23.out:    Running contrast 751/2509
deg_analysis.33078377_23.out:    Running contrast 801/2509
deg_analysis.33078377_23.out:    Running contrast 851/2509
deg_analysis.33078377_23.out:    Running contrast 901/2509
deg_analysis.33078377_23.out:    Running contrast 951/2509
deg_analysis.33078377_23.out:    Running contrast 1001/2509
deg_analysis.33078377_23.out:    Running contrast 1051/2509
deg_analysis.33078377_23.out:    Running contrast 1101/2509
deg_analysis.33078377_23.out:    Running contrast 1151/2509
deg_analysis.33078377_23.out:    Running contrast 1201/2509
deg_analysis.33078377_23.out:    Running contrast 1251/2509
deg_analysis.33078377_23.out:    Running contrast 1301/2509
deg_analysis.33078377_23.out:    Running contrast 1351/2509
deg_analysis.33078377_23.out:    Running contrast 1401/2509
deg_analysis.33078377_23.out:    Running contrast 1451/2509
deg_analysis.33078377_23.out:    Running contrast 1501/2509
deg_analysis.33078377_23.out:    Running contrast 1551/2509
deg_analysis.33078377_23.out:    Running contrast 1601/2509
deg_analysis.33078377_23.out:    Running contrast 1651/2509
deg_analysis.33078377_23.out:    Running contrast 1701/2509
deg_analysis.33078377_23.out:    Running contrast 1751/2509
deg_analysis.33078377_23.out:    Running contrast 1801/2509
deg_analysis.33078377_23.out:    Running contrast 1851/2509
deg_analysis.33078377_23.out:    Running contrast 1901/2509
deg_analysis.33078377_23.out:    Running contrast 1951/2509
deg_analysis.33078377_23.out:    Running contrast 2001/2509
deg_analysis.33078377_23.out:    Running contrast 2051/2509
deg_analysis.33078377_23.out:    Running contrast 2101/2509
deg_analysis.33078377_23.out:    Running contrast 2151/2509
deg_analysis.33078377_23.out:    Running contrast 2201/2509
deg_analysis.33078377_23.out:    Running contrast 2251/2509
deg_analysis.33078377_23.out:    Running contrast 2301/2509
deg_analysis.33078377_23.out:    Running contrast 2351/2509
deg_analysis.33078377_23.out:    Running contrast 2401/2509
deg_analysis.33078377_23.out:    Running contrast 2451/2509
deg_analysis.33078377_23.out:    Running contrast 2501/2509
deg_analysis.33078377_23.out:    Running contrast 2509/2509
deg_analysis.33078377_23.out:Contrasts are completed in 6045.8 seconds
deg_analysis.33078377_23.out:
deg_analysis.33078377_23.out:    Writing:  ./data/l1000_phase2/deg_data/sep_rep/full/qc_false/filter_min_cells_0/intermediate/CVCL_0031/CVCL_0031_batch_10_de.h5ad
deg_analysis.33078377_23.out:
deg_analysis.33078377_23.out:    Rewriting h5ad file: ./data/l1000_phase2/deg_data/sep_rep/full/qc_false/filter_min_cells_0/intermediate/CVCL_0031/CVCL_0031_batch_10_de.h5ad
deg_analysis.33078377_23.out:    Removed X matrix
deg_analysis.33078377_23.out:    Rewriting h5ad file is done!
deg_analysis.33078377_23.out:✓ Cell line completed in 6103.0 seconds
deg_analysis.33078377_23.out:
deg_analysis.33078377_23.out:DE analysis completed!
deg_analysis.33078377_23.out:
deg_analysis.33078377_23.out:Total runtime: 6113.3 seconds
deg_analysis.33078377_23.err:
deg_analysis.33078377_23.err:=== 1 Warnings encountered ===
deg_analysis.33078377_23.err:
deg_analysis.33078377_23.err:1. Partial NA coefficients for 978 probe(s)
deg_analysis.33078378_24.out:
deg_analysis.33078378_24.out:DE analysis started...
deg_analysis.33078378_24.out:Loaded input file:  ./data/l1000_phase2/pseudobulk_processed/sep_rep/by_celltype/CVCL_0031/CVCL_0031_processed_batch_11.h5ad
deg_analysis.33078378_24.out:Initial dimensions:  4730  samples ×  978  genes
deg_analysis.33078378_24.out:Filter samples with the low number of cells
deg_analysis.33078378_24.out:    Filter threshold (min_cells):  0
deg_analysis.33078378_24.out:    Found  4730  samples with sentinel value (-666), keeping all
deg_analysis.33078378_24.out:    n_obs:  4730 -->  4730
deg_analysis.33078378_24.out:
deg_analysis.33078378_24.out:▶︎ Processing cell_type:  CVCL_0031
deg_analysis.33078378_24.out:    Filter controls by  pert_time_h  column
deg_analysis.33078378_24.out:        n_obs:  4730 -->  4730
deg_analysis.33078378_24.out:
deg_analysis.33078378_24.out:    Constructing design matrix...
deg_analysis.33078378_24.out:    Design matrix is constructed in 0.4 seconds
deg_analysis.33078378_24.out:    Design matrix dimensions: 4730 samples × 2626 coefficients
deg_analysis.33078378_24.out:    Skipping filtering and normalization (dataset is already normalized)
deg_analysis.33078378_24.out:    Skipping voom transformation (dataset is already normalized)
deg_analysis.33078378_24.out:    Using as.matrix() directly for lmFit (data assumed to be normalized and log-transformed)...
deg_analysis.33078378_24.out:    as.matrix() prepared in 0.0 seconds
deg_analysis.33078378_24.out:    Running lmFit...
deg_analysis.33078378_24.out:Coefficients not estimable: plateLJP006_MCF7_3H_X3_B17 plateLPROT002_MCF7_6H_X1_B22
deg_analysis.33078378_24.out:    LmFit is completed in 33.1 seconds
deg_analysis.33078378_24.out:DGE fit is completed in 34.3 seconds
deg_analysis.33078378_24.out:    Running contrasts...
deg_analysis.33078378_24.out:    Running contrast 1/2515
deg_analysis.33078378_24.out:    Running contrast 51/2515
deg_analysis.33078378_24.out:    Running contrast 101/2515
deg_analysis.33078378_24.out:    Running contrast 151/2515
deg_analysis.33078378_24.out:    Running contrast 201/2515
deg_analysis.33078378_24.out:    Running contrast 251/2515
deg_analysis.33078378_24.out:    Running contrast 301/2515
deg_analysis.33078378_24.out:    Running contrast 351/2515
deg_analysis.33078378_24.out:    Running contrast 401/2515
deg_analysis.33078378_24.out:    Running contrast 451/2515
deg_analysis.33078378_24.out:    Running contrast 501/2515
deg_analysis.33078378_24.out:    Running contrast 551/2515
deg_analysis.33078378_24.out:    Running contrast 601/2515
deg_analysis.33078378_24.out:    Running contrast 651/2515
deg_analysis.33078378_24.out:    Running contrast 701/2515
deg_analysis.33078378_24.out:    Running contrast 751/2515
deg_analysis.33078378_24.out:    Running contrast 801/2515
deg_analysis.33078378_24.out:    Running contrast 851/2515
deg_analysis.33078378_24.out:    Running contrast 901/2515
deg_analysis.33078378_24.out:    Running contrast 951/2515
deg_analysis.33078378_24.out:    Running contrast 1001/2515
deg_analysis.33078378_24.out:    Running contrast 1051/2515
deg_analysis.33078378_24.out:    Running contrast 1101/2515
deg_analysis.33078378_24.out:    Running contrast 1151/2515
deg_analysis.33078378_24.out:    Running contrast 1201/2515
deg_analysis.33078378_24.out:    Running contrast 1251/2515
deg_analysis.33078378_24.out:    Running contrast 1301/2515
deg_analysis.33078378_24.out:    Running contrast 1351/2515
deg_analysis.33078378_24.out:    Running contrast 1401/2515
deg_analysis.33078378_24.out:    Running contrast 1451/2515
deg_analysis.33078378_24.out:    Running contrast 1501/2515
deg_analysis.33078378_24.out:    Running contrast 1551/2515
deg_analysis.33078378_24.out:    Running contrast 1601/2515
deg_analysis.33078378_24.out:    Running contrast 1651/2515
deg_analysis.33078378_24.out:    Running contrast 1701/2515
deg_analysis.33078378_24.out:    Running contrast 1751/2515
deg_analysis.33078378_24.out:    Running contrast 1801/2515
deg_analysis.33078378_24.out:    Running contrast 1851/2515
deg_analysis.33078378_24.out:    Running contrast 1901/2515
deg_analysis.33078378_24.out:    Running contrast 1951/2515
deg_analysis.33078378_24.out:    Running contrast 2001/2515
deg_analysis.33078378_24.out:    Running contrast 2051/2515
deg_analysis.33078378_24.out:    Running contrast 2101/2515
deg_analysis.33078378_24.out:    Running contrast 2151/2515
deg_analysis.33078378_24.out:    Running contrast 2201/2515
deg_analysis.33078378_24.out:    Running contrast 2251/2515
deg_analysis.33078378_24.out:    Running contrast 2301/2515
deg_analysis.33078378_24.out:    Running contrast 2351/2515
deg_analysis.33078378_24.out:    Running contrast 2401/2515
deg_analysis.33078378_24.out:    Running contrast 2451/2515
deg_analysis.33078378_24.out:    Running contrast 2501/2515
deg_analysis.33078378_24.out:    Running contrast 2515/2515
deg_analysis.33078378_24.out:Contrasts are completed in 5892.6 seconds
deg_analysis.33078378_24.out:
deg_analysis.33078378_24.out:    Writing:  ./data/l1000_phase2/deg_data/sep_rep/full/qc_false/filter_min_cells_0/intermediate/CVCL_0031/CVCL_0031_batch_11_de.h5ad
deg_analysis.33078378_24.out:
deg_analysis.33078378_24.out:    Rewriting h5ad file: ./data/l1000_phase2/deg_data/sep_rep/full/qc_false/filter_min_cells_0/intermediate/CVCL_0031/CVCL_0031_batch_11_de.h5ad
deg_analysis.33078378_24.out:    Removed X matrix
deg_analysis.33078378_24.out:    Rewriting h5ad file is done!
deg_analysis.33078378_24.out:✓ Cell line completed in 5939.3 seconds
deg_analysis.33078378_24.out:
deg_analysis.33078378_24.out:DE analysis completed!
deg_analysis.33078378_24.out:
deg_analysis.33078378_24.out:Total runtime: 5951.1 seconds
deg_analysis.33078378_24.err:
deg_analysis.33078378_24.err:=== 1 Warnings encountered ===
deg_analysis.33078378_24.err:
deg_analysis.33078378_24.err:1. Partial NA coefficients for 978 probe(s)
deg_analysis.33078379_25.out:
deg_analysis.33078379_25.out:DE analysis started...
deg_analysis.33078379_25.out:Loaded input file:  ./data/l1000_phase2/pseudobulk_processed/sep_rep/by_celltype/CVCL_0031/CVCL_0031_processed_batch_12.h5ad
deg_analysis.33078379_25.out:Initial dimensions:  4728  samples ×  978  genes
deg_analysis.33078379_25.out:Filter samples with the low number of cells
deg_analysis.33078379_25.out:    Filter threshold (min_cells):  0
deg_analysis.33078379_25.out:    Found  4728  samples with sentinel value (-666), keeping all
deg_analysis.33078379_25.out:    n_obs:  4728 -->  4728
deg_analysis.33078379_25.out:
deg_analysis.33078379_25.out:▶︎ Processing cell_type:  CVCL_0031
deg_analysis.33078379_25.out:    Filter controls by  pert_time_h  column
deg_analysis.33078379_25.out:        n_obs:  4728 -->  4728
deg_analysis.33078379_25.out:
deg_analysis.33078379_25.out:    Constructing design matrix...
deg_analysis.33078379_25.out:    Design matrix is constructed in 0.4 seconds
deg_analysis.33078379_25.out:    Design matrix dimensions: 4728 samples × 2624 coefficients
deg_analysis.33078379_25.out:    Skipping filtering and normalization (dataset is already normalized)
deg_analysis.33078379_25.out:    Skipping voom transformation (dataset is already normalized)
deg_analysis.33078379_25.out:    Using as.matrix() directly for lmFit (data assumed to be normalized and log-transformed)...
deg_analysis.33078379_25.out:    as.matrix() prepared in 0.0 seconds
deg_analysis.33078379_25.out:    Running lmFit...
deg_analysis.33078379_25.out:Coefficients not estimable: plateLJP006_MCF7_3H_X3_B17 plateLPROT002_MCF7_6H_X1_B22
deg_analysis.33078379_25.out:    LmFit is completed in 33.0 seconds
deg_analysis.33078379_25.out:DGE fit is completed in 34.2 seconds
deg_analysis.33078379_25.out:    Running contrasts...
deg_analysis.33078379_25.out:    Running contrast 1/2513
deg_analysis.33078379_25.out:    Running contrast 51/2513
deg_analysis.33078379_25.out:    Running contrast 101/2513
deg_analysis.33078379_25.out:    Running contrast 151/2513
deg_analysis.33078379_25.out:    Running contrast 201/2513
deg_analysis.33078379_25.out:    Running contrast 251/2513
deg_analysis.33078379_25.out:    Running contrast 301/2513
deg_analysis.33078379_25.out:    Running contrast 351/2513
deg_analysis.33078379_25.out:    Running contrast 401/2513
deg_analysis.33078379_25.out:    Running contrast 451/2513
deg_analysis.33078379_25.out:    Running contrast 501/2513
deg_analysis.33078379_25.out:    Running contrast 551/2513
deg_analysis.33078379_25.out:    Running contrast 601/2513
deg_analysis.33078379_25.out:    Running contrast 651/2513
deg_analysis.33078379_25.out:    Running contrast 701/2513
deg_analysis.33078379_25.out:    Running contrast 751/2513
deg_analysis.33078379_25.out:    Running contrast 801/2513
deg_analysis.33078379_25.out:    Running contrast 851/2513
deg_analysis.33078379_25.out:    Running contrast 901/2513
deg_analysis.33078379_25.out:    Running contrast 951/2513
deg_analysis.33078379_25.out:    Running contrast 1001/2513
deg_analysis.33078379_25.out:    Running contrast 1051/2513
deg_analysis.33078379_25.out:    Running contrast 1101/2513
deg_analysis.33078379_25.out:    Running contrast 1151/2513
deg_analysis.33078379_25.out:    Running contrast 1201/2513
deg_analysis.33078379_25.out:    Running contrast 1251/2513
deg_analysis.33078379_25.out:    Running contrast 1301/2513
deg_analysis.33078379_25.out:    Running contrast 1351/2513
deg_analysis.33078379_25.out:    Running contrast 1401/2513
deg_analysis.33078379_25.out:    Running contrast 1451/2513
deg_analysis.33078379_25.out:    Running contrast 1501/2513
deg_analysis.33078379_25.out:    Running contrast 1551/2513
deg_analysis.33078379_25.out:    Running contrast 1601/2513
deg_analysis.33078379_25.out:    Running contrast 1651/2513
deg_analysis.33078379_25.out:    Running contrast 1701/2513
deg_analysis.33078379_25.out:    Running contrast 1751/2513
deg_analysis.33078379_25.out:    Running contrast 1801/2513
deg_analysis.33078379_25.out:    Running contrast 1851/2513
deg_analysis.33078379_25.out:    Running contrast 1901/2513
deg_analysis.33078379_25.out:    Running contrast 1951/2513
deg_analysis.33078379_25.out:    Running contrast 2001/2513
deg_analysis.33078379_25.out:    Running contrast 2051/2513
deg_analysis.33078379_25.out:    Running contrast 2101/2513
deg_analysis.33078379_25.out:    Running contrast 2151/2513
deg_analysis.33078379_25.out:    Running contrast 2201/2513
deg_analysis.33078379_25.out:    Running contrast 2251/2513
deg_analysis.33078379_25.out:    Running contrast 2301/2513
deg_analysis.33078379_25.out:    Running contrast 2351/2513
deg_analysis.33078379_25.out:    Running contrast 2401/2513
deg_analysis.33078379_25.out:    Running contrast 2451/2513
deg_analysis.33078379_25.out:    Running contrast 2501/2513
deg_analysis.33078379_25.out:    Running contrast 2513/2513
deg_analysis.33078379_25.out:Contrasts are completed in 5850.1 seconds
deg_analysis.33078379_25.out:
deg_analysis.33078379_25.out:    Writing:  ./data/l1000_phase2/deg_data/sep_rep/full/qc_false/filter_min_cells_0/intermediate/CVCL_0031/CVCL_0031_batch_12_de.h5ad
deg_analysis.33078379_25.out:
deg_analysis.33078379_25.out:    Rewriting h5ad file: ./data/l1000_phase2/deg_data/sep_rep/full/qc_false/filter_min_cells_0/intermediate/CVCL_0031/CVCL_0031_batch_12_de.h5ad
deg_analysis.33078379_25.out:    Removed X matrix
deg_analysis.33078379_25.out:    Rewriting h5ad file is done!
deg_analysis.33078379_25.out:✓ Cell line completed in 5897.3 seconds
deg_analysis.33078379_25.out:
deg_analysis.33078379_25.out:DE analysis completed!
deg_analysis.33078379_25.out:
deg_analysis.33078379_25.out:Total runtime: 5909.1 seconds
deg_analysis.33078379_25.err:
deg_analysis.33078379_25.err:=== 1 Warnings encountered ===
deg_analysis.33078379_25.err:
deg_analysis.33078379_25.err:1. Partial NA coefficients for 978 probe(s)
deg_analysis.33078380_26.out:
deg_analysis.33078380_26.out:DE analysis started...
deg_analysis.33078380_26.out:Loaded input file:  ./data/l1000_phase2/pseudobulk_processed/sep_rep/by_celltype/CVCL_0031/CVCL_0031_processed_batch_13.h5ad
deg_analysis.33078380_26.out:Initial dimensions:  4836  samples ×  978  genes
deg_analysis.33078380_26.out:Filter samples with the low number of cells
deg_analysis.33078380_26.out:    Filter threshold (min_cells):  0
deg_analysis.33078380_26.out:    Found  4836  samples with sentinel value (-666), keeping all
deg_analysis.33078380_26.out:    n_obs:  4836 -->  4836
deg_analysis.33078380_26.out:
deg_analysis.33078380_26.out:▶︎ Processing cell_type:  CVCL_0031
deg_analysis.33078380_26.out:    Filter controls by  pert_time_h  column
deg_analysis.33078380_26.out:        n_obs:  4836 -->  4836
deg_analysis.33078380_26.out:
deg_analysis.33078380_26.out:    Constructing design matrix...
deg_analysis.33078380_26.out:    Design matrix is constructed in 0.4 seconds
deg_analysis.33078380_26.out:    Design matrix dimensions: 4836 samples × 2732 coefficients
deg_analysis.33078380_26.out:    Skipping filtering and normalization (dataset is already normalized)
deg_analysis.33078380_26.out:    Skipping voom transformation (dataset is already normalized)
deg_analysis.33078380_26.out:    Using as.matrix() directly for lmFit (data assumed to be normalized and log-transformed)...
deg_analysis.33078380_26.out:    as.matrix() prepared in 0.0 seconds
deg_analysis.33078380_26.out:    Running lmFit...
deg_analysis.33078380_26.out:Coefficients not estimable: plateLJP006_MCF7_3H_X3_B17 plateLPROT002_MCF7_6H_X1_B22
deg_analysis.33078380_26.out:    LmFit is completed in 35.3 seconds
deg_analysis.33078380_26.out:DGE fit is completed in 36.5 seconds
deg_analysis.33078380_26.out:    Running contrasts...
deg_analysis.33078380_26.out:    Running contrast 1/2621
deg_analysis.33078380_26.out:    Running contrast 51/2621
deg_analysis.33078380_26.out:    Running contrast 101/2621
deg_analysis.33078380_26.out:    Running contrast 151/2621
deg_analysis.33078380_26.out:    Running contrast 201/2621
deg_analysis.33078380_26.out:    Running contrast 251/2621
deg_analysis.33078380_26.out:    Running contrast 301/2621
deg_analysis.33078380_26.out:    Running contrast 351/2621
deg_analysis.33078380_26.out:    Running contrast 401/2621
deg_analysis.33078380_26.out:    Running contrast 451/2621
deg_analysis.33078380_26.out:    Running contrast 501/2621
deg_analysis.33078380_26.out:    Running contrast 551/2621
deg_analysis.33078380_26.out:    Running contrast 601/2621
deg_analysis.33078380_26.out:    Running contrast 651/2621
deg_analysis.33078380_26.out:    Running contrast 701/2621
deg_analysis.33078380_26.out:    Running contrast 751/2621
deg_analysis.33078380_26.out:    Running contrast 801/2621
deg_analysis.33078380_26.out:    Running contrast 851/2621
deg_analysis.33078380_26.out:    Running contrast 901/2621
deg_analysis.33078380_26.out:    Running contrast 951/2621
deg_analysis.33078380_26.out:    Running contrast 1001/2621
deg_analysis.33078380_26.out:    Running contrast 1051/2621
deg_analysis.33078380_26.out:    Running contrast 1101/2621
deg_analysis.33078380_26.out:    Running contrast 1151/2621
deg_analysis.33078380_26.out:    Running contrast 1201/2621
deg_analysis.33078380_26.out:    Running contrast 1251/2621
deg_analysis.33078380_26.out:    Running contrast 1301/2621
deg_analysis.33078380_26.out:    Running contrast 1351/2621
deg_analysis.33078380_26.out:    Running contrast 1401/2621
deg_analysis.33078380_26.out:    Running contrast 1451/2621
deg_analysis.33078380_26.out:    Running contrast 1501/2621
deg_analysis.33078380_26.out:    Running contrast 1551/2621
deg_analysis.33078380_26.out:    Running contrast 1601/2621
deg_analysis.33078380_26.out:    Running contrast 1651/2621
deg_analysis.33078380_26.out:    Running contrast 1701/2621
deg_analysis.33078380_26.out:    Running contrast 1751/2621
deg_analysis.33078380_26.out:    Running contrast 1801/2621
deg_analysis.33078380_26.out:    Running contrast 1851/2621
deg_analysis.33078380_26.out:    Running contrast 1901/2621
deg_analysis.33078380_26.out:    Running contrast 1951/2621
deg_analysis.33078380_26.out:    Running contrast 2001/2621
deg_analysis.33078380_26.out:    Running contrast 2051/2621
deg_analysis.33078380_26.out:    Running contrast 2101/2621
deg_analysis.33078380_26.out:    Running contrast 2151/2621
deg_analysis.33078380_26.out:    Running contrast 2201/2621
deg_analysis.33078380_26.out:    Running contrast 2251/2621
deg_analysis.33078380_26.out:    Running contrast 2301/2621
deg_analysis.33078380_26.out:    Running contrast 2351/2621
deg_analysis.33078380_26.out:    Running contrast 2401/2621
deg_analysis.33078380_26.out:    Running contrast 2451/2621
deg_analysis.33078380_26.out:    Running contrast 2501/2621
deg_analysis.33078380_26.out:    Running contrast 2551/2621
deg_analysis.33078380_26.out:    Running contrast 2601/2621
deg_analysis.33078380_26.out:    Running contrast 2621/2621
deg_analysis.33078380_26.out:Contrasts are completed in 6680.9 seconds
deg_analysis.33078380_26.out:
deg_analysis.33078380_26.out:    Writing:  ./data/l1000_phase2/deg_data/sep_rep/full/qc_false/filter_min_cells_0/intermediate/CVCL_0031/CVCL_0031_batch_13_de.h5ad
deg_analysis.33078380_26.out:
deg_analysis.33078380_26.out:    Rewriting h5ad file: ./data/l1000_phase2/deg_data/sep_rep/full/qc_false/filter_min_cells_0/intermediate/CVCL_0031/CVCL_0031_batch_13_de.h5ad
deg_analysis.33078380_26.out:    Removed X matrix
deg_analysis.33078380_26.out:    Rewriting h5ad file is done!
deg_analysis.33078380_26.out:✓ Cell line completed in 6730.0 seconds
deg_analysis.33078380_26.out:
deg_analysis.33078380_26.out:DE analysis completed!
deg_analysis.33078380_26.out:
deg_analysis.33078380_26.out:Total runtime: 6741.6 seconds
deg_analysis.33078380_26.err:
deg_analysis.33078380_26.err:=== 1 Warnings encountered ===
deg_analysis.33078380_26.err:
deg_analysis.33078380_26.err:1. Partial NA coefficients for 978 probe(s)
deg_analysis.33078381_27.out:
deg_analysis.33078381_27.out:DE analysis started...
deg_analysis.33078381_27.out:Loaded input file:  ./data/l1000_phase2/pseudobulk_processed/sep_rep/by_celltype/CVCL_0031/CVCL_0031_processed_batch_14.h5ad
deg_analysis.33078381_27.out:Initial dimensions:  4725  samples ×  978  genes
deg_analysis.33078381_27.out:Filter samples with the low number of cells
deg_analysis.33078381_27.out:    Filter threshold (min_cells):  0
deg_analysis.33078381_27.out:    Found  4725  samples with sentinel value (-666), keeping all
deg_analysis.33078381_27.out:    n_obs:  4725 -->  4725
deg_analysis.33078381_27.out:
deg_analysis.33078381_27.out:▶︎ Processing cell_type:  CVCL_0031
deg_analysis.33078381_27.out:    Filter controls by  pert_time_h  column
deg_analysis.33078381_27.out:        n_obs:  4725 -->  4725
deg_analysis.33078381_27.out:
deg_analysis.33078381_27.out:    Constructing design matrix...
deg_analysis.33078381_27.out:    Design matrix is constructed in 0.4 seconds
deg_analysis.33078381_27.out:    Design matrix dimensions: 4725 samples × 2621 coefficients
deg_analysis.33078381_27.out:    Skipping filtering and normalization (dataset is already normalized)
deg_analysis.33078381_27.out:    Skipping voom transformation (dataset is already normalized)
deg_analysis.33078381_27.out:    Using as.matrix() directly for lmFit (data assumed to be normalized and log-transformed)...
deg_analysis.33078381_27.out:    as.matrix() prepared in 0.0 seconds
deg_analysis.33078381_27.out:    Running lmFit...
deg_analysis.33078381_27.out:Coefficients not estimable: plateLJP006_MCF7_3H_X3_B17 plateLPROT002_MCF7_6H_X1_B22
deg_analysis.33078381_27.out:    LmFit is completed in 33.1 seconds
deg_analysis.33078381_27.out:DGE fit is completed in 34.5 seconds
deg_analysis.33078381_27.out:    Running contrasts...
deg_analysis.33078381_27.out:    Running contrast 1/2510
deg_analysis.33078381_27.out:    Running contrast 51/2510
deg_analysis.33078381_27.out:    Running contrast 101/2510
deg_analysis.33078381_27.out:    Running contrast 151/2510
deg_analysis.33078381_27.out:    Running contrast 201/2510
deg_analysis.33078381_27.out:    Running contrast 251/2510
deg_analysis.33078381_27.out:    Running contrast 301/2510
deg_analysis.33078381_27.out:    Running contrast 351/2510
deg_analysis.33078381_27.out:    Running contrast 401/2510
deg_analysis.33078381_27.out:    Running contrast 451/2510
deg_analysis.33078381_27.out:    Running contrast 501/2510
deg_analysis.33078381_27.out:    Running contrast 551/2510
deg_analysis.33078381_27.out:    Running contrast 601/2510
deg_analysis.33078381_27.out:    Running contrast 651/2510
deg_analysis.33078381_27.out:    Running contrast 701/2510
deg_analysis.33078381_27.out:    Running contrast 751/2510
deg_analysis.33078381_27.out:    Running contrast 801/2510
deg_analysis.33078381_27.out:    Running contrast 851/2510
deg_analysis.33078381_27.out:    Running contrast 901/2510
deg_analysis.33078381_27.out:    Running contrast 951/2510
deg_analysis.33078381_27.out:    Running contrast 1001/2510
deg_analysis.33078381_27.out:    Running contrast 1051/2510
deg_analysis.33078381_27.out:    Running contrast 1101/2510
deg_analysis.33078381_27.out:    Running contrast 1151/2510
deg_analysis.33078381_27.out:    Running contrast 1201/2510
deg_analysis.33078381_27.out:    Running contrast 1251/2510
deg_analysis.33078381_27.out:    Running contrast 1301/2510
deg_analysis.33078381_27.out:    Running contrast 1351/2510
deg_analysis.33078381_27.out:    Running contrast 1401/2510
deg_analysis.33078381_27.out:    Running contrast 1451/2510
deg_analysis.33078381_27.out:    Running contrast 1501/2510
deg_analysis.33078381_27.out:    Running contrast 1551/2510
deg_analysis.33078381_27.out:    Running contrast 1601/2510
deg_analysis.33078381_27.out:    Running contrast 1651/2510
deg_analysis.33078381_27.out:    Running contrast 1701/2510
deg_analysis.33078381_27.out:    Running contrast 1751/2510
deg_analysis.33078381_27.out:    Running contrast 1801/2510
deg_analysis.33078381_27.out:    Running contrast 1851/2510
deg_analysis.33078381_27.out:    Running contrast 1901/2510
deg_analysis.33078381_27.out:    Running contrast 1951/2510
deg_analysis.33078381_27.out:    Running contrast 2001/2510
deg_analysis.33078381_27.out:    Running contrast 2051/2510
deg_analysis.33078381_27.out:    Running contrast 2101/2510
deg_analysis.33078381_27.out:    Running contrast 2151/2510
deg_analysis.33078381_27.out:    Running contrast 2201/2510
deg_analysis.33078381_27.out:    Running contrast 2251/2510
deg_analysis.33078381_27.out:    Running contrast 2301/2510
deg_analysis.33078381_27.out:    Running contrast 2351/2510
deg_analysis.33078381_27.out:    Running contrast 2401/2510
deg_analysis.33078381_27.out:    Running contrast 2451/2510
deg_analysis.33078381_27.out:    Running contrast 2501/2510
deg_analysis.33078381_27.out:    Running contrast 2510/2510
deg_analysis.33078381_27.out:Contrasts are completed in 5822.3 seconds
deg_analysis.33078381_27.out:
deg_analysis.33078381_27.out:    Writing:  ./data/l1000_phase2/deg_data/sep_rep/full/qc_false/filter_min_cells_0/intermediate/CVCL_0031/CVCL_0031_batch_14_de.h5ad
deg_analysis.33078381_27.out:
deg_analysis.33078381_27.out:    Rewriting h5ad file: ./data/l1000_phase2/deg_data/sep_rep/full/qc_false/filter_min_cells_0/intermediate/CVCL_0031/CVCL_0031_batch_14_de.h5ad
deg_analysis.33078381_27.out:    Removed X matrix
deg_analysis.33078381_27.out:    Rewriting h5ad file is done!
deg_analysis.33078381_27.out:✓ Cell line completed in 5870.6 seconds
deg_analysis.33078381_27.out:
deg_analysis.33078381_27.out:DE analysis completed!
deg_analysis.33078381_27.out:
deg_analysis.33078381_27.out:Total runtime: 5881.5 seconds
deg_analysis.33078381_27.err:
deg_analysis.33078381_27.err:=== 1 Warnings encountered ===
deg_analysis.33078381_27.err:
deg_analysis.33078381_27.err:1. Partial NA coefficients for 978 probe(s)
deg_analysis.33078388_28.out:
deg_analysis.33078388_28.out:DE analysis started...
deg_analysis.33078388_28.out:Loaded input file:  ./data/l1000_phase2/pseudobulk_processed/sep_rep/by_celltype/CVCL_0031/CVCL_0031_processed_batch_15.h5ad
deg_analysis.33078388_28.out:Initial dimensions:  4720  samples ×  978  genes
deg_analysis.33078388_28.out:Filter samples with the low number of cells
deg_analysis.33078388_28.out:    Filter threshold (min_cells):  0
deg_analysis.33078388_28.out:    Found  4720  samples with sentinel value (-666), keeping all
deg_analysis.33078388_28.out:    n_obs:  4720 -->  4720
deg_analysis.33078388_28.out:
deg_analysis.33078388_28.out:▶︎ Processing cell_type:  CVCL_0031
deg_analysis.33078388_28.out:    Filter controls by  pert_time_h  column
deg_analysis.33078388_28.out:        n_obs:  4720 -->  4720
deg_analysis.33078388_28.out:
deg_analysis.33078388_28.out:    Constructing design matrix...
deg_analysis.33078388_28.out:    Design matrix is constructed in 0.4 seconds
deg_analysis.33078388_28.out:    Design matrix dimensions: 4720 samples × 2616 coefficients
deg_analysis.33078388_28.out:    Skipping filtering and normalization (dataset is already normalized)
deg_analysis.33078388_28.out:    Skipping voom transformation (dataset is already normalized)
deg_analysis.33078388_28.out:    Using as.matrix() directly for lmFit (data assumed to be normalized and log-transformed)...
deg_analysis.33078388_28.out:    as.matrix() prepared in 0.0 seconds
deg_analysis.33078388_28.out:    Running lmFit...
deg_analysis.33078388_28.out:Coefficients not estimable: plateLJP006_MCF7_3H_X3_B17 plateLPROT002_MCF7_6H_X1_B22
deg_analysis.33078388_28.out:    LmFit is completed in 20.2 seconds
deg_analysis.33078388_28.out:DGE fit is completed in 21.3 seconds
deg_analysis.33078388_28.out:    Running contrasts...
deg_analysis.33078388_28.out:    Running contrast 1/2505
deg_analysis.33078388_28.out:    Running contrast 51/2505
deg_analysis.33078388_28.out:    Running contrast 101/2505
deg_analysis.33078388_28.out:    Running contrast 151/2505
deg_analysis.33078388_28.out:    Running contrast 201/2505
deg_analysis.33078388_28.out:    Running contrast 251/2505
deg_analysis.33078388_28.out:    Running contrast 301/2505
deg_analysis.33078388_28.out:    Running contrast 351/2505
deg_analysis.33078388_28.out:    Running contrast 401/2505
deg_analysis.33078388_28.out:    Running contrast 451/2505
deg_analysis.33078388_28.out:    Running contrast 501/2505
deg_analysis.33078388_28.out:    Running contrast 551/2505
deg_analysis.33078388_28.out:    Running contrast 601/2505
deg_analysis.33078388_28.out:    Running contrast 651/2505
deg_analysis.33078388_28.out:    Running contrast 701/2505
deg_analysis.33078388_28.out:    Running contrast 751/2505
deg_analysis.33078388_28.out:    Running contrast 801/2505
deg_analysis.33078388_28.out:    Running contrast 851/2505
deg_analysis.33078388_28.out:    Running contrast 901/2505
deg_analysis.33078388_28.out:    Running contrast 951/2505
deg_analysis.33078388_28.out:    Running contrast 1001/2505
deg_analysis.33078388_28.out:    Running contrast 1051/2505
deg_analysis.33078388_28.out:    Running contrast 1101/2505
deg_analysis.33078388_28.out:    Running contrast 1151/2505
deg_analysis.33078388_28.out:    Running contrast 1201/2505
deg_analysis.33078388_28.out:    Running contrast 1251/2505
deg_analysis.33078388_28.out:    Running contrast 1301/2505
deg_analysis.33078388_28.out:    Running contrast 1351/2505
deg_analysis.33078388_28.out:    Running contrast 1401/2505
deg_analysis.33078388_28.out:    Running contrast 1451/2505
deg_analysis.33078388_28.out:    Running contrast 1501/2505
deg_analysis.33078388_28.out:    Running contrast 1551/2505
deg_analysis.33078388_28.out:    Running contrast 1601/2505
deg_analysis.33078388_28.out:    Running contrast 1651/2505
deg_analysis.33078388_28.out:    Running contrast 1701/2505
deg_analysis.33078388_28.out:    Running contrast 1751/2505
deg_analysis.33078388_28.out:    Running contrast 1801/2505
deg_analysis.33078388_28.out:    Running contrast 1851/2505
deg_analysis.33078388_28.out:    Running contrast 1901/2505
deg_analysis.33078388_28.out:    Running contrast 1951/2505
deg_analysis.33078388_28.out:    Running contrast 2001/2505
deg_analysis.33078388_28.out:    Running contrast 2051/2505
deg_analysis.33078388_28.out:    Running contrast 2101/2505
deg_analysis.33078388_28.out:    Running contrast 2151/2505
deg_analysis.33078388_28.out:    Running contrast 2201/2505
deg_analysis.33078388_28.out:    Running contrast 2251/2505
deg_analysis.33078388_28.out:    Running contrast 2301/2505
deg_analysis.33078388_28.out:    Running contrast 2351/2505
deg_analysis.33078388_28.out:    Running contrast 2401/2505
deg_analysis.33078388_28.out:    Running contrast 2451/2505
deg_analysis.33078388_28.out:    Running contrast 2501/2505
deg_analysis.33078388_28.out:    Running contrast 2505/2505
deg_analysis.33078388_28.out:Contrasts are completed in 6522.4 seconds
deg_analysis.33078388_28.out:
deg_analysis.33078388_28.out:    Writing:  ./data/l1000_phase2/deg_data/sep_rep/full/qc_false/filter_min_cells_0/intermediate/CVCL_0031/CVCL_0031_batch_15_de.h5ad
deg_analysis.33078388_28.out:
deg_analysis.33078388_28.out:    Rewriting h5ad file: ./data/l1000_phase2/deg_data/sep_rep/full/qc_false/filter_min_cells_0/intermediate/CVCL_0031/CVCL_0031_batch_15_de.h5ad
deg_analysis.33078388_28.out:    Removed X matrix
deg_analysis.33078388_28.out:    Rewriting h5ad file is done!
deg_analysis.33078388_28.out:✓ Cell line completed in 6556.7 seconds
deg_analysis.33078388_28.out:
deg_analysis.33078388_28.out:DE analysis completed!
deg_analysis.33078388_28.out:
deg_analysis.33078388_28.out:Total runtime: 6569.5 seconds
deg_analysis.33078388_28.err:
deg_analysis.33078388_28.err:=== 1 Warnings encountered ===
deg_analysis.33078388_28.err:
deg_analysis.33078388_28.err:1. Partial NA coefficients for 978 probe(s)
deg_analysis.33078391_29.out:
deg_analysis.33078391_29.out:DE analysis started...
deg_analysis.33078391_29.out:Loaded input file:  ./data/l1000_phase2/pseudobulk_processed/sep_rep/by_celltype/CVCL_0031/CVCL_0031_processed_batch_1.h5ad
deg_analysis.33078391_29.out:Initial dimensions:  4732  samples ×  978  genes
deg_analysis.33078391_29.out:Filter samples with the low number of cells
deg_analysis.33078391_29.out:    Filter threshold (min_cells):  0
deg_analysis.33078391_29.out:    Found  4732  samples with sentinel value (-666), keeping all
deg_analysis.33078391_29.out:    n_obs:  4732 -->  4732
deg_analysis.33078391_29.out:
deg_analysis.33078391_29.out:▶︎ Processing cell_type:  CVCL_0031
deg_analysis.33078391_29.out:    Filter controls by  pert_time_h  column
deg_analysis.33078391_29.out:        n_obs:  4732 -->  4732
deg_analysis.33078391_29.out:
deg_analysis.33078391_29.out:    Constructing design matrix...
deg_analysis.33078391_29.out:    Design matrix is constructed in 0.4 seconds
deg_analysis.33078391_29.out:    Design matrix dimensions: 4732 samples × 2628 coefficients
deg_analysis.33078391_29.out:    Skipping filtering and normalization (dataset is already normalized)
deg_analysis.33078391_29.out:    Skipping voom transformation (dataset is already normalized)
deg_analysis.33078391_29.out:    Using as.matrix() directly for lmFit (data assumed to be normalized and log-transformed)...
deg_analysis.33078391_29.out:    as.matrix() prepared in 0.0 seconds
deg_analysis.33078391_29.out:    Running lmFit...
deg_analysis.33078391_29.out:Coefficients not estimable: plateLJP006_MCF7_3H_X3_B17 plateLPROT002_MCF7_6H_X1_B22
deg_analysis.33078391_29.out:    LmFit is completed in 25.6 seconds
deg_analysis.33078391_29.out:DGE fit is completed in 26.8 seconds
deg_analysis.33078391_29.out:    Running contrasts...
deg_analysis.33078391_29.out:    Running contrast 1/2517
deg_analysis.33078391_29.out:    Running contrast 51/2517
deg_analysis.33078391_29.out:    Running contrast 101/2517
deg_analysis.33078391_29.out:    Running contrast 151/2517
deg_analysis.33078391_29.out:    Running contrast 201/2517
deg_analysis.33078391_29.out:    Running contrast 251/2517
deg_analysis.33078391_29.out:    Running contrast 301/2517
deg_analysis.33078391_29.out:    Running contrast 351/2517
deg_analysis.33078391_29.out:    Running contrast 401/2517
deg_analysis.33078391_29.out:    Running contrast 451/2517
deg_analysis.33078391_29.out:    Running contrast 501/2517
deg_analysis.33078391_29.out:    Running contrast 551/2517
deg_analysis.33078391_29.out:    Running contrast 601/2517
deg_analysis.33078391_29.out:    Running contrast 651/2517
deg_analysis.33078391_29.out:    Running contrast 701/2517
deg_analysis.33078391_29.out:    Running contrast 751/2517
deg_analysis.33078391_29.out:    Running contrast 801/2517
deg_analysis.33078391_29.out:    Running contrast 851/2517
deg_analysis.33078391_29.out:    Running contrast 901/2517
deg_analysis.33078391_29.out:    Running contrast 951/2517
deg_analysis.33078391_29.out:    Running contrast 1001/2517
deg_analysis.33078391_29.out:    Running contrast 1051/2517
deg_analysis.33078391_29.out:    Running contrast 1101/2517
deg_analysis.33078391_29.out:    Running contrast 1151/2517
deg_analysis.33078391_29.out:    Running contrast 1201/2517
deg_analysis.33078391_29.out:    Running contrast 1251/2517
deg_analysis.33078391_29.out:    Running contrast 1301/2517
deg_analysis.33078391_29.out:    Running contrast 1351/2517
deg_analysis.33078391_29.out:    Running contrast 1401/2517
deg_analysis.33078391_29.out:    Running contrast 1451/2517
deg_analysis.33078391_29.out:    Running contrast 1501/2517
deg_analysis.33078391_29.out:    Running contrast 1551/2517
deg_analysis.33078391_29.out:    Running contrast 1601/2517
deg_analysis.33078391_29.out:    Running contrast 1651/2517
deg_analysis.33078391_29.out:    Running contrast 1701/2517
deg_analysis.33078391_29.out:    Running contrast 1751/2517
deg_analysis.33078391_29.out:    Running contrast 1801/2517
deg_analysis.33078391_29.out:    Running contrast 1851/2517
deg_analysis.33078391_29.out:    Running contrast 1901/2517
deg_analysis.33078391_29.out:    Running contrast 1951/2517
deg_analysis.33078391_29.out:    Running contrast 2001/2517
deg_analysis.33078391_29.out:    Running contrast 2051/2517
deg_analysis.33078391_29.out:    Running contrast 2101/2517
deg_analysis.33078391_29.out:    Running contrast 2151/2517
deg_analysis.33078391_29.out:    Running contrast 2201/2517
deg_analysis.33078391_29.out:    Running contrast 2251/2517
deg_analysis.33078391_29.out:    Running contrast 2301/2517
deg_analysis.33078391_29.out:    Running contrast 2351/2517
deg_analysis.33078391_29.out:    Running contrast 2401/2517
deg_analysis.33078391_29.out:    Running contrast 2451/2517
deg_analysis.33078391_29.out:    Running contrast 2501/2517
deg_analysis.33078391_29.out:    Running contrast 2517/2517
deg_analysis.33078391_29.out:Contrasts are completed in 6536.2 seconds
deg_analysis.33078391_29.out:
deg_analysis.33078391_29.out:    Writing:  ./data/l1000_phase2/deg_data/sep_rep/full/qc_false/filter_min_cells_0/intermediate/CVCL_0031/CVCL_0031_batch_1_de.h5ad
deg_analysis.33078391_29.out:
deg_analysis.33078391_29.out:    Rewriting h5ad file: ./data/l1000_phase2/deg_data/sep_rep/full/qc_false/filter_min_cells_0/intermediate/CVCL_0031/CVCL_0031_batch_1_de.h5ad
deg_analysis.33078391_29.out:    Removed X matrix
deg_analysis.33078391_29.out:    Rewriting h5ad file is done!
deg_analysis.33078391_29.out:✓ Cell line completed in 6575.9 seconds
deg_analysis.33078391_29.out:
deg_analysis.33078391_29.out:DE analysis completed!
deg_analysis.33078391_29.out:
deg_analysis.33078391_29.out:Total runtime: 6586.1 seconds
deg_analysis.33078391_29.err:
deg_analysis.33078391_29.err:=== 1 Warnings encountered ===
deg_analysis.33078391_29.err:
deg_analysis.33078391_29.err:1. Partial NA coefficients for 978 probe(s)
deg_analysis.33078397_30.out:
deg_analysis.33078397_30.out:DE analysis started...
deg_analysis.33078397_30.out:Loaded input file:  ./data/l1000_phase2/pseudobulk_processed/sep_rep/by_celltype/CVCL_0031/CVCL_0031_processed_batch_2.h5ad
deg_analysis.33078397_30.out:Initial dimensions:  4753  samples ×  978  genes
deg_analysis.33078397_30.out:Filter samples with the low number of cells
deg_analysis.33078397_30.out:    Filter threshold (min_cells):  0
deg_analysis.33078397_30.out:    Found  4753  samples with sentinel value (-666), keeping all
deg_analysis.33078397_30.out:    n_obs:  4753 -->  4753
deg_analysis.33078397_30.out:
deg_analysis.33078397_30.out:▶︎ Processing cell_type:  CVCL_0031
deg_analysis.33078397_30.out:    Filter controls by  pert_time_h  column
deg_analysis.33078397_30.out:        n_obs:  4753 -->  4753
deg_analysis.33078397_30.out:
deg_analysis.33078397_30.out:    Constructing design matrix...
deg_analysis.33078397_30.out:    Design matrix is constructed in 0.4 seconds
deg_analysis.33078397_30.out:    Design matrix dimensions: 4753 samples × 2649 coefficients
deg_analysis.33078397_30.out:    Skipping filtering and normalization (dataset is already normalized)
deg_analysis.33078397_30.out:    Skipping voom transformation (dataset is already normalized)
deg_analysis.33078397_30.out:    Using as.matrix() directly for lmFit (data assumed to be normalized and log-transformed)...
deg_analysis.33078397_30.out:    as.matrix() prepared in 0.0 seconds
deg_analysis.33078397_30.out:    Running lmFit...
deg_analysis.33078397_30.out:Coefficients not estimable: plateLJP006_MCF7_3H_X3_B17 plateLPROT002_MCF7_6H_X1_B22
deg_analysis.33078397_30.out:    LmFit is completed in 34.3 seconds
deg_analysis.33078397_30.out:DGE fit is completed in 35.4 seconds
deg_analysis.33078397_30.out:    Running contrasts...
deg_analysis.33078397_30.out:    Running contrast 1/2538
deg_analysis.33078397_30.out:    Running contrast 51/2538
deg_analysis.33078397_30.out:    Running contrast 101/2538
deg_analysis.33078397_30.out:    Running contrast 151/2538
deg_analysis.33078397_30.out:    Running contrast 201/2538
deg_analysis.33078397_30.out:    Running contrast 251/2538
deg_analysis.33078397_30.out:    Running contrast 301/2538
deg_analysis.33078397_30.out:    Running contrast 351/2538
deg_analysis.33078397_30.out:    Running contrast 401/2538
deg_analysis.33078397_30.out:    Running contrast 451/2538
deg_analysis.33078397_30.out:    Running contrast 501/2538
deg_analysis.33078397_30.out:    Running contrast 551/2538
deg_analysis.33078397_30.out:    Running contrast 601/2538
deg_analysis.33078397_30.out:    Running contrast 651/2538
deg_analysis.33078397_30.out:    Running contrast 701/2538
deg_analysis.33078397_30.out:    Running contrast 751/2538
deg_analysis.33078397_30.out:    Running contrast 801/2538
deg_analysis.33078397_30.out:    Running contrast 851/2538
deg_analysis.33078397_30.out:    Running contrast 901/2538
deg_analysis.33078397_30.out:    Running contrast 951/2538
deg_analysis.33078397_30.out:    Running contrast 1001/2538
deg_analysis.33078397_30.out:    Running contrast 1051/2538
deg_analysis.33078397_30.out:    Running contrast 1101/2538
deg_analysis.33078397_30.out:    Running contrast 1151/2538
deg_analysis.33078397_30.out:    Running contrast 1201/2538
deg_analysis.33078397_30.out:    Running contrast 1251/2538
deg_analysis.33078397_30.out:    Running contrast 1301/2538
deg_analysis.33078397_30.out:    Running contrast 1351/2538
deg_analysis.33078397_30.out:    Running contrast 1401/2538
deg_analysis.33078397_30.out:    Running contrast 1451/2538
deg_analysis.33078397_30.out:    Running contrast 1501/2538
deg_analysis.33078397_30.out:    Running contrast 1551/2538
deg_analysis.33078397_30.out:    Running contrast 1601/2538
deg_analysis.33078397_30.out:    Running contrast 1651/2538
deg_analysis.33078397_30.out:    Running contrast 1701/2538
deg_analysis.33078397_30.out:    Running contrast 1751/2538
deg_analysis.33078397_30.out:    Running contrast 1801/2538
deg_analysis.33078397_30.out:    Running contrast 1851/2538
deg_analysis.33078397_30.out:    Running contrast 1901/2538
deg_analysis.33078397_30.out:    Running contrast 1951/2538
deg_analysis.33078397_30.out:    Running contrast 2001/2538
deg_analysis.33078397_30.out:    Running contrast 2051/2538
deg_analysis.33078397_30.out:    Running contrast 2101/2538
deg_analysis.33078397_30.out:    Running contrast 2151/2538
deg_analysis.33078397_30.out:    Running contrast 2201/2538
deg_analysis.33078397_30.out:    Running contrast 2251/2538
deg_analysis.33078397_30.out:    Running contrast 2301/2538
deg_analysis.33078397_30.out:    Running contrast 2351/2538
deg_analysis.33078397_30.out:    Running contrast 2401/2538
deg_analysis.33078397_30.out:    Running contrast 2451/2538
deg_analysis.33078397_30.out:    Running contrast 2501/2538
deg_analysis.33078397_30.out:    Running contrast 2538/2538
deg_analysis.33078397_30.out:Contrasts are completed in 6722.7 seconds
deg_analysis.33078397_30.out:
deg_analysis.33078397_30.out:    Writing:  ./data/l1000_phase2/deg_data/sep_rep/full/qc_false/filter_min_cells_0/intermediate/CVCL_0031/CVCL_0031_batch_2_de.h5ad
deg_analysis.33078397_30.out:
deg_analysis.33078397_30.out:    Rewriting h5ad file: ./data/l1000_phase2/deg_data/sep_rep/full/qc_false/filter_min_cells_0/intermediate/CVCL_0031/CVCL_0031_batch_2_de.h5ad
deg_analysis.33078397_30.out:    Removed X matrix
deg_analysis.33078397_30.out:    Rewriting h5ad file is done!
deg_analysis.33078397_30.out:✓ Cell line completed in 6771.0 seconds
deg_analysis.33078397_30.out:
deg_analysis.33078397_30.out:DE analysis completed!
deg_analysis.33078397_30.out:
deg_analysis.33078397_30.out:Total runtime: 6783.3 seconds
deg_analysis.33078397_30.err:
deg_analysis.33078397_30.err:=== 1 Warnings encountered ===
deg_analysis.33078397_30.err:
deg_analysis.33078397_30.err:1. Partial NA coefficients for 978 probe(s)
deg_analysis.33078569_31.out:
deg_analysis.33078569_31.out:DE analysis started...
deg_analysis.33078569_31.out:Loaded input file:  ./data/l1000_phase2/pseudobulk_processed/sep_rep/by_celltype/CVCL_0031/CVCL_0031_processed_batch_3.h5ad
deg_analysis.33078569_31.out:Initial dimensions:  4750  samples ×  978  genes
deg_analysis.33078569_31.out:Filter samples with the low number of cells
deg_analysis.33078569_31.out:    Filter threshold (min_cells):  0
deg_analysis.33078569_31.out:    Found  4750  samples with sentinel value (-666), keeping all
deg_analysis.33078569_31.out:    n_obs:  4750 -->  4750
deg_analysis.33078569_31.out:
deg_analysis.33078569_31.out:▶︎ Processing cell_type:  CVCL_0031
deg_analysis.33078569_31.out:    Filter controls by  pert_time_h  column
deg_analysis.33078569_31.out:        n_obs:  4750 -->  4750
deg_analysis.33078569_31.out:
deg_analysis.33078569_31.out:    Constructing design matrix...
deg_analysis.33078569_31.out:    Design matrix is constructed in 0.4 seconds
deg_analysis.33078569_31.out:    Design matrix dimensions: 4750 samples × 2646 coefficients
deg_analysis.33078569_31.out:    Skipping filtering and normalization (dataset is already normalized)
deg_analysis.33078569_31.out:    Skipping voom transformation (dataset is already normalized)
deg_analysis.33078569_31.out:    Using as.matrix() directly for lmFit (data assumed to be normalized and log-transformed)...
deg_analysis.33078569_31.out:    as.matrix() prepared in 0.0 seconds
deg_analysis.33078569_31.out:    Running lmFit...
deg_analysis.33078569_31.out:Coefficients not estimable: plateLJP006_MCF7_3H_X3_B17 plateLPROT002_MCF7_6H_X1_B22
deg_analysis.33078569_31.out:    LmFit is completed in 18.8 seconds
deg_analysis.33078569_31.out:DGE fit is completed in 20.1 seconds
deg_analysis.33078569_31.out:    Running contrasts...
deg_analysis.33078569_31.out:    Running contrast 1/2535
deg_analysis.33078569_31.out:    Running contrast 51/2535
deg_analysis.33078569_31.out:    Running contrast 101/2535
deg_analysis.33078569_31.out:    Running contrast 151/2535
deg_analysis.33078569_31.out:    Running contrast 201/2535
deg_analysis.33078569_31.out:    Running contrast 251/2535
deg_analysis.33078569_31.out:    Running contrast 301/2535
deg_analysis.33078569_31.out:    Running contrast 351/2535
deg_analysis.33078569_31.out:    Running contrast 401/2535
deg_analysis.33078569_31.out:    Running contrast 451/2535
deg_analysis.33078569_31.out:    Running contrast 501/2535
deg_analysis.33078569_31.out:    Running contrast 551/2535
deg_analysis.33078569_31.out:    Running contrast 601/2535
deg_analysis.33078569_31.out:    Running contrast 651/2535
deg_analysis.33078569_31.out:    Running contrast 701/2535
deg_analysis.33078569_31.out:    Running contrast 751/2535
deg_analysis.33078569_31.out:    Running contrast 801/2535
deg_analysis.33078569_31.out:    Running contrast 851/2535
deg_analysis.33078569_31.out:    Running contrast 901/2535
deg_analysis.33078569_31.out:    Running contrast 951/2535
deg_analysis.33078569_31.out:    Running contrast 1001/2535
deg_analysis.33078569_31.out:    Running contrast 1051/2535
deg_analysis.33078569_31.out:    Running contrast 1101/2535
deg_analysis.33078569_31.out:    Running contrast 1151/2535
deg_analysis.33078569_31.out:    Running contrast 1201/2535
deg_analysis.33078569_31.out:    Running contrast 1251/2535
deg_analysis.33078569_31.out:    Running contrast 1301/2535
deg_analysis.33078569_31.out:    Running contrast 1351/2535
deg_analysis.33078569_31.out:    Running contrast 1401/2535
deg_analysis.33078569_31.out:    Running contrast 1451/2535
deg_analysis.33078569_31.out:    Running contrast 1501/2535
deg_analysis.33078569_31.out:    Running contrast 1551/2535
deg_analysis.33078569_31.out:    Running contrast 1601/2535
deg_analysis.33078569_31.out:    Running contrast 1651/2535
deg_analysis.33078569_31.out:    Running contrast 1701/2535
deg_analysis.33078569_31.out:    Running contrast 1751/2535
deg_analysis.33078569_31.out:    Running contrast 1801/2535
deg_analysis.33078569_31.out:    Running contrast 1851/2535
deg_analysis.33078569_31.out:    Running contrast 1901/2535
deg_analysis.33078569_31.out:    Running contrast 1951/2535
deg_analysis.33078569_31.out:    Running contrast 2001/2535
deg_analysis.33078569_31.out:    Running contrast 2051/2535
deg_analysis.33078569_31.out:    Running contrast 2101/2535
deg_analysis.33078569_31.out:    Running contrast 2151/2535
deg_analysis.33078569_31.out:    Running contrast 2201/2535
deg_analysis.33078569_31.out:    Running contrast 2251/2535
deg_analysis.33078569_31.out:    Running contrast 2301/2535
deg_analysis.33078569_31.out:    Running contrast 2351/2535
deg_analysis.33078569_31.out:    Running contrast 2401/2535
deg_analysis.33078569_31.out:    Running contrast 2451/2535
deg_analysis.33078569_31.out:    Running contrast 2501/2535
deg_analysis.33078569_31.out:    Running contrast 2535/2535
deg_analysis.33078569_31.out:Contrasts are completed in 4536.2 seconds
deg_analysis.33078569_31.out:
deg_analysis.33078569_31.out:    Writing:  ./data/l1000_phase2/deg_data/sep_rep/full/qc_false/filter_min_cells_0/intermediate/CVCL_0031/CVCL_0031_batch_3_de.h5ad
deg_analysis.33078569_31.out:
deg_analysis.33078569_31.out:    Rewriting h5ad file: ./data/l1000_phase2/deg_data/sep_rep/full/qc_false/filter_min_cells_0/intermediate/CVCL_0031/CVCL_0031_batch_3_de.h5ad
deg_analysis.33078569_31.out:    Removed X matrix
deg_analysis.33078569_31.out:    Rewriting h5ad file is done!
deg_analysis.33078569_31.out:✓ Cell line completed in 4568.0 seconds
deg_analysis.33078569_31.out:
deg_analysis.33078569_31.out:DE analysis completed!
deg_analysis.33078569_31.out:
deg_analysis.33078569_31.out:Total runtime: 4615.4 seconds
deg_analysis.33078569_31.err:
deg_analysis.33078569_31.err:=== 1 Warnings encountered ===
deg_analysis.33078569_31.err:
deg_analysis.33078569_31.err:1. Partial NA coefficients for 978 probe(s)
deg_analysis.33078570_32.out:
deg_analysis.33078570_32.out:DE analysis started...
deg_analysis.33078570_32.out:Loaded input file:  ./data/l1000_phase2/pseudobulk_processed/sep_rep/by_celltype/CVCL_0031/CVCL_0031_processed_batch_4.h5ad
deg_analysis.33078570_32.out:Initial dimensions:  4731  samples ×  978  genes
deg_analysis.33078570_32.out:Filter samples with the low number of cells
deg_analysis.33078570_32.out:    Filter threshold (min_cells):  0
deg_analysis.33078570_32.out:    Found  4731  samples with sentinel value (-666), keeping all
deg_analysis.33078570_32.out:    n_obs:  4731 -->  4731
deg_analysis.33078570_32.out:
deg_analysis.33078570_32.out:▶︎ Processing cell_type:  CVCL_0031
deg_analysis.33078570_32.out:    Filter controls by  pert_time_h  column
deg_analysis.33078570_32.out:        n_obs:  4731 -->  4731
deg_analysis.33078570_32.out:
deg_analysis.33078570_32.out:    Constructing design matrix...
deg_analysis.33078570_32.out:    Design matrix is constructed in 0.4 seconds
deg_analysis.33078570_32.out:    Design matrix dimensions: 4731 samples × 2627 coefficients
deg_analysis.33078570_32.out:    Skipping filtering and normalization (dataset is already normalized)
deg_analysis.33078570_32.out:    Skipping voom transformation (dataset is already normalized)
deg_analysis.33078570_32.out:    Using as.matrix() directly for lmFit (data assumed to be normalized and log-transformed)...
deg_analysis.33078570_32.out:    as.matrix() prepared in 0.0 seconds
deg_analysis.33078570_32.out:    Running lmFit...
deg_analysis.33078570_32.out:Coefficients not estimable: plateLJP006_MCF7_3H_X3_B17 plateLPROT002_MCF7_6H_X1_B22
deg_analysis.33078570_32.out:    LmFit is completed in 18.4 seconds
deg_analysis.33078570_32.out:DGE fit is completed in 19.7 seconds
deg_analysis.33078570_32.out:    Running contrasts...
deg_analysis.33078570_32.out:    Running contrast 1/2516
deg_analysis.33078570_32.out:    Running contrast 51/2516
deg_analysis.33078570_32.out:    Running contrast 101/2516
deg_analysis.33078570_32.out:    Running contrast 151/2516
deg_analysis.33078570_32.out:    Running contrast 201/2516
deg_analysis.33078570_32.out:    Running contrast 251/2516
deg_analysis.33078570_32.out:    Running contrast 301/2516
deg_analysis.33078570_32.out:    Running contrast 351/2516
deg_analysis.33078570_32.out:    Running contrast 401/2516
deg_analysis.33078570_32.out:    Running contrast 451/2516
deg_analysis.33078570_32.out:    Running contrast 501/2516
deg_analysis.33078570_32.out:    Running contrast 551/2516
deg_analysis.33078570_32.out:    Running contrast 601/2516
deg_analysis.33078570_32.out:    Running contrast 651/2516
deg_analysis.33078570_32.out:    Running contrast 701/2516
deg_analysis.33078570_32.out:    Running contrast 751/2516
deg_analysis.33078570_32.out:    Running contrast 801/2516
deg_analysis.33078570_32.out:    Running contrast 851/2516
deg_analysis.33078570_32.out:    Running contrast 901/2516
deg_analysis.33078570_32.out:    Running contrast 951/2516
deg_analysis.33078570_32.out:    Running contrast 1001/2516
deg_analysis.33078570_32.out:    Running contrast 1051/2516
deg_analysis.33078570_32.out:    Running contrast 1101/2516
deg_analysis.33078570_32.out:    Running contrast 1151/2516
deg_analysis.33078570_32.out:    Running contrast 1201/2516
deg_analysis.33078570_32.out:    Running contrast 1251/2516
deg_analysis.33078570_32.out:    Running contrast 1301/2516
deg_analysis.33078570_32.out:    Running contrast 1351/2516
deg_analysis.33078570_32.out:    Running contrast 1401/2516
deg_analysis.33078570_32.out:    Running contrast 1451/2516
deg_analysis.33078570_32.out:    Running contrast 1501/2516
deg_analysis.33078570_32.out:    Running contrast 1551/2516
deg_analysis.33078570_32.out:    Running contrast 1601/2516
deg_analysis.33078570_32.out:    Running contrast 1651/2516
deg_analysis.33078570_32.out:    Running contrast 1701/2516
deg_analysis.33078570_32.out:    Running contrast 1751/2516
deg_analysis.33078570_32.out:    Running contrast 1801/2516
deg_analysis.33078570_32.out:    Running contrast 1851/2516
deg_analysis.33078570_32.out:    Running contrast 1901/2516
deg_analysis.33078570_32.out:    Running contrast 1951/2516
deg_analysis.33078570_32.out:    Running contrast 2001/2516
deg_analysis.33078570_32.out:    Running contrast 2051/2516
deg_analysis.33078570_32.out:    Running contrast 2101/2516
deg_analysis.33078570_32.out:    Running contrast 2151/2516
deg_analysis.33078570_32.out:    Running contrast 2201/2516
deg_analysis.33078570_32.out:    Running contrast 2251/2516
deg_analysis.33078570_32.out:    Running contrast 2301/2516
deg_analysis.33078570_32.out:    Running contrast 2351/2516
deg_analysis.33078570_32.out:    Running contrast 2401/2516
deg_analysis.33078570_32.out:    Running contrast 2451/2516
deg_analysis.33078570_32.out:    Running contrast 2501/2516
deg_analysis.33078570_32.out:    Running contrast 2516/2516
deg_analysis.33078570_32.out:Contrasts are completed in 4506.0 seconds
deg_analysis.33078570_32.out:
deg_analysis.33078570_32.out:    Writing:  ./data/l1000_phase2/deg_data/sep_rep/full/qc_false/filter_min_cells_0/intermediate/CVCL_0031/CVCL_0031_batch_4_de.h5ad
deg_analysis.33078570_32.out:
deg_analysis.33078570_32.out:    Rewriting h5ad file: ./data/l1000_phase2/deg_data/sep_rep/full/qc_false/filter_min_cells_0/intermediate/CVCL_0031/CVCL_0031_batch_4_de.h5ad
deg_analysis.33078570_32.out:    Removed X matrix
deg_analysis.33078570_32.out:    Rewriting h5ad file is done!
deg_analysis.33078570_32.out:✓ Cell line completed in 4538.4 seconds
deg_analysis.33078570_32.out:
deg_analysis.33078570_32.out:DE analysis completed!
deg_analysis.33078570_32.out:
deg_analysis.33078570_32.out:Total runtime: 4585.9 seconds
deg_analysis.33078570_32.err:
deg_analysis.33078570_32.err:=== 1 Warnings encountered ===
deg_analysis.33078570_32.err:
deg_analysis.33078570_32.err:1. Partial NA coefficients for 978 probe(s)
deg_analysis.33078686_33.out:
deg_analysis.33078686_33.out:DE analysis started...
deg_analysis.33078686_33.out:Loaded input file:  ./data/l1000_phase2/pseudobulk_processed/sep_rep/by_celltype/CVCL_0031/CVCL_0031_processed_batch_5.h5ad
deg_analysis.33078686_33.out:Initial dimensions:  4726  samples ×  978  genes
deg_analysis.33078686_33.out:Filter samples with the low number of cells
deg_analysis.33078686_33.out:    Filter threshold (min_cells):  0
deg_analysis.33078686_33.out:    Found  4726  samples with sentinel value (-666), keeping all
deg_analysis.33078686_33.out:    n_obs:  4726 -->  4726
deg_analysis.33078686_33.out:
deg_analysis.33078686_33.out:▶︎ Processing cell_type:  CVCL_0031
deg_analysis.33078686_33.out:    Filter controls by  pert_time_h  column
deg_analysis.33078686_33.out:        n_obs:  4726 -->  4726
deg_analysis.33078686_33.out:
deg_analysis.33078686_33.out:    Constructing design matrix...
deg_analysis.33078686_33.out:    Design matrix is constructed in 0.4 seconds
deg_analysis.33078686_33.out:    Design matrix dimensions: 4726 samples × 2622 coefficients
deg_analysis.33078686_33.out:    Skipping filtering and normalization (dataset is already normalized)
deg_analysis.33078686_33.out:    Skipping voom transformation (dataset is already normalized)
deg_analysis.33078686_33.out:    Using as.matrix() directly for lmFit (data assumed to be normalized and log-transformed)...
deg_analysis.33078686_33.out:    as.matrix() prepared in 0.0 seconds
deg_analysis.33078686_33.out:    Running lmFit...
deg_analysis.33078686_33.out:Coefficients not estimable: plateLJP006_MCF7_3H_X3_B17 plateLPROT002_MCF7_6H_X1_B22
deg_analysis.33078686_33.out:    LmFit is completed in 25.1 seconds
deg_analysis.33078686_33.out:DGE fit is completed in 26.4 seconds
deg_analysis.33078686_33.out:    Running contrasts...
deg_analysis.33078686_33.out:    Running contrast 1/2511
deg_analysis.33078686_33.out:    Running contrast 51/2511
deg_analysis.33078686_33.out:    Running contrast 101/2511
deg_analysis.33078686_33.out:    Running contrast 151/2511
deg_analysis.33078686_33.out:    Running contrast 201/2511
deg_analysis.33078686_33.out:    Running contrast 251/2511
deg_analysis.33078686_33.out:    Running contrast 301/2511
deg_analysis.33078686_33.out:    Running contrast 351/2511
deg_analysis.33078686_33.out:    Running contrast 401/2511
deg_analysis.33078686_33.out:    Running contrast 451/2511
deg_analysis.33078686_33.out:    Running contrast 501/2511
deg_analysis.33078686_33.out:    Running contrast 551/2511
deg_analysis.33078686_33.out:    Running contrast 601/2511
deg_analysis.33078686_33.out:    Running contrast 651/2511
deg_analysis.33078686_33.out:    Running contrast 701/2511
deg_analysis.33078686_33.out:    Running contrast 751/2511
deg_analysis.33078686_33.out:    Running contrast 801/2511
deg_analysis.33078686_33.out:    Running contrast 851/2511
deg_analysis.33078686_33.out:    Running contrast 901/2511
deg_analysis.33078686_33.out:    Running contrast 951/2511
deg_analysis.33078686_33.out:    Running contrast 1001/2511
deg_analysis.33078686_33.out:    Running contrast 1051/2511
deg_analysis.33078686_33.out:    Running contrast 1101/2511
deg_analysis.33078686_33.out:    Running contrast 1151/2511
deg_analysis.33078686_33.out:    Running contrast 1201/2511
deg_analysis.33078686_33.out:    Running contrast 1251/2511
deg_analysis.33078686_33.out:    Running contrast 1301/2511
deg_analysis.33078686_33.out:    Running contrast 1351/2511
deg_analysis.33078686_33.out:    Running contrast 1401/2511
deg_analysis.33078686_33.out:    Running contrast 1451/2511
deg_analysis.33078686_33.out:    Running contrast 1501/2511
deg_analysis.33078686_33.out:    Running contrast 1551/2511
deg_analysis.33078686_33.out:    Running contrast 1601/2511
deg_analysis.33078686_33.out:    Running contrast 1651/2511
deg_analysis.33078686_33.out:    Running contrast 1701/2511
deg_analysis.33078686_33.out:    Running contrast 1751/2511
deg_analysis.33078686_33.out:    Running contrast 1801/2511
deg_analysis.33078686_33.out:    Running contrast 1851/2511
deg_analysis.33078686_33.out:    Running contrast 1901/2511
deg_analysis.33078686_33.out:    Running contrast 1951/2511
deg_analysis.33078686_33.out:    Running contrast 2001/2511
deg_analysis.33078686_33.out:    Running contrast 2051/2511
deg_analysis.33078686_33.out:    Running contrast 2101/2511
deg_analysis.33078686_33.out:    Running contrast 2151/2511
deg_analysis.33078686_33.out:    Running contrast 2201/2511
deg_analysis.33078686_33.out:    Running contrast 2251/2511
deg_analysis.33078686_33.out:    Running contrast 2301/2511
deg_analysis.33078686_33.out:    Running contrast 2351/2511
deg_analysis.33078686_33.out:    Running contrast 2401/2511
deg_analysis.33078686_33.out:    Running contrast 2451/2511
deg_analysis.33078686_33.out:    Running contrast 2501/2511
deg_analysis.33078686_33.out:    Running contrast 2511/2511
deg_analysis.33078686_33.out:Contrasts are completed in 4578.5 seconds
deg_analysis.33078686_33.out:
deg_analysis.33078686_33.out:    Writing:  ./data/l1000_phase2/deg_data/sep_rep/full/qc_false/filter_min_cells_0/intermediate/CVCL_0031/CVCL_0031_batch_5_de.h5ad
deg_analysis.33078686_33.out:
deg_analysis.33078686_33.out:    Rewriting h5ad file: ./data/l1000_phase2/deg_data/sep_rep/full/qc_false/filter_min_cells_0/intermediate/CVCL_0031/CVCL_0031_batch_5_de.h5ad
deg_analysis.33078686_33.out:    Removed X matrix
deg_analysis.33078686_33.out:    Rewriting h5ad file is done!
deg_analysis.33078686_33.out:✓ Cell line completed in 4617.4 seconds
deg_analysis.33078686_33.out:
deg_analysis.33078686_33.out:DE analysis completed!
deg_analysis.33078686_33.out:
deg_analysis.33078686_33.out:Total runtime: 4629.8 seconds
deg_analysis.33078686_33.err:
deg_analysis.33078686_33.err:=== 1 Warnings encountered ===
deg_analysis.33078686_33.err:
deg_analysis.33078686_33.err:1. Partial NA coefficients for 978 probe(s)
deg_analysis.33078692_34.out:
deg_analysis.33078692_34.out:DE analysis started...
deg_analysis.33078692_34.out:Loaded input file:  ./data/l1000_phase2/pseudobulk_processed/sep_rep/by_celltype/CVCL_0031/CVCL_0031_processed_batch_6.h5ad
deg_analysis.33078692_34.out:Initial dimensions:  4717  samples ×  978  genes
deg_analysis.33078692_34.out:Filter samples with the low number of cells
deg_analysis.33078692_34.out:    Filter threshold (min_cells):  0
deg_analysis.33078692_34.out:    Found  4717  samples with sentinel value (-666), keeping all
deg_analysis.33078692_34.out:    n_obs:  4717 -->  4717
deg_analysis.33078692_34.out:
deg_analysis.33078692_34.out:▶︎ Processing cell_type:  CVCL_0031
deg_analysis.33078692_34.out:    Filter controls by  pert_time_h  column
deg_analysis.33078692_34.out:        n_obs:  4717 -->  4717
deg_analysis.33078692_34.out:
deg_analysis.33078692_34.out:    Constructing design matrix...
deg_analysis.33078692_34.out:    Design matrix is constructed in 0.4 seconds
deg_analysis.33078692_34.out:    Design matrix dimensions: 4717 samples × 2613 coefficients
deg_analysis.33078692_34.out:    Skipping filtering and normalization (dataset is already normalized)
deg_analysis.33078692_34.out:    Skipping voom transformation (dataset is already normalized)
deg_analysis.33078692_34.out:    Using as.matrix() directly for lmFit (data assumed to be normalized and log-transformed)...
deg_analysis.33078692_34.out:    as.matrix() prepared in 0.0 seconds
deg_analysis.33078692_34.out:    Running lmFit...
deg_analysis.33078692_34.out:Coefficients not estimable: plateLJP006_MCF7_3H_X3_B17 plateLPROT002_MCF7_6H_X1_B22
deg_analysis.33078692_34.out:    LmFit is completed in 33.5 seconds
deg_analysis.33078692_34.out:DGE fit is completed in 34.8 seconds
deg_analysis.33078692_34.out:    Running contrasts...
deg_analysis.33078692_34.out:    Running contrast 1/2502
deg_analysis.33078692_34.out:    Running contrast 51/2502
deg_analysis.33078692_34.out:    Running contrast 101/2502
deg_analysis.33078692_34.out:    Running contrast 151/2502
deg_analysis.33078692_34.out:    Running contrast 201/2502
deg_analysis.33078692_34.out:    Running contrast 251/2502
deg_analysis.33078692_34.out:    Running contrast 301/2502
deg_analysis.33078692_34.out:    Running contrast 351/2502
deg_analysis.33078692_34.out:    Running contrast 401/2502
deg_analysis.33078692_34.out:    Running contrast 451/2502
deg_analysis.33078692_34.out:    Running contrast 501/2502
deg_analysis.33078692_34.out:    Running contrast 551/2502
deg_analysis.33078692_34.out:    Running contrast 601/2502
deg_analysis.33078692_34.out:    Running contrast 651/2502
deg_analysis.33078692_34.out:    Running contrast 701/2502
deg_analysis.33078692_34.out:    Running contrast 751/2502
deg_analysis.33078692_34.out:    Running contrast 801/2502
deg_analysis.33078692_34.out:    Running contrast 851/2502
deg_analysis.33078692_34.out:    Running contrast 901/2502
deg_analysis.33078692_34.out:    Running contrast 951/2502
deg_analysis.33078692_34.out:    Running contrast 1001/2502
deg_analysis.33078692_34.out:    Running contrast 1051/2502
deg_analysis.33078692_34.out:    Running contrast 1101/2502
deg_analysis.33078692_34.out:    Running contrast 1151/2502
deg_analysis.33078692_34.out:    Running contrast 1201/2502
deg_analysis.33078692_34.out:    Running contrast 1251/2502
deg_analysis.33078692_34.out:    Running contrast 1301/2502
deg_analysis.33078692_34.out:    Running contrast 1351/2502
deg_analysis.33078692_34.out:    Running contrast 1401/2502
deg_analysis.33078692_34.out:    Running contrast 1451/2502
deg_analysis.33078692_34.out:    Running contrast 1501/2502
deg_analysis.33078692_34.out:    Running contrast 1551/2502
deg_analysis.33078692_34.out:    Running contrast 1601/2502
deg_analysis.33078692_34.out:    Running contrast 1651/2502
deg_analysis.33078692_34.out:    Running contrast 1701/2502
deg_analysis.33078692_34.out:    Running contrast 1751/2502
deg_analysis.33078692_34.out:    Running contrast 1801/2502
deg_analysis.33078692_34.out:    Running contrast 1851/2502
deg_analysis.33078692_34.out:    Running contrast 1901/2502
deg_analysis.33078692_34.out:    Running contrast 1951/2502
deg_analysis.33078692_34.out:    Running contrast 2001/2502
deg_analysis.33078692_34.out:    Running contrast 2051/2502
deg_analysis.33078692_34.out:    Running contrast 2101/2502
deg_analysis.33078692_34.out:    Running contrast 2151/2502
deg_analysis.33078692_34.out:    Running contrast 2201/2502
deg_analysis.33078692_34.out:    Running contrast 2251/2502
deg_analysis.33078692_34.out:    Running contrast 2301/2502
deg_analysis.33078692_34.out:    Running contrast 2351/2502
deg_analysis.33078692_34.out:    Running contrast 2401/2502
deg_analysis.33078692_34.out:    Running contrast 2451/2502
deg_analysis.33078692_34.out:    Running contrast 2501/2502
deg_analysis.33078692_34.out:    Running contrast 2502/2502
deg_analysis.33078692_34.out:Contrasts are completed in 5684.9 seconds
deg_analysis.33078692_34.out:
deg_analysis.33078692_34.out:    Writing:  ./data/l1000_phase2/deg_data/sep_rep/full/qc_false/filter_min_cells_0/intermediate/CVCL_0031/CVCL_0031_batch_6_de.h5ad
deg_analysis.33078692_34.out:
deg_analysis.33078692_34.out:    Rewriting h5ad file: ./data/l1000_phase2/deg_data/sep_rep/full/qc_false/filter_min_cells_0/intermediate/CVCL_0031/CVCL_0031_batch_6_de.h5ad
deg_analysis.33078692_34.out:    Removed X matrix
deg_analysis.33078692_34.out:    Rewriting h5ad file is done!
deg_analysis.33078692_34.out:✓ Cell line completed in 5732.0 seconds
deg_analysis.33078692_34.out:
deg_analysis.33078692_34.out:DE analysis completed!
deg_analysis.33078692_34.out:
deg_analysis.33078692_34.out:Total runtime: 5746.5 seconds
deg_analysis.33078692_34.err:
deg_analysis.33078692_34.err:=== 1 Warnings encountered ===
deg_analysis.33078692_34.err:
deg_analysis.33078692_34.err:1. Partial NA coefficients for 978 probe(s)
deg_analysis.33078765_35.out:
deg_analysis.33078765_35.out:DE analysis started...
deg_analysis.33078765_35.out:Loaded input file:  ./data/l1000_phase2/pseudobulk_processed/sep_rep/by_celltype/CVCL_0031/CVCL_0031_processed_batch_7.h5ad
deg_analysis.33078765_35.out:Initial dimensions:  4719  samples ×  978  genes
deg_analysis.33078765_35.out:Filter samples with the low number of cells
deg_analysis.33078765_35.out:    Filter threshold (min_cells):  0
deg_analysis.33078765_35.out:    Found  4719  samples with sentinel value (-666), keeping all
deg_analysis.33078765_35.out:    n_obs:  4719 -->  4719
deg_analysis.33078765_35.out:
deg_analysis.33078765_35.out:▶︎ Processing cell_type:  CVCL_0031
deg_analysis.33078765_35.out:    Filter controls by  pert_time_h  column
deg_analysis.33078765_35.out:        n_obs:  4719 -->  4719
deg_analysis.33078765_35.out:
deg_analysis.33078765_35.out:    Constructing design matrix...
deg_analysis.33078765_35.out:    Design matrix is constructed in 0.3 seconds
deg_analysis.33078765_35.out:    Design matrix dimensions: 4719 samples × 2615 coefficients
deg_analysis.33078765_35.out:    Skipping filtering and normalization (dataset is already normalized)
deg_analysis.33078765_35.out:    Skipping voom transformation (dataset is already normalized)
deg_analysis.33078765_35.out:    Using as.matrix() directly for lmFit (data assumed to be normalized and log-transformed)...
deg_analysis.33078765_35.out:    as.matrix() prepared in 0.0 seconds
deg_analysis.33078765_35.out:    Running lmFit...
deg_analysis.33078765_35.out:Coefficients not estimable: plateLJP006_MCF7_3H_X3_B17 plateLPROT002_MCF7_6H_X1_B22
deg_analysis.33078765_35.out:    LmFit is completed in 20.0 seconds
deg_analysis.33078765_35.out:DGE fit is completed in 21.1 seconds
deg_analysis.33078765_35.out:    Running contrasts...
deg_analysis.33078765_35.out:    Running contrast 1/2504
deg_analysis.33078765_35.out:    Running contrast 51/2504
deg_analysis.33078765_35.out:    Running contrast 101/2504
deg_analysis.33078765_35.out:    Running contrast 151/2504
deg_analysis.33078765_35.out:    Running contrast 201/2504
deg_analysis.33078765_35.out:    Running contrast 251/2504
deg_analysis.33078765_35.out:    Running contrast 301/2504
deg_analysis.33078765_35.out:    Running contrast 351/2504
deg_analysis.33078765_35.out:    Running contrast 401/2504
deg_analysis.33078765_35.out:    Running contrast 451/2504
deg_analysis.33078765_35.out:    Running contrast 501/2504
deg_analysis.33078765_35.out:    Running contrast 551/2504
deg_analysis.33078765_35.out:    Running contrast 601/2504
deg_analysis.33078765_35.out:    Running contrast 651/2504
deg_analysis.33078765_35.out:    Running contrast 701/2504
deg_analysis.33078765_35.out:    Running contrast 751/2504
deg_analysis.33078765_35.out:    Running contrast 801/2504
deg_analysis.33078765_35.out:    Running contrast 851/2504
deg_analysis.33078765_35.out:    Running contrast 901/2504
deg_analysis.33078765_35.out:    Running contrast 951/2504
deg_analysis.33078765_35.out:    Running contrast 1001/2504
deg_analysis.33078765_35.out:    Running contrast 1051/2504
deg_analysis.33078765_35.out:    Running contrast 1101/2504
deg_analysis.33078765_35.out:    Running contrast 1151/2504
deg_analysis.33078765_35.out:    Running contrast 1201/2504
deg_analysis.33078765_35.out:    Running contrast 1251/2504
deg_analysis.33078765_35.out:    Running contrast 1301/2504
deg_analysis.33078765_35.out:    Running contrast 1351/2504
deg_analysis.33078765_35.out:    Running contrast 1401/2504
deg_analysis.33078765_35.out:    Running contrast 1451/2504
deg_analysis.33078765_35.out:    Running contrast 1501/2504
deg_analysis.33078765_35.out:    Running contrast 1551/2504
deg_analysis.33078765_35.out:    Running contrast 1601/2504
deg_analysis.33078765_35.out:    Running contrast 1651/2504
deg_analysis.33078765_35.out:    Running contrast 1701/2504
deg_analysis.33078765_35.out:    Running contrast 1751/2504
deg_analysis.33078765_35.out:    Running contrast 1801/2504
deg_analysis.33078765_35.out:    Running contrast 1851/2504
deg_analysis.33078765_35.out:    Running contrast 1901/2504
deg_analysis.33078765_35.out:    Running contrast 1951/2504
deg_analysis.33078765_35.out:    Running contrast 2001/2504
deg_analysis.33078765_35.out:    Running contrast 2051/2504
deg_analysis.33078765_35.out:    Running contrast 2101/2504
deg_analysis.33078765_35.out:    Running contrast 2151/2504
deg_analysis.33078765_35.out:    Running contrast 2201/2504
deg_analysis.33078765_35.out:    Running contrast 2251/2504
deg_analysis.33078765_35.out:    Running contrast 2301/2504
deg_analysis.33078765_35.out:    Running contrast 2351/2504
deg_analysis.33078765_35.out:    Running contrast 2401/2504
deg_analysis.33078765_35.out:    Running contrast 2451/2504
deg_analysis.33078765_35.out:    Running contrast 2501/2504
deg_analysis.33078765_35.out:    Running contrast 2504/2504
deg_analysis.33078765_35.out:Contrasts are completed in 4526.3 seconds
deg_analysis.33078765_35.out:
deg_analysis.33078765_35.out:    Writing:  ./data/l1000_phase2/deg_data/sep_rep/full/qc_false/filter_min_cells_0/intermediate/CVCL_0031/CVCL_0031_batch_7_de.h5ad
deg_analysis.33078765_35.out:
deg_analysis.33078765_35.out:    Rewriting h5ad file: ./data/l1000_phase2/deg_data/sep_rep/full/qc_false/filter_min_cells_0/intermediate/CVCL_0031/CVCL_0031_batch_7_de.h5ad
deg_analysis.33078765_35.out:    Removed X matrix
deg_analysis.33078765_35.out:    Rewriting h5ad file is done!
deg_analysis.33078765_35.out:✓ Cell line completed in 4559.2 seconds
deg_analysis.33078765_35.out:
deg_analysis.33078765_35.out:DE analysis completed!
deg_analysis.33078765_35.out:
deg_analysis.33078765_35.out:Total runtime: 4571.1 seconds
deg_analysis.33078765_35.err:
deg_analysis.33078765_35.err:=== 1 Warnings encountered ===
deg_analysis.33078765_35.err:
deg_analysis.33078765_35.err:1. Partial NA coefficients for 978 probe(s)
deg_analysis.33078929_36.out:
deg_analysis.33078929_36.out:DE analysis started...
deg_analysis.33078929_36.out:Loaded input file:  ./data/l1000_phase2/pseudobulk_processed/sep_rep/by_celltype/CVCL_0031/CVCL_0031_processed_batch_8.h5ad
deg_analysis.33078929_36.out:Initial dimensions:  4715  samples ×  978  genes
deg_analysis.33078929_36.out:Filter samples with the low number of cells
deg_analysis.33078929_36.out:    Filter threshold (min_cells):  0
deg_analysis.33078929_36.out:    Found  4715  samples with sentinel value (-666), keeping all
deg_analysis.33078929_36.out:    n_obs:  4715 -->  4715
deg_analysis.33078929_36.out:
deg_analysis.33078929_36.out:▶︎ Processing cell_type:  CVCL_0031
deg_analysis.33078929_36.out:    Filter controls by  pert_time_h  column
deg_analysis.33078929_36.out:        n_obs:  4715 -->  4715
deg_analysis.33078929_36.out:
deg_analysis.33078929_36.out:    Constructing design matrix...
deg_analysis.33078929_36.out:    Design matrix is constructed in 0.4 seconds
deg_analysis.33078929_36.out:    Design matrix dimensions: 4715 samples × 2611 coefficients
deg_analysis.33078929_36.out:    Skipping filtering and normalization (dataset is already normalized)
deg_analysis.33078929_36.out:    Skipping voom transformation (dataset is already normalized)
deg_analysis.33078929_36.out:    Using as.matrix() directly for lmFit (data assumed to be normalized and log-transformed)...
deg_analysis.33078929_36.out:    as.matrix() prepared in 0.0 seconds
deg_analysis.33078929_36.out:    Running lmFit...
deg_analysis.33078929_36.out:Coefficients not estimable: plateLJP006_MCF7_3H_X3_B17 plateLPROT002_MCF7_6H_X1_B22
deg_analysis.33078929_36.out:    LmFit is completed in 16.3 seconds
deg_analysis.33078929_36.out:DGE fit is completed in 17.5 seconds
deg_analysis.33078929_36.out:    Running contrasts...
deg_analysis.33078929_36.out:    Running contrast 1/2500
deg_analysis.33078929_36.out:    Running contrast 51/2500
deg_analysis.33078929_36.out:    Running contrast 101/2500
deg_analysis.33078929_36.out:    Running contrast 151/2500
deg_analysis.33078929_36.out:    Running contrast 201/2500
deg_analysis.33078929_36.out:    Running contrast 251/2500
deg_analysis.33078929_36.out:    Running contrast 301/2500
deg_analysis.33078929_36.out:    Running contrast 351/2500
deg_analysis.33078929_36.out:    Running contrast 401/2500
deg_analysis.33078929_36.out:    Running contrast 451/2500
deg_analysis.33078929_36.out:    Running contrast 501/2500
deg_analysis.33078929_36.out:    Running contrast 551/2500
deg_analysis.33078929_36.out:    Running contrast 601/2500
deg_analysis.33078929_36.out:    Running contrast 651/2500
deg_analysis.33078929_36.out:    Running contrast 701/2500
deg_analysis.33078929_36.out:    Running contrast 751/2500
deg_analysis.33078929_36.out:    Running contrast 801/2500
deg_analysis.33078929_36.out:    Running contrast 851/2500
deg_analysis.33078929_36.out:    Running contrast 901/2500
deg_analysis.33078929_36.out:    Running contrast 951/2500
deg_analysis.33078929_36.out:    Running contrast 1001/2500
deg_analysis.33078929_36.out:    Running contrast 1051/2500
deg_analysis.33078929_36.out:    Running contrast 1101/2500
deg_analysis.33078929_36.out:    Running contrast 1151/2500
deg_analysis.33078929_36.out:    Running contrast 1201/2500
deg_analysis.33078929_36.out:    Running contrast 1251/2500
deg_analysis.33078929_36.out:    Running contrast 1301/2500
deg_analysis.33078929_36.out:    Running contrast 1351/2500
deg_analysis.33078929_36.out:    Running contrast 1401/2500
deg_analysis.33078929_36.out:    Running contrast 1451/2500
deg_analysis.33078929_36.out:    Running contrast 1501/2500
deg_analysis.33078929_36.out:    Running contrast 1551/2500
deg_analysis.33078929_36.out:    Running contrast 1601/2500
deg_analysis.33078929_36.out:    Running contrast 1651/2500
deg_analysis.33078929_36.out:    Running contrast 1701/2500
deg_analysis.33078929_36.out:    Running contrast 1751/2500
deg_analysis.33078929_36.out:    Running contrast 1801/2500
deg_analysis.33078929_36.out:    Running contrast 1851/2500
deg_analysis.33078929_36.out:    Running contrast 1901/2500
deg_analysis.33078929_36.out:    Running contrast 1951/2500
deg_analysis.33078929_36.out:    Running contrast 2001/2500
deg_analysis.33078929_36.out:    Running contrast 2051/2500
deg_analysis.33078929_36.out:    Running contrast 2101/2500
deg_analysis.33078929_36.out:    Running contrast 2151/2500
deg_analysis.33078929_36.out:    Running contrast 2201/2500
deg_analysis.33078929_36.out:    Running contrast 2251/2500
deg_analysis.33078929_36.out:    Running contrast 2301/2500
deg_analysis.33078929_36.out:    Running contrast 2351/2500
deg_analysis.33078929_36.out:    Running contrast 2401/2500
deg_analysis.33078929_36.out:    Running contrast 2451/2500
deg_analysis.33078929_36.out:    Running contrast 2500/2500
deg_analysis.33078929_36.out:Contrasts are completed in 4124.5 seconds
deg_analysis.33078929_36.out:
deg_analysis.33078929_36.out:    Writing:  ./data/l1000_phase2/deg_data/sep_rep/full/qc_false/filter_min_cells_0/intermediate/CVCL_0031/CVCL_0031_batch_8_de.h5ad
deg_analysis.33078929_36.out:
deg_analysis.33078929_36.out:    Rewriting h5ad file: ./data/l1000_phase2/deg_data/sep_rep/full/qc_false/filter_min_cells_0/intermediate/CVCL_0031/CVCL_0031_batch_8_de.h5ad
deg_analysis.33078929_36.out:    Removed X matrix
deg_analysis.33078929_36.out:    Rewriting h5ad file is done!
deg_analysis.33078929_36.out:✓ Cell line completed in 4154.0 seconds
deg_analysis.33078929_36.out:
deg_analysis.33078929_36.out:DE analysis completed!
deg_analysis.33078929_36.out:
deg_analysis.33078929_36.out:Total runtime: 4166.0 seconds
deg_analysis.33078929_36.err:
deg_analysis.33078929_36.err:=== 1 Warnings encountered ===
deg_analysis.33078929_36.err:
deg_analysis.33078929_36.err:1. Partial NA coefficients for 978 probe(s)
deg_analysis.33078999_37.out:
deg_analysis.33078999_37.out:DE analysis started...
deg_analysis.33078999_37.out:Loaded input file:  ./data/l1000_phase2/pseudobulk_processed/sep_rep/by_celltype/CVCL_0031/CVCL_0031_processed_batch_9.h5ad
deg_analysis.33078999_37.out:Initial dimensions:  4733  samples ×  978  genes
deg_analysis.33078999_37.out:Filter samples with the low number of cells
deg_analysis.33078999_37.out:    Filter threshold (min_cells):  0
deg_analysis.33078999_37.out:    Found  4733  samples with sentinel value (-666), keeping all
deg_analysis.33078999_37.out:    n_obs:  4733 -->  4733
deg_analysis.33078999_37.out:
deg_analysis.33078999_37.out:▶︎ Processing cell_type:  CVCL_0031
deg_analysis.33078999_37.out:    Filter controls by  pert_time_h  column
deg_analysis.33078999_37.out:        n_obs:  4733 -->  4733
deg_analysis.33078999_37.out:
deg_analysis.33078999_37.out:    Constructing design matrix...
deg_analysis.33078999_37.out:    Design matrix is constructed in 0.3 seconds
deg_analysis.33078999_37.out:    Design matrix dimensions: 4733 samples × 2629 coefficients
deg_analysis.33078999_37.out:    Skipping filtering and normalization (dataset is already normalized)
deg_analysis.33078999_37.out:    Skipping voom transformation (dataset is already normalized)
deg_analysis.33078999_37.out:    Using as.matrix() directly for lmFit (data assumed to be normalized and log-transformed)...
deg_analysis.33078999_37.out:    as.matrix() prepared in 0.0 seconds
deg_analysis.33078999_37.out:    Running lmFit...
deg_analysis.33078999_37.out:Coefficients not estimable: plateLJP006_MCF7_3H_X3_B17 plateLPROT002_MCF7_6H_X1_B22
deg_analysis.33078999_37.out:    LmFit is completed in 17.0 seconds
deg_analysis.33078999_37.out:DGE fit is completed in 18.2 seconds
deg_analysis.33078999_37.out:    Running contrasts...
deg_analysis.33078999_37.out:    Running contrast 1/2518
deg_analysis.33078999_37.out:    Running contrast 51/2518
deg_analysis.33078999_37.out:    Running contrast 101/2518
deg_analysis.33078999_37.out:    Running contrast 151/2518
deg_analysis.33078999_37.out:    Running contrast 201/2518
deg_analysis.33078999_37.out:    Running contrast 251/2518
deg_analysis.33078999_37.out:    Running contrast 301/2518
deg_analysis.33078999_37.out:    Running contrast 351/2518
deg_analysis.33078999_37.out:    Running contrast 401/2518
deg_analysis.33078999_37.out:    Running contrast 451/2518
deg_analysis.33078999_37.out:    Running contrast 501/2518
deg_analysis.33078999_37.out:    Running contrast 551/2518
deg_analysis.33078999_37.out:    Running contrast 601/2518
deg_analysis.33078999_37.out:    Running contrast 651/2518
deg_analysis.33078999_37.out:    Running contrast 701/2518
deg_analysis.33078999_37.out:    Running contrast 751/2518
deg_analysis.33078999_37.out:    Running contrast 801/2518
deg_analysis.33078999_37.out:    Running contrast 851/2518
deg_analysis.33078999_37.out:    Running contrast 901/2518
deg_analysis.33078999_37.out:    Running contrast 951/2518
deg_analysis.33078999_37.out:    Running contrast 1001/2518
deg_analysis.33078999_37.out:    Running contrast 1051/2518
deg_analysis.33078999_37.out:    Running contrast 1101/2518
deg_analysis.33078999_37.out:    Running contrast 1151/2518
deg_analysis.33078999_37.out:    Running contrast 1201/2518
deg_analysis.33078999_37.out:    Running contrast 1251/2518
deg_analysis.33078999_37.out:    Running contrast 1301/2518
deg_analysis.33078999_37.out:    Running contrast 1351/2518
deg_analysis.33078999_37.out:    Running contrast 1401/2518
deg_analysis.33078999_37.out:    Running contrast 1451/2518
deg_analysis.33078999_37.out:    Running contrast 1501/2518
deg_analysis.33078999_37.out:    Running contrast 1551/2518
deg_analysis.33078999_37.out:    Running contrast 1601/2518
deg_analysis.33078999_37.out:    Running contrast 1651/2518
deg_analysis.33078999_37.out:    Running contrast 1701/2518
deg_analysis.33078999_37.out:    Running contrast 1751/2518
deg_analysis.33078999_37.out:    Running contrast 1801/2518
deg_analysis.33078999_37.out:    Running contrast 1851/2518
deg_analysis.33078999_37.out:    Running contrast 1901/2518
deg_analysis.33078999_37.out:    Running contrast 1951/2518
deg_analysis.33078999_37.out:    Running contrast 2001/2518
deg_analysis.33078999_37.out:    Running contrast 2051/2518
deg_analysis.33078999_37.out:    Running contrast 2101/2518
deg_analysis.33078999_37.out:    Running contrast 2151/2518
deg_analysis.33078999_37.out:    Running contrast 2201/2518
deg_analysis.33078999_37.out:    Running contrast 2251/2518
deg_analysis.33078999_37.out:    Running contrast 2301/2518
deg_analysis.33078999_37.out:    Running contrast 2351/2518
deg_analysis.33078999_37.out:    Running contrast 2401/2518
deg_analysis.33078999_37.out:    Running contrast 2451/2518
deg_analysis.33078999_37.out:    Running contrast 2501/2518
deg_analysis.33078999_37.out:    Running contrast 2518/2518
deg_analysis.33078999_37.out:Contrasts are completed in 4235.7 seconds
deg_analysis.33078999_37.out:
deg_analysis.33078999_37.out:    Writing:  ./data/l1000_phase2/deg_data/sep_rep/full/qc_false/filter_min_cells_0/intermediate/CVCL_0031/CVCL_0031_batch_9_de.h5ad
deg_analysis.33078999_37.out:
deg_analysis.33078999_37.out:    Rewriting h5ad file: ./data/l1000_phase2/deg_data/sep_rep/full/qc_false/filter_min_cells_0/intermediate/CVCL_0031/CVCL_0031_batch_9_de.h5ad
deg_analysis.33078999_37.out:    Removed X matrix
deg_analysis.33078999_37.out:    Rewriting h5ad file is done!
deg_analysis.33078999_37.out:✓ Cell line completed in 4266.7 seconds
deg_analysis.33078999_37.out:
deg_analysis.33078999_37.out:DE analysis completed!
deg_analysis.33078999_37.out:
deg_analysis.33078999_37.out:Total runtime: 4278.4 seconds
deg_analysis.33078999_37.err:
deg_analysis.33078999_37.err:=== 1 Warnings encountered ===
deg_analysis.33078999_37.err:
deg_analysis.33078999_37.err:1. Partial NA coefficients for 978 probe(s)
deg_analysis.33079003_38.out:
deg_analysis.33079003_38.out:DE analysis started...
deg_analysis.33079003_38.out:Loaded input file:  ./data/l1000_phase2/pseudobulk_processed/sep_rep/by_celltype/CVCL_0033/CVCL_0033_processed_batch_1.h5ad
deg_analysis.33079003_38.out:Initial dimensions:  2813  samples ×  978  genes
deg_analysis.33079003_38.out:Filter samples with the low number of cells
deg_analysis.33079003_38.out:    Filter threshold (min_cells):  0
deg_analysis.33079003_38.out:    Found  2813  samples with sentinel value (-666), keeping all
deg_analysis.33079003_38.out:    n_obs:  2813 -->  2813
deg_analysis.33079003_38.out:
deg_analysis.33079003_38.out:▶︎ Processing cell_type:  CVCL_0033
deg_analysis.33079003_38.out:    Filter controls by  pert_time_h  column
deg_analysis.33079003_38.out:        n_obs:  2813 -->  2813
deg_analysis.33079003_38.out:
deg_analysis.33079003_38.out:    Constructing design matrix...
deg_analysis.33079003_38.out:    Design matrix is constructed in 0.3 seconds
deg_analysis.33079003_38.out:    Design matrix dimensions: 2813 samples × 2530 coefficients
deg_analysis.33079003_38.out:    Skipping filtering and normalization (dataset is already normalized)
deg_analysis.33079003_38.out:    Skipping voom transformation (dataset is already normalized)
deg_analysis.33079003_38.out:    Using as.matrix() directly for lmFit (data assumed to be normalized and log-transformed)...
deg_analysis.33079003_38.out:    as.matrix() prepared in 0.0 seconds
deg_analysis.33079003_38.out:    Running lmFit...
deg_analysis.33079003_38.out:Coefficients not estimable: plateLJP006_SKBR3_3H_X3_B17
deg_analysis.33079003_38.out:    LmFit is completed in 9.4 seconds
deg_analysis.33079003_38.out:DGE fit is completed in 10.1 seconds
deg_analysis.33079003_38.out:    Running contrasts...
deg_analysis.33079003_38.out:    Running contrast 1/2517
deg_analysis.33079003_38.out:    Running contrast 51/2517
deg_analysis.33079003_38.out:    Running contrast 101/2517
deg_analysis.33079003_38.out:    Running contrast 151/2517
deg_analysis.33079003_38.out:    Running contrast 201/2517
deg_analysis.33079003_38.out:    Running contrast 251/2517
deg_analysis.33079003_38.out:    Running contrast 301/2517
deg_analysis.33079003_38.out:    Running contrast 351/2517
deg_analysis.33079003_38.out:    Running contrast 401/2517
deg_analysis.33079003_38.out:    Running contrast 451/2517
deg_analysis.33079003_38.out:    Running contrast 501/2517
deg_analysis.33079003_38.out:    Running contrast 551/2517
deg_analysis.33079003_38.out:    Running contrast 601/2517
deg_analysis.33079003_38.out:    Running contrast 651/2517
deg_analysis.33079003_38.out:    Running contrast 701/2517
deg_analysis.33079003_38.out:    Running contrast 751/2517
deg_analysis.33079003_38.out:    Running contrast 801/2517
deg_analysis.33079003_38.out:    Running contrast 851/2517
deg_analysis.33079003_38.out:    Running contrast 901/2517
deg_analysis.33079003_38.out:    Running contrast 951/2517
deg_analysis.33079003_38.out:    Running contrast 1001/2517
deg_analysis.33079003_38.out:    Running contrast 1051/2517
deg_analysis.33079003_38.out:    Running contrast 1101/2517
deg_analysis.33079003_38.out:    Running contrast 1151/2517
deg_analysis.33079003_38.out:    Running contrast 1201/2517
deg_analysis.33079003_38.out:    Running contrast 1251/2517
deg_analysis.33079003_38.out:    Running contrast 1301/2517
deg_analysis.33079003_38.out:    Running contrast 1351/2517
deg_analysis.33079003_38.out:    Running contrast 1401/2517
deg_analysis.33079003_38.out:    Running contrast 1451/2517
deg_analysis.33079003_38.out:    Running contrast 1501/2517
deg_analysis.33079003_38.out:    Running contrast 1551/2517
deg_analysis.33079003_38.out:    Running contrast 1601/2517
deg_analysis.33079003_38.out:    Running contrast 1651/2517
deg_analysis.33079003_38.out:    Running contrast 1701/2517
deg_analysis.33079003_38.out:    Running contrast 1751/2517
deg_analysis.33079003_38.out:    Running contrast 1801/2517
deg_analysis.33079003_38.out:    Running contrast 1851/2517
deg_analysis.33079003_38.out:    Running contrast 1901/2517
deg_analysis.33079003_38.out:    Running contrast 1951/2517
deg_analysis.33079003_38.out:    Running contrast 2001/2517
deg_analysis.33079003_38.out:    Running contrast 2051/2517
deg_analysis.33079003_38.out:    Running contrast 2101/2517
deg_analysis.33079003_38.out:    Running contrast 2151/2517
deg_analysis.33079003_38.out:    Running contrast 2201/2517
deg_analysis.33079003_38.out:    Running contrast 2251/2517
deg_analysis.33079003_38.out:    Running contrast 2301/2517
deg_analysis.33079003_38.out:    Running contrast 2351/2517
deg_analysis.33079003_38.out:    Running contrast 2401/2517
deg_analysis.33079003_38.out:    Running contrast 2451/2517
deg_analysis.33079003_38.out:    Running contrast 2501/2517
deg_analysis.33079003_38.out:    Running contrast 2517/2517
deg_analysis.33079003_38.out:Contrasts are completed in 3338.8 seconds
deg_analysis.33079003_38.out:
deg_analysis.33079003_38.out:    Writing:  ./data/l1000_phase2/deg_data/sep_rep/full/qc_false/filter_min_cells_0/intermediate/CVCL_0033/CVCL_0033_batch_1_de.h5ad
deg_analysis.33079003_38.out:
deg_analysis.33079003_38.out:    Rewriting h5ad file: ./data/l1000_phase2/deg_data/sep_rep/full/qc_false/filter_min_cells_0/intermediate/CVCL_0033/CVCL_0033_batch_1_de.h5ad
deg_analysis.33079003_38.out:    Removed X matrix
deg_analysis.33079003_38.out:    Rewriting h5ad file is done!
deg_analysis.33079003_38.out:✓ Cell line completed in 3363.3 seconds
deg_analysis.33079003_38.out:
deg_analysis.33079003_38.out:DE analysis completed!
deg_analysis.33079003_38.out:
deg_analysis.33079003_38.out:Total runtime: 3371.2 seconds
deg_analysis.33079003_38.err:
deg_analysis.33079003_38.err:=== 1 Warnings encountered ===
deg_analysis.33079003_38.err:
deg_analysis.33079003_38.err:1. Partial NA coefficients for 978 probe(s)
deg_analysis.33079007_39.out:
deg_analysis.33079007_39.out:DE analysis started...
deg_analysis.33079007_39.out:Loaded input file:  ./data/l1000_phase2/pseudobulk_processed/sep_rep/by_celltype/CVCL_0033/CVCL_0033_processed_batch_2.h5ad
deg_analysis.33079007_39.out:Initial dimensions:  2805  samples ×  978  genes
deg_analysis.33079007_39.out:Filter samples with the low number of cells
deg_analysis.33079007_39.out:    Filter threshold (min_cells):  0
deg_analysis.33079007_39.out:    Found  2805  samples with sentinel value (-666), keeping all
deg_analysis.33079007_39.out:    n_obs:  2805 -->  2805
deg_analysis.33079007_39.out:
deg_analysis.33079007_39.out:▶︎ Processing cell_type:  CVCL_0033
deg_analysis.33079007_39.out:    Filter controls by  pert_time_h  column
deg_analysis.33079007_39.out:        n_obs:  2805 -->  2805
deg_analysis.33079007_39.out:
deg_analysis.33079007_39.out:    Constructing design matrix...
deg_analysis.33079007_39.out:    Design matrix is constructed in 0.4 seconds
deg_analysis.33079007_39.out:    Design matrix dimensions: 2805 samples × 2522 coefficients
deg_analysis.33079007_39.out:    Skipping filtering and normalization (dataset is already normalized)
deg_analysis.33079007_39.out:    Skipping voom transformation (dataset is already normalized)
deg_analysis.33079007_39.out:    Using as.matrix() directly for lmFit (data assumed to be normalized and log-transformed)...
deg_analysis.33079007_39.out:    as.matrix() prepared in 0.0 seconds
deg_analysis.33079007_39.out:    Running lmFit...
deg_analysis.33079007_39.out:Coefficients not estimable: plateLJP006_SKBR3_3H_X3_B17
deg_analysis.33079007_39.out:    LmFit is completed in 9.6 seconds
deg_analysis.33079007_39.out:DGE fit is completed in 10.5 seconds
deg_analysis.33079007_39.out:    Running contrasts...
deg_analysis.33079007_39.out:    Running contrast 1/2509
deg_analysis.33079007_39.out:    Running contrast 51/2509
deg_analysis.33079007_39.out:    Running contrast 101/2509
deg_analysis.33079007_39.out:    Running contrast 151/2509
deg_analysis.33079007_39.out:    Running contrast 201/2509
deg_analysis.33079007_39.out:    Running contrast 251/2509
deg_analysis.33079007_39.out:    Running contrast 301/2509
deg_analysis.33079007_39.out:    Running contrast 351/2509
deg_analysis.33079007_39.out:    Running contrast 401/2509
deg_analysis.33079007_39.out:    Running contrast 451/2509
deg_analysis.33079007_39.out:    Running contrast 501/2509
deg_analysis.33079007_39.out:    Running contrast 551/2509
deg_analysis.33079007_39.out:    Running contrast 601/2509
deg_analysis.33079007_39.out:    Running contrast 651/2509
deg_analysis.33079007_39.out:    Running contrast 701/2509
deg_analysis.33079007_39.out:    Running contrast 751/2509
deg_analysis.33079007_39.out:    Running contrast 801/2509
deg_analysis.33079007_39.out:    Running contrast 851/2509
deg_analysis.33079007_39.out:    Running contrast 901/2509
deg_analysis.33079007_39.out:    Running contrast 951/2509
deg_analysis.33079007_39.out:    Running contrast 1001/2509
deg_analysis.33079007_39.out:    Running contrast 1051/2509
deg_analysis.33079007_39.out:    Running contrast 1101/2509
deg_analysis.33079007_39.out:    Running contrast 1151/2509
deg_analysis.33079007_39.out:    Running contrast 1201/2509
deg_analysis.33079007_39.out:    Running contrast 1251/2509
deg_analysis.33079007_39.out:    Running contrast 1301/2509
deg_analysis.33079007_39.out:    Running contrast 1351/2509
deg_analysis.33079007_39.out:    Running contrast 1401/2509
deg_analysis.33079007_39.out:    Running contrast 1451/2509
deg_analysis.33079007_39.out:    Running contrast 1501/2509
deg_analysis.33079007_39.out:    Running contrast 1551/2509
deg_analysis.33079007_39.out:    Running contrast 1601/2509
deg_analysis.33079007_39.out:    Running contrast 1651/2509
deg_analysis.33079007_39.out:    Running contrast 1701/2509
deg_analysis.33079007_39.out:    Running contrast 1751/2509
deg_analysis.33079007_39.out:    Running contrast 1801/2509
deg_analysis.33079007_39.out:    Running contrast 1851/2509
deg_analysis.33079007_39.out:    Running contrast 1901/2509
deg_analysis.33079007_39.out:    Running contrast 1951/2509
deg_analysis.33079007_39.out:    Running contrast 2001/2509
deg_analysis.33079007_39.out:    Running contrast 2051/2509
deg_analysis.33079007_39.out:    Running contrast 2101/2509
deg_analysis.33079007_39.out:    Running contrast 2151/2509
deg_analysis.33079007_39.out:    Running contrast 2201/2509
deg_analysis.33079007_39.out:    Running contrast 2251/2509
deg_analysis.33079007_39.out:    Running contrast 2301/2509
deg_analysis.33079007_39.out:    Running contrast 2351/2509
deg_analysis.33079007_39.out:    Running contrast 2401/2509
deg_analysis.33079007_39.out:    Running contrast 2451/2509
deg_analysis.33079007_39.out:    Running contrast 2501/2509
deg_analysis.33079007_39.out:    Running contrast 2509/2509
deg_analysis.33079007_39.out:Contrasts are completed in 5098.0 seconds
deg_analysis.33079007_39.out:
deg_analysis.33079007_39.out:    Writing:  ./data/l1000_phase2/deg_data/sep_rep/full/qc_false/filter_min_cells_0/intermediate/CVCL_0033/CVCL_0033_batch_2_de.h5ad
deg_analysis.33079007_39.out:
deg_analysis.33079007_39.out:    Rewriting h5ad file: ./data/l1000_phase2/deg_data/sep_rep/full/qc_false/filter_min_cells_0/intermediate/CVCL_0033/CVCL_0033_batch_2_de.h5ad
deg_analysis.33079007_39.out:    Removed X matrix
deg_analysis.33079007_39.out:    Rewriting h5ad file is done!
deg_analysis.33079007_39.out:✓ Cell line completed in 5123.7 seconds
deg_analysis.33079007_39.out:
deg_analysis.33079007_39.out:DE analysis completed!
deg_analysis.33079007_39.out:
deg_analysis.33079007_39.out:Total runtime: 5132.5 seconds
deg_analysis.33079007_39.err:During startup - Warning messages:
deg_analysis.33079007_39.err:1: Setting LC_CTYPE failed, using "C"
deg_analysis.33079007_39.err:2: Setting LC_COLLATE failed, using "C"
deg_analysis.33079007_39.err:3: Setting LC_TIME failed, using "C"
deg_analysis.33079007_39.err:4: Setting LC_MESSAGES failed, using "C"
deg_analysis.33079007_39.err:5: Setting LC_MONETARY failed, using "C"
deg_analysis.33079007_39.err:6: Setting LC_PAPER failed, using "C"
deg_analysis.33079007_39.err:7: Setting LC_MEASUREMENT failed, using "C"
deg_analysis.33079007_39.err:
deg_analysis.33079007_39.err:=== 1 Warnings encountered ===
deg_analysis.33079007_39.err:
deg_analysis.33079007_39.err:1. Partial NA coefficients for 978 probe(s)
deg_analysis.33079008_40.out:
deg_analysis.33079008_40.out:DE analysis started...
deg_analysis.33079008_40.out:Loaded input file:  ./data/l1000_phase2/pseudobulk_processed/sep_rep/by_celltype/CVCL_0035/CVCL_0035_processed_batch_10.h5ad
deg_analysis.33079008_40.out:Initial dimensions:  4516  samples ×  978  genes
deg_analysis.33079008_40.out:Filter samples with the low number of cells
deg_analysis.33079008_40.out:    Filter threshold (min_cells):  0
deg_analysis.33079008_40.out:    Found  4516  samples with sentinel value (-666), keeping all
deg_analysis.33079008_40.out:    n_obs:  4516 -->  4516
deg_analysis.33079008_40.out:
deg_analysis.33079008_40.out:▶︎ Processing cell_type:  CVCL_0035
deg_analysis.33079008_40.out:    Filter controls by  pert_time_h  column
deg_analysis.33079008_40.out:        n_obs:  4516 -->  4516
deg_analysis.33079008_40.out:
deg_analysis.33079008_40.out:    Constructing design matrix...
deg_analysis.33079008_40.out:    Design matrix is constructed in 0.4 seconds
deg_analysis.33079008_40.out:    Design matrix dimensions: 4516 samples × 2618 coefficients
deg_analysis.33079008_40.out:    Skipping filtering and normalization (dataset is already normalized)
deg_analysis.33079008_40.out:    Skipping voom transformation (dataset is already normalized)
deg_analysis.33079008_40.out:    Using as.matrix() directly for lmFit (data assumed to be normalized and log-transformed)...
deg_analysis.33079008_40.out:    as.matrix() prepared in 0.0 seconds
deg_analysis.33079008_40.out:    Running lmFit...
deg_analysis.33079008_40.out:Coefficients not estimable: plateLPROT003_PC3_6H_X1.A2_B22
deg_analysis.33079008_40.out:    LmFit is completed in 29.2 seconds
deg_analysis.33079008_40.out:DGE fit is completed in 30.4 seconds
deg_analysis.33079008_40.out:    Running contrasts...
deg_analysis.33079008_40.out:    Running contrast 1/2517
deg_analysis.33079008_40.out:    Running contrast 51/2517
deg_analysis.33079008_40.out:    Running contrast 101/2517
deg_analysis.33079008_40.out:    Running contrast 151/2517
deg_analysis.33079008_40.out:    Running contrast 201/2517
deg_analysis.33079008_40.out:    Running contrast 251/2517
deg_analysis.33079008_40.out:    Running contrast 301/2517
deg_analysis.33079008_40.out:    Running contrast 351/2517
deg_analysis.33079008_40.out:    Running contrast 401/2517
deg_analysis.33079008_40.out:    Running contrast 451/2517
deg_analysis.33079008_40.out:    Running contrast 501/2517
deg_analysis.33079008_40.out:    Running contrast 551/2517
deg_analysis.33079008_40.out:    Running contrast 601/2517
deg_analysis.33079008_40.out:    Running contrast 651/2517
deg_analysis.33079008_40.out:    Running contrast 701/2517
deg_analysis.33079008_40.out:    Running contrast 751/2517
deg_analysis.33079008_40.out:    Running contrast 801/2517
deg_analysis.33079008_40.out:    Running contrast 851/2517
deg_analysis.33079008_40.out:    Running contrast 901/2517
deg_analysis.33079008_40.out:    Running contrast 951/2517
deg_analysis.33079008_40.out:    Running contrast 1001/2517
deg_analysis.33079008_40.out:    Running contrast 1051/2517
deg_analysis.33079008_40.out:    Running contrast 1101/2517
deg_analysis.33079008_40.out:    Running contrast 1151/2517
deg_analysis.33079008_40.out:    Running contrast 1201/2517
deg_analysis.33079008_40.out:    Running contrast 1251/2517
deg_analysis.33079008_40.out:    Running contrast 1301/2517
deg_analysis.33079008_40.out:    Running contrast 1351/2517
deg_analysis.33079008_40.out:    Running contrast 1401/2517
deg_analysis.33079008_40.out:    Running contrast 1451/2517
deg_analysis.33079008_40.out:    Running contrast 1501/2517
deg_analysis.33079008_40.out:    Running contrast 1551/2517
deg_analysis.33079008_40.out:    Running contrast 1601/2517
deg_analysis.33079008_40.out:    Running contrast 1651/2517
deg_analysis.33079008_40.out:    Running contrast 1701/2517
deg_analysis.33079008_40.out:    Running contrast 1751/2517
deg_analysis.33079008_40.out:    Running contrast 1801/2517
deg_analysis.33079008_40.out:    Running contrast 1851/2517
deg_analysis.33079008_40.out:    Running contrast 1901/2517
deg_analysis.33079008_40.out:    Running contrast 1951/2517
deg_analysis.33079008_40.out:    Running contrast 2001/2517
deg_analysis.33079008_40.out:    Running contrast 2051/2517
deg_analysis.33079008_40.out:    Running contrast 2101/2517
deg_analysis.33079008_40.out:    Running contrast 2151/2517
deg_analysis.33079008_40.out:    Running contrast 2201/2517
deg_analysis.33079008_40.out:    Running contrast 2251/2517
deg_analysis.33079008_40.out:    Running contrast 2301/2517
deg_analysis.33079008_40.out:    Running contrast 2351/2517
deg_analysis.33079008_40.out:    Running contrast 2401/2517
deg_analysis.33079008_40.out:    Running contrast 2451/2517
deg_analysis.33079008_40.out:    Running contrast 2501/2517
deg_analysis.33079008_40.out:    Running contrast 2517/2517
deg_analysis.33079008_40.out:Contrasts are completed in 6070.1 seconds
deg_analysis.33079008_40.out:
deg_analysis.33079008_40.out:    Writing:  ./data/l1000_phase2/deg_data/sep_rep/full/qc_false/filter_min_cells_0/intermediate/CVCL_0035/CVCL_0035_batch_10_de.h5ad
deg_analysis.33079008_40.out:
deg_analysis.33079008_40.out:    Rewriting h5ad file: ./data/l1000_phase2/deg_data/sep_rep/full/qc_false/filter_min_cells_0/intermediate/CVCL_0035/CVCL_0035_batch_10_de.h5ad
deg_analysis.33079008_40.out:    Removed X matrix
deg_analysis.33079008_40.out:    Rewriting h5ad file is done!
deg_analysis.33079008_40.out:✓ Cell line completed in 6116.9 seconds
deg_analysis.33079008_40.out:
deg_analysis.33079008_40.out:DE analysis completed!
deg_analysis.33079008_40.out:
deg_analysis.33079008_40.out:Total runtime: 6125.8 seconds
deg_analysis.33079008_40.err:During startup - Warning messages:
deg_analysis.33079008_40.err:1: Setting LC_CTYPE failed, using "C"
deg_analysis.33079008_40.err:2: Setting LC_COLLATE failed, using "C"
deg_analysis.33079008_40.err:3: Setting LC_TIME failed, using "C"
deg_analysis.33079008_40.err:4: Setting LC_MESSAGES failed, using "C"
deg_analysis.33079008_40.err:5: Setting LC_MONETARY failed, using "C"
deg_analysis.33079008_40.err:6: Setting LC_PAPER failed, using "C"
deg_analysis.33079008_40.err:7: Setting LC_MEASUREMENT failed, using "C"
deg_analysis.33079008_40.err:
deg_analysis.33079008_40.err:=== 1 Warnings encountered ===
deg_analysis.33079008_40.err:
deg_analysis.33079008_40.err:1. Partial NA coefficients for 978 probe(s)
deg_analysis.33079009_41.out:
deg_analysis.33079009_41.out:DE analysis started...
deg_analysis.33079009_41.out:Loaded input file:  ./data/l1000_phase2/pseudobulk_processed/sep_rep/by_celltype/CVCL_0035/CVCL_0035_processed_batch_11.h5ad
deg_analysis.33079009_41.out:Initial dimensions:  4500  samples ×  978  genes
deg_analysis.33079009_41.out:Filter samples with the low number of cells
deg_analysis.33079009_41.out:    Filter threshold (min_cells):  0
deg_analysis.33079009_41.out:    Found  4500  samples with sentinel value (-666), keeping all
deg_analysis.33079009_41.out:    n_obs:  4500 -->  4500
deg_analysis.33079009_41.out:
deg_analysis.33079009_41.out:▶︎ Processing cell_type:  CVCL_0035
deg_analysis.33079009_41.out:    Filter controls by  pert_time_h  column
deg_analysis.33079009_41.out:        n_obs:  4500 -->  4500
deg_analysis.33079009_41.out:
deg_analysis.33079009_41.out:    Constructing design matrix...
deg_analysis.33079009_41.out:    Design matrix is constructed in 0.4 seconds
deg_analysis.33079009_41.out:    Design matrix dimensions: 4500 samples × 2602 coefficients
deg_analysis.33079009_41.out:    Skipping filtering and normalization (dataset is already normalized)
deg_analysis.33079009_41.out:    Skipping voom transformation (dataset is already normalized)
deg_analysis.33079009_41.out:    Using as.matrix() directly for lmFit (data assumed to be normalized and log-transformed)...
deg_analysis.33079009_41.out:    as.matrix() prepared in 0.0 seconds
deg_analysis.33079009_41.out:    Running lmFit...
deg_analysis.33079009_41.out:Coefficients not estimable: plateLPROT003_PC3_6H_X1.A2_B22
deg_analysis.33079009_41.out:    LmFit is completed in 35.5 seconds
deg_analysis.33079009_41.out:DGE fit is completed in 36.8 seconds
deg_analysis.33079009_41.out:    Running contrasts...
deg_analysis.33079009_41.out:    Running contrast 1/2501
deg_analysis.33079009_41.out:    Running contrast 51/2501
deg_analysis.33079009_41.out:    Running contrast 101/2501
deg_analysis.33079009_41.out:    Running contrast 151/2501
deg_analysis.33079009_41.out:    Running contrast 201/2501
deg_analysis.33079009_41.out:    Running contrast 251/2501
deg_analysis.33079009_41.out:    Running contrast 301/2501
deg_analysis.33079009_41.out:    Running contrast 351/2501
deg_analysis.33079009_41.out:    Running contrast 401/2501
deg_analysis.33079009_41.out:    Running contrast 451/2501
deg_analysis.33079009_41.out:    Running contrast 501/2501
deg_analysis.33079009_41.out:    Running contrast 551/2501
deg_analysis.33079009_41.out:    Running contrast 601/2501
deg_analysis.33079009_41.out:    Running contrast 651/2501
deg_analysis.33079009_41.out:    Running contrast 701/2501
deg_analysis.33079009_41.out:    Running contrast 751/2501
deg_analysis.33079009_41.out:    Running contrast 801/2501
deg_analysis.33079009_41.out:    Running contrast 851/2501
deg_analysis.33079009_41.out:    Running contrast 901/2501
deg_analysis.33079009_41.out:    Running contrast 951/2501
deg_analysis.33079009_41.out:    Running contrast 1001/2501
deg_analysis.33079009_41.out:    Running contrast 1051/2501
deg_analysis.33079009_41.out:    Running contrast 1101/2501
deg_analysis.33079009_41.out:    Running contrast 1151/2501
deg_analysis.33079009_41.out:    Running contrast 1201/2501
deg_analysis.33079009_41.out:    Running contrast 1251/2501
deg_analysis.33079009_41.out:    Running contrast 1301/2501
deg_analysis.33079009_41.out:    Running contrast 1351/2501
deg_analysis.33079009_41.out:    Running contrast 1401/2501
deg_analysis.33079009_41.out:    Running contrast 1451/2501
deg_analysis.33079009_41.out:    Running contrast 1501/2501
deg_analysis.33079009_41.out:    Running contrast 1551/2501
deg_analysis.33079009_41.out:    Running contrast 1601/2501
deg_analysis.33079009_41.out:    Running contrast 1651/2501
deg_analysis.33079009_41.out:    Running contrast 1701/2501
deg_analysis.33079009_41.out:    Running contrast 1751/2501
deg_analysis.33079009_41.out:    Running contrast 1801/2501
deg_analysis.33079009_41.out:    Running contrast 1851/2501
deg_analysis.33079009_41.out:    Running contrast 1901/2501
deg_analysis.33079009_41.out:    Running contrast 1951/2501
deg_analysis.33079009_41.out:    Running contrast 2001/2501
deg_analysis.33079009_41.out:    Running contrast 2051/2501
deg_analysis.33079009_41.out:    Running contrast 2101/2501
deg_analysis.33079009_41.out:    Running contrast 2151/2501
deg_analysis.33079009_41.out:    Running contrast 2201/2501
deg_analysis.33079009_41.out:    Running contrast 2251/2501
deg_analysis.33079009_41.out:    Running contrast 2301/2501
deg_analysis.33079009_41.out:    Running contrast 2351/2501
deg_analysis.33079009_41.out:    Running contrast 2401/2501
deg_analysis.33079009_41.out:    Running contrast 2451/2501
deg_analysis.33079009_41.out:    Running contrast 2501/2501
deg_analysis.33079009_41.out:Contrasts are completed in 6119.5 seconds
deg_analysis.33079009_41.out:
deg_analysis.33079009_41.out:    Writing:  ./data/l1000_phase2/deg_data/sep_rep/full/qc_false/filter_min_cells_0/intermediate/CVCL_0035/CVCL_0035_batch_11_de.h5ad
deg_analysis.33079009_41.out:
deg_analysis.33079009_41.out:    Rewriting h5ad file: ./data/l1000_phase2/deg_data/sep_rep/full/qc_false/filter_min_cells_0/intermediate/CVCL_0035/CVCL_0035_batch_11_de.h5ad
deg_analysis.33079009_41.out:    Removed X matrix
deg_analysis.33079009_41.out:    Rewriting h5ad file is done!
deg_analysis.33079009_41.out:✓ Cell line completed in 6173.8 seconds
deg_analysis.33079009_41.out:
deg_analysis.33079009_41.out:DE analysis completed!
deg_analysis.33079009_41.out:
deg_analysis.33079009_41.out:Total runtime: 6183.4 seconds
deg_analysis.33079009_41.err:
deg_analysis.33079009_41.err:=== 1 Warnings encountered ===
deg_analysis.33079009_41.err:
deg_analysis.33079009_41.err:1. Partial NA coefficients for 978 probe(s)
deg_analysis.33079010_42.out:
deg_analysis.33079010_42.out:DE analysis started...
deg_analysis.33079010_42.out:Loaded input file:  ./data/l1000_phase2/pseudobulk_processed/sep_rep/by_celltype/CVCL_0035/CVCL_0035_processed_batch_12.h5ad
deg_analysis.33079010_42.out:Initial dimensions:  4514  samples ×  978  genes
deg_analysis.33079010_42.out:Filter samples with the low number of cells
deg_analysis.33079010_42.out:    Filter threshold (min_cells):  0
deg_analysis.33079010_42.out:    Found  4514  samples with sentinel value (-666), keeping all
deg_analysis.33079010_42.out:    n_obs:  4514 -->  4514
deg_analysis.33079010_42.out:
deg_analysis.33079010_42.out:▶︎ Processing cell_type:  CVCL_0035
deg_analysis.33079010_42.out:    Filter controls by  pert_time_h  column
deg_analysis.33079010_42.out:        n_obs:  4514 -->  4514
deg_analysis.33079010_42.out:
deg_analysis.33079010_42.out:    Constructing design matrix...
deg_analysis.33079010_42.out:    Design matrix is constructed in 0.4 seconds
deg_analysis.33079010_42.out:    Design matrix dimensions: 4514 samples × 2616 coefficients
deg_analysis.33079010_42.out:    Skipping filtering and normalization (dataset is already normalized)
deg_analysis.33079010_42.out:    Skipping voom transformation (dataset is already normalized)
deg_analysis.33079010_42.out:    Using as.matrix() directly for lmFit (data assumed to be normalized and log-transformed)...
deg_analysis.33079010_42.out:    as.matrix() prepared in 0.0 seconds
deg_analysis.33079010_42.out:    Running lmFit...
deg_analysis.33079010_42.out:Coefficients not estimable: plateLPROT003_PC3_6H_X1.A2_B22
deg_analysis.33079010_42.out:    LmFit is completed in 36.0 seconds
deg_analysis.33079010_42.out:DGE fit is completed in 37.3 seconds
deg_analysis.33079010_42.out:    Running contrasts...
deg_analysis.33079010_42.out:    Running contrast 1/2515
deg_analysis.33079010_42.out:    Running contrast 51/2515
deg_analysis.33079010_42.out:    Running contrast 101/2515
deg_analysis.33079010_42.out:    Running contrast 151/2515
deg_analysis.33079010_42.out:    Running contrast 201/2515
deg_analysis.33079010_42.out:    Running contrast 251/2515
deg_analysis.33079010_42.out:    Running contrast 301/2515
deg_analysis.33079010_42.out:    Running contrast 351/2515
deg_analysis.33079010_42.out:    Running contrast 401/2515
deg_analysis.33079010_42.out:    Running contrast 451/2515
deg_analysis.33079010_42.out:    Running contrast 501/2515
deg_analysis.33079010_42.out:    Running contrast 551/2515
deg_analysis.33079010_42.out:    Running contrast 601/2515
deg_analysis.33079010_42.out:    Running contrast 651/2515
deg_analysis.33079010_42.out:    Running contrast 701/2515
deg_analysis.33079010_42.out:    Running contrast 751/2515
deg_analysis.33079010_42.out:    Running contrast 801/2515
deg_analysis.33079010_42.out:    Running contrast 851/2515
deg_analysis.33079010_42.out:    Running contrast 901/2515
deg_analysis.33079010_42.out:    Running contrast 951/2515
deg_analysis.33079010_42.out:    Running contrast 1001/2515
deg_analysis.33079010_42.out:    Running contrast 1051/2515
deg_analysis.33079010_42.out:    Running contrast 1101/2515
deg_analysis.33079010_42.out:    Running contrast 1151/2515
deg_analysis.33079010_42.out:    Running contrast 1201/2515
deg_analysis.33079010_42.out:    Running contrast 1251/2515
deg_analysis.33079010_42.out:    Running contrast 1301/2515
deg_analysis.33079010_42.out:    Running contrast 1351/2515
deg_analysis.33079010_42.out:    Running contrast 1401/2515
deg_analysis.33079010_42.out:    Running contrast 1451/2515
deg_analysis.33079010_42.out:    Running contrast 1501/2515
deg_analysis.33079010_42.out:    Running contrast 1551/2515
deg_analysis.33079010_42.out:    Running contrast 1601/2515
deg_analysis.33079010_42.out:    Running contrast 1651/2515
deg_analysis.33079010_42.out:    Running contrast 1701/2515
deg_analysis.33079010_42.out:    Running contrast 1751/2515
deg_analysis.33079010_42.out:    Running contrast 1801/2515
deg_analysis.33079010_42.out:    Running contrast 1851/2515
deg_analysis.33079010_42.out:    Running contrast 1901/2515
deg_analysis.33079010_42.out:    Running contrast 1951/2515
deg_analysis.33079010_42.out:    Running contrast 2001/2515
deg_analysis.33079010_42.out:    Running contrast 2051/2515
deg_analysis.33079010_42.out:    Running contrast 2101/2515
deg_analysis.33079010_42.out:    Running contrast 2151/2515
deg_analysis.33079010_42.out:    Running contrast 2201/2515
deg_analysis.33079010_42.out:    Running contrast 2251/2515
deg_analysis.33079010_42.out:    Running contrast 2301/2515
deg_analysis.33079010_42.out:    Running contrast 2351/2515
deg_analysis.33079010_42.out:    Running contrast 2401/2515
deg_analysis.33079010_42.out:    Running contrast 2451/2515
deg_analysis.33079010_42.out:    Running contrast 2501/2515
deg_analysis.33079010_42.out:    Running contrast 2515/2515
deg_analysis.33079010_42.out:Contrasts are completed in 6181.9 seconds
deg_analysis.33079010_42.out:
deg_analysis.33079010_42.out:    Writing:  ./data/l1000_phase2/deg_data/sep_rep/full/qc_false/filter_min_cells_0/intermediate/CVCL_0035/CVCL_0035_batch_12_de.h5ad
deg_analysis.33079010_42.out:
deg_analysis.33079010_42.out:    Rewriting h5ad file: ./data/l1000_phase2/deg_data/sep_rep/full/qc_false/filter_min_cells_0/intermediate/CVCL_0035/CVCL_0035_batch_12_de.h5ad
deg_analysis.33079010_42.out:    Removed X matrix
deg_analysis.33079010_42.out:    Rewriting h5ad file is done!
deg_analysis.33079010_42.out:✓ Cell line completed in 6236.4 seconds
deg_analysis.33079010_42.out:
deg_analysis.33079010_42.out:DE analysis completed!
deg_analysis.33079010_42.out:
deg_analysis.33079010_42.out:Total runtime: 6244.1 seconds
deg_analysis.33079010_42.err:
deg_analysis.33079010_42.err:=== 1 Warnings encountered ===
deg_analysis.33079010_42.err:
deg_analysis.33079010_42.err:1. Partial NA coefficients for 978 probe(s)
deg_analysis.33079260_43.out:
deg_analysis.33079260_43.out:DE analysis started...
deg_analysis.33079260_43.out:Loaded input file:  ./data/l1000_phase2/pseudobulk_processed/sep_rep/by_celltype/CVCL_0035/CVCL_0035_processed_batch_13.h5ad
deg_analysis.33079260_43.out:Initial dimensions:  4512  samples ×  978  genes
deg_analysis.33079260_43.out:Filter samples with the low number of cells
deg_analysis.33079260_43.out:    Filter threshold (min_cells):  0
deg_analysis.33079260_43.out:    Found  4512  samples with sentinel value (-666), keeping all
deg_analysis.33079260_43.out:    n_obs:  4512 -->  4512
deg_analysis.33079260_43.out:
deg_analysis.33079260_43.out:▶︎ Processing cell_type:  CVCL_0035
deg_analysis.33079260_43.out:    Filter controls by  pert_time_h  column
deg_analysis.33079260_43.out:        n_obs:  4512 -->  4512
deg_analysis.33079260_43.out:
deg_analysis.33079260_43.out:    Constructing design matrix...
deg_analysis.33079260_43.out:    Design matrix is constructed in 0.3 seconds
deg_analysis.33079260_43.out:    Design matrix dimensions: 4512 samples × 2614 coefficients
deg_analysis.33079260_43.out:    Skipping filtering and normalization (dataset is already normalized)
deg_analysis.33079260_43.out:    Skipping voom transformation (dataset is already normalized)
deg_analysis.33079260_43.out:    Using as.matrix() directly for lmFit (data assumed to be normalized and log-transformed)...
deg_analysis.33079260_43.out:    as.matrix() prepared in 0.0 seconds
deg_analysis.33079260_43.out:    Running lmFit...
deg_analysis.33079260_43.out:Coefficients not estimable: plateLPROT003_PC3_6H_X1.A2_B22
deg_analysis.33079260_43.out:    LmFit is completed in 16.0 seconds
deg_analysis.33079260_43.out:DGE fit is completed in 16.9 seconds
deg_analysis.33079260_43.out:    Running contrasts...
deg_analysis.33079260_43.out:    Running contrast 1/2513
deg_analysis.33079260_43.out:    Running contrast 51/2513
deg_analysis.33079260_43.out:    Running contrast 101/2513
deg_analysis.33079260_43.out:    Running contrast 151/2513
deg_analysis.33079260_43.out:    Running contrast 201/2513
deg_analysis.33079260_43.out:    Running contrast 251/2513
deg_analysis.33079260_43.out:    Running contrast 301/2513
deg_analysis.33079260_43.out:    Running contrast 351/2513
deg_analysis.33079260_43.out:    Running contrast 401/2513
deg_analysis.33079260_43.out:    Running contrast 451/2513
deg_analysis.33079260_43.out:    Running contrast 501/2513
deg_analysis.33079260_43.out:    Running contrast 551/2513
deg_analysis.33079260_43.out:    Running contrast 601/2513
deg_analysis.33079260_43.out:    Running contrast 651/2513
deg_analysis.33079260_43.out:    Running contrast 701/2513
deg_analysis.33079260_43.out:    Running contrast 751/2513
deg_analysis.33079260_43.out:    Running contrast 801/2513
deg_analysis.33079260_43.out:    Running contrast 851/2513
deg_analysis.33079260_43.out:    Running contrast 901/2513
deg_analysis.33079260_43.out:    Running contrast 951/2513
deg_analysis.33079260_43.out:    Running contrast 1001/2513
deg_analysis.33079260_43.out:    Running contrast 1051/2513
deg_analysis.33079260_43.out:    Running contrast 1101/2513
deg_analysis.33079260_43.out:    Running contrast 1151/2513
deg_analysis.33079260_43.out:    Running contrast 1201/2513
deg_analysis.33079260_43.out:    Running contrast 1251/2513
deg_analysis.33079260_43.out:    Running contrast 1301/2513
deg_analysis.33079260_43.out:    Running contrast 1351/2513
deg_analysis.33079260_43.out:    Running contrast 1401/2513
deg_analysis.33079260_43.out:    Running contrast 1451/2513
deg_analysis.33079260_43.out:    Running contrast 1501/2513
deg_analysis.33079260_43.out:    Running contrast 1551/2513
deg_analysis.33079260_43.out:    Running contrast 1601/2513
deg_analysis.33079260_43.out:    Running contrast 1651/2513
deg_analysis.33079260_43.out:    Running contrast 1701/2513
deg_analysis.33079260_43.out:    Running contrast 1751/2513
deg_analysis.33079260_43.out:    Running contrast 1801/2513
deg_analysis.33079260_43.out:    Running contrast 1851/2513
deg_analysis.33079260_43.out:    Running contrast 1901/2513
deg_analysis.33079260_43.out:    Running contrast 1951/2513
deg_analysis.33079260_43.out:    Running contrast 2001/2513
deg_analysis.33079260_43.out:    Running contrast 2051/2513
deg_analysis.33079260_43.out:    Running contrast 2101/2513
deg_analysis.33079260_43.out:    Running contrast 2151/2513
deg_analysis.33079260_43.out:    Running contrast 2201/2513
deg_analysis.33079260_43.out:    Running contrast 2251/2513
deg_analysis.33079260_43.out:    Running contrast 2301/2513
deg_analysis.33079260_43.out:    Running contrast 2351/2513
deg_analysis.33079260_43.out:    Running contrast 2401/2513
deg_analysis.33079260_43.out:    Running contrast 2451/2513
deg_analysis.33079260_43.out:    Running contrast 2501/2513
deg_analysis.33079260_43.out:    Running contrast 2513/2513
deg_analysis.33079260_43.out:Contrasts are completed in 4613.7 seconds
deg_analysis.33079260_43.out:
deg_analysis.33079260_43.out:    Writing:  ./data/l1000_phase2/deg_data/sep_rep/full/qc_false/filter_min_cells_0/intermediate/CVCL_0035/CVCL_0035_batch_13_de.h5ad
deg_analysis.33079260_43.out:
deg_analysis.33079260_43.out:    Rewriting h5ad file: ./data/l1000_phase2/deg_data/sep_rep/full/qc_false/filter_min_cells_0/intermediate/CVCL_0035/CVCL_0035_batch_13_de.h5ad
deg_analysis.33079260_43.out:    Removed X matrix
deg_analysis.33079260_43.out:    Rewriting h5ad file is done!
deg_analysis.33079260_43.out:✓ Cell line completed in 4643.6 seconds
deg_analysis.33079260_43.out:
deg_analysis.33079260_43.out:DE analysis completed!
deg_analysis.33079260_43.out:
deg_analysis.33079260_43.out:Total runtime: 4652.9 seconds
deg_analysis.33079260_43.err:
deg_analysis.33079260_43.err:=== 1 Warnings encountered ===
deg_analysis.33079260_43.err:
deg_analysis.33079260_43.err:1. Partial NA coefficients for 978 probe(s)
deg_analysis.33079261_44.out:
deg_analysis.33079261_44.out:DE analysis started...
deg_analysis.33079261_44.out:Loaded input file:  ./data/l1000_phase2/pseudobulk_processed/sep_rep/by_celltype/CVCL_0035/CVCL_0035_processed_batch_14.h5ad
deg_analysis.33079261_44.out:Initial dimensions:  4501  samples ×  978  genes
deg_analysis.33079261_44.out:Filter samples with the low number of cells
deg_analysis.33079261_44.out:    Filter threshold (min_cells):  0
deg_analysis.33079261_44.out:    Found  4501  samples with sentinel value (-666), keeping all
deg_analysis.33079261_44.out:    n_obs:  4501 -->  4501
deg_analysis.33079261_44.out:
deg_analysis.33079261_44.out:▶︎ Processing cell_type:  CVCL_0035
deg_analysis.33079261_44.out:    Filter controls by  pert_time_h  column
deg_analysis.33079261_44.out:        n_obs:  4501 -->  4501
deg_analysis.33079261_44.out:
deg_analysis.33079261_44.out:    Constructing design matrix...
deg_analysis.33079261_44.out:    Design matrix is constructed in 0.3 seconds
deg_analysis.33079261_44.out:    Design matrix dimensions: 4501 samples × 2603 coefficients
deg_analysis.33079261_44.out:    Skipping filtering and normalization (dataset is already normalized)
deg_analysis.33079261_44.out:    Skipping voom transformation (dataset is already normalized)
deg_analysis.33079261_44.out:    Using as.matrix() directly for lmFit (data assumed to be normalized and log-transformed)...
deg_analysis.33079261_44.out:    as.matrix() prepared in 0.0 seconds
deg_analysis.33079261_44.out:    Running lmFit...
deg_analysis.33079261_44.out:Coefficients not estimable: plateLPROT003_PC3_6H_X1.A2_B22
deg_analysis.33079261_44.out:    LmFit is completed in 16.9 seconds
deg_analysis.33079261_44.out:DGE fit is completed in 17.8 seconds
deg_analysis.33079261_44.out:    Running contrasts...
deg_analysis.33079261_44.out:    Running contrast 1/2502
deg_analysis.33079261_44.out:    Running contrast 51/2502
deg_analysis.33079261_44.out:    Running contrast 101/2502
deg_analysis.33079261_44.out:    Running contrast 151/2502
deg_analysis.33079261_44.out:    Running contrast 201/2502
deg_analysis.33079261_44.out:    Running contrast 251/2502
deg_analysis.33079261_44.out:    Running contrast 301/2502
deg_analysis.33079261_44.out:    Running contrast 351/2502
deg_analysis.33079261_44.out:    Running contrast 401/2502
deg_analysis.33079261_44.out:    Running contrast 451/2502
deg_analysis.33079261_44.out:    Running contrast 501/2502
deg_analysis.33079261_44.out:    Running contrast 551/2502
deg_analysis.33079261_44.out:    Running contrast 601/2502
deg_analysis.33079261_44.out:    Running contrast 651/2502
deg_analysis.33079261_44.out:    Running contrast 701/2502
deg_analysis.33079261_44.out:    Running contrast 751/2502
deg_analysis.33079261_44.out:    Running contrast 801/2502
deg_analysis.33079261_44.out:    Running contrast 851/2502
deg_analysis.33079261_44.out:    Running contrast 901/2502
deg_analysis.33079261_44.out:    Running contrast 951/2502
deg_analysis.33079261_44.out:    Running contrast 1001/2502
deg_analysis.33079261_44.out:    Running contrast 1051/2502
deg_analysis.33079261_44.out:    Running contrast 1101/2502
deg_analysis.33079261_44.out:    Running contrast 1151/2502
deg_analysis.33079261_44.out:    Running contrast 1201/2502
deg_analysis.33079261_44.out:    Running contrast 1251/2502
deg_analysis.33079261_44.out:    Running contrast 1301/2502
deg_analysis.33079261_44.out:    Running contrast 1351/2502
deg_analysis.33079261_44.out:    Running contrast 1401/2502
deg_analysis.33079261_44.out:    Running contrast 1451/2502
deg_analysis.33079261_44.out:    Running contrast 1501/2502
deg_analysis.33079261_44.out:    Running contrast 1551/2502
deg_analysis.33079261_44.out:    Running contrast 1601/2502
deg_analysis.33079261_44.out:    Running contrast 1651/2502
deg_analysis.33079261_44.out:    Running contrast 1701/2502
deg_analysis.33079261_44.out:    Running contrast 1751/2502
deg_analysis.33079261_44.out:    Running contrast 1801/2502
deg_analysis.33079261_44.out:    Running contrast 1851/2502
deg_analysis.33079261_44.out:    Running contrast 1901/2502
deg_analysis.33079261_44.out:    Running contrast 1951/2502
deg_analysis.33079261_44.out:    Running contrast 2001/2502
deg_analysis.33079261_44.out:    Running contrast 2051/2502
deg_analysis.33079261_44.out:    Running contrast 2101/2502
deg_analysis.33079261_44.out:    Running contrast 2151/2502
deg_analysis.33079261_44.out:    Running contrast 2201/2502
deg_analysis.33079261_44.out:    Running contrast 2251/2502
deg_analysis.33079261_44.out:    Running contrast 2301/2502
deg_analysis.33079261_44.out:    Running contrast 2351/2502
deg_analysis.33079261_44.out:    Running contrast 2401/2502
deg_analysis.33079261_44.out:    Running contrast 2451/2502
deg_analysis.33079261_44.out:    Running contrast 2501/2502
deg_analysis.33079261_44.out:    Running contrast 2502/2502
deg_analysis.33079261_44.out:Contrasts are completed in 4741.8 seconds
deg_analysis.33079261_44.out:
deg_analysis.33079261_44.out:    Writing:  ./data/l1000_phase2/deg_data/sep_rep/full/qc_false/filter_min_cells_0/intermediate/CVCL_0035/CVCL_0035_batch_14_de.h5ad
deg_analysis.33079261_44.out:
deg_analysis.33079261_44.out:    Rewriting h5ad file: ./data/l1000_phase2/deg_data/sep_rep/full/qc_false/filter_min_cells_0/intermediate/CVCL_0035/CVCL_0035_batch_14_de.h5ad
deg_analysis.33079261_44.out:    Removed X matrix
deg_analysis.33079261_44.out:    Rewriting h5ad file is done!
deg_analysis.33079261_44.out:✓ Cell line completed in 4771.6 seconds
deg_analysis.33079261_44.out:
deg_analysis.33079261_44.out:DE analysis completed!
deg_analysis.33079261_44.out:
deg_analysis.33079261_44.out:Total runtime: 4779.4 seconds
deg_analysis.33079261_44.err:
deg_analysis.33079261_44.err:=== 1 Warnings encountered ===
deg_analysis.33079261_44.err:
deg_analysis.33079261_44.err:1. Partial NA coefficients for 978 probe(s)
deg_analysis.33079300_45.out:
deg_analysis.33079300_45.out:DE analysis started...
deg_analysis.33079300_45.out:Loaded input file:  ./data/l1000_phase2/pseudobulk_processed/sep_rep/by_celltype/CVCL_0035/CVCL_0035_processed_batch_1.h5ad
deg_analysis.33079300_45.out:Initial dimensions:  4507  samples ×  978  genes
deg_analysis.33079300_45.out:Filter samples with the low number of cells
deg_analysis.33079300_45.out:    Filter threshold (min_cells):  0
deg_analysis.33079300_45.out:    Found  4507  samples with sentinel value (-666), keeping all
deg_analysis.33079300_45.out:    n_obs:  4507 -->  4507
deg_analysis.33079300_45.out:
deg_analysis.33079300_45.out:▶︎ Processing cell_type:  CVCL_0035
deg_analysis.33079300_45.out:    Filter controls by  pert_time_h  column
deg_analysis.33079300_45.out:        n_obs:  4507 -->  4507
deg_analysis.33079300_45.out:
deg_analysis.33079300_45.out:    Constructing design matrix...
deg_analysis.33079300_45.out:    Design matrix is constructed in 0.3 seconds
deg_analysis.33079300_45.out:    Design matrix dimensions: 4507 samples × 2609 coefficients
deg_analysis.33079300_45.out:    Skipping filtering and normalization (dataset is already normalized)
deg_analysis.33079300_45.out:    Skipping voom transformation (dataset is already normalized)
deg_analysis.33079300_45.out:    Using as.matrix() directly for lmFit (data assumed to be normalized and log-transformed)...
deg_analysis.33079300_45.out:    as.matrix() prepared in 0.0 seconds
deg_analysis.33079300_45.out:    Running lmFit...
deg_analysis.33079300_45.out:Coefficients not estimable: plateLPROT003_PC3_6H_X1.A2_B22
deg_analysis.33079300_45.out:    LmFit is completed in 14.9 seconds
deg_analysis.33079300_45.out:DGE fit is completed in 15.7 seconds
deg_analysis.33079300_45.out:    Running contrasts...
deg_analysis.33079300_45.out:    Running contrast 1/2508
deg_analysis.33079300_45.out:    Running contrast 51/2508
deg_analysis.33079300_45.out:    Running contrast 101/2508
deg_analysis.33079300_45.out:    Running contrast 151/2508
deg_analysis.33079300_45.out:    Running contrast 201/2508
deg_analysis.33079300_45.out:    Running contrast 251/2508
deg_analysis.33079300_45.out:    Running contrast 301/2508
deg_analysis.33079300_45.out:    Running contrast 351/2508
deg_analysis.33079300_45.out:    Running contrast 401/2508
deg_analysis.33079300_45.out:    Running contrast 451/2508
deg_analysis.33079300_45.out:    Running contrast 501/2508
deg_analysis.33079300_45.out:    Running contrast 551/2508
deg_analysis.33079300_45.out:    Running contrast 601/2508
deg_analysis.33079300_45.out:    Running contrast 651/2508
deg_analysis.33079300_45.out:    Running contrast 701/2508
deg_analysis.33079300_45.out:    Running contrast 751/2508
deg_analysis.33079300_45.out:    Running contrast 801/2508
deg_analysis.33079300_45.out:    Running contrast 851/2508
deg_analysis.33079300_45.out:    Running contrast 901/2508
deg_analysis.33079300_45.out:    Running contrast 951/2508
deg_analysis.33079300_45.out:    Running contrast 1001/2508
deg_analysis.33079300_45.out:    Running contrast 1051/2508
deg_analysis.33079300_45.out:    Running contrast 1101/2508
deg_analysis.33079300_45.out:    Running contrast 1151/2508
deg_analysis.33079300_45.out:    Running contrast 1201/2508
deg_analysis.33079300_45.out:    Running contrast 1251/2508
deg_analysis.33079300_45.out:    Running contrast 1301/2508
deg_analysis.33079300_45.out:    Running contrast 1351/2508
deg_analysis.33079300_45.out:    Running contrast 1401/2508
deg_analysis.33079300_45.out:    Running contrast 1451/2508
deg_analysis.33079300_45.out:    Running contrast 1501/2508
deg_analysis.33079300_45.out:    Running contrast 1551/2508
deg_analysis.33079300_45.out:    Running contrast 1601/2508
deg_analysis.33079300_45.out:    Running contrast 1651/2508
deg_analysis.33079300_45.out:    Running contrast 1701/2508
deg_analysis.33079300_45.out:    Running contrast 1751/2508
deg_analysis.33079300_45.out:    Running contrast 1801/2508
deg_analysis.33079300_45.out:    Running contrast 1851/2508
deg_analysis.33079300_45.out:    Running contrast 1901/2508
deg_analysis.33079300_45.out:    Running contrast 1951/2508
deg_analysis.33079300_45.out:    Running contrast 2001/2508
deg_analysis.33079300_45.out:    Running contrast 2051/2508
deg_analysis.33079300_45.out:    Running contrast 2101/2508
deg_analysis.33079300_45.out:    Running contrast 2151/2508
deg_analysis.33079300_45.out:    Running contrast 2201/2508
deg_analysis.33079300_45.out:    Running contrast 2251/2508
deg_analysis.33079300_45.out:    Running contrast 2301/2508
deg_analysis.33079300_45.out:    Running contrast 2351/2508
deg_analysis.33079300_45.out:    Running contrast 2401/2508
deg_analysis.33079300_45.out:    Running contrast 2451/2508
deg_analysis.33079300_45.out:    Running contrast 2501/2508
deg_analysis.33079300_45.out:    Running contrast 2508/2508
deg_analysis.33079300_45.out:Contrasts are completed in 6561.4 seconds
deg_analysis.33079300_45.out:
deg_analysis.33079300_45.out:    Writing:  ./data/l1000_phase2/deg_data/sep_rep/full/qc_false/filter_min_cells_0/intermediate/CVCL_0035/CVCL_0035_batch_1_de.h5ad
deg_analysis.33079300_45.out:
deg_analysis.33079300_45.out:    Rewriting h5ad file: ./data/l1000_phase2/deg_data/sep_rep/full/qc_false/filter_min_cells_0/intermediate/CVCL_0035/CVCL_0035_batch_1_de.h5ad
deg_analysis.33079300_45.out:    Removed X matrix
deg_analysis.33079300_45.out:    Rewriting h5ad file is done!
deg_analysis.33079300_45.out:✓ Cell line completed in 6591.6 seconds
deg_analysis.33079300_45.out:
deg_analysis.33079300_45.out:DE analysis completed!
deg_analysis.33079300_45.out:
deg_analysis.33079300_45.out:Total runtime: 6598.5 seconds
deg_analysis.33079300_45.err:
deg_analysis.33079300_45.err:=== 1 Warnings encountered ===
deg_analysis.33079300_45.err:
deg_analysis.33079300_45.err:1. Partial NA coefficients for 978 probe(s)
deg_analysis.33079302_46.out:
deg_analysis.33079302_46.out:DE analysis started...
deg_analysis.33079302_46.out:Loaded input file:  ./data/l1000_phase2/pseudobulk_processed/sep_rep/by_celltype/CVCL_0035/CVCL_0035_processed_batch_2.h5ad
deg_analysis.33079302_46.out:Initial dimensions:  4501  samples ×  978  genes
deg_analysis.33079302_46.out:Filter samples with the low number of cells
deg_analysis.33079302_46.out:    Filter threshold (min_cells):  0
deg_analysis.33079302_46.out:    Found  4501  samples with sentinel value (-666), keeping all
deg_analysis.33079302_46.out:    n_obs:  4501 -->  4501
deg_analysis.33079302_46.out:
deg_analysis.33079302_46.out:▶︎ Processing cell_type:  CVCL_0035
deg_analysis.33079302_46.out:    Filter controls by  pert_time_h  column
deg_analysis.33079302_46.out:        n_obs:  4501 -->  4501
deg_analysis.33079302_46.out:
deg_analysis.33079302_46.out:    Constructing design matrix...
deg_analysis.33079302_46.out:    Design matrix is constructed in 0.3 seconds
deg_analysis.33079302_46.out:    Design matrix dimensions: 4501 samples × 2603 coefficients
deg_analysis.33079302_46.out:    Skipping filtering and normalization (dataset is already normalized)
deg_analysis.33079302_46.out:    Skipping voom transformation (dataset is already normalized)
deg_analysis.33079302_46.out:    Using as.matrix() directly for lmFit (data assumed to be normalized and log-transformed)...
deg_analysis.33079302_46.out:    as.matrix() prepared in 0.0 seconds
deg_analysis.33079302_46.out:    Running lmFit...
deg_analysis.33079302_46.out:Coefficients not estimable: plateLPROT003_PC3_6H_X1.A2_B22
deg_analysis.33079302_46.out:    LmFit is completed in 17.9 seconds
deg_analysis.33079302_46.out:DGE fit is completed in 18.8 seconds
deg_analysis.33079302_46.out:    Running contrasts...
deg_analysis.33079302_46.out:    Running contrast 1/2502
deg_analysis.33079302_46.out:    Running contrast 51/2502
deg_analysis.33079302_46.out:    Running contrast 101/2502
deg_analysis.33079302_46.out:    Running contrast 151/2502
deg_analysis.33079302_46.out:    Running contrast 201/2502
deg_analysis.33079302_46.out:    Running contrast 251/2502
deg_analysis.33079302_46.out:    Running contrast 301/2502
deg_analysis.33079302_46.out:    Running contrast 351/2502
deg_analysis.33079302_46.out:    Running contrast 401/2502
deg_analysis.33079302_46.out:    Running contrast 451/2502
deg_analysis.33079302_46.out:    Running contrast 501/2502
deg_analysis.33079302_46.out:    Running contrast 551/2502
deg_analysis.33079302_46.out:    Running contrast 601/2502
deg_analysis.33079302_46.out:    Running contrast 651/2502
deg_analysis.33079302_46.out:    Running contrast 701/2502
deg_analysis.33079302_46.out:    Running contrast 751/2502
deg_analysis.33079302_46.out:    Running contrast 801/2502
deg_analysis.33079302_46.out:    Running contrast 851/2502
deg_analysis.33079302_46.out:    Running contrast 901/2502
deg_analysis.33079302_46.out:    Running contrast 951/2502
deg_analysis.33079302_46.out:    Running contrast 1001/2502
deg_analysis.33079302_46.out:    Running contrast 1051/2502
deg_analysis.33079302_46.out:    Running contrast 1101/2502
deg_analysis.33079302_46.out:    Running contrast 1151/2502
deg_analysis.33079302_46.out:    Running contrast 1201/2502
deg_analysis.33079302_46.out:    Running contrast 1251/2502
deg_analysis.33079302_46.out:    Running contrast 1301/2502
deg_analysis.33079302_46.out:    Running contrast 1351/2502
deg_analysis.33079302_46.out:    Running contrast 1401/2502
deg_analysis.33079302_46.out:    Running contrast 1451/2502
deg_analysis.33079302_46.out:    Running contrast 1501/2502
deg_analysis.33079302_46.out:    Running contrast 1551/2502
deg_analysis.33079302_46.out:    Running contrast 1601/2502
deg_analysis.33079302_46.out:    Running contrast 1651/2502
deg_analysis.33079302_46.out:    Running contrast 1701/2502
deg_analysis.33079302_46.out:    Running contrast 1751/2502
deg_analysis.33079302_46.out:    Running contrast 1801/2502
deg_analysis.33079302_46.out:    Running contrast 1851/2502
deg_analysis.33079302_46.out:    Running contrast 1901/2502
deg_analysis.33079302_46.out:    Running contrast 1951/2502
deg_analysis.33079302_46.out:    Running contrast 2001/2502
deg_analysis.33079302_46.out:    Running contrast 2051/2502
deg_analysis.33079302_46.out:    Running contrast 2101/2502
deg_analysis.33079302_46.out:    Running contrast 2151/2502
deg_analysis.33079302_46.out:    Running contrast 2201/2502
deg_analysis.33079302_46.out:    Running contrast 2251/2502
deg_analysis.33079302_46.out:    Running contrast 2301/2502
deg_analysis.33079302_46.out:    Running contrast 2351/2502
deg_analysis.33079302_46.out:    Running contrast 2401/2502
deg_analysis.33079302_46.out:    Running contrast 2451/2502
deg_analysis.33079302_46.out:    Running contrast 2501/2502
deg_analysis.33079302_46.out:    Running contrast 2502/2502
deg_analysis.33079302_46.out:Contrasts are completed in 6454.7 seconds
deg_analysis.33079302_46.out:
deg_analysis.33079302_46.out:    Writing:  ./data/l1000_phase2/deg_data/sep_rep/full/qc_false/filter_min_cells_0/intermediate/CVCL_0035/CVCL_0035_batch_2_de.h5ad
deg_analysis.33079302_46.out:
deg_analysis.33079302_46.out:    Rewriting h5ad file: ./data/l1000_phase2/deg_data/sep_rep/full/qc_false/filter_min_cells_0/intermediate/CVCL_0035/CVCL_0035_batch_2_de.h5ad
deg_analysis.33079302_46.out:    Removed X matrix
deg_analysis.33079302_46.out:    Rewriting h5ad file is done!
deg_analysis.33079302_46.out:✓ Cell line completed in 6486.3 seconds
deg_analysis.33079302_46.out:
deg_analysis.33079302_46.out:DE analysis completed!
deg_analysis.33079302_46.out:
deg_analysis.33079302_46.out:Total runtime: 6494.1 seconds
deg_analysis.33079302_46.err:
deg_analysis.33079302_46.err:=== 1 Warnings encountered ===
deg_analysis.33079302_46.err:
deg_analysis.33079302_46.err:1. Partial NA coefficients for 978 probe(s)
deg_analysis.33079303_47.out:
deg_analysis.33079303_47.out:DE analysis started...
deg_analysis.33079303_47.out:Loaded input file:  ./data/l1000_phase2/pseudobulk_processed/sep_rep/by_celltype/CVCL_0035/CVCL_0035_processed_batch_3.h5ad
deg_analysis.33079303_47.out:Initial dimensions:  4509  samples ×  978  genes
deg_analysis.33079303_47.out:Filter samples with the low number of cells
deg_analysis.33079303_47.out:    Filter threshold (min_cells):  0
deg_analysis.33079303_47.out:    Found  4509  samples with sentinel value (-666), keeping all
deg_analysis.33079303_47.out:    n_obs:  4509 -->  4509
deg_analysis.33079303_47.out:
deg_analysis.33079303_47.out:▶︎ Processing cell_type:  CVCL_0035
deg_analysis.33079303_47.out:    Filter controls by  pert_time_h  column
deg_analysis.33079303_47.out:        n_obs:  4509 -->  4509
deg_analysis.33079303_47.out:
deg_analysis.33079303_47.out:    Constructing design matrix...
deg_analysis.33079303_47.out:    Design matrix is constructed in 0.3 seconds
deg_analysis.33079303_47.out:    Design matrix dimensions: 4509 samples × 2611 coefficients
deg_analysis.33079303_47.out:    Skipping filtering and normalization (dataset is already normalized)
deg_analysis.33079303_47.out:    Skipping voom transformation (dataset is already normalized)
deg_analysis.33079303_47.out:    Using as.matrix() directly for lmFit (data assumed to be normalized and log-transformed)...
deg_analysis.33079303_47.out:    as.matrix() prepared in 0.0 seconds
deg_analysis.33079303_47.out:    Running lmFit...
deg_analysis.33079303_47.out:Coefficients not estimable: plateLPROT003_PC3_6H_X1.A2_B22
deg_analysis.33079303_47.out:    LmFit is completed in 18.7 seconds
deg_analysis.33079303_47.out:DGE fit is completed in 19.6 seconds
deg_analysis.33079303_47.out:    Running contrasts...
deg_analysis.33079303_47.out:    Running contrast 1/2510
deg_analysis.33079303_47.out:    Running contrast 51/2510
deg_analysis.33079303_47.out:    Running contrast 101/2510
deg_analysis.33079303_47.out:    Running contrast 151/2510
deg_analysis.33079303_47.out:    Running contrast 201/2510
deg_analysis.33079303_47.out:    Running contrast 251/2510
deg_analysis.33079303_47.out:    Running contrast 301/2510
deg_analysis.33079303_47.out:    Running contrast 351/2510
deg_analysis.33079303_47.out:    Running contrast 401/2510
deg_analysis.33079303_47.out:    Running contrast 451/2510
deg_analysis.33079303_47.out:    Running contrast 501/2510
deg_analysis.33079303_47.out:    Running contrast 551/2510
deg_analysis.33079303_47.out:    Running contrast 601/2510
deg_analysis.33079303_47.out:    Running contrast 651/2510
deg_analysis.33079303_47.out:    Running contrast 701/2510
deg_analysis.33079303_47.out:    Running contrast 751/2510
deg_analysis.33079303_47.out:    Running contrast 801/2510
deg_analysis.33079303_47.out:    Running contrast 851/2510
deg_analysis.33079303_47.out:    Running contrast 901/2510
deg_analysis.33079303_47.out:    Running contrast 951/2510
deg_analysis.33079303_47.out:    Running contrast 1001/2510
deg_analysis.33079303_47.out:    Running contrast 1051/2510
deg_analysis.33079303_47.out:    Running contrast 1101/2510
deg_analysis.33079303_47.out:    Running contrast 1151/2510
deg_analysis.33079303_47.out:    Running contrast 1201/2510
deg_analysis.33079303_47.out:    Running contrast 1251/2510
deg_analysis.33079303_47.out:    Running contrast 1301/2510
deg_analysis.33079303_47.out:    Running contrast 1351/2510
deg_analysis.33079303_47.out:    Running contrast 1401/2510
deg_analysis.33079303_47.out:    Running contrast 1451/2510
deg_analysis.33079303_47.out:    Running contrast 1501/2510
deg_analysis.33079303_47.out:    Running contrast 1551/2510
deg_analysis.33079303_47.out:    Running contrast 1601/2510
deg_analysis.33079303_47.out:    Running contrast 1651/2510
deg_analysis.33079303_47.out:    Running contrast 1701/2510
deg_analysis.33079303_47.out:    Running contrast 1751/2510
deg_analysis.33079303_47.out:    Running contrast 1801/2510
deg_analysis.33079303_47.out:    Running contrast 1851/2510
deg_analysis.33079303_47.out:    Running contrast 1901/2510
deg_analysis.33079303_47.out:    Running contrast 1951/2510
deg_analysis.33079303_47.out:    Running contrast 2001/2510
deg_analysis.33079303_47.out:    Running contrast 2051/2510
deg_analysis.33079303_47.out:    Running contrast 2101/2510
deg_analysis.33079303_47.out:    Running contrast 2151/2510
deg_analysis.33079303_47.out:    Running contrast 2201/2510
deg_analysis.33079303_47.out:    Running contrast 2251/2510
deg_analysis.33079303_47.out:    Running contrast 2301/2510
deg_analysis.33079303_47.out:    Running contrast 2351/2510
deg_analysis.33079303_47.out:    Running contrast 2401/2510
deg_analysis.33079303_47.out:    Running contrast 2451/2510
deg_analysis.33079303_47.out:    Running contrast 2501/2510
deg_analysis.33079303_47.out:    Running contrast 2510/2510
deg_analysis.33079303_47.out:Contrasts are completed in 6558.8 seconds
deg_analysis.33079303_47.out:
deg_analysis.33079303_47.out:    Writing:  ./data/l1000_phase2/deg_data/sep_rep/full/qc_false/filter_min_cells_0/intermediate/CVCL_0035/CVCL_0035_batch_3_de.h5ad
deg_analysis.33079303_47.out:
deg_analysis.33079303_47.out:    Rewriting h5ad file: ./data/l1000_phase2/deg_data/sep_rep/full/qc_false/filter_min_cells_0/intermediate/CVCL_0035/CVCL_0035_batch_3_de.h5ad
deg_analysis.33079303_47.out:    Removed X matrix
deg_analysis.33079303_47.out:    Rewriting h5ad file is done!
deg_analysis.33079303_47.out:✓ Cell line completed in 6590.7 seconds
deg_analysis.33079303_47.out:
deg_analysis.33079303_47.out:DE analysis completed!
deg_analysis.33079303_47.out:
deg_analysis.33079303_47.out:Total runtime: 6599.5 seconds
deg_analysis.33079303_47.err:
deg_analysis.33079303_47.err:=== 1 Warnings encountered ===
deg_analysis.33079303_47.err:
deg_analysis.33079303_47.err:1. Partial NA coefficients for 978 probe(s)
deg_analysis.33079311_48.out:
deg_analysis.33079311_48.out:DE analysis started...
deg_analysis.33079311_48.out:Loaded input file:  ./data/l1000_phase2/pseudobulk_processed/sep_rep/by_celltype/CVCL_0035/CVCL_0035_processed_batch_4.h5ad
deg_analysis.33079311_48.out:Initial dimensions:  4512  samples ×  978  genes
deg_analysis.33079311_48.out:Filter samples with the low number of cells
deg_analysis.33079311_48.out:    Filter threshold (min_cells):  0
deg_analysis.33079311_48.out:    Found  4512  samples with sentinel value (-666), keeping all
deg_analysis.33079311_48.out:    n_obs:  4512 -->  4512
deg_analysis.33079311_48.out:
deg_analysis.33079311_48.out:▶︎ Processing cell_type:  CVCL_0035
deg_analysis.33079311_48.out:    Filter controls by  pert_time_h  column
deg_analysis.33079311_48.out:        n_obs:  4512 -->  4512
deg_analysis.33079311_48.out:
deg_analysis.33079311_48.out:    Constructing design matrix...
deg_analysis.33079311_48.out:    Design matrix is constructed in 0.4 seconds
deg_analysis.33079311_48.out:    Design matrix dimensions: 4512 samples × 2614 coefficients
deg_analysis.33079311_48.out:    Skipping filtering and normalization (dataset is already normalized)
deg_analysis.33079311_48.out:    Skipping voom transformation (dataset is already normalized)
deg_analysis.33079311_48.out:    Using as.matrix() directly for lmFit (data assumed to be normalized and log-transformed)...
deg_analysis.33079311_48.out:    as.matrix() prepared in 0.0 seconds
deg_analysis.33079311_48.out:    Running lmFit...
deg_analysis.33079311_48.out:Coefficients not estimable: plateLPROT003_PC3_6H_X1.A2_B22
deg_analysis.33079311_48.out:    LmFit is completed in 24.2 seconds
deg_analysis.33079311_48.out:DGE fit is completed in 25.3 seconds
deg_analysis.33079311_48.out:    Running contrasts...
deg_analysis.33079311_48.out:    Running contrast 1/2513
deg_analysis.33079311_48.out:    Running contrast 51/2513
deg_analysis.33079311_48.out:    Running contrast 101/2513
deg_analysis.33079311_48.out:    Running contrast 151/2513
deg_analysis.33079311_48.out:    Running contrast 201/2513
deg_analysis.33079311_48.out:    Running contrast 251/2513
deg_analysis.33079311_48.out:    Running contrast 301/2513
deg_analysis.33079311_48.out:    Running contrast 351/2513
deg_analysis.33079311_48.out:    Running contrast 401/2513
deg_analysis.33079311_48.out:    Running contrast 451/2513
deg_analysis.33079311_48.out:    Running contrast 501/2513
deg_analysis.33079311_48.out:    Running contrast 551/2513
deg_analysis.33079311_48.out:    Running contrast 601/2513
deg_analysis.33079311_48.out:    Running contrast 651/2513
deg_analysis.33079311_48.out:    Running contrast 701/2513
deg_analysis.33079311_48.out:    Running contrast 751/2513
deg_analysis.33079311_48.out:    Running contrast 801/2513
deg_analysis.33079311_48.out:    Running contrast 851/2513
deg_analysis.33079311_48.out:    Running contrast 901/2513
deg_analysis.33079311_48.out:    Running contrast 951/2513
deg_analysis.33079311_48.out:    Running contrast 1001/2513
deg_analysis.33079311_48.out:    Running contrast 1051/2513
deg_analysis.33079311_48.out:    Running contrast 1101/2513
deg_analysis.33079311_48.out:    Running contrast 1151/2513
deg_analysis.33079311_48.out:    Running contrast 1201/2513
deg_analysis.33079311_48.out:    Running contrast 1251/2513
deg_analysis.33079311_48.out:    Running contrast 1301/2513
deg_analysis.33079311_48.out:    Running contrast 1351/2513
deg_analysis.33079311_48.out:    Running contrast 1401/2513
deg_analysis.33079311_48.out:    Running contrast 1451/2513
deg_analysis.33079311_48.out:    Running contrast 1501/2513
deg_analysis.33079311_48.out:    Running contrast 1551/2513
deg_analysis.33079311_48.out:    Running contrast 1601/2513
deg_analysis.33079311_48.out:    Running contrast 1651/2513
deg_analysis.33079311_48.out:    Running contrast 1701/2513
deg_analysis.33079311_48.out:    Running contrast 1751/2513
deg_analysis.33079311_48.out:    Running contrast 1801/2513
deg_analysis.33079311_48.out:    Running contrast 1851/2513
deg_analysis.33079311_48.out:    Running contrast 1901/2513
deg_analysis.33079311_48.out:    Running contrast 1951/2513
deg_analysis.33079311_48.out:    Running contrast 2001/2513
deg_analysis.33079311_48.out:    Running contrast 2051/2513
deg_analysis.33079311_48.out:    Running contrast 2101/2513
deg_analysis.33079311_48.out:    Running contrast 2151/2513
deg_analysis.33079311_48.out:    Running contrast 2201/2513
deg_analysis.33079311_48.out:    Running contrast 2251/2513
deg_analysis.33079311_48.out:    Running contrast 2301/2513
deg_analysis.33079311_48.out:    Running contrast 2351/2513
deg_analysis.33079311_48.out:    Running contrast 2401/2513
deg_analysis.33079311_48.out:    Running contrast 2451/2513
deg_analysis.33079311_48.out:    Running contrast 2501/2513
deg_analysis.33079311_48.out:    Running contrast 2513/2513
deg_analysis.33079311_48.out:Contrasts are completed in 6516.2 seconds
deg_analysis.33079311_48.out:
deg_analysis.33079311_48.out:    Writing:  ./data/l1000_phase2/deg_data/sep_rep/full/qc_false/filter_min_cells_0/intermediate/CVCL_0035/CVCL_0035_batch_4_de.h5ad
deg_analysis.33079311_48.out:
deg_analysis.33079311_48.out:    Rewriting h5ad file: ./data/l1000_phase2/deg_data/sep_rep/full/qc_false/filter_min_cells_0/intermediate/CVCL_0035/CVCL_0035_batch_4_de.h5ad
deg_analysis.33079311_48.out:    Removed X matrix
deg_analysis.33079311_48.out:    Rewriting h5ad file is done!
deg_analysis.33079311_48.out:✓ Cell line completed in 6553.6 seconds
deg_analysis.33079311_48.out:
deg_analysis.33079311_48.out:DE analysis completed!
deg_analysis.33079311_48.out:
deg_analysis.33079311_48.out:Total runtime: 6563.5 seconds
deg_analysis.33079311_48.err:
deg_analysis.33079311_48.err:=== 1 Warnings encountered ===
deg_analysis.33079311_48.err:
deg_analysis.33079311_48.err:1. Partial NA coefficients for 978 probe(s)
deg_analysis.33079313_49.out:
deg_analysis.33079313_49.out:DE analysis started...
deg_analysis.33079313_49.out:Loaded input file:  ./data/l1000_phase2/pseudobulk_processed/sep_rep/by_celltype/CVCL_0035/CVCL_0035_processed_batch_5.h5ad
deg_analysis.33079313_49.out:Initial dimensions:  4514  samples ×  978  genes
deg_analysis.33079313_49.out:Filter samples with the low number of cells
deg_analysis.33079313_49.out:    Filter threshold (min_cells):  0
deg_analysis.33079313_49.out:    Found  4514  samples with sentinel value (-666), keeping all
deg_analysis.33079313_49.out:    n_obs:  4514 -->  4514
deg_analysis.33079313_49.out:
deg_analysis.33079313_49.out:▶︎ Processing cell_type:  CVCL_0035
deg_analysis.33079313_49.out:    Filter controls by  pert_time_h  column
deg_analysis.33079313_49.out:        n_obs:  4514 -->  4514
deg_analysis.33079313_49.out:
deg_analysis.33079313_49.out:    Constructing design matrix...
deg_analysis.33079313_49.out:    Design matrix is constructed in 0.4 seconds
deg_analysis.33079313_49.out:    Design matrix dimensions: 4514 samples × 2616 coefficients
deg_analysis.33079313_49.out:    Skipping filtering and normalization (dataset is already normalized)
deg_analysis.33079313_49.out:    Skipping voom transformation (dataset is already normalized)
deg_analysis.33079313_49.out:    Using as.matrix() directly for lmFit (data assumed to be normalized and log-transformed)...
deg_analysis.33079313_49.out:    as.matrix() prepared in 0.0 seconds
deg_analysis.33079313_49.out:    Running lmFit...
deg_analysis.33079313_49.out:Coefficients not estimable: plateLPROT003_PC3_6H_X1.A2_B22
deg_analysis.33079313_49.out:    LmFit is completed in 33.4 seconds
deg_analysis.33079313_49.out:DGE fit is completed in 34.9 seconds
deg_analysis.33079313_49.out:    Running contrasts...
deg_analysis.33079313_49.out:    Running contrast 1/2515
deg_analysis.33079313_49.out:    Running contrast 51/2515
deg_analysis.33079313_49.out:    Running contrast 101/2515
deg_analysis.33079313_49.out:    Running contrast 151/2515
deg_analysis.33079313_49.out:    Running contrast 201/2515
deg_analysis.33079313_49.out:    Running contrast 251/2515
deg_analysis.33079313_49.out:    Running contrast 301/2515
deg_analysis.33079313_49.out:    Running contrast 351/2515
deg_analysis.33079313_49.out:    Running contrast 401/2515
deg_analysis.33079313_49.out:    Running contrast 451/2515
deg_analysis.33079313_49.out:    Running contrast 501/2515
deg_analysis.33079313_49.out:    Running contrast 551/2515
deg_analysis.33079313_49.out:    Running contrast 601/2515
deg_analysis.33079313_49.out:    Running contrast 651/2515
deg_analysis.33079313_49.out:    Running contrast 701/2515
deg_analysis.33079313_49.out:    Running contrast 751/2515
deg_analysis.33079313_49.out:    Running contrast 801/2515
deg_analysis.33079313_49.out:    Running contrast 851/2515
deg_analysis.33079313_49.out:    Running contrast 901/2515
deg_analysis.33079313_49.out:    Running contrast 951/2515
deg_analysis.33079313_49.out:    Running contrast 1001/2515
deg_analysis.33079313_49.out:    Running contrast 1051/2515
deg_analysis.33079313_49.out:    Running contrast 1101/2515
deg_analysis.33079313_49.out:    Running contrast 1151/2515
deg_analysis.33079313_49.out:    Running contrast 1201/2515
deg_analysis.33079313_49.out:    Running contrast 1251/2515
deg_analysis.33079313_49.out:    Running contrast 1301/2515
deg_analysis.33079313_49.out:    Running contrast 1351/2515
deg_analysis.33079313_49.out:    Running contrast 1401/2515
deg_analysis.33079313_49.out:    Running contrast 1451/2515
deg_analysis.33079313_49.out:    Running contrast 1501/2515
deg_analysis.33079313_49.out:    Running contrast 1551/2515
deg_analysis.33079313_49.out:    Running contrast 1601/2515
deg_analysis.33079313_49.out:    Running contrast 1651/2515
deg_analysis.33079313_49.out:    Running contrast 1701/2515
deg_analysis.33079313_49.out:    Running contrast 1751/2515
deg_analysis.33079313_49.out:    Running contrast 1801/2515
deg_analysis.33079313_49.out:    Running contrast 1851/2515
deg_analysis.33079313_49.out:    Running contrast 1901/2515
deg_analysis.33079313_49.out:    Running contrast 1951/2515
deg_analysis.33079313_49.out:    Running contrast 2001/2515
deg_analysis.33079313_49.out:    Running contrast 2051/2515
deg_analysis.33079313_49.out:    Running contrast 2101/2515
deg_analysis.33079313_49.out:    Running contrast 2151/2515
deg_analysis.33079313_49.out:    Running contrast 2201/2515
deg_analysis.33079313_49.out:    Running contrast 2251/2515
deg_analysis.33079313_49.out:    Running contrast 2301/2515
deg_analysis.33079313_49.out:    Running contrast 2351/2515
deg_analysis.33079313_49.out:    Running contrast 2401/2515
deg_analysis.33079313_49.out:    Running contrast 2451/2515
deg_analysis.33079313_49.out:    Running contrast 2501/2515
deg_analysis.33079313_49.out:    Running contrast 2515/2515
deg_analysis.33079313_49.out:Contrasts are completed in 6429.2 seconds
deg_analysis.33079313_49.out:
deg_analysis.33079313_49.out:    Writing:  ./data/l1000_phase2/deg_data/sep_rep/full/qc_false/filter_min_cells_0/intermediate/CVCL_0035/CVCL_0035_batch_5_de.h5ad
deg_analysis.33079313_49.out:
deg_analysis.33079313_49.out:    Rewriting h5ad file: ./data/l1000_phase2/deg_data/sep_rep/full/qc_false/filter_min_cells_0/intermediate/CVCL_0035/CVCL_0035_batch_5_de.h5ad
deg_analysis.33079313_49.out:    Removed X matrix
deg_analysis.33079313_49.out:    Rewriting h5ad file is done!
deg_analysis.33079313_49.out:✓ Cell line completed in 6475.7 seconds
deg_analysis.33079313_49.out:
deg_analysis.33079313_49.out:DE analysis completed!
deg_analysis.33079313_49.out:
deg_analysis.33079313_49.out:Total runtime: 6487.1 seconds
deg_analysis.33079313_49.err:
deg_analysis.33079313_49.err:=== 1 Warnings encountered ===
deg_analysis.33079313_49.err:
deg_analysis.33079313_49.err:1. Partial NA coefficients for 978 probe(s)
deg_analysis.33079336_50.out:
deg_analysis.33079336_50.out:DE analysis started...
deg_analysis.33079336_50.out:Loaded input file:  ./data/l1000_phase2/pseudobulk_processed/sep_rep/by_celltype/CVCL_0035/CVCL_0035_processed_batch_6.h5ad
deg_analysis.33079336_50.out:Initial dimensions:  4510  samples ×  978  genes
deg_analysis.33079336_50.out:Filter samples with the low number of cells
deg_analysis.33079336_50.out:    Filter threshold (min_cells):  0
deg_analysis.33079336_50.out:    Found  4510  samples with sentinel value (-666), keeping all
deg_analysis.33079336_50.out:    n_obs:  4510 -->  4510
deg_analysis.33079336_50.out:
deg_analysis.33079336_50.out:▶︎ Processing cell_type:  CVCL_0035
deg_analysis.33079336_50.out:    Filter controls by  pert_time_h  column
deg_analysis.33079336_50.out:        n_obs:  4510 -->  4510
deg_analysis.33079336_50.out:
deg_analysis.33079336_50.out:    Constructing design matrix...
deg_analysis.33079336_50.out:    Design matrix is constructed in 0.4 seconds
deg_analysis.33079336_50.out:    Design matrix dimensions: 4510 samples × 2612 coefficients
deg_analysis.33079336_50.out:    Skipping filtering and normalization (dataset is already normalized)
deg_analysis.33079336_50.out:    Skipping voom transformation (dataset is already normalized)
deg_analysis.33079336_50.out:    Using as.matrix() directly for lmFit (data assumed to be normalized and log-transformed)...
deg_analysis.33079336_50.out:    as.matrix() prepared in 0.0 seconds
deg_analysis.33079336_50.out:    Running lmFit...
deg_analysis.33079336_50.out:Coefficients not estimable: plateLPROT003_PC3_6H_X1.A2_B22
deg_analysis.33079336_50.out:    LmFit is completed in 32.5 seconds
deg_analysis.33079336_50.out:DGE fit is completed in 33.8 seconds
deg_analysis.33079336_50.out:    Running contrasts...
deg_analysis.33079336_50.out:    Running contrast 1/2511
deg_analysis.33079336_50.out:    Running contrast 51/2511
deg_analysis.33079336_50.out:    Running contrast 101/2511
deg_analysis.33079336_50.out:    Running contrast 151/2511
deg_analysis.33079336_50.out:    Running contrast 201/2511
deg_analysis.33079336_50.out:    Running contrast 251/2511
deg_analysis.33079336_50.out:    Running contrast 301/2511
deg_analysis.33079336_50.out:    Running contrast 351/2511
deg_analysis.33079336_50.out:    Running contrast 401/2511
deg_analysis.33079336_50.out:    Running contrast 451/2511
deg_analysis.33079336_50.out:    Running contrast 501/2511
deg_analysis.33079336_50.out:    Running contrast 551/2511
deg_analysis.33079336_50.out:    Running contrast 601/2511
deg_analysis.33079336_50.out:    Running contrast 651/2511
deg_analysis.33079336_50.out:    Running contrast 701/2511
deg_analysis.33079336_50.out:    Running contrast 751/2511
deg_analysis.33079336_50.out:    Running contrast 801/2511
deg_analysis.33079336_50.out:    Running contrast 851/2511
deg_analysis.33079336_50.out:    Running contrast 901/2511
deg_analysis.33079336_50.out:    Running contrast 951/2511
deg_analysis.33079336_50.out:    Running contrast 1001/2511
deg_analysis.33079336_50.out:    Running contrast 1051/2511
deg_analysis.33079336_50.out:    Running contrast 1101/2511
deg_analysis.33079336_50.out:    Running contrast 1151/2511
deg_analysis.33079336_50.out:    Running contrast 1201/2511
deg_analysis.33079336_50.out:    Running contrast 1251/2511
deg_analysis.33079336_50.out:    Running contrast 1301/2511
deg_analysis.33079336_50.out:    Running contrast 1351/2511
deg_analysis.33079336_50.out:    Running contrast 1401/2511
deg_analysis.33079336_50.out:    Running contrast 1451/2511
deg_analysis.33079336_50.out:    Running contrast 1501/2511
deg_analysis.33079336_50.out:    Running contrast 1551/2511
deg_analysis.33079336_50.out:    Running contrast 1601/2511
deg_analysis.33079336_50.out:    Running contrast 1651/2511
deg_analysis.33079336_50.out:    Running contrast 1701/2511
deg_analysis.33079336_50.out:    Running contrast 1751/2511
deg_analysis.33079336_50.out:    Running contrast 1801/2511
deg_analysis.33079336_50.out:    Running contrast 1851/2511
deg_analysis.33079336_50.out:    Running contrast 1901/2511
deg_analysis.33079336_50.out:    Running contrast 1951/2511
deg_analysis.33079336_50.out:    Running contrast 2001/2511
deg_analysis.33079336_50.out:    Running contrast 2051/2511
deg_analysis.33079336_50.out:    Running contrast 2101/2511
deg_analysis.33079336_50.out:    Running contrast 2151/2511
deg_analysis.33079336_50.out:    Running contrast 2201/2511
deg_analysis.33079336_50.out:    Running contrast 2251/2511
deg_analysis.33079336_50.out:    Running contrast 2301/2511
deg_analysis.33079336_50.out:    Running contrast 2351/2511
deg_analysis.33079336_50.out:    Running contrast 2401/2511
deg_analysis.33079336_50.out:    Running contrast 2451/2511
deg_analysis.33079336_50.out:    Running contrast 2501/2511
deg_analysis.33079336_50.out:    Running contrast 2511/2511
deg_analysis.33079336_50.out:Contrasts are completed in 5747.6 seconds
deg_analysis.33079336_50.out:
deg_analysis.33079336_50.out:    Writing:  ./data/l1000_phase2/deg_data/sep_rep/full/qc_false/filter_min_cells_0/intermediate/CVCL_0035/CVCL_0035_batch_6_de.h5ad
deg_analysis.33079336_50.out:
deg_analysis.33079336_50.out:    Rewriting h5ad file: ./data/l1000_phase2/deg_data/sep_rep/full/qc_false/filter_min_cells_0/intermediate/CVCL_0035/CVCL_0035_batch_6_de.h5ad
deg_analysis.33079336_50.out:    Removed X matrix
deg_analysis.33079336_50.out:    Rewriting h5ad file is done!
deg_analysis.33079336_50.out:✓ Cell line completed in 5798.3 seconds
deg_analysis.33079336_50.out:
deg_analysis.33079336_50.out:DE analysis completed!
deg_analysis.33079336_50.out:
deg_analysis.33079336_50.out:Total runtime: 5809.1 seconds
deg_analysis.33079336_50.err:
deg_analysis.33079336_50.err:=== 1 Warnings encountered ===
deg_analysis.33079336_50.err:
deg_analysis.33079336_50.err:1. Partial NA coefficients for 978 probe(s)
deg_analysis.33079338_51.out:
deg_analysis.33079338_51.out:DE analysis started...
deg_analysis.33079338_51.out:Loaded input file:  ./data/l1000_phase2/pseudobulk_processed/sep_rep/by_celltype/CVCL_0035/CVCL_0035_processed_batch_7.h5ad
deg_analysis.33079338_51.out:Initial dimensions:  4501  samples ×  978  genes
deg_analysis.33079338_51.out:Filter samples with the low number of cells
deg_analysis.33079338_51.out:    Filter threshold (min_cells):  0
deg_analysis.33079338_51.out:    Found  4501  samples with sentinel value (-666), keeping all
deg_analysis.33079338_51.out:    n_obs:  4501 -->  4501
deg_analysis.33079338_51.out:
deg_analysis.33079338_51.out:▶︎ Processing cell_type:  CVCL_0035
deg_analysis.33079338_51.out:    Filter controls by  pert_time_h  column
deg_analysis.33079338_51.out:        n_obs:  4501 -->  4501
deg_analysis.33079338_51.out:
deg_analysis.33079338_51.out:    Constructing design matrix...
deg_analysis.33079338_51.out:    Design matrix is constructed in 0.4 seconds
deg_analysis.33079338_51.out:    Design matrix dimensions: 4501 samples × 2603 coefficients
deg_analysis.33079338_51.out:    Skipping filtering and normalization (dataset is already normalized)
deg_analysis.33079338_51.out:    Skipping voom transformation (dataset is already normalized)
deg_analysis.33079338_51.out:    Using as.matrix() directly for lmFit (data assumed to be normalized and log-transformed)...
deg_analysis.33079338_51.out:    as.matrix() prepared in 0.0 seconds
deg_analysis.33079338_51.out:    Running lmFit...
deg_analysis.33079338_51.out:Coefficients not estimable: plateLPROT003_PC3_6H_X1.A2_B22
deg_analysis.33079338_51.out:    LmFit is completed in 35.9 seconds
deg_analysis.33079338_51.out:DGE fit is completed in 37.3 seconds
deg_analysis.33079338_51.out:    Running contrasts...
deg_analysis.33079338_51.out:    Running contrast 1/2502
deg_analysis.33079338_51.out:    Running contrast 51/2502
deg_analysis.33079338_51.out:    Running contrast 101/2502
deg_analysis.33079338_51.out:    Running contrast 151/2502
deg_analysis.33079338_51.out:    Running contrast 201/2502
deg_analysis.33079338_51.out:    Running contrast 251/2502
deg_analysis.33079338_51.out:    Running contrast 301/2502
deg_analysis.33079338_51.out:    Running contrast 351/2502
deg_analysis.33079338_51.out:    Running contrast 401/2502
deg_analysis.33079338_51.out:    Running contrast 451/2502
deg_analysis.33079338_51.out:    Running contrast 501/2502
deg_analysis.33079338_51.out:    Running contrast 551/2502
deg_analysis.33079338_51.out:    Running contrast 601/2502
deg_analysis.33079338_51.out:    Running contrast 651/2502
deg_analysis.33079338_51.out:    Running contrast 701/2502
deg_analysis.33079338_51.out:    Running contrast 751/2502
deg_analysis.33079338_51.out:    Running contrast 801/2502
deg_analysis.33079338_51.out:    Running contrast 851/2502
deg_analysis.33079338_51.out:    Running contrast 901/2502
deg_analysis.33079338_51.out:    Running contrast 951/2502
deg_analysis.33079338_51.out:    Running contrast 1001/2502
deg_analysis.33079338_51.out:    Running contrast 1051/2502
deg_analysis.33079338_51.out:    Running contrast 1101/2502
deg_analysis.33079338_51.out:    Running contrast 1151/2502
deg_analysis.33079338_51.out:    Running contrast 1201/2502
deg_analysis.33079338_51.out:    Running contrast 1251/2502
deg_analysis.33079338_51.out:    Running contrast 1301/2502
deg_analysis.33079338_51.out:    Running contrast 1351/2502
deg_analysis.33079338_51.out:    Running contrast 1401/2502
deg_analysis.33079338_51.out:    Running contrast 1451/2502
deg_analysis.33079338_51.out:    Running contrast 1501/2502
deg_analysis.33079338_51.out:    Running contrast 1551/2502
deg_analysis.33079338_51.out:    Running contrast 1601/2502
deg_analysis.33079338_51.out:    Running contrast 1651/2502
deg_analysis.33079338_51.out:    Running contrast 1701/2502
deg_analysis.33079338_51.out:    Running contrast 1751/2502
deg_analysis.33079338_51.out:    Running contrast 1801/2502
deg_analysis.33079338_51.out:    Running contrast 1851/2502
deg_analysis.33079338_51.out:    Running contrast 1901/2502
deg_analysis.33079338_51.out:    Running contrast 1951/2502
deg_analysis.33079338_51.out:    Running contrast 2001/2502
deg_analysis.33079338_51.out:    Running contrast 2051/2502
deg_analysis.33079338_51.out:    Running contrast 2101/2502
deg_analysis.33079338_51.out:    Running contrast 2151/2502
deg_analysis.33079338_51.out:    Running contrast 2201/2502
deg_analysis.33079338_51.out:    Running contrast 2251/2502
deg_analysis.33079338_51.out:    Running contrast 2301/2502
deg_analysis.33079338_51.out:    Running contrast 2351/2502
deg_analysis.33079338_51.out:    Running contrast 2401/2502
deg_analysis.33079338_51.out:    Running contrast 2451/2502
deg_analysis.33079338_51.out:    Running contrast 2501/2502
deg_analysis.33079338_51.out:    Running contrast 2502/2502
deg_analysis.33079338_51.out:Contrasts are completed in 6065.0 seconds
deg_analysis.33079338_51.out:
deg_analysis.33079338_51.out:    Writing:  ./data/l1000_phase2/deg_data/sep_rep/full/qc_false/filter_min_cells_0/intermediate/CVCL_0035/CVCL_0035_batch_7_de.h5ad
deg_analysis.33079338_51.out:
deg_analysis.33079338_51.out:    Rewriting h5ad file: ./data/l1000_phase2/deg_data/sep_rep/full/qc_false/filter_min_cells_0/intermediate/CVCL_0035/CVCL_0035_batch_7_de.h5ad
deg_analysis.33079338_51.out:    Removed X matrix
deg_analysis.33079338_51.out:    Rewriting h5ad file is done!
deg_analysis.33079338_51.out:✓ Cell line completed in 6119.2 seconds
deg_analysis.33079338_51.out:
deg_analysis.33079338_51.out:DE analysis completed!
deg_analysis.33079338_51.out:
deg_analysis.33079338_51.out:Total runtime: 6130.2 seconds
deg_analysis.33079338_51.err:During startup - Warning messages:
deg_analysis.33079338_51.err:1: Setting LC_CTYPE failed, using "C"
deg_analysis.33079338_51.err:2: Setting LC_COLLATE failed, using "C"
deg_analysis.33079338_51.err:3: Setting LC_TIME failed, using "C"
deg_analysis.33079338_51.err:4: Setting LC_MESSAGES failed, using "C"
deg_analysis.33079338_51.err:5: Setting LC_MONETARY failed, using "C"
deg_analysis.33079338_51.err:6: Setting LC_PAPER failed, using "C"
deg_analysis.33079338_51.err:7: Setting LC_MEASUREMENT failed, using "C"
deg_analysis.33079338_51.err:
deg_analysis.33079338_51.err:=== 1 Warnings encountered ===
deg_analysis.33079338_51.err:
deg_analysis.33079338_51.err:1. Partial NA coefficients for 978 probe(s)
deg_analysis.33079349_52.out:
deg_analysis.33079349_52.out:DE analysis started...
deg_analysis.33079349_52.out:Loaded input file:  ./data/l1000_phase2/pseudobulk_processed/sep_rep/by_celltype/CVCL_0035/CVCL_0035_processed_batch_8.h5ad
deg_analysis.33079349_52.out:Initial dimensions:  4501  samples ×  978  genes
deg_analysis.33079349_52.out:Filter samples with the low number of cells
deg_analysis.33079349_52.out:    Filter threshold (min_cells):  0
deg_analysis.33079349_52.out:    Found  4501  samples with sentinel value (-666), keeping all
deg_analysis.33079349_52.out:    n_obs:  4501 -->  4501
deg_analysis.33079349_52.out:
deg_analysis.33079349_52.out:▶︎ Processing cell_type:  CVCL_0035
deg_analysis.33079349_52.out:    Filter controls by  pert_time_h  column
deg_analysis.33079349_52.out:        n_obs:  4501 -->  4501
deg_analysis.33079349_52.out:
deg_analysis.33079349_52.out:    Constructing design matrix...
deg_analysis.33079349_52.out:    Design matrix is constructed in 0.4 seconds
deg_analysis.33079349_52.out:    Design matrix dimensions: 4501 samples × 2603 coefficients
deg_analysis.33079349_52.out:    Skipping filtering and normalization (dataset is already normalized)
deg_analysis.33079349_52.out:    Skipping voom transformation (dataset is already normalized)
deg_analysis.33079349_52.out:    Using as.matrix() directly for lmFit (data assumed to be normalized and log-transformed)...
deg_analysis.33079349_52.out:    as.matrix() prepared in 0.0 seconds
deg_analysis.33079349_52.out:    Running lmFit...
deg_analysis.33079349_52.out:Coefficients not estimable: plateLPROT003_PC3_6H_X1.A2_B22
deg_analysis.33079349_52.out:    LmFit is completed in 30.3 seconds
deg_analysis.33079349_52.out:DGE fit is completed in 31.6 seconds
deg_analysis.33079349_52.out:    Running contrasts...
deg_analysis.33079349_52.out:    Running contrast 1/2502
deg_analysis.33079349_52.out:    Running contrast 51/2502
deg_analysis.33079349_52.out:    Running contrast 101/2502
deg_analysis.33079349_52.out:    Running contrast 151/2502
deg_analysis.33079349_52.out:    Running contrast 201/2502
deg_analysis.33079349_52.out:    Running contrast 251/2502
deg_analysis.33079349_52.out:    Running contrast 301/2502
deg_analysis.33079349_52.out:    Running contrast 351/2502
deg_analysis.33079349_52.out:    Running contrast 401/2502
deg_analysis.33079349_52.out:    Running contrast 451/2502
deg_analysis.33079349_52.out:    Running contrast 501/2502
deg_analysis.33079349_52.out:    Running contrast 551/2502
deg_analysis.33079349_52.out:    Running contrast 601/2502
deg_analysis.33079349_52.out:    Running contrast 651/2502
deg_analysis.33079349_52.out:    Running contrast 701/2502
deg_analysis.33079349_52.out:    Running contrast 751/2502
deg_analysis.33079349_52.out:    Running contrast 801/2502
deg_analysis.33079349_52.out:    Running contrast 851/2502
deg_analysis.33079349_52.out:    Running contrast 901/2502
deg_analysis.33079349_52.out:    Running contrast 951/2502
deg_analysis.33079349_52.out:    Running contrast 1001/2502
deg_analysis.33079349_52.out:    Running contrast 1051/2502
deg_analysis.33079349_52.out:    Running contrast 1101/2502
deg_analysis.33079349_52.out:    Running contrast 1151/2502
deg_analysis.33079349_52.out:    Running contrast 1201/2502
deg_analysis.33079349_52.out:    Running contrast 1251/2502
deg_analysis.33079349_52.out:    Running contrast 1301/2502
deg_analysis.33079349_52.out:    Running contrast 1351/2502
deg_analysis.33079349_52.out:    Running contrast 1401/2502
deg_analysis.33079349_52.out:    Running contrast 1451/2502
deg_analysis.33079349_52.out:    Running contrast 1501/2502
deg_analysis.33079349_52.out:    Running contrast 1551/2502
deg_analysis.33079349_52.out:    Running contrast 1601/2502
deg_analysis.33079349_52.out:    Running contrast 1651/2502
deg_analysis.33079349_52.out:    Running contrast 1701/2502
deg_analysis.33079349_52.out:    Running contrast 1751/2502
deg_analysis.33079349_52.out:    Running contrast 1801/2502
deg_analysis.33079349_52.out:    Running contrast 1851/2502
deg_analysis.33079349_52.out:    Running contrast 1901/2502
deg_analysis.33079349_52.out:    Running contrast 1951/2502
deg_analysis.33079349_52.out:    Running contrast 2001/2502
deg_analysis.33079349_52.out:    Running contrast 2051/2502
deg_analysis.33079349_52.out:    Running contrast 2101/2502
deg_analysis.33079349_52.out:    Running contrast 2151/2502
deg_analysis.33079349_52.out:    Running contrast 2201/2502
deg_analysis.33079349_52.out:    Running contrast 2251/2502
deg_analysis.33079349_52.out:    Running contrast 2301/2502
deg_analysis.33079349_52.out:    Running contrast 2351/2502
deg_analysis.33079349_52.out:    Running contrast 2401/2502
deg_analysis.33079349_52.out:    Running contrast 2451/2502
deg_analysis.33079349_52.out:    Running contrast 2501/2502
deg_analysis.33079349_52.out:    Running contrast 2502/2502
deg_analysis.33079349_52.out:Contrasts are completed in 5556.6 seconds
deg_analysis.33079349_52.out:
deg_analysis.33079349_52.out:    Writing:  ./data/l1000_phase2/deg_data/sep_rep/full/qc_false/filter_min_cells_0/intermediate/CVCL_0035/CVCL_0035_batch_8_de.h5ad
deg_analysis.33079349_52.out:
deg_analysis.33079349_52.out:    Rewriting h5ad file: ./data/l1000_phase2/deg_data/sep_rep/full/qc_false/filter_min_cells_0/intermediate/CVCL_0035/CVCL_0035_batch_8_de.h5ad
deg_analysis.33079349_52.out:    Removed X matrix
deg_analysis.33079349_52.out:    Rewriting h5ad file is done!
deg_analysis.33079349_52.out:✓ Cell line completed in 5604.7 seconds
deg_analysis.33079349_52.out:
deg_analysis.33079349_52.out:DE analysis completed!
deg_analysis.33079349_52.out:
deg_analysis.33079349_52.out:Total runtime: 5613.2 seconds
deg_analysis.33079349_52.err:During startup - Warning messages:
deg_analysis.33079349_52.err:1: Setting LC_CTYPE failed, using "C"
deg_analysis.33079349_52.err:2: Setting LC_COLLATE failed, using "C"
deg_analysis.33079349_52.err:3: Setting LC_TIME failed, using "C"
deg_analysis.33079349_52.err:4: Setting LC_MESSAGES failed, using "C"
deg_analysis.33079349_52.err:5: Setting LC_MONETARY failed, using "C"
deg_analysis.33079349_52.err:6: Setting LC_PAPER failed, using "C"
deg_analysis.33079349_52.err:7: Setting LC_MEASUREMENT failed, using "C"
deg_analysis.33079349_52.err:
deg_analysis.33079349_52.err:=== 1 Warnings encountered ===
deg_analysis.33079349_52.err:
deg_analysis.33079349_52.err:1. Partial NA coefficients for 978 probe(s)
deg_analysis.33079462_53.out:
deg_analysis.33079462_53.out:DE analysis started...
deg_analysis.33079462_53.out:Loaded input file:  ./data/l1000_phase2/pseudobulk_processed/sep_rep/by_celltype/CVCL_0035/CVCL_0035_processed_batch_9.h5ad
deg_analysis.33079462_53.out:Initial dimensions:  4507  samples ×  978  genes
deg_analysis.33079462_53.out:Filter samples with the low number of cells
deg_analysis.33079462_53.out:    Filter threshold (min_cells):  0
deg_analysis.33079462_53.out:    Found  4507  samples with sentinel value (-666), keeping all
deg_analysis.33079462_53.out:    n_obs:  4507 -->  4507
deg_analysis.33079462_53.out:
deg_analysis.33079462_53.out:▶︎ Processing cell_type:  CVCL_0035
deg_analysis.33079462_53.out:    Filter controls by  pert_time_h  column
deg_analysis.33079462_53.out:        n_obs:  4507 -->  4507
deg_analysis.33079462_53.out:
deg_analysis.33079462_53.out:    Constructing design matrix...
deg_analysis.33079462_53.out:    Design matrix is constructed in 0.5 seconds
deg_analysis.33079462_53.out:    Design matrix dimensions: 4507 samples × 2609 coefficients
deg_analysis.33079462_53.out:    Skipping filtering and normalization (dataset is already normalized)
deg_analysis.33079462_53.out:    Skipping voom transformation (dataset is already normalized)
deg_analysis.33079462_53.out:    Using as.matrix() directly for lmFit (data assumed to be normalized and log-transformed)...
deg_analysis.33079462_53.out:    as.matrix() prepared in 0.0 seconds
deg_analysis.33079462_53.out:    Running lmFit...
deg_analysis.33079462_53.out:Coefficients not estimable: plateLPROT003_PC3_6H_X1.A2_B22
deg_analysis.33079462_53.out:    LmFit is completed in 36.9 seconds
deg_analysis.33079462_53.out:DGE fit is completed in 38.3 seconds
deg_analysis.33079462_53.out:    Running contrasts...
deg_analysis.33079462_53.out:    Running contrast 1/2508
deg_analysis.33079462_53.out:    Running contrast 51/2508
deg_analysis.33079462_53.out:    Running contrast 101/2508
deg_analysis.33079462_53.out:    Running contrast 151/2508
deg_analysis.33079462_53.out:    Running contrast 201/2508
deg_analysis.33079462_53.out:    Running contrast 251/2508
deg_analysis.33079462_53.out:    Running contrast 301/2508
deg_analysis.33079462_53.out:    Running contrast 351/2508
deg_analysis.33079462_53.out:    Running contrast 401/2508
deg_analysis.33079462_53.out:    Running contrast 451/2508
deg_analysis.33079462_53.out:    Running contrast 501/2508
deg_analysis.33079462_53.out:    Running contrast 551/2508
deg_analysis.33079462_53.out:    Running contrast 601/2508
deg_analysis.33079462_53.out:    Running contrast 651/2508
deg_analysis.33079462_53.out:    Running contrast 701/2508
deg_analysis.33079462_53.out:    Running contrast 751/2508
deg_analysis.33079462_53.out:    Running contrast 801/2508
deg_analysis.33079462_53.out:    Running contrast 851/2508
deg_analysis.33079462_53.out:    Running contrast 901/2508
deg_analysis.33079462_53.out:    Running contrast 951/2508
deg_analysis.33079462_53.out:    Running contrast 1001/2508
deg_analysis.33079462_53.out:    Running contrast 1051/2508
deg_analysis.33079462_53.out:    Running contrast 1101/2508
deg_analysis.33079462_53.out:    Running contrast 1151/2508
deg_analysis.33079462_53.out:    Running contrast 1201/2508
deg_analysis.33079462_53.out:    Running contrast 1251/2508
deg_analysis.33079462_53.out:    Running contrast 1301/2508
deg_analysis.33079462_53.out:    Running contrast 1351/2508
deg_analysis.33079462_53.out:    Running contrast 1401/2508
deg_analysis.33079462_53.out:    Running contrast 1451/2508
deg_analysis.33079462_53.out:    Running contrast 1501/2508
deg_analysis.33079462_53.out:    Running contrast 1551/2508
deg_analysis.33079462_53.out:    Running contrast 1601/2508
deg_analysis.33079462_53.out:    Running contrast 1651/2508
deg_analysis.33079462_53.out:    Running contrast 1701/2508
deg_analysis.33079462_53.out:    Running contrast 1751/2508
deg_analysis.33079462_53.out:    Running contrast 1801/2508
deg_analysis.33079462_53.out:    Running contrast 1851/2508
deg_analysis.33079462_53.out:    Running contrast 1901/2508
deg_analysis.33079462_53.out:    Running contrast 1951/2508
deg_analysis.33079462_53.out:    Running contrast 2001/2508
deg_analysis.33079462_53.out:    Running contrast 2051/2508
deg_analysis.33079462_53.out:    Running contrast 2101/2508
deg_analysis.33079462_53.out:    Running contrast 2151/2508
deg_analysis.33079462_53.out:    Running contrast 2201/2508
deg_analysis.33079462_53.out:    Running contrast 2251/2508
deg_analysis.33079462_53.out:    Running contrast 2301/2508
deg_analysis.33079462_53.out:    Running contrast 2351/2508
deg_analysis.33079462_53.out:    Running contrast 2401/2508
deg_analysis.33079462_53.out:    Running contrast 2451/2508
deg_analysis.33079462_53.out:    Running contrast 2501/2508
deg_analysis.33079462_53.out:    Running contrast 2508/2508
deg_analysis.33079462_53.out:Contrasts are completed in 7291.2 seconds
deg_analysis.33079462_53.out:
deg_analysis.33079462_53.out:    Writing:  ./data/l1000_phase2/deg_data/sep_rep/full/qc_false/filter_min_cells_0/intermediate/CVCL_0035/CVCL_0035_batch_9_de.h5ad
deg_analysis.33079462_53.out:
deg_analysis.33079462_53.out:    Rewriting h5ad file: ./data/l1000_phase2/deg_data/sep_rep/full/qc_false/filter_min_cells_0/intermediate/CVCL_0035/CVCL_0035_batch_9_de.h5ad
deg_analysis.33079462_53.out:    Removed X matrix
deg_analysis.33079462_53.out:    Rewriting h5ad file is done!
deg_analysis.33079462_53.out:✓ Cell line completed in 7347.6 seconds
deg_analysis.33079462_53.out:
deg_analysis.33079462_53.out:DE analysis completed!
deg_analysis.33079462_53.out:
deg_analysis.33079462_53.out:Total runtime: 7396.2 seconds
deg_analysis.33079462_53.err:
deg_analysis.33079462_53.err:=== 1 Warnings encountered ===
deg_analysis.33079462_53.err:
deg_analysis.33079462_53.err:1. Partial NA coefficients for 978 probe(s)
deg_analysis.33079489_54.out:
deg_analysis.33079489_54.out:DE analysis started...
deg_analysis.33079489_54.out:Loaded input file:  ./data/l1000_phase2/pseudobulk_processed/sep_rep/by_celltype/CVCL_0062/CVCL_0062_processed_batch_1.h5ad
deg_analysis.33079489_54.out:Initial dimensions:  2827  samples ×  978  genes
deg_analysis.33079489_54.out:Filter samples with the low number of cells
deg_analysis.33079489_54.out:    Filter threshold (min_cells):  0
deg_analysis.33079489_54.out:    Found  2827  samples with sentinel value (-666), keeping all
deg_analysis.33079489_54.out:    n_obs:  2827 -->  2827
deg_analysis.33079489_54.out:
deg_analysis.33079489_54.out:▶︎ Processing cell_type:  CVCL_0062
deg_analysis.33079489_54.out:    Filter controls by  pert_time_h  column
deg_analysis.33079489_54.out:        n_obs:  2827 -->  2827
deg_analysis.33079489_54.out:
deg_analysis.33079489_54.out:    Constructing design matrix...
deg_analysis.33079489_54.out:    Design matrix is constructed in 0.4 seconds
deg_analysis.33079489_54.out:    Design matrix dimensions: 2827 samples × 2541 coefficients
deg_analysis.33079489_54.out:    Skipping filtering and normalization (dataset is already normalized)
deg_analysis.33079489_54.out:    Skipping voom transformation (dataset is already normalized)
deg_analysis.33079489_54.out:    Using as.matrix() directly for lmFit (data assumed to be normalized and log-transformed)...
deg_analysis.33079489_54.out:    as.matrix() prepared in 0.0 seconds
deg_analysis.33079489_54.out:    Running lmFit...
deg_analysis.33079489_54.out:Coefficients not estimable: plateLJP006_MDAMB231_3H_X3_B17
deg_analysis.33079489_54.out:    LmFit is completed in 7.1 seconds
deg_analysis.33079489_54.out:DGE fit is completed in 8.1 seconds
deg_analysis.33079489_54.out:    Running contrasts...
deg_analysis.33079489_54.out:    Running contrast 1/2528
deg_analysis.33079489_54.out:    Running contrast 51/2528
deg_analysis.33079489_54.out:    Running contrast 101/2528
deg_analysis.33079489_54.out:    Running contrast 151/2528
deg_analysis.33079489_54.out:    Running contrast 201/2528
deg_analysis.33079489_54.out:    Running contrast 251/2528
deg_analysis.33079489_54.out:    Running contrast 301/2528
deg_analysis.33079489_54.out:    Running contrast 351/2528
deg_analysis.33079489_54.out:    Running contrast 401/2528
deg_analysis.33079489_54.out:    Running contrast 451/2528
deg_analysis.33079489_54.out:    Running contrast 501/2528
deg_analysis.33079489_54.out:    Running contrast 551/2528
deg_analysis.33079489_54.out:    Running contrast 601/2528
deg_analysis.33079489_54.out:    Running contrast 651/2528
deg_analysis.33079489_54.out:    Running contrast 701/2528
deg_analysis.33079489_54.out:    Running contrast 751/2528
deg_analysis.33079489_54.out:    Running contrast 801/2528
deg_analysis.33079489_54.out:    Running contrast 851/2528
deg_analysis.33079489_54.out:    Running contrast 901/2528
deg_analysis.33079489_54.out:    Running contrast 951/2528
deg_analysis.33079489_54.out:    Running contrast 1001/2528
deg_analysis.33079489_54.out:    Running contrast 1051/2528
deg_analysis.33079489_54.out:    Running contrast 1101/2528
deg_analysis.33079489_54.out:    Running contrast 1151/2528
deg_analysis.33079489_54.out:    Running contrast 1201/2528
deg_analysis.33079489_54.out:    Running contrast 1251/2528
deg_analysis.33079489_54.out:    Running contrast 1301/2528
deg_analysis.33079489_54.out:    Running contrast 1351/2528
deg_analysis.33079489_54.out:    Running contrast 1401/2528
deg_analysis.33079489_54.out:    Running contrast 1451/2528
deg_analysis.33079489_54.out:    Running contrast 1501/2528
deg_analysis.33079489_54.out:    Running contrast 1551/2528
deg_analysis.33079489_54.out:    Running contrast 1601/2528
deg_analysis.33079489_54.out:    Running contrast 1651/2528
deg_analysis.33079489_54.out:    Running contrast 1701/2528
deg_analysis.33079489_54.out:    Running contrast 1751/2528
deg_analysis.33079489_54.out:    Running contrast 1801/2528
deg_analysis.33079489_54.out:    Running contrast 1851/2528
deg_analysis.33079489_54.out:    Running contrast 1901/2528
deg_analysis.33079489_54.out:    Running contrast 1951/2528
deg_analysis.33079489_54.out:    Running contrast 2001/2528
deg_analysis.33079489_54.out:    Running contrast 2051/2528
deg_analysis.33079489_54.out:    Running contrast 2101/2528
deg_analysis.33079489_54.out:    Running contrast 2151/2528
deg_analysis.33079489_54.out:    Running contrast 2201/2528
deg_analysis.33079489_54.out:    Running contrast 2251/2528
deg_analysis.33079489_54.out:    Running contrast 2301/2528
deg_analysis.33079489_54.out:    Running contrast 2351/2528
deg_analysis.33079489_54.out:    Running contrast 2401/2528
deg_analysis.33079489_54.out:    Running contrast 2451/2528
deg_analysis.33079489_54.out:    Running contrast 2501/2528
deg_analysis.33079489_54.out:    Running contrast 2528/2528
deg_analysis.33079489_54.out:Contrasts are completed in 3822.6 seconds
deg_analysis.33079489_54.out:
deg_analysis.33079489_54.out:    Writing:  ./data/l1000_phase2/deg_data/sep_rep/full/qc_false/filter_min_cells_0/intermediate/CVCL_0062/CVCL_0062_batch_1_de.h5ad
deg_analysis.33079489_54.out:
deg_analysis.33079489_54.out:    Rewriting h5ad file: ./data/l1000_phase2/deg_data/sep_rep/full/qc_false/filter_min_cells_0/intermediate/CVCL_0062/CVCL_0062_batch_1_de.h5ad
deg_analysis.33079489_54.out:    Removed X matrix
deg_analysis.33079489_54.out:    Rewriting h5ad file is done!
deg_analysis.33079489_54.out:✓ Cell line completed in 3843.2 seconds
deg_analysis.33079489_54.out:
deg_analysis.33079489_54.out:DE analysis completed!
deg_analysis.33079489_54.out:
deg_analysis.33079489_54.out:Total runtime: 3883.9 seconds
deg_analysis.33079489_54.err:During startup - Warning messages:
deg_analysis.33079489_54.err:1: Setting LC_CTYPE failed, using "C"
deg_analysis.33079489_54.err:2: Setting LC_COLLATE failed, using "C"
deg_analysis.33079489_54.err:3: Setting LC_TIME failed, using "C"
deg_analysis.33079489_54.err:4: Setting LC_MESSAGES failed, using "C"
deg_analysis.33079489_54.err:5: Setting LC_MONETARY failed, using "C"
deg_analysis.33079489_54.err:6: Setting LC_PAPER failed, using "C"
deg_analysis.33079489_54.err:7: Setting LC_MEASUREMENT failed, using "C"
deg_analysis.33079489_54.err:
deg_analysis.33079489_54.err:=== 1 Warnings encountered ===
deg_analysis.33079489_54.err:
deg_analysis.33079489_54.err:1. Partial NA coefficients for 978 probe(s)
deg_analysis.33079520_55.out:
deg_analysis.33079520_55.out:DE analysis started...
deg_analysis.33079520_55.out:Loaded input file:  ./data/l1000_phase2/pseudobulk_processed/sep_rep/by_celltype/CVCL_0062/CVCL_0062_processed_batch_2.h5ad
deg_analysis.33079520_55.out:Initial dimensions:  2817  samples ×  978  genes
deg_analysis.33079520_55.out:Filter samples with the low number of cells
deg_analysis.33079520_55.out:    Filter threshold (min_cells):  0
deg_analysis.33079520_55.out:    Found  2817  samples with sentinel value (-666), keeping all
deg_analysis.33079520_55.out:    n_obs:  2817 -->  2817
deg_analysis.33079520_55.out:
deg_analysis.33079520_55.out:▶︎ Processing cell_type:  CVCL_0062
deg_analysis.33079520_55.out:    Filter controls by  pert_time_h  column
deg_analysis.33079520_55.out:        n_obs:  2817 -->  2817
deg_analysis.33079520_55.out:
deg_analysis.33079520_55.out:    Constructing design matrix...
deg_analysis.33079520_55.out:    Design matrix is constructed in 0.3 seconds
deg_analysis.33079520_55.out:    Design matrix dimensions: 2817 samples × 2531 coefficients
deg_analysis.33079520_55.out:    Skipping filtering and normalization (dataset is already normalized)
deg_analysis.33079520_55.out:    Skipping voom transformation (dataset is already normalized)
deg_analysis.33079520_55.out:    Using as.matrix() directly for lmFit (data assumed to be normalized and log-transformed)...
deg_analysis.33079520_55.out:    as.matrix() prepared in 0.0 seconds
deg_analysis.33079520_55.out:    Running lmFit...
deg_analysis.33079520_55.out:Coefficients not estimable: plateLJP006_MDAMB231_3H_X3_B17
deg_analysis.33079520_55.out:    LmFit is completed in 11.3 seconds
deg_analysis.33079520_55.out:DGE fit is completed in 12.1 seconds
deg_analysis.33079520_55.out:    Running contrasts...
deg_analysis.33079520_55.out:    Running contrast 1/2518
deg_analysis.33079520_55.out:    Running contrast 51/2518
deg_analysis.33079520_55.out:    Running contrast 101/2518
deg_analysis.33079520_55.out:    Running contrast 151/2518
deg_analysis.33079520_55.out:    Running contrast 201/2518
deg_analysis.33079520_55.out:    Running contrast 251/2518
deg_analysis.33079520_55.out:    Running contrast 301/2518
deg_analysis.33079520_55.out:    Running contrast 351/2518
deg_analysis.33079520_55.out:    Running contrast 401/2518
deg_analysis.33079520_55.out:    Running contrast 451/2518
deg_analysis.33079520_55.out:    Running contrast 501/2518
deg_analysis.33079520_55.out:    Running contrast 551/2518
deg_analysis.33079520_55.out:    Running contrast 601/2518
deg_analysis.33079520_55.out:    Running contrast 651/2518
deg_analysis.33079520_55.out:    Running contrast 701/2518
deg_analysis.33079520_55.out:    Running contrast 751/2518
deg_analysis.33079520_55.out:    Running contrast 801/2518
deg_analysis.33079520_55.out:    Running contrast 851/2518
deg_analysis.33079520_55.out:    Running contrast 901/2518
deg_analysis.33079520_55.out:    Running contrast 951/2518
deg_analysis.33079520_55.out:    Running contrast 1001/2518
deg_analysis.33079520_55.out:    Running contrast 1051/2518
deg_analysis.33079520_55.out:    Running contrast 1101/2518
deg_analysis.33079520_55.out:    Running contrast 1151/2518
deg_analysis.33079520_55.out:    Running contrast 1201/2518
deg_analysis.33079520_55.out:    Running contrast 1251/2518
deg_analysis.33079520_55.out:    Running contrast 1301/2518
deg_analysis.33079520_55.out:    Running contrast 1351/2518
deg_analysis.33079520_55.out:    Running contrast 1401/2518
deg_analysis.33079520_55.out:    Running contrast 1451/2518
deg_analysis.33079520_55.out:    Running contrast 1501/2518
deg_analysis.33079520_55.out:    Running contrast 1551/2518
deg_analysis.33079520_55.out:    Running contrast 1601/2518
deg_analysis.33079520_55.out:    Running contrast 1651/2518
deg_analysis.33079520_55.out:    Running contrast 1701/2518
deg_analysis.33079520_55.out:    Running contrast 1751/2518
deg_analysis.33079520_55.out:    Running contrast 1801/2518
deg_analysis.33079520_55.out:    Running contrast 1851/2518
deg_analysis.33079520_55.out:    Running contrast 1901/2518
deg_analysis.33079520_55.out:    Running contrast 1951/2518
deg_analysis.33079520_55.out:    Running contrast 2001/2518
deg_analysis.33079520_55.out:    Running contrast 2051/2518
deg_analysis.33079520_55.out:    Running contrast 2101/2518
deg_analysis.33079520_55.out:    Running contrast 2151/2518
deg_analysis.33079520_55.out:    Running contrast 2201/2518
deg_analysis.33079520_55.out:    Running contrast 2251/2518
deg_analysis.33079520_55.out:    Running contrast 2301/2518
deg_analysis.33079520_55.out:    Running contrast 2351/2518
deg_analysis.33079520_55.out:    Running contrast 2401/2518
deg_analysis.33079520_55.out:    Running contrast 2451/2518
deg_analysis.33079520_55.out:    Running contrast 2501/2518
deg_analysis.33079520_55.out:    Running contrast 2518/2518
deg_analysis.33079520_55.out:Contrasts are completed in 5191.1 seconds
deg_analysis.33079520_55.out:
deg_analysis.33079520_55.out:    Writing:  ./data/l1000_phase2/deg_data/sep_rep/full/qc_false/filter_min_cells_0/intermediate/CVCL_0062/CVCL_0062_batch_2_de.h5ad
deg_analysis.33079520_55.out:
deg_analysis.33079520_55.out:    Rewriting h5ad file: ./data/l1000_phase2/deg_data/sep_rep/full/qc_false/filter_min_cells_0/intermediate/CVCL_0062/CVCL_0062_batch_2_de.h5ad
deg_analysis.33079520_55.out:    Removed X matrix
deg_analysis.33079520_55.out:    Rewriting h5ad file is done!
deg_analysis.33079520_55.out:✓ Cell line completed in 5218.7 seconds
deg_analysis.33079520_55.out:
deg_analysis.33079520_55.out:DE analysis completed!
deg_analysis.33079520_55.out:
deg_analysis.33079520_55.out:Total runtime: 5232.5 seconds
deg_analysis.33079520_55.err:During startup - Warning messages:
deg_analysis.33079520_55.err:1: Setting LC_CTYPE failed, using "C"
deg_analysis.33079520_55.err:2: Setting LC_COLLATE failed, using "C"
deg_analysis.33079520_55.err:3: Setting LC_TIME failed, using "C"
deg_analysis.33079520_55.err:4: Setting LC_MESSAGES failed, using "C"
deg_analysis.33079520_55.err:5: Setting LC_MONETARY failed, using "C"
deg_analysis.33079520_55.err:6: Setting LC_PAPER failed, using "C"
deg_analysis.33079520_55.err:7: Setting LC_MEASUREMENT failed, using "C"
deg_analysis.33079520_55.err:
deg_analysis.33079520_55.err:=== 1 Warnings encountered ===
deg_analysis.33079520_55.err:
deg_analysis.33079520_55.err:1. Partial NA coefficients for 978 probe(s)
deg_analysis.33079524_56.out:
deg_analysis.33079524_56.out:DE analysis started...
deg_analysis.33079524_56.out:Loaded input file:  ./data/l1000_phase2/pseudobulk_processed/sep_rep/by_celltype/CVCL_0065/CVCL_0065_processed.h5ad
deg_analysis.33079524_56.out:Initial dimensions:  724  samples ×  978  genes
deg_analysis.33079524_56.out:Filter samples with the low number of cells
deg_analysis.33079524_56.out:    Filter threshold (min_cells):  0
deg_analysis.33079524_56.out:    Found  724  samples with sentinel value (-666), keeping all
deg_analysis.33079524_56.out:    n_obs:  724 -->  724
deg_analysis.33079524_56.out:
deg_analysis.33079524_56.out:▶︎ Processing cell_type:  CVCL_0065
deg_analysis.33079524_56.out:    Filter controls by  pert_time_h  column
deg_analysis.33079524_56.out:        n_obs:  724 -->  724
deg_analysis.33079524_56.out:
deg_analysis.33079524_56.out:    Constructing design matrix...
deg_analysis.33079524_56.out:    Design matrix is constructed in 0.0 seconds
deg_analysis.33079524_56.out:    Design matrix dimensions: 724 samples × 682 coefficients
deg_analysis.33079524_56.out:    Skipping filtering and normalization (dataset is already normalized)
deg_analysis.33079524_56.out:    Skipping voom transformation (dataset is already normalized)
deg_analysis.33079524_56.out:    Using as.matrix() directly for lmFit (data assumed to be normalized and log-transformed)...
deg_analysis.33079524_56.out:    as.matrix() prepared in 0.0 seconds
deg_analysis.33079524_56.out:    Running lmFit...
deg_analysis.33079524_56.out:    LmFit is completed in 0.9 seconds
deg_analysis.33079524_56.out:DGE fit is completed in 1.1 seconds
deg_analysis.33079524_56.out:    Running contrasts...
deg_analysis.33079524_56.out:    Running contrast 1/680
deg_analysis.33079524_56.out:    Running contrast 51/680
deg_analysis.33079524_56.out:    Running contrast 101/680
deg_analysis.33079524_56.out:    Running contrast 151/680
deg_analysis.33079524_56.out:    Running contrast 201/680
deg_analysis.33079524_56.out:    Running contrast 251/680
deg_analysis.33079524_56.out:    Running contrast 301/680
deg_analysis.33079524_56.out:    Running contrast 351/680
deg_analysis.33079524_56.out:    Running contrast 401/680
deg_analysis.33079524_56.out:    Running contrast 451/680
deg_analysis.33079524_56.out:    Running contrast 501/680
deg_analysis.33079524_56.out:    Running contrast 551/680
deg_analysis.33079524_56.out:    Running contrast 601/680
deg_analysis.33079524_56.out:    Running contrast 651/680
deg_analysis.33079524_56.out:    Running contrast 680/680
deg_analysis.33079524_56.out:Contrasts are completed in 120.7 seconds
deg_analysis.33079524_56.out:
deg_analysis.33079524_56.out:    Writing:  ./data/l1000_phase2/deg_data/sep_rep/full/qc_false/filter_min_cells_0/intermediate/CVCL_0065/CVCL_0065_de.h5ad
deg_analysis.33079524_56.out:
deg_analysis.33079524_56.out:    Rewriting h5ad file: ./data/l1000_phase2/deg_data/sep_rep/full/qc_false/filter_min_cells_0/intermediate/CVCL_0065/CVCL_0065_de.h5ad
deg_analysis.33079524_56.out:    Removed X matrix
deg_analysis.33079524_56.out:    Rewriting h5ad file is done!
deg_analysis.33079524_56.out:✓ Cell line completed in 127.4 seconds
deg_analysis.33079524_56.out:
deg_analysis.33079524_56.out:DE analysis completed!
deg_analysis.33079524_56.out:
deg_analysis.33079524_56.out:Total runtime: 140.4 seconds
deg_analysis.33079526_57.out:
deg_analysis.33079526_57.out:DE analysis started...
deg_analysis.33079526_57.out:Loaded input file:  ./data/l1000_phase2/pseudobulk_processed/sep_rep/by_celltype/CVCL_0132/CVCL_0132_processed_batch_10.h5ad
deg_analysis.33079526_57.out:Initial dimensions:  4542  samples ×  978  genes
deg_analysis.33079526_57.out:Filter samples with the low number of cells
deg_analysis.33079526_57.out:    Filter threshold (min_cells):  0
deg_analysis.33079526_57.out:    Found  4542  samples with sentinel value (-666), keeping all
deg_analysis.33079526_57.out:    n_obs:  4542 -->  4542
deg_analysis.33079526_57.out:
deg_analysis.33079526_57.out:▶︎ Processing cell_type:  CVCL_0132
deg_analysis.33079526_57.out:    Filter controls by  pert_time_h  column
deg_analysis.33079526_57.out:        n_obs:  4542 -->  4542
deg_analysis.33079526_57.out:
deg_analysis.33079526_57.out:    Constructing design matrix...
deg_analysis.33079526_57.out:    Design matrix is constructed in 0.5 seconds
deg_analysis.33079526_57.out:    Design matrix dimensions: 4542 samples × 2606 coefficients
deg_analysis.33079526_57.out:    Skipping filtering and normalization (dataset is already normalized)
deg_analysis.33079526_57.out:    Skipping voom transformation (dataset is already normalized)
deg_analysis.33079526_57.out:    Using as.matrix() directly for lmFit (data assumed to be normalized and log-transformed)...
deg_analysis.33079526_57.out:    as.matrix() prepared in 0.0 seconds
deg_analysis.33079526_57.out:    Running lmFit...
deg_analysis.33079526_57.out:Coefficients not estimable: plateLPROT003_A375_6H_X1.A2_B22
deg_analysis.33079526_57.out:    LmFit is completed in 39.5 seconds
deg_analysis.33079526_57.out:DGE fit is completed in 40.9 seconds
deg_analysis.33079526_57.out:    Running contrasts...
deg_analysis.33079526_57.out:    Running contrast 1/2503
deg_analysis.33079526_57.out:    Running contrast 51/2503
deg_analysis.33079526_57.out:    Running contrast 101/2503
deg_analysis.33079526_57.out:    Running contrast 151/2503
deg_analysis.33079526_57.out:    Running contrast 201/2503
deg_analysis.33079526_57.out:    Running contrast 251/2503
deg_analysis.33079526_57.out:    Running contrast 301/2503
deg_analysis.33079526_57.out:    Running contrast 351/2503
deg_analysis.33079526_57.out:    Running contrast 401/2503
deg_analysis.33079526_57.out:    Running contrast 451/2503
deg_analysis.33079526_57.out:    Running contrast 501/2503
deg_analysis.33079526_57.out:    Running contrast 551/2503
deg_analysis.33079526_57.out:    Running contrast 601/2503
deg_analysis.33079526_57.out:    Running contrast 651/2503
deg_analysis.33079526_57.out:    Running contrast 701/2503
deg_analysis.33079526_57.out:    Running contrast 751/2503
deg_analysis.33079526_57.out:    Running contrast 801/2503
deg_analysis.33079526_57.out:    Running contrast 851/2503
deg_analysis.33079526_57.out:    Running contrast 901/2503
deg_analysis.33079526_57.out:    Running contrast 951/2503
deg_analysis.33079526_57.out:    Running contrast 1001/2503
deg_analysis.33079526_57.out:    Running contrast 1051/2503
deg_analysis.33079526_57.out:    Running contrast 1101/2503
deg_analysis.33079526_57.out:    Running contrast 1151/2503
deg_analysis.33079526_57.out:    Running contrast 1201/2503
deg_analysis.33079526_57.out:    Running contrast 1251/2503
deg_analysis.33079526_57.out:    Running contrast 1301/2503
deg_analysis.33079526_57.out:    Running contrast 1351/2503
deg_analysis.33079526_57.out:    Running contrast 1401/2503
deg_analysis.33079526_57.out:    Running contrast 1451/2503
deg_analysis.33079526_57.out:    Running contrast 1501/2503
deg_analysis.33079526_57.out:    Running contrast 1551/2503
deg_analysis.33079526_57.out:    Running contrast 1601/2503
deg_analysis.33079526_57.out:    Running contrast 1651/2503
deg_analysis.33079526_57.out:    Running contrast 1701/2503
deg_analysis.33079526_57.out:    Running contrast 1751/2503
deg_analysis.33079526_57.out:    Running contrast 1801/2503
deg_analysis.33079526_57.out:    Running contrast 1851/2503
deg_analysis.33079526_57.out:    Running contrast 1901/2503
deg_analysis.33079526_57.out:    Running contrast 1951/2503
deg_analysis.33079526_57.out:    Running contrast 2001/2503
deg_analysis.33079526_57.out:    Running contrast 2051/2503
deg_analysis.33079526_57.out:    Running contrast 2101/2503
deg_analysis.33079526_57.out:    Running contrast 2151/2503
deg_analysis.33079526_57.out:    Running contrast 2201/2503
deg_analysis.33079526_57.out:    Running contrast 2251/2503
deg_analysis.33079526_57.out:    Running contrast 2301/2503
deg_analysis.33079526_57.out:    Running contrast 2351/2503
deg_analysis.33079526_57.out:    Running contrast 2401/2503
deg_analysis.33079526_57.out:    Running contrast 2451/2503
deg_analysis.33079526_57.out:    Running contrast 2501/2503
deg_analysis.33079526_57.out:    Running contrast 2503/2503
deg_analysis.33079526_57.out:Contrasts are completed in 8617.2 seconds
deg_analysis.33079526_57.out:
deg_analysis.33079526_57.out:    Writing:  ./data/l1000_phase2/deg_data/sep_rep/full/qc_false/filter_min_cells_0/intermediate/CVCL_0132/CVCL_0132_batch_10_de.h5ad
deg_analysis.33079526_57.out:
deg_analysis.33079526_57.out:    Rewriting h5ad file: ./data/l1000_phase2/deg_data/sep_rep/full/qc_false/filter_min_cells_0/intermediate/CVCL_0132/CVCL_0132_batch_10_de.h5ad
deg_analysis.33079526_57.out:    Removed X matrix
deg_analysis.33079526_57.out:    Rewriting h5ad file is done!
deg_analysis.33079526_57.out:✓ Cell line completed in 8676.0 seconds
deg_analysis.33079526_57.out:
deg_analysis.33079526_57.out:DE analysis completed!
deg_analysis.33079526_57.out:
deg_analysis.33079526_57.out:Total runtime: 8684.5 seconds
deg_analysis.33079526_57.err:
deg_analysis.33079526_57.err:=== 1 Warnings encountered ===
deg_analysis.33079526_57.err:
deg_analysis.33079526_57.err:1. Partial NA coefficients for 978 probe(s)
deg_analysis.33079528_58.out:
deg_analysis.33079528_58.out:DE analysis started...
deg_analysis.33079528_58.out:Loaded input file:  ./data/l1000_phase2/pseudobulk_processed/sep_rep/by_celltype/CVCL_0132/CVCL_0132_processed_batch_11.h5ad
deg_analysis.33079528_58.out:Initial dimensions:  4539  samples ×  978  genes
deg_analysis.33079528_58.out:Filter samples with the low number of cells
deg_analysis.33079528_58.out:    Filter threshold (min_cells):  0
deg_analysis.33079528_58.out:    Found  4539  samples with sentinel value (-666), keeping all
deg_analysis.33079528_58.out:    n_obs:  4539 -->  4539
deg_analysis.33079528_58.out:
deg_analysis.33079528_58.out:▶︎ Processing cell_type:  CVCL_0132
deg_analysis.33079528_58.out:    Filter controls by  pert_time_h  column
deg_analysis.33079528_58.out:        n_obs:  4539 -->  4539
deg_analysis.33079528_58.out:
deg_analysis.33079528_58.out:    Constructing design matrix...
deg_analysis.33079528_58.out:    Design matrix is constructed in 0.4 seconds
deg_analysis.33079528_58.out:    Design matrix dimensions: 4539 samples × 2603 coefficients
deg_analysis.33079528_58.out:    Skipping filtering and normalization (dataset is already normalized)
deg_analysis.33079528_58.out:    Skipping voom transformation (dataset is already normalized)
deg_analysis.33079528_58.out:    Using as.matrix() directly for lmFit (data assumed to be normalized and log-transformed)...
deg_analysis.33079528_58.out:    as.matrix() prepared in 0.0 seconds
deg_analysis.33079528_58.out:    Running lmFit...
deg_analysis.33079528_58.out:Coefficients not estimable: plateLPROT003_A375_6H_X1.A2_B22
deg_analysis.33079528_58.out:    LmFit is completed in 38.9 seconds
deg_analysis.33079528_58.out:DGE fit is completed in 40.3 seconds
deg_analysis.33079528_58.out:    Running contrasts...
deg_analysis.33079528_58.out:    Running contrast 1/2500
deg_analysis.33079528_58.out:    Running contrast 51/2500
deg_analysis.33079528_58.out:    Running contrast 101/2500
deg_analysis.33079528_58.out:    Running contrast 151/2500
deg_analysis.33079528_58.out:    Running contrast 201/2500
deg_analysis.33079528_58.out:    Running contrast 251/2500
deg_analysis.33079528_58.out:    Running contrast 301/2500
deg_analysis.33079528_58.out:    Running contrast 351/2500
deg_analysis.33079528_58.out:    Running contrast 401/2500
deg_analysis.33079528_58.out:    Running contrast 451/2500
deg_analysis.33079528_58.out:    Running contrast 501/2500
deg_analysis.33079528_58.out:    Running contrast 551/2500
deg_analysis.33079528_58.out:    Running contrast 601/2500
deg_analysis.33079528_58.out:    Running contrast 651/2500
deg_analysis.33079528_58.out:    Running contrast 701/2500
deg_analysis.33079528_58.out:    Running contrast 751/2500
deg_analysis.33079528_58.out:    Running contrast 801/2500
deg_analysis.33079528_58.out:    Running contrast 851/2500
deg_analysis.33079528_58.out:    Running contrast 901/2500
deg_analysis.33079528_58.out:    Running contrast 951/2500
deg_analysis.33079528_58.out:    Running contrast 1001/2500
deg_analysis.33079528_58.out:    Running contrast 1051/2500
deg_analysis.33079528_58.out:    Running contrast 1101/2500
deg_analysis.33079528_58.out:    Running contrast 1151/2500
deg_analysis.33079528_58.out:    Running contrast 1201/2500
deg_analysis.33079528_58.out:    Running contrast 1251/2500
deg_analysis.33079528_58.out:    Running contrast 1301/2500
deg_analysis.33079528_58.out:    Running contrast 1351/2500
deg_analysis.33079528_58.out:    Running contrast 1401/2500
deg_analysis.33079528_58.out:    Running contrast 1451/2500
deg_analysis.33079528_58.out:    Running contrast 1501/2500
deg_analysis.33079528_58.out:    Running contrast 1551/2500
deg_analysis.33079528_58.out:    Running contrast 1601/2500
deg_analysis.33079528_58.out:    Running contrast 1651/2500
deg_analysis.33079528_58.out:    Running contrast 1701/2500
deg_analysis.33079528_58.out:    Running contrast 1751/2500
deg_analysis.33079528_58.out:    Running contrast 1801/2500
deg_analysis.33079528_58.out:    Running contrast 1851/2500
deg_analysis.33079528_58.out:    Running contrast 1901/2500
deg_analysis.33079528_58.out:    Running contrast 1951/2500
deg_analysis.33079528_58.out:    Running contrast 2001/2500
deg_analysis.33079528_58.out:    Running contrast 2051/2500
deg_analysis.33079528_58.out:    Running contrast 2101/2500
deg_analysis.33079528_58.out:    Running contrast 2151/2500
deg_analysis.33079528_58.out:    Running contrast 2201/2500
deg_analysis.33079528_58.out:    Running contrast 2251/2500
deg_analysis.33079528_58.out:    Running contrast 2301/2500
deg_analysis.33079528_58.out:    Running contrast 2351/2500
deg_analysis.33079528_58.out:    Running contrast 2401/2500
deg_analysis.33079528_58.out:    Running contrast 2451/2500
deg_analysis.33079528_58.out:    Running contrast 2500/2500
deg_analysis.33079528_58.out:Contrasts are completed in 8333.5 seconds
deg_analysis.33079528_58.out:
deg_analysis.33079528_58.out:    Writing:  ./data/l1000_phase2/deg_data/sep_rep/full/qc_false/filter_min_cells_0/intermediate/CVCL_0132/CVCL_0132_batch_11_de.h5ad
deg_analysis.33079528_58.out:
deg_analysis.33079528_58.out:    Rewriting h5ad file: ./data/l1000_phase2/deg_data/sep_rep/full/qc_false/filter_min_cells_0/intermediate/CVCL_0132/CVCL_0132_batch_11_de.h5ad
deg_analysis.33079528_58.out:    Removed X matrix
deg_analysis.33079528_58.out:    Rewriting h5ad file is done!
deg_analysis.33079528_58.out:✓ Cell line completed in 8391.6 seconds
deg_analysis.33079528_58.out:
deg_analysis.33079528_58.out:DE analysis completed!
deg_analysis.33079528_58.out:
deg_analysis.33079528_58.out:Total runtime: 8400.8 seconds
deg_analysis.33079528_58.err:
deg_analysis.33079528_58.err:=== 1 Warnings encountered ===
deg_analysis.33079528_58.err:
deg_analysis.33079528_58.err:1. Partial NA coefficients for 978 probe(s)
deg_analysis.33079537_59.out:
deg_analysis.33079537_59.out:DE analysis started...
deg_analysis.33079537_59.out:Loaded input file:  ./data/l1000_phase2/pseudobulk_processed/sep_rep/by_celltype/CVCL_0132/CVCL_0132_processed_batch_12.h5ad
deg_analysis.33079537_59.out:Initial dimensions:  4545  samples ×  978  genes
deg_analysis.33079537_59.out:Filter samples with the low number of cells
deg_analysis.33079537_59.out:    Filter threshold (min_cells):  0
deg_analysis.33079537_59.out:    Found  4545  samples with sentinel value (-666), keeping all
deg_analysis.33079537_59.out:    n_obs:  4545 -->  4545
deg_analysis.33079537_59.out:
deg_analysis.33079537_59.out:▶︎ Processing cell_type:  CVCL_0132
deg_analysis.33079537_59.out:    Filter controls by  pert_time_h  column
deg_analysis.33079537_59.out:        n_obs:  4545 -->  4545
deg_analysis.33079537_59.out:
deg_analysis.33079537_59.out:    Constructing design matrix...
deg_analysis.33079537_59.out:    Design matrix is constructed in 0.4 seconds
deg_analysis.33079537_59.out:    Design matrix dimensions: 4545 samples × 2609 coefficients
deg_analysis.33079537_59.out:    Skipping filtering and normalization (dataset is already normalized)
deg_analysis.33079537_59.out:    Skipping voom transformation (dataset is already normalized)
deg_analysis.33079537_59.out:    Using as.matrix() directly for lmFit (data assumed to be normalized and log-transformed)...
deg_analysis.33079537_59.out:    as.matrix() prepared in 0.0 seconds
deg_analysis.33079537_59.out:    Running lmFit...
deg_analysis.33079537_59.out:Coefficients not estimable: plateLPROT003_A375_6H_X1.A2_B22
deg_analysis.33079537_59.out:    LmFit is completed in 25.2 seconds
deg_analysis.33079537_59.out:DGE fit is completed in 26.3 seconds
deg_analysis.33079537_59.out:    Running contrasts...
deg_analysis.33079537_59.out:    Running contrast 1/2506
deg_analysis.33079537_59.out:    Running contrast 51/2506
deg_analysis.33079537_59.out:    Running contrast 101/2506
deg_analysis.33079537_59.out:    Running contrast 151/2506
deg_analysis.33079537_59.out:    Running contrast 201/2506
deg_analysis.33079537_59.out:    Running contrast 251/2506
deg_analysis.33079537_59.out:    Running contrast 301/2506
deg_analysis.33079537_59.out:    Running contrast 351/2506
deg_analysis.33079537_59.out:    Running contrast 401/2506
deg_analysis.33079537_59.out:    Running contrast 451/2506
deg_analysis.33079537_59.out:    Running contrast 501/2506
deg_analysis.33079537_59.out:    Running contrast 551/2506
deg_analysis.33079537_59.out:    Running contrast 601/2506
deg_analysis.33079537_59.out:    Running contrast 651/2506
deg_analysis.33079537_59.out:    Running contrast 701/2506
deg_analysis.33079537_59.out:    Running contrast 751/2506
deg_analysis.33079537_59.out:    Running contrast 801/2506
deg_analysis.33079537_59.out:    Running contrast 851/2506
deg_analysis.33079537_59.out:    Running contrast 901/2506
deg_analysis.33079537_59.out:    Running contrast 951/2506
deg_analysis.33079537_59.out:    Running contrast 1001/2506
deg_analysis.33079537_59.out:    Running contrast 1051/2506
deg_analysis.33079537_59.out:    Running contrast 1101/2506
deg_analysis.33079537_59.out:    Running contrast 1151/2506
deg_analysis.33079537_59.out:    Running contrast 1201/2506
deg_analysis.33079537_59.out:    Running contrast 1251/2506
deg_analysis.33079537_59.out:    Running contrast 1301/2506
deg_analysis.33079537_59.out:    Running contrast 1351/2506
deg_analysis.33079537_59.out:    Running contrast 1401/2506
deg_analysis.33079537_59.out:    Running contrast 1451/2506
deg_analysis.33079537_59.out:    Running contrast 1501/2506
deg_analysis.33079537_59.out:    Running contrast 1551/2506
deg_analysis.33079537_59.out:    Running contrast 1601/2506
deg_analysis.33079537_59.out:    Running contrast 1651/2506
deg_analysis.33079537_59.out:    Running contrast 1701/2506
deg_analysis.33079537_59.out:    Running contrast 1751/2506
deg_analysis.33079537_59.out:    Running contrast 1801/2506
deg_analysis.33079537_59.out:    Running contrast 1851/2506
deg_analysis.33079537_59.out:    Running contrast 1901/2506
deg_analysis.33079537_59.out:    Running contrast 1951/2506
deg_analysis.33079537_59.out:    Running contrast 2001/2506
deg_analysis.33079537_59.out:    Running contrast 2051/2506
deg_analysis.33079537_59.out:    Running contrast 2101/2506
deg_analysis.33079537_59.out:    Running contrast 2151/2506
deg_analysis.33079537_59.out:    Running contrast 2201/2506
deg_analysis.33079537_59.out:    Running contrast 2251/2506
deg_analysis.33079537_59.out:    Running contrast 2301/2506
deg_analysis.33079537_59.out:    Running contrast 2351/2506
deg_analysis.33079537_59.out:    Running contrast 2401/2506
deg_analysis.33079537_59.out:    Running contrast 2451/2506
deg_analysis.33079537_59.out:    Running contrast 2501/2506
deg_analysis.33079537_59.out:    Running contrast 2506/2506
deg_analysis.33079537_59.out:Contrasts are completed in 6103.1 seconds
deg_analysis.33079537_59.out:
deg_analysis.33079537_59.out:    Writing:  ./data/l1000_phase2/deg_data/sep_rep/full/qc_false/filter_min_cells_0/intermediate/CVCL_0132/CVCL_0132_batch_12_de.h5ad
deg_analysis.33079537_59.out:
deg_analysis.33079537_59.out:    Rewriting h5ad file: ./data/l1000_phase2/deg_data/sep_rep/full/qc_false/filter_min_cells_0/intermediate/CVCL_0132/CVCL_0132_batch_12_de.h5ad
deg_analysis.33079537_59.out:    Removed X matrix
deg_analysis.33079537_59.out:    Rewriting h5ad file is done!
deg_analysis.33079537_59.out:✓ Cell line completed in 6144.2 seconds
deg_analysis.33079537_59.out:
deg_analysis.33079537_59.out:DE analysis completed!
deg_analysis.33079537_59.out:
deg_analysis.33079537_59.out:Total runtime: 6193.5 seconds
deg_analysis.33079537_59.err:During startup - Warning messages:
deg_analysis.33079537_59.err:1: Setting LC_CTYPE failed, using "C"
deg_analysis.33079537_59.err:2: Setting LC_COLLATE failed, using "C"
deg_analysis.33079537_59.err:3: Setting LC_TIME failed, using "C"
deg_analysis.33079537_59.err:4: Setting LC_MESSAGES failed, using "C"
deg_analysis.33079537_59.err:5: Setting LC_MONETARY failed, using "C"
deg_analysis.33079537_59.err:6: Setting LC_PAPER failed, using "C"
deg_analysis.33079537_59.err:7: Setting LC_MEASUREMENT failed, using "C"
deg_analysis.33079537_59.err:
deg_analysis.33079537_59.err:=== 1 Warnings encountered ===
deg_analysis.33079537_59.err:
deg_analysis.33079537_59.err:1. Partial NA coefficients for 978 probe(s)
deg_analysis.33079538_60.out:
deg_analysis.33079538_60.out:DE analysis started...
deg_analysis.33079538_60.out:Loaded input file:  ./data/l1000_phase2/pseudobulk_processed/sep_rep/by_celltype/CVCL_0132/CVCL_0132_processed_batch_13.h5ad
deg_analysis.33079538_60.out:Initial dimensions:  4544  samples ×  978  genes
deg_analysis.33079538_60.out:Filter samples with the low number of cells
deg_analysis.33079538_60.out:    Filter threshold (min_cells):  0
deg_analysis.33079538_60.out:    Found  4544  samples with sentinel value (-666), keeping all
deg_analysis.33079538_60.out:    n_obs:  4544 -->  4544
deg_analysis.33079538_60.out:
deg_analysis.33079538_60.out:▶︎ Processing cell_type:  CVCL_0132
deg_analysis.33079538_60.out:    Filter controls by  pert_time_h  column
deg_analysis.33079538_60.out:        n_obs:  4544 -->  4544
deg_analysis.33079538_60.out:
deg_analysis.33079538_60.out:    Constructing design matrix...
deg_analysis.33079538_60.out:    Design matrix is constructed in 0.5 seconds
deg_analysis.33079538_60.out:    Design matrix dimensions: 4544 samples × 2608 coefficients
deg_analysis.33079538_60.out:    Skipping filtering and normalization (dataset is already normalized)
deg_analysis.33079538_60.out:    Skipping voom transformation (dataset is already normalized)
deg_analysis.33079538_60.out:    Using as.matrix() directly for lmFit (data assumed to be normalized and log-transformed)...
deg_analysis.33079538_60.out:    as.matrix() prepared in 0.0 seconds
deg_analysis.33079538_60.out:    Running lmFit...
deg_analysis.33079538_60.out:Coefficients not estimable: plateLPROT003_A375_6H_X1.A2_B22
deg_analysis.33079538_60.out:    LmFit is completed in 39.4 seconds
deg_analysis.33079538_60.out:DGE fit is completed in 40.8 seconds
deg_analysis.33079538_60.out:    Running contrasts...
deg_analysis.33079538_60.out:    Running contrast 1/2505
deg_analysis.33079538_60.out:    Running contrast 51/2505
deg_analysis.33079538_60.out:    Running contrast 101/2505
deg_analysis.33079538_60.out:    Running contrast 151/2505
deg_analysis.33079538_60.out:    Running contrast 201/2505
deg_analysis.33079538_60.out:    Running contrast 251/2505
deg_analysis.33079538_60.out:    Running contrast 301/2505
deg_analysis.33079538_60.out:    Running contrast 351/2505
deg_analysis.33079538_60.out:    Running contrast 401/2505
deg_analysis.33079538_60.out:    Running contrast 451/2505
deg_analysis.33079538_60.out:    Running contrast 501/2505
deg_analysis.33079538_60.out:    Running contrast 551/2505
deg_analysis.33079538_60.out:    Running contrast 601/2505
deg_analysis.33079538_60.out:    Running contrast 651/2505
deg_analysis.33079538_60.out:    Running contrast 701/2505
deg_analysis.33079538_60.out:    Running contrast 751/2505
deg_analysis.33079538_60.out:    Running contrast 801/2505
deg_analysis.33079538_60.out:    Running contrast 851/2505
deg_analysis.33079538_60.out:    Running contrast 901/2505
deg_analysis.33079538_60.out:    Running contrast 951/2505
deg_analysis.33079538_60.out:    Running contrast 1001/2505
deg_analysis.33079538_60.out:    Running contrast 1051/2505
deg_analysis.33079538_60.out:    Running contrast 1101/2505
deg_analysis.33079538_60.out:    Running contrast 1151/2505
deg_analysis.33079538_60.out:    Running contrast 1201/2505
deg_analysis.33079538_60.out:    Running contrast 1251/2505
deg_analysis.33079538_60.out:    Running contrast 1301/2505
deg_analysis.33079538_60.out:    Running contrast 1351/2505
deg_analysis.33079538_60.out:    Running contrast 1401/2505
deg_analysis.33079538_60.out:    Running contrast 1451/2505
deg_analysis.33079538_60.out:    Running contrast 1501/2505
deg_analysis.33079538_60.out:    Running contrast 1551/2505
deg_analysis.33079538_60.out:    Running contrast 1601/2505
deg_analysis.33079538_60.out:    Running contrast 1651/2505
deg_analysis.33079538_60.out:    Running contrast 1701/2505
deg_analysis.33079538_60.out:    Running contrast 1751/2505
deg_analysis.33079538_60.out:    Running contrast 1801/2505
deg_analysis.33079538_60.out:    Running contrast 1851/2505
deg_analysis.33079538_60.out:    Running contrast 1901/2505
deg_analysis.33079538_60.out:    Running contrast 1951/2505
deg_analysis.33079538_60.out:    Running contrast 2001/2505
deg_analysis.33079538_60.out:    Running contrast 2051/2505
deg_analysis.33079538_60.out:    Running contrast 2101/2505
deg_analysis.33079538_60.out:    Running contrast 2151/2505
deg_analysis.33079538_60.out:    Running contrast 2201/2505
deg_analysis.33079538_60.out:    Running contrast 2251/2505
deg_analysis.33079538_60.out:    Running contrast 2301/2505
deg_analysis.33079538_60.out:    Running contrast 2351/2505
deg_analysis.33079538_60.out:    Running contrast 2401/2505
deg_analysis.33079538_60.out:    Running contrast 2451/2505
deg_analysis.33079538_60.out:    Running contrast 2501/2505
deg_analysis.33079538_60.out:    Running contrast 2505/2505
deg_analysis.33079538_60.out:Contrasts are completed in 8494.7 seconds
deg_analysis.33079538_60.out:
deg_analysis.33079538_60.out:    Writing:  ./data/l1000_phase2/deg_data/sep_rep/full/qc_false/filter_min_cells_0/intermediate/CVCL_0132/CVCL_0132_batch_13_de.h5ad
deg_analysis.33079538_60.out:
deg_analysis.33079538_60.out:    Rewriting h5ad file: ./data/l1000_phase2/deg_data/sep_rep/full/qc_false/filter_min_cells_0/intermediate/CVCL_0132/CVCL_0132_batch_13_de.h5ad
deg_analysis.33079538_60.out:    Removed X matrix
deg_analysis.33079538_60.out:    Rewriting h5ad file is done!
deg_analysis.33079538_60.out:✓ Cell line completed in 8553.8 seconds
deg_analysis.33079538_60.out:
deg_analysis.33079538_60.out:DE analysis completed!
deg_analysis.33079538_60.out:
deg_analysis.33079538_60.out:Total runtime: 8564.8 seconds
deg_analysis.33079538_60.err:
deg_analysis.33079538_60.err:=== 1 Warnings encountered ===
deg_analysis.33079538_60.err:
deg_analysis.33079538_60.err:1. Partial NA coefficients for 978 probe(s)
deg_analysis.33079541_61.out:
deg_analysis.33079541_61.out:DE analysis started...
deg_analysis.33079541_61.out:Loaded input file:  ./data/l1000_phase2/pseudobulk_processed/sep_rep/by_celltype/CVCL_0132/CVCL_0132_processed_batch_14.h5ad
deg_analysis.33079541_61.out:Initial dimensions:  4556  samples ×  978  genes
deg_analysis.33079541_61.out:Filter samples with the low number of cells
deg_analysis.33079541_61.out:    Filter threshold (min_cells):  0
deg_analysis.33079541_61.out:    Found  4556  samples with sentinel value (-666), keeping all
deg_analysis.33079541_61.out:    n_obs:  4556 -->  4556
deg_analysis.33079541_61.out:
deg_analysis.33079541_61.out:▶︎ Processing cell_type:  CVCL_0132
deg_analysis.33079541_61.out:    Filter controls by  pert_time_h  column
deg_analysis.33079541_61.out:        n_obs:  4556 -->  4556
deg_analysis.33079541_61.out:
deg_analysis.33079541_61.out:    Constructing design matrix...
deg_analysis.33079541_61.out:    Design matrix is constructed in 0.5 seconds
deg_analysis.33079541_61.out:    Design matrix dimensions: 4556 samples × 2620 coefficients
deg_analysis.33079541_61.out:    Skipping filtering and normalization (dataset is already normalized)
deg_analysis.33079541_61.out:    Skipping voom transformation (dataset is already normalized)
deg_analysis.33079541_61.out:    Using as.matrix() directly for lmFit (data assumed to be normalized and log-transformed)...
deg_analysis.33079541_61.out:    as.matrix() prepared in 0.0 seconds
deg_analysis.33079541_61.out:    Running lmFit...
deg_analysis.33079541_61.out:Coefficients not estimable: plateLPROT003_A375_6H_X1.A2_B22
deg_analysis.33079541_61.out:    LmFit is completed in 39.4 seconds
deg_analysis.33079541_61.out:DGE fit is completed in 40.9 seconds
deg_analysis.33079541_61.out:    Running contrasts...
deg_analysis.33079541_61.out:    Running contrast 1/2517
deg_analysis.33079541_61.out:    Running contrast 51/2517
deg_analysis.33079541_61.out:    Running contrast 101/2517
deg_analysis.33079541_61.out:    Running contrast 151/2517
deg_analysis.33079541_61.out:    Running contrast 201/2517
deg_analysis.33079541_61.out:    Running contrast 251/2517
deg_analysis.33079541_61.out:    Running contrast 301/2517
deg_analysis.33079541_61.out:    Running contrast 351/2517
deg_analysis.33079541_61.out:    Running contrast 401/2517
deg_analysis.33079541_61.out:    Running contrast 451/2517
deg_analysis.33079541_61.out:    Running contrast 501/2517
deg_analysis.33079541_61.out:    Running contrast 551/2517
deg_analysis.33079541_61.out:    Running contrast 601/2517
deg_analysis.33079541_61.out:    Running contrast 651/2517
deg_analysis.33079541_61.out:    Running contrast 701/2517
deg_analysis.33079541_61.out:    Running contrast 751/2517
deg_analysis.33079541_61.out:    Running contrast 801/2517
deg_analysis.33079541_61.out:    Running contrast 851/2517
deg_analysis.33079541_61.out:    Running contrast 901/2517
deg_analysis.33079541_61.out:    Running contrast 951/2517
deg_analysis.33079541_61.out:    Running contrast 1001/2517
deg_analysis.33079541_61.out:    Running contrast 1051/2517
deg_analysis.33079541_61.out:    Running contrast 1101/2517
deg_analysis.33079541_61.out:    Running contrast 1151/2517
deg_analysis.33079541_61.out:    Running contrast 1201/2517
deg_analysis.33079541_61.out:    Running contrast 1251/2517
deg_analysis.33079541_61.out:    Running contrast 1301/2517
deg_analysis.33079541_61.out:    Running contrast 1351/2517
deg_analysis.33079541_61.out:    Running contrast 1401/2517
deg_analysis.33079541_61.out:    Running contrast 1451/2517
deg_analysis.33079541_61.out:    Running contrast 1501/2517
deg_analysis.33079541_61.out:    Running contrast 1551/2517
deg_analysis.33079541_61.out:    Running contrast 1601/2517
deg_analysis.33079541_61.out:    Running contrast 1651/2517
deg_analysis.33079541_61.out:    Running contrast 1701/2517
deg_analysis.33079541_61.out:    Running contrast 1751/2517
deg_analysis.33079541_61.out:    Running contrast 1801/2517
deg_analysis.33079541_61.out:    Running contrast 1851/2517
deg_analysis.33079541_61.out:    Running contrast 1901/2517
deg_analysis.33079541_61.out:    Running contrast 1951/2517
deg_analysis.33079541_61.out:    Running contrast 2001/2517
deg_analysis.33079541_61.out:    Running contrast 2051/2517
deg_analysis.33079541_61.out:    Running contrast 2101/2517
deg_analysis.33079541_61.out:    Running contrast 2151/2517
deg_analysis.33079541_61.out:    Running contrast 2201/2517
deg_analysis.33079541_61.out:    Running contrast 2251/2517
deg_analysis.33079541_61.out:    Running contrast 2301/2517
deg_analysis.33079541_61.out:    Running contrast 2351/2517
deg_analysis.33079541_61.out:    Running contrast 2401/2517
deg_analysis.33079541_61.out:    Running contrast 2451/2517
deg_analysis.33079541_61.out:    Running contrast 2501/2517
deg_analysis.33079541_61.out:    Running contrast 2517/2517
deg_analysis.33079541_61.out:Contrasts are completed in 8605.0 seconds
deg_analysis.33079541_61.out:
deg_analysis.33079541_61.out:    Writing:  ./data/l1000_phase2/deg_data/sep_rep/full/qc_false/filter_min_cells_0/intermediate/CVCL_0132/CVCL_0132_batch_14_de.h5ad
deg_analysis.33079541_61.out:
deg_analysis.33079541_61.out:    Rewriting h5ad file: ./data/l1000_phase2/deg_data/sep_rep/full/qc_false/filter_min_cells_0/intermediate/CVCL_0132/CVCL_0132_batch_14_de.h5ad
deg_analysis.33079541_61.out:    Removed X matrix
deg_analysis.33079541_61.out:    Rewriting h5ad file is done!
deg_analysis.33079541_61.out:✓ Cell line completed in 8663.8 seconds
deg_analysis.33079541_61.out:
deg_analysis.33079541_61.out:DE analysis completed!
deg_analysis.33079541_61.out:
deg_analysis.33079541_61.out:Total runtime: 8672.3 seconds
deg_analysis.33079541_61.err:
deg_analysis.33079541_61.err:=== 1 Warnings encountered ===
deg_analysis.33079541_61.err:
deg_analysis.33079541_61.err:1. Partial NA coefficients for 978 probe(s)
deg_analysis.33079649_62.out:
deg_analysis.33079649_62.out:DE analysis started...
deg_analysis.33079649_62.out:Loaded input file:  ./data/l1000_phase2/pseudobulk_processed/sep_rep/by_celltype/CVCL_0132/CVCL_0132_processed_batch_1.h5ad
deg_analysis.33079649_62.out:Initial dimensions:  4543  samples ×  978  genes
deg_analysis.33079649_62.out:Filter samples with the low number of cells
deg_analysis.33079649_62.out:    Filter threshold (min_cells):  0
deg_analysis.33079649_62.out:    Found  4543  samples with sentinel value (-666), keeping all
deg_analysis.33079649_62.out:    n_obs:  4543 -->  4543
deg_analysis.33079649_62.out:
deg_analysis.33079649_62.out:▶︎ Processing cell_type:  CVCL_0132
deg_analysis.33079649_62.out:    Filter controls by  pert_time_h  column
deg_analysis.33079649_62.out:        n_obs:  4543 -->  4543
deg_analysis.33079649_62.out:
deg_analysis.33079649_62.out:    Constructing design matrix...
deg_analysis.33079649_62.out:    Design matrix is constructed in 0.5 seconds
deg_analysis.33079649_62.out:    Design matrix dimensions: 4543 samples × 2607 coefficients
deg_analysis.33079649_62.out:    Skipping filtering and normalization (dataset is already normalized)
deg_analysis.33079649_62.out:    Skipping voom transformation (dataset is already normalized)
deg_analysis.33079649_62.out:    Using as.matrix() directly for lmFit (data assumed to be normalized and log-transformed)...
deg_analysis.33079649_62.out:    as.matrix() prepared in 0.0 seconds
deg_analysis.33079649_62.out:    Running lmFit...
deg_analysis.33079649_62.out:Coefficients not estimable: plateLPROT003_A375_6H_X1.A2_B22
deg_analysis.33079649_62.out:    LmFit is completed in 40.1 seconds
deg_analysis.33079649_62.out:DGE fit is completed in 41.6 seconds
deg_analysis.33079649_62.out:    Running contrasts...
deg_analysis.33079649_62.out:    Running contrast 1/2504
deg_analysis.33079649_62.out:    Running contrast 51/2504
deg_analysis.33079649_62.out:    Running contrast 101/2504
deg_analysis.33079649_62.out:    Running contrast 151/2504
deg_analysis.33079649_62.out:    Running contrast 201/2504
deg_analysis.33079649_62.out:    Running contrast 251/2504
deg_analysis.33079649_62.out:    Running contrast 301/2504
deg_analysis.33079649_62.out:    Running contrast 351/2504
deg_analysis.33079649_62.out:    Running contrast 401/2504
deg_analysis.33079649_62.out:    Running contrast 451/2504
deg_analysis.33079649_62.out:    Running contrast 501/2504
deg_analysis.33079649_62.out:    Running contrast 551/2504
deg_analysis.33079649_62.out:    Running contrast 601/2504
deg_analysis.33079649_62.out:    Running contrast 651/2504
deg_analysis.33079649_62.out:    Running contrast 701/2504
deg_analysis.33079649_62.out:    Running contrast 751/2504
deg_analysis.33079649_62.out:    Running contrast 801/2504
deg_analysis.33079649_62.out:    Running contrast 851/2504
deg_analysis.33079649_62.out:    Running contrast 901/2504
deg_analysis.33079649_62.out:    Running contrast 951/2504
deg_analysis.33079649_62.out:    Running contrast 1001/2504
deg_analysis.33079649_62.out:    Running contrast 1051/2504
deg_analysis.33079649_62.out:    Running contrast 1101/2504
deg_analysis.33079649_62.out:    Running contrast 1151/2504
deg_analysis.33079649_62.out:    Running contrast 1201/2504
deg_analysis.33079649_62.out:    Running contrast 1251/2504
deg_analysis.33079649_62.out:    Running contrast 1301/2504
deg_analysis.33079649_62.out:    Running contrast 1351/2504
deg_analysis.33079649_62.out:    Running contrast 1401/2504
deg_analysis.33079649_62.out:    Running contrast 1451/2504
deg_analysis.33079649_62.out:    Running contrast 1501/2504
deg_analysis.33079649_62.out:    Running contrast 1551/2504
deg_analysis.33079649_62.out:    Running contrast 1601/2504
deg_analysis.33079649_62.out:    Running contrast 1651/2504
deg_analysis.33079649_62.out:    Running contrast 1701/2504
deg_analysis.33079649_62.out:    Running contrast 1751/2504
deg_analysis.33079649_62.out:    Running contrast 1801/2504
deg_analysis.33079649_62.out:    Running contrast 1851/2504
deg_analysis.33079649_62.out:    Running contrast 1901/2504
deg_analysis.33079649_62.out:    Running contrast 1951/2504
deg_analysis.33079649_62.out:    Running contrast 2001/2504
deg_analysis.33079649_62.out:    Running contrast 2051/2504
deg_analysis.33079649_62.out:    Running contrast 2101/2504
deg_analysis.33079649_62.out:    Running contrast 2151/2504
deg_analysis.33079649_62.out:    Running contrast 2201/2504
deg_analysis.33079649_62.out:    Running contrast 2251/2504
deg_analysis.33079649_62.out:    Running contrast 2301/2504
deg_analysis.33079649_62.out:    Running contrast 2351/2504
deg_analysis.33079649_62.out:    Running contrast 2401/2504
deg_analysis.33079649_62.out:    Running contrast 2451/2504
deg_analysis.33079649_62.out:    Running contrast 2501/2504
deg_analysis.33079649_62.out:    Running contrast 2504/2504
deg_analysis.33079649_62.out:Contrasts are completed in 8911.3 seconds
deg_analysis.33079649_62.out:
deg_analysis.33079649_62.out:    Writing:  ./data/l1000_phase2/deg_data/sep_rep/full/qc_false/filter_min_cells_0/intermediate/CVCL_0132/CVCL_0132_batch_1_de.h5ad
deg_analysis.33079649_62.out:
deg_analysis.33079649_62.out:    Rewriting h5ad file: ./data/l1000_phase2/deg_data/sep_rep/full/qc_false/filter_min_cells_0/intermediate/CVCL_0132/CVCL_0132_batch_1_de.h5ad
deg_analysis.33079649_62.out:    Removed X matrix
deg_analysis.33079649_62.out:    Rewriting h5ad file is done!
deg_analysis.33079649_62.out:✓ Cell line completed in 8971.2 seconds
deg_analysis.33079649_62.out:
deg_analysis.33079649_62.out:DE analysis completed!
deg_analysis.33079649_62.out:
deg_analysis.33079649_62.out:Total runtime: 8984.2 seconds
deg_analysis.33079649_62.err:
deg_analysis.33079649_62.err:=== 1 Warnings encountered ===
deg_analysis.33079649_62.err:
deg_analysis.33079649_62.err:1. Partial NA coefficients for 978 probe(s)
deg_analysis.33079652_63.out:
deg_analysis.33079652_63.out:DE analysis started...
deg_analysis.33079652_63.out:Loaded input file:  ./data/l1000_phase2/pseudobulk_processed/sep_rep/by_celltype/CVCL_0132/CVCL_0132_processed_batch_2.h5ad
deg_analysis.33079652_63.out:Initial dimensions:  4540  samples ×  978  genes
deg_analysis.33079652_63.out:Filter samples with the low number of cells
deg_analysis.33079652_63.out:    Filter threshold (min_cells):  0
deg_analysis.33079652_63.out:    Found  4540  samples with sentinel value (-666), keeping all
deg_analysis.33079652_63.out:    n_obs:  4540 -->  4540
deg_analysis.33079652_63.out:
deg_analysis.33079652_63.out:▶︎ Processing cell_type:  CVCL_0132
deg_analysis.33079652_63.out:    Filter controls by  pert_time_h  column
deg_analysis.33079652_63.out:        n_obs:  4540 -->  4540
deg_analysis.33079652_63.out:
deg_analysis.33079652_63.out:    Constructing design matrix...
deg_analysis.33079652_63.out:    Design matrix is constructed in 0.5 seconds
deg_analysis.33079652_63.out:    Design matrix dimensions: 4540 samples × 2604 coefficients
deg_analysis.33079652_63.out:    Skipping filtering and normalization (dataset is already normalized)
deg_analysis.33079652_63.out:    Skipping voom transformation (dataset is already normalized)
deg_analysis.33079652_63.out:    Using as.matrix() directly for lmFit (data assumed to be normalized and log-transformed)...
deg_analysis.33079652_63.out:    as.matrix() prepared in 0.0 seconds
deg_analysis.33079652_63.out:    Running lmFit...
deg_analysis.33079652_63.out:Coefficients not estimable: plateLPROT003_A375_6H_X1.A2_B22
deg_analysis.33079652_63.out:    LmFit is completed in 40.6 seconds
deg_analysis.33079652_63.out:DGE fit is completed in 42.1 seconds
deg_analysis.33079652_63.out:    Running contrasts...
deg_analysis.33079652_63.out:    Running contrast 1/2501
deg_analysis.33079652_63.out:    Running contrast 51/2501
deg_analysis.33079652_63.out:    Running contrast 101/2501
deg_analysis.33079652_63.out:    Running contrast 151/2501
deg_analysis.33079652_63.out:    Running contrast 201/2501
deg_analysis.33079652_63.out:    Running contrast 251/2501
deg_analysis.33079652_63.out:    Running contrast 301/2501
deg_analysis.33079652_63.out:    Running contrast 351/2501
deg_analysis.33079652_63.out:    Running contrast 401/2501
deg_analysis.33079652_63.out:    Running contrast 451/2501
deg_analysis.33079652_63.out:    Running contrast 501/2501
deg_analysis.33079652_63.out:    Running contrast 551/2501
deg_analysis.33079652_63.out:    Running contrast 601/2501
deg_analysis.33079652_63.out:    Running contrast 651/2501
deg_analysis.33079652_63.out:    Running contrast 701/2501
deg_analysis.33079652_63.out:    Running contrast 751/2501
deg_analysis.33079652_63.out:    Running contrast 801/2501
deg_analysis.33079652_63.out:    Running contrast 851/2501
deg_analysis.33079652_63.out:    Running contrast 901/2501
deg_analysis.33079652_63.out:    Running contrast 951/2501
deg_analysis.33079652_63.out:    Running contrast 1001/2501
deg_analysis.33079652_63.out:    Running contrast 1051/2501
deg_analysis.33079652_63.out:    Running contrast 1101/2501
deg_analysis.33079652_63.out:    Running contrast 1151/2501
deg_analysis.33079652_63.out:    Running contrast 1201/2501
deg_analysis.33079652_63.out:    Running contrast 1251/2501
deg_analysis.33079652_63.out:    Running contrast 1301/2501
deg_analysis.33079652_63.out:    Running contrast 1351/2501
deg_analysis.33079652_63.out:    Running contrast 1401/2501
deg_analysis.33079652_63.out:    Running contrast 1451/2501
deg_analysis.33079652_63.out:    Running contrast 1501/2501
deg_analysis.33079652_63.out:    Running contrast 1551/2501
deg_analysis.33079652_63.out:    Running contrast 1601/2501
deg_analysis.33079652_63.out:    Running contrast 1651/2501
deg_analysis.33079652_63.out:    Running contrast 1701/2501
deg_analysis.33079652_63.out:    Running contrast 1751/2501
deg_analysis.33079652_63.out:    Running contrast 1801/2501
deg_analysis.33079652_63.out:    Running contrast 1851/2501
deg_analysis.33079652_63.out:    Running contrast 1901/2501
deg_analysis.33079652_63.out:    Running contrast 1951/2501
deg_analysis.33079652_63.out:    Running contrast 2001/2501
deg_analysis.33079652_63.out:    Running contrast 2051/2501
deg_analysis.33079652_63.out:    Running contrast 2101/2501
deg_analysis.33079652_63.out:    Running contrast 2151/2501
deg_analysis.33079652_63.out:    Running contrast 2201/2501
deg_analysis.33079652_63.out:    Running contrast 2251/2501
deg_analysis.33079652_63.out:    Running contrast 2301/2501
deg_analysis.33079652_63.out:    Running contrast 2351/2501
deg_analysis.33079652_63.out:    Running contrast 2401/2501
deg_analysis.33079652_63.out:    Running contrast 2451/2501
deg_analysis.33079652_63.out:    Running contrast 2501/2501
deg_analysis.33079652_63.out:Contrasts are completed in 8919.1 seconds
deg_analysis.33079652_63.out:
deg_analysis.33079652_63.out:    Writing:  ./data/l1000_phase2/deg_data/sep_rep/full/qc_false/filter_min_cells_0/intermediate/CVCL_0132/CVCL_0132_batch_2_de.h5ad
deg_analysis.33079652_63.out:
deg_analysis.33079652_63.out:    Rewriting h5ad file: ./data/l1000_phase2/deg_data/sep_rep/full/qc_false/filter_min_cells_0/intermediate/CVCL_0132/CVCL_0132_batch_2_de.h5ad
deg_analysis.33079652_63.out:    Removed X matrix
deg_analysis.33079652_63.out:    Rewriting h5ad file is done!
deg_analysis.33079652_63.out:✓ Cell line completed in 8979.6 seconds
deg_analysis.33079652_63.out:
deg_analysis.33079652_63.out:DE analysis completed!
deg_analysis.33079652_63.out:
deg_analysis.33079652_63.out:Total runtime: 8989.0 seconds
deg_analysis.33079652_63.err:
deg_analysis.33079652_63.err:=== 1 Warnings encountered ===
deg_analysis.33079652_63.err:
deg_analysis.33079652_63.err:1. Partial NA coefficients for 978 probe(s)
deg_analysis.33079654_64.out:
deg_analysis.33079654_64.out:DE analysis started...
deg_analysis.33079654_64.out:Loaded input file:  ./data/l1000_phase2/pseudobulk_processed/sep_rep/by_celltype/CVCL_0132/CVCL_0132_processed_batch_3.h5ad
deg_analysis.33079654_64.out:Initial dimensions:  4539  samples ×  978  genes
deg_analysis.33079654_64.out:Filter samples with the low number of cells
deg_analysis.33079654_64.out:    Filter threshold (min_cells):  0
deg_analysis.33079654_64.out:    Found  4539  samples with sentinel value (-666), keeping all
deg_analysis.33079654_64.out:    n_obs:  4539 -->  4539
deg_analysis.33079654_64.out:
deg_analysis.33079654_64.out:▶︎ Processing cell_type:  CVCL_0132
deg_analysis.33079654_64.out:    Filter controls by  pert_time_h  column
deg_analysis.33079654_64.out:        n_obs:  4539 -->  4539
deg_analysis.33079654_64.out:
deg_analysis.33079654_64.out:    Constructing design matrix...
deg_analysis.33079654_64.out:    Design matrix is constructed in 0.5 seconds
deg_analysis.33079654_64.out:    Design matrix dimensions: 4539 samples × 2603 coefficients
deg_analysis.33079654_64.out:    Skipping filtering and normalization (dataset is already normalized)
deg_analysis.33079654_64.out:    Skipping voom transformation (dataset is already normalized)
deg_analysis.33079654_64.out:    Using as.matrix() directly for lmFit (data assumed to be normalized and log-transformed)...
deg_analysis.33079654_64.out:    as.matrix() prepared in 0.0 seconds
deg_analysis.33079654_64.out:    Running lmFit...
deg_analysis.33079654_64.out:Coefficients not estimable: plateLPROT003_A375_6H_X1.A2_B22
deg_analysis.33079654_64.out:    LmFit is completed in 41.5 seconds
deg_analysis.33079654_64.out:DGE fit is completed in 43.0 seconds
deg_analysis.33079654_64.out:    Running contrasts...
deg_analysis.33079654_64.out:    Running contrast 1/2500
deg_analysis.33079654_64.out:    Running contrast 51/2500
deg_analysis.33079654_64.out:    Running contrast 101/2500
deg_analysis.33079654_64.out:    Running contrast 151/2500
deg_analysis.33079654_64.out:    Running contrast 201/2500
deg_analysis.33079654_64.out:    Running contrast 251/2500
deg_analysis.33079654_64.out:    Running contrast 301/2500
deg_analysis.33079654_64.out:    Running contrast 351/2500
deg_analysis.33079654_64.out:    Running contrast 401/2500
deg_analysis.33079654_64.out:    Running contrast 451/2500
deg_analysis.33079654_64.out:    Running contrast 501/2500
deg_analysis.33079654_64.out:    Running contrast 551/2500
deg_analysis.33079654_64.out:    Running contrast 601/2500
deg_analysis.33079654_64.out:    Running contrast 651/2500
deg_analysis.33079654_64.out:    Running contrast 701/2500
deg_analysis.33079654_64.out:    Running contrast 751/2500
deg_analysis.33079654_64.out:    Running contrast 801/2500
deg_analysis.33079654_64.out:    Running contrast 851/2500
deg_analysis.33079654_64.out:    Running contrast 901/2500
deg_analysis.33079654_64.out:    Running contrast 951/2500
deg_analysis.33079654_64.out:    Running contrast 1001/2500
deg_analysis.33079654_64.out:    Running contrast 1051/2500
deg_analysis.33079654_64.out:    Running contrast 1101/2500
deg_analysis.33079654_64.out:    Running contrast 1151/2500
deg_analysis.33079654_64.out:    Running contrast 1201/2500
deg_analysis.33079654_64.out:    Running contrast 1251/2500
deg_analysis.33079654_64.out:    Running contrast 1301/2500
deg_analysis.33079654_64.out:    Running contrast 1351/2500
deg_analysis.33079654_64.out:    Running contrast 1401/2500
deg_analysis.33079654_64.out:    Running contrast 1451/2500
deg_analysis.33079654_64.out:    Running contrast 1501/2500
deg_analysis.33079654_64.out:    Running contrast 1551/2500
deg_analysis.33079654_64.out:    Running contrast 1601/2500
deg_analysis.33079654_64.out:    Running contrast 1651/2500
deg_analysis.33079654_64.out:    Running contrast 1701/2500
deg_analysis.33079654_64.out:    Running contrast 1751/2500
deg_analysis.33079654_64.out:    Running contrast 1801/2500
deg_analysis.33079654_64.out:    Running contrast 1851/2500
deg_analysis.33079654_64.out:    Running contrast 1901/2500
deg_analysis.33079654_64.out:    Running contrast 1951/2500
deg_analysis.33079654_64.out:    Running contrast 2001/2500
deg_analysis.33079654_64.out:    Running contrast 2051/2500
deg_analysis.33079654_64.out:    Running contrast 2101/2500
deg_analysis.33079654_64.out:    Running contrast 2151/2500
deg_analysis.33079654_64.out:    Running contrast 2201/2500
deg_analysis.33079654_64.out:    Running contrast 2251/2500
deg_analysis.33079654_64.out:    Running contrast 2301/2500
deg_analysis.33079654_64.out:    Running contrast 2351/2500
deg_analysis.33079654_64.out:    Running contrast 2401/2500
deg_analysis.33079654_64.out:    Running contrast 2451/2500
deg_analysis.33079654_64.out:    Running contrast 2500/2500
deg_analysis.33079654_64.out:Contrasts are completed in 8913.8 seconds
deg_analysis.33079654_64.out:
deg_analysis.33079654_64.out:    Writing:  ./data/l1000_phase2/deg_data/sep_rep/full/qc_false/filter_min_cells_0/intermediate/CVCL_0132/CVCL_0132_batch_3_de.h5ad
deg_analysis.33079654_64.out:
deg_analysis.33079654_64.out:    Rewriting h5ad file: ./data/l1000_phase2/deg_data/sep_rep/full/qc_false/filter_min_cells_0/intermediate/CVCL_0132/CVCL_0132_batch_3_de.h5ad
deg_analysis.33079654_64.out:    Removed X matrix
deg_analysis.33079654_64.out:    Rewriting h5ad file is done!
deg_analysis.33079654_64.out:✓ Cell line completed in 8975.7 seconds
deg_analysis.33079654_64.out:
deg_analysis.33079654_64.out:DE analysis completed!
deg_analysis.33079654_64.out:
deg_analysis.33079654_64.out:Total runtime: 8985.0 seconds
deg_analysis.33079654_64.err:
deg_analysis.33079654_64.err:=== 1 Warnings encountered ===
deg_analysis.33079654_64.err:
deg_analysis.33079654_64.err:1. Partial NA coefficients for 978 probe(s)
deg_analysis.33079668_65.out:
deg_analysis.33079668_65.out:DE analysis started...
deg_analysis.33079668_65.out:Loaded input file:  ./data/l1000_phase2/pseudobulk_processed/sep_rep/by_celltype/CVCL_0132/CVCL_0132_processed_batch_4.h5ad
deg_analysis.33079668_65.out:Initial dimensions:  4547  samples ×  978  genes
deg_analysis.33079668_65.out:Filter samples with the low number of cells
deg_analysis.33079668_65.out:    Filter threshold (min_cells):  0
deg_analysis.33079668_65.out:    Found  4547  samples with sentinel value (-666), keeping all
deg_analysis.33079668_65.out:    n_obs:  4547 -->  4547
deg_analysis.33079668_65.out:
deg_analysis.33079668_65.out:▶︎ Processing cell_type:  CVCL_0132
deg_analysis.33079668_65.out:    Filter controls by  pert_time_h  column
deg_analysis.33079668_65.out:        n_obs:  4547 -->  4547
deg_analysis.33079668_65.out:
deg_analysis.33079668_65.out:    Constructing design matrix...
deg_analysis.33079668_65.out:    Design matrix is constructed in 0.5 seconds
deg_analysis.33079668_65.out:    Design matrix dimensions: 4547 samples × 2611 coefficients
deg_analysis.33079668_65.out:    Skipping filtering and normalization (dataset is already normalized)
deg_analysis.33079668_65.out:    Skipping voom transformation (dataset is already normalized)
deg_analysis.33079668_65.out:    Using as.matrix() directly for lmFit (data assumed to be normalized and log-transformed)...
deg_analysis.33079668_65.out:    as.matrix() prepared in 0.0 seconds
deg_analysis.33079668_65.out:    Running lmFit...
deg_analysis.33079668_65.out:Coefficients not estimable: plateLPROT003_A375_6H_X1.A2_B22
deg_analysis.33079668_65.out:    LmFit is completed in 42.9 seconds
deg_analysis.33079668_65.out:DGE fit is completed in 44.5 seconds
deg_analysis.33079668_65.out:    Running contrasts...
deg_analysis.33079668_65.out:    Running contrast 1/2508
deg_analysis.33079668_65.out:    Running contrast 51/2508
deg_analysis.33079668_65.out:    Running contrast 101/2508
deg_analysis.33079668_65.out:    Running contrast 151/2508
deg_analysis.33079668_65.out:    Running contrast 201/2508
deg_analysis.33079668_65.out:    Running contrast 251/2508
deg_analysis.33079668_65.out:    Running contrast 301/2508
deg_analysis.33079668_65.out:    Running contrast 351/2508
deg_analysis.33079668_65.out:    Running contrast 401/2508
deg_analysis.33079668_65.out:    Running contrast 451/2508
deg_analysis.33079668_65.out:    Running contrast 501/2508
deg_analysis.33079668_65.out:    Running contrast 551/2508
deg_analysis.33079668_65.out:    Running contrast 601/2508
deg_analysis.33079668_65.out:    Running contrast 651/2508
deg_analysis.33079668_65.out:    Running contrast 701/2508
deg_analysis.33079668_65.out:    Running contrast 751/2508
deg_analysis.33079668_65.out:    Running contrast 801/2508
deg_analysis.33079668_65.out:    Running contrast 851/2508
deg_analysis.33079668_65.out:    Running contrast 901/2508
deg_analysis.33079668_65.out:    Running contrast 951/2508
deg_analysis.33079668_65.out:    Running contrast 1001/2508
deg_analysis.33079668_65.out:    Running contrast 1051/2508
deg_analysis.33079668_65.out:    Running contrast 1101/2508
deg_analysis.33079668_65.out:    Running contrast 1151/2508
deg_analysis.33079668_65.out:    Running contrast 1201/2508
deg_analysis.33079668_65.out:    Running contrast 1251/2508
deg_analysis.33079668_65.out:    Running contrast 1301/2508
deg_analysis.33079668_65.out:    Running contrast 1351/2508
deg_analysis.33079668_65.out:    Running contrast 1401/2508
deg_analysis.33079668_65.out:    Running contrast 1451/2508
deg_analysis.33079668_65.out:    Running contrast 1501/2508
deg_analysis.33079668_65.out:    Running contrast 1551/2508
deg_analysis.33079668_65.out:    Running contrast 1601/2508
deg_analysis.33079668_65.out:    Running contrast 1651/2508
deg_analysis.33079668_65.out:    Running contrast 1701/2508
deg_analysis.33079668_65.out:    Running contrast 1751/2508
deg_analysis.33079668_65.out:    Running contrast 1801/2508
deg_analysis.33079668_65.out:    Running contrast 1851/2508
deg_analysis.33079668_65.out:    Running contrast 1901/2508
deg_analysis.33079668_65.out:    Running contrast 1951/2508
deg_analysis.33079668_65.out:    Running contrast 2001/2508
deg_analysis.33079668_65.out:    Running contrast 2051/2508
deg_analysis.33079668_65.out:    Running contrast 2101/2508
deg_analysis.33079668_65.out:    Running contrast 2151/2508
deg_analysis.33079668_65.out:    Running contrast 2201/2508
deg_analysis.33079668_65.out:    Running contrast 2251/2508
deg_analysis.33079668_65.out:    Running contrast 2301/2508
deg_analysis.33079668_65.out:    Running contrast 2351/2508
deg_analysis.33079668_65.out:    Running contrast 2401/2508
deg_analysis.33079668_65.out:    Running contrast 2451/2508
deg_analysis.33079668_65.out:    Running contrast 2501/2508
deg_analysis.33079668_65.out:    Running contrast 2508/2508
deg_analysis.33079668_65.out:Contrasts are completed in 9025.1 seconds
deg_analysis.33079668_65.out:
deg_analysis.33079668_65.out:    Writing:  ./data/l1000_phase2/deg_data/sep_rep/full/qc_false/filter_min_cells_0/intermediate/CVCL_0132/CVCL_0132_batch_4_de.h5ad
deg_analysis.33079668_65.out:
deg_analysis.33079668_65.out:    Rewriting h5ad file: ./data/l1000_phase2/deg_data/sep_rep/full/qc_false/filter_min_cells_0/intermediate/CVCL_0132/CVCL_0132_batch_4_de.h5ad
deg_analysis.33079668_65.out:    Removed X matrix
deg_analysis.33079668_65.out:    Rewriting h5ad file is done!
deg_analysis.33079668_65.out:✓ Cell line completed in 9088.2 seconds
deg_analysis.33079668_65.out:
deg_analysis.33079668_65.out:DE analysis completed!
deg_analysis.33079668_65.out:
deg_analysis.33079668_65.out:Total runtime: 9097.2 seconds
deg_analysis.33079668_65.err:
deg_analysis.33079668_65.err:=== 1 Warnings encountered ===
deg_analysis.33079668_65.err:
deg_analysis.33079668_65.err:1. Partial NA coefficients for 978 probe(s)
deg_analysis.33079669_66.out:
deg_analysis.33079669_66.out:DE analysis started...
deg_analysis.33079669_66.out:Loaded input file:  ./data/l1000_phase2/pseudobulk_processed/sep_rep/by_celltype/CVCL_0132/CVCL_0132_processed_batch_5.h5ad
deg_analysis.33079669_66.out:Initial dimensions:  4554  samples ×  978  genes
deg_analysis.33079669_66.out:Filter samples with the low number of cells
deg_analysis.33079669_66.out:    Filter threshold (min_cells):  0
deg_analysis.33079669_66.out:    Found  4554  samples with sentinel value (-666), keeping all
deg_analysis.33079669_66.out:    n_obs:  4554 -->  4554
deg_analysis.33079669_66.out:
deg_analysis.33079669_66.out:▶︎ Processing cell_type:  CVCL_0132
deg_analysis.33079669_66.out:    Filter controls by  pert_time_h  column
deg_analysis.33079669_66.out:        n_obs:  4554 -->  4554
deg_analysis.33079669_66.out:
deg_analysis.33079669_66.out:    Constructing design matrix...
deg_analysis.33079669_66.out:    Design matrix is constructed in 0.3 seconds
deg_analysis.33079669_66.out:    Design matrix dimensions: 4554 samples × 2618 coefficients
deg_analysis.33079669_66.out:    Skipping filtering and normalization (dataset is already normalized)
deg_analysis.33079669_66.out:    Skipping voom transformation (dataset is already normalized)
deg_analysis.33079669_66.out:    Using as.matrix() directly for lmFit (data assumed to be normalized and log-transformed)...
deg_analysis.33079669_66.out:    as.matrix() prepared in 0.0 seconds
deg_analysis.33079669_66.out:    Running lmFit...
deg_analysis.33079669_66.out:Coefficients not estimable: plateLPROT003_A375_6H_X1.A2_B22
deg_analysis.33079669_66.out:    LmFit is completed in 15.5 seconds
deg_analysis.33079669_66.out:DGE fit is completed in 16.3 seconds
deg_analysis.33079669_66.out:    Running contrasts...
deg_analysis.33079669_66.out:    Running contrast 1/2515
deg_analysis.33079669_66.out:    Running contrast 51/2515
deg_analysis.33079669_66.out:    Running contrast 101/2515
deg_analysis.33079669_66.out:    Running contrast 151/2515
deg_analysis.33079669_66.out:    Running contrast 201/2515
deg_analysis.33079669_66.out:    Running contrast 251/2515
deg_analysis.33079669_66.out:    Running contrast 301/2515
deg_analysis.33079669_66.out:    Running contrast 351/2515
deg_analysis.33079669_66.out:    Running contrast 401/2515
deg_analysis.33079669_66.out:    Running contrast 451/2515
deg_analysis.33079669_66.out:    Running contrast 501/2515
deg_analysis.33079669_66.out:    Running contrast 551/2515
deg_analysis.33079669_66.out:    Running contrast 601/2515
deg_analysis.33079669_66.out:    Running contrast 651/2515
deg_analysis.33079669_66.out:    Running contrast 701/2515
deg_analysis.33079669_66.out:    Running contrast 751/2515
deg_analysis.33079669_66.out:    Running contrast 801/2515
deg_analysis.33079669_66.out:    Running contrast 851/2515
deg_analysis.33079669_66.out:    Running contrast 901/2515
deg_analysis.33079669_66.out:    Running contrast 951/2515
deg_analysis.33079669_66.out:    Running contrast 1001/2515
deg_analysis.33079669_66.out:    Running contrast 1051/2515
deg_analysis.33079669_66.out:    Running contrast 1101/2515
deg_analysis.33079669_66.out:    Running contrast 1151/2515
deg_analysis.33079669_66.out:    Running contrast 1201/2515
deg_analysis.33079669_66.out:    Running contrast 1251/2515
deg_analysis.33079669_66.out:    Running contrast 1301/2515
deg_analysis.33079669_66.out:    Running contrast 1351/2515
deg_analysis.33079669_66.out:    Running contrast 1401/2515
deg_analysis.33079669_66.out:    Running contrast 1451/2515
deg_analysis.33079669_66.out:    Running contrast 1501/2515
deg_analysis.33079669_66.out:    Running contrast 1551/2515
deg_analysis.33079669_66.out:    Running contrast 1601/2515
deg_analysis.33079669_66.out:    Running contrast 1651/2515
deg_analysis.33079669_66.out:    Running contrast 1701/2515
deg_analysis.33079669_66.out:    Running contrast 1751/2515
deg_analysis.33079669_66.out:    Running contrast 1801/2515
deg_analysis.33079669_66.out:    Running contrast 1851/2515
deg_analysis.33079669_66.out:    Running contrast 1901/2515
deg_analysis.33079669_66.out:    Running contrast 1951/2515
deg_analysis.33079669_66.out:    Running contrast 2001/2515
deg_analysis.33079669_66.out:    Running contrast 2051/2515
deg_analysis.33079669_66.out:    Running contrast 2101/2515
deg_analysis.33079669_66.out:    Running contrast 2151/2515
deg_analysis.33079669_66.out:    Running contrast 2201/2515
deg_analysis.33079669_66.out:    Running contrast 2251/2515
deg_analysis.33079669_66.out:    Running contrast 2301/2515
deg_analysis.33079669_66.out:    Running contrast 2351/2515
deg_analysis.33079669_66.out:    Running contrast 2401/2515
deg_analysis.33079669_66.out:    Running contrast 2451/2515
deg_analysis.33079669_66.out:    Running contrast 2501/2515
deg_analysis.33079669_66.out:    Running contrast 2515/2515
deg_analysis.33079669_66.out:Contrasts are completed in 4463.1 seconds
deg_analysis.33079669_66.out:
deg_analysis.33079669_66.out:    Writing:  ./data/l1000_phase2/deg_data/sep_rep/full/qc_false/filter_min_cells_0/intermediate/CVCL_0132/CVCL_0132_batch_5_de.h5ad
deg_analysis.33079669_66.out:
deg_analysis.33079669_66.out:    Rewriting h5ad file: ./data/l1000_phase2/deg_data/sep_rep/full/qc_false/filter_min_cells_0/intermediate/CVCL_0132/CVCL_0132_batch_5_de.h5ad
deg_analysis.33079669_66.out:    Removed X matrix
deg_analysis.33079669_66.out:    Rewriting h5ad file is done!
deg_analysis.33079669_66.out:✓ Cell line completed in 4490.9 seconds
deg_analysis.33079669_66.out:
deg_analysis.33079669_66.out:DE analysis completed!
deg_analysis.33079669_66.out:
deg_analysis.33079669_66.out:Total runtime: 4500.9 seconds
deg_analysis.33079669_66.err:
deg_analysis.33079669_66.err:=== 1 Warnings encountered ===
deg_analysis.33079669_66.err:
deg_analysis.33079669_66.err:1. Partial NA coefficients for 978 probe(s)
deg_analysis.33079670_67.out:
deg_analysis.33079670_67.out:DE analysis started...
deg_analysis.33079670_67.out:Loaded input file:  ./data/l1000_phase2/pseudobulk_processed/sep_rep/by_celltype/CVCL_0132/CVCL_0132_processed_batch_6.h5ad
deg_analysis.33079670_67.out:Initial dimensions:  4552  samples ×  978  genes
deg_analysis.33079670_67.out:Filter samples with the low number of cells
deg_analysis.33079670_67.out:    Filter threshold (min_cells):  0
deg_analysis.33079670_67.out:    Found  4552  samples with sentinel value (-666), keeping all
deg_analysis.33079670_67.out:    n_obs:  4552 -->  4552
deg_analysis.33079670_67.out:
deg_analysis.33079670_67.out:▶︎ Processing cell_type:  CVCL_0132
deg_analysis.33079670_67.out:    Filter controls by  pert_time_h  column
deg_analysis.33079670_67.out:        n_obs:  4552 -->  4552
deg_analysis.33079670_67.out:
deg_analysis.33079670_67.out:    Constructing design matrix...
deg_analysis.33079670_67.out:    Design matrix is constructed in 0.3 seconds
deg_analysis.33079670_67.out:    Design matrix dimensions: 4552 samples × 2616 coefficients
deg_analysis.33079670_67.out:    Skipping filtering and normalization (dataset is already normalized)
deg_analysis.33079670_67.out:    Skipping voom transformation (dataset is already normalized)
deg_analysis.33079670_67.out:    Using as.matrix() directly for lmFit (data assumed to be normalized and log-transformed)...
deg_analysis.33079670_67.out:    as.matrix() prepared in 0.0 seconds
deg_analysis.33079670_67.out:    Running lmFit...
deg_analysis.33079670_67.out:Coefficients not estimable: plateLPROT003_A375_6H_X1.A2_B22
deg_analysis.33079670_67.out:    LmFit is completed in 16.4 seconds
deg_analysis.33079670_67.out:DGE fit is completed in 17.3 seconds
deg_analysis.33079670_67.out:    Running contrasts...
deg_analysis.33079670_67.out:    Running contrast 1/2513
deg_analysis.33079670_67.out:    Running contrast 51/2513
deg_analysis.33079670_67.out:    Running contrast 101/2513
deg_analysis.33079670_67.out:    Running contrast 151/2513
deg_analysis.33079670_67.out:    Running contrast 201/2513
deg_analysis.33079670_67.out:    Running contrast 251/2513
deg_analysis.33079670_67.out:    Running contrast 301/2513
deg_analysis.33079670_67.out:    Running contrast 351/2513
deg_analysis.33079670_67.out:    Running contrast 401/2513
deg_analysis.33079670_67.out:    Running contrast 451/2513
deg_analysis.33079670_67.out:    Running contrast 501/2513
deg_analysis.33079670_67.out:    Running contrast 551/2513
deg_analysis.33079670_67.out:    Running contrast 601/2513
deg_analysis.33079670_67.out:    Running contrast 651/2513
deg_analysis.33079670_67.out:    Running contrast 701/2513
deg_analysis.33079670_67.out:    Running contrast 751/2513
deg_analysis.33079670_67.out:    Running contrast 801/2513
deg_analysis.33079670_67.out:    Running contrast 851/2513
deg_analysis.33079670_67.out:    Running contrast 901/2513
deg_analysis.33079670_67.out:    Running contrast 951/2513
deg_analysis.33079670_67.out:    Running contrast 1001/2513
deg_analysis.33079670_67.out:    Running contrast 1051/2513
deg_analysis.33079670_67.out:    Running contrast 1101/2513
deg_analysis.33079670_67.out:    Running contrast 1151/2513
deg_analysis.33079670_67.out:    Running contrast 1201/2513
deg_analysis.33079670_67.out:    Running contrast 1251/2513
deg_analysis.33079670_67.out:    Running contrast 1301/2513
deg_analysis.33079670_67.out:    Running contrast 1351/2513
deg_analysis.33079670_67.out:    Running contrast 1401/2513
deg_analysis.33079670_67.out:    Running contrast 1451/2513
deg_analysis.33079670_67.out:    Running contrast 1501/2513
deg_analysis.33079670_67.out:    Running contrast 1551/2513
deg_analysis.33079670_67.out:    Running contrast 1601/2513
deg_analysis.33079670_67.out:    Running contrast 1651/2513
deg_analysis.33079670_67.out:    Running contrast 1701/2513
deg_analysis.33079670_67.out:    Running contrast 1751/2513
deg_analysis.33079670_67.out:    Running contrast 1801/2513
deg_analysis.33079670_67.out:    Running contrast 1851/2513
deg_analysis.33079670_67.out:    Running contrast 1901/2513
deg_analysis.33079670_67.out:    Running contrast 1951/2513
deg_analysis.33079670_67.out:    Running contrast 2001/2513
deg_analysis.33079670_67.out:    Running contrast 2051/2513
deg_analysis.33079670_67.out:    Running contrast 2101/2513
deg_analysis.33079670_67.out:    Running contrast 2151/2513
deg_analysis.33079670_67.out:    Running contrast 2201/2513
deg_analysis.33079670_67.out:    Running contrast 2251/2513
deg_analysis.33079670_67.out:    Running contrast 2301/2513
deg_analysis.33079670_67.out:    Running contrast 2351/2513
deg_analysis.33079670_67.out:    Running contrast 2401/2513
deg_analysis.33079670_67.out:    Running contrast 2451/2513
deg_analysis.33079670_67.out:    Running contrast 2501/2513
deg_analysis.33079670_67.out:    Running contrast 2513/2513
deg_analysis.33079670_67.out:Contrasts are completed in 4345.9 seconds
deg_analysis.33079670_67.out:
deg_analysis.33079670_67.out:    Writing:  ./data/l1000_phase2/deg_data/sep_rep/full/qc_false/filter_min_cells_0/intermediate/CVCL_0132/CVCL_0132_batch_6_de.h5ad
deg_analysis.33079670_67.out:
deg_analysis.33079670_67.out:    Rewriting h5ad file: ./data/l1000_phase2/deg_data/sep_rep/full/qc_false/filter_min_cells_0/intermediate/CVCL_0132/CVCL_0132_batch_6_de.h5ad
deg_analysis.33079670_67.out:    Removed X matrix
deg_analysis.33079670_67.out:    Rewriting h5ad file is done!
deg_analysis.33079670_67.out:✓ Cell line completed in 4375.1 seconds
deg_analysis.33079670_67.out:
deg_analysis.33079670_67.out:DE analysis completed!
deg_analysis.33079670_67.out:
deg_analysis.33079670_67.out:Total runtime: 4382.8 seconds
deg_analysis.33079670_67.err:
deg_analysis.33079670_67.err:=== 1 Warnings encountered ===
deg_analysis.33079670_67.err:
deg_analysis.33079670_67.err:1. Partial NA coefficients for 978 probe(s)
deg_analysis.33079672_68.out:
deg_analysis.33079672_68.out:DE analysis started...
deg_analysis.33079672_68.out:Loaded input file:  ./data/l1000_phase2/pseudobulk_processed/sep_rep/by_celltype/CVCL_0132/CVCL_0132_processed_batch_7.h5ad
deg_analysis.33079672_68.out:Initial dimensions:  4556  samples ×  978  genes
deg_analysis.33079672_68.out:Filter samples with the low number of cells
deg_analysis.33079672_68.out:    Filter threshold (min_cells):  0
deg_analysis.33079672_68.out:    Found  4556  samples with sentinel value (-666), keeping all
deg_analysis.33079672_68.out:    n_obs:  4556 -->  4556
deg_analysis.33079672_68.out:
deg_analysis.33079672_68.out:▶︎ Processing cell_type:  CVCL_0132
deg_analysis.33079672_68.out:    Filter controls by  pert_time_h  column
deg_analysis.33079672_68.out:        n_obs:  4556 -->  4556
deg_analysis.33079672_68.out:
deg_analysis.33079672_68.out:    Constructing design matrix...
deg_analysis.33079672_68.out:    Design matrix is constructed in 0.5 seconds
deg_analysis.33079672_68.out:    Design matrix dimensions: 4556 samples × 2620 coefficients
deg_analysis.33079672_68.out:    Skipping filtering and normalization (dataset is already normalized)
deg_analysis.33079672_68.out:    Skipping voom transformation (dataset is already normalized)
deg_analysis.33079672_68.out:    Using as.matrix() directly for lmFit (data assumed to be normalized and log-transformed)...
deg_analysis.33079672_68.out:    as.matrix() prepared in 0.1 seconds
deg_analysis.33079672_68.out:    Running lmFit...
deg_analysis.33079672_68.out:Coefficients not estimable: plateLPROT003_A375_6H_X1.A2_B22
deg_analysis.33079672_68.out:    LmFit is completed in 44.9 seconds
deg_analysis.33079672_68.out:DGE fit is completed in 46.5 seconds
deg_analysis.33079672_68.out:    Running contrasts...
deg_analysis.33079672_68.out:    Running contrast 1/2517
deg_analysis.33079672_68.out:    Running contrast 51/2517
deg_analysis.33079672_68.out:    Running contrast 101/2517
deg_analysis.33079672_68.out:    Running contrast 151/2517
deg_analysis.33079672_68.out:    Running contrast 201/2517
deg_analysis.33079672_68.out:    Running contrast 251/2517
deg_analysis.33079672_68.out:    Running contrast 301/2517
deg_analysis.33079672_68.out:    Running contrast 351/2517
deg_analysis.33079672_68.out:    Running contrast 401/2517
deg_analysis.33079672_68.out:    Running contrast 451/2517
deg_analysis.33079672_68.out:    Running contrast 501/2517
deg_analysis.33079672_68.out:    Running contrast 551/2517
deg_analysis.33079672_68.out:    Running contrast 601/2517
deg_analysis.33079672_68.out:    Running contrast 651/2517
deg_analysis.33079672_68.out:    Running contrast 701/2517
deg_analysis.33079672_68.out:    Running contrast 751/2517
deg_analysis.33079672_68.out:    Running contrast 801/2517
deg_analysis.33079672_68.out:    Running contrast 851/2517
deg_analysis.33079672_68.out:    Running contrast 901/2517
deg_analysis.33079672_68.out:    Running contrast 951/2517
deg_analysis.33079672_68.out:    Running contrast 1001/2517
deg_analysis.33079672_68.out:    Running contrast 1051/2517
deg_analysis.33079672_68.out:    Running contrast 1101/2517
deg_analysis.33079672_68.out:    Running contrast 1151/2517
deg_analysis.33079672_68.out:    Running contrast 1201/2517
deg_analysis.33079672_68.out:    Running contrast 1251/2517
deg_analysis.33079672_68.out:    Running contrast 1301/2517
deg_analysis.33079672_68.out:    Running contrast 1351/2517
deg_analysis.33079672_68.out:    Running contrast 1401/2517
deg_analysis.33079672_68.out:    Running contrast 1451/2517
deg_analysis.33079672_68.out:    Running contrast 1501/2517
deg_analysis.33079672_68.out:    Running contrast 1551/2517
deg_analysis.33079672_68.out:    Running contrast 1601/2517
deg_analysis.33079672_68.out:    Running contrast 1651/2517
deg_analysis.33079672_68.out:    Running contrast 1701/2517
deg_analysis.33079672_68.out:    Running contrast 1751/2517
deg_analysis.33079672_68.out:    Running contrast 1801/2517
deg_analysis.33079672_68.out:    Running contrast 1851/2517
deg_analysis.33079672_68.out:    Running contrast 1901/2517
deg_analysis.33079672_68.out:    Running contrast 1951/2517
deg_analysis.33079672_68.out:    Running contrast 2001/2517
deg_analysis.33079672_68.out:    Running contrast 2051/2517
deg_analysis.33079672_68.out:    Running contrast 2101/2517
deg_analysis.33079672_68.out:    Running contrast 2151/2517
deg_analysis.33079672_68.out:    Running contrast 2201/2517
deg_analysis.33079672_68.out:    Running contrast 2251/2517
deg_analysis.33079672_68.out:    Running contrast 2301/2517
deg_analysis.33079672_68.out:    Running contrast 2351/2517
deg_analysis.33079672_68.out:    Running contrast 2401/2517
deg_analysis.33079672_68.out:    Running contrast 2451/2517
deg_analysis.33079672_68.out:    Running contrast 2501/2517
deg_analysis.33079672_68.out:    Running contrast 2517/2517
deg_analysis.33079672_68.out:Contrasts are completed in 9059.0 seconds
deg_analysis.33079672_68.out:
deg_analysis.33079672_68.out:    Writing:  ./data/l1000_phase2/deg_data/sep_rep/full/qc_false/filter_min_cells_0/intermediate/CVCL_0132/CVCL_0132_batch_7_de.h5ad
deg_analysis.33079672_68.out:
deg_analysis.33079672_68.out:    Rewriting h5ad file: ./data/l1000_phase2/deg_data/sep_rep/full/qc_false/filter_min_cells_0/intermediate/CVCL_0132/CVCL_0132_batch_7_de.h5ad
deg_analysis.33079672_68.out:    Removed X matrix
deg_analysis.33079672_68.out:    Rewriting h5ad file is done!
deg_analysis.33079672_68.out:✓ Cell line completed in 9124.4 seconds
deg_analysis.33079672_68.out:
deg_analysis.33079672_68.out:DE analysis completed!
deg_analysis.33079672_68.out:
deg_analysis.33079672_68.out:Total runtime: 9134.0 seconds
deg_analysis.33079672_68.err:
deg_analysis.33079672_68.err:=== 1 Warnings encountered ===
deg_analysis.33079672_68.err:
deg_analysis.33079672_68.err:1. Partial NA coefficients for 978 probe(s)
deg_analysis.33079676_69.out:
deg_analysis.33079676_69.out:DE analysis started...
deg_analysis.33079676_69.out:Loaded input file:  ./data/l1000_phase2/pseudobulk_processed/sep_rep/by_celltype/CVCL_0132/CVCL_0132_processed_batch_8.h5ad
deg_analysis.33079676_69.out:Initial dimensions:  4539  samples ×  978  genes
deg_analysis.33079676_69.out:Filter samples with the low number of cells
deg_analysis.33079676_69.out:    Filter threshold (min_cells):  0
deg_analysis.33079676_69.out:    Found  4539  samples with sentinel value (-666), keeping all
deg_analysis.33079676_69.out:    n_obs:  4539 -->  4539
deg_analysis.33079676_69.out:
deg_analysis.33079676_69.out:▶︎ Processing cell_type:  CVCL_0132
deg_analysis.33079676_69.out:    Filter controls by  pert_time_h  column
deg_analysis.33079676_69.out:        n_obs:  4539 -->  4539
deg_analysis.33079676_69.out:
deg_analysis.33079676_69.out:    Constructing design matrix...
deg_analysis.33079676_69.out:    Design matrix is constructed in 0.4 seconds
deg_analysis.33079676_69.out:    Design matrix dimensions: 4539 samples × 2603 coefficients
deg_analysis.33079676_69.out:    Skipping filtering and normalization (dataset is already normalized)
deg_analysis.33079676_69.out:    Skipping voom transformation (dataset is already normalized)
deg_analysis.33079676_69.out:    Using as.matrix() directly for lmFit (data assumed to be normalized and log-transformed)...
deg_analysis.33079676_69.out:    as.matrix() prepared in 0.0 seconds
deg_analysis.33079676_69.out:    Running lmFit...
deg_analysis.33079676_69.out:Coefficients not estimable: plateLPROT003_A375_6H_X1.A2_B22
deg_analysis.33079676_69.out:    LmFit is completed in 37.5 seconds
deg_analysis.33079676_69.out:DGE fit is completed in 38.9 seconds
deg_analysis.33079676_69.out:    Running contrasts...
deg_analysis.33079676_69.out:    Running contrast 1/2500
deg_analysis.33079676_69.out:    Running contrast 51/2500
deg_analysis.33079676_69.out:    Running contrast 101/2500
deg_analysis.33079676_69.out:    Running contrast 151/2500
deg_analysis.33079676_69.out:    Running contrast 201/2500
deg_analysis.33079676_69.out:    Running contrast 251/2500
deg_analysis.33079676_69.out:    Running contrast 301/2500
deg_analysis.33079676_69.out:    Running contrast 351/2500
deg_analysis.33079676_69.out:    Running contrast 401/2500
deg_analysis.33079676_69.out:    Running contrast 451/2500
deg_analysis.33079676_69.out:    Running contrast 501/2500
deg_analysis.33079676_69.out:    Running contrast 551/2500
deg_analysis.33079676_69.out:    Running contrast 601/2500
deg_analysis.33079676_69.out:    Running contrast 651/2500
deg_analysis.33079676_69.out:    Running contrast 701/2500
deg_analysis.33079676_69.out:    Running contrast 751/2500
deg_analysis.33079676_69.out:    Running contrast 801/2500
deg_analysis.33079676_69.out:    Running contrast 851/2500
deg_analysis.33079676_69.out:    Running contrast 901/2500
deg_analysis.33079676_69.out:    Running contrast 951/2500
deg_analysis.33079676_69.out:    Running contrast 1001/2500
deg_analysis.33079676_69.out:    Running contrast 1051/2500
deg_analysis.33079676_69.out:    Running contrast 1101/2500
deg_analysis.33079676_69.out:    Running contrast 1151/2500
deg_analysis.33079676_69.out:    Running contrast 1201/2500
deg_analysis.33079676_69.out:    Running contrast 1251/2500
deg_analysis.33079676_69.out:    Running contrast 1301/2500
deg_analysis.33079676_69.out:    Running contrast 1351/2500
deg_analysis.33079676_69.out:    Running contrast 1401/2500
deg_analysis.33079676_69.out:    Running contrast 1451/2500
deg_analysis.33079676_69.out:    Running contrast 1501/2500
deg_analysis.33079676_69.out:    Running contrast 1551/2500
deg_analysis.33079676_69.out:    Running contrast 1601/2500
deg_analysis.33079676_69.out:    Running contrast 1651/2500
deg_analysis.33079676_69.out:    Running contrast 1701/2500
deg_analysis.33079676_69.out:    Running contrast 1751/2500
deg_analysis.33079676_69.out:    Running contrast 1801/2500
deg_analysis.33079676_69.out:    Running contrast 1851/2500
deg_analysis.33079676_69.out:    Running contrast 1901/2500
deg_analysis.33079676_69.out:    Running contrast 1951/2500
deg_analysis.33079676_69.out:    Running contrast 2001/2500
deg_analysis.33079676_69.out:    Running contrast 2051/2500
deg_analysis.33079676_69.out:    Running contrast 2101/2500
deg_analysis.33079676_69.out:    Running contrast 2151/2500
deg_analysis.33079676_69.out:    Running contrast 2201/2500
deg_analysis.33079676_69.out:    Running contrast 2251/2500
deg_analysis.33079676_69.out:    Running contrast 2301/2500
deg_analysis.33079676_69.out:    Running contrast 2351/2500
deg_analysis.33079676_69.out:    Running contrast 2401/2500
deg_analysis.33079676_69.out:    Running contrast 2451/2500
deg_analysis.33079676_69.out:    Running contrast 2500/2500
deg_analysis.33079676_69.out:Contrasts are completed in 6506.3 seconds
deg_analysis.33079676_69.out:
deg_analysis.33079676_69.out:    Writing:  ./data/l1000_phase2/deg_data/sep_rep/full/qc_false/filter_min_cells_0/intermediate/CVCL_0132/CVCL_0132_batch_8_de.h5ad
deg_analysis.33079676_69.out:
deg_analysis.33079676_69.out:    Rewriting h5ad file: ./data/l1000_phase2/deg_data/sep_rep/full/qc_false/filter_min_cells_0/intermediate/CVCL_0132/CVCL_0132_batch_8_de.h5ad
deg_analysis.33079676_69.out:    Removed X matrix
deg_analysis.33079676_69.out:    Rewriting h5ad file is done!
deg_analysis.33079676_69.out:✓ Cell line completed in 6562.3 seconds
deg_analysis.33079676_69.out:
deg_analysis.33079676_69.out:DE analysis completed!
deg_analysis.33079676_69.out:
deg_analysis.33079676_69.out:Total runtime: 6579.4 seconds
deg_analysis.33079676_69.err:During startup - Warning messages:
deg_analysis.33079676_69.err:1: Setting LC_CTYPE failed, using "C"
deg_analysis.33079676_69.err:2: Setting LC_COLLATE failed, using "C"
deg_analysis.33079676_69.err:3: Setting LC_TIME failed, using "C"
deg_analysis.33079676_69.err:4: Setting LC_MESSAGES failed, using "C"
deg_analysis.33079676_69.err:5: Setting LC_MONETARY failed, using "C"
deg_analysis.33079676_69.err:6: Setting LC_PAPER failed, using "C"
deg_analysis.33079676_69.err:7: Setting LC_MEASUREMENT failed, using "C"
deg_analysis.33079676_69.err:
deg_analysis.33079676_69.err:=== 1 Warnings encountered ===
deg_analysis.33079676_69.err:
deg_analysis.33079676_69.err:1. Partial NA coefficients for 978 probe(s)
deg_analysis.33079678_70.out:
deg_analysis.33079678_70.out:DE analysis started...
deg_analysis.33079678_70.out:Loaded input file:  ./data/l1000_phase2/pseudobulk_processed/sep_rep/by_celltype/CVCL_0132/CVCL_0132_processed_batch_9.h5ad
deg_analysis.33079678_70.out:Initial dimensions:  4542  samples ×  978  genes
deg_analysis.33079678_70.out:Filter samples with the low number of cells
deg_analysis.33079678_70.out:    Filter threshold (min_cells):  0
deg_analysis.33079678_70.out:    Found  4542  samples with sentinel value (-666), keeping all
deg_analysis.33079678_70.out:    n_obs:  4542 -->  4542
deg_analysis.33079678_70.out:
deg_analysis.33079678_70.out:▶︎ Processing cell_type:  CVCL_0132
deg_analysis.33079678_70.out:    Filter controls by  pert_time_h  column
deg_analysis.33079678_70.out:        n_obs:  4542 -->  4542
deg_analysis.33079678_70.out:
deg_analysis.33079678_70.out:    Constructing design matrix...
deg_analysis.33079678_70.out:    Design matrix is constructed in 0.4 seconds
deg_analysis.33079678_70.out:    Design matrix dimensions: 4542 samples × 2606 coefficients
deg_analysis.33079678_70.out:    Skipping filtering and normalization (dataset is already normalized)
deg_analysis.33079678_70.out:    Skipping voom transformation (dataset is already normalized)
deg_analysis.33079678_70.out:    Using as.matrix() directly for lmFit (data assumed to be normalized and log-transformed)...
deg_analysis.33079678_70.out:    as.matrix() prepared in 0.0 seconds
deg_analysis.33079678_70.out:    Running lmFit...
deg_analysis.33079678_70.out:Coefficients not estimable: plateLPROT003_A375_6H_X1.A2_B22
deg_analysis.33079678_70.out:    LmFit is completed in 38.6 seconds
deg_analysis.33079678_70.out:DGE fit is completed in 40.0 seconds
deg_analysis.33079678_70.out:    Running contrasts...
deg_analysis.33079678_70.out:    Running contrast 1/2503
deg_analysis.33079678_70.out:    Running contrast 51/2503
deg_analysis.33079678_70.out:    Running contrast 101/2503
deg_analysis.33079678_70.out:    Running contrast 151/2503
deg_analysis.33079678_70.out:    Running contrast 201/2503
deg_analysis.33079678_70.out:    Running contrast 251/2503
deg_analysis.33079678_70.out:    Running contrast 301/2503
deg_analysis.33079678_70.out:    Running contrast 351/2503
deg_analysis.33079678_70.out:    Running contrast 401/2503
deg_analysis.33079678_70.out:    Running contrast 451/2503
deg_analysis.33079678_70.out:    Running contrast 501/2503
deg_analysis.33079678_70.out:    Running contrast 551/2503
deg_analysis.33079678_70.out:    Running contrast 601/2503
deg_analysis.33079678_70.out:    Running contrast 651/2503
deg_analysis.33079678_70.out:    Running contrast 701/2503
deg_analysis.33079678_70.out:    Running contrast 751/2503
deg_analysis.33079678_70.out:    Running contrast 801/2503
deg_analysis.33079678_70.out:    Running contrast 851/2503
deg_analysis.33079678_70.out:    Running contrast 901/2503
deg_analysis.33079678_70.out:    Running contrast 951/2503
deg_analysis.33079678_70.out:    Running contrast 1001/2503
deg_analysis.33079678_70.out:    Running contrast 1051/2503
deg_analysis.33079678_70.out:    Running contrast 1101/2503
deg_analysis.33079678_70.out:    Running contrast 1151/2503
deg_analysis.33079678_70.out:    Running contrast 1201/2503
deg_analysis.33079678_70.out:    Running contrast 1251/2503
deg_analysis.33079678_70.out:    Running contrast 1301/2503
deg_analysis.33079678_70.out:    Running contrast 1351/2503
deg_analysis.33079678_70.out:    Running contrast 1401/2503
deg_analysis.33079678_70.out:    Running contrast 1451/2503
deg_analysis.33079678_70.out:    Running contrast 1501/2503
deg_analysis.33079678_70.out:    Running contrast 1551/2503
deg_analysis.33079678_70.out:    Running contrast 1601/2503
deg_analysis.33079678_70.out:    Running contrast 1651/2503
deg_analysis.33079678_70.out:    Running contrast 1701/2503
deg_analysis.33079678_70.out:    Running contrast 1751/2503
deg_analysis.33079678_70.out:    Running contrast 1801/2503
deg_analysis.33079678_70.out:    Running contrast 1851/2503
deg_analysis.33079678_70.out:    Running contrast 1901/2503
deg_analysis.33079678_70.out:    Running contrast 1951/2503
deg_analysis.33079678_70.out:    Running contrast 2001/2503
deg_analysis.33079678_70.out:    Running contrast 2051/2503
deg_analysis.33079678_70.out:    Running contrast 2101/2503
deg_analysis.33079678_70.out:    Running contrast 2151/2503
deg_analysis.33079678_70.out:    Running contrast 2201/2503
deg_analysis.33079678_70.out:    Running contrast 2251/2503
deg_analysis.33079678_70.out:    Running contrast 2301/2503
deg_analysis.33079678_70.out:    Running contrast 2351/2503
deg_analysis.33079678_70.out:    Running contrast 2401/2503
deg_analysis.33079678_70.out:    Running contrast 2451/2503
deg_analysis.33079678_70.out:    Running contrast 2501/2503
deg_analysis.33079678_70.out:    Running contrast 2503/2503
deg_analysis.33079678_70.out:Contrasts are completed in 6505.2 seconds
deg_analysis.33079678_70.out:
deg_analysis.33079678_70.out:    Writing:  ./data/l1000_phase2/deg_data/sep_rep/full/qc_false/filter_min_cells_0/intermediate/CVCL_0132/CVCL_0132_batch_9_de.h5ad
deg_analysis.33079678_70.out:
deg_analysis.33079678_70.out:    Rewriting h5ad file: ./data/l1000_phase2/deg_data/sep_rep/full/qc_false/filter_min_cells_0/intermediate/CVCL_0132/CVCL_0132_batch_9_de.h5ad
deg_analysis.33079678_70.out:    Removed X matrix
deg_analysis.33079678_70.out:    Rewriting h5ad file is done!
deg_analysis.33079678_70.out:✓ Cell line completed in 6562.2 seconds
deg_analysis.33079678_70.out:
deg_analysis.33079678_70.out:DE analysis completed!
deg_analysis.33079678_70.out:
deg_analysis.33079678_70.out:Total runtime: 6573.7 seconds
deg_analysis.33079678_70.err:During startup - Warning messages:
deg_analysis.33079678_70.err:1: Setting LC_CTYPE failed, using "C"
deg_analysis.33079678_70.err:2: Setting LC_COLLATE failed, using "C"
deg_analysis.33079678_70.err:3: Setting LC_TIME failed, using "C"
deg_analysis.33079678_70.err:4: Setting LC_MESSAGES failed, using "C"
deg_analysis.33079678_70.err:5: Setting LC_MONETARY failed, using "C"
deg_analysis.33079678_70.err:6: Setting LC_PAPER failed, using "C"
deg_analysis.33079678_70.err:7: Setting LC_MEASUREMENT failed, using "C"
deg_analysis.33079678_70.err:
deg_analysis.33079678_70.err:=== 1 Warnings encountered ===
deg_analysis.33079678_70.err:
deg_analysis.33079678_70.err:1. Partial NA coefficients for 978 probe(s)
deg_analysis.33079922_71.out:
deg_analysis.33079922_71.out:DE analysis started...
deg_analysis.33079922_71.out:Loaded input file:  ./data/l1000_phase2/pseudobulk_processed/sep_rep/by_celltype/CVCL_0178/CVCL_0178_processed_batch_1.h5ad
deg_analysis.33079922_71.out:Initial dimensions:  2838  samples ×  978  genes
deg_analysis.33079922_71.out:Filter samples with the low number of cells
deg_analysis.33079922_71.out:    Filter threshold (min_cells):  0
deg_analysis.33079922_71.out:    Found  2838  samples with sentinel value (-666), keeping all
deg_analysis.33079922_71.out:    n_obs:  2838 -->  2838
deg_analysis.33079922_71.out:
deg_analysis.33079922_71.out:▶︎ Processing cell_type:  CVCL_0178
deg_analysis.33079922_71.out:    Filter controls by  pert_time_h  column
deg_analysis.33079922_71.out:        n_obs:  2838 -->  2838
deg_analysis.33079922_71.out:
deg_analysis.33079922_71.out:    Constructing design matrix...
deg_analysis.33079922_71.out:    Design matrix is constructed in 0.5 seconds
deg_analysis.33079922_71.out:    Design matrix dimensions: 2838 samples × 2526 coefficients
deg_analysis.33079922_71.out:    Skipping filtering and normalization (dataset is already normalized)
deg_analysis.33079922_71.out:    Skipping voom transformation (dataset is already normalized)
deg_analysis.33079922_71.out:    Using as.matrix() directly for lmFit (data assumed to be normalized and log-transformed)...
deg_analysis.33079922_71.out:    as.matrix() prepared in 0.0 seconds
deg_analysis.33079922_71.out:    Running lmFit...
deg_analysis.33079922_71.out:Coefficients not estimable: plateLJP006_BT20_3H_X3.L2_B17
deg_analysis.33079922_71.out:    LmFit is completed in 10.7 seconds
deg_analysis.33079922_71.out:DGE fit is completed in 11.9 seconds
deg_analysis.33079922_71.out:    Running contrasts...
deg_analysis.33079922_71.out:    Running contrast 1/2512
deg_analysis.33079922_71.out:    Running contrast 51/2512
deg_analysis.33079922_71.out:    Running contrast 101/2512
deg_analysis.33079922_71.out:    Running contrast 151/2512
deg_analysis.33079922_71.out:    Running contrast 201/2512
deg_analysis.33079922_71.out:    Running contrast 251/2512
deg_analysis.33079922_71.out:    Running contrast 301/2512
deg_analysis.33079922_71.out:    Running contrast 351/2512
deg_analysis.33079922_71.out:    Running contrast 401/2512
deg_analysis.33079922_71.out:    Running contrast 451/2512
deg_analysis.33079922_71.out:    Running contrast 501/2512
deg_analysis.33079922_71.out:    Running contrast 551/2512
deg_analysis.33079922_71.out:    Running contrast 601/2512
deg_analysis.33079922_71.out:    Running contrast 651/2512
deg_analysis.33079922_71.out:    Running contrast 701/2512
deg_analysis.33079922_71.out:    Running contrast 751/2512
deg_analysis.33079922_71.out:    Running contrast 801/2512
deg_analysis.33079922_71.out:    Running contrast 851/2512
deg_analysis.33079922_71.out:    Running contrast 901/2512
deg_analysis.33079922_71.out:    Running contrast 951/2512
deg_analysis.33079922_71.out:    Running contrast 1001/2512
deg_analysis.33079922_71.out:    Running contrast 1051/2512
deg_analysis.33079922_71.out:    Running contrast 1101/2512
deg_analysis.33079922_71.out:    Running contrast 1151/2512
deg_analysis.33079922_71.out:    Running contrast 1201/2512
deg_analysis.33079922_71.out:    Running contrast 1251/2512
deg_analysis.33079922_71.out:    Running contrast 1301/2512
deg_analysis.33079922_71.out:    Running contrast 1351/2512
deg_analysis.33079922_71.out:    Running contrast 1401/2512
deg_analysis.33079922_71.out:    Running contrast 1451/2512
deg_analysis.33079922_71.out:    Running contrast 1501/2512
deg_analysis.33079922_71.out:    Running contrast 1551/2512
deg_analysis.33079922_71.out:    Running contrast 1601/2512
deg_analysis.33079922_71.out:    Running contrast 1651/2512
deg_analysis.33079922_71.out:    Running contrast 1701/2512
deg_analysis.33079922_71.out:    Running contrast 1751/2512
deg_analysis.33079922_71.out:    Running contrast 1801/2512
deg_analysis.33079922_71.out:    Running contrast 1851/2512
deg_analysis.33079922_71.out:    Running contrast 1901/2512
deg_analysis.33079922_71.out:    Running contrast 1951/2512
deg_analysis.33079922_71.out:    Running contrast 2001/2512
deg_analysis.33079922_71.out:    Running contrast 2051/2512
deg_analysis.33079922_71.out:    Running contrast 2101/2512
deg_analysis.33079922_71.out:    Running contrast 2151/2512
deg_analysis.33079922_71.out:    Running contrast 2201/2512
deg_analysis.33079922_71.out:    Running contrast 2251/2512
deg_analysis.33079922_71.out:    Running contrast 2301/2512
deg_analysis.33079922_71.out:    Running contrast 2351/2512
deg_analysis.33079922_71.out:    Running contrast 2401/2512
deg_analysis.33079922_71.out:    Running contrast 2451/2512
deg_analysis.33079922_71.out:    Running contrast 2501/2512
deg_analysis.33079922_71.out:    Running contrast 2512/2512
deg_analysis.33079922_71.out:Contrasts are completed in 3270.8 seconds
deg_analysis.33079922_71.out:
deg_analysis.33079922_71.out:    Writing:  ./data/l1000_phase2/deg_data/sep_rep/full/qc_false/filter_min_cells_0/intermediate/CVCL_0178/CVCL_0178_batch_1_de.h5ad
deg_analysis.33079922_71.out:
deg_analysis.33079922_71.out:    Rewriting h5ad file: ./data/l1000_phase2/deg_data/sep_rep/full/qc_false/filter_min_cells_0/intermediate/CVCL_0178/CVCL_0178_batch_1_de.h5ad
deg_analysis.33079922_71.out:    Removed X matrix
deg_analysis.33079922_71.out:    Rewriting h5ad file is done!
deg_analysis.33079922_71.out:✓ Cell line completed in 3296.9 seconds
deg_analysis.33079922_71.out:
deg_analysis.33079922_71.out:DE analysis completed!
deg_analysis.33079922_71.out:
deg_analysis.33079922_71.out:Total runtime: 3311.6 seconds
deg_analysis.33079922_71.err:
deg_analysis.33079922_71.err:=== 1 Warnings encountered ===
deg_analysis.33079922_71.err:
deg_analysis.33079922_71.err:1. Partial NA coefficients for 978 probe(s)
deg_analysis.33079940_72.out:
deg_analysis.33079940_72.out:DE analysis started...
deg_analysis.33079940_72.out:Loaded input file:  ./data/l1000_phase2/pseudobulk_processed/sep_rep/by_celltype/CVCL_0178/CVCL_0178_processed_batch_2.h5ad
deg_analysis.33079940_72.out:Initial dimensions:  2852  samples ×  978  genes
deg_analysis.33079940_72.out:Filter samples with the low number of cells
deg_analysis.33079940_72.out:    Filter threshold (min_cells):  0
deg_analysis.33079940_72.out:    Found  2852  samples with sentinel value (-666), keeping all
deg_analysis.33079940_72.out:    n_obs:  2852 -->  2852
deg_analysis.33079940_72.out:
deg_analysis.33079940_72.out:▶︎ Processing cell_type:  CVCL_0178
deg_analysis.33079940_72.out:    Filter controls by  pert_time_h  column
deg_analysis.33079940_72.out:        n_obs:  2852 -->  2852
deg_analysis.33079940_72.out:
deg_analysis.33079940_72.out:    Constructing design matrix...
deg_analysis.33079940_72.out:    Design matrix is constructed in 0.7 seconds
deg_analysis.33079940_72.out:    Design matrix dimensions: 2852 samples × 2540 coefficients
deg_analysis.33079940_72.out:    Skipping filtering and normalization (dataset is already normalized)
deg_analysis.33079940_72.out:    Skipping voom transformation (dataset is already normalized)
deg_analysis.33079940_72.out:    Using as.matrix() directly for lmFit (data assumed to be normalized and log-transformed)...
deg_analysis.33079940_72.out:    as.matrix() prepared in 0.0 seconds
deg_analysis.33079940_72.out:    Running lmFit...
deg_analysis.33079940_72.out:Coefficients not estimable: plateLJP006_BT20_3H_X3.L2_B17
deg_analysis.33079940_72.out:    LmFit is completed in 24.3 seconds
deg_analysis.33079940_72.out:DGE fit is completed in 25.7 seconds
deg_analysis.33079940_72.out:    Running contrasts...
deg_analysis.33079940_72.out:    Running contrast 1/2526
deg_analysis.33079940_72.out:    Running contrast 51/2526
deg_analysis.33079940_72.out:    Running contrast 101/2526
deg_analysis.33079940_72.out:    Running contrast 151/2526
deg_analysis.33079940_72.out:    Running contrast 201/2526
deg_analysis.33079940_72.out:    Running contrast 251/2526
deg_analysis.33079940_72.out:    Running contrast 301/2526
deg_analysis.33079940_72.out:    Running contrast 351/2526
deg_analysis.33079940_72.out:    Running contrast 401/2526
deg_analysis.33079940_72.out:    Running contrast 451/2526
deg_analysis.33079940_72.out:    Running contrast 501/2526
deg_analysis.33079940_72.out:    Running contrast 551/2526
deg_analysis.33079940_72.out:    Running contrast 601/2526
deg_analysis.33079940_72.out:    Running contrast 651/2526
deg_analysis.33079940_72.out:    Running contrast 701/2526
deg_analysis.33079940_72.out:    Running contrast 751/2526
deg_analysis.33079940_72.out:    Running contrast 801/2526
deg_analysis.33079940_72.out:    Running contrast 851/2526
deg_analysis.33079940_72.out:    Running contrast 901/2526
deg_analysis.33079940_72.out:    Running contrast 951/2526
deg_analysis.33079940_72.out:    Running contrast 1001/2526
deg_analysis.33079940_72.out:    Running contrast 1051/2526
deg_analysis.33079940_72.out:    Running contrast 1101/2526
deg_analysis.33079940_72.out:    Running contrast 1151/2526
deg_analysis.33079940_72.out:    Running contrast 1201/2526
deg_analysis.33079940_72.out:    Running contrast 1251/2526
deg_analysis.33079940_72.out:    Running contrast 1301/2526
deg_analysis.33079940_72.out:    Running contrast 1351/2526
deg_analysis.33079940_72.out:    Running contrast 1401/2526
deg_analysis.33079940_72.out:    Running contrast 1451/2526
deg_analysis.33079940_72.out:    Running contrast 1501/2526
deg_analysis.33079940_72.out:    Running contrast 1551/2526
deg_analysis.33079940_72.out:    Running contrast 1601/2526
deg_analysis.33079940_72.out:    Running contrast 1651/2526
deg_analysis.33079940_72.out:    Running contrast 1701/2526
deg_analysis.33079940_72.out:    Running contrast 1751/2526
deg_analysis.33079940_72.out:    Running contrast 1801/2526
deg_analysis.33079940_72.out:    Running contrast 1851/2526
deg_analysis.33079940_72.out:    Running contrast 1901/2526
deg_analysis.33079940_72.out:    Running contrast 1951/2526
deg_analysis.33079940_72.out:    Running contrast 2001/2526
deg_analysis.33079940_72.out:    Running contrast 2051/2526
deg_analysis.33079940_72.out:    Running contrast 2101/2526
deg_analysis.33079940_72.out:    Running contrast 2151/2526
deg_analysis.33079940_72.out:    Running contrast 2201/2526
deg_analysis.33079940_72.out:    Running contrast 2251/2526
deg_analysis.33079940_72.out:    Running contrast 2301/2526
deg_analysis.33079940_72.out:    Running contrast 2351/2526
deg_analysis.33079940_72.out:    Running contrast 2401/2526
deg_analysis.33079940_72.out:    Running contrast 2451/2526
deg_analysis.33079940_72.out:    Running contrast 2501/2526
deg_analysis.33079940_72.out:    Running contrast 2526/2526
deg_analysis.33079940_72.out:Contrasts are completed in 7934.3 seconds
deg_analysis.33079940_72.out:
deg_analysis.33079940_72.out:    Writing:  ./data/l1000_phase2/deg_data/sep_rep/full/qc_false/filter_min_cells_0/intermediate/CVCL_0178/CVCL_0178_batch_2_de.h5ad
deg_analysis.33079940_72.out:
deg_analysis.33079940_72.out:    Rewriting h5ad file: ./data/l1000_phase2/deg_data/sep_rep/full/qc_false/filter_min_cells_0/intermediate/CVCL_0178/CVCL_0178_batch_2_de.h5ad
deg_analysis.33079940_72.out:    Removed X matrix
deg_analysis.33079940_72.out:    Rewriting h5ad file is done!
deg_analysis.33079940_72.out:✓ Cell line completed in 7979.2 seconds
deg_analysis.33079940_72.out:
deg_analysis.33079940_72.out:DE analysis completed!
deg_analysis.33079940_72.out:
deg_analysis.33079940_72.out:Total runtime: 7991.3 seconds
deg_analysis.33079940_72.err:
deg_analysis.33079940_72.err:=== 1 Warnings encountered ===
deg_analysis.33079940_72.err:
deg_analysis.33079940_72.err:1. Partial NA coefficients for 978 probe(s)
deg_analysis.33079978_73.out:
deg_analysis.33079978_73.out:DE analysis started...
deg_analysis.33079978_73.out:Loaded input file:  ./data/l1000_phase2/pseudobulk_processed/sep_rep/by_celltype/CVCL_0320/CVCL_0320_processed_batch_10.h5ad
deg_analysis.33079978_73.out:Initial dimensions:  4533  samples ×  978  genes
deg_analysis.33079978_73.out:Filter samples with the low number of cells
deg_analysis.33079978_73.out:    Filter threshold (min_cells):  0
deg_analysis.33079978_73.out:    Found  4533  samples with sentinel value (-666), keeping all
deg_analysis.33079978_73.out:    n_obs:  4533 -->  4533
deg_analysis.33079978_73.out:
deg_analysis.33079978_73.out:▶︎ Processing cell_type:  CVCL_0320
deg_analysis.33079978_73.out:    Filter controls by  pert_time_h  column
deg_analysis.33079978_73.out:        n_obs:  4533 -->  4533
deg_analysis.33079978_73.out:
deg_analysis.33079978_73.out:    Constructing design matrix...
deg_analysis.33079978_73.out:    Design matrix is constructed in 0.4 seconds
deg_analysis.33079978_73.out:    Design matrix dimensions: 4533 samples × 2610 coefficients
deg_analysis.33079978_73.out:    Skipping filtering and normalization (dataset is already normalized)
deg_analysis.33079978_73.out:    Skipping voom transformation (dataset is already normalized)
deg_analysis.33079978_73.out:    Using as.matrix() directly for lmFit (data assumed to be normalized and log-transformed)...
deg_analysis.33079978_73.out:    as.matrix() prepared in 0.0 seconds
deg_analysis.33079978_73.out:    Running lmFit...
deg_analysis.33079978_73.out:    LmFit is completed in 16.4 seconds
deg_analysis.33079978_73.out:DGE fit is completed in 17.5 seconds
deg_analysis.33079978_73.out:    Running contrasts...
deg_analysis.33079978_73.out:    Running contrast 1/2511
deg_analysis.33079978_73.out:    Running contrast 51/2511
deg_analysis.33079978_73.out:    Running contrast 101/2511
deg_analysis.33079978_73.out:    Running contrast 151/2511
deg_analysis.33079978_73.out:    Running contrast 201/2511
deg_analysis.33079978_73.out:    Running contrast 251/2511
deg_analysis.33079978_73.out:    Running contrast 301/2511
deg_analysis.33079978_73.out:    Running contrast 351/2511
deg_analysis.33079978_73.out:    Running contrast 401/2511
deg_analysis.33079978_73.out:    Running contrast 451/2511
deg_analysis.33079978_73.out:    Running contrast 501/2511
deg_analysis.33079978_73.out:    Running contrast 551/2511
deg_analysis.33079978_73.out:    Running contrast 601/2511
deg_analysis.33079978_73.out:    Running contrast 651/2511
deg_analysis.33079978_73.out:    Running contrast 701/2511
deg_analysis.33079978_73.out:    Running contrast 751/2511
deg_analysis.33079978_73.out:    Running contrast 801/2511
deg_analysis.33079978_73.out:    Running contrast 851/2511
deg_analysis.33079978_73.out:    Running contrast 901/2511
deg_analysis.33079978_73.out:    Running contrast 951/2511
deg_analysis.33079978_73.out:    Running contrast 1001/2511
deg_analysis.33079978_73.out:    Running contrast 1051/2511
deg_analysis.33079978_73.out:    Running contrast 1101/2511
deg_analysis.33079978_73.out:    Running contrast 1151/2511
deg_analysis.33079978_73.out:    Running contrast 1201/2511
deg_analysis.33079978_73.out:    Running contrast 1251/2511
deg_analysis.33079978_73.out:    Running contrast 1301/2511
deg_analysis.33079978_73.out:    Running contrast 1351/2511
deg_analysis.33079978_73.out:    Running contrast 1401/2511
deg_analysis.33079978_73.out:    Running contrast 1451/2511
deg_analysis.33079978_73.out:    Running contrast 1501/2511
deg_analysis.33079978_73.out:    Running contrast 1551/2511
deg_analysis.33079978_73.out:    Running contrast 1601/2511
deg_analysis.33079978_73.out:    Running contrast 1651/2511
deg_analysis.33079978_73.out:    Running contrast 1701/2511
deg_analysis.33079978_73.out:    Running contrast 1751/2511
deg_analysis.33079978_73.out:    Running contrast 1801/2511
deg_analysis.33079978_73.out:    Running contrast 1851/2511
deg_analysis.33079978_73.out:    Running contrast 1901/2511
deg_analysis.33079978_73.out:    Running contrast 1951/2511
deg_analysis.33079978_73.out:    Running contrast 2001/2511
deg_analysis.33079978_73.out:    Running contrast 2051/2511
deg_analysis.33079978_73.out:    Running contrast 2101/2511
deg_analysis.33079978_73.out:    Running contrast 2151/2511
deg_analysis.33079978_73.out:    Running contrast 2201/2511
deg_analysis.33079978_73.out:    Running contrast 2251/2511
deg_analysis.33079978_73.out:    Running contrast 2301/2511
deg_analysis.33079978_73.out:    Running contrast 2351/2511
deg_analysis.33079978_73.out:    Running contrast 2401/2511
deg_analysis.33079978_73.out:    Running contrast 2451/2511
deg_analysis.33079978_73.out:    Running contrast 2501/2511
deg_analysis.33079978_73.out:    Running contrast 2511/2511
deg_analysis.33079978_73.out:Contrasts are completed in 4355.3 seconds
deg_analysis.33079978_73.out:
deg_analysis.33079978_73.out:    Writing:  ./data/l1000_phase2/deg_data/sep_rep/full/qc_false/filter_min_cells_0/intermediate/CVCL_0320/CVCL_0320_batch_10_de.h5ad
deg_analysis.33079978_73.out:
deg_analysis.33079978_73.out:    Rewriting h5ad file: ./data/l1000_phase2/deg_data/sep_rep/full/qc_false/filter_min_cells_0/intermediate/CVCL_0320/CVCL_0320_batch_10_de.h5ad
deg_analysis.33079978_73.out:    Removed X matrix
deg_analysis.33079978_73.out:    Rewriting h5ad file is done!
deg_analysis.33079978_73.out:✓ Cell line completed in 4386.0 seconds
deg_analysis.33079978_73.out:
deg_analysis.33079978_73.out:DE analysis completed!
deg_analysis.33079978_73.out:
deg_analysis.33079978_73.out:Total runtime: 4404.2 seconds
deg_analysis.33079984_74.out:
deg_analysis.33079984_74.out:DE analysis started...
deg_analysis.33079984_74.out:Loaded input file:  ./data/l1000_phase2/pseudobulk_processed/sep_rep/by_celltype/CVCL_0320/CVCL_0320_processed_batch_11.h5ad
deg_analysis.33079984_74.out:Initial dimensions:  4528  samples ×  978  genes
deg_analysis.33079984_74.out:Filter samples with the low number of cells
deg_analysis.33079984_74.out:    Filter threshold (min_cells):  0
deg_analysis.33079984_74.out:    Found  4528  samples with sentinel value (-666), keeping all
deg_analysis.33079984_74.out:    n_obs:  4528 -->  4528
deg_analysis.33079984_74.out:
deg_analysis.33079984_74.out:▶︎ Processing cell_type:  CVCL_0320
deg_analysis.33079984_74.out:    Filter controls by  pert_time_h  column
deg_analysis.33079984_74.out:        n_obs:  4528 -->  4528
deg_analysis.33079984_74.out:
deg_analysis.33079984_74.out:    Constructing design matrix...
deg_analysis.33079984_74.out:    Design matrix is constructed in 0.3 seconds
deg_analysis.33079984_74.out:    Design matrix dimensions: 4528 samples × 2605 coefficients
deg_analysis.33079984_74.out:    Skipping filtering and normalization (dataset is already normalized)
deg_analysis.33079984_74.out:    Skipping voom transformation (dataset is already normalized)
deg_analysis.33079984_74.out:    Using as.matrix() directly for lmFit (data assumed to be normalized and log-transformed)...
deg_analysis.33079984_74.out:    as.matrix() prepared in 0.0 seconds
deg_analysis.33079984_74.out:    Running lmFit...
deg_analysis.33079984_74.out:    LmFit is completed in 19.1 seconds
deg_analysis.33079984_74.out:DGE fit is completed in 20.1 seconds
deg_analysis.33079984_74.out:    Running contrasts...
deg_analysis.33079984_74.out:    Running contrast 1/2506
deg_analysis.33079984_74.out:    Running contrast 51/2506
deg_analysis.33079984_74.out:    Running contrast 101/2506
deg_analysis.33079984_74.out:    Running contrast 151/2506
deg_analysis.33079984_74.out:    Running contrast 201/2506
deg_analysis.33079984_74.out:    Running contrast 251/2506
deg_analysis.33079984_74.out:    Running contrast 301/2506
deg_analysis.33079984_74.out:    Running contrast 351/2506
deg_analysis.33079984_74.out:    Running contrast 401/2506
deg_analysis.33079984_74.out:    Running contrast 451/2506
deg_analysis.33079984_74.out:    Running contrast 501/2506
deg_analysis.33079984_74.out:    Running contrast 551/2506
deg_analysis.33079984_74.out:    Running contrast 601/2506
deg_analysis.33079984_74.out:    Running contrast 651/2506
deg_analysis.33079984_74.out:    Running contrast 701/2506
deg_analysis.33079984_74.out:    Running contrast 751/2506
deg_analysis.33079984_74.out:    Running contrast 801/2506
deg_analysis.33079984_74.out:    Running contrast 851/2506
deg_analysis.33079984_74.out:    Running contrast 901/2506
deg_analysis.33079984_74.out:    Running contrast 951/2506
deg_analysis.33079984_74.out:    Running contrast 1001/2506
deg_analysis.33079984_74.out:    Running contrast 1051/2506
deg_analysis.33079984_74.out:    Running contrast 1101/2506
deg_analysis.33079984_74.out:    Running contrast 1151/2506
deg_analysis.33079984_74.out:    Running contrast 1201/2506
deg_analysis.33079984_74.out:    Running contrast 1251/2506
deg_analysis.33079984_74.out:    Running contrast 1301/2506
deg_analysis.33079984_74.out:    Running contrast 1351/2506
deg_analysis.33079984_74.out:    Running contrast 1401/2506
deg_analysis.33079984_74.out:    Running contrast 1451/2506
deg_analysis.33079984_74.out:    Running contrast 1501/2506
deg_analysis.33079984_74.out:    Running contrast 1551/2506
deg_analysis.33079984_74.out:    Running contrast 1601/2506
deg_analysis.33079984_74.out:    Running contrast 1651/2506
deg_analysis.33079984_74.out:    Running contrast 1701/2506
deg_analysis.33079984_74.out:    Running contrast 1751/2506
deg_analysis.33079984_74.out:    Running contrast 1801/2506
deg_analysis.33079984_74.out:    Running contrast 1851/2506
deg_analysis.33079984_74.out:    Running contrast 1901/2506
deg_analysis.33079984_74.out:    Running contrast 1951/2506
deg_analysis.33079984_74.out:    Running contrast 2001/2506
deg_analysis.33079984_74.out:    Running contrast 2051/2506
deg_analysis.33079984_74.out:    Running contrast 2101/2506
deg_analysis.33079984_74.out:    Running contrast 2151/2506
deg_analysis.33079984_74.out:    Running contrast 2201/2506
deg_analysis.33079984_74.out:    Running contrast 2251/2506
deg_analysis.33079984_74.out:    Running contrast 2301/2506
deg_analysis.33079984_74.out:    Running contrast 2351/2506
deg_analysis.33079984_74.out:    Running contrast 2401/2506
deg_analysis.33079984_74.out:    Running contrast 2451/2506
deg_analysis.33079984_74.out:    Running contrast 2501/2506
deg_analysis.33079984_74.out:    Running contrast 2506/2506
deg_analysis.33079984_74.out:Contrasts are completed in 4331.3 seconds
deg_analysis.33079984_74.out:
deg_analysis.33079984_74.out:    Writing:  ./data/l1000_phase2/deg_data/sep_rep/full/qc_false/filter_min_cells_0/intermediate/CVCL_0320/CVCL_0320_batch_11_de.h5ad
deg_analysis.33079984_74.out:
deg_analysis.33079984_74.out:    Rewriting h5ad file: ./data/l1000_phase2/deg_data/sep_rep/full/qc_false/filter_min_cells_0/intermediate/CVCL_0320/CVCL_0320_batch_11_de.h5ad
deg_analysis.33079984_74.out:    Removed X matrix
deg_analysis.33079984_74.out:    Rewriting h5ad file is done!
deg_analysis.33079984_74.out:✓ Cell line completed in 4364.4 seconds
deg_analysis.33079984_74.out:
deg_analysis.33079984_74.out:DE analysis completed!
deg_analysis.33079984_74.out:
deg_analysis.33079984_74.out:Total runtime: 4379.1 seconds
deg_analysis.33079986_75.out:
deg_analysis.33079986_75.out:DE analysis started...
deg_analysis.33079986_75.out:Loaded input file:  ./data/l1000_phase2/pseudobulk_processed/sep_rep/by_celltype/CVCL_0320/CVCL_0320_processed_batch_12.h5ad
deg_analysis.33079986_75.out:Initial dimensions:  4531  samples ×  978  genes
deg_analysis.33079986_75.out:Filter samples with the low number of cells
deg_analysis.33079986_75.out:    Filter threshold (min_cells):  0
deg_analysis.33079986_75.out:    Found  4531  samples with sentinel value (-666), keeping all
deg_analysis.33079986_75.out:    n_obs:  4531 -->  4531
deg_analysis.33079986_75.out:
deg_analysis.33079986_75.out:▶︎ Processing cell_type:  CVCL_0320
deg_analysis.33079986_75.out:    Filter controls by  pert_time_h  column
deg_analysis.33079986_75.out:        n_obs:  4531 -->  4531
deg_analysis.33079986_75.out:
deg_analysis.33079986_75.out:    Constructing design matrix...
deg_analysis.33079986_75.out:    Design matrix is constructed in 0.5 seconds
deg_analysis.33079986_75.out:    Design matrix dimensions: 4531 samples × 2608 coefficients
deg_analysis.33079986_75.out:    Skipping filtering and normalization (dataset is already normalized)
deg_analysis.33079986_75.out:    Skipping voom transformation (dataset is already normalized)
deg_analysis.33079986_75.out:    Using as.matrix() directly for lmFit (data assumed to be normalized and log-transformed)...
deg_analysis.33079986_75.out:    as.matrix() prepared in 0.0 seconds
deg_analysis.33079986_75.out:    Running lmFit...
deg_analysis.33079986_75.out:    LmFit is completed in 46.0 seconds
deg_analysis.33079986_75.out:DGE fit is completed in 47.6 seconds
deg_analysis.33079986_75.out:    Running contrasts...
deg_analysis.33079986_75.out:    Running contrast 1/2509
deg_analysis.33079986_75.out:    Running contrast 51/2509
deg_analysis.33079986_75.out:    Running contrast 101/2509
deg_analysis.33079986_75.out:    Running contrast 151/2509
deg_analysis.33079986_75.out:    Running contrast 201/2509
deg_analysis.33079986_75.out:    Running contrast 251/2509
deg_analysis.33079986_75.out:    Running contrast 301/2509
deg_analysis.33079986_75.out:    Running contrast 351/2509
deg_analysis.33079986_75.out:    Running contrast 401/2509
deg_analysis.33079986_75.out:    Running contrast 451/2509
deg_analysis.33079986_75.out:    Running contrast 501/2509
deg_analysis.33079986_75.out:    Running contrast 551/2509
deg_analysis.33079986_75.out:    Running contrast 601/2509
deg_analysis.33079986_75.out:    Running contrast 651/2509
deg_analysis.33079986_75.out:    Running contrast 701/2509
deg_analysis.33079986_75.out:    Running contrast 751/2509
deg_analysis.33079986_75.out:    Running contrast 801/2509
deg_analysis.33079986_75.out:    Running contrast 851/2509
deg_analysis.33079986_75.out:    Running contrast 901/2509
deg_analysis.33079986_75.out:    Running contrast 951/2509
deg_analysis.33079986_75.out:    Running contrast 1001/2509
deg_analysis.33079986_75.out:    Running contrast 1051/2509
deg_analysis.33079986_75.out:    Running contrast 1101/2509
deg_analysis.33079986_75.out:    Running contrast 1151/2509
deg_analysis.33079986_75.out:    Running contrast 1201/2509
deg_analysis.33079986_75.out:    Running contrast 1251/2509
deg_analysis.33079986_75.out:    Running contrast 1301/2509
deg_analysis.33079986_75.out:    Running contrast 1351/2509
deg_analysis.33079986_75.out:    Running contrast 1401/2509
deg_analysis.33079986_75.out:    Running contrast 1451/2509
deg_analysis.33079986_75.out:    Running contrast 1501/2509
deg_analysis.33079986_75.out:    Running contrast 1551/2509
deg_analysis.33079986_75.out:    Running contrast 1601/2509
deg_analysis.33079986_75.out:    Running contrast 1651/2509
deg_analysis.33079986_75.out:    Running contrast 1701/2509
deg_analysis.33079986_75.out:    Running contrast 1751/2509
deg_analysis.33079986_75.out:    Running contrast 1801/2509
deg_analysis.33079986_75.out:    Running contrast 1851/2509
deg_analysis.33079986_75.out:    Running contrast 1901/2509
deg_analysis.33079986_75.out:    Running contrast 1951/2509
deg_analysis.33079986_75.out:    Running contrast 2001/2509
deg_analysis.33079986_75.out:    Running contrast 2051/2509
deg_analysis.33079986_75.out:    Running contrast 2101/2509
deg_analysis.33079986_75.out:    Running contrast 2151/2509
deg_analysis.33079986_75.out:    Running contrast 2201/2509
deg_analysis.33079986_75.out:    Running contrast 2251/2509
deg_analysis.33079986_75.out:    Running contrast 2301/2509
deg_analysis.33079986_75.out:    Running contrast 2351/2509
deg_analysis.33079986_75.out:    Running contrast 2401/2509
deg_analysis.33079986_75.out:    Running contrast 2451/2509
deg_analysis.33079986_75.out:    Running contrast 2501/2509
deg_analysis.33079986_75.out:    Running contrast 2509/2509
deg_analysis.33079986_75.out:Contrasts are completed in 9258.6 seconds
deg_analysis.33079986_75.out:
deg_analysis.33079986_75.out:    Writing:  ./data/l1000_phase2/deg_data/sep_rep/full/qc_false/filter_min_cells_0/intermediate/CVCL_0320/CVCL_0320_batch_12_de.h5ad
deg_analysis.33079986_75.out:
deg_analysis.33079986_75.out:    Rewriting h5ad file: ./data/l1000_phase2/deg_data/sep_rep/full/qc_false/filter_min_cells_0/intermediate/CVCL_0320/CVCL_0320_batch_12_de.h5ad
deg_analysis.33079986_75.out:    Removed X matrix
deg_analysis.33079986_75.out:    Rewriting h5ad file is done!
deg_analysis.33079986_75.out:✓ Cell line completed in 9325.2 seconds
deg_analysis.33079986_75.out:
deg_analysis.33079986_75.out:DE analysis completed!
deg_analysis.33079986_75.out:
deg_analysis.33079986_75.out:Total runtime: 9337.9 seconds
deg_analysis.33080050_76.out:
deg_analysis.33080050_76.out:DE analysis started...
deg_analysis.33080050_76.out:Loaded input file:  ./data/l1000_phase2/pseudobulk_processed/sep_rep/by_celltype/CVCL_0320/CVCL_0320_processed_batch_13.h5ad
deg_analysis.33080050_76.out:Initial dimensions:  4528  samples ×  978  genes
deg_analysis.33080050_76.out:Filter samples with the low number of cells
deg_analysis.33080050_76.out:    Filter threshold (min_cells):  0
deg_analysis.33080050_76.out:    Found  4528  samples with sentinel value (-666), keeping all
deg_analysis.33080050_76.out:    n_obs:  4528 -->  4528
deg_analysis.33080050_76.out:
deg_analysis.33080050_76.out:▶︎ Processing cell_type:  CVCL_0320
deg_analysis.33080050_76.out:    Filter controls by  pert_time_h  column
deg_analysis.33080050_76.out:        n_obs:  4528 -->  4528
deg_analysis.33080050_76.out:
deg_analysis.33080050_76.out:    Constructing design matrix...
deg_analysis.33080050_76.out:    Design matrix is constructed in 0.4 seconds
deg_analysis.33080050_76.out:    Design matrix dimensions: 4528 samples × 2605 coefficients
deg_analysis.33080050_76.out:    Skipping filtering and normalization (dataset is already normalized)
deg_analysis.33080050_76.out:    Skipping voom transformation (dataset is already normalized)
deg_analysis.33080050_76.out:    Using as.matrix() directly for lmFit (data assumed to be normalized and log-transformed)...
deg_analysis.33080050_76.out:    as.matrix() prepared in 0.0 seconds
deg_analysis.33080050_76.out:    Running lmFit...
deg_analysis.33080050_76.out:    LmFit is completed in 15.8 seconds
deg_analysis.33080050_76.out:DGE fit is completed in 17.0 seconds
deg_analysis.33080050_76.out:    Running contrasts...
deg_analysis.33080050_76.out:    Running contrast 1/2506
deg_analysis.33080050_76.out:    Running contrast 51/2506
deg_analysis.33080050_76.out:    Running contrast 101/2506
deg_analysis.33080050_76.out:    Running contrast 151/2506
deg_analysis.33080050_76.out:    Running contrast 201/2506
deg_analysis.33080050_76.out:    Running contrast 251/2506
deg_analysis.33080050_76.out:    Running contrast 301/2506
deg_analysis.33080050_76.out:    Running contrast 351/2506
deg_analysis.33080050_76.out:    Running contrast 401/2506
deg_analysis.33080050_76.out:    Running contrast 451/2506
deg_analysis.33080050_76.out:    Running contrast 501/2506
deg_analysis.33080050_76.out:    Running contrast 551/2506
deg_analysis.33080050_76.out:    Running contrast 601/2506
deg_analysis.33080050_76.out:    Running contrast 651/2506
deg_analysis.33080050_76.out:    Running contrast 701/2506
deg_analysis.33080050_76.out:    Running contrast 751/2506
deg_analysis.33080050_76.out:    Running contrast 801/2506
deg_analysis.33080050_76.out:    Running contrast 851/2506
deg_analysis.33080050_76.out:    Running contrast 901/2506
deg_analysis.33080050_76.out:    Running contrast 951/2506
deg_analysis.33080050_76.out:    Running contrast 1001/2506
deg_analysis.33080050_76.out:    Running contrast 1051/2506
deg_analysis.33080050_76.out:    Running contrast 1101/2506
deg_analysis.33080050_76.out:    Running contrast 1151/2506
deg_analysis.33080050_76.out:    Running contrast 1201/2506
deg_analysis.33080050_76.out:    Running contrast 1251/2506
deg_analysis.33080050_76.out:    Running contrast 1301/2506
deg_analysis.33080050_76.out:    Running contrast 1351/2506
deg_analysis.33080050_76.out:    Running contrast 1401/2506
deg_analysis.33080050_76.out:    Running contrast 1451/2506
deg_analysis.33080050_76.out:    Running contrast 1501/2506
deg_analysis.33080050_76.out:    Running contrast 1551/2506
deg_analysis.33080050_76.out:    Running contrast 1601/2506
deg_analysis.33080050_76.out:    Running contrast 1651/2506
deg_analysis.33080050_76.out:    Running contrast 1701/2506
deg_analysis.33080050_76.out:    Running contrast 1751/2506
deg_analysis.33080050_76.out:    Running contrast 1801/2506
deg_analysis.33080050_76.out:    Running contrast 1851/2506
deg_analysis.33080050_76.out:    Running contrast 1901/2506
deg_analysis.33080050_76.out:    Running contrast 1951/2506
deg_analysis.33080050_76.out:    Running contrast 2001/2506
deg_analysis.33080050_76.out:    Running contrast 2051/2506
deg_analysis.33080050_76.out:    Running contrast 2101/2506
deg_analysis.33080050_76.out:    Running contrast 2151/2506
deg_analysis.33080050_76.out:    Running contrast 2201/2506
deg_analysis.33080050_76.out:    Running contrast 2251/2506
deg_analysis.33080050_76.out:    Running contrast 2301/2506
deg_analysis.33080050_76.out:    Running contrast 2351/2506
deg_analysis.33080050_76.out:    Running contrast 2401/2506
deg_analysis.33080050_76.out:    Running contrast 2451/2506
deg_analysis.33080050_76.out:    Running contrast 2501/2506
deg_analysis.33080050_76.out:    Running contrast 2506/2506
deg_analysis.33080050_76.out:Contrasts are completed in 4439.5 seconds
deg_analysis.33080050_76.out:
deg_analysis.33080050_76.out:    Writing:  ./data/l1000_phase2/deg_data/sep_rep/full/qc_false/filter_min_cells_0/intermediate/CVCL_0320/CVCL_0320_batch_13_de.h5ad
deg_analysis.33080050_76.out:
deg_analysis.33080050_76.out:    Rewriting h5ad file: ./data/l1000_phase2/deg_data/sep_rep/full/qc_false/filter_min_cells_0/intermediate/CVCL_0320/CVCL_0320_batch_13_de.h5ad
deg_analysis.33080050_76.out:    Removed X matrix
deg_analysis.33080050_76.out:    Rewriting h5ad file is done!
deg_analysis.33080050_76.out:✓ Cell line completed in 4470.3 seconds
deg_analysis.33080050_76.out:
deg_analysis.33080050_76.out:DE analysis completed!
deg_analysis.33080050_76.out:
deg_analysis.33080050_76.out:Total runtime: 4491.2 seconds
deg_analysis.33080069_77.out:
deg_analysis.33080069_77.out:DE analysis started...
deg_analysis.33080069_77.out:Loaded input file:  ./data/l1000_phase2/pseudobulk_processed/sep_rep/by_celltype/CVCL_0320/CVCL_0320_processed_batch_14.h5ad
deg_analysis.33080069_77.out:Initial dimensions:  4523  samples ×  978  genes
deg_analysis.33080069_77.out:Filter samples with the low number of cells
deg_analysis.33080069_77.out:    Filter threshold (min_cells):  0
deg_analysis.33080069_77.out:    Found  4523  samples with sentinel value (-666), keeping all
deg_analysis.33080069_77.out:    n_obs:  4523 -->  4523
deg_analysis.33080069_77.out:
deg_analysis.33080069_77.out:▶︎ Processing cell_type:  CVCL_0320
deg_analysis.33080069_77.out:    Filter controls by  pert_time_h  column
deg_analysis.33080069_77.out:        n_obs:  4523 -->  4523
deg_analysis.33080069_77.out:
deg_analysis.33080069_77.out:    Constructing design matrix...
deg_analysis.33080069_77.out:    Design matrix is constructed in 0.3 seconds
deg_analysis.33080069_77.out:    Design matrix dimensions: 4523 samples × 2600 coefficients
deg_analysis.33080069_77.out:    Skipping filtering and normalization (dataset is already normalized)
deg_analysis.33080069_77.out:    Skipping voom transformation (dataset is already normalized)
deg_analysis.33080069_77.out:    Using as.matrix() directly for lmFit (data assumed to be normalized and log-transformed)...
deg_analysis.33080069_77.out:    as.matrix() prepared in 0.0 seconds
deg_analysis.33080069_77.out:    Running lmFit...
deg_analysis.33080069_77.out:    LmFit is completed in 17.8 seconds
deg_analysis.33080069_77.out:DGE fit is completed in 18.8 seconds
deg_analysis.33080069_77.out:    Running contrasts...
deg_analysis.33080069_77.out:    Running contrast 1/2501
deg_analysis.33080069_77.out:    Running contrast 51/2501
deg_analysis.33080069_77.out:    Running contrast 101/2501
deg_analysis.33080069_77.out:    Running contrast 151/2501
deg_analysis.33080069_77.out:    Running contrast 201/2501
deg_analysis.33080069_77.out:    Running contrast 251/2501
deg_analysis.33080069_77.out:    Running contrast 301/2501
deg_analysis.33080069_77.out:    Running contrast 351/2501
deg_analysis.33080069_77.out:    Running contrast 401/2501
deg_analysis.33080069_77.out:    Running contrast 451/2501
deg_analysis.33080069_77.out:    Running contrast 501/2501
deg_analysis.33080069_77.out:    Running contrast 551/2501
deg_analysis.33080069_77.out:    Running contrast 601/2501
deg_analysis.33080069_77.out:    Running contrast 651/2501
deg_analysis.33080069_77.out:    Running contrast 701/2501
deg_analysis.33080069_77.out:    Running contrast 751/2501
deg_analysis.33080069_77.out:    Running contrast 801/2501
deg_analysis.33080069_77.out:    Running contrast 851/2501
deg_analysis.33080069_77.out:    Running contrast 901/2501
deg_analysis.33080069_77.out:    Running contrast 951/2501
deg_analysis.33080069_77.out:    Running contrast 1001/2501
deg_analysis.33080069_77.out:    Running contrast 1051/2501
deg_analysis.33080069_77.out:    Running contrast 1101/2501
deg_analysis.33080069_77.out:    Running contrast 1151/2501
deg_analysis.33080069_77.out:    Running contrast 1201/2501
deg_analysis.33080069_77.out:    Running contrast 1251/2501
deg_analysis.33080069_77.out:    Running contrast 1301/2501
deg_analysis.33080069_77.out:    Running contrast 1351/2501
deg_analysis.33080069_77.out:    Running contrast 1401/2501
deg_analysis.33080069_77.out:    Running contrast 1451/2501
deg_analysis.33080069_77.out:    Running contrast 1501/2501
deg_analysis.33080069_77.out:    Running contrast 1551/2501
deg_analysis.33080069_77.out:    Running contrast 1601/2501
deg_analysis.33080069_77.out:    Running contrast 1651/2501
deg_analysis.33080069_77.out:    Running contrast 1701/2501
deg_analysis.33080069_77.out:    Running contrast 1751/2501
deg_analysis.33080069_77.out:    Running contrast 1801/2501
deg_analysis.33080069_77.out:    Running contrast 1851/2501
deg_analysis.33080069_77.out:    Running contrast 1901/2501
deg_analysis.33080069_77.out:    Running contrast 1951/2501
deg_analysis.33080069_77.out:    Running contrast 2001/2501
deg_analysis.33080069_77.out:    Running contrast 2051/2501
deg_analysis.33080069_77.out:    Running contrast 2101/2501
deg_analysis.33080069_77.out:    Running contrast 2151/2501
deg_analysis.33080069_77.out:    Running contrast 2201/2501
deg_analysis.33080069_77.out:    Running contrast 2251/2501
deg_analysis.33080069_77.out:    Running contrast 2301/2501
deg_analysis.33080069_77.out:    Running contrast 2351/2501
deg_analysis.33080069_77.out:    Running contrast 2401/2501
deg_analysis.33080069_77.out:    Running contrast 2451/2501
deg_analysis.33080069_77.out:    Running contrast 2501/2501
deg_analysis.33080069_77.out:Contrasts are completed in 4416.3 seconds
deg_analysis.33080069_77.out:
deg_analysis.33080069_77.out:    Writing:  ./data/l1000_phase2/deg_data/sep_rep/full/qc_false/filter_min_cells_0/intermediate/CVCL_0320/CVCL_0320_batch_14_de.h5ad
deg_analysis.33080069_77.out:
deg_analysis.33080069_77.out:    Rewriting h5ad file: ./data/l1000_phase2/deg_data/sep_rep/full/qc_false/filter_min_cells_0/intermediate/CVCL_0320/CVCL_0320_batch_14_de.h5ad
deg_analysis.33080069_77.out:    Removed X matrix
deg_analysis.33080069_77.out:    Rewriting h5ad file is done!
deg_analysis.33080069_77.out:✓ Cell line completed in 4448.0 seconds
deg_analysis.33080069_77.out:
deg_analysis.33080069_77.out:DE analysis completed!
deg_analysis.33080069_77.out:
deg_analysis.33080069_77.out:Total runtime: 4457.1 seconds
deg_analysis.33080093_78.out:
deg_analysis.33080093_78.out:DE analysis started...
deg_analysis.33080093_78.out:Loaded input file:  ./data/l1000_phase2/pseudobulk_processed/sep_rep/by_celltype/CVCL_0320/CVCL_0320_processed_batch_1.h5ad
deg_analysis.33080093_78.out:Initial dimensions:  4524  samples ×  978  genes
deg_analysis.33080093_78.out:Filter samples with the low number of cells
deg_analysis.33080093_78.out:    Filter threshold (min_cells):  0
deg_analysis.33080093_78.out:    Found  4524  samples with sentinel value (-666), keeping all
deg_analysis.33080093_78.out:    n_obs:  4524 -->  4524
deg_analysis.33080093_78.out:
deg_analysis.33080093_78.out:▶︎ Processing cell_type:  CVCL_0320
deg_analysis.33080093_78.out:    Filter controls by  pert_time_h  column
deg_analysis.33080093_78.out:        n_obs:  4524 -->  4524
deg_analysis.33080093_78.out:
deg_analysis.33080093_78.out:    Constructing design matrix...
deg_analysis.33080093_78.out:    Design matrix is constructed in 0.5 seconds
deg_analysis.33080093_78.out:    Design matrix dimensions: 4524 samples × 2601 coefficients
deg_analysis.33080093_78.out:    Skipping filtering and normalization (dataset is already normalized)
deg_analysis.33080093_78.out:    Skipping voom transformation (dataset is already normalized)
deg_analysis.33080093_78.out:    Using as.matrix() directly for lmFit (data assumed to be normalized and log-transformed)...
deg_analysis.33080093_78.out:    as.matrix() prepared in 0.0 seconds
deg_analysis.33080093_78.out:    Running lmFit...
deg_analysis.33080093_78.out:    LmFit is completed in 44.3 seconds
deg_analysis.33080093_78.out:DGE fit is completed in 45.9 seconds
deg_analysis.33080093_78.out:    Running contrasts...
deg_analysis.33080093_78.out:    Running contrast 1/2502
deg_analysis.33080093_78.out:    Running contrast 51/2502
deg_analysis.33080093_78.out:    Running contrast 101/2502
deg_analysis.33080093_78.out:    Running contrast 151/2502
deg_analysis.33080093_78.out:    Running contrast 201/2502
deg_analysis.33080093_78.out:    Running contrast 251/2502
deg_analysis.33080093_78.out:    Running contrast 301/2502
deg_analysis.33080093_78.out:    Running contrast 351/2502
deg_analysis.33080093_78.out:    Running contrast 401/2502
deg_analysis.33080093_78.out:    Running contrast 451/2502
deg_analysis.33080093_78.out:    Running contrast 501/2502
deg_analysis.33080093_78.out:    Running contrast 551/2502
deg_analysis.33080093_78.out:    Running contrast 601/2502
deg_analysis.33080093_78.out:    Running contrast 651/2502
deg_analysis.33080093_78.out:    Running contrast 701/2502
deg_analysis.33080093_78.out:    Running contrast 751/2502
deg_analysis.33080093_78.out:    Running contrast 801/2502
deg_analysis.33080093_78.out:    Running contrast 851/2502
deg_analysis.33080093_78.out:    Running contrast 901/2502
deg_analysis.33080093_78.out:    Running contrast 951/2502
deg_analysis.33080093_78.out:    Running contrast 1001/2502
deg_analysis.33080093_78.out:    Running contrast 1051/2502
deg_analysis.33080093_78.out:    Running contrast 1101/2502
deg_analysis.33080093_78.out:    Running contrast 1151/2502
deg_analysis.33080093_78.out:    Running contrast 1201/2502
deg_analysis.33080093_78.out:    Running contrast 1251/2502
deg_analysis.33080093_78.out:    Running contrast 1301/2502
deg_analysis.33080093_78.out:    Running contrast 1351/2502
deg_analysis.33080093_78.out:    Running contrast 1401/2502
deg_analysis.33080093_78.out:    Running contrast 1451/2502
deg_analysis.33080093_78.out:    Running contrast 1501/2502
deg_analysis.33080093_78.out:    Running contrast 1551/2502
deg_analysis.33080093_78.out:    Running contrast 1601/2502
deg_analysis.33080093_78.out:    Running contrast 1651/2502
deg_analysis.33080093_78.out:    Running contrast 1701/2502
deg_analysis.33080093_78.out:    Running contrast 1751/2502
deg_analysis.33080093_78.out:    Running contrast 1801/2502
deg_analysis.33080093_78.out:    Running contrast 1851/2502
deg_analysis.33080093_78.out:    Running contrast 1901/2502
deg_analysis.33080093_78.out:    Running contrast 1951/2502
deg_analysis.33080093_78.out:    Running contrast 2001/2502
deg_analysis.33080093_78.out:    Running contrast 2051/2502
deg_analysis.33080093_78.out:    Running contrast 2101/2502
deg_analysis.33080093_78.out:    Running contrast 2151/2502
deg_analysis.33080093_78.out:    Running contrast 2201/2502
deg_analysis.33080093_78.out:    Running contrast 2251/2502
deg_analysis.33080093_78.out:    Running contrast 2301/2502
deg_analysis.33080093_78.out:    Running contrast 2351/2502
deg_analysis.33080093_78.out:    Running contrast 2401/2502
deg_analysis.33080093_78.out:    Running contrast 2451/2502
deg_analysis.33080093_78.out:    Running contrast 2501/2502
deg_analysis.33080093_78.out:    Running contrast 2502/2502
deg_analysis.33080093_78.out:Contrasts are completed in 9376.9 seconds
deg_analysis.33080093_78.out:
deg_analysis.33080093_78.out:    Writing:  ./data/l1000_phase2/deg_data/sep_rep/full/qc_false/filter_min_cells_0/intermediate/CVCL_0320/CVCL_0320_batch_1_de.h5ad
deg_analysis.33080093_78.out:
deg_analysis.33080093_78.out:    Rewriting h5ad file: ./data/l1000_phase2/deg_data/sep_rep/full/qc_false/filter_min_cells_0/intermediate/CVCL_0320/CVCL_0320_batch_1_de.h5ad
deg_analysis.33080093_78.out:    Removed X matrix
deg_analysis.33080093_78.out:    Rewriting h5ad file is done!
deg_analysis.33080093_78.out:✓ Cell line completed in 9442.0 seconds
deg_analysis.33080093_78.out:
deg_analysis.33080093_78.out:DE analysis completed!
deg_analysis.33080093_78.out:
deg_analysis.33080093_78.out:Total runtime: 9454.4 seconds
deg_analysis.33080106_79.out:
deg_analysis.33080106_79.out:DE analysis started...
deg_analysis.33080106_79.out:Loaded input file:  ./data/l1000_phase2/pseudobulk_processed/sep_rep/by_celltype/CVCL_0320/CVCL_0320_processed_batch_2.h5ad
deg_analysis.33080106_79.out:Initial dimensions:  4538  samples ×  978  genes
deg_analysis.33080106_79.out:Filter samples with the low number of cells
deg_analysis.33080106_79.out:    Filter threshold (min_cells):  0
deg_analysis.33080106_79.out:    Found  4538  samples with sentinel value (-666), keeping all
deg_analysis.33080106_79.out:    n_obs:  4538 -->  4538
deg_analysis.33080106_79.out:
deg_analysis.33080106_79.out:▶︎ Processing cell_type:  CVCL_0320
deg_analysis.33080106_79.out:    Filter controls by  pert_time_h  column
deg_analysis.33080106_79.out:        n_obs:  4538 -->  4538
deg_analysis.33080106_79.out:
deg_analysis.33080106_79.out:    Constructing design matrix...
deg_analysis.33080106_79.out:    Design matrix is constructed in 0.5 seconds
deg_analysis.33080106_79.out:    Design matrix dimensions: 4538 samples × 2615 coefficients
deg_analysis.33080106_79.out:    Skipping filtering and normalization (dataset is already normalized)
deg_analysis.33080106_79.out:    Skipping voom transformation (dataset is already normalized)
deg_analysis.33080106_79.out:    Using as.matrix() directly for lmFit (data assumed to be normalized and log-transformed)...
deg_analysis.33080106_79.out:    as.matrix() prepared in 0.1 seconds
deg_analysis.33080106_79.out:    Running lmFit...
deg_analysis.33080106_79.out:    LmFit is completed in 46.7 seconds
deg_analysis.33080106_79.out:DGE fit is completed in 48.4 seconds
deg_analysis.33080106_79.out:    Running contrasts...
deg_analysis.33080106_79.out:    Running contrast 1/2516
deg_analysis.33080106_79.out:    Running contrast 51/2516
deg_analysis.33080106_79.out:    Running contrast 101/2516
deg_analysis.33080106_79.out:    Running contrast 151/2516
deg_analysis.33080106_79.out:    Running contrast 201/2516
deg_analysis.33080106_79.out:    Running contrast 251/2516
deg_analysis.33080106_79.out:    Running contrast 301/2516
deg_analysis.33080106_79.out:    Running contrast 351/2516
deg_analysis.33080106_79.out:    Running contrast 401/2516
deg_analysis.33080106_79.out:    Running contrast 451/2516
deg_analysis.33080106_79.out:    Running contrast 501/2516
deg_analysis.33080106_79.out:    Running contrast 551/2516
deg_analysis.33080106_79.out:    Running contrast 601/2516
deg_analysis.33080106_79.out:    Running contrast 651/2516
deg_analysis.33080106_79.out:    Running contrast 701/2516
deg_analysis.33080106_79.out:    Running contrast 751/2516
deg_analysis.33080106_79.out:    Running contrast 801/2516
deg_analysis.33080106_79.out:    Running contrast 851/2516
deg_analysis.33080106_79.out:    Running contrast 901/2516
deg_analysis.33080106_79.out:    Running contrast 951/2516
deg_analysis.33080106_79.out:    Running contrast 1001/2516
deg_analysis.33080106_79.out:    Running contrast 1051/2516
deg_analysis.33080106_79.out:    Running contrast 1101/2516
deg_analysis.33080106_79.out:    Running contrast 1151/2516
deg_analysis.33080106_79.out:    Running contrast 1201/2516
deg_analysis.33080106_79.out:    Running contrast 1251/2516
deg_analysis.33080106_79.out:    Running contrast 1301/2516
deg_analysis.33080106_79.out:    Running contrast 1351/2516
deg_analysis.33080106_79.out:    Running contrast 1401/2516
deg_analysis.33080106_79.out:    Running contrast 1451/2516
deg_analysis.33080106_79.out:    Running contrast 1501/2516
deg_analysis.33080106_79.out:    Running contrast 1551/2516
deg_analysis.33080106_79.out:    Running contrast 1601/2516
deg_analysis.33080106_79.out:    Running contrast 1651/2516
deg_analysis.33080106_79.out:    Running contrast 1701/2516
deg_analysis.33080106_79.out:    Running contrast 1751/2516
deg_analysis.33080106_79.out:    Running contrast 1801/2516
deg_analysis.33080106_79.out:    Running contrast 1851/2516
deg_analysis.33080106_79.out:    Running contrast 1901/2516
deg_analysis.33080106_79.out:    Running contrast 1951/2516
deg_analysis.33080106_79.out:    Running contrast 2001/2516
deg_analysis.33080106_79.out:    Running contrast 2051/2516
deg_analysis.33080106_79.out:    Running contrast 2101/2516
deg_analysis.33080106_79.out:    Running contrast 2151/2516
deg_analysis.33080106_79.out:    Running contrast 2201/2516
deg_analysis.33080106_79.out:    Running contrast 2251/2516
deg_analysis.33080106_79.out:    Running contrast 2301/2516
deg_analysis.33080106_79.out:    Running contrast 2351/2516
deg_analysis.33080106_79.out:    Running contrast 2401/2516
deg_analysis.33080106_79.out:    Running contrast 2451/2516
deg_analysis.33080106_79.out:    Running contrast 2501/2516
deg_analysis.33080106_79.out:    Running contrast 2516/2516
deg_analysis.33080106_79.out:Contrasts are completed in 9438.7 seconds
deg_analysis.33080106_79.out:
deg_analysis.33080106_79.out:    Writing:  ./data/l1000_phase2/deg_data/sep_rep/full/qc_false/filter_min_cells_0/intermediate/CVCL_0320/CVCL_0320_batch_2_de.h5ad
deg_analysis.33080106_79.out:
deg_analysis.33080106_79.out:    Rewriting h5ad file: ./data/l1000_phase2/deg_data/sep_rep/full/qc_false/filter_min_cells_0/intermediate/CVCL_0320/CVCL_0320_batch_2_de.h5ad
deg_analysis.33080106_79.out:    Removed X matrix
deg_analysis.33080106_79.out:    Rewriting h5ad file is done!
deg_analysis.33080106_79.out:✓ Cell line completed in 9506.5 seconds
deg_analysis.33080106_79.out:
deg_analysis.33080106_79.out:DE analysis completed!
deg_analysis.33080106_79.out:
deg_analysis.33080106_79.out:Total runtime: 9518.9 seconds
deg_analysis.33080108_80.out:
deg_analysis.33080108_80.out:DE analysis started...
deg_analysis.33080108_80.out:Loaded input file:  ./data/l1000_phase2/pseudobulk_processed/sep_rep/by_celltype/CVCL_0320/CVCL_0320_processed_batch_3.h5ad
deg_analysis.33080108_80.out:Initial dimensions:  4528  samples ×  978  genes
deg_analysis.33080108_80.out:Filter samples with the low number of cells
deg_analysis.33080108_80.out:    Filter threshold (min_cells):  0
deg_analysis.33080108_80.out:    Found  4528  samples with sentinel value (-666), keeping all
deg_analysis.33080108_80.out:    n_obs:  4528 -->  4528
deg_analysis.33080108_80.out:
deg_analysis.33080108_80.out:▶︎ Processing cell_type:  CVCL_0320
deg_analysis.33080108_80.out:    Filter controls by  pert_time_h  column
deg_analysis.33080108_80.out:        n_obs:  4528 -->  4528
deg_analysis.33080108_80.out:
deg_analysis.33080108_80.out:    Constructing design matrix...
deg_analysis.33080108_80.out:    Design matrix is constructed in 0.5 seconds
deg_analysis.33080108_80.out:    Design matrix dimensions: 4528 samples × 2605 coefficients
deg_analysis.33080108_80.out:    Skipping filtering and normalization (dataset is already normalized)
deg_analysis.33080108_80.out:    Skipping voom transformation (dataset is already normalized)
deg_analysis.33080108_80.out:    Using as.matrix() directly for lmFit (data assumed to be normalized and log-transformed)...
deg_analysis.33080108_80.out:    as.matrix() prepared in 0.1 seconds
deg_analysis.33080108_80.out:    Running lmFit...
deg_analysis.33080108_80.out:    LmFit is completed in 46.7 seconds
deg_analysis.33080108_80.out:DGE fit is completed in 48.3 seconds
deg_analysis.33080108_80.out:    Running contrasts...
deg_analysis.33080108_80.out:    Running contrast 1/2506
deg_analysis.33080108_80.out:    Running contrast 51/2506
deg_analysis.33080108_80.out:    Running contrast 101/2506
deg_analysis.33080108_80.out:    Running contrast 151/2506
deg_analysis.33080108_80.out:    Running contrast 201/2506
deg_analysis.33080108_80.out:    Running contrast 251/2506
deg_analysis.33080108_80.out:    Running contrast 301/2506
deg_analysis.33080108_80.out:    Running contrast 351/2506
deg_analysis.33080108_80.out:    Running contrast 401/2506
deg_analysis.33080108_80.out:    Running contrast 451/2506
deg_analysis.33080108_80.out:    Running contrast 501/2506
deg_analysis.33080108_80.out:    Running contrast 551/2506
deg_analysis.33080108_80.out:    Running contrast 601/2506
deg_analysis.33080108_80.out:    Running contrast 651/2506
deg_analysis.33080108_80.out:    Running contrast 701/2506
deg_analysis.33080108_80.out:    Running contrast 751/2506
deg_analysis.33080108_80.out:    Running contrast 801/2506
deg_analysis.33080108_80.out:    Running contrast 851/2506
deg_analysis.33080108_80.out:    Running contrast 901/2506
deg_analysis.33080108_80.out:    Running contrast 951/2506
deg_analysis.33080108_80.out:    Running contrast 1001/2506
deg_analysis.33080108_80.out:    Running contrast 1051/2506
deg_analysis.33080108_80.out:    Running contrast 1101/2506
deg_analysis.33080108_80.out:    Running contrast 1151/2506
deg_analysis.33080108_80.out:    Running contrast 1201/2506
deg_analysis.33080108_80.out:    Running contrast 1251/2506
deg_analysis.33080108_80.out:    Running contrast 1301/2506
deg_analysis.33080108_80.out:    Running contrast 1351/2506
deg_analysis.33080108_80.out:    Running contrast 1401/2506
deg_analysis.33080108_80.out:    Running contrast 1451/2506
deg_analysis.33080108_80.out:    Running contrast 1501/2506
deg_analysis.33080108_80.out:    Running contrast 1551/2506
deg_analysis.33080108_80.out:    Running contrast 1601/2506
deg_analysis.33080108_80.out:    Running contrast 1651/2506
deg_analysis.33080108_80.out:    Running contrast 1701/2506
deg_analysis.33080108_80.out:    Running contrast 1751/2506
deg_analysis.33080108_80.out:    Running contrast 1801/2506
deg_analysis.33080108_80.out:    Running contrast 1851/2506
deg_analysis.33080108_80.out:    Running contrast 1901/2506
deg_analysis.33080108_80.out:    Running contrast 1951/2506
deg_analysis.33080108_80.out:    Running contrast 2001/2506
deg_analysis.33080108_80.out:    Running contrast 2051/2506
deg_analysis.33080108_80.out:    Running contrast 2101/2506
deg_analysis.33080108_80.out:    Running contrast 2151/2506
deg_analysis.33080108_80.out:    Running contrast 2201/2506
deg_analysis.33080108_80.out:    Running contrast 2251/2506
deg_analysis.33080108_80.out:    Running contrast 2301/2506
deg_analysis.33080108_80.out:    Running contrast 2351/2506
deg_analysis.33080108_80.out:    Running contrast 2401/2506
deg_analysis.33080108_80.out:    Running contrast 2451/2506
deg_analysis.33080108_80.out:    Running contrast 2501/2506
deg_analysis.33080108_80.out:    Running contrast 2506/2506
deg_analysis.33080108_80.out:Contrasts are completed in 9404.8 seconds
deg_analysis.33080108_80.out:
deg_analysis.33080108_80.out:    Writing:  ./data/l1000_phase2/deg_data/sep_rep/full/qc_false/filter_min_cells_0/intermediate/CVCL_0320/CVCL_0320_batch_3_de.h5ad
deg_analysis.33080108_80.out:
deg_analysis.33080108_80.out:    Rewriting h5ad file: ./data/l1000_phase2/deg_data/sep_rep/full/qc_false/filter_min_cells_0/intermediate/CVCL_0320/CVCL_0320_batch_3_de.h5ad
deg_analysis.33080108_80.out:    Removed X matrix
deg_analysis.33080108_80.out:    Rewriting h5ad file is done!
deg_analysis.33080108_80.out:✓ Cell line completed in 9473.0 seconds
deg_analysis.33080108_80.out:
deg_analysis.33080108_80.out:DE analysis completed!
deg_analysis.33080108_80.out:
deg_analysis.33080108_80.out:Total runtime: 9482.9 seconds
deg_analysis.33080116_81.out:
deg_analysis.33080116_81.out:DE analysis started...
deg_analysis.33080116_81.out:Loaded input file:  ./data/l1000_phase2/pseudobulk_processed/sep_rep/by_celltype/CVCL_0320/CVCL_0320_processed_batch_4.h5ad
deg_analysis.33080116_81.out:Initial dimensions:  4539  samples ×  978  genes
deg_analysis.33080116_81.out:Filter samples with the low number of cells
deg_analysis.33080116_81.out:    Filter threshold (min_cells):  0
deg_analysis.33080116_81.out:    Found  4539  samples with sentinel value (-666), keeping all
deg_analysis.33080116_81.out:    n_obs:  4539 -->  4539
deg_analysis.33080116_81.out:
deg_analysis.33080116_81.out:▶︎ Processing cell_type:  CVCL_0320
deg_analysis.33080116_81.out:    Filter controls by  pert_time_h  column
deg_analysis.33080116_81.out:        n_obs:  4539 -->  4539
deg_analysis.33080116_81.out:
deg_analysis.33080116_81.out:    Constructing design matrix...
deg_analysis.33080116_81.out:    Design matrix is constructed in 0.5 seconds
deg_analysis.33080116_81.out:    Design matrix dimensions: 4539 samples × 2616 coefficients
deg_analysis.33080116_81.out:    Skipping filtering and normalization (dataset is already normalized)
deg_analysis.33080116_81.out:    Skipping voom transformation (dataset is already normalized)
deg_analysis.33080116_81.out:    Using as.matrix() directly for lmFit (data assumed to be normalized and log-transformed)...
deg_analysis.33080116_81.out:    as.matrix() prepared in 0.1 seconds
deg_analysis.33080116_81.out:    Running lmFit...
deg_analysis.33080116_81.out:    LmFit is completed in 47.3 seconds
deg_analysis.33080116_81.out:DGE fit is completed in 48.9 seconds
deg_analysis.33080116_81.out:    Running contrasts...
deg_analysis.33080116_81.out:    Running contrast 1/2517
deg_analysis.33080116_81.out:    Running contrast 51/2517
deg_analysis.33080116_81.out:    Running contrast 101/2517
deg_analysis.33080116_81.out:    Running contrast 151/2517
deg_analysis.33080116_81.out:    Running contrast 201/2517
deg_analysis.33080116_81.out:    Running contrast 251/2517
deg_analysis.33080116_81.out:    Running contrast 301/2517
deg_analysis.33080116_81.out:    Running contrast 351/2517
deg_analysis.33080116_81.out:    Running contrast 401/2517
deg_analysis.33080116_81.out:    Running contrast 451/2517
deg_analysis.33080116_81.out:    Running contrast 501/2517
deg_analysis.33080116_81.out:    Running contrast 551/2517
deg_analysis.33080116_81.out:    Running contrast 601/2517
deg_analysis.33080116_81.out:    Running contrast 651/2517
deg_analysis.33080116_81.out:    Running contrast 701/2517
deg_analysis.33080116_81.out:    Running contrast 751/2517
deg_analysis.33080116_81.out:    Running contrast 801/2517
deg_analysis.33080116_81.out:    Running contrast 851/2517
deg_analysis.33080116_81.out:    Running contrast 901/2517
deg_analysis.33080116_81.out:    Running contrast 951/2517
deg_analysis.33080116_81.out:    Running contrast 1001/2517
deg_analysis.33080116_81.out:    Running contrast 1051/2517
deg_analysis.33080116_81.out:    Running contrast 1101/2517
deg_analysis.33080116_81.out:    Running contrast 1151/2517
deg_analysis.33080116_81.out:    Running contrast 1201/2517
deg_analysis.33080116_81.out:    Running contrast 1251/2517
deg_analysis.33080116_81.out:    Running contrast 1301/2517
deg_analysis.33080116_81.out:    Running contrast 1351/2517
deg_analysis.33080116_81.out:    Running contrast 1401/2517
deg_analysis.33080116_81.out:    Running contrast 1451/2517
deg_analysis.33080116_81.out:    Running contrast 1501/2517
deg_analysis.33080116_81.out:    Running contrast 1551/2517
deg_analysis.33080116_81.out:    Running contrast 1601/2517
deg_analysis.33080116_81.out:    Running contrast 1651/2517
deg_analysis.33080116_81.out:    Running contrast 1701/2517
deg_analysis.33080116_81.out:    Running contrast 1751/2517
deg_analysis.33080116_81.out:    Running contrast 1801/2517
deg_analysis.33080116_81.out:    Running contrast 1851/2517
deg_analysis.33080116_81.out:    Running contrast 1901/2517
deg_analysis.33080116_81.out:    Running contrast 1951/2517
deg_analysis.33080116_81.out:    Running contrast 2001/2517
deg_analysis.33080116_81.out:    Running contrast 2051/2517
deg_analysis.33080116_81.out:    Running contrast 2101/2517
deg_analysis.33080116_81.out:    Running contrast 2151/2517
deg_analysis.33080116_81.out:    Running contrast 2201/2517
deg_analysis.33080116_81.out:    Running contrast 2251/2517
deg_analysis.33080116_81.out:    Running contrast 2301/2517
deg_analysis.33080116_81.out:    Running contrast 2351/2517
deg_analysis.33080116_81.out:    Running contrast 2401/2517
deg_analysis.33080116_81.out:    Running contrast 2451/2517
deg_analysis.33080116_81.out:    Running contrast 2501/2517
deg_analysis.33080116_81.out:    Running contrast 2517/2517
deg_analysis.33080116_81.out:Contrasts are completed in 9291.1 seconds
deg_analysis.33080116_81.out:
deg_analysis.33080116_81.out:    Writing:  ./data/l1000_phase2/deg_data/sep_rep/full/qc_false/filter_min_cells_0/intermediate/CVCL_0320/CVCL_0320_batch_4_de.h5ad
deg_analysis.33080116_81.out:
deg_analysis.33080116_81.out:    Rewriting h5ad file: ./data/l1000_phase2/deg_data/sep_rep/full/qc_false/filter_min_cells_0/intermediate/CVCL_0320/CVCL_0320_batch_4_de.h5ad
deg_analysis.33080116_81.out:    Removed X matrix
deg_analysis.33080116_81.out:    Rewriting h5ad file is done!
deg_analysis.33080116_81.out:✓ Cell line completed in 9359.4 seconds
deg_analysis.33080116_81.out:
deg_analysis.33080116_81.out:DE analysis completed!
deg_analysis.33080116_81.out:
deg_analysis.33080116_81.out:Total runtime: 9368.9 seconds
deg_analysis.33080117_82.out:
deg_analysis.33080117_82.out:DE analysis started...
deg_analysis.33080117_82.out:Loaded input file:  ./data/l1000_phase2/pseudobulk_processed/sep_rep/by_celltype/CVCL_0320/CVCL_0320_processed_batch_5.h5ad
deg_analysis.33080117_82.out:Initial dimensions:  4538  samples ×  978  genes
deg_analysis.33080117_82.out:Filter samples with the low number of cells
deg_analysis.33080117_82.out:    Filter threshold (min_cells):  0
deg_analysis.33080117_82.out:    Found  4538  samples with sentinel value (-666), keeping all
deg_analysis.33080117_82.out:    n_obs:  4538 -->  4538
deg_analysis.33080117_82.out:
deg_analysis.33080117_82.out:▶︎ Processing cell_type:  CVCL_0320
deg_analysis.33080117_82.out:    Filter controls by  pert_time_h  column
deg_analysis.33080117_82.out:        n_obs:  4538 -->  4538
deg_analysis.33080117_82.out:
deg_analysis.33080117_82.out:    Constructing design matrix...
deg_analysis.33080117_82.out:    Design matrix is constructed in 0.5 seconds
deg_analysis.33080117_82.out:    Design matrix dimensions: 4538 samples × 2615 coefficients
deg_analysis.33080117_82.out:    Skipping filtering and normalization (dataset is already normalized)
deg_analysis.33080117_82.out:    Skipping voom transformation (dataset is already normalized)
deg_analysis.33080117_82.out:    Using as.matrix() directly for lmFit (data assumed to be normalized and log-transformed)...
deg_analysis.33080117_82.out:    as.matrix() prepared in 0.1 seconds
deg_analysis.33080117_82.out:    Running lmFit...
deg_analysis.33080117_82.out:    LmFit is completed in 47.9 seconds
deg_analysis.33080117_82.out:DGE fit is completed in 49.5 seconds
deg_analysis.33080117_82.out:    Running contrasts...
deg_analysis.33080117_82.out:    Running contrast 1/2516
deg_analysis.33080117_82.out:    Running contrast 51/2516
deg_analysis.33080117_82.out:    Running contrast 101/2516
deg_analysis.33080117_82.out:    Running contrast 151/2516
deg_analysis.33080117_82.out:    Running contrast 201/2516
deg_analysis.33080117_82.out:    Running contrast 251/2516
deg_analysis.33080117_82.out:    Running contrast 301/2516
deg_analysis.33080117_82.out:    Running contrast 351/2516
deg_analysis.33080117_82.out:    Running contrast 401/2516
deg_analysis.33080117_82.out:    Running contrast 451/2516
deg_analysis.33080117_82.out:    Running contrast 501/2516
deg_analysis.33080117_82.out:    Running contrast 551/2516
deg_analysis.33080117_82.out:    Running contrast 601/2516
deg_analysis.33080117_82.out:    Running contrast 651/2516
deg_analysis.33080117_82.out:    Running contrast 701/2516
deg_analysis.33080117_82.out:    Running contrast 751/2516
deg_analysis.33080117_82.out:    Running contrast 801/2516
deg_analysis.33080117_82.out:    Running contrast 851/2516
deg_analysis.33080117_82.out:    Running contrast 901/2516
deg_analysis.33080117_82.out:    Running contrast 951/2516
deg_analysis.33080117_82.out:    Running contrast 1001/2516
deg_analysis.33080117_82.out:    Running contrast 1051/2516
deg_analysis.33080117_82.out:    Running contrast 1101/2516
deg_analysis.33080117_82.out:    Running contrast 1151/2516
deg_analysis.33080117_82.out:    Running contrast 1201/2516
deg_analysis.33080117_82.out:    Running contrast 1251/2516
deg_analysis.33080117_82.out:    Running contrast 1301/2516
deg_analysis.33080117_82.out:    Running contrast 1351/2516
deg_analysis.33080117_82.out:    Running contrast 1401/2516
deg_analysis.33080117_82.out:    Running contrast 1451/2516
deg_analysis.33080117_82.out:    Running contrast 1501/2516
deg_analysis.33080117_82.out:    Running contrast 1551/2516
deg_analysis.33080117_82.out:    Running contrast 1601/2516
deg_analysis.33080117_82.out:    Running contrast 1651/2516
deg_analysis.33080117_82.out:    Running contrast 1701/2516
deg_analysis.33080117_82.out:    Running contrast 1751/2516
deg_analysis.33080117_82.out:    Running contrast 1801/2516
deg_analysis.33080117_82.out:    Running contrast 1851/2516
deg_analysis.33080117_82.out:    Running contrast 1901/2516
deg_analysis.33080117_82.out:    Running contrast 1951/2516
deg_analysis.33080117_82.out:    Running contrast 2001/2516
deg_analysis.33080117_82.out:    Running contrast 2051/2516
deg_analysis.33080117_82.out:    Running contrast 2101/2516
deg_analysis.33080117_82.out:    Running contrast 2151/2516
deg_analysis.33080117_82.out:    Running contrast 2201/2516
deg_analysis.33080117_82.out:    Running contrast 2251/2516
deg_analysis.33080117_82.out:    Running contrast 2301/2516
deg_analysis.33080117_82.out:    Running contrast 2351/2516
deg_analysis.33080117_82.out:    Running contrast 2401/2516
deg_analysis.33080117_82.out:    Running contrast 2451/2516
deg_analysis.33080117_82.out:    Running contrast 2501/2516
deg_analysis.33080117_82.out:    Running contrast 2516/2516
deg_analysis.33080117_82.out:Contrasts are completed in 9428.6 seconds
deg_analysis.33080117_82.out:
deg_analysis.33080117_82.out:    Writing:  ./data/l1000_phase2/deg_data/sep_rep/full/qc_false/filter_min_cells_0/intermediate/CVCL_0320/CVCL_0320_batch_5_de.h5ad
deg_analysis.33080117_82.out:
deg_analysis.33080117_82.out:    Rewriting h5ad file: ./data/l1000_phase2/deg_data/sep_rep/full/qc_false/filter_min_cells_0/intermediate/CVCL_0320/CVCL_0320_batch_5_de.h5ad
deg_analysis.33080117_82.out:    Removed X matrix
deg_analysis.33080117_82.out:    Rewriting h5ad file is done!
deg_analysis.33080117_82.out:✓ Cell line completed in 9497.3 seconds
deg_analysis.33080117_82.out:
deg_analysis.33080117_82.out:DE analysis completed!
deg_analysis.33080117_82.out:
deg_analysis.33080117_82.out:Total runtime: 9506.8 seconds
deg_analysis.33082276_83.out:
deg_analysis.33082276_83.out:DE analysis started...
deg_analysis.33082276_83.out:Loaded input file:  ./data/l1000_phase2/pseudobulk_processed/sep_rep/by_celltype/CVCL_0320/CVCL_0320_processed_batch_6.h5ad
deg_analysis.33082276_83.out:Initial dimensions:  4534  samples ×  978  genes
deg_analysis.33082276_83.out:Filter samples with the low number of cells
deg_analysis.33082276_83.out:    Filter threshold (min_cells):  0
deg_analysis.33082276_83.out:    Found  4534  samples with sentinel value (-666), keeping all
deg_analysis.33082276_83.out:    n_obs:  4534 -->  4534
deg_analysis.33082276_83.out:
deg_analysis.33082276_83.out:▶︎ Processing cell_type:  CVCL_0320
deg_analysis.33082276_83.out:    Filter controls by  pert_time_h  column
deg_analysis.33082276_83.out:        n_obs:  4534 -->  4534
deg_analysis.33082276_83.out:
deg_analysis.33082276_83.out:    Constructing design matrix...
deg_analysis.33082276_83.out:    Design matrix is constructed in 0.4 seconds
deg_analysis.33082276_83.out:    Design matrix dimensions: 4534 samples × 2611 coefficients
deg_analysis.33082276_83.out:    Skipping filtering and normalization (dataset is already normalized)
deg_analysis.33082276_83.out:    Skipping voom transformation (dataset is already normalized)
deg_analysis.33082276_83.out:    Using as.matrix() directly for lmFit (data assumed to be normalized and log-transformed)...
deg_analysis.33082276_83.out:    as.matrix() prepared in 0.0 seconds
deg_analysis.33082276_83.out:    Running lmFit...
deg_analysis.33082276_83.out:    LmFit is completed in 15.8 seconds
deg_analysis.33082276_83.out:DGE fit is completed in 17.1 seconds
deg_analysis.33082276_83.out:    Running contrasts...
deg_analysis.33082276_83.out:    Running contrast 1/2512
deg_analysis.33082276_83.out:    Running contrast 51/2512
deg_analysis.33082276_83.out:    Running contrast 101/2512
deg_analysis.33082276_83.out:    Running contrast 151/2512
deg_analysis.33082276_83.out:    Running contrast 201/2512
deg_analysis.33082276_83.out:    Running contrast 251/2512
deg_analysis.33082276_83.out:    Running contrast 301/2512
deg_analysis.33082276_83.out:    Running contrast 351/2512
deg_analysis.33082276_83.out:    Running contrast 401/2512
deg_analysis.33082276_83.out:    Running contrast 451/2512
deg_analysis.33082276_83.out:    Running contrast 501/2512
deg_analysis.33082276_83.out:    Running contrast 551/2512
deg_analysis.33082276_83.out:    Running contrast 601/2512
deg_analysis.33082276_83.out:    Running contrast 651/2512
deg_analysis.33082276_83.out:    Running contrast 701/2512
deg_analysis.33082276_83.out:    Running contrast 751/2512
deg_analysis.33082276_83.out:    Running contrast 801/2512
deg_analysis.33082276_83.out:    Running contrast 851/2512
deg_analysis.33082276_83.out:    Running contrast 901/2512
deg_analysis.33082276_83.out:    Running contrast 951/2512
deg_analysis.33082276_83.out:    Running contrast 1001/2512
deg_analysis.33082276_83.out:    Running contrast 1051/2512
deg_analysis.33082276_83.out:    Running contrast 1101/2512
deg_analysis.33082276_83.out:    Running contrast 1151/2512
deg_analysis.33082276_83.out:    Running contrast 1201/2512
deg_analysis.33082276_83.out:    Running contrast 1251/2512
deg_analysis.33082276_83.out:    Running contrast 1301/2512
deg_analysis.33082276_83.out:    Running contrast 1351/2512
deg_analysis.33082276_83.out:    Running contrast 1401/2512
deg_analysis.33082276_83.out:    Running contrast 1451/2512
deg_analysis.33082276_83.out:    Running contrast 1501/2512
deg_analysis.33082276_83.out:    Running contrast 1551/2512
deg_analysis.33082276_83.out:    Running contrast 1601/2512
deg_analysis.33082276_83.out:    Running contrast 1651/2512
deg_analysis.33082276_83.out:    Running contrast 1701/2512
deg_analysis.33082276_83.out:    Running contrast 1751/2512
deg_analysis.33082276_83.out:    Running contrast 1801/2512
deg_analysis.33082276_83.out:    Running contrast 1851/2512
deg_analysis.33082276_83.out:    Running contrast 1901/2512
deg_analysis.33082276_83.out:    Running contrast 1951/2512
deg_analysis.33082276_83.out:    Running contrast 2001/2512
deg_analysis.33082276_83.out:    Running contrast 2051/2512
deg_analysis.33082276_83.out:    Running contrast 2101/2512
deg_analysis.33082276_83.out:    Running contrast 2151/2512
deg_analysis.33082276_83.out:    Running contrast 2201/2512
deg_analysis.33082276_83.out:    Running contrast 2251/2512
deg_analysis.33082276_83.out:    Running contrast 2301/2512
deg_analysis.33082276_83.out:    Running contrast 2351/2512
deg_analysis.33082276_83.out:    Running contrast 2401/2512
deg_analysis.33082276_83.out:    Running contrast 2451/2512
deg_analysis.33082276_83.out:    Running contrast 2501/2512
deg_analysis.33082276_83.out:    Running contrast 2512/2512
deg_analysis.33082276_83.out:Contrasts are completed in 4956.3 seconds
deg_analysis.33082276_83.out:
deg_analysis.33082276_83.out:    Writing:  ./data/l1000_phase2/deg_data/sep_rep/full/qc_false/filter_min_cells_0/intermediate/CVCL_0320/CVCL_0320_batch_6_de.h5ad
deg_analysis.33082276_83.out:
deg_analysis.33082276_83.out:    Rewriting h5ad file: ./data/l1000_phase2/deg_data/sep_rep/full/qc_false/filter_min_cells_0/intermediate/CVCL_0320/CVCL_0320_batch_6_de.h5ad
deg_analysis.33082276_83.out:    Removed X matrix
deg_analysis.33082276_83.out:    Rewriting h5ad file is done!
deg_analysis.33082276_83.out:✓ Cell line completed in 4988.7 seconds
deg_analysis.33082276_83.out:
deg_analysis.33082276_83.out:DE analysis completed!
deg_analysis.33082276_83.out:
deg_analysis.33082276_83.out:Total runtime: 5004.0 seconds
deg_analysis.33082303_84.out:
deg_analysis.33082303_84.out:DE analysis started...
deg_analysis.33082303_84.out:Loaded input file:  ./data/l1000_phase2/pseudobulk_processed/sep_rep/by_celltype/CVCL_0320/CVCL_0320_processed_batch_7.h5ad
deg_analysis.33082303_84.out:Initial dimensions:  4528  samples ×  978  genes
deg_analysis.33082303_84.out:Filter samples with the low number of cells
deg_analysis.33082303_84.out:    Filter threshold (min_cells):  0
deg_analysis.33082303_84.out:    Found  4528  samples with sentinel value (-666), keeping all
deg_analysis.33082303_84.out:    n_obs:  4528 -->  4528
deg_analysis.33082303_84.out:
deg_analysis.33082303_84.out:▶︎ Processing cell_type:  CVCL_0320
deg_analysis.33082303_84.out:    Filter controls by  pert_time_h  column
deg_analysis.33082303_84.out:        n_obs:  4528 -->  4528
deg_analysis.33082303_84.out:
deg_analysis.33082303_84.out:    Constructing design matrix...
deg_analysis.33082303_84.out:    Design matrix is constructed in 0.3 seconds
deg_analysis.33082303_84.out:    Design matrix dimensions: 4528 samples × 2605 coefficients
deg_analysis.33082303_84.out:    Skipping filtering and normalization (dataset is already normalized)
deg_analysis.33082303_84.out:    Skipping voom transformation (dataset is already normalized)
deg_analysis.33082303_84.out:    Using as.matrix() directly for lmFit (data assumed to be normalized and log-transformed)...
deg_analysis.33082303_84.out:    as.matrix() prepared in 0.0 seconds
deg_analysis.33082303_84.out:    Running lmFit...
deg_analysis.33082303_84.out:    LmFit is completed in 17.9 seconds
deg_analysis.33082303_84.out:DGE fit is completed in 18.9 seconds
deg_analysis.33082303_84.out:    Running contrasts...
deg_analysis.33082303_84.out:    Running contrast 1/2506
deg_analysis.33082303_84.out:    Running contrast 51/2506
deg_analysis.33082303_84.out:    Running contrast 101/2506
deg_analysis.33082303_84.out:    Running contrast 151/2506
deg_analysis.33082303_84.out:    Running contrast 201/2506
deg_analysis.33082303_84.out:    Running contrast 251/2506
deg_analysis.33082303_84.out:    Running contrast 301/2506
deg_analysis.33082303_84.out:    Running contrast 351/2506
deg_analysis.33082303_84.out:    Running contrast 401/2506
deg_analysis.33082303_84.out:    Running contrast 451/2506
deg_analysis.33082303_84.out:    Running contrast 501/2506
deg_analysis.33082303_84.out:    Running contrast 551/2506
deg_analysis.33082303_84.out:    Running contrast 601/2506
deg_analysis.33082303_84.out:    Running contrast 651/2506
deg_analysis.33082303_84.out:    Running contrast 701/2506
deg_analysis.33082303_84.out:    Running contrast 751/2506
deg_analysis.33082303_84.out:    Running contrast 801/2506
deg_analysis.33082303_84.out:    Running contrast 851/2506
deg_analysis.33082303_84.out:    Running contrast 901/2506
deg_analysis.33082303_84.out:    Running contrast 951/2506
deg_analysis.33082303_84.out:    Running contrast 1001/2506
deg_analysis.33082303_84.out:    Running contrast 1051/2506
deg_analysis.33082303_84.out:    Running contrast 1101/2506
deg_analysis.33082303_84.out:    Running contrast 1151/2506
deg_analysis.33082303_84.out:    Running contrast 1201/2506
deg_analysis.33082303_84.out:    Running contrast 1251/2506
deg_analysis.33082303_84.out:    Running contrast 1301/2506
deg_analysis.33082303_84.out:    Running contrast 1351/2506
deg_analysis.33082303_84.out:    Running contrast 1401/2506
deg_analysis.33082303_84.out:    Running contrast 1451/2506
deg_analysis.33082303_84.out:    Running contrast 1501/2506
deg_analysis.33082303_84.out:    Running contrast 1551/2506
deg_analysis.33082303_84.out:    Running contrast 1601/2506
deg_analysis.33082303_84.out:    Running contrast 1651/2506
deg_analysis.33082303_84.out:    Running contrast 1701/2506
deg_analysis.33082303_84.out:    Running contrast 1751/2506
deg_analysis.33082303_84.out:    Running contrast 1801/2506
deg_analysis.33082303_84.out:    Running contrast 1851/2506
deg_analysis.33082303_84.out:    Running contrast 1901/2506
deg_analysis.33082303_84.out:    Running contrast 1951/2506
deg_analysis.33082303_84.out:    Running contrast 2001/2506
deg_analysis.33082303_84.out:    Running contrast 2051/2506
deg_analysis.33082303_84.out:    Running contrast 2101/2506
deg_analysis.33082303_84.out:    Running contrast 2151/2506
deg_analysis.33082303_84.out:    Running contrast 2201/2506
deg_analysis.33082303_84.out:    Running contrast 2251/2506
deg_analysis.33082303_84.out:    Running contrast 2301/2506
deg_analysis.33082303_84.out:    Running contrast 2351/2506
deg_analysis.33082303_84.out:    Running contrast 2401/2506
deg_analysis.33082303_84.out:    Running contrast 2451/2506
deg_analysis.33082303_84.out:    Running contrast 2501/2506
deg_analysis.33082303_84.out:    Running contrast 2506/2506
deg_analysis.33082303_84.out:Contrasts are completed in 4932.6 seconds
deg_analysis.33082303_84.out:
deg_analysis.33082303_84.out:    Writing:  ./data/l1000_phase2/deg_data/sep_rep/full/qc_false/filter_min_cells_0/intermediate/CVCL_0320/CVCL_0320_batch_7_de.h5ad
deg_analysis.33082303_84.out:
deg_analysis.33082303_84.out:    Rewriting h5ad file: ./data/l1000_phase2/deg_data/sep_rep/full/qc_false/filter_min_cells_0/intermediate/CVCL_0320/CVCL_0320_batch_7_de.h5ad
deg_analysis.33082303_84.out:    Removed X matrix
deg_analysis.33082303_84.out:    Rewriting h5ad file is done!
deg_analysis.33082303_84.out:✓ Cell line completed in 4964.8 seconds
deg_analysis.33082303_84.out:
deg_analysis.33082303_84.out:DE analysis completed!
deg_analysis.33082303_84.out:
deg_analysis.33082303_84.out:Total runtime: 4973.3 seconds
deg_analysis.33082305_85.out:
deg_analysis.33082305_85.out:DE analysis started...
deg_analysis.33082305_85.out:Loaded input file:  ./data/l1000_phase2/pseudobulk_processed/sep_rep/by_celltype/CVCL_0320/CVCL_0320_processed_batch_8.h5ad
deg_analysis.33082305_85.out:Initial dimensions:  4551  samples ×  978  genes
deg_analysis.33082305_85.out:Filter samples with the low number of cells
deg_analysis.33082305_85.out:    Filter threshold (min_cells):  0
deg_analysis.33082305_85.out:    Found  4551  samples with sentinel value (-666), keeping all
deg_analysis.33082305_85.out:    n_obs:  4551 -->  4551
deg_analysis.33082305_85.out:
deg_analysis.33082305_85.out:▶︎ Processing cell_type:  CVCL_0320
deg_analysis.33082305_85.out:    Filter controls by  pert_time_h  column
deg_analysis.33082305_85.out:        n_obs:  4551 -->  4551
deg_analysis.33082305_85.out:
deg_analysis.33082305_85.out:    Constructing design matrix...
deg_analysis.33082305_85.out:    Design matrix is constructed in 0.4 seconds
deg_analysis.33082305_85.out:    Design matrix dimensions: 4551 samples × 2628 coefficients
deg_analysis.33082305_85.out:    Skipping filtering and normalization (dataset is already normalized)
deg_analysis.33082305_85.out:    Skipping voom transformation (dataset is already normalized)
deg_analysis.33082305_85.out:    Using as.matrix() directly for lmFit (data assumed to be normalized and log-transformed)...
deg_analysis.33082305_85.out:    as.matrix() prepared in 0.0 seconds
deg_analysis.33082305_85.out:    Running lmFit...
deg_analysis.33082305_85.out:    LmFit is completed in 20.1 seconds
deg_analysis.33082305_85.out:DGE fit is completed in 21.2 seconds
deg_analysis.33082305_85.out:    Running contrasts...
deg_analysis.33082305_85.out:    Running contrast 1/2529
deg_analysis.33082305_85.out:    Running contrast 51/2529
deg_analysis.33082305_85.out:    Running contrast 101/2529
deg_analysis.33082305_85.out:    Running contrast 151/2529
deg_analysis.33082305_85.out:    Running contrast 201/2529
deg_analysis.33082305_85.out:    Running contrast 251/2529
deg_analysis.33082305_85.out:    Running contrast 301/2529
deg_analysis.33082305_85.out:    Running contrast 351/2529
deg_analysis.33082305_85.out:    Running contrast 401/2529
deg_analysis.33082305_85.out:    Running contrast 451/2529
deg_analysis.33082305_85.out:    Running contrast 501/2529
deg_analysis.33082305_85.out:    Running contrast 551/2529
deg_analysis.33082305_85.out:    Running contrast 601/2529
deg_analysis.33082305_85.out:    Running contrast 651/2529
deg_analysis.33082305_85.out:    Running contrast 701/2529
deg_analysis.33082305_85.out:    Running contrast 751/2529
deg_analysis.33082305_85.out:    Running contrast 801/2529
deg_analysis.33082305_85.out:    Running contrast 851/2529
deg_analysis.33082305_85.out:    Running contrast 901/2529
deg_analysis.33082305_85.out:    Running contrast 951/2529
deg_analysis.33082305_85.out:    Running contrast 1001/2529
deg_analysis.33082305_85.out:    Running contrast 1051/2529
deg_analysis.33082305_85.out:    Running contrast 1101/2529
deg_analysis.33082305_85.out:    Running contrast 1151/2529
deg_analysis.33082305_85.out:    Running contrast 1201/2529
deg_analysis.33082305_85.out:    Running contrast 1251/2529
deg_analysis.33082305_85.out:    Running contrast 1301/2529
deg_analysis.33082305_85.out:    Running contrast 1351/2529
deg_analysis.33082305_85.out:    Running contrast 1401/2529
deg_analysis.33082305_85.out:    Running contrast 1451/2529
deg_analysis.33082305_85.out:    Running contrast 1501/2529
deg_analysis.33082305_85.out:    Running contrast 1551/2529
deg_analysis.33082305_85.out:    Running contrast 1601/2529
deg_analysis.33082305_85.out:    Running contrast 1651/2529
deg_analysis.33082305_85.out:    Running contrast 1701/2529
deg_analysis.33082305_85.out:    Running contrast 1751/2529
deg_analysis.33082305_85.out:    Running contrast 1801/2529
deg_analysis.33082305_85.out:    Running contrast 1851/2529
deg_analysis.33082305_85.out:    Running contrast 1901/2529
deg_analysis.33082305_85.out:    Running contrast 1951/2529
deg_analysis.33082305_85.out:    Running contrast 2001/2529
deg_analysis.33082305_85.out:    Running contrast 2051/2529
deg_analysis.33082305_85.out:    Running contrast 2101/2529
deg_analysis.33082305_85.out:    Running contrast 2151/2529
deg_analysis.33082305_85.out:    Running contrast 2201/2529
deg_analysis.33082305_85.out:    Running contrast 2251/2529
deg_analysis.33082305_85.out:    Running contrast 2301/2529
deg_analysis.33082305_85.out:    Running contrast 2351/2529
deg_analysis.33082305_85.out:    Running contrast 2401/2529
deg_analysis.33082305_85.out:    Running contrast 2451/2529
deg_analysis.33082305_85.out:    Running contrast 2501/2529
deg_analysis.33082305_85.out:    Running contrast 2529/2529
deg_analysis.33082305_85.out:Contrasts are completed in 4993.3 seconds
deg_analysis.33082305_85.out:
deg_analysis.33082305_85.out:    Writing:  ./data/l1000_phase2/deg_data/sep_rep/full/qc_false/filter_min_cells_0/intermediate/CVCL_0320/CVCL_0320_batch_8_de.h5ad
deg_analysis.33082305_85.out:
deg_analysis.33082305_85.out:    Rewriting h5ad file: ./data/l1000_phase2/deg_data/sep_rep/full/qc_false/filter_min_cells_0/intermediate/CVCL_0320/CVCL_0320_batch_8_de.h5ad
deg_analysis.33082305_85.out:    Removed X matrix
deg_analysis.33082305_85.out:    Rewriting h5ad file is done!
deg_analysis.33082305_85.out:✓ Cell line completed in 5027.1 seconds
deg_analysis.33082305_85.out:
deg_analysis.33082305_85.out:DE analysis completed!
deg_analysis.33082305_85.out:
deg_analysis.33082305_85.out:Total runtime: 5037.7 seconds
deg_analysis.33082309_86.out:
deg_analysis.33082309_86.out:DE analysis started...
deg_analysis.33082309_86.out:Loaded input file:  ./data/l1000_phase2/pseudobulk_processed/sep_rep/by_celltype/CVCL_0320/CVCL_0320_processed_batch_9.h5ad
deg_analysis.33082309_86.out:Initial dimensions:  4536  samples ×  978  genes
deg_analysis.33082309_86.out:Filter samples with the low number of cells
deg_analysis.33082309_86.out:    Filter threshold (min_cells):  0
deg_analysis.33082309_86.out:    Found  4536  samples with sentinel value (-666), keeping all
deg_analysis.33082309_86.out:    n_obs:  4536 -->  4536
deg_analysis.33082309_86.out:
deg_analysis.33082309_86.out:▶︎ Processing cell_type:  CVCL_0320
deg_analysis.33082309_86.out:    Filter controls by  pert_time_h  column
deg_analysis.33082309_86.out:        n_obs:  4536 -->  4536
deg_analysis.33082309_86.out:
deg_analysis.33082309_86.out:    Constructing design matrix...
deg_analysis.33082309_86.out:    Design matrix is constructed in 0.3 seconds
deg_analysis.33082309_86.out:    Design matrix dimensions: 4536 samples × 2613 coefficients
deg_analysis.33082309_86.out:    Skipping filtering and normalization (dataset is already normalized)
deg_analysis.33082309_86.out:    Skipping voom transformation (dataset is already normalized)
deg_analysis.33082309_86.out:    Using as.matrix() directly for lmFit (data assumed to be normalized and log-transformed)...
deg_analysis.33082309_86.out:    as.matrix() prepared in 0.0 seconds
deg_analysis.33082309_86.out:    Running lmFit...
deg_analysis.33082309_86.out:    LmFit is completed in 18.1 seconds
deg_analysis.33082309_86.out:DGE fit is completed in 19.2 seconds
deg_analysis.33082309_86.out:    Running contrasts...
deg_analysis.33082309_86.out:    Running contrast 1/2514
deg_analysis.33082309_86.out:    Running contrast 51/2514
deg_analysis.33082309_86.out:    Running contrast 101/2514
deg_analysis.33082309_86.out:    Running contrast 151/2514
deg_analysis.33082309_86.out:    Running contrast 201/2514
deg_analysis.33082309_86.out:    Running contrast 251/2514
deg_analysis.33082309_86.out:    Running contrast 301/2514
deg_analysis.33082309_86.out:    Running contrast 351/2514
deg_analysis.33082309_86.out:    Running contrast 401/2514
deg_analysis.33082309_86.out:    Running contrast 451/2514
deg_analysis.33082309_86.out:    Running contrast 501/2514
deg_analysis.33082309_86.out:    Running contrast 551/2514
deg_analysis.33082309_86.out:    Running contrast 601/2514
deg_analysis.33082309_86.out:    Running contrast 651/2514
deg_analysis.33082309_86.out:    Running contrast 701/2514
deg_analysis.33082309_86.out:    Running contrast 751/2514
deg_analysis.33082309_86.out:    Running contrast 801/2514
deg_analysis.33082309_86.out:    Running contrast 851/2514
deg_analysis.33082309_86.out:    Running contrast 901/2514
deg_analysis.33082309_86.out:    Running contrast 951/2514
deg_analysis.33082309_86.out:    Running contrast 1001/2514
deg_analysis.33082309_86.out:    Running contrast 1051/2514
deg_analysis.33082309_86.out:    Running contrast 1101/2514
deg_analysis.33082309_86.out:    Running contrast 1151/2514
deg_analysis.33082309_86.out:    Running contrast 1201/2514
deg_analysis.33082309_86.out:    Running contrast 1251/2514
deg_analysis.33082309_86.out:    Running contrast 1301/2514
deg_analysis.33082309_86.out:    Running contrast 1351/2514
deg_analysis.33082309_86.out:    Running contrast 1401/2514
deg_analysis.33082309_86.out:    Running contrast 1451/2514
deg_analysis.33082309_86.out:    Running contrast 1501/2514
deg_analysis.33082309_86.out:    Running contrast 1551/2514
deg_analysis.33082309_86.out:    Running contrast 1601/2514
deg_analysis.33082309_86.out:    Running contrast 1651/2514
deg_analysis.33082309_86.out:    Running contrast 1701/2514
deg_analysis.33082309_86.out:    Running contrast 1751/2514
deg_analysis.33082309_86.out:    Running contrast 1801/2514
deg_analysis.33082309_86.out:    Running contrast 1851/2514
deg_analysis.33082309_86.out:    Running contrast 1901/2514
deg_analysis.33082309_86.out:    Running contrast 1951/2514
deg_analysis.33082309_86.out:    Running contrast 2001/2514
deg_analysis.33082309_86.out:    Running contrast 2051/2514
deg_analysis.33082309_86.out:    Running contrast 2101/2514
deg_analysis.33082309_86.out:    Running contrast 2151/2514
deg_analysis.33082309_86.out:    Running contrast 2201/2514
deg_analysis.33082309_86.out:    Running contrast 2251/2514
deg_analysis.33082309_86.out:    Running contrast 2301/2514
deg_analysis.33082309_86.out:    Running contrast 2351/2514
deg_analysis.33082309_86.out:    Running contrast 2401/2514
deg_analysis.33082309_86.out:    Running contrast 2451/2514
deg_analysis.33082309_86.out:    Running contrast 2501/2514
deg_analysis.33082309_86.out:    Running contrast 2514/2514
deg_analysis.33082309_86.out:Contrasts are completed in 4607.7 seconds
deg_analysis.33082309_86.out:
deg_analysis.33082309_86.out:    Writing:  ./data/l1000_phase2/deg_data/sep_rep/full/qc_false/filter_min_cells_0/intermediate/CVCL_0320/CVCL_0320_batch_9_de.h5ad
deg_analysis.33082309_86.out:
deg_analysis.33082309_86.out:    Rewriting h5ad file: ./data/l1000_phase2/deg_data/sep_rep/full/qc_false/filter_min_cells_0/intermediate/CVCL_0320/CVCL_0320_batch_9_de.h5ad
deg_analysis.33082309_86.out:    Removed X matrix
deg_analysis.33082309_86.out:    Rewriting h5ad file is done!
deg_analysis.33082309_86.out:✓ Cell line completed in 4639.8 seconds
deg_analysis.33082309_86.out:
deg_analysis.33082309_86.out:DE analysis completed!
deg_analysis.33082309_86.out:
deg_analysis.33082309_86.out:Total runtime: 4657.5 seconds
deg_analysis.33082310_87.out:
deg_analysis.33082310_87.out:DE analysis started...
deg_analysis.33082310_87.out:Loaded input file:  ./data/l1000_phase2/pseudobulk_processed/sep_rep/by_celltype/CVCL_0332/CVCL_0332_processed_batch_1.h5ad
deg_analysis.33082310_87.out:Initial dimensions:  2816  samples ×  978  genes
deg_analysis.33082310_87.out:Filter samples with the low number of cells
deg_analysis.33082310_87.out:    Filter threshold (min_cells):  0
deg_analysis.33082310_87.out:    Found  2816  samples with sentinel value (-666), keeping all
deg_analysis.33082310_87.out:    n_obs:  2816 -->  2816
deg_analysis.33082310_87.out:
deg_analysis.33082310_87.out:▶︎ Processing cell_type:  CVCL_0332
deg_analysis.33082310_87.out:    Filter controls by  pert_time_h  column
deg_analysis.33082310_87.out:        n_obs:  2816 -->  2816
deg_analysis.33082310_87.out:
deg_analysis.33082310_87.out:    Constructing design matrix...
deg_analysis.33082310_87.out:    Design matrix is constructed in 0.4 seconds
deg_analysis.33082310_87.out:    Design matrix dimensions: 2816 samples × 2529 coefficients
deg_analysis.33082310_87.out:    Skipping filtering and normalization (dataset is already normalized)
deg_analysis.33082310_87.out:    Skipping voom transformation (dataset is already normalized)
deg_analysis.33082310_87.out:    Using as.matrix() directly for lmFit (data assumed to be normalized and log-transformed)...
deg_analysis.33082310_87.out:    as.matrix() prepared in 0.0 seconds
deg_analysis.33082310_87.out:    Running lmFit...
deg_analysis.33082310_87.out:Coefficients not estimable: plateLJP006_HS578T_3H_X3_B17
deg_analysis.33082310_87.out:    LmFit is completed in 18.6 seconds
deg_analysis.33082310_87.out:DGE fit is completed in 19.7 seconds
deg_analysis.33082310_87.out:    Running contrasts...
deg_analysis.33082310_87.out:    Running contrast 1/2516
deg_analysis.33082310_87.out:    Running contrast 51/2516
deg_analysis.33082310_87.out:    Running contrast 101/2516
deg_analysis.33082310_87.out:    Running contrast 151/2516
deg_analysis.33082310_87.out:    Running contrast 201/2516
deg_analysis.33082310_87.out:    Running contrast 251/2516
deg_analysis.33082310_87.out:    Running contrast 301/2516
deg_analysis.33082310_87.out:    Running contrast 351/2516
deg_analysis.33082310_87.out:    Running contrast 401/2516
deg_analysis.33082310_87.out:    Running contrast 451/2516
deg_analysis.33082310_87.out:    Running contrast 501/2516
deg_analysis.33082310_87.out:    Running contrast 551/2516
deg_analysis.33082310_87.out:    Running contrast 601/2516
deg_analysis.33082310_87.out:    Running contrast 651/2516
deg_analysis.33082310_87.out:    Running contrast 701/2516
deg_analysis.33082310_87.out:    Running contrast 751/2516
deg_analysis.33082310_87.out:    Running contrast 801/2516
deg_analysis.33082310_87.out:    Running contrast 851/2516
deg_analysis.33082310_87.out:    Running contrast 901/2516
deg_analysis.33082310_87.out:    Running contrast 951/2516
deg_analysis.33082310_87.out:    Running contrast 1001/2516
deg_analysis.33082310_87.out:    Running contrast 1051/2516
deg_analysis.33082310_87.out:    Running contrast 1101/2516
deg_analysis.33082310_87.out:    Running contrast 1151/2516
deg_analysis.33082310_87.out:    Running contrast 1201/2516
deg_analysis.33082310_87.out:    Running contrast 1251/2516
deg_analysis.33082310_87.out:    Running contrast 1301/2516
deg_analysis.33082310_87.out:    Running contrast 1351/2516
deg_analysis.33082310_87.out:    Running contrast 1401/2516
deg_analysis.33082310_87.out:    Running contrast 1451/2516
deg_analysis.33082310_87.out:    Running contrast 1501/2516
deg_analysis.33082310_87.out:    Running contrast 1551/2516
deg_analysis.33082310_87.out:    Running contrast 1601/2516
deg_analysis.33082310_87.out:    Running contrast 1651/2516
deg_analysis.33082310_87.out:    Running contrast 1701/2516
deg_analysis.33082310_87.out:    Running contrast 1751/2516
deg_analysis.33082310_87.out:    Running contrast 1801/2516
deg_analysis.33082310_87.out:    Running contrast 1851/2516
deg_analysis.33082310_87.out:    Running contrast 1901/2516
deg_analysis.33082310_87.out:    Running contrast 1951/2516
deg_analysis.33082310_87.out:    Running contrast 2001/2516
deg_analysis.33082310_87.out:    Running contrast 2051/2516
deg_analysis.33082310_87.out:    Running contrast 2101/2516
deg_analysis.33082310_87.out:    Running contrast 2151/2516
deg_analysis.33082310_87.out:    Running contrast 2201/2516
deg_analysis.33082310_87.out:    Running contrast 2251/2516
deg_analysis.33082310_87.out:    Running contrast 2301/2516
deg_analysis.33082310_87.out:    Running contrast 2351/2516
deg_analysis.33082310_87.out:    Running contrast 2401/2516
deg_analysis.33082310_87.out:    Running contrast 2451/2516
deg_analysis.33082310_87.out:    Running contrast 2501/2516
deg_analysis.33082310_87.out:    Running contrast 2516/2516
deg_analysis.33082310_87.out:Contrasts are completed in 5073.2 seconds
deg_analysis.33082310_87.out:
deg_analysis.33082310_87.out:    Writing:  ./data/l1000_phase2/deg_data/sep_rep/full/qc_false/filter_min_cells_0/intermediate/CVCL_0332/CVCL_0332_batch_1_de.h5ad
deg_analysis.33082310_87.out:
deg_analysis.33082310_87.out:    Rewriting h5ad file: ./data/l1000_phase2/deg_data/sep_rep/full/qc_false/filter_min_cells_0/intermediate/CVCL_0332/CVCL_0332_batch_1_de.h5ad
deg_analysis.33082310_87.out:    Removed X matrix
deg_analysis.33082310_87.out:    Rewriting h5ad file is done!
deg_analysis.33082310_87.out:✓ Cell line completed in 5109.8 seconds
deg_analysis.33082310_87.out:
deg_analysis.33082310_87.out:DE analysis completed!
deg_analysis.33082310_87.out:
deg_analysis.33082310_87.out:Total runtime: 5119.6 seconds
deg_analysis.33082310_87.err:During startup - Warning messages:
deg_analysis.33082310_87.err:1: Setting LC_CTYPE failed, using "C"
deg_analysis.33082310_87.err:2: Setting LC_COLLATE failed, using "C"
deg_analysis.33082310_87.err:3: Setting LC_TIME failed, using "C"
deg_analysis.33082310_87.err:4: Setting LC_MESSAGES failed, using "C"
deg_analysis.33082310_87.err:5: Setting LC_MONETARY failed, using "C"
deg_analysis.33082310_87.err:6: Setting LC_PAPER failed, using "C"
deg_analysis.33082310_87.err:7: Setting LC_MEASUREMENT failed, using "C"
deg_analysis.33082310_87.err:
deg_analysis.33082310_87.err:=== 1 Warnings encountered ===
deg_analysis.33082310_87.err:
deg_analysis.33082310_87.err:1. Partial NA coefficients for 978 probe(s)
deg_analysis.33082314_88.out:
deg_analysis.33082314_88.out:DE analysis started...
deg_analysis.33082314_88.out:Loaded input file:  ./data/l1000_phase2/pseudobulk_processed/sep_rep/by_celltype/CVCL_0332/CVCL_0332_processed_batch_2.h5ad
deg_analysis.33082314_88.out:Initial dimensions:  2812  samples ×  978  genes
deg_analysis.33082314_88.out:Filter samples with the low number of cells
deg_analysis.33082314_88.out:    Filter threshold (min_cells):  0
deg_analysis.33082314_88.out:    Found  2812  samples with sentinel value (-666), keeping all
deg_analysis.33082314_88.out:    n_obs:  2812 -->  2812
deg_analysis.33082314_88.out:
deg_analysis.33082314_88.out:▶︎ Processing cell_type:  CVCL_0332
deg_analysis.33082314_88.out:    Filter controls by  pert_time_h  column
deg_analysis.33082314_88.out:        n_obs:  2812 -->  2812
deg_analysis.33082314_88.out:
deg_analysis.33082314_88.out:    Constructing design matrix...
deg_analysis.33082314_88.out:    Design matrix is constructed in 0.5 seconds
deg_analysis.33082314_88.out:    Design matrix dimensions: 2812 samples × 2525 coefficients
deg_analysis.33082314_88.out:    Skipping filtering and normalization (dataset is already normalized)
deg_analysis.33082314_88.out:    Skipping voom transformation (dataset is already normalized)
deg_analysis.33082314_88.out:    Using as.matrix() directly for lmFit (data assumed to be normalized and log-transformed)...
deg_analysis.33082314_88.out:    as.matrix() prepared in 0.0 seconds
deg_analysis.33082314_88.out:    Running lmFit...
deg_analysis.33082314_88.out:Coefficients not estimable: plateLJP006_HS578T_3H_X3_B17
deg_analysis.33082314_88.out:    LmFit is completed in 25.2 seconds
deg_analysis.33082314_88.out:DGE fit is completed in 26.5 seconds
deg_analysis.33082314_88.out:    Running contrasts...
deg_analysis.33082314_88.out:    Running contrast 1/2512
deg_analysis.33082314_88.out:    Running contrast 51/2512
deg_analysis.33082314_88.out:    Running contrast 101/2512
deg_analysis.33082314_88.out:    Running contrast 151/2512
deg_analysis.33082314_88.out:    Running contrast 201/2512
deg_analysis.33082314_88.out:    Running contrast 251/2512
deg_analysis.33082314_88.out:    Running contrast 301/2512
deg_analysis.33082314_88.out:    Running contrast 351/2512
deg_analysis.33082314_88.out:    Running contrast 401/2512
deg_analysis.33082314_88.out:    Running contrast 451/2512
deg_analysis.33082314_88.out:    Running contrast 501/2512
deg_analysis.33082314_88.out:    Running contrast 551/2512
deg_analysis.33082314_88.out:    Running contrast 601/2512
deg_analysis.33082314_88.out:    Running contrast 651/2512
deg_analysis.33082314_88.out:    Running contrast 701/2512
deg_analysis.33082314_88.out:    Running contrast 751/2512
deg_analysis.33082314_88.out:    Running contrast 801/2512
deg_analysis.33082314_88.out:    Running contrast 851/2512
deg_analysis.33082314_88.out:    Running contrast 901/2512
deg_analysis.33082314_88.out:    Running contrast 951/2512
deg_analysis.33082314_88.out:    Running contrast 1001/2512
deg_analysis.33082314_88.out:    Running contrast 1051/2512
deg_analysis.33082314_88.out:    Running contrast 1101/2512
deg_analysis.33082314_88.out:    Running contrast 1151/2512
deg_analysis.33082314_88.out:    Running contrast 1201/2512
deg_analysis.33082314_88.out:    Running contrast 1251/2512
deg_analysis.33082314_88.out:    Running contrast 1301/2512
deg_analysis.33082314_88.out:    Running contrast 1351/2512
deg_analysis.33082314_88.out:    Running contrast 1401/2512
deg_analysis.33082314_88.out:    Running contrast 1451/2512
deg_analysis.33082314_88.out:    Running contrast 1501/2512
deg_analysis.33082314_88.out:    Running contrast 1551/2512
deg_analysis.33082314_88.out:    Running contrast 1601/2512
deg_analysis.33082314_88.out:    Running contrast 1651/2512
deg_analysis.33082314_88.out:    Running contrast 1701/2512
deg_analysis.33082314_88.out:    Running contrast 1751/2512
deg_analysis.33082314_88.out:    Running contrast 1801/2512
deg_analysis.33082314_88.out:    Running contrast 1851/2512
deg_analysis.33082314_88.out:    Running contrast 1901/2512
deg_analysis.33082314_88.out:    Running contrast 1951/2512
deg_analysis.33082314_88.out:    Running contrast 2001/2512
deg_analysis.33082314_88.out:    Running contrast 2051/2512
deg_analysis.33082314_88.out:    Running contrast 2101/2512
deg_analysis.33082314_88.out:    Running contrast 2151/2512
deg_analysis.33082314_88.out:    Running contrast 2201/2512
deg_analysis.33082314_88.out:    Running contrast 2251/2512
deg_analysis.33082314_88.out:    Running contrast 2301/2512
deg_analysis.33082314_88.out:    Running contrast 2351/2512
deg_analysis.33082314_88.out:    Running contrast 2401/2512
deg_analysis.33082314_88.out:    Running contrast 2451/2512
deg_analysis.33082314_88.out:    Running contrast 2501/2512
deg_analysis.33082314_88.out:    Running contrast 2512/2512
deg_analysis.33082314_88.out:Contrasts are completed in 7936.1 seconds
deg_analysis.33082314_88.out:
deg_analysis.33082314_88.out:    Writing:  ./data/l1000_phase2/deg_data/sep_rep/full/qc_false/filter_min_cells_0/intermediate/CVCL_0332/CVCL_0332_batch_2_de.h5ad
deg_analysis.33082314_88.out:
deg_analysis.33082314_88.out:    Rewriting h5ad file: ./data/l1000_phase2/deg_data/sep_rep/full/qc_false/filter_min_cells_0/intermediate/CVCL_0332/CVCL_0332_batch_2_de.h5ad
deg_analysis.33082314_88.out:    Removed X matrix
deg_analysis.33082314_88.out:    Rewriting h5ad file is done!
deg_analysis.33082314_88.out:✓ Cell line completed in 7981.7 seconds
deg_analysis.33082314_88.out:
deg_analysis.33082314_88.out:DE analysis completed!
deg_analysis.33082314_88.out:
deg_analysis.33082314_88.out:Total runtime: 7995.9 seconds
deg_analysis.33082314_88.err:
deg_analysis.33082314_88.err:=== 1 Warnings encountered ===
deg_analysis.33082314_88.err:
deg_analysis.33082314_88.err:1. Partial NA coefficients for 978 probe(s)
deg_analysis.33082317_89.out:
deg_analysis.33082317_89.out:DE analysis started...
deg_analysis.33082317_89.out:Loaded input file:  ./data/l1000_phase2/pseudobulk_processed/sep_rep/by_celltype/CVCL_0395/CVCL_0395_processed.h5ad
deg_analysis.33082317_89.out:Initial dimensions:  2177  samples ×  978  genes
deg_analysis.33082317_89.out:Filter samples with the low number of cells
deg_analysis.33082317_89.out:    Filter threshold (min_cells):  0
deg_analysis.33082317_89.out:    Found  2177  samples with sentinel value (-666), keeping all
deg_analysis.33082317_89.out:    n_obs:  2177 -->  2177
deg_analysis.33082317_89.out:
deg_analysis.33082317_89.out:▶︎ Processing cell_type:  CVCL_0395
deg_analysis.33082317_89.out:    Filter controls by  pert_time_h  column
deg_analysis.33082317_89.out:        n_obs:  2177 -->  2177
deg_analysis.33082317_89.out:
deg_analysis.33082317_89.out:    Constructing design matrix...
deg_analysis.33082317_89.out:    Design matrix is constructed in 0.3 seconds
deg_analysis.33082317_89.out:    Design matrix dimensions: 2177 samples × 2036 coefficients
deg_analysis.33082317_89.out:    Skipping filtering and normalization (dataset is already normalized)
deg_analysis.33082317_89.out:    Skipping voom transformation (dataset is already normalized)
deg_analysis.33082317_89.out:    Using as.matrix() directly for lmFit (data assumed to be normalized and log-transformed)...
deg_analysis.33082317_89.out:    as.matrix() prepared in 0.0 seconds
deg_analysis.33082317_89.out:    Running lmFit...
deg_analysis.33082317_89.out:Coefficients not estimable: plateLJP006_LNCAP_3H_X3_B17
deg_analysis.33082317_89.out:    LmFit is completed in 14.3 seconds
deg_analysis.33082317_89.out:DGE fit is completed in 15.3 seconds
deg_analysis.33082317_89.out:    Running contrasts...
deg_analysis.33082317_89.out:    Running contrast 1/2029
deg_analysis.33082317_89.out:    Running contrast 51/2029
deg_analysis.33082317_89.out:    Running contrast 101/2029
deg_analysis.33082317_89.out:    Running contrast 151/2029
deg_analysis.33082317_89.out:    Running contrast 201/2029
deg_analysis.33082317_89.out:    Running contrast 251/2029
deg_analysis.33082317_89.out:    Running contrast 301/2029
deg_analysis.33082317_89.out:    Running contrast 351/2029
deg_analysis.33082317_89.out:    Running contrast 401/2029
deg_analysis.33082317_89.out:    Running contrast 451/2029
deg_analysis.33082317_89.out:    Running contrast 501/2029
deg_analysis.33082317_89.out:    Running contrast 551/2029
deg_analysis.33082317_89.out:    Running contrast 601/2029
deg_analysis.33082317_89.out:    Running contrast 651/2029
deg_analysis.33082317_89.out:    Running contrast 701/2029
deg_analysis.33082317_89.out:    Running contrast 751/2029
deg_analysis.33082317_89.out:    Running contrast 801/2029
deg_analysis.33082317_89.out:    Running contrast 851/2029
deg_analysis.33082317_89.out:    Running contrast 901/2029
deg_analysis.33082317_89.out:    Running contrast 951/2029
deg_analysis.33082317_89.out:    Running contrast 1001/2029
deg_analysis.33082317_89.out:    Running contrast 1051/2029
deg_analysis.33082317_89.out:    Running contrast 1101/2029
deg_analysis.33082317_89.out:    Running contrast 1151/2029
deg_analysis.33082317_89.out:    Running contrast 1201/2029
deg_analysis.33082317_89.out:    Running contrast 1251/2029
deg_analysis.33082317_89.out:    Running contrast 1301/2029
deg_analysis.33082317_89.out:    Running contrast 1351/2029
deg_analysis.33082317_89.out:    Running contrast 1401/2029
deg_analysis.33082317_89.out:    Running contrast 1451/2029
deg_analysis.33082317_89.out:    Running contrast 1501/2029
deg_analysis.33082317_89.out:    Running contrast 1551/2029
deg_analysis.33082317_89.out:    Running contrast 1601/2029
deg_analysis.33082317_89.out:    Running contrast 1651/2029
deg_analysis.33082317_89.out:    Running contrast 1701/2029
deg_analysis.33082317_89.out:    Running contrast 1751/2029
deg_analysis.33082317_89.out:    Running contrast 1801/2029
deg_analysis.33082317_89.out:    Running contrast 1851/2029
deg_analysis.33082317_89.out:    Running contrast 1901/2029
deg_analysis.33082317_89.out:    Running contrast 1951/2029
deg_analysis.33082317_89.out:    Running contrast 2001/2029
deg_analysis.33082317_89.out:    Running contrast 2029/2029
deg_analysis.33082317_89.out:Contrasts are completed in 3496.4 seconds
deg_analysis.33082317_89.out:
deg_analysis.33082317_89.out:    Writing:  ./data/l1000_phase2/deg_data/sep_rep/full/qc_false/filter_min_cells_0/intermediate/CVCL_0395/CVCL_0395_de.h5ad
deg_analysis.33082317_89.out:
deg_analysis.33082317_89.out:    Rewriting h5ad file: ./data/l1000_phase2/deg_data/sep_rep/full/qc_false/filter_min_cells_0/intermediate/CVCL_0395/CVCL_0395_de.h5ad
deg_analysis.33082317_89.out:    Removed X matrix
deg_analysis.33082317_89.out:    Rewriting h5ad file is done!
deg_analysis.33082317_89.out:✓ Cell line completed in 3527.4 seconds
deg_analysis.33082317_89.out:
deg_analysis.33082317_89.out:DE analysis completed!
deg_analysis.33082317_89.out:
deg_analysis.33082317_89.out:Total runtime: 3537.2 seconds
deg_analysis.33082317_89.err:
deg_analysis.33082317_89.err:=== 1 Warnings encountered ===
deg_analysis.33082317_89.err:
deg_analysis.33082317_89.err:1. Partial NA coefficients for 978 probe(s)
deg_analysis.33082332_90.out:
deg_analysis.33082332_90.out:DE analysis started...
deg_analysis.33082332_90.out:Loaded input file:  ./data/l1000_phase2/pseudobulk_processed/sep_rep/by_celltype/CVCL_0598/CVCL_0598_processed_batch_1.h5ad
deg_analysis.33082332_90.out:Initial dimensions:  2798  samples ×  978  genes
deg_analysis.33082332_90.out:Filter samples with the low number of cells
deg_analysis.33082332_90.out:    Filter threshold (min_cells):  0
deg_analysis.33082332_90.out:    Found  2798  samples with sentinel value (-666), keeping all
deg_analysis.33082332_90.out:    n_obs:  2798 -->  2798
deg_analysis.33082332_90.out:
deg_analysis.33082332_90.out:▶︎ Processing cell_type:  CVCL_0598
deg_analysis.33082332_90.out:    Filter controls by  pert_time_h  column
deg_analysis.33082332_90.out:        n_obs:  2798 -->  2798
deg_analysis.33082332_90.out:
deg_analysis.33082332_90.out:    Constructing design matrix...
deg_analysis.33082332_90.out:    Design matrix is constructed in 0.2 seconds
deg_analysis.33082332_90.out:    Design matrix dimensions: 2798 samples × 2516 coefficients
deg_analysis.33082332_90.out:    Skipping filtering and normalization (dataset is already normalized)
deg_analysis.33082332_90.out:    Skipping voom transformation (dataset is already normalized)
deg_analysis.33082332_90.out:    Using as.matrix() directly for lmFit (data assumed to be normalized and log-transformed)...
deg_analysis.33082332_90.out:    as.matrix() prepared in 0.2 seconds
deg_analysis.33082332_90.out:    Running lmFit...
deg_analysis.33082332_90.out:Coefficients not estimable: plateLJP006_MCF10A_3H_X3_B17
deg_analysis.33082332_90.out:    LmFit is completed in 9.8 seconds
deg_analysis.33082332_90.out:DGE fit is completed in 10.8 seconds
deg_analysis.33082332_90.out:    Running contrasts...
deg_analysis.33082332_90.out:    Running contrast 1/2503
deg_analysis.33082332_90.out:    Running contrast 51/2503
deg_analysis.33082332_90.out:    Running contrast 101/2503
deg_analysis.33082332_90.out:    Running contrast 151/2503
deg_analysis.33082332_90.out:    Running contrast 201/2503
deg_analysis.33082332_90.out:    Running contrast 251/2503
deg_analysis.33082332_90.out:    Running contrast 301/2503
deg_analysis.33082332_90.out:    Running contrast 351/2503
deg_analysis.33082332_90.out:    Running contrast 401/2503
deg_analysis.33082332_90.out:    Running contrast 451/2503
deg_analysis.33082332_90.out:    Running contrast 501/2503
deg_analysis.33082332_90.out:    Running contrast 551/2503
deg_analysis.33082332_90.out:    Running contrast 601/2503
deg_analysis.33082332_90.out:    Running contrast 651/2503
deg_analysis.33082332_90.out:    Running contrast 701/2503
deg_analysis.33082332_90.out:    Running contrast 751/2503
deg_analysis.33082332_90.out:    Running contrast 801/2503
deg_analysis.33082332_90.out:    Running contrast 851/2503
deg_analysis.33082332_90.out:    Running contrast 901/2503
deg_analysis.33082332_90.out:    Running contrast 951/2503
deg_analysis.33082332_90.out:    Running contrast 1001/2503
deg_analysis.33082332_90.out:    Running contrast 1051/2503
deg_analysis.33082332_90.out:    Running contrast 1101/2503
deg_analysis.33082332_90.out:    Running contrast 1151/2503
deg_analysis.33082332_90.out:    Running contrast 1201/2503
deg_analysis.33082332_90.out:    Running contrast 1251/2503
deg_analysis.33082332_90.out:    Running contrast 1301/2503
deg_analysis.33082332_90.out:    Running contrast 1351/2503
deg_analysis.33082332_90.out:    Running contrast 1401/2503
deg_analysis.33082332_90.out:    Running contrast 1451/2503
deg_analysis.33082332_90.out:    Running contrast 1501/2503
deg_analysis.33082332_90.out:    Running contrast 1551/2503
deg_analysis.33082332_90.out:    Running contrast 1601/2503
deg_analysis.33082332_90.out:    Running contrast 1651/2503
deg_analysis.33082332_90.out:    Running contrast 1701/2503
deg_analysis.33082332_90.out:    Running contrast 1751/2503
deg_analysis.33082332_90.out:    Running contrast 1801/2503
deg_analysis.33082332_90.out:    Running contrast 1851/2503
deg_analysis.33082332_90.out:    Running contrast 1901/2503
deg_analysis.33082332_90.out:    Running contrast 1951/2503
deg_analysis.33082332_90.out:    Running contrast 2001/2503
deg_analysis.33082332_90.out:    Running contrast 2051/2503
deg_analysis.33082332_90.out:    Running contrast 2101/2503
deg_analysis.33082332_90.out:    Running contrast 2151/2503
deg_analysis.33082332_90.out:    Running contrast 2201/2503
deg_analysis.33082332_90.out:    Running contrast 2251/2503
deg_analysis.33082332_90.out:    Running contrast 2301/2503
deg_analysis.33082332_90.out:    Running contrast 2351/2503
deg_analysis.33082332_90.out:    Running contrast 2401/2503
deg_analysis.33082332_90.out:    Running contrast 2451/2503
deg_analysis.33082332_90.out:    Running contrast 2501/2503
deg_analysis.33082332_90.out:    Running contrast 2503/2503
deg_analysis.33082332_90.out:Contrasts are completed in 3599.2 seconds
deg_analysis.33082332_90.out:
deg_analysis.33082332_90.out:    Writing:  ./data/l1000_phase2/deg_data/sep_rep/full/qc_false/filter_min_cells_0/intermediate/CVCL_0598/CVCL_0598_batch_1_de.h5ad
deg_analysis.33082332_90.out:
deg_analysis.33082332_90.out:    Rewriting h5ad file: ./data/l1000_phase2/deg_data/sep_rep/full/qc_false/filter_min_cells_0/intermediate/CVCL_0598/CVCL_0598_batch_1_de.h5ad
deg_analysis.33082332_90.out:    Removed X matrix
deg_analysis.33082332_90.out:    Rewriting h5ad file is done!
deg_analysis.33082332_90.out:✓ Cell line completed in 3622.8 seconds
deg_analysis.33082332_90.out:
deg_analysis.33082332_90.out:DE analysis completed!
deg_analysis.33082332_90.out:
deg_analysis.33082332_90.out:Total runtime: 3648.8 seconds
deg_analysis.33082332_90.err:
deg_analysis.33082332_90.err:=== 1 Warnings encountered ===
deg_analysis.33082332_90.err:
deg_analysis.33082332_90.err:1. Partial NA coefficients for 978 probe(s)
deg_analysis.33082333_91.out:
deg_analysis.33082333_91.out:DE analysis started...
deg_analysis.33082333_91.out:Loaded input file:  ./data/l1000_phase2/pseudobulk_processed/sep_rep/by_celltype/CVCL_0598/CVCL_0598_processed_batch_2.h5ad
deg_analysis.33082333_91.out:Initial dimensions:  2814  samples ×  978  genes
deg_analysis.33082333_91.out:Filter samples with the low number of cells
deg_analysis.33082333_91.out:    Filter threshold (min_cells):  0
deg_analysis.33082333_91.out:    Found  2814  samples with sentinel value (-666), keeping all
deg_analysis.33082333_91.out:    n_obs:  2814 -->  2814
deg_analysis.33082333_91.out:
deg_analysis.33082333_91.out:▶︎ Processing cell_type:  CVCL_0598
deg_analysis.33082333_91.out:    Filter controls by  pert_time_h  column
deg_analysis.33082333_91.out:        n_obs:  2814 -->  2814
deg_analysis.33082333_91.out:
deg_analysis.33082333_91.out:    Constructing design matrix...
deg_analysis.33082333_91.out:    Design matrix is constructed in 0.4 seconds
deg_analysis.33082333_91.out:    Design matrix dimensions: 2814 samples × 2532 coefficients
deg_analysis.33082333_91.out:    Skipping filtering and normalization (dataset is already normalized)
deg_analysis.33082333_91.out:    Skipping voom transformation (dataset is already normalized)
deg_analysis.33082333_91.out:    Using as.matrix() directly for lmFit (data assumed to be normalized and log-transformed)...
deg_analysis.33082333_91.out:    as.matrix() prepared in 0.0 seconds
deg_analysis.33082333_91.out:    Running lmFit...
deg_analysis.33082333_91.out:Coefficients not estimable: plateLJP006_MCF10A_3H_X3_B17
deg_analysis.33082333_91.out:    LmFit is completed in 10.8 seconds
deg_analysis.33082333_91.out:DGE fit is completed in 11.7 seconds
deg_analysis.33082333_91.out:    Running contrasts...
deg_analysis.33082333_91.out:    Running contrast 1/2519
deg_analysis.33082333_91.out:    Running contrast 51/2519
deg_analysis.33082333_91.out:    Running contrast 101/2519
deg_analysis.33082333_91.out:    Running contrast 151/2519
deg_analysis.33082333_91.out:    Running contrast 201/2519
deg_analysis.33082333_91.out:    Running contrast 251/2519
deg_analysis.33082333_91.out:    Running contrast 301/2519
deg_analysis.33082333_91.out:    Running contrast 351/2519
deg_analysis.33082333_91.out:    Running contrast 401/2519
deg_analysis.33082333_91.out:    Running contrast 451/2519
deg_analysis.33082333_91.out:    Running contrast 501/2519
deg_analysis.33082333_91.out:    Running contrast 551/2519
deg_analysis.33082333_91.out:    Running contrast 601/2519
deg_analysis.33082333_91.out:    Running contrast 651/2519
deg_analysis.33082333_91.out:    Running contrast 701/2519
deg_analysis.33082333_91.out:    Running contrast 751/2519
deg_analysis.33082333_91.out:    Running contrast 801/2519
deg_analysis.33082333_91.out:    Running contrast 851/2519
deg_analysis.33082333_91.out:    Running contrast 901/2519
deg_analysis.33082333_91.out:    Running contrast 951/2519
deg_analysis.33082333_91.out:    Running contrast 1001/2519
deg_analysis.33082333_91.out:    Running contrast 1051/2519
deg_analysis.33082333_91.out:    Running contrast 1101/2519
deg_analysis.33082333_91.out:    Running contrast 1151/2519
deg_analysis.33082333_91.out:    Running contrast 1201/2519
deg_analysis.33082333_91.out:    Running contrast 1251/2519
deg_analysis.33082333_91.out:    Running contrast 1301/2519
deg_analysis.33082333_91.out:    Running contrast 1351/2519
deg_analysis.33082333_91.out:    Running contrast 1401/2519
deg_analysis.33082333_91.out:    Running contrast 1451/2519
deg_analysis.33082333_91.out:    Running contrast 1501/2519
deg_analysis.33082333_91.out:    Running contrast 1551/2519
deg_analysis.33082333_91.out:    Running contrast 1601/2519
deg_analysis.33082333_91.out:    Running contrast 1651/2519
deg_analysis.33082333_91.out:    Running contrast 1701/2519
deg_analysis.33082333_91.out:    Running contrast 1751/2519
deg_analysis.33082333_91.out:    Running contrast 1801/2519
deg_analysis.33082333_91.out:    Running contrast 1851/2519
deg_analysis.33082333_91.out:    Running contrast 1901/2519
deg_analysis.33082333_91.out:    Running contrast 1951/2519
deg_analysis.33082333_91.out:    Running contrast 2001/2519
deg_analysis.33082333_91.out:    Running contrast 2051/2519
deg_analysis.33082333_91.out:    Running contrast 2101/2519
deg_analysis.33082333_91.out:    Running contrast 2151/2519
deg_analysis.33082333_91.out:    Running contrast 2201/2519
deg_analysis.33082333_91.out:    Running contrast 2251/2519
deg_analysis.33082333_91.out:    Running contrast 2301/2519
deg_analysis.33082333_91.out:    Running contrast 2351/2519
deg_analysis.33082333_91.out:    Running contrast 2401/2519
deg_analysis.33082333_91.out:    Running contrast 2451/2519
deg_analysis.33082333_91.out:    Running contrast 2501/2519
deg_analysis.33082333_91.out:    Running contrast 2519/2519
deg_analysis.33082333_91.out:Contrasts are completed in 3684.3 seconds
deg_analysis.33082333_91.out:
deg_analysis.33082333_91.out:    Writing:  ./data/l1000_phase2/deg_data/sep_rep/full/qc_false/filter_min_cells_0/intermediate/CVCL_0598/CVCL_0598_batch_2_de.h5ad
deg_analysis.33082333_91.out:
deg_analysis.33082333_91.out:    Rewriting h5ad file: ./data/l1000_phase2/deg_data/sep_rep/full/qc_false/filter_min_cells_0/intermediate/CVCL_0598/CVCL_0598_batch_2_de.h5ad
deg_analysis.33082333_91.out:    Removed X matrix
deg_analysis.33082333_91.out:    Rewriting h5ad file is done!
deg_analysis.33082333_91.out:✓ Cell line completed in 3708.9 seconds
deg_analysis.33082333_91.out:
deg_analysis.33082333_91.out:DE analysis completed!
deg_analysis.33082333_91.out:
deg_analysis.33082333_91.out:Total runtime: 3719.9 seconds
deg_analysis.33082333_91.err:
deg_analysis.33082333_91.err:=== 1 Warnings encountered ===
deg_analysis.33082333_91.err:
deg_analysis.33082333_91.err:1. Partial NA coefficients for 978 probe(s)
deg_analysis.33082336_92.out:
deg_analysis.33082336_92.out:DE analysis started...
deg_analysis.33082336_92.out:Loaded input file:  ./data/l1000_phase2/pseudobulk_processed/sep_rep/by_celltype/CVCL_1794/CVCL_1794_processed_batch_10.h5ad
deg_analysis.33082336_92.out:Initial dimensions:  4177  samples ×  978  genes
deg_analysis.33082336_92.out:Filter samples with the low number of cells
deg_analysis.33082336_92.out:    Filter threshold (min_cells):  0
deg_analysis.33082336_92.out:    Found  4177  samples with sentinel value (-666), keeping all
deg_analysis.33082336_92.out:    n_obs:  4177 -->  4177
deg_analysis.33082336_92.out:
deg_analysis.33082336_92.out:▶︎ Processing cell_type:  CVCL_1794
deg_analysis.33082336_92.out:    Filter controls by  pert_time_h  column
deg_analysis.33082336_92.out:        n_obs:  4177 -->  4177
deg_analysis.33082336_92.out:
deg_analysis.33082336_92.out:    Constructing design matrix...
deg_analysis.33082336_92.out:    Design matrix is constructed in 0.7 seconds
deg_analysis.33082336_92.out:    Design matrix dimensions: 4177 samples × 2601 coefficients
deg_analysis.33082336_92.out:    Skipping filtering and normalization (dataset is already normalized)
deg_analysis.33082336_92.out:    Skipping voom transformation (dataset is already normalized)
deg_analysis.33082336_92.out:    Using as.matrix() directly for lmFit (data assumed to be normalized and log-transformed)...
deg_analysis.33082336_92.out:    as.matrix() prepared in 0.0 seconds
deg_analysis.33082336_92.out:    Running lmFit...
deg_analysis.33082336_92.out:    LmFit is completed in 42.9 seconds
deg_analysis.33082336_92.out:DGE fit is completed in 44.7 seconds
deg_analysis.33082336_92.out:    Running contrasts...
deg_analysis.33082336_92.out:    Running contrast 1/2517
deg_analysis.33082336_92.out:    Running contrast 51/2517
deg_analysis.33082336_92.out:    Running contrast 101/2517
deg_analysis.33082336_92.out:    Running contrast 151/2517
deg_analysis.33082336_92.out:    Running contrast 201/2517
deg_analysis.33082336_92.out:    Running contrast 251/2517
deg_analysis.33082336_92.out:    Running contrast 301/2517
deg_analysis.33082336_92.out:    Running contrast 351/2517
deg_analysis.33082336_92.out:    Running contrast 401/2517
deg_analysis.33082336_92.out:    Running contrast 451/2517
deg_analysis.33082336_92.out:    Running contrast 501/2517
deg_analysis.33082336_92.out:    Running contrast 551/2517
deg_analysis.33082336_92.out:    Running contrast 601/2517
deg_analysis.33082336_92.out:    Running contrast 651/2517
deg_analysis.33082336_92.out:    Running contrast 701/2517
deg_analysis.33082336_92.out:    Running contrast 751/2517
deg_analysis.33082336_92.out:    Running contrast 801/2517
deg_analysis.33082336_92.out:    Running contrast 851/2517
deg_analysis.33082336_92.out:    Running contrast 901/2517
deg_analysis.33082336_92.out:    Running contrast 951/2517
deg_analysis.33082336_92.out:    Running contrast 1001/2517
deg_analysis.33082336_92.out:    Running contrast 1051/2517
deg_analysis.33082336_92.out:    Running contrast 1101/2517
deg_analysis.33082336_92.out:    Running contrast 1151/2517
deg_analysis.33082336_92.out:    Running contrast 1201/2517
deg_analysis.33082336_92.out:    Running contrast 1251/2517
deg_analysis.33082336_92.out:    Running contrast 1301/2517
deg_analysis.33082336_92.out:    Running contrast 1351/2517
deg_analysis.33082336_92.out:    Running contrast 1401/2517
deg_analysis.33082336_92.out:    Running contrast 1451/2517
deg_analysis.33082336_92.out:    Running contrast 1501/2517
deg_analysis.33082336_92.out:    Running contrast 1551/2517
deg_analysis.33082336_92.out:    Running contrast 1601/2517
deg_analysis.33082336_92.out:    Running contrast 1651/2517
deg_analysis.33082336_92.out:    Running contrast 1701/2517
deg_analysis.33082336_92.out:    Running contrast 1751/2517
deg_analysis.33082336_92.out:    Running contrast 1801/2517
deg_analysis.33082336_92.out:    Running contrast 1851/2517
deg_analysis.33082336_92.out:    Running contrast 1901/2517
deg_analysis.33082336_92.out:    Running contrast 1951/2517
deg_analysis.33082336_92.out:    Running contrast 2001/2517
deg_analysis.33082336_92.out:    Running contrast 2051/2517
deg_analysis.33082336_92.out:    Running contrast 2101/2517
deg_analysis.33082336_92.out:    Running contrast 2151/2517
deg_analysis.33082336_92.out:    Running contrast 2201/2517
deg_analysis.33082336_92.out:    Running contrast 2251/2517
deg_analysis.33082336_92.out:    Running contrast 2301/2517
deg_analysis.33082336_92.out:    Running contrast 2351/2517
deg_analysis.33082336_92.out:    Running contrast 2401/2517
deg_analysis.33082336_92.out:    Running contrast 2451/2517
deg_analysis.33082336_92.out:    Running contrast 2501/2517
deg_analysis.33082336_92.out:    Running contrast 2517/2517
deg_analysis.33082336_92.out:Contrasts are completed in 9439.5 seconds
deg_analysis.33082336_92.out:
deg_analysis.33082336_92.out:    Writing:  ./data/l1000_phase2/deg_data/sep_rep/full/qc_false/filter_min_cells_0/intermediate/CVCL_1794/CVCL_1794_batch_10_de.h5ad
deg_analysis.33082336_92.out:
deg_analysis.33082336_92.out:    Rewriting h5ad file: ./data/l1000_phase2/deg_data/sep_rep/full/qc_false/filter_min_cells_0/intermediate/CVCL_1794/CVCL_1794_batch_10_de.h5ad
deg_analysis.33082336_92.out:    Removed X matrix
deg_analysis.33082336_92.out:    Rewriting h5ad file is done!
deg_analysis.33082336_92.out:✓ Cell line completed in 9506.4 seconds
deg_analysis.33082336_92.out:
deg_analysis.33082336_92.out:DE analysis completed!
deg_analysis.33082336_92.out:
deg_analysis.33082336_92.out:Total runtime: 9521.9 seconds
deg_analysis.33082444_93.out:
deg_analysis.33082444_93.out:DE analysis started...
deg_analysis.33082444_93.out:Loaded input file:  ./data/l1000_phase2/pseudobulk_processed/sep_rep/by_celltype/CVCL_1794/CVCL_1794_processed_batch_11.h5ad
deg_analysis.33082444_93.out:Initial dimensions:  4167  samples ×  978  genes
deg_analysis.33082444_93.out:Filter samples with the low number of cells
deg_analysis.33082444_93.out:    Filter threshold (min_cells):  0
deg_analysis.33082444_93.out:    Found  4167  samples with sentinel value (-666), keeping all
deg_analysis.33082444_93.out:    n_obs:  4167 -->  4167
deg_analysis.33082444_93.out:
deg_analysis.33082444_93.out:▶︎ Processing cell_type:  CVCL_1794
deg_analysis.33082444_93.out:    Filter controls by  pert_time_h  column
deg_analysis.33082444_93.out:        n_obs:  4167 -->  4167
deg_analysis.33082444_93.out:
deg_analysis.33082444_93.out:    Constructing design matrix...
deg_analysis.33082444_93.out:    Design matrix is constructed in 0.5 seconds
deg_analysis.33082444_93.out:    Design matrix dimensions: 4167 samples × 2591 coefficients
deg_analysis.33082444_93.out:    Skipping filtering and normalization (dataset is already normalized)
deg_analysis.33082444_93.out:    Skipping voom transformation (dataset is already normalized)
deg_analysis.33082444_93.out:    Using as.matrix() directly for lmFit (data assumed to be normalized and log-transformed)...
deg_analysis.33082444_93.out:    as.matrix() prepared in 0.0 seconds
deg_analysis.33082444_93.out:    Running lmFit...
deg_analysis.33082444_93.out:    LmFit is completed in 42.6 seconds
deg_analysis.33082444_93.out:DGE fit is completed in 44.3 seconds
deg_analysis.33082444_93.out:    Running contrasts...
deg_analysis.33082444_93.out:    Running contrast 1/2507
deg_analysis.33082444_93.out:    Running contrast 51/2507
deg_analysis.33082444_93.out:    Running contrast 101/2507
deg_analysis.33082444_93.out:    Running contrast 151/2507
deg_analysis.33082444_93.out:    Running contrast 201/2507
deg_analysis.33082444_93.out:    Running contrast 251/2507
deg_analysis.33082444_93.out:    Running contrast 301/2507
deg_analysis.33082444_93.out:    Running contrast 351/2507
deg_analysis.33082444_93.out:    Running contrast 401/2507
deg_analysis.33082444_93.out:    Running contrast 451/2507
deg_analysis.33082444_93.out:    Running contrast 501/2507
deg_analysis.33082444_93.out:    Running contrast 551/2507
deg_analysis.33082444_93.out:    Running contrast 601/2507
deg_analysis.33082444_93.out:    Running contrast 651/2507
deg_analysis.33082444_93.out:    Running contrast 701/2507
deg_analysis.33082444_93.out:    Running contrast 751/2507
deg_analysis.33082444_93.out:    Running contrast 801/2507
deg_analysis.33082444_93.out:    Running contrast 851/2507
deg_analysis.33082444_93.out:    Running contrast 901/2507
deg_analysis.33082444_93.out:    Running contrast 951/2507
deg_analysis.33082444_93.out:    Running contrast 1001/2507
deg_analysis.33082444_93.out:    Running contrast 1051/2507
deg_analysis.33082444_93.out:    Running contrast 1101/2507
deg_analysis.33082444_93.out:    Running contrast 1151/2507
deg_analysis.33082444_93.out:    Running contrast 1201/2507
deg_analysis.33082444_93.out:    Running contrast 1251/2507
deg_analysis.33082444_93.out:    Running contrast 1301/2507
deg_analysis.33082444_93.out:    Running contrast 1351/2507
deg_analysis.33082444_93.out:    Running contrast 1401/2507
deg_analysis.33082444_93.out:    Running contrast 1451/2507
deg_analysis.33082444_93.out:    Running contrast 1501/2507
deg_analysis.33082444_93.out:    Running contrast 1551/2507
deg_analysis.33082444_93.out:    Running contrast 1601/2507
deg_analysis.33082444_93.out:    Running contrast 1651/2507
deg_analysis.33082444_93.out:    Running contrast 1701/2507
deg_analysis.33082444_93.out:    Running contrast 1751/2507
deg_analysis.33082444_93.out:    Running contrast 1801/2507
deg_analysis.33082444_93.out:    Running contrast 1851/2507
deg_analysis.33082444_93.out:    Running contrast 1901/2507
deg_analysis.33082444_93.out:    Running contrast 1951/2507
deg_analysis.33082444_93.out:    Running contrast 2001/2507
deg_analysis.33082444_93.out:    Running contrast 2051/2507
deg_analysis.33082444_93.out:    Running contrast 2101/2507
deg_analysis.33082444_93.out:    Running contrast 2151/2507
deg_analysis.33082444_93.out:    Running contrast 2201/2507
deg_analysis.33082444_93.out:    Running contrast 2251/2507
deg_analysis.33082444_93.out:    Running contrast 2301/2507
deg_analysis.33082444_93.out:    Running contrast 2351/2507
deg_analysis.33082444_93.out:    Running contrast 2401/2507
deg_analysis.33082444_93.out:    Running contrast 2451/2507
deg_analysis.33082444_93.out:    Running contrast 2501/2507
deg_analysis.33082444_93.out:    Running contrast 2507/2507
deg_analysis.33082444_93.out:Contrasts are completed in 9681.9 seconds
deg_analysis.33082444_93.out:
deg_analysis.33082444_93.out:    Writing:  ./data/l1000_phase2/deg_data/sep_rep/full/qc_false/filter_min_cells_0/intermediate/CVCL_1794/CVCL_1794_batch_11_de.h5ad
deg_analysis.33082444_93.out:
deg_analysis.33082444_93.out:    Rewriting h5ad file: ./data/l1000_phase2/deg_data/sep_rep/full/qc_false/filter_min_cells_0/intermediate/CVCL_1794/CVCL_1794_batch_11_de.h5ad
deg_analysis.33082444_93.out:    Removed X matrix
deg_analysis.33082444_93.out:    Rewriting h5ad file is done!
deg_analysis.33082444_93.out:✓ Cell line completed in 9746.0 seconds
deg_analysis.33082444_93.out:
deg_analysis.33082444_93.out:DE analysis completed!
deg_analysis.33082444_93.out:
deg_analysis.33082444_93.out:Total runtime: 9758.9 seconds
deg_analysis.33082481_94.out:
deg_analysis.33082481_94.out:DE analysis started...
deg_analysis.33082481_94.out:Loaded input file:  ./data/l1000_phase2/pseudobulk_processed/sep_rep/by_celltype/CVCL_1794/CVCL_1794_processed_batch_12.h5ad
deg_analysis.33082481_94.out:Initial dimensions:  4165  samples ×  978  genes
deg_analysis.33082481_94.out:Filter samples with the low number of cells
deg_analysis.33082481_94.out:    Filter threshold (min_cells):  0
deg_analysis.33082481_94.out:    Found  4165  samples with sentinel value (-666), keeping all
deg_analysis.33082481_94.out:    n_obs:  4165 -->  4165
deg_analysis.33082481_94.out:
deg_analysis.33082481_94.out:▶︎ Processing cell_type:  CVCL_1794
deg_analysis.33082481_94.out:    Filter controls by  pert_time_h  column
deg_analysis.33082481_94.out:        n_obs:  4165 -->  4165
deg_analysis.33082481_94.out:
deg_analysis.33082481_94.out:    Constructing design matrix...
deg_analysis.33082481_94.out:    Design matrix is constructed in 0.4 seconds
deg_analysis.33082481_94.out:    Design matrix dimensions: 4165 samples × 2589 coefficients
deg_analysis.33082481_94.out:    Skipping filtering and normalization (dataset is already normalized)
deg_analysis.33082481_94.out:    Skipping voom transformation (dataset is already normalized)
deg_analysis.33082481_94.out:    Using as.matrix() directly for lmFit (data assumed to be normalized and log-transformed)...
deg_analysis.33082481_94.out:    as.matrix() prepared in 0.0 seconds
deg_analysis.33082481_94.out:    Running lmFit...
deg_analysis.33082481_94.out:    LmFit is completed in 18.8 seconds
deg_analysis.33082481_94.out:DGE fit is completed in 19.8 seconds
deg_analysis.33082481_94.out:    Running contrasts...
deg_analysis.33082481_94.out:    Running contrast 1/2505
deg_analysis.33082481_94.out:    Running contrast 51/2505
deg_analysis.33082481_94.out:    Running contrast 101/2505
deg_analysis.33082481_94.out:    Running contrast 151/2505
deg_analysis.33082481_94.out:    Running contrast 201/2505
deg_analysis.33082481_94.out:    Running contrast 251/2505
deg_analysis.33082481_94.out:    Running contrast 301/2505
deg_analysis.33082481_94.out:    Running contrast 351/2505
deg_analysis.33082481_94.out:    Running contrast 401/2505
deg_analysis.33082481_94.out:    Running contrast 451/2505
deg_analysis.33082481_94.out:    Running contrast 501/2505
deg_analysis.33082481_94.out:    Running contrast 551/2505
deg_analysis.33082481_94.out:    Running contrast 601/2505
deg_analysis.33082481_94.out:    Running contrast 651/2505
deg_analysis.33082481_94.out:    Running contrast 701/2505
deg_analysis.33082481_94.out:    Running contrast 751/2505
deg_analysis.33082481_94.out:    Running contrast 801/2505
deg_analysis.33082481_94.out:    Running contrast 851/2505
deg_analysis.33082481_94.out:    Running contrast 901/2505
deg_analysis.33082481_94.out:    Running contrast 951/2505
deg_analysis.33082481_94.out:    Running contrast 1001/2505
deg_analysis.33082481_94.out:    Running contrast 1051/2505
deg_analysis.33082481_94.out:    Running contrast 1101/2505
deg_analysis.33082481_94.out:    Running contrast 1151/2505
deg_analysis.33082481_94.out:    Running contrast 1201/2505
deg_analysis.33082481_94.out:    Running contrast 1251/2505
deg_analysis.33082481_94.out:    Running contrast 1301/2505
deg_analysis.33082481_94.out:    Running contrast 1351/2505
deg_analysis.33082481_94.out:    Running contrast 1401/2505
deg_analysis.33082481_94.out:    Running contrast 1451/2505
deg_analysis.33082481_94.out:    Running contrast 1501/2505
deg_analysis.33082481_94.out:    Running contrast 1551/2505
deg_analysis.33082481_94.out:    Running contrast 1601/2505
deg_analysis.33082481_94.out:    Running contrast 1651/2505
deg_analysis.33082481_94.out:    Running contrast 1701/2505
deg_analysis.33082481_94.out:    Running contrast 1751/2505
deg_analysis.33082481_94.out:    Running contrast 1801/2505
deg_analysis.33082481_94.out:    Running contrast 1851/2505
deg_analysis.33082481_94.out:    Running contrast 1901/2505
deg_analysis.33082481_94.out:    Running contrast 1951/2505
deg_analysis.33082481_94.out:    Running contrast 2001/2505
deg_analysis.33082481_94.out:    Running contrast 2051/2505
deg_analysis.33082481_94.out:    Running contrast 2101/2505
deg_analysis.33082481_94.out:    Running contrast 2151/2505
deg_analysis.33082481_94.out:    Running contrast 2201/2505
deg_analysis.33082481_94.out:    Running contrast 2251/2505
deg_analysis.33082481_94.out:    Running contrast 2301/2505
deg_analysis.33082481_94.out:    Running contrast 2351/2505
deg_analysis.33082481_94.out:    Running contrast 2401/2505
deg_analysis.33082481_94.out:    Running contrast 2451/2505
deg_analysis.33082481_94.out:    Running contrast 2501/2505
deg_analysis.33082481_94.out:    Running contrast 2505/2505
deg_analysis.33082481_94.out:Contrasts are completed in 4543.5 seconds
deg_analysis.33082481_94.out:
deg_analysis.33082481_94.out:    Writing:  ./data/l1000_phase2/deg_data/sep_rep/full/qc_false/filter_min_cells_0/intermediate/CVCL_1794/CVCL_1794_batch_12_de.h5ad
deg_analysis.33082481_94.out:
deg_analysis.33082481_94.out:    Rewriting h5ad file: ./data/l1000_phase2/deg_data/sep_rep/full/qc_false/filter_min_cells_0/intermediate/CVCL_1794/CVCL_1794_batch_12_de.h5ad
deg_analysis.33082481_94.out:    Removed X matrix
deg_analysis.33082481_94.out:    Rewriting h5ad file is done!
deg_analysis.33082481_94.out:✓ Cell line completed in 4577.2 seconds
deg_analysis.33082481_94.out:
deg_analysis.33082481_94.out:DE analysis completed!
deg_analysis.33082481_94.out:
deg_analysis.33082481_94.out:Total runtime: 4630.8 seconds
deg_analysis.33082485_95.out:
deg_analysis.33082485_95.out:DE analysis started...
deg_analysis.33082485_95.out:Loaded input file:  ./data/l1000_phase2/pseudobulk_processed/sep_rep/by_celltype/CVCL_1794/CVCL_1794_processed_batch_1.h5ad
deg_analysis.33082485_95.out:Initial dimensions:  4175  samples ×  978  genes
deg_analysis.33082485_95.out:Filter samples with the low number of cells
deg_analysis.33082485_95.out:    Filter threshold (min_cells):  0
deg_analysis.33082485_95.out:    Found  4175  samples with sentinel value (-666), keeping all
deg_analysis.33082485_95.out:    n_obs:  4175 -->  4175
deg_analysis.33082485_95.out:
deg_analysis.33082485_95.out:▶︎ Processing cell_type:  CVCL_1794
deg_analysis.33082485_95.out:    Filter controls by  pert_time_h  column
deg_analysis.33082485_95.out:        n_obs:  4175 -->  4175
deg_analysis.33082485_95.out:
deg_analysis.33082485_95.out:    Constructing design matrix...
deg_analysis.33082485_95.out:    Design matrix is constructed in 0.5 seconds
deg_analysis.33082485_95.out:    Design matrix dimensions: 4175 samples × 2599 coefficients
deg_analysis.33082485_95.out:    Skipping filtering and normalization (dataset is already normalized)
deg_analysis.33082485_95.out:    Skipping voom transformation (dataset is already normalized)
deg_analysis.33082485_95.out:    Using as.matrix() directly for lmFit (data assumed to be normalized and log-transformed)...
deg_analysis.33082485_95.out:    as.matrix() prepared in 0.0 seconds
deg_analysis.33082485_95.out:    Running lmFit...
deg_analysis.33082485_95.out:    LmFit is completed in 17.0 seconds
deg_analysis.33082485_95.out:DGE fit is completed in 18.3 seconds
deg_analysis.33082485_95.out:    Running contrasts...
deg_analysis.33082485_95.out:    Running contrast 1/2515
deg_analysis.33082485_95.out:    Running contrast 51/2515
deg_analysis.33082485_95.out:    Running contrast 101/2515
deg_analysis.33082485_95.out:    Running contrast 151/2515
deg_analysis.33082485_95.out:    Running contrast 201/2515
deg_analysis.33082485_95.out:    Running contrast 251/2515
deg_analysis.33082485_95.out:    Running contrast 301/2515
deg_analysis.33082485_95.out:    Running contrast 351/2515
deg_analysis.33082485_95.out:    Running contrast 401/2515
deg_analysis.33082485_95.out:    Running contrast 451/2515
deg_analysis.33082485_95.out:    Running contrast 501/2515
deg_analysis.33082485_95.out:    Running contrast 551/2515
deg_analysis.33082485_95.out:    Running contrast 601/2515
deg_analysis.33082485_95.out:    Running contrast 651/2515
deg_analysis.33082485_95.out:    Running contrast 701/2515
deg_analysis.33082485_95.out:    Running contrast 751/2515
deg_analysis.33082485_95.out:    Running contrast 801/2515
deg_analysis.33082485_95.out:    Running contrast 851/2515
deg_analysis.33082485_95.out:    Running contrast 901/2515
deg_analysis.33082485_95.out:    Running contrast 951/2515
deg_analysis.33082485_95.out:    Running contrast 1001/2515
deg_analysis.33082485_95.out:    Running contrast 1051/2515
deg_analysis.33082485_95.out:    Running contrast 1101/2515
deg_analysis.33082485_95.out:    Running contrast 1151/2515
deg_analysis.33082485_95.out:    Running contrast 1201/2515
deg_analysis.33082485_95.out:    Running contrast 1251/2515
deg_analysis.33082485_95.out:    Running contrast 1301/2515
deg_analysis.33082485_95.out:    Running contrast 1351/2515
deg_analysis.33082485_95.out:    Running contrast 1401/2515
deg_analysis.33082485_95.out:    Running contrast 1451/2515
deg_analysis.33082485_95.out:    Running contrast 1501/2515
deg_analysis.33082485_95.out:    Running contrast 1551/2515
deg_analysis.33082485_95.out:    Running contrast 1601/2515
deg_analysis.33082485_95.out:    Running contrast 1651/2515
deg_analysis.33082485_95.out:    Running contrast 1701/2515
deg_analysis.33082485_95.out:    Running contrast 1751/2515
deg_analysis.33082485_95.out:    Running contrast 1801/2515
deg_analysis.33082485_95.out:    Running contrast 1851/2515
deg_analysis.33082485_95.out:    Running contrast 1901/2515
deg_analysis.33082485_95.out:    Running contrast 1951/2515
deg_analysis.33082485_95.out:    Running contrast 2001/2515
deg_analysis.33082485_95.out:    Running contrast 2051/2515
deg_analysis.33082485_95.out:    Running contrast 2101/2515
deg_analysis.33082485_95.out:    Running contrast 2151/2515
deg_analysis.33082485_95.out:    Running contrast 2201/2515
deg_analysis.33082485_95.out:    Running contrast 2251/2515
deg_analysis.33082485_95.out:    Running contrast 2301/2515
deg_analysis.33082485_95.out:    Running contrast 2351/2515
deg_analysis.33082485_95.out:    Running contrast 2401/2515
deg_analysis.33082485_95.out:    Running contrast 2451/2515
deg_analysis.33082485_95.out:    Running contrast 2501/2515
deg_analysis.33082485_95.out:    Running contrast 2515/2515
deg_analysis.33082485_95.out:Contrasts are completed in 4383.3 seconds
deg_analysis.33082485_95.out:
deg_analysis.33082485_95.out:    Writing:  ./data/l1000_phase2/deg_data/sep_rep/full/qc_false/filter_min_cells_0/intermediate/CVCL_1794/CVCL_1794_batch_1_de.h5ad
deg_analysis.33082485_95.out:
deg_analysis.33082485_95.out:    Rewriting h5ad file: ./data/l1000_phase2/deg_data/sep_rep/full/qc_false/filter_min_cells_0/intermediate/CVCL_1794/CVCL_1794_batch_1_de.h5ad
deg_analysis.33082485_95.out:    Removed X matrix
deg_analysis.33082485_95.out:    Rewriting h5ad file is done!
deg_analysis.33082485_95.out:✓ Cell line completed in 4415.1 seconds
deg_analysis.33082485_95.out:
deg_analysis.33082485_95.out:DE analysis completed!
deg_analysis.33082485_95.out:
deg_analysis.33082485_95.out:Total runtime: 4468.7 seconds
deg_analysis.33082498_96.out:
deg_analysis.33082498_96.out:DE analysis started...
deg_analysis.33082498_96.out:Loaded input file:  ./data/l1000_phase2/pseudobulk_processed/sep_rep/by_celltype/CVCL_1794/CVCL_1794_processed_batch_2.h5ad
deg_analysis.33082498_96.out:Initial dimensions:  4166  samples ×  978  genes
deg_analysis.33082498_96.out:Filter samples with the low number of cells
deg_analysis.33082498_96.out:    Filter threshold (min_cells):  0
deg_analysis.33082498_96.out:    Found  4166  samples with sentinel value (-666), keeping all
deg_analysis.33082498_96.out:    n_obs:  4166 -->  4166
deg_analysis.33082498_96.out:
deg_analysis.33082498_96.out:▶︎ Processing cell_type:  CVCL_1794
deg_analysis.33082498_96.out:    Filter controls by  pert_time_h  column
deg_analysis.33082498_96.out:        n_obs:  4166 -->  4166
deg_analysis.33082498_96.out:
deg_analysis.33082498_96.out:    Constructing design matrix...
deg_analysis.33082498_96.out:    Design matrix is constructed in 0.3 seconds
deg_analysis.33082498_96.out:    Design matrix dimensions: 4166 samples × 2590 coefficients
deg_analysis.33082498_96.out:    Skipping filtering and normalization (dataset is already normalized)
deg_analysis.33082498_96.out:    Skipping voom transformation (dataset is already normalized)
deg_analysis.33082498_96.out:    Using as.matrix() directly for lmFit (data assumed to be normalized and log-transformed)...
deg_analysis.33082498_96.out:    as.matrix() prepared in 0.0 seconds
deg_analysis.33082498_96.out:    Running lmFit...
deg_analysis.33082498_96.out:    LmFit is completed in 15.3 seconds
deg_analysis.33082498_96.out:DGE fit is completed in 16.2 seconds
deg_analysis.33082498_96.out:    Running contrasts...
deg_analysis.33082498_96.out:    Running contrast 1/2506
deg_analysis.33082498_96.out:    Running contrast 51/2506
deg_analysis.33082498_96.out:    Running contrast 101/2506
deg_analysis.33082498_96.out:    Running contrast 151/2506
deg_analysis.33082498_96.out:    Running contrast 201/2506
deg_analysis.33082498_96.out:    Running contrast 251/2506
deg_analysis.33082498_96.out:    Running contrast 301/2506
deg_analysis.33082498_96.out:    Running contrast 351/2506
deg_analysis.33082498_96.out:    Running contrast 401/2506
deg_analysis.33082498_96.out:    Running contrast 451/2506
deg_analysis.33082498_96.out:    Running contrast 501/2506
deg_analysis.33082498_96.out:    Running contrast 551/2506
deg_analysis.33082498_96.out:    Running contrast 601/2506
deg_analysis.33082498_96.out:    Running contrast 651/2506
deg_analysis.33082498_96.out:    Running contrast 701/2506
deg_analysis.33082498_96.out:    Running contrast 751/2506
deg_analysis.33082498_96.out:    Running contrast 801/2506
deg_analysis.33082498_96.out:    Running contrast 851/2506
deg_analysis.33082498_96.out:    Running contrast 901/2506
deg_analysis.33082498_96.out:    Running contrast 951/2506
deg_analysis.33082498_96.out:    Running contrast 1001/2506
deg_analysis.33082498_96.out:    Running contrast 1051/2506
deg_analysis.33082498_96.out:    Running contrast 1101/2506
deg_analysis.33082498_96.out:    Running contrast 1151/2506
deg_analysis.33082498_96.out:    Running contrast 1201/2506
deg_analysis.33082498_96.out:    Running contrast 1251/2506
deg_analysis.33082498_96.out:    Running contrast 1301/2506
deg_analysis.33082498_96.out:    Running contrast 1351/2506
deg_analysis.33082498_96.out:    Running contrast 1401/2506
deg_analysis.33082498_96.out:    Running contrast 1451/2506
deg_analysis.33082498_96.out:    Running contrast 1501/2506
deg_analysis.33082498_96.out:    Running contrast 1551/2506
deg_analysis.33082498_96.out:    Running contrast 1601/2506
deg_analysis.33082498_96.out:    Running contrast 1651/2506
deg_analysis.33082498_96.out:    Running contrast 1701/2506
deg_analysis.33082498_96.out:    Running contrast 1751/2506
deg_analysis.33082498_96.out:    Running contrast 1801/2506
deg_analysis.33082498_96.out:    Running contrast 1851/2506
deg_analysis.33082498_96.out:    Running contrast 1901/2506
deg_analysis.33082498_96.out:    Running contrast 1951/2506
deg_analysis.33082498_96.out:    Running contrast 2001/2506
deg_analysis.33082498_96.out:    Running contrast 2051/2506
deg_analysis.33082498_96.out:    Running contrast 2101/2506
deg_analysis.33082498_96.out:    Running contrast 2151/2506
deg_analysis.33082498_96.out:    Running contrast 2201/2506
deg_analysis.33082498_96.out:    Running contrast 2251/2506
deg_analysis.33082498_96.out:    Running contrast 2301/2506
deg_analysis.33082498_96.out:    Running contrast 2351/2506
deg_analysis.33082498_96.out:    Running contrast 2401/2506
deg_analysis.33082498_96.out:    Running contrast 2451/2506
deg_analysis.33082498_96.out:    Running contrast 2501/2506
deg_analysis.33082498_96.out:    Running contrast 2506/2506
deg_analysis.33082498_96.out:Contrasts are completed in 4869.0 seconds
deg_analysis.33082498_96.out:
deg_analysis.33082498_96.out:    Writing:  ./data/l1000_phase2/deg_data/sep_rep/full/qc_false/filter_min_cells_0/intermediate/CVCL_1794/CVCL_1794_batch_2_de.h5ad
deg_analysis.33082498_96.out:
deg_analysis.33082498_96.out:    Rewriting h5ad file: ./data/l1000_phase2/deg_data/sep_rep/full/qc_false/filter_min_cells_0/intermediate/CVCL_1794/CVCL_1794_batch_2_de.h5ad
deg_analysis.33082498_96.out:    Removed X matrix
deg_analysis.33082498_96.out:    Rewriting h5ad file is done!
deg_analysis.33082498_96.out:✓ Cell line completed in 4898.9 seconds
deg_analysis.33082498_96.out:
deg_analysis.33082498_96.out:DE analysis completed!
deg_analysis.33082498_96.out:
deg_analysis.33082498_96.out:Total runtime: 4908.0 seconds
deg_analysis.33082508_97.out:
deg_analysis.33082508_97.out:DE analysis started...
deg_analysis.33082508_97.out:Loaded input file:  ./data/l1000_phase2/pseudobulk_processed/sep_rep/by_celltype/CVCL_1794/CVCL_1794_processed_batch_3.h5ad
deg_analysis.33082508_97.out:Initial dimensions:  4172  samples ×  978  genes
deg_analysis.33082508_97.out:Filter samples with the low number of cells
deg_analysis.33082508_97.out:    Filter threshold (min_cells):  0
deg_analysis.33082508_97.out:    Found  4172  samples with sentinel value (-666), keeping all
deg_analysis.33082508_97.out:    n_obs:  4172 -->  4172
deg_analysis.33082508_97.out:
deg_analysis.33082508_97.out:▶︎ Processing cell_type:  CVCL_1794
deg_analysis.33082508_97.out:    Filter controls by  pert_time_h  column
deg_analysis.33082508_97.out:        n_obs:  4172 -->  4172
deg_analysis.33082508_97.out:
deg_analysis.33082508_97.out:    Constructing design matrix...
deg_analysis.33082508_97.out:    Design matrix is constructed in 0.3 seconds
deg_analysis.33082508_97.out:    Design matrix dimensions: 4172 samples × 2596 coefficients
deg_analysis.33082508_97.out:    Skipping filtering and normalization (dataset is already normalized)
deg_analysis.33082508_97.out:    Skipping voom transformation (dataset is already normalized)
deg_analysis.33082508_97.out:    Using as.matrix() directly for lmFit (data assumed to be normalized and log-transformed)...
deg_analysis.33082508_97.out:    as.matrix() prepared in 0.0 seconds
deg_analysis.33082508_97.out:    Running lmFit...
deg_analysis.33082508_97.out:    LmFit is completed in 16.5 seconds
deg_analysis.33082508_97.out:DGE fit is completed in 17.4 seconds
deg_analysis.33082508_97.out:    Running contrasts...
deg_analysis.33082508_97.out:    Running contrast 1/2512
deg_analysis.33082508_97.out:    Running contrast 51/2512
deg_analysis.33082508_97.out:    Running contrast 101/2512
deg_analysis.33082508_97.out:    Running contrast 151/2512
deg_analysis.33082508_97.out:    Running contrast 201/2512
deg_analysis.33082508_97.out:    Running contrast 251/2512
deg_analysis.33082508_97.out:    Running contrast 301/2512
deg_analysis.33082508_97.out:    Running contrast 351/2512
deg_analysis.33082508_97.out:    Running contrast 401/2512
deg_analysis.33082508_97.out:    Running contrast 451/2512
deg_analysis.33082508_97.out:    Running contrast 501/2512
deg_analysis.33082508_97.out:    Running contrast 551/2512
deg_analysis.33082508_97.out:    Running contrast 601/2512
deg_analysis.33082508_97.out:    Running contrast 651/2512
deg_analysis.33082508_97.out:    Running contrast 701/2512
deg_analysis.33082508_97.out:    Running contrast 751/2512
deg_analysis.33082508_97.out:    Running contrast 801/2512
deg_analysis.33082508_97.out:    Running contrast 851/2512
deg_analysis.33082508_97.out:    Running contrast 901/2512
deg_analysis.33082508_97.out:    Running contrast 951/2512
deg_analysis.33082508_97.out:    Running contrast 1001/2512
deg_analysis.33082508_97.out:    Running contrast 1051/2512
deg_analysis.33082508_97.out:    Running contrast 1101/2512
deg_analysis.33082508_97.out:    Running contrast 1151/2512
deg_analysis.33082508_97.out:    Running contrast 1201/2512
deg_analysis.33082508_97.out:    Running contrast 1251/2512
deg_analysis.33082508_97.out:    Running contrast 1301/2512
deg_analysis.33082508_97.out:    Running contrast 1351/2512
deg_analysis.33082508_97.out:    Running contrast 1401/2512
deg_analysis.33082508_97.out:    Running contrast 1451/2512
deg_analysis.33082508_97.out:    Running contrast 1501/2512
deg_analysis.33082508_97.out:    Running contrast 1551/2512
deg_analysis.33082508_97.out:    Running contrast 1601/2512
deg_analysis.33082508_97.out:    Running contrast 1651/2512
deg_analysis.33082508_97.out:    Running contrast 1701/2512
deg_analysis.33082508_97.out:    Running contrast 1751/2512
deg_analysis.33082508_97.out:    Running contrast 1801/2512
deg_analysis.33082508_97.out:    Running contrast 1851/2512
deg_analysis.33082508_97.out:    Running contrast 1901/2512
deg_analysis.33082508_97.out:    Running contrast 1951/2512
deg_analysis.33082508_97.out:    Running contrast 2001/2512
deg_analysis.33082508_97.out:    Running contrast 2051/2512
deg_analysis.33082508_97.out:    Running contrast 2101/2512
deg_analysis.33082508_97.out:    Running contrast 2151/2512
deg_analysis.33082508_97.out:    Running contrast 2201/2512
deg_analysis.33082508_97.out:    Running contrast 2251/2512
deg_analysis.33082508_97.out:    Running contrast 2301/2512
deg_analysis.33082508_97.out:    Running contrast 2351/2512
deg_analysis.33082508_97.out:    Running contrast 2401/2512
deg_analysis.33082508_97.out:    Running contrast 2451/2512
deg_analysis.33082508_97.out:    Running contrast 2501/2512
deg_analysis.33082508_97.out:    Running contrast 2512/2512
deg_analysis.33082508_97.out:Contrasts are completed in 4904.9 seconds
deg_analysis.33082508_97.out:
deg_analysis.33082508_97.out:    Writing:  ./data/l1000_phase2/deg_data/sep_rep/full/qc_false/filter_min_cells_0/intermediate/CVCL_1794/CVCL_1794_batch_3_de.h5ad
deg_analysis.33082508_97.out:
deg_analysis.33082508_97.out:    Rewriting h5ad file: ./data/l1000_phase2/deg_data/sep_rep/full/qc_false/filter_min_cells_0/intermediate/CVCL_1794/CVCL_1794_batch_3_de.h5ad
deg_analysis.33082508_97.out:    Removed X matrix
deg_analysis.33082508_97.out:    Rewriting h5ad file is done!
deg_analysis.33082508_97.out:✓ Cell line completed in 4936.5 seconds
deg_analysis.33082508_97.out:
deg_analysis.33082508_97.out:DE analysis completed!
deg_analysis.33082508_97.out:
deg_analysis.33082508_97.out:Total runtime: 4946.2 seconds
deg_analysis.33082511_98.out:
deg_analysis.33082511_98.out:DE analysis started...
deg_analysis.33082511_98.out:Loaded input file:  ./data/l1000_phase2/pseudobulk_processed/sep_rep/by_celltype/CVCL_1794/CVCL_1794_processed_batch_4.h5ad
deg_analysis.33082511_98.out:Initial dimensions:  4164  samples ×  978  genes
deg_analysis.33082511_98.out:Filter samples with the low number of cells
deg_analysis.33082511_98.out:    Filter threshold (min_cells):  0
deg_analysis.33082511_98.out:    Found  4164  samples with sentinel value (-666), keeping all
deg_analysis.33082511_98.out:    n_obs:  4164 -->  4164
deg_analysis.33082511_98.out:
deg_analysis.33082511_98.out:▶︎ Processing cell_type:  CVCL_1794
deg_analysis.33082511_98.out:    Filter controls by  pert_time_h  column
deg_analysis.33082511_98.out:        n_obs:  4164 -->  4164
deg_analysis.33082511_98.out:
deg_analysis.33082511_98.out:    Constructing design matrix...
deg_analysis.33082511_98.out:    Design matrix is constructed in 0.4 seconds
deg_analysis.33082511_98.out:    Design matrix dimensions: 4164 samples × 2588 coefficients
deg_analysis.33082511_98.out:    Skipping filtering and normalization (dataset is already normalized)
deg_analysis.33082511_98.out:    Skipping voom transformation (dataset is already normalized)
deg_analysis.33082511_98.out:    Using as.matrix() directly for lmFit (data assumed to be normalized and log-transformed)...
deg_analysis.33082511_98.out:    as.matrix() prepared in 0.0 seconds
deg_analysis.33082511_98.out:    Running lmFit...
deg_analysis.33082511_98.out:    LmFit is completed in 22.2 seconds
deg_analysis.33082511_98.out:DGE fit is completed in 23.5 seconds
deg_analysis.33082511_98.out:    Running contrasts...
deg_analysis.33082511_98.out:    Running contrast 1/2504
deg_analysis.33082511_98.out:    Running contrast 51/2504
deg_analysis.33082511_98.out:    Running contrast 101/2504
deg_analysis.33082511_98.out:    Running contrast 151/2504
deg_analysis.33082511_98.out:    Running contrast 201/2504
deg_analysis.33082511_98.out:    Running contrast 251/2504
deg_analysis.33082511_98.out:    Running contrast 301/2504
deg_analysis.33082511_98.out:    Running contrast 351/2504
deg_analysis.33082511_98.out:    Running contrast 401/2504
deg_analysis.33082511_98.out:    Running contrast 451/2504
deg_analysis.33082511_98.out:    Running contrast 501/2504
deg_analysis.33082511_98.out:    Running contrast 551/2504
deg_analysis.33082511_98.out:    Running contrast 601/2504
deg_analysis.33082511_98.out:    Running contrast 651/2504
deg_analysis.33082511_98.out:    Running contrast 701/2504
deg_analysis.33082511_98.out:    Running contrast 751/2504
deg_analysis.33082511_98.out:    Running contrast 801/2504
deg_analysis.33082511_98.out:    Running contrast 851/2504
deg_analysis.33082511_98.out:    Running contrast 901/2504
deg_analysis.33082511_98.out:    Running contrast 951/2504
deg_analysis.33082511_98.out:    Running contrast 1001/2504
deg_analysis.33082511_98.out:    Running contrast 1051/2504
deg_analysis.33082511_98.out:    Running contrast 1101/2504
deg_analysis.33082511_98.out:    Running contrast 1151/2504
deg_analysis.33082511_98.out:    Running contrast 1201/2504
deg_analysis.33082511_98.out:    Running contrast 1251/2504
deg_analysis.33082511_98.out:    Running contrast 1301/2504
deg_analysis.33082511_98.out:    Running contrast 1351/2504
deg_analysis.33082511_98.out:    Running contrast 1401/2504
deg_analysis.33082511_98.out:    Running contrast 1451/2504
deg_analysis.33082511_98.out:    Running contrast 1501/2504
deg_analysis.33082511_98.out:    Running contrast 1551/2504
deg_analysis.33082511_98.out:    Running contrast 1601/2504
deg_analysis.33082511_98.out:    Running contrast 1651/2504
deg_analysis.33082511_98.out:    Running contrast 1701/2504
deg_analysis.33082511_98.out:    Running contrast 1751/2504
deg_analysis.33082511_98.out:    Running contrast 1801/2504
deg_analysis.33082511_98.out:    Running contrast 1851/2504
deg_analysis.33082511_98.out:    Running contrast 1901/2504
deg_analysis.33082511_98.out:    Running contrast 1951/2504
deg_analysis.33082511_98.out:    Running contrast 2001/2504
deg_analysis.33082511_98.out:    Running contrast 2051/2504
deg_analysis.33082511_98.out:    Running contrast 2101/2504
deg_analysis.33082511_98.out:    Running contrast 2151/2504
deg_analysis.33082511_98.out:    Running contrast 2201/2504
deg_analysis.33082511_98.out:    Running contrast 2251/2504
deg_analysis.33082511_98.out:    Running contrast 2301/2504
deg_analysis.33082511_98.out:    Running contrast 2351/2504
deg_analysis.33082511_98.out:    Running contrast 2401/2504
deg_analysis.33082511_98.out:    Running contrast 2451/2504
deg_analysis.33082511_98.out:    Running contrast 2501/2504
deg_analysis.33082511_98.out:    Running contrast 2504/2504
deg_analysis.33082511_98.out:Contrasts are completed in 4871.0 seconds
deg_analysis.33082511_98.out:
deg_analysis.33082511_98.out:    Writing:  ./data/l1000_phase2/deg_data/sep_rep/full/qc_false/filter_min_cells_0/intermediate/CVCL_1794/CVCL_1794_batch_4_de.h5ad
deg_analysis.33082511_98.out:
deg_analysis.33082511_98.out:    Rewriting h5ad file: ./data/l1000_phase2/deg_data/sep_rep/full/qc_false/filter_min_cells_0/intermediate/CVCL_1794/CVCL_1794_batch_4_de.h5ad
deg_analysis.33082511_98.out:    Removed X matrix
deg_analysis.33082511_98.out:    Rewriting h5ad file is done!
deg_analysis.33082511_98.out:✓ Cell line completed in 4907.7 seconds
deg_analysis.33082511_98.out:
deg_analysis.33082511_98.out:DE analysis completed!
deg_analysis.33082511_98.out:
deg_analysis.33082511_98.out:Total runtime: 4918.8 seconds
deg_analysis.33082514_99.out:
deg_analysis.33082514_99.out:DE analysis started...
deg_analysis.33082514_99.out:Loaded input file:  ./data/l1000_phase2/pseudobulk_processed/sep_rep/by_celltype/CVCL_1794/CVCL_1794_processed_batch_5.h5ad
deg_analysis.33082514_99.out:Initial dimensions:  4164  samples ×  978  genes
deg_analysis.33082514_99.out:Filter samples with the low number of cells
deg_analysis.33082514_99.out:    Filter threshold (min_cells):  0
deg_analysis.33082514_99.out:    Found  4164  samples with sentinel value (-666), keeping all
deg_analysis.33082514_99.out:    n_obs:  4164 -->  4164
deg_analysis.33082514_99.out:
deg_analysis.33082514_99.out:▶︎ Processing cell_type:  CVCL_1794
deg_analysis.33082514_99.out:    Filter controls by  pert_time_h  column
deg_analysis.33082514_99.out:        n_obs:  4164 -->  4164
deg_analysis.33082514_99.out:
deg_analysis.33082514_99.out:    Constructing design matrix...
deg_analysis.33082514_99.out:    Design matrix is constructed in 0.4 seconds
deg_analysis.33082514_99.out:    Design matrix dimensions: 4164 samples × 2588 coefficients
deg_analysis.33082514_99.out:    Skipping filtering and normalization (dataset is already normalized)
deg_analysis.33082514_99.out:    Skipping voom transformation (dataset is already normalized)
deg_analysis.33082514_99.out:    Using as.matrix() directly for lmFit (data assumed to be normalized and log-transformed)...
deg_analysis.33082514_99.out:    as.matrix() prepared in 0.0 seconds
deg_analysis.33082514_99.out:    Running lmFit...
deg_analysis.33082514_99.out:    LmFit is completed in 16.7 seconds
deg_analysis.33082514_99.out:DGE fit is completed in 17.8 seconds
deg_analysis.33082514_99.out:    Running contrasts...
deg_analysis.33082514_99.out:    Running contrast 1/2504
deg_analysis.33082514_99.out:    Running contrast 51/2504
deg_analysis.33082514_99.out:    Running contrast 101/2504
deg_analysis.33082514_99.out:    Running contrast 151/2504
deg_analysis.33082514_99.out:    Running contrast 201/2504
deg_analysis.33082514_99.out:    Running contrast 251/2504
deg_analysis.33082514_99.out:    Running contrast 301/2504
deg_analysis.33082514_99.out:    Running contrast 351/2504
deg_analysis.33082514_99.out:    Running contrast 401/2504
deg_analysis.33082514_99.out:    Running contrast 451/2504
deg_analysis.33082514_99.out:    Running contrast 501/2504
deg_analysis.33082514_99.out:    Running contrast 551/2504
deg_analysis.33082514_99.out:    Running contrast 601/2504
deg_analysis.33082514_99.out:    Running contrast 651/2504
deg_analysis.33082514_99.out:    Running contrast 701/2504
deg_analysis.33082514_99.out:    Running contrast 751/2504
deg_analysis.33082514_99.out:    Running contrast 801/2504
deg_analysis.33082514_99.out:    Running contrast 851/2504
deg_analysis.33082514_99.out:    Running contrast 901/2504
deg_analysis.33082514_99.out:    Running contrast 951/2504
deg_analysis.33082514_99.out:    Running contrast 1001/2504
deg_analysis.33082514_99.out:    Running contrast 1051/2504
deg_analysis.33082514_99.out:    Running contrast 1101/2504
deg_analysis.33082514_99.out:    Running contrast 1151/2504
deg_analysis.33082514_99.out:    Running contrast 1201/2504
deg_analysis.33082514_99.out:    Running contrast 1251/2504
deg_analysis.33082514_99.out:    Running contrast 1301/2504
deg_analysis.33082514_99.out:    Running contrast 1351/2504
deg_analysis.33082514_99.out:    Running contrast 1401/2504
deg_analysis.33082514_99.out:    Running contrast 1451/2504
deg_analysis.33082514_99.out:    Running contrast 1501/2504
deg_analysis.33082514_99.out:    Running contrast 1551/2504
deg_analysis.33082514_99.out:    Running contrast 1601/2504
deg_analysis.33082514_99.out:    Running contrast 1651/2504
deg_analysis.33082514_99.out:    Running contrast 1701/2504
deg_analysis.33082514_99.out:    Running contrast 1751/2504
deg_analysis.33082514_99.out:    Running contrast 1801/2504
deg_analysis.33082514_99.out:    Running contrast 1851/2504
deg_analysis.33082514_99.out:    Running contrast 1901/2504
deg_analysis.33082514_99.out:    Running contrast 1951/2504
deg_analysis.33082514_99.out:    Running contrast 2001/2504
deg_analysis.33082514_99.out:    Running contrast 2051/2504
deg_analysis.33082514_99.out:    Running contrast 2101/2504
deg_analysis.33082514_99.out:    Running contrast 2151/2504
deg_analysis.33082514_99.out:    Running contrast 2201/2504
deg_analysis.33082514_99.out:    Running contrast 2251/2504
deg_analysis.33082514_99.out:    Running contrast 2301/2504
deg_analysis.33082514_99.out:    Running contrast 2351/2504
deg_analysis.33082514_99.out:    Running contrast 2401/2504
deg_analysis.33082514_99.out:    Running contrast 2451/2504
deg_analysis.33082514_99.out:    Running contrast 2501/2504
deg_analysis.33082514_99.out:    Running contrast 2504/2504
deg_analysis.33082514_99.out:Contrasts are completed in 4262.8 seconds
deg_analysis.33082514_99.out:
deg_analysis.33082514_99.out:    Writing:  ./data/l1000_phase2/deg_data/sep_rep/full/qc_false/filter_min_cells_0/intermediate/CVCL_1794/CVCL_1794_batch_5_de.h5ad
deg_analysis.33082514_99.out:
deg_analysis.33082514_99.out:    Rewriting h5ad file: ./data/l1000_phase2/deg_data/sep_rep/full/qc_false/filter_min_cells_0/intermediate/CVCL_1794/CVCL_1794_batch_5_de.h5ad
deg_analysis.33082514_99.out:    Removed X matrix
deg_analysis.33082514_99.out:    Rewriting h5ad file is done!
deg_analysis.33082514_99.out:✓ Cell line completed in 4294.2 seconds
deg_analysis.33082514_99.out:
deg_analysis.33082514_99.out:DE analysis completed!
deg_analysis.33082514_99.out:
deg_analysis.33082514_99.out:Total runtime: 4305.6 seconds
deg_analysis.33082516_100.out:
deg_analysis.33082516_100.out:DE analysis started...
deg_analysis.33082516_100.out:Loaded input file:  ./data/l1000_phase2/pseudobulk_processed/sep_rep/by_celltype/CVCL_1794/CVCL_1794_processed_batch_6.h5ad
deg_analysis.33082516_100.out:Initial dimensions:  4177  samples ×  978  genes
deg_analysis.33082516_100.out:Filter samples with the low number of cells
deg_analysis.33082516_100.out:    Filter threshold (min_cells):  0
deg_analysis.33082516_100.out:    Found  4177  samples with sentinel value (-666), keeping all
deg_analysis.33082516_100.out:    n_obs:  4177 -->  4177
deg_analysis.33082516_100.out:
deg_analysis.33082516_100.out:▶︎ Processing cell_type:  CVCL_1794
deg_analysis.33082516_100.out:    Filter controls by  pert_time_h  column
deg_analysis.33082516_100.out:        n_obs:  4177 -->  4177
deg_analysis.33082516_100.out:
deg_analysis.33082516_100.out:    Constructing design matrix...
deg_analysis.33082516_100.out:    Design matrix is constructed in 0.5 seconds
deg_analysis.33082516_100.out:    Design matrix dimensions: 4177 samples × 2601 coefficients
deg_analysis.33082516_100.out:    Skipping filtering and normalization (dataset is already normalized)
deg_analysis.33082516_100.out:    Skipping voom transformation (dataset is already normalized)
deg_analysis.33082516_100.out:    Using as.matrix() directly for lmFit (data assumed to be normalized and log-transformed)...
deg_analysis.33082516_100.out:    as.matrix() prepared in 0.0 seconds
deg_analysis.33082516_100.out:    Running lmFit...
deg_analysis.33082516_100.out:    LmFit is completed in 21.0 seconds
deg_analysis.33082516_100.out:DGE fit is completed in 22.2 seconds
deg_analysis.33082516_100.out:    Running contrasts...
deg_analysis.33082516_100.out:    Running contrast 1/2517
deg_analysis.33082516_100.out:    Running contrast 51/2517
deg_analysis.33082516_100.out:    Running contrast 101/2517
deg_analysis.33082516_100.out:    Running contrast 151/2517
deg_analysis.33082516_100.out:    Running contrast 201/2517
deg_analysis.33082516_100.out:    Running contrast 251/2517
deg_analysis.33082516_100.out:    Running contrast 301/2517
deg_analysis.33082516_100.out:    Running contrast 351/2517
deg_analysis.33082516_100.out:    Running contrast 401/2517
deg_analysis.33082516_100.out:    Running contrast 451/2517
deg_analysis.33082516_100.out:    Running contrast 501/2517
deg_analysis.33082516_100.out:    Running contrast 551/2517
deg_analysis.33082516_100.out:    Running contrast 601/2517
deg_analysis.33082516_100.out:    Running contrast 651/2517
deg_analysis.33082516_100.out:    Running contrast 701/2517
deg_analysis.33082516_100.out:    Running contrast 751/2517
deg_analysis.33082516_100.out:    Running contrast 801/2517
deg_analysis.33082516_100.out:    Running contrast 851/2517
deg_analysis.33082516_100.out:    Running contrast 901/2517
deg_analysis.33082516_100.out:    Running contrast 951/2517
deg_analysis.33082516_100.out:    Running contrast 1001/2517
deg_analysis.33082516_100.out:    Running contrast 1051/2517
deg_analysis.33082516_100.out:    Running contrast 1101/2517
deg_analysis.33082516_100.out:    Running contrast 1151/2517
deg_analysis.33082516_100.out:    Running contrast 1201/2517
deg_analysis.33082516_100.out:    Running contrast 1251/2517
deg_analysis.33082516_100.out:    Running contrast 1301/2517
deg_analysis.33082516_100.out:    Running contrast 1351/2517
deg_analysis.33082516_100.out:    Running contrast 1401/2517
deg_analysis.33082516_100.out:    Running contrast 1451/2517
deg_analysis.33082516_100.out:    Running contrast 1501/2517
deg_analysis.33082516_100.out:    Running contrast 1551/2517
deg_analysis.33082516_100.out:    Running contrast 1601/2517
deg_analysis.33082516_100.out:    Running contrast 1651/2517
deg_analysis.33082516_100.out:    Running contrast 1701/2517
deg_analysis.33082516_100.out:    Running contrast 1751/2517
deg_analysis.33082516_100.out:    Running contrast 1801/2517
deg_analysis.33082516_100.out:    Running contrast 1851/2517
deg_analysis.33082516_100.out:    Running contrast 1901/2517
deg_analysis.33082516_100.out:    Running contrast 1951/2517
deg_analysis.33082516_100.out:    Running contrast 2001/2517
deg_analysis.33082516_100.out:    Running contrast 2051/2517
deg_analysis.33082516_100.out:    Running contrast 2101/2517
deg_analysis.33082516_100.out:    Running contrast 2151/2517
deg_analysis.33082516_100.out:    Running contrast 2201/2517
deg_analysis.33082516_100.out:    Running contrast 2251/2517
deg_analysis.33082516_100.out:    Running contrast 2301/2517
deg_analysis.33082516_100.out:    Running contrast 2351/2517
deg_analysis.33082516_100.out:    Running contrast 2401/2517
deg_analysis.33082516_100.out:    Running contrast 2451/2517
deg_analysis.33082516_100.out:    Running contrast 2501/2517
deg_analysis.33082516_100.out:    Running contrast 2517/2517
deg_analysis.33082516_100.out:Contrasts are completed in 4901.3 seconds
deg_analysis.33082516_100.out:
deg_analysis.33082516_100.out:    Writing:  ./data/l1000_phase2/deg_data/sep_rep/full/qc_false/filter_min_cells_0/intermediate/CVCL_1794/CVCL_1794_batch_6_de.h5ad
deg_analysis.33082516_100.out:
deg_analysis.33082516_100.out:    Rewriting h5ad file: ./data/l1000_phase2/deg_data/sep_rep/full/qc_false/filter_min_cells_0/intermediate/CVCL_1794/CVCL_1794_batch_6_de.h5ad
deg_analysis.33082516_100.out:    Removed X matrix
deg_analysis.33082516_100.out:    Rewriting h5ad file is done!
deg_analysis.33082516_100.out:✓ Cell line completed in 4935.6 seconds
deg_analysis.33082516_100.out:
deg_analysis.33082516_100.out:DE analysis completed!
deg_analysis.33082516_100.out:
deg_analysis.33082516_100.out:Total runtime: 4946.9 seconds
deg_analysis.33082537_101.out:
deg_analysis.33082537_101.out:DE analysis started...
deg_analysis.33082537_101.out:Loaded input file:  ./data/l1000_phase2/pseudobulk_processed/sep_rep/by_celltype/CVCL_1794/CVCL_1794_processed_batch_7.h5ad
deg_analysis.33082537_101.out:Initial dimensions:  4162  samples ×  978  genes
deg_analysis.33082537_101.out:Filter samples with the low number of cells
deg_analysis.33082537_101.out:    Filter threshold (min_cells):  0
deg_analysis.33082537_101.out:    Found  4162  samples with sentinel value (-666), keeping all
deg_analysis.33082537_101.out:    n_obs:  4162 -->  4162
deg_analysis.33082537_101.out:
deg_analysis.33082537_101.out:▶︎ Processing cell_type:  CVCL_1794
deg_analysis.33082537_101.out:    Filter controls by  pert_time_h  column
deg_analysis.33082537_101.out:        n_obs:  4162 -->  4162
deg_analysis.33082537_101.out:
deg_analysis.33082537_101.out:    Constructing design matrix...
deg_analysis.33082537_101.out:    Design matrix is constructed in 0.4 seconds
deg_analysis.33082537_101.out:    Design matrix dimensions: 4162 samples × 2586 coefficients
deg_analysis.33082537_101.out:    Skipping filtering and normalization (dataset is already normalized)
deg_analysis.33082537_101.out:    Skipping voom transformation (dataset is already normalized)
deg_analysis.33082537_101.out:    Using as.matrix() directly for lmFit (data assumed to be normalized and log-transformed)...
deg_analysis.33082537_101.out:    as.matrix() prepared in 0.0 seconds
deg_analysis.33082537_101.out:    Running lmFit...
deg_analysis.33082537_101.out:    LmFit is completed in 15.9 seconds
deg_analysis.33082537_101.out:DGE fit is completed in 17.0 seconds
deg_analysis.33082537_101.out:    Running contrasts...
deg_analysis.33082537_101.out:    Running contrast 1/2502
deg_analysis.33082537_101.out:    Running contrast 51/2502
deg_analysis.33082537_101.out:    Running contrast 101/2502
deg_analysis.33082537_101.out:    Running contrast 151/2502
deg_analysis.33082537_101.out:    Running contrast 201/2502
deg_analysis.33082537_101.out:    Running contrast 251/2502
deg_analysis.33082537_101.out:    Running contrast 301/2502
deg_analysis.33082537_101.out:    Running contrast 351/2502
deg_analysis.33082537_101.out:    Running contrast 401/2502
deg_analysis.33082537_101.out:    Running contrast 451/2502
deg_analysis.33082537_101.out:    Running contrast 501/2502
deg_analysis.33082537_101.out:    Running contrast 551/2502
deg_analysis.33082537_101.out:    Running contrast 601/2502
deg_analysis.33082537_101.out:    Running contrast 651/2502
deg_analysis.33082537_101.out:    Running contrast 701/2502
deg_analysis.33082537_101.out:    Running contrast 751/2502
deg_analysis.33082537_101.out:    Running contrast 801/2502
deg_analysis.33082537_101.out:    Running contrast 851/2502
deg_analysis.33082537_101.out:    Running contrast 901/2502
deg_analysis.33082537_101.out:    Running contrast 951/2502
deg_analysis.33082537_101.out:    Running contrast 1001/2502
deg_analysis.33082537_101.out:    Running contrast 1051/2502
deg_analysis.33082537_101.out:    Running contrast 1101/2502
deg_analysis.33082537_101.out:    Running contrast 1151/2502
deg_analysis.33082537_101.out:    Running contrast 1201/2502
deg_analysis.33082537_101.out:    Running contrast 1251/2502
deg_analysis.33082537_101.out:    Running contrast 1301/2502
deg_analysis.33082537_101.out:    Running contrast 1351/2502
deg_analysis.33082537_101.out:    Running contrast 1401/2502
deg_analysis.33082537_101.out:    Running contrast 1451/2502
deg_analysis.33082537_101.out:    Running contrast 1501/2502
deg_analysis.33082537_101.out:    Running contrast 1551/2502
deg_analysis.33082537_101.out:    Running contrast 1601/2502
deg_analysis.33082537_101.out:    Running contrast 1651/2502
deg_analysis.33082537_101.out:    Running contrast 1701/2502
deg_analysis.33082537_101.out:    Running contrast 1751/2502
deg_analysis.33082537_101.out:    Running contrast 1801/2502
deg_analysis.33082537_101.out:    Running contrast 1851/2502
deg_analysis.33082537_101.out:    Running contrast 1901/2502
deg_analysis.33082537_101.out:    Running contrast 1951/2502
deg_analysis.33082537_101.out:    Running contrast 2001/2502
deg_analysis.33082537_101.out:    Running contrast 2051/2502
deg_analysis.33082537_101.out:    Running contrast 2101/2502
deg_analysis.33082537_101.out:    Running contrast 2151/2502
deg_analysis.33082537_101.out:    Running contrast 2201/2502
deg_analysis.33082537_101.out:    Running contrast 2251/2502
deg_analysis.33082537_101.out:    Running contrast 2301/2502
deg_analysis.33082537_101.out:    Running contrast 2351/2502
deg_analysis.33082537_101.out:    Running contrast 2401/2502
deg_analysis.33082537_101.out:    Running contrast 2451/2502
deg_analysis.33082537_101.out:    Running contrast 2501/2502
deg_analysis.33082537_101.out:    Running contrast 2502/2502
deg_analysis.33082537_101.out:Contrasts are completed in 4274.5 seconds
deg_analysis.33082537_101.out:
deg_analysis.33082537_101.out:    Writing:  ./data/l1000_phase2/deg_data/sep_rep/full/qc_false/filter_min_cells_0/intermediate/CVCL_1794/CVCL_1794_batch_7_de.h5ad
deg_analysis.33082537_101.out:
deg_analysis.33082537_101.out:    Rewriting h5ad file: ./data/l1000_phase2/deg_data/sep_rep/full/qc_false/filter_min_cells_0/intermediate/CVCL_1794/CVCL_1794_batch_7_de.h5ad
deg_analysis.33082537_101.out:    Removed X matrix
deg_analysis.33082537_101.out:    Rewriting h5ad file is done!
deg_analysis.33082537_101.out:✓ Cell line completed in 4305.0 seconds
deg_analysis.33082537_101.out:
deg_analysis.33082537_101.out:DE analysis completed!
deg_analysis.33082537_101.out:
deg_analysis.33082537_101.out:Total runtime: 4314.4 seconds
deg_analysis.33082695_102.out:
deg_analysis.33082695_102.out:DE analysis started...
deg_analysis.33082695_102.out:Loaded input file:  ./data/l1000_phase2/pseudobulk_processed/sep_rep/by_celltype/CVCL_1794/CVCL_1794_processed_batch_8.h5ad
deg_analysis.33082695_102.out:Initial dimensions:  4166  samples ×  978  genes
deg_analysis.33082695_102.out:Filter samples with the low number of cells
deg_analysis.33082695_102.out:    Filter threshold (min_cells):  0
deg_analysis.33082695_102.out:    Found  4166  samples with sentinel value (-666), keeping all
deg_analysis.33082695_102.out:    n_obs:  4166 -->  4166
deg_analysis.33082695_102.out:
deg_analysis.33082695_102.out:▶︎ Processing cell_type:  CVCL_1794
deg_analysis.33082695_102.out:    Filter controls by  pert_time_h  column
deg_analysis.33082695_102.out:        n_obs:  4166 -->  4166
deg_analysis.33082695_102.out:
deg_analysis.33082695_102.out:    Constructing design matrix...
deg_analysis.33082695_102.out:    Design matrix is constructed in 0.5 seconds
deg_analysis.33082695_102.out:    Design matrix dimensions: 4166 samples × 2590 coefficients
deg_analysis.33082695_102.out:    Skipping filtering and normalization (dataset is already normalized)
deg_analysis.33082695_102.out:    Skipping voom transformation (dataset is already normalized)
deg_analysis.33082695_102.out:    Using as.matrix() directly for lmFit (data assumed to be normalized and log-transformed)...
deg_analysis.33082695_102.out:    as.matrix() prepared in 0.0 seconds
deg_analysis.33082695_102.out:    Running lmFit...
deg_analysis.33082695_102.out:    LmFit is completed in 42.0 seconds
deg_analysis.33082695_102.out:DGE fit is completed in 43.7 seconds
deg_analysis.33082695_102.out:    Running contrasts...
deg_analysis.33082695_102.out:    Running contrast 1/2506
deg_analysis.33082695_102.out:    Running contrast 51/2506
deg_analysis.33082695_102.out:    Running contrast 101/2506
deg_analysis.33082695_102.out:    Running contrast 151/2506
deg_analysis.33082695_102.out:    Running contrast 201/2506
deg_analysis.33082695_102.out:    Running contrast 251/2506
deg_analysis.33082695_102.out:    Running contrast 301/2506
deg_analysis.33082695_102.out:    Running contrast 351/2506
deg_analysis.33082695_102.out:    Running contrast 401/2506
deg_analysis.33082695_102.out:    Running contrast 451/2506
deg_analysis.33082695_102.out:    Running contrast 501/2506
deg_analysis.33082695_102.out:    Running contrast 551/2506
deg_analysis.33082695_102.out:    Running contrast 601/2506
deg_analysis.33082695_102.out:    Running contrast 651/2506
deg_analysis.33082695_102.out:    Running contrast 701/2506
deg_analysis.33082695_102.out:    Running contrast 751/2506
deg_analysis.33082695_102.out:    Running contrast 801/2506
deg_analysis.33082695_102.out:    Running contrast 851/2506
deg_analysis.33082695_102.out:    Running contrast 901/2506
deg_analysis.33082695_102.out:    Running contrast 951/2506
deg_analysis.33082695_102.out:    Running contrast 1001/2506
deg_analysis.33082695_102.out:    Running contrast 1051/2506
deg_analysis.33082695_102.out:    Running contrast 1101/2506
deg_analysis.33082695_102.out:    Running contrast 1151/2506
deg_analysis.33082695_102.out:    Running contrast 1201/2506
deg_analysis.33082695_102.out:    Running contrast 1251/2506
deg_analysis.33082695_102.out:    Running contrast 1301/2506
deg_analysis.33082695_102.out:    Running contrast 1351/2506
deg_analysis.33082695_102.out:    Running contrast 1401/2506
deg_analysis.33082695_102.out:    Running contrast 1451/2506
deg_analysis.33082695_102.out:    Running contrast 1501/2506
deg_analysis.33082695_102.out:    Running contrast 1551/2506
deg_analysis.33082695_102.out:    Running contrast 1601/2506
deg_analysis.33082695_102.out:    Running contrast 1651/2506
deg_analysis.33082695_102.out:    Running contrast 1701/2506
deg_analysis.33082695_102.out:    Running contrast 1751/2506
deg_analysis.33082695_102.out:    Running contrast 1801/2506
deg_analysis.33082695_102.out:    Running contrast 1851/2506
deg_analysis.33082695_102.out:    Running contrast 1901/2506
deg_analysis.33082695_102.out:    Running contrast 1951/2506
deg_analysis.33082695_102.out:    Running contrast 2001/2506
deg_analysis.33082695_102.out:    Running contrast 2051/2506
deg_analysis.33082695_102.out:    Running contrast 2101/2506
deg_analysis.33082695_102.out:    Running contrast 2151/2506
deg_analysis.33082695_102.out:    Running contrast 2201/2506
deg_analysis.33082695_102.out:    Running contrast 2251/2506
deg_analysis.33082695_102.out:    Running contrast 2301/2506
deg_analysis.33082695_102.out:    Running contrast 2351/2506
deg_analysis.33082695_102.out:    Running contrast 2401/2506
deg_analysis.33082695_102.out:    Running contrast 2451/2506
deg_analysis.33082695_102.out:    Running contrast 2501/2506
deg_analysis.33082695_102.out:    Running contrast 2506/2506
deg_analysis.33082695_102.out:Contrasts are completed in 9743.5 seconds
deg_analysis.33082695_102.out:
deg_analysis.33082695_102.out:    Writing:  ./data/l1000_phase2/deg_data/sep_rep/full/qc_false/filter_min_cells_0/intermediate/CVCL_1794/CVCL_1794_batch_8_de.h5ad
deg_analysis.33082695_102.out:
deg_analysis.33082695_102.out:    Rewriting h5ad file: ./data/l1000_phase2/deg_data/sep_rep/full/qc_false/filter_min_cells_0/intermediate/CVCL_1794/CVCL_1794_batch_8_de.h5ad
deg_analysis.33082695_102.out:    Removed X matrix
deg_analysis.33082695_102.out:    Rewriting h5ad file is done!
deg_analysis.33082695_102.out:✓ Cell line completed in 9805.8 seconds
deg_analysis.33082695_102.out:
deg_analysis.33082695_102.out:DE analysis completed!
deg_analysis.33082695_102.out:
deg_analysis.33082695_102.out:Total runtime: 9817.6 seconds
deg_analysis.33082912_103.out:
deg_analysis.33082912_103.out:DE analysis started...
deg_analysis.33082912_103.out:Loaded input file:  ./data/l1000_phase2/pseudobulk_processed/sep_rep/by_celltype/CVCL_1794/CVCL_1794_processed_batch_9.h5ad
deg_analysis.33082912_103.out:Initial dimensions:  4173  samples ×  978  genes
deg_analysis.33082912_103.out:Filter samples with the low number of cells
deg_analysis.33082912_103.out:    Filter threshold (min_cells):  0
deg_analysis.33082912_103.out:    Found  4173  samples with sentinel value (-666), keeping all
deg_analysis.33082912_103.out:    n_obs:  4173 -->  4173
deg_analysis.33082912_103.out:
deg_analysis.33082912_103.out:▶︎ Processing cell_type:  CVCL_1794
deg_analysis.33082912_103.out:    Filter controls by  pert_time_h  column
deg_analysis.33082912_103.out:        n_obs:  4173 -->  4173
deg_analysis.33082912_103.out:
deg_analysis.33082912_103.out:    Constructing design matrix...
deg_analysis.33082912_103.out:    Design matrix is constructed in 0.7 seconds
deg_analysis.33082912_103.out:    Design matrix dimensions: 4173 samples × 2597 coefficients
deg_analysis.33082912_103.out:    Skipping filtering and normalization (dataset is already normalized)
deg_analysis.33082912_103.out:    Skipping voom transformation (dataset is already normalized)
deg_analysis.33082912_103.out:    Using as.matrix() directly for lmFit (data assumed to be normalized and log-transformed)...
deg_analysis.33082912_103.out:    as.matrix() prepared in 0.0 seconds
deg_analysis.33082912_103.out:    Running lmFit...
deg_analysis.33082912_103.out:    LmFit is completed in 42.2 seconds
deg_analysis.33082912_103.out:DGE fit is completed in 43.9 seconds
deg_analysis.33082912_103.out:    Running contrasts...
deg_analysis.33082912_103.out:    Running contrast 1/2513
deg_analysis.33082912_103.out:    Running contrast 51/2513
deg_analysis.33082912_103.out:    Running contrast 101/2513
deg_analysis.33082912_103.out:    Running contrast 151/2513
deg_analysis.33082912_103.out:    Running contrast 201/2513
deg_analysis.33082912_103.out:    Running contrast 251/2513
deg_analysis.33082912_103.out:    Running contrast 301/2513
deg_analysis.33082912_103.out:    Running contrast 351/2513
deg_analysis.33082912_103.out:    Running contrast 401/2513
deg_analysis.33082912_103.out:    Running contrast 451/2513
deg_analysis.33082912_103.out:    Running contrast 501/2513
deg_analysis.33082912_103.out:    Running contrast 551/2513
deg_analysis.33082912_103.out:    Running contrast 601/2513
deg_analysis.33082912_103.out:    Running contrast 651/2513
deg_analysis.33082912_103.out:    Running contrast 701/2513
deg_analysis.33082912_103.out:    Running contrast 751/2513
deg_analysis.33082912_103.out:    Running contrast 801/2513
deg_analysis.33082912_103.out:    Running contrast 851/2513
deg_analysis.33082912_103.out:    Running contrast 901/2513
deg_analysis.33082912_103.out:    Running contrast 951/2513
deg_analysis.33082912_103.out:    Running contrast 1001/2513
deg_analysis.33082912_103.out:    Running contrast 1051/2513
deg_analysis.33082912_103.out:    Running contrast 1101/2513
deg_analysis.33082912_103.out:    Running contrast 1151/2513
deg_analysis.33082912_103.out:    Running contrast 1201/2513
deg_analysis.33082912_103.out:    Running contrast 1251/2513
deg_analysis.33082912_103.out:    Running contrast 1301/2513
deg_analysis.33082912_103.out:    Running contrast 1351/2513
deg_analysis.33082912_103.out:    Running contrast 1401/2513
deg_analysis.33082912_103.out:    Running contrast 1451/2513
deg_analysis.33082912_103.out:    Running contrast 1501/2513
deg_analysis.33082912_103.out:    Running contrast 1551/2513
deg_analysis.33082912_103.out:    Running contrast 1601/2513
deg_analysis.33082912_103.out:    Running contrast 1651/2513
deg_analysis.33082912_103.out:    Running contrast 1701/2513
deg_analysis.33082912_103.out:    Running contrast 1751/2513
deg_analysis.33082912_103.out:    Running contrast 1801/2513
deg_analysis.33082912_103.out:    Running contrast 1851/2513
deg_analysis.33082912_103.out:    Running contrast 1901/2513
deg_analysis.33082912_103.out:    Running contrast 1951/2513
deg_analysis.33082912_103.out:    Running contrast 2001/2513
deg_analysis.33082912_103.out:    Running contrast 2051/2513
deg_analysis.33082912_103.out:    Running contrast 2101/2513
deg_analysis.33082912_103.out:    Running contrast 2151/2513
deg_analysis.33082912_103.out:    Running contrast 2201/2513
deg_analysis.33082912_103.out:    Running contrast 2251/2513
deg_analysis.33082912_103.out:    Running contrast 2301/2513
deg_analysis.33082912_103.out:    Running contrast 2351/2513
deg_analysis.33082912_103.out:    Running contrast 2401/2513
deg_analysis.33082912_103.out:    Running contrast 2451/2513
deg_analysis.33082912_103.out:    Running contrast 2501/2513
deg_analysis.33082912_103.out:    Running contrast 2513/2513
deg_analysis.33082912_103.out:Contrasts are completed in 10095.8 seconds
deg_analysis.33082912_103.out:
deg_analysis.33082912_103.out:    Writing:  ./data/l1000_phase2/deg_data/sep_rep/full/qc_false/filter_min_cells_0/intermediate/CVCL_1794/CVCL_1794_batch_9_de.h5ad
deg_analysis.33082912_103.out:
deg_analysis.33082912_103.out:    Rewriting h5ad file: ./data/l1000_phase2/deg_data/sep_rep/full/qc_false/filter_min_cells_0/intermediate/CVCL_1794/CVCL_1794_batch_9_de.h5ad
deg_analysis.33082912_103.out:    Removed X matrix
deg_analysis.33082912_103.out:    Rewriting h5ad file is done!
deg_analysis.33082912_103.out:✓ Cell line completed in 10158.9 seconds
deg_analysis.33082912_103.out:
deg_analysis.33082912_103.out:DE analysis completed!
deg_analysis.33082912_103.out:
deg_analysis.33082912_103.out:Total runtime: 10170.8 seconds
deg_analysis.33082926_104.out:
deg_analysis.33082926_104.out:DE analysis started...
deg_analysis.33082926_104.out:Loaded input file:  ./data/l1000_phase2/pseudobulk_processed/sep_rep/by_celltype/CVCL_3383/CVCL_3383_processed_batch_1.h5ad
deg_analysis.33082926_104.out:Initial dimensions:  2868  samples ×  978  genes
deg_analysis.33082926_104.out:Filter samples with the low number of cells
deg_analysis.33082926_104.out:    Filter threshold (min_cells):  0
deg_analysis.33082926_104.out:    Found  2868  samples with sentinel value (-666), keeping all
deg_analysis.33082926_104.out:    n_obs:  2868 -->  2868
deg_analysis.33082926_104.out:
deg_analysis.33082926_104.out:▶︎ Processing cell_type:  CVCL_3383
deg_analysis.33082926_104.out:    Filter controls by  pert_time_h  column
deg_analysis.33082926_104.out:        n_obs:  2868 -->  2868
deg_analysis.33082926_104.out:
deg_analysis.33082926_104.out:    Constructing design matrix...
deg_analysis.33082926_104.out:    Design matrix is constructed in 0.7 seconds
deg_analysis.33082926_104.out:    Design matrix dimensions: 2868 samples × 2518 coefficients
deg_analysis.33082926_104.out:    Skipping filtering and normalization (dataset is already normalized)
deg_analysis.33082926_104.out:    Skipping voom transformation (dataset is already normalized)
deg_analysis.33082926_104.out:    Using as.matrix() directly for lmFit (data assumed to be normalized and log-transformed)...
deg_analysis.33082926_104.out:    as.matrix() prepared in 0.0 seconds
deg_analysis.33082926_104.out:    Running lmFit...
deg_analysis.33082926_104.out:Coefficients not estimable: plateLJP006_HME1_3H_X3_B17
deg_analysis.33082926_104.out:    LmFit is completed in 26.2 seconds
deg_analysis.33082926_104.out:DGE fit is completed in 27.7 seconds
deg_analysis.33082926_104.out:    Running contrasts...
deg_analysis.33082926_104.out:    Running contrast 1/2502
deg_analysis.33082926_104.out:    Running contrast 51/2502
deg_analysis.33082926_104.out:    Running contrast 101/2502
deg_analysis.33082926_104.out:    Running contrast 151/2502
deg_analysis.33082926_104.out:    Running contrast 201/2502
deg_analysis.33082926_104.out:    Running contrast 251/2502
deg_analysis.33082926_104.out:    Running contrast 301/2502
deg_analysis.33082926_104.out:    Running contrast 351/2502
deg_analysis.33082926_104.out:    Running contrast 401/2502
deg_analysis.33082926_104.out:    Running contrast 451/2502
deg_analysis.33082926_104.out:    Running contrast 501/2502
deg_analysis.33082926_104.out:    Running contrast 551/2502
deg_analysis.33082926_104.out:    Running contrast 601/2502
deg_analysis.33082926_104.out:    Running contrast 651/2502
deg_analysis.33082926_104.out:    Running contrast 701/2502
deg_analysis.33082926_104.out:    Running contrast 751/2502
deg_analysis.33082926_104.out:    Running contrast 801/2502
deg_analysis.33082926_104.out:    Running contrast 851/2502
deg_analysis.33082926_104.out:    Running contrast 901/2502
deg_analysis.33082926_104.out:    Running contrast 951/2502
deg_analysis.33082926_104.out:    Running contrast 1001/2502
deg_analysis.33082926_104.out:    Running contrast 1051/2502
deg_analysis.33082926_104.out:    Running contrast 1101/2502
deg_analysis.33082926_104.out:    Running contrast 1151/2502
deg_analysis.33082926_104.out:    Running contrast 1201/2502
deg_analysis.33082926_104.out:    Running contrast 1251/2502
deg_analysis.33082926_104.out:    Running contrast 1301/2502
deg_analysis.33082926_104.out:    Running contrast 1351/2502
deg_analysis.33082926_104.out:    Running contrast 1401/2502
deg_analysis.33082926_104.out:    Running contrast 1451/2502
deg_analysis.33082926_104.out:    Running contrast 1501/2502
deg_analysis.33082926_104.out:    Running contrast 1551/2502
deg_analysis.33082926_104.out:    Running contrast 1601/2502
deg_analysis.33082926_104.out:    Running contrast 1651/2502
deg_analysis.33082926_104.out:    Running contrast 1701/2502
deg_analysis.33082926_104.out:    Running contrast 1751/2502
deg_analysis.33082926_104.out:    Running contrast 1801/2502
deg_analysis.33082926_104.out:    Running contrast 1851/2502
deg_analysis.33082926_104.out:    Running contrast 1901/2502
deg_analysis.33082926_104.out:    Running contrast 1951/2502
deg_analysis.33082926_104.out:    Running contrast 2001/2502
deg_analysis.33082926_104.out:    Running contrast 2051/2502
deg_analysis.33082926_104.out:    Running contrast 2101/2502
deg_analysis.33082926_104.out:    Running contrast 2151/2502
deg_analysis.33082926_104.out:    Running contrast 2201/2502
deg_analysis.33082926_104.out:    Running contrast 2251/2502
deg_analysis.33082926_104.out:    Running contrast 2301/2502
deg_analysis.33082926_104.out:    Running contrast 2351/2502
deg_analysis.33082926_104.out:    Running contrast 2401/2502
deg_analysis.33082926_104.out:    Running contrast 2451/2502
deg_analysis.33082926_104.out:    Running contrast 2501/2502
deg_analysis.33082926_104.out:    Running contrast 2502/2502
deg_analysis.33082926_104.out:Contrasts are completed in 8626.6 seconds
deg_analysis.33082926_104.out:
deg_analysis.33082926_104.out:    Writing:  ./data/l1000_phase2/deg_data/sep_rep/full/qc_false/filter_min_cells_0/intermediate/CVCL_3383/CVCL_3383_batch_1_de.h5ad
deg_analysis.33082926_104.out:
deg_analysis.33082926_104.out:    Rewriting h5ad file: ./data/l1000_phase2/deg_data/sep_rep/full/qc_false/filter_min_cells_0/intermediate/CVCL_3383/CVCL_3383_batch_1_de.h5ad
deg_analysis.33082926_104.out:    Removed X matrix
deg_analysis.33082926_104.out:    Rewriting h5ad file is done!
deg_analysis.33082926_104.out:✓ Cell line completed in 8672.7 seconds
deg_analysis.33082926_104.out:
deg_analysis.33082926_104.out:DE analysis completed!
deg_analysis.33082926_104.out:
deg_analysis.33082926_104.out:Total runtime: 8682.4 seconds
deg_analysis.33082926_104.err:
deg_analysis.33082926_104.err:=== 1 Warnings encountered ===
deg_analysis.33082926_104.err:
deg_analysis.33082926_104.err:1. Partial NA coefficients for 978 probe(s)
deg_analysis.33082971_105.out:
deg_analysis.33082971_105.out:DE analysis started...
deg_analysis.33082971_105.out:Loaded input file:  ./data/l1000_phase2/pseudobulk_processed/sep_rep/by_celltype/CVCL_3383/CVCL_3383_processed_batch_2.h5ad
deg_analysis.33082971_105.out:Initial dimensions:  2874  samples ×  978  genes
deg_analysis.33082971_105.out:Filter samples with the low number of cells
deg_analysis.33082971_105.out:    Filter threshold (min_cells):  0
deg_analysis.33082971_105.out:    Found  2874  samples with sentinel value (-666), keeping all
deg_analysis.33082971_105.out:    n_obs:  2874 -->  2874
deg_analysis.33082971_105.out:
deg_analysis.33082971_105.out:▶︎ Processing cell_type:  CVCL_3383
deg_analysis.33082971_105.out:    Filter controls by  pert_time_h  column
deg_analysis.33082971_105.out:        n_obs:  2874 -->  2874
deg_analysis.33082971_105.out:
deg_analysis.33082971_105.out:    Constructing design matrix...
deg_analysis.33082971_105.out:    Design matrix is constructed in 0.7 seconds
deg_analysis.33082971_105.out:    Design matrix dimensions: 2874 samples × 2524 coefficients
deg_analysis.33082971_105.out:    Skipping filtering and normalization (dataset is already normalized)
deg_analysis.33082971_105.out:    Skipping voom transformation (dataset is already normalized)
deg_analysis.33082971_105.out:    Using as.matrix() directly for lmFit (data assumed to be normalized and log-transformed)...
deg_analysis.33082971_105.out:    as.matrix() prepared in 0.0 seconds
deg_analysis.33082971_105.out:    Running lmFit...
deg_analysis.33082971_105.out:Coefficients not estimable: plateLJP006_HME1_3H_X3_B17
deg_analysis.33082971_105.out:    LmFit is completed in 25.7 seconds
deg_analysis.33082971_105.out:DGE fit is completed in 27.1 seconds
deg_analysis.33082971_105.out:    Running contrasts...
deg_analysis.33082971_105.out:    Running contrast 1/2508
deg_analysis.33082971_105.out:    Running contrast 51/2508
deg_analysis.33082971_105.out:    Running contrast 101/2508
deg_analysis.33082971_105.out:    Running contrast 151/2508
deg_analysis.33082971_105.out:    Running contrast 201/2508
deg_analysis.33082971_105.out:    Running contrast 251/2508
deg_analysis.33082971_105.out:    Running contrast 301/2508
deg_analysis.33082971_105.out:    Running contrast 351/2508
deg_analysis.33082971_105.out:    Running contrast 401/2508
deg_analysis.33082971_105.out:    Running contrast 451/2508
deg_analysis.33082971_105.out:    Running contrast 501/2508
deg_analysis.33082971_105.out:    Running contrast 551/2508
deg_analysis.33082971_105.out:    Running contrast 601/2508
deg_analysis.33082971_105.out:    Running contrast 651/2508
deg_analysis.33082971_105.out:    Running contrast 701/2508
deg_analysis.33082971_105.out:    Running contrast 751/2508
deg_analysis.33082971_105.out:    Running contrast 801/2508
deg_analysis.33082971_105.out:    Running contrast 851/2508
deg_analysis.33082971_105.out:    Running contrast 901/2508
deg_analysis.33082971_105.out:    Running contrast 951/2508
deg_analysis.33082971_105.out:    Running contrast 1001/2508
deg_analysis.33082971_105.out:    Running contrast 1051/2508
deg_analysis.33082971_105.out:    Running contrast 1101/2508
deg_analysis.33082971_105.out:    Running contrast 1151/2508
deg_analysis.33082971_105.out:    Running contrast 1201/2508
deg_analysis.33082971_105.out:    Running contrast 1251/2508
deg_analysis.33082971_105.out:    Running contrast 1301/2508
deg_analysis.33082971_105.out:    Running contrast 1351/2508
deg_analysis.33082971_105.out:    Running contrast 1401/2508
deg_analysis.33082971_105.out:    Running contrast 1451/2508
deg_analysis.33082971_105.out:    Running contrast 1501/2508
deg_analysis.33082971_105.out:    Running contrast 1551/2508
deg_analysis.33082971_105.out:    Running contrast 1601/2508
deg_analysis.33082971_105.out:    Running contrast 1651/2508
deg_analysis.33082971_105.out:    Running contrast 1701/2508
deg_analysis.33082971_105.out:    Running contrast 1751/2508
deg_analysis.33082971_105.out:    Running contrast 1801/2508
deg_analysis.33082971_105.out:    Running contrast 1851/2508
deg_analysis.33082971_105.out:    Running contrast 1901/2508
deg_analysis.33082971_105.out:    Running contrast 1951/2508
deg_analysis.33082971_105.out:    Running contrast 2001/2508
deg_analysis.33082971_105.out:    Running contrast 2051/2508
deg_analysis.33082971_105.out:    Running contrast 2101/2508
deg_analysis.33082971_105.out:    Running contrast 2151/2508
deg_analysis.33082971_105.out:    Running contrast 2201/2508
deg_analysis.33082971_105.out:    Running contrast 2251/2508
deg_analysis.33082971_105.out:    Running contrast 2301/2508
deg_analysis.33082971_105.out:    Running contrast 2351/2508
deg_analysis.33082971_105.out:    Running contrast 2401/2508
deg_analysis.33082971_105.out:    Running contrast 2451/2508
deg_analysis.33082971_105.out:    Running contrast 2501/2508
deg_analysis.33082971_105.out:    Running contrast 2508/2508
deg_analysis.33082971_105.out:Contrasts are completed in 8626.4 seconds
deg_analysis.33082971_105.out:
deg_analysis.33082971_105.out:    Writing:  ./data/l1000_phase2/deg_data/sep_rep/full/qc_false/filter_min_cells_0/intermediate/CVCL_3383/CVCL_3383_batch_2_de.h5ad
deg_analysis.33082971_105.out:
deg_analysis.33082971_105.out:    Rewriting h5ad file: ./data/l1000_phase2/deg_data/sep_rep/full/qc_false/filter_min_cells_0/intermediate/CVCL_3383/CVCL_3383_batch_2_de.h5ad
deg_analysis.33082971_105.out:    Removed X matrix
deg_analysis.33082971_105.out:    Rewriting h5ad file is done!
deg_analysis.33082971_105.out:✓ Cell line completed in 8671.8 seconds
deg_analysis.33082971_105.out:
deg_analysis.33082971_105.out:DE analysis completed!
deg_analysis.33082971_105.out:
deg_analysis.33082971_105.out:Total runtime: 8681.6 seconds
deg_analysis.33082971_105.err:
deg_analysis.33082971_105.err:=== 1 Warnings encountered ===
deg_analysis.33082971_105.err:
deg_analysis.33082971_105.err:1. Partial NA coefficients for 978 probe(s)
deg_analysis.33083021_106.out:
deg_analysis.33083021_106.out:DE analysis started...
deg_analysis.33083021_106.out:Loaded input file:  ./data/l1000_phase2/pseudobulk_processed/sep_rep/by_celltype/CVCL_3383/CVCL_3383_processed_batch_3.h5ad
deg_analysis.33083021_106.out:Initial dimensions:  2874  samples ×  978  genes
deg_analysis.33083021_106.out:Filter samples with the low number of cells
deg_analysis.33083021_106.out:    Filter threshold (min_cells):  0
deg_analysis.33083021_106.out:    Found  2874  samples with sentinel value (-666), keeping all
deg_analysis.33083021_106.out:    n_obs:  2874 -->  2874
deg_analysis.33083021_106.out:
deg_analysis.33083021_106.out:▶︎ Processing cell_type:  CVCL_3383
deg_analysis.33083021_106.out:    Filter controls by  pert_time_h  column
deg_analysis.33083021_106.out:        n_obs:  2874 -->  2874
deg_analysis.33083021_106.out:
deg_analysis.33083021_106.out:    Constructing design matrix...
deg_analysis.33083021_106.out:    Design matrix is constructed in 0.7 seconds
deg_analysis.33083021_106.out:    Design matrix dimensions: 2874 samples × 2524 coefficients
deg_analysis.33083021_106.out:    Skipping filtering and normalization (dataset is already normalized)
deg_analysis.33083021_106.out:    Skipping voom transformation (dataset is already normalized)
deg_analysis.33083021_106.out:    Using as.matrix() directly for lmFit (data assumed to be normalized and log-transformed)...
deg_analysis.33083021_106.out:    as.matrix() prepared in 0.0 seconds
deg_analysis.33083021_106.out:    Running lmFit...
deg_analysis.33083021_106.out:Coefficients not estimable: plateLJP006_HME1_3H_X3_B17
deg_analysis.33083021_106.out:    LmFit is completed in 25.9 seconds
deg_analysis.33083021_106.out:DGE fit is completed in 27.3 seconds
deg_analysis.33083021_106.out:    Running contrasts...
deg_analysis.33083021_106.out:    Running contrast 1/2508
deg_analysis.33083021_106.out:    Running contrast 51/2508
deg_analysis.33083021_106.out:    Running contrast 101/2508
deg_analysis.33083021_106.out:    Running contrast 151/2508
deg_analysis.33083021_106.out:    Running contrast 201/2508
deg_analysis.33083021_106.out:    Running contrast 251/2508
deg_analysis.33083021_106.out:    Running contrast 301/2508
deg_analysis.33083021_106.out:    Running contrast 351/2508
deg_analysis.33083021_106.out:    Running contrast 401/2508
deg_analysis.33083021_106.out:    Running contrast 451/2508
deg_analysis.33083021_106.out:    Running contrast 501/2508
deg_analysis.33083021_106.out:    Running contrast 551/2508
deg_analysis.33083021_106.out:    Running contrast 601/2508
deg_analysis.33083021_106.out:    Running contrast 651/2508
deg_analysis.33083021_106.out:    Running contrast 701/2508
deg_analysis.33083021_106.out:    Running contrast 751/2508
deg_analysis.33083021_106.out:    Running contrast 801/2508
deg_analysis.33083021_106.out:    Running contrast 851/2508
deg_analysis.33083021_106.out:    Running contrast 901/2508
deg_analysis.33083021_106.out:    Running contrast 951/2508
deg_analysis.33083021_106.out:    Running contrast 1001/2508
deg_analysis.33083021_106.out:    Running contrast 1051/2508
deg_analysis.33083021_106.out:    Running contrast 1101/2508
deg_analysis.33083021_106.out:    Running contrast 1151/2508
deg_analysis.33083021_106.out:    Running contrast 1201/2508
deg_analysis.33083021_106.out:    Running contrast 1251/2508
deg_analysis.33083021_106.out:    Running contrast 1301/2508
deg_analysis.33083021_106.out:    Running contrast 1351/2508
deg_analysis.33083021_106.out:    Running contrast 1401/2508
deg_analysis.33083021_106.out:    Running contrast 1451/2508
deg_analysis.33083021_106.out:    Running contrast 1501/2508
deg_analysis.33083021_106.out:    Running contrast 1551/2508
deg_analysis.33083021_106.out:    Running contrast 1601/2508
deg_analysis.33083021_106.out:    Running contrast 1651/2508
deg_analysis.33083021_106.out:    Running contrast 1701/2508
deg_analysis.33083021_106.out:    Running contrast 1751/2508
deg_analysis.33083021_106.out:    Running contrast 1801/2508
deg_analysis.33083021_106.out:    Running contrast 1851/2508
deg_analysis.33083021_106.out:    Running contrast 1901/2508
deg_analysis.33083021_106.out:    Running contrast 1951/2508
deg_analysis.33083021_106.out:    Running contrast 2001/2508
deg_analysis.33083021_106.out:    Running contrast 2051/2508
deg_analysis.33083021_106.out:    Running contrast 2101/2508
deg_analysis.33083021_106.out:    Running contrast 2151/2508
deg_analysis.33083021_106.out:    Running contrast 2201/2508
deg_analysis.33083021_106.out:    Running contrast 2251/2508
deg_analysis.33083021_106.out:    Running contrast 2301/2508
deg_analysis.33083021_106.out:    Running contrast 2351/2508
deg_analysis.33083021_106.out:    Running contrast 2401/2508
deg_analysis.33083021_106.out:    Running contrast 2451/2508
deg_analysis.33083021_106.out:    Running contrast 2501/2508
deg_analysis.33083021_106.out:    Running contrast 2508/2508
deg_analysis.33083021_106.out:Contrasts are completed in 8649.4 seconds
deg_analysis.33083021_106.out:
deg_analysis.33083021_106.out:    Writing:  ./data/l1000_phase2/deg_data/sep_rep/full/qc_false/filter_min_cells_0/intermediate/CVCL_3383/CVCL_3383_batch_3_de.h5ad
deg_analysis.33083021_106.out:
deg_analysis.33083021_106.out:    Rewriting h5ad file: ./data/l1000_phase2/deg_data/sep_rep/full/qc_false/filter_min_cells_0/intermediate/CVCL_3383/CVCL_3383_batch_3_de.h5ad
deg_analysis.33083021_106.out:    Removed X matrix
deg_analysis.33083021_106.out:    Rewriting h5ad file is done!
deg_analysis.33083021_106.out:✓ Cell line completed in 8694.9 seconds
deg_analysis.33083021_106.out:
deg_analysis.33083021_106.out:DE analysis completed!
deg_analysis.33083021_106.out:
deg_analysis.33083021_106.out:Total runtime: 8704.9 seconds
deg_analysis.33083021_106.err:
deg_analysis.33083021_106.err:=== 1 Warnings encountered ===
deg_analysis.33083021_106.err:
deg_analysis.33083021_106.err:1. Partial NA coefficients for 978 probe(s)
deg_analysis.33083208_107.out:
deg_analysis.33083208_107.out:DE analysis started...
deg_analysis.33083208_107.out:Loaded input file:  ./data/l1000_phase2/pseudobulk_processed/sep_rep/by_celltype/CVCL_5136/CVCL_5136_processed_batch_1.h5ad
deg_analysis.33083208_107.out:Initial dimensions:  2877  samples ×  978  genes
deg_analysis.33083208_107.out:Filter samples with the low number of cells
deg_analysis.33083208_107.out:    Filter threshold (min_cells):  0
deg_analysis.33083208_107.out:    Found  2877  samples with sentinel value (-666), keeping all
deg_analysis.33083208_107.out:    n_obs:  2877 -->  2877
deg_analysis.33083208_107.out:
deg_analysis.33083208_107.out:▶︎ Processing cell_type:  CVCL_5136
deg_analysis.33083208_107.out:    Filter controls by  pert_time_h  column
deg_analysis.33083208_107.out:        n_obs:  2877 -->  2877
deg_analysis.33083208_107.out:
deg_analysis.33083208_107.out:    Constructing design matrix...
deg_analysis.33083208_107.out:    Design matrix is constructed in 0.7 seconds
deg_analysis.33083208_107.out:    Design matrix dimensions: 2877 samples × 2529 coefficients
deg_analysis.33083208_107.out:    Skipping filtering and normalization (dataset is already normalized)
deg_analysis.33083208_107.out:    Skipping voom transformation (dataset is already normalized)
deg_analysis.33083208_107.out:    Using as.matrix() directly for lmFit (data assumed to be normalized and log-transformed)...
deg_analysis.33083208_107.out:    as.matrix() prepared in 0.0 seconds
deg_analysis.33083208_107.out:    Running lmFit...
deg_analysis.33083208_107.out:    LmFit is completed in 25.8 seconds
deg_analysis.33083208_107.out:DGE fit is completed in 27.3 seconds
deg_analysis.33083208_107.out:    Running contrasts...
deg_analysis.33083208_107.out:    Running contrast 1/2514
deg_analysis.33083208_107.out:    Running contrast 51/2514
deg_analysis.33083208_107.out:    Running contrast 101/2514
deg_analysis.33083208_107.out:    Running contrast 151/2514
deg_analysis.33083208_107.out:    Running contrast 201/2514
deg_analysis.33083208_107.out:    Running contrast 251/2514
deg_analysis.33083208_107.out:    Running contrast 301/2514
deg_analysis.33083208_107.out:    Running contrast 351/2514
deg_analysis.33083208_107.out:    Running contrast 401/2514
deg_analysis.33083208_107.out:    Running contrast 451/2514
deg_analysis.33083208_107.out:    Running contrast 501/2514
deg_analysis.33083208_107.out:    Running contrast 551/2514
deg_analysis.33083208_107.out:    Running contrast 601/2514
deg_analysis.33083208_107.out:    Running contrast 651/2514
deg_analysis.33083208_107.out:    Running contrast 701/2514
deg_analysis.33083208_107.out:    Running contrast 751/2514
deg_analysis.33083208_107.out:    Running contrast 801/2514
deg_analysis.33083208_107.out:    Running contrast 851/2514
deg_analysis.33083208_107.out:    Running contrast 901/2514
deg_analysis.33083208_107.out:    Running contrast 951/2514
deg_analysis.33083208_107.out:    Running contrast 1001/2514
deg_analysis.33083208_107.out:    Running contrast 1051/2514
deg_analysis.33083208_107.out:    Running contrast 1101/2514
deg_analysis.33083208_107.out:    Running contrast 1151/2514
deg_analysis.33083208_107.out:    Running contrast 1201/2514
deg_analysis.33083208_107.out:    Running contrast 1251/2514
deg_analysis.33083208_107.out:    Running contrast 1301/2514
deg_analysis.33083208_107.out:    Running contrast 1351/2514
deg_analysis.33083208_107.out:    Running contrast 1401/2514
deg_analysis.33083208_107.out:    Running contrast 1451/2514
deg_analysis.33083208_107.out:    Running contrast 1501/2514
deg_analysis.33083208_107.out:    Running contrast 1551/2514
deg_analysis.33083208_107.out:    Running contrast 1601/2514
deg_analysis.33083208_107.out:    Running contrast 1651/2514
deg_analysis.33083208_107.out:    Running contrast 1701/2514
deg_analysis.33083208_107.out:    Running contrast 1751/2514
deg_analysis.33083208_107.out:    Running contrast 1801/2514
deg_analysis.33083208_107.out:    Running contrast 1851/2514
deg_analysis.33083208_107.out:    Running contrast 1901/2514
deg_analysis.33083208_107.out:    Running contrast 1951/2514
deg_analysis.33083208_107.out:    Running contrast 2001/2514
deg_analysis.33083208_107.out:    Running contrast 2051/2514
deg_analysis.33083208_107.out:    Running contrast 2101/2514
deg_analysis.33083208_107.out:    Running contrast 2151/2514
deg_analysis.33083208_107.out:    Running contrast 2201/2514
deg_analysis.33083208_107.out:    Running contrast 2251/2514
deg_analysis.33083208_107.out:    Running contrast 2301/2514
deg_analysis.33083208_107.out:    Running contrast 2351/2514
deg_analysis.33083208_107.out:    Running contrast 2401/2514
deg_analysis.33083208_107.out:    Running contrast 2451/2514
deg_analysis.33083208_107.out:    Running contrast 2501/2514
deg_analysis.33083208_107.out:    Running contrast 2514/2514
deg_analysis.33083208_107.out:Contrasts are completed in 8688.8 seconds
deg_analysis.33083208_107.out:
deg_analysis.33083208_107.out:    Writing:  ./data/l1000_phase2/deg_data/sep_rep/full/qc_false/filter_min_cells_0/intermediate/CVCL_5136/CVCL_5136_batch_1_de.h5ad
deg_analysis.33083208_107.out:
deg_analysis.33083208_107.out:    Rewriting h5ad file: ./data/l1000_phase2/deg_data/sep_rep/full/qc_false/filter_min_cells_0/intermediate/CVCL_5136/CVCL_5136_batch_1_de.h5ad
deg_analysis.33083208_107.out:    Removed X matrix
deg_analysis.33083208_107.out:    Rewriting h5ad file is done!
deg_analysis.33083208_107.out:✓ Cell line completed in 8735.1 seconds
deg_analysis.33083208_107.out:
deg_analysis.33083208_107.out:DE analysis completed!
deg_analysis.33083208_107.out:
deg_analysis.33083208_107.out:Total runtime: 8756.3 seconds
deg_analysis.33083279_108.out:
deg_analysis.33083279_108.out:DE analysis started...
deg_analysis.33083279_108.out:Loaded input file:  ./data/l1000_phase2/pseudobulk_processed/sep_rep/by_celltype/CVCL_5136/CVCL_5136_processed_batch_2.h5ad
deg_analysis.33083279_108.out:Initial dimensions:  2867  samples ×  978  genes
deg_analysis.33083279_108.out:Filter samples with the low number of cells
deg_analysis.33083279_108.out:    Filter threshold (min_cells):  0
deg_analysis.33083279_108.out:    Found  2867  samples with sentinel value (-666), keeping all
deg_analysis.33083279_108.out:    n_obs:  2867 -->  2867
deg_analysis.33083279_108.out:
deg_analysis.33083279_108.out:▶︎ Processing cell_type:  CVCL_5136
deg_analysis.33083279_108.out:    Filter controls by  pert_time_h  column
deg_analysis.33083279_108.out:        n_obs:  2867 -->  2867
deg_analysis.33083279_108.out:
deg_analysis.33083279_108.out:    Constructing design matrix...
deg_analysis.33083279_108.out:    Design matrix is constructed in 0.5 seconds
deg_analysis.33083279_108.out:    Design matrix dimensions: 2867 samples × 2519 coefficients
deg_analysis.33083279_108.out:    Skipping filtering and normalization (dataset is already normalized)
deg_analysis.33083279_108.out:    Skipping voom transformation (dataset is already normalized)
deg_analysis.33083279_108.out:    Using as.matrix() directly for lmFit (data assumed to be normalized and log-transformed)...
deg_analysis.33083279_108.out:    as.matrix() prepared in 0.0 seconds
deg_analysis.33083279_108.out:    Running lmFit...
deg_analysis.33083279_108.out:    LmFit is completed in 10.2 seconds
deg_analysis.33083279_108.out:DGE fit is completed in 11.3 seconds
deg_analysis.33083279_108.out:    Running contrasts...
deg_analysis.33083279_108.out:    Running contrast 1/2504
deg_analysis.33083279_108.out:    Running contrast 51/2504
deg_analysis.33083279_108.out:    Running contrast 101/2504
deg_analysis.33083279_108.out:    Running contrast 151/2504
deg_analysis.33083279_108.out:    Running contrast 201/2504
deg_analysis.33083279_108.out:    Running contrast 251/2504
deg_analysis.33083279_108.out:    Running contrast 301/2504
deg_analysis.33083279_108.out:    Running contrast 351/2504
deg_analysis.33083279_108.out:    Running contrast 401/2504
deg_analysis.33083279_108.out:    Running contrast 451/2504
deg_analysis.33083279_108.out:    Running contrast 501/2504
deg_analysis.33083279_108.out:    Running contrast 551/2504
deg_analysis.33083279_108.out:    Running contrast 601/2504
deg_analysis.33083279_108.out:    Running contrast 651/2504
deg_analysis.33083279_108.out:    Running contrast 701/2504
deg_analysis.33083279_108.out:    Running contrast 751/2504
deg_analysis.33083279_108.out:    Running contrast 801/2504
deg_analysis.33083279_108.out:    Running contrast 851/2504
deg_analysis.33083279_108.out:    Running contrast 901/2504
deg_analysis.33083279_108.out:    Running contrast 951/2504
deg_analysis.33083279_108.out:    Running contrast 1001/2504
deg_analysis.33083279_108.out:    Running contrast 1051/2504
deg_analysis.33083279_108.out:    Running contrast 1101/2504
deg_analysis.33083279_108.out:    Running contrast 1151/2504
deg_analysis.33083279_108.out:    Running contrast 1201/2504
deg_analysis.33083279_108.out:    Running contrast 1251/2504
deg_analysis.33083279_108.out:    Running contrast 1301/2504
deg_analysis.33083279_108.out:    Running contrast 1351/2504
deg_analysis.33083279_108.out:    Running contrast 1401/2504
deg_analysis.33083279_108.out:    Running contrast 1451/2504
deg_analysis.33083279_108.out:    Running contrast 1501/2504
deg_analysis.33083279_108.out:    Running contrast 1551/2504
deg_analysis.33083279_108.out:    Running contrast 1601/2504
deg_analysis.33083279_108.out:    Running contrast 1651/2504
deg_analysis.33083279_108.out:    Running contrast 1701/2504
deg_analysis.33083279_108.out:    Running contrast 1751/2504
deg_analysis.33083279_108.out:    Running contrast 1801/2504
deg_analysis.33083279_108.out:    Running contrast 1851/2504
deg_analysis.33083279_108.out:    Running contrast 1901/2504
deg_analysis.33083279_108.out:    Running contrast 1951/2504
deg_analysis.33083279_108.out:    Running contrast 2001/2504
deg_analysis.33083279_108.out:    Running contrast 2051/2504
deg_analysis.33083279_108.out:    Running contrast 2101/2504
deg_analysis.33083279_108.out:    Running contrast 2151/2504
deg_analysis.33083279_108.out:    Running contrast 2201/2504
deg_analysis.33083279_108.out:    Running contrast 2251/2504
deg_analysis.33083279_108.out:    Running contrast 2301/2504
deg_analysis.33083279_108.out:    Running contrast 2351/2504
deg_analysis.33083279_108.out:    Running contrast 2401/2504
deg_analysis.33083279_108.out:    Running contrast 2451/2504
deg_analysis.33083279_108.out:    Running contrast 2501/2504
deg_analysis.33083279_108.out:    Running contrast 2504/2504
deg_analysis.33083279_108.out:Contrasts are completed in 3247.8 seconds
deg_analysis.33083279_108.out:
deg_analysis.33083279_108.out:    Writing:  ./data/l1000_phase2/deg_data/sep_rep/full/qc_false/filter_min_cells_0/intermediate/CVCL_5136/CVCL_5136_batch_2_de.h5ad
deg_analysis.33083279_108.out:
deg_analysis.33083279_108.out:    Rewriting h5ad file: ./data/l1000_phase2/deg_data/sep_rep/full/qc_false/filter_min_cells_0/intermediate/CVCL_5136/CVCL_5136_batch_2_de.h5ad
deg_analysis.33083279_108.out:    Removed X matrix
deg_analysis.33083279_108.out:    Rewriting h5ad file is done!
deg_analysis.33083279_108.out:✓ Cell line completed in 3272.0 seconds
deg_analysis.33083279_108.out:
deg_analysis.33083279_108.out:DE analysis completed!
deg_analysis.33083279_108.out:
deg_analysis.33083279_108.out:Total runtime: 3286.0 seconds
deg_analysis.33083348_109.out:
deg_analysis.33083348_109.out:DE analysis started...
deg_analysis.33083348_109.out:Loaded input file:  ./data/l1000_phase2/pseudobulk_processed/sep_rep/by_celltype/CVCL_5136/CVCL_5136_processed_batch_3.h5ad
deg_analysis.33083348_109.out:Initial dimensions:  2869  samples ×  978  genes
deg_analysis.33083348_109.out:Filter samples with the low number of cells
deg_analysis.33083348_109.out:    Filter threshold (min_cells):  0
deg_analysis.33083348_109.out:    Found  2869  samples with sentinel value (-666), keeping all
deg_analysis.33083348_109.out:    n_obs:  2869 -->  2869
deg_analysis.33083348_109.out:
deg_analysis.33083348_109.out:▶︎ Processing cell_type:  CVCL_5136
deg_analysis.33083348_109.out:    Filter controls by  pert_time_h  column
deg_analysis.33083348_109.out:        n_obs:  2869 -->  2869
deg_analysis.33083348_109.out:
deg_analysis.33083348_109.out:    Constructing design matrix...
deg_analysis.33083348_109.out:    Design matrix is constructed in 0.7 seconds
deg_analysis.33083348_109.out:    Design matrix dimensions: 2869 samples × 2521 coefficients
deg_analysis.33083348_109.out:    Skipping filtering and normalization (dataset is already normalized)
deg_analysis.33083348_109.out:    Skipping voom transformation (dataset is already normalized)
deg_analysis.33083348_109.out:    Using as.matrix() directly for lmFit (data assumed to be normalized and log-transformed)...
deg_analysis.33083348_109.out:    as.matrix() prepared in 0.0 seconds
deg_analysis.33083348_109.out:    Running lmFit...
deg_analysis.33083348_109.out:    LmFit is completed in 26.6 seconds
deg_analysis.33083348_109.out:DGE fit is completed in 28.1 seconds
deg_analysis.33083348_109.out:    Running contrasts...
deg_analysis.33083348_109.out:    Running contrast 1/2506
deg_analysis.33083348_109.out:    Running contrast 51/2506
deg_analysis.33083348_109.out:    Running contrast 101/2506
deg_analysis.33083348_109.out:    Running contrast 151/2506
deg_analysis.33083348_109.out:    Running contrast 201/2506
deg_analysis.33083348_109.out:    Running contrast 251/2506
deg_analysis.33083348_109.out:    Running contrast 301/2506
deg_analysis.33083348_109.out:    Running contrast 351/2506
deg_analysis.33083348_109.out:    Running contrast 401/2506
deg_analysis.33083348_109.out:    Running contrast 451/2506
deg_analysis.33083348_109.out:    Running contrast 501/2506
deg_analysis.33083348_109.out:    Running contrast 551/2506
deg_analysis.33083348_109.out:    Running contrast 601/2506
deg_analysis.33083348_109.out:    Running contrast 651/2506
deg_analysis.33083348_109.out:    Running contrast 701/2506
deg_analysis.33083348_109.out:    Running contrast 751/2506
deg_analysis.33083348_109.out:    Running contrast 801/2506
deg_analysis.33083348_109.out:    Running contrast 851/2506
deg_analysis.33083348_109.out:    Running contrast 901/2506
deg_analysis.33083348_109.out:    Running contrast 951/2506
deg_analysis.33083348_109.out:    Running contrast 1001/2506
deg_analysis.33083348_109.out:    Running contrast 1051/2506
deg_analysis.33083348_109.out:    Running contrast 1101/2506
deg_analysis.33083348_109.out:    Running contrast 1151/2506
deg_analysis.33083348_109.out:    Running contrast 1201/2506
deg_analysis.33083348_109.out:    Running contrast 1251/2506
deg_analysis.33083348_109.out:    Running contrast 1301/2506
deg_analysis.33083348_109.out:    Running contrast 1351/2506
deg_analysis.33083348_109.out:    Running contrast 1401/2506
deg_analysis.33083348_109.out:    Running contrast 1451/2506
deg_analysis.33083348_109.out:    Running contrast 1501/2506
deg_analysis.33083348_109.out:    Running contrast 1551/2506
deg_analysis.33083348_109.out:    Running contrast 1601/2506
deg_analysis.33083348_109.out:    Running contrast 1651/2506
deg_analysis.33083348_109.out:    Running contrast 1701/2506
deg_analysis.33083348_109.out:    Running contrast 1751/2506
deg_analysis.33083348_109.out:    Running contrast 1801/2506
deg_analysis.33083348_109.out:    Running contrast 1851/2506
deg_analysis.33083348_109.out:    Running contrast 1901/2506
deg_analysis.33083348_109.out:    Running contrast 1951/2506
deg_analysis.33083348_109.out:    Running contrast 2001/2506
deg_analysis.33083348_109.out:    Running contrast 2051/2506
deg_analysis.33083348_109.out:    Running contrast 2101/2506
deg_analysis.33083348_109.out:    Running contrast 2151/2506
deg_analysis.33083348_109.out:    Running contrast 2201/2506
deg_analysis.33083348_109.out:    Running contrast 2251/2506
deg_analysis.33083348_109.out:    Running contrast 2301/2506
deg_analysis.33083348_109.out:    Running contrast 2351/2506
deg_analysis.33083348_109.out:    Running contrast 2401/2506
deg_analysis.33083348_109.out:    Running contrast 2451/2506
deg_analysis.33083348_109.out:    Running contrast 2501/2506
deg_analysis.33083348_109.out:    Running contrast 2506/2506
deg_analysis.33083348_109.out:Contrasts are completed in 8625.6 seconds
deg_analysis.33083348_109.out:
deg_analysis.33083348_109.out:    Writing:  ./data/l1000_phase2/deg_data/sep_rep/full/qc_false/filter_min_cells_0/intermediate/CVCL_5136/CVCL_5136_batch_3_de.h5ad
deg_analysis.33083348_109.out:
deg_analysis.33083348_109.out:    Rewriting h5ad file: ./data/l1000_phase2/deg_data/sep_rep/full/qc_false/filter_min_cells_0/intermediate/CVCL_5136/CVCL_5136_batch_3_de.h5ad
deg_analysis.33083348_109.out:    Removed X matrix
deg_analysis.33083348_109.out:    Rewriting h5ad file is done!
deg_analysis.33083348_109.out:✓ Cell line completed in 8672.3 seconds
deg_analysis.33083348_109.out:
deg_analysis.33083348_109.out:DE analysis completed!
deg_analysis.33083348_109.out:
deg_analysis.33083348_109.out:Total runtime: 8685.0 seconds
deg_analysis.33083349_110.out:
deg_analysis.33083349_110.out:DE analysis started...
deg_analysis.33083349_110.out:Loaded input file:  ./data/l1000_phase2/pseudobulk_processed/sep_rep/by_celltype/CVCL_U602/CVCL_U602_processed_batch_1.h5ad
deg_analysis.33083349_110.out:Initial dimensions:  2719  samples ×  978  genes
deg_analysis.33083349_110.out:Filter samples with the low number of cells
deg_analysis.33083349_110.out:    Filter threshold (min_cells):  0
deg_analysis.33083349_110.out:    Found  2719  samples with sentinel value (-666), keeping all
deg_analysis.33083349_110.out:    n_obs:  2719 -->  2719
deg_analysis.33083349_110.out:
deg_analysis.33083349_110.out:▶︎ Processing cell_type:  CVCL_U602
deg_analysis.33083349_110.out:    Filter controls by  pert_time_h  column
deg_analysis.33083349_110.out:        n_obs:  2719 -->  2719
deg_analysis.33083349_110.out:
deg_analysis.33083349_110.out:    Constructing design matrix...
deg_analysis.33083349_110.out:    Design matrix is constructed in 0.3 seconds
deg_analysis.33083349_110.out:    Design matrix dimensions: 2719 samples × 2513 coefficients
deg_analysis.33083349_110.out:    Skipping filtering and normalization (dataset is already normalized)
deg_analysis.33083349_110.out:    Skipping voom transformation (dataset is already normalized)
deg_analysis.33083349_110.out:    Using as.matrix() directly for lmFit (data assumed to be normalized and log-transformed)...
deg_analysis.33083349_110.out:    as.matrix() prepared in 0.2 seconds
deg_analysis.33083349_110.out:    Running lmFit...
deg_analysis.33083349_110.out:    LmFit is completed in 24.9 seconds
deg_analysis.33083349_110.out:DGE fit is completed in 26.2 seconds
deg_analysis.33083349_110.out:    Running contrasts...
deg_analysis.33083349_110.out:    Running contrast 1/2504
deg_analysis.33083349_110.out:    Running contrast 51/2504
deg_analysis.33083349_110.out:    Running contrast 101/2504
deg_analysis.33083349_110.out:    Running contrast 151/2504
deg_analysis.33083349_110.out:    Running contrast 201/2504
deg_analysis.33083349_110.out:    Running contrast 251/2504
deg_analysis.33083349_110.out:    Running contrast 301/2504
deg_analysis.33083349_110.out:    Running contrast 351/2504
deg_analysis.33083349_110.out:    Running contrast 401/2504
deg_analysis.33083349_110.out:    Running contrast 451/2504
deg_analysis.33083349_110.out:    Running contrast 501/2504
deg_analysis.33083349_110.out:    Running contrast 551/2504
deg_analysis.33083349_110.out:    Running contrast 601/2504
deg_analysis.33083349_110.out:    Running contrast 651/2504
deg_analysis.33083349_110.out:    Running contrast 701/2504
deg_analysis.33083349_110.out:    Running contrast 751/2504
deg_analysis.33083349_110.out:    Running contrast 801/2504
deg_analysis.33083349_110.out:    Running contrast 851/2504
deg_analysis.33083349_110.out:    Running contrast 901/2504
deg_analysis.33083349_110.out:    Running contrast 951/2504
deg_analysis.33083349_110.out:    Running contrast 1001/2504
deg_analysis.33083349_110.out:    Running contrast 1051/2504
deg_analysis.33083349_110.out:    Running contrast 1101/2504
deg_analysis.33083349_110.out:    Running contrast 1151/2504
deg_analysis.33083349_110.out:    Running contrast 1201/2504
deg_analysis.33083349_110.out:    Running contrast 1251/2504
deg_analysis.33083349_110.out:    Running contrast 1301/2504
deg_analysis.33083349_110.out:    Running contrast 1351/2504
deg_analysis.33083349_110.out:    Running contrast 1401/2504
deg_analysis.33083349_110.out:    Running contrast 1451/2504
deg_analysis.33083349_110.out:    Running contrast 1501/2504
deg_analysis.33083349_110.out:    Running contrast 1551/2504
deg_analysis.33083349_110.out:    Running contrast 1601/2504
deg_analysis.33083349_110.out:    Running contrast 1651/2504
deg_analysis.33083349_110.out:    Running contrast 1701/2504
deg_analysis.33083349_110.out:    Running contrast 1751/2504
deg_analysis.33083349_110.out:    Running contrast 1801/2504
deg_analysis.33083349_110.out:    Running contrast 1851/2504
deg_analysis.33083349_110.out:    Running contrast 1901/2504
deg_analysis.33083349_110.out:    Running contrast 1951/2504
deg_analysis.33083349_110.out:    Running contrast 2001/2504
deg_analysis.33083349_110.out:    Running contrast 2051/2504
deg_analysis.33083349_110.out:    Running contrast 2101/2504
deg_analysis.33083349_110.out:    Running contrast 2151/2504
deg_analysis.33083349_110.out:    Running contrast 2201/2504
deg_analysis.33083349_110.out:    Running contrast 2251/2504
deg_analysis.33083349_110.out:    Running contrast 2301/2504
deg_analysis.33083349_110.out:    Running contrast 2351/2504
deg_analysis.33083349_110.out:    Running contrast 2401/2504
deg_analysis.33083349_110.out:    Running contrast 2451/2504
deg_analysis.33083349_110.out:    Running contrast 2501/2504
deg_analysis.33083349_110.out:    Running contrast 2504/2504
deg_analysis.33083349_110.out:Contrasts are completed in 8530.9 seconds
deg_analysis.33083349_110.out:
deg_analysis.33083349_110.out:    Writing:  ./data/l1000_phase2/deg_data/sep_rep/full/qc_false/filter_min_cells_0/intermediate/CVCL_U602/CVCL_U602_batch_1_de.h5ad
deg_analysis.33083349_110.out:
deg_analysis.33083349_110.out:    Rewriting h5ad file: ./data/l1000_phase2/deg_data/sep_rep/full/qc_false/filter_min_cells_0/intermediate/CVCL_U602/CVCL_U602_batch_1_de.h5ad
deg_analysis.33083349_110.out:    Removed X matrix
deg_analysis.33083349_110.out:    Rewriting h5ad file is done!
deg_analysis.33083349_110.out:✓ Cell line completed in 8578.1 seconds
deg_analysis.33083349_110.out:
deg_analysis.33083349_110.out:DE analysis completed!
deg_analysis.33083349_110.out:
deg_analysis.33083349_110.out:Total runtime: 8587.9 seconds
deg_analysis.33083379_111.out:
deg_analysis.33083379_111.out:DE analysis started...
deg_analysis.33083379_111.out:Loaded input file:  ./data/l1000_phase2/pseudobulk_processed/sep_rep/by_celltype/CVCL_U602/CVCL_U602_processed_batch_2.h5ad
deg_analysis.33083379_111.out:Initial dimensions:  2724  samples ×  978  genes
deg_analysis.33083379_111.out:Filter samples with the low number of cells
deg_analysis.33083379_111.out:    Filter threshold (min_cells):  0
deg_analysis.33083379_111.out:    Found  2724  samples with sentinel value (-666), keeping all
deg_analysis.33083379_111.out:    n_obs:  2724 -->  2724
deg_analysis.33083379_111.out:
deg_analysis.33083379_111.out:▶︎ Processing cell_type:  CVCL_U602
deg_analysis.33083379_111.out:    Filter controls by  pert_time_h  column
deg_analysis.33083379_111.out:        n_obs:  2724 -->  2724
deg_analysis.33083379_111.out:
deg_analysis.33083379_111.out:    Constructing design matrix...
deg_analysis.33083379_111.out:    Design matrix is constructed in 0.5 seconds
deg_analysis.33083379_111.out:    Design matrix dimensions: 2724 samples × 2518 coefficients
deg_analysis.33083379_111.out:    Skipping filtering and normalization (dataset is already normalized)
deg_analysis.33083379_111.out:    Skipping voom transformation (dataset is already normalized)
deg_analysis.33083379_111.out:    Using as.matrix() directly for lmFit (data assumed to be normalized and log-transformed)...
deg_analysis.33083379_111.out:    as.matrix() prepared in 0.0 seconds
deg_analysis.33083379_111.out:    Running lmFit...
deg_analysis.33083379_111.out:    LmFit is completed in 26.2 seconds
deg_analysis.33083379_111.out:DGE fit is completed in 27.5 seconds
deg_analysis.33083379_111.out:    Running contrasts...
deg_analysis.33083379_111.out:    Running contrast 1/2509
deg_analysis.33083379_111.out:    Running contrast 51/2509
deg_analysis.33083379_111.out:    Running contrast 101/2509
deg_analysis.33083379_111.out:    Running contrast 151/2509
deg_analysis.33083379_111.out:    Running contrast 201/2509
deg_analysis.33083379_111.out:    Running contrast 251/2509
deg_analysis.33083379_111.out:    Running contrast 301/2509
deg_analysis.33083379_111.out:    Running contrast 351/2509
deg_analysis.33083379_111.out:    Running contrast 401/2509
deg_analysis.33083379_111.out:    Running contrast 451/2509
deg_analysis.33083379_111.out:    Running contrast 501/2509
deg_analysis.33083379_111.out:    Running contrast 551/2509
deg_analysis.33083379_111.out:    Running contrast 601/2509
deg_analysis.33083379_111.out:    Running contrast 651/2509
deg_analysis.33083379_111.out:    Running contrast 701/2509
deg_analysis.33083379_111.out:    Running contrast 751/2509
deg_analysis.33083379_111.out:    Running contrast 801/2509
deg_analysis.33083379_111.out:    Running contrast 851/2509
deg_analysis.33083379_111.out:    Running contrast 901/2509
deg_analysis.33083379_111.out:    Running contrast 951/2509
deg_analysis.33083379_111.out:    Running contrast 1001/2509
deg_analysis.33083379_111.out:    Running contrast 1051/2509
deg_analysis.33083379_111.out:    Running contrast 1101/2509
deg_analysis.33083379_111.out:    Running contrast 1151/2509
deg_analysis.33083379_111.out:    Running contrast 1201/2509
deg_analysis.33083379_111.out:    Running contrast 1251/2509
deg_analysis.33083379_111.out:    Running contrast 1301/2509
deg_analysis.33083379_111.out:    Running contrast 1351/2509
deg_analysis.33083379_111.out:    Running contrast 1401/2509
deg_analysis.33083379_111.out:    Running contrast 1451/2509
deg_analysis.33083379_111.out:    Running contrast 1501/2509
deg_analysis.33083379_111.out:    Running contrast 1551/2509
deg_analysis.33083379_111.out:    Running contrast 1601/2509
deg_analysis.33083379_111.out:    Running contrast 1651/2509
deg_analysis.33083379_111.out:    Running contrast 1701/2509
deg_analysis.33083379_111.out:    Running contrast 1751/2509
deg_analysis.33083379_111.out:    Running contrast 1801/2509
deg_analysis.33083379_111.out:    Running contrast 1851/2509
deg_analysis.33083379_111.out:    Running contrast 1901/2509
deg_analysis.33083379_111.out:    Running contrast 1951/2509
deg_analysis.33083379_111.out:    Running contrast 2001/2509
deg_analysis.33083379_111.out:    Running contrast 2051/2509
deg_analysis.33083379_111.out:    Running contrast 2101/2509
deg_analysis.33083379_111.out:    Running contrast 2151/2509
deg_analysis.33083379_111.out:    Running contrast 2201/2509
deg_analysis.33083379_111.out:    Running contrast 2251/2509
deg_analysis.33083379_111.out:    Running contrast 2301/2509
deg_analysis.33083379_111.out:    Running contrast 2351/2509
deg_analysis.33083379_111.out:    Running contrast 2401/2509
deg_analysis.33083379_111.out:    Running contrast 2451/2509
deg_analysis.33083379_111.out:    Running contrast 2501/2509
deg_analysis.33083379_111.out:    Running contrast 2509/2509
deg_analysis.33083379_111.out:Contrasts are completed in 8656.7 seconds
deg_analysis.33083379_111.out:
deg_analysis.33083379_111.out:    Writing:  ./data/l1000_phase2/deg_data/sep_rep/full/qc_false/filter_min_cells_0/intermediate/CVCL_U602/CVCL_U602_batch_2_de.h5ad
deg_analysis.33083379_111.out:
deg_analysis.33083379_111.out:    Rewriting h5ad file: ./data/l1000_phase2/deg_data/sep_rep/full/qc_false/filter_min_cells_0/intermediate/CVCL_U602/CVCL_U602_batch_2_de.h5ad
deg_analysis.33083379_111.out:    Removed X matrix
deg_analysis.33083379_111.out:    Rewriting h5ad file is done!
deg_analysis.33083379_111.out:✓ Cell line completed in 8703.1 seconds
deg_analysis.33083379_111.out:
deg_analysis.33083379_111.out:DE analysis completed!
deg_analysis.33083379_111.out:
deg_analysis.33083379_111.out:Total runtime: 8713.5 seconds
deg_analysis.33083380_112.out:
deg_analysis.33083380_112.out:DE analysis started...
deg_analysis.33083380_112.out:Loaded input file:  ./data/l1000_phase2/pseudobulk_processed/sep_rep/by_celltype/HA1E/HA1E_processed_batch_10.h5ad
deg_analysis.33083380_112.out:Initial dimensions:  4547  samples ×  978  genes
deg_analysis.33083380_112.out:Filter samples with the low number of cells
deg_analysis.33083380_112.out:    Filter threshold (min_cells):  0
deg_analysis.33083380_112.out:    Found  4547  samples with sentinel value (-666), keeping all
deg_analysis.33083380_112.out:    n_obs:  4547 -->  4547
deg_analysis.33083380_112.out:
deg_analysis.33083380_112.out:▶︎ Processing cell_type:  HA1E
deg_analysis.33083380_112.out:    Filter controls by  pert_time_h  column
deg_analysis.33083380_112.out:        n_obs:  4547 -->  4547
deg_analysis.33083380_112.out:
deg_analysis.33083380_112.out:    Constructing design matrix...
deg_analysis.33083380_112.out:    Design matrix is constructed in 0.5 seconds
deg_analysis.33083380_112.out:    Design matrix dimensions: 4547 samples × 2616 coefficients
deg_analysis.33083380_112.out:    Skipping filtering and normalization (dataset is already normalized)
deg_analysis.33083380_112.out:    Skipping voom transformation (dataset is already normalized)
deg_analysis.33083380_112.out:    Using as.matrix() directly for lmFit (data assumed to be normalized and log-transformed)...
deg_analysis.33083380_112.out:    as.matrix() prepared in 0.1 seconds
deg_analysis.33083380_112.out:    Running lmFit...
deg_analysis.33083380_112.out:    LmFit is completed in 51.7 seconds
deg_analysis.33083380_112.out:DGE fit is completed in 53.5 seconds
deg_analysis.33083380_112.out:    Running contrasts...
deg_analysis.33083380_112.out:    Running contrast 1/2517
deg_analysis.33083380_112.out:    Running contrast 51/2517
deg_analysis.33083380_112.out:    Running contrast 101/2517
deg_analysis.33083380_112.out:    Running contrast 151/2517
deg_analysis.33083380_112.out:    Running contrast 201/2517
deg_analysis.33083380_112.out:    Running contrast 251/2517
deg_analysis.33083380_112.out:    Running contrast 301/2517
deg_analysis.33083380_112.out:    Running contrast 351/2517
deg_analysis.33083380_112.out:    Running contrast 401/2517
deg_analysis.33083380_112.out:    Running contrast 451/2517
deg_analysis.33083380_112.out:    Running contrast 501/2517
deg_analysis.33083380_112.out:    Running contrast 551/2517
deg_analysis.33083380_112.out:    Running contrast 601/2517
deg_analysis.33083380_112.out:    Running contrast 651/2517
deg_analysis.33083380_112.out:    Running contrast 701/2517
deg_analysis.33083380_112.out:    Running contrast 751/2517
deg_analysis.33083380_112.out:    Running contrast 801/2517
deg_analysis.33083380_112.out:    Running contrast 851/2517
deg_analysis.33083380_112.out:    Running contrast 901/2517
deg_analysis.33083380_112.out:    Running contrast 951/2517
deg_analysis.33083380_112.out:    Running contrast 1001/2517
deg_analysis.33083380_112.out:    Running contrast 1051/2517
deg_analysis.33083380_112.out:    Running contrast 1101/2517
deg_analysis.33083380_112.out:    Running contrast 1151/2517
deg_analysis.33083380_112.out:    Running contrast 1201/2517
deg_analysis.33083380_112.out:    Running contrast 1251/2517
deg_analysis.33083380_112.out:    Running contrast 1301/2517
deg_analysis.33083380_112.out:    Running contrast 1351/2517
deg_analysis.33083380_112.out:    Running contrast 1401/2517
deg_analysis.33083380_112.out:    Running contrast 1451/2517
deg_analysis.33083380_112.out:    Running contrast 1501/2517
deg_analysis.33083380_112.out:    Running contrast 1551/2517
deg_analysis.33083380_112.out:    Running contrast 1601/2517
deg_analysis.33083380_112.out:    Running contrast 1651/2517
deg_analysis.33083380_112.out:    Running contrast 1701/2517
deg_analysis.33083380_112.out:    Running contrast 1751/2517
deg_analysis.33083380_112.out:    Running contrast 1801/2517
deg_analysis.33083380_112.out:    Running contrast 1851/2517
deg_analysis.33083380_112.out:    Running contrast 1901/2517
deg_analysis.33083380_112.out:    Running contrast 1951/2517
deg_analysis.33083380_112.out:    Running contrast 2001/2517
deg_analysis.33083380_112.out:    Running contrast 2051/2517
deg_analysis.33083380_112.out:    Running contrast 2101/2517
deg_analysis.33083380_112.out:    Running contrast 2151/2517
deg_analysis.33083380_112.out:    Running contrast 2201/2517
deg_analysis.33083380_112.out:    Running contrast 2251/2517
deg_analysis.33083380_112.out:    Running contrast 2301/2517
deg_analysis.33083380_112.out:    Running contrast 2351/2517
deg_analysis.33083380_112.out:    Running contrast 2401/2517
deg_analysis.33083380_112.out:    Running contrast 2451/2517
deg_analysis.33083380_112.out:    Running contrast 2501/2517
deg_analysis.33083380_112.out:    Running contrast 2517/2517
deg_analysis.33083380_112.out:Contrasts are completed in 10057.4 seconds
deg_analysis.33083380_112.out:
deg_analysis.33083380_112.out:    Writing:  ./data/l1000_phase2/deg_data/sep_rep/full/qc_false/filter_min_cells_0/intermediate/HA1E/HA1E_batch_10_de.h5ad
deg_analysis.33083380_112.out:
deg_analysis.33083380_112.out:    Rewriting h5ad file: ./data/l1000_phase2/deg_data/sep_rep/full/qc_false/filter_min_cells_0/intermediate/HA1E/HA1E_batch_10_de.h5ad
deg_analysis.33083380_112.out:    Removed X matrix
deg_analysis.33083380_112.out:    Rewriting h5ad file is done!
deg_analysis.33083380_112.out:✓ Cell line completed in 10129.7 seconds
deg_analysis.33083380_112.out:
deg_analysis.33083380_112.out:DE analysis completed!
deg_analysis.33083380_112.out:
deg_analysis.33083380_112.out:Total runtime: 10140.1 seconds
deg_analysis.33083402_113.out:
deg_analysis.33083402_113.out:DE analysis started...
deg_analysis.33083402_113.out:Loaded input file:  ./data/l1000_phase2/pseudobulk_processed/sep_rep/by_celltype/HA1E/HA1E_processed_batch_11.h5ad
deg_analysis.33083402_113.out:Initial dimensions:  4533  samples ×  978  genes
deg_analysis.33083402_113.out:Filter samples with the low number of cells
deg_analysis.33083402_113.out:    Filter threshold (min_cells):  0
deg_analysis.33083402_113.out:    Found  4533  samples with sentinel value (-666), keeping all
deg_analysis.33083402_113.out:    n_obs:  4533 -->  4533
deg_analysis.33083402_113.out:
deg_analysis.33083402_113.out:▶︎ Processing cell_type:  HA1E
deg_analysis.33083402_113.out:    Filter controls by  pert_time_h  column
deg_analysis.33083402_113.out:        n_obs:  4533 -->  4533
deg_analysis.33083402_113.out:
deg_analysis.33083402_113.out:    Constructing design matrix...
deg_analysis.33083402_113.out:    Design matrix is constructed in 0.6 seconds
deg_analysis.33083402_113.out:    Design matrix dimensions: 4533 samples × 2602 coefficients
deg_analysis.33083402_113.out:    Skipping filtering and normalization (dataset is already normalized)
deg_analysis.33083402_113.out:    Skipping voom transformation (dataset is already normalized)
deg_analysis.33083402_113.out:    Using as.matrix() directly for lmFit (data assumed to be normalized and log-transformed)...
deg_analysis.33083402_113.out:    as.matrix() prepared in 0.1 seconds
deg_analysis.33083402_113.out:    Running lmFit...
deg_analysis.33083402_113.out:    LmFit is completed in 54.2 seconds
deg_analysis.33083402_113.out:DGE fit is completed in 56.1 seconds
deg_analysis.33083402_113.out:    Running contrasts...
deg_analysis.33083402_113.out:    Running contrast 1/2503
deg_analysis.33083402_113.out:    Running contrast 51/2503
deg_analysis.33083402_113.out:    Running contrast 101/2503
deg_analysis.33083402_113.out:    Running contrast 151/2503
deg_analysis.33083402_113.out:    Running contrast 201/2503
deg_analysis.33083402_113.out:    Running contrast 251/2503
deg_analysis.33083402_113.out:    Running contrast 301/2503
deg_analysis.33083402_113.out:    Running contrast 351/2503
deg_analysis.33083402_113.out:    Running contrast 401/2503
deg_analysis.33083402_113.out:    Running contrast 451/2503
deg_analysis.33083402_113.out:    Running contrast 501/2503
deg_analysis.33083402_113.out:    Running contrast 551/2503
deg_analysis.33083402_113.out:    Running contrast 601/2503
deg_analysis.33083402_113.out:    Running contrast 651/2503
deg_analysis.33083402_113.out:    Running contrast 701/2503
deg_analysis.33083402_113.out:    Running contrast 751/2503
deg_analysis.33083402_113.out:    Running contrast 801/2503
deg_analysis.33083402_113.out:    Running contrast 851/2503
deg_analysis.33083402_113.out:    Running contrast 901/2503
deg_analysis.33083402_113.out:    Running contrast 951/2503
deg_analysis.33083402_113.out:    Running contrast 1001/2503
deg_analysis.33083402_113.out:    Running contrast 1051/2503
deg_analysis.33083402_113.out:    Running contrast 1101/2503
deg_analysis.33083402_113.out:    Running contrast 1151/2503
deg_analysis.33083402_113.out:    Running contrast 1201/2503
deg_analysis.33083402_113.out:    Running contrast 1251/2503
deg_analysis.33083402_113.out:    Running contrast 1301/2503
deg_analysis.33083402_113.out:    Running contrast 1351/2503
deg_analysis.33083402_113.out:    Running contrast 1401/2503
deg_analysis.33083402_113.out:    Running contrast 1451/2503
deg_analysis.33083402_113.out:    Running contrast 1501/2503
deg_analysis.33083402_113.out:    Running contrast 1551/2503
deg_analysis.33083402_113.out:    Running contrast 1601/2503
deg_analysis.33083402_113.out:    Running contrast 1651/2503
deg_analysis.33083402_113.out:    Running contrast 1701/2503
deg_analysis.33083402_113.out:    Running contrast 1751/2503
deg_analysis.33083402_113.out:    Running contrast 1801/2503
deg_analysis.33083402_113.out:    Running contrast 1851/2503
deg_analysis.33083402_113.out:    Running contrast 1901/2503
deg_analysis.33083402_113.out:    Running contrast 1951/2503
deg_analysis.33083402_113.out:    Running contrast 2001/2503
deg_analysis.33083402_113.out:    Running contrast 2051/2503
deg_analysis.33083402_113.out:    Running contrast 2101/2503
deg_analysis.33083402_113.out:    Running contrast 2151/2503
deg_analysis.33083402_113.out:    Running contrast 2201/2503
deg_analysis.33083402_113.out:    Running contrast 2251/2503
deg_analysis.33083402_113.out:    Running contrast 2301/2503
deg_analysis.33083402_113.out:    Running contrast 2351/2503
deg_analysis.33083402_113.out:    Running contrast 2401/2503
deg_analysis.33083402_113.out:    Running contrast 2451/2503
deg_analysis.33083402_113.out:    Running contrast 2501/2503
deg_analysis.33083402_113.out:    Running contrast 2503/2503
deg_analysis.33083402_113.out:Contrasts are completed in 10056.8 seconds
deg_analysis.33083402_113.out:
deg_analysis.33083402_113.out:    Writing:  ./data/l1000_phase2/deg_data/sep_rep/full/qc_false/filter_min_cells_0/intermediate/HA1E/HA1E_batch_11_de.h5ad
deg_analysis.33083402_113.out:
deg_analysis.33083402_113.out:    Rewriting h5ad file: ./data/l1000_phase2/deg_data/sep_rep/full/qc_false/filter_min_cells_0/intermediate/HA1E/HA1E_batch_11_de.h5ad
deg_analysis.33083402_113.out:    Removed X matrix
deg_analysis.33083402_113.out:    Rewriting h5ad file is done!
deg_analysis.33083402_113.out:✓ Cell line completed in 10131.1 seconds
deg_analysis.33083402_113.out:
deg_analysis.33083402_113.out:DE analysis completed!
deg_analysis.33083402_113.out:
deg_analysis.33083402_113.out:Total runtime: 10141.6 seconds
deg_analysis.33083403_114.out:
deg_analysis.33083403_114.out:DE analysis started...
deg_analysis.33083403_114.out:Loaded input file:  ./data/l1000_phase2/pseudobulk_processed/sep_rep/by_celltype/HA1E/HA1E_processed_batch_12.h5ad
deg_analysis.33083403_114.out:Initial dimensions:  4547  samples ×  978  genes
deg_analysis.33083403_114.out:Filter samples with the low number of cells
deg_analysis.33083403_114.out:    Filter threshold (min_cells):  0
deg_analysis.33083403_114.out:    Found  4547  samples with sentinel value (-666), keeping all
deg_analysis.33083403_114.out:    n_obs:  4547 -->  4547
deg_analysis.33083403_114.out:
deg_analysis.33083403_114.out:▶︎ Processing cell_type:  HA1E
deg_analysis.33083403_114.out:    Filter controls by  pert_time_h  column
deg_analysis.33083403_114.out:        n_obs:  4547 -->  4547
deg_analysis.33083403_114.out:
deg_analysis.33083403_114.out:    Constructing design matrix...
deg_analysis.33083403_114.out:    Design matrix is constructed in 0.5 seconds
deg_analysis.33083403_114.out:    Design matrix dimensions: 4547 samples × 2616 coefficients
deg_analysis.33083403_114.out:    Skipping filtering and normalization (dataset is already normalized)
deg_analysis.33083403_114.out:    Skipping voom transformation (dataset is already normalized)
deg_analysis.33083403_114.out:    Using as.matrix() directly for lmFit (data assumed to be normalized and log-transformed)...
deg_analysis.33083403_114.out:    as.matrix() prepared in 0.0 seconds
deg_analysis.33083403_114.out:    Running lmFit...
deg_analysis.33083403_114.out:    LmFit is completed in 41.2 seconds
deg_analysis.33083403_114.out:DGE fit is completed in 42.6 seconds
deg_analysis.33083403_114.out:    Running contrasts...
deg_analysis.33083403_114.out:    Running contrast 1/2517
deg_analysis.33083403_114.out:    Running contrast 51/2517
deg_analysis.33083403_114.out:    Running contrast 101/2517
deg_analysis.33083403_114.out:    Running contrast 151/2517
deg_analysis.33083403_114.out:    Running contrast 201/2517
deg_analysis.33083403_114.out:    Running contrast 251/2517
deg_analysis.33083403_114.out:    Running contrast 301/2517
deg_analysis.33083403_114.out:    Running contrast 351/2517
deg_analysis.33083403_114.out:    Running contrast 401/2517
deg_analysis.33083403_114.out:    Running contrast 451/2517
deg_analysis.33083403_114.out:    Running contrast 501/2517
deg_analysis.33083403_114.out:    Running contrast 551/2517
deg_analysis.33083403_114.out:    Running contrast 601/2517
deg_analysis.33083403_114.out:    Running contrast 651/2517
deg_analysis.33083403_114.out:    Running contrast 701/2517
deg_analysis.33083403_114.out:    Running contrast 751/2517
deg_analysis.33083403_114.out:    Running contrast 801/2517
deg_analysis.33083403_114.out:    Running contrast 851/2517
deg_analysis.33083403_114.out:    Running contrast 901/2517
deg_analysis.33083403_114.out:    Running contrast 951/2517
deg_analysis.33083403_114.out:    Running contrast 1001/2517
deg_analysis.33083403_114.out:    Running contrast 1051/2517
deg_analysis.33083403_114.out:    Running contrast 1101/2517
deg_analysis.33083403_114.out:    Running contrast 1151/2517
deg_analysis.33083403_114.out:    Running contrast 1201/2517
deg_analysis.33083403_114.out:    Running contrast 1251/2517
deg_analysis.33083403_114.out:    Running contrast 1301/2517
deg_analysis.33083403_114.out:    Running contrast 1351/2517
deg_analysis.33083403_114.out:    Running contrast 1401/2517
deg_analysis.33083403_114.out:    Running contrast 1451/2517
deg_analysis.33083403_114.out:    Running contrast 1501/2517
deg_analysis.33083403_114.out:    Running contrast 1551/2517
deg_analysis.33083403_114.out:    Running contrast 1601/2517
deg_analysis.33083403_114.out:    Running contrast 1651/2517
deg_analysis.33083403_114.out:    Running contrast 1701/2517
deg_analysis.33083403_114.out:    Running contrast 1751/2517
deg_analysis.33083403_114.out:    Running contrast 1801/2517
deg_analysis.33083403_114.out:    Running contrast 1851/2517
deg_analysis.33083403_114.out:    Running contrast 1901/2517
deg_analysis.33083403_114.out:    Running contrast 1951/2517
deg_analysis.33083403_114.out:    Running contrast 2001/2517
deg_analysis.33083403_114.out:    Running contrast 2051/2517
deg_analysis.33083403_114.out:    Running contrast 2101/2517
deg_analysis.33083403_114.out:    Running contrast 2151/2517
deg_analysis.33083403_114.out:    Running contrast 2201/2517
deg_analysis.33083403_114.out:    Running contrast 2251/2517
deg_analysis.33083403_114.out:    Running contrast 2301/2517
deg_analysis.33083403_114.out:    Running contrast 2351/2517
deg_analysis.33083403_114.out:    Running contrast 2401/2517
deg_analysis.33083403_114.out:    Running contrast 2451/2517
deg_analysis.33083403_114.out:    Running contrast 2501/2517
deg_analysis.33083403_114.out:    Running contrast 2517/2517
deg_analysis.33083403_114.out:Contrasts are completed in 6366.9 seconds
deg_analysis.33083403_114.out:
deg_analysis.33083403_114.out:    Writing:  ./data/l1000_phase2/deg_data/sep_rep/full/qc_false/filter_min_cells_0/intermediate/HA1E/HA1E_batch_12_de.h5ad
deg_analysis.33083403_114.out:
deg_analysis.33083403_114.out:    Rewriting h5ad file: ./data/l1000_phase2/deg_data/sep_rep/full/qc_false/filter_min_cells_0/intermediate/HA1E/HA1E_batch_12_de.h5ad
deg_analysis.33083403_114.out:    Removed X matrix
deg_analysis.33083403_114.out:    Rewriting h5ad file is done!
deg_analysis.33083403_114.out:✓ Cell line completed in 6427.0 seconds
deg_analysis.33083403_114.out:
deg_analysis.33083403_114.out:DE analysis completed!
deg_analysis.33083403_114.out:
deg_analysis.33083403_114.out:Total runtime: 6439.6 seconds
deg_analysis.33083403_114.err:During startup - Warning messages:
deg_analysis.33083403_114.err:1: Setting LC_CTYPE failed, using "C"
deg_analysis.33083403_114.err:2: Setting LC_COLLATE failed, using "C"
deg_analysis.33083403_114.err:3: Setting LC_TIME failed, using "C"
deg_analysis.33083403_114.err:4: Setting LC_MESSAGES failed, using "C"
deg_analysis.33083403_114.err:5: Setting LC_MONETARY failed, using "C"
deg_analysis.33083403_114.err:6: Setting LC_PAPER failed, using "C"
deg_analysis.33083403_114.err:7: Setting LC_MEASUREMENT failed, using "C"
deg_analysis.33083405_115.out:
deg_analysis.33083405_115.out:DE analysis started...
deg_analysis.33083405_115.out:Loaded input file:  ./data/l1000_phase2/pseudobulk_processed/sep_rep/by_celltype/HA1E/HA1E_processed_batch_13.h5ad
deg_analysis.33083405_115.out:Initial dimensions:  4545  samples ×  978  genes
deg_analysis.33083405_115.out:Filter samples with the low number of cells
deg_analysis.33083405_115.out:    Filter threshold (min_cells):  0
deg_analysis.33083405_115.out:    Found  4545  samples with sentinel value (-666), keeping all
deg_analysis.33083405_115.out:    n_obs:  4545 -->  4545
deg_analysis.33083405_115.out:
deg_analysis.33083405_115.out:▶︎ Processing cell_type:  HA1E
deg_analysis.33083405_115.out:    Filter controls by  pert_time_h  column
deg_analysis.33083405_115.out:        n_obs:  4545 -->  4545
deg_analysis.33083405_115.out:
deg_analysis.33083405_115.out:    Constructing design matrix...
deg_analysis.33083405_115.out:    Design matrix is constructed in 0.4 seconds
deg_analysis.33083405_115.out:    Design matrix dimensions: 4545 samples × 2614 coefficients
deg_analysis.33083405_115.out:    Skipping filtering and normalization (dataset is already normalized)
deg_analysis.33083405_115.out:    Skipping voom transformation (dataset is already normalized)
deg_analysis.33083405_115.out:    Using as.matrix() directly for lmFit (data assumed to be normalized and log-transformed)...
deg_analysis.33083405_115.out:    as.matrix() prepared in 0.0 seconds
deg_analysis.33083405_115.out:    Running lmFit...
deg_analysis.33083405_115.out:    LmFit is completed in 37.6 seconds
deg_analysis.33083405_115.out:DGE fit is completed in 38.9 seconds
deg_analysis.33083405_115.out:    Running contrasts...
deg_analysis.33083405_115.out:    Running contrast 1/2515
deg_analysis.33083405_115.out:    Running contrast 51/2515
deg_analysis.33083405_115.out:    Running contrast 101/2515
deg_analysis.33083405_115.out:    Running contrast 151/2515
deg_analysis.33083405_115.out:    Running contrast 201/2515
deg_analysis.33083405_115.out:    Running contrast 251/2515
deg_analysis.33083405_115.out:    Running contrast 301/2515
deg_analysis.33083405_115.out:    Running contrast 351/2515
deg_analysis.33083405_115.out:    Running contrast 401/2515
deg_analysis.33083405_115.out:    Running contrast 451/2515
deg_analysis.33083405_115.out:    Running contrast 501/2515
deg_analysis.33083405_115.out:    Running contrast 551/2515
deg_analysis.33083405_115.out:    Running contrast 601/2515
deg_analysis.33083405_115.out:    Running contrast 651/2515
deg_analysis.33083405_115.out:    Running contrast 701/2515
deg_analysis.33083405_115.out:    Running contrast 751/2515
deg_analysis.33083405_115.out:    Running contrast 801/2515
deg_analysis.33083405_115.out:    Running contrast 851/2515
deg_analysis.33083405_115.out:    Running contrast 901/2515
deg_analysis.33083405_115.out:    Running contrast 951/2515
deg_analysis.33083405_115.out:    Running contrast 1001/2515
deg_analysis.33083405_115.out:    Running contrast 1051/2515
deg_analysis.33083405_115.out:    Running contrast 1101/2515
deg_analysis.33083405_115.out:    Running contrast 1151/2515
deg_analysis.33083405_115.out:    Running contrast 1201/2515
deg_analysis.33083405_115.out:    Running contrast 1251/2515
deg_analysis.33083405_115.out:    Running contrast 1301/2515
deg_analysis.33083405_115.out:    Running contrast 1351/2515
deg_analysis.33083405_115.out:    Running contrast 1401/2515
deg_analysis.33083405_115.out:    Running contrast 1451/2515
deg_analysis.33083405_115.out:    Running contrast 1501/2515
deg_analysis.33083405_115.out:    Running contrast 1551/2515
deg_analysis.33083405_115.out:    Running contrast 1601/2515
deg_analysis.33083405_115.out:    Running contrast 1651/2515
deg_analysis.33083405_115.out:    Running contrast 1701/2515
deg_analysis.33083405_115.out:    Running contrast 1751/2515
deg_analysis.33083405_115.out:    Running contrast 1801/2515
deg_analysis.33083405_115.out:    Running contrast 1851/2515
deg_analysis.33083405_115.out:    Running contrast 1901/2515
deg_analysis.33083405_115.out:    Running contrast 1951/2515
deg_analysis.33083405_115.out:    Running contrast 2001/2515
deg_analysis.33083405_115.out:    Running contrast 2051/2515
deg_analysis.33083405_115.out:    Running contrast 2101/2515
deg_analysis.33083405_115.out:    Running contrast 2151/2515
deg_analysis.33083405_115.out:    Running contrast 2201/2515
deg_analysis.33083405_115.out:    Running contrast 2251/2515
deg_analysis.33083405_115.out:    Running contrast 2301/2515
deg_analysis.33083405_115.out:    Running contrast 2351/2515
deg_analysis.33083405_115.out:    Running contrast 2401/2515
deg_analysis.33083405_115.out:    Running contrast 2451/2515
deg_analysis.33083405_115.out:    Running contrast 2501/2515
deg_analysis.33083405_115.out:    Running contrast 2515/2515
deg_analysis.33083405_115.out:Contrasts are completed in 6357.9 seconds
deg_analysis.33083405_115.out:
deg_analysis.33083405_115.out:    Writing:  ./data/l1000_phase2/deg_data/sep_rep/full/qc_false/filter_min_cells_0/intermediate/HA1E/HA1E_batch_13_de.h5ad
deg_analysis.33083405_115.out:
deg_analysis.33083405_115.out:    Rewriting h5ad file: ./data/l1000_phase2/deg_data/sep_rep/full/qc_false/filter_min_cells_0/intermediate/HA1E/HA1E_batch_13_de.h5ad
deg_analysis.33083405_115.out:    Removed X matrix
deg_analysis.33083405_115.out:    Rewriting h5ad file is done!
deg_analysis.33083405_115.out:✓ Cell line completed in 6414.1 seconds
deg_analysis.33083405_115.out:
deg_analysis.33083405_115.out:DE analysis completed!
deg_analysis.33083405_115.out:
deg_analysis.33083405_115.out:Total runtime: 6422.1 seconds
deg_analysis.33083405_115.err:During startup - Warning messages:
deg_analysis.33083405_115.err:1: Setting LC_CTYPE failed, using "C"
deg_analysis.33083405_115.err:2: Setting LC_COLLATE failed, using "C"
deg_analysis.33083405_115.err:3: Setting LC_TIME failed, using "C"
deg_analysis.33083405_115.err:4: Setting LC_MESSAGES failed, using "C"
deg_analysis.33083405_115.err:5: Setting LC_MONETARY failed, using "C"
deg_analysis.33083405_115.err:6: Setting LC_PAPER failed, using "C"
deg_analysis.33083405_115.err:7: Setting LC_MEASUREMENT failed, using "C"
deg_analysis.33083411_116.out:
deg_analysis.33083411_116.out:DE analysis started...
deg_analysis.33083411_116.out:Loaded input file:  ./data/l1000_phase2/pseudobulk_processed/sep_rep/by_celltype/HA1E/HA1E_processed_batch_14.h5ad
deg_analysis.33083411_116.out:Initial dimensions:  4549  samples ×  978  genes
deg_analysis.33083411_116.out:Filter samples with the low number of cells
deg_analysis.33083411_116.out:    Filter threshold (min_cells):  0
deg_analysis.33083411_116.out:    Found  4549  samples with sentinel value (-666), keeping all
deg_analysis.33083411_116.out:    n_obs:  4549 -->  4549
deg_analysis.33083411_116.out:
deg_analysis.33083411_116.out:▶︎ Processing cell_type:  HA1E
deg_analysis.33083411_116.out:    Filter controls by  pert_time_h  column
deg_analysis.33083411_116.out:        n_obs:  4549 -->  4549
deg_analysis.33083411_116.out:
deg_analysis.33083411_116.out:    Constructing design matrix...
deg_analysis.33083411_116.out:    Design matrix is constructed in 0.6 seconds
deg_analysis.33083411_116.out:    Design matrix dimensions: 4549 samples × 2618 coefficients
deg_analysis.33083411_116.out:    Skipping filtering and normalization (dataset is already normalized)
deg_analysis.33083411_116.out:    Skipping voom transformation (dataset is already normalized)
deg_analysis.33083411_116.out:    Using as.matrix() directly for lmFit (data assumed to be normalized and log-transformed)...
deg_analysis.33083411_116.out:    as.matrix() prepared in 0.1 seconds
deg_analysis.33083411_116.out:    Running lmFit...
deg_analysis.33083411_116.out:    LmFit is completed in 56.8 seconds
deg_analysis.33083411_116.out:DGE fit is completed in 58.7 seconds
deg_analysis.33083411_116.out:    Running contrasts...
deg_analysis.33083411_116.out:    Running contrast 1/2519
deg_analysis.33083411_116.out:    Running contrast 51/2519
deg_analysis.33083411_116.out:    Running contrast 101/2519
deg_analysis.33083411_116.out:    Running contrast 151/2519
deg_analysis.33083411_116.out:    Running contrast 201/2519
deg_analysis.33083411_116.out:    Running contrast 251/2519
deg_analysis.33083411_116.out:    Running contrast 301/2519
deg_analysis.33083411_116.out:    Running contrast 351/2519
deg_analysis.33083411_116.out:    Running contrast 401/2519
deg_analysis.33083411_116.out:    Running contrast 451/2519
deg_analysis.33083411_116.out:    Running contrast 501/2519
deg_analysis.33083411_116.out:    Running contrast 551/2519
deg_analysis.33083411_116.out:    Running contrast 601/2519
deg_analysis.33083411_116.out:    Running contrast 651/2519
deg_analysis.33083411_116.out:    Running contrast 701/2519
deg_analysis.33083411_116.out:    Running contrast 751/2519
deg_analysis.33083411_116.out:    Running contrast 801/2519
deg_analysis.33083411_116.out:    Running contrast 851/2519
deg_analysis.33083411_116.out:    Running contrast 901/2519
deg_analysis.33083411_116.out:    Running contrast 951/2519
deg_analysis.33083411_116.out:    Running contrast 1001/2519
deg_analysis.33083411_116.out:    Running contrast 1051/2519
deg_analysis.33083411_116.out:    Running contrast 1101/2519
deg_analysis.33083411_116.out:    Running contrast 1151/2519
deg_analysis.33083411_116.out:    Running contrast 1201/2519
deg_analysis.33083411_116.out:    Running contrast 1251/2519
deg_analysis.33083411_116.out:    Running contrast 1301/2519
deg_analysis.33083411_116.out:    Running contrast 1351/2519
deg_analysis.33083411_116.out:    Running contrast 1401/2519
deg_analysis.33083411_116.out:    Running contrast 1451/2519
deg_analysis.33083411_116.out:    Running contrast 1501/2519
deg_analysis.33083411_116.out:    Running contrast 1551/2519
deg_analysis.33083411_116.out:    Running contrast 1601/2519
deg_analysis.33083411_116.out:    Running contrast 1651/2519
deg_analysis.33083411_116.out:    Running contrast 1701/2519
deg_analysis.33083411_116.out:    Running contrast 1751/2519
deg_analysis.33083411_116.out:    Running contrast 1801/2519
deg_analysis.33083411_116.out:    Running contrast 1851/2519
deg_analysis.33083411_116.out:    Running contrast 1901/2519
deg_analysis.33083411_116.out:    Running contrast 1951/2519
deg_analysis.33083411_116.out:    Running contrast 2001/2519
deg_analysis.33083411_116.out:    Running contrast 2051/2519
deg_analysis.33083411_116.out:    Running contrast 2101/2519
deg_analysis.33083411_116.out:    Running contrast 2151/2519
deg_analysis.33083411_116.out:    Running contrast 2201/2519
deg_analysis.33083411_116.out:    Running contrast 2251/2519
deg_analysis.33083411_116.out:    Running contrast 2301/2519
deg_analysis.33083411_116.out:    Running contrast 2351/2519
deg_analysis.33083411_116.out:    Running contrast 2401/2519
deg_analysis.33083411_116.out:    Running contrast 2451/2519
deg_analysis.33083411_116.out:    Running contrast 2501/2519
deg_analysis.33083411_116.out:    Running contrast 2519/2519
deg_analysis.33083411_116.out:Contrasts are completed in 9793.7 seconds
deg_analysis.33083411_116.out:
deg_analysis.33083411_116.out:    Writing:  ./data/l1000_phase2/deg_data/sep_rep/full/qc_false/filter_min_cells_0/intermediate/HA1E/HA1E_batch_14_de.h5ad
deg_analysis.33083411_116.out:
deg_analysis.33083411_116.out:    Rewriting h5ad file: ./data/l1000_phase2/deg_data/sep_rep/full/qc_false/filter_min_cells_0/intermediate/HA1E/HA1E_batch_14_de.h5ad
deg_analysis.33083411_116.out:    Removed X matrix
deg_analysis.33083411_116.out:    Rewriting h5ad file is done!
deg_analysis.33083411_116.out:✓ Cell line completed in 9871.5 seconds
deg_analysis.33083411_116.out:
deg_analysis.33083411_116.out:DE analysis completed!
deg_analysis.33083411_116.out:
deg_analysis.33083411_116.out:Total runtime: 9887.1 seconds
deg_analysis.33083521_117.out:
deg_analysis.33083521_117.out:DE analysis started...
deg_analysis.33083521_117.out:Loaded input file:  ./data/l1000_phase2/pseudobulk_processed/sep_rep/by_celltype/HA1E/HA1E_processed_batch_1.h5ad
deg_analysis.33083521_117.out:Initial dimensions:  4540  samples ×  978  genes
deg_analysis.33083521_117.out:Filter samples with the low number of cells
deg_analysis.33083521_117.out:    Filter threshold (min_cells):  0
deg_analysis.33083521_117.out:    Found  4540  samples with sentinel value (-666), keeping all
deg_analysis.33083521_117.out:    n_obs:  4540 -->  4540
deg_analysis.33083521_117.out:
deg_analysis.33083521_117.out:▶︎ Processing cell_type:  HA1E
deg_analysis.33083521_117.out:    Filter controls by  pert_time_h  column
deg_analysis.33083521_117.out:        n_obs:  4540 -->  4540
deg_analysis.33083521_117.out:
deg_analysis.33083521_117.out:    Constructing design matrix...
deg_analysis.33083521_117.out:    Design matrix is constructed in 0.4 seconds
deg_analysis.33083521_117.out:    Design matrix dimensions: 4540 samples × 2609 coefficients
deg_analysis.33083521_117.out:    Skipping filtering and normalization (dataset is already normalized)
deg_analysis.33083521_117.out:    Skipping voom transformation (dataset is already normalized)
deg_analysis.33083521_117.out:    Using as.matrix() directly for lmFit (data assumed to be normalized and log-transformed)...
deg_analysis.33083521_117.out:    as.matrix() prepared in 0.0 seconds
deg_analysis.33083521_117.out:    Running lmFit...
deg_analysis.33083521_117.out:    LmFit is completed in 15.8 seconds
deg_analysis.33083521_117.out:DGE fit is completed in 17.0 seconds
deg_analysis.33083521_117.out:    Running contrasts...
deg_analysis.33083521_117.out:    Running contrast 1/2510
deg_analysis.33083521_117.out:    Running contrast 51/2510
deg_analysis.33083521_117.out:    Running contrast 101/2510
deg_analysis.33083521_117.out:    Running contrast 151/2510
deg_analysis.33083521_117.out:    Running contrast 201/2510
deg_analysis.33083521_117.out:    Running contrast 251/2510
deg_analysis.33083521_117.out:    Running contrast 301/2510
deg_analysis.33083521_117.out:    Running contrast 351/2510
deg_analysis.33083521_117.out:    Running contrast 401/2510
deg_analysis.33083521_117.out:    Running contrast 451/2510
deg_analysis.33083521_117.out:    Running contrast 501/2510
deg_analysis.33083521_117.out:    Running contrast 551/2510
deg_analysis.33083521_117.out:    Running contrast 601/2510
deg_analysis.33083521_117.out:    Running contrast 651/2510
deg_analysis.33083521_117.out:    Running contrast 701/2510
deg_analysis.33083521_117.out:    Running contrast 751/2510
deg_analysis.33083521_117.out:    Running contrast 801/2510
deg_analysis.33083521_117.out:    Running contrast 851/2510
deg_analysis.33083521_117.out:    Running contrast 901/2510
deg_analysis.33083521_117.out:    Running contrast 951/2510
deg_analysis.33083521_117.out:    Running contrast 1001/2510
deg_analysis.33083521_117.out:    Running contrast 1051/2510
deg_analysis.33083521_117.out:    Running contrast 1101/2510
deg_analysis.33083521_117.out:    Running contrast 1151/2510
deg_analysis.33083521_117.out:    Running contrast 1201/2510
deg_analysis.33083521_117.out:    Running contrast 1251/2510
deg_analysis.33083521_117.out:    Running contrast 1301/2510
deg_analysis.33083521_117.out:    Running contrast 1351/2510
deg_analysis.33083521_117.out:    Running contrast 1401/2510
deg_analysis.33083521_117.out:    Running contrast 1451/2510
deg_analysis.33083521_117.out:    Running contrast 1501/2510
deg_analysis.33083521_117.out:    Running contrast 1551/2510
deg_analysis.33083521_117.out:    Running contrast 1601/2510
deg_analysis.33083521_117.out:    Running contrast 1651/2510
deg_analysis.33083521_117.out:    Running contrast 1701/2510
deg_analysis.33083521_117.out:    Running contrast 1751/2510
deg_analysis.33083521_117.out:    Running contrast 1801/2510
deg_analysis.33083521_117.out:    Running contrast 1851/2510
deg_analysis.33083521_117.out:    Running contrast 1901/2510
deg_analysis.33083521_117.out:    Running contrast 1951/2510
deg_analysis.33083521_117.out:    Running contrast 2001/2510
deg_analysis.33083521_117.out:    Running contrast 2051/2510
deg_analysis.33083521_117.out:    Running contrast 2101/2510
deg_analysis.33083521_117.out:    Running contrast 2151/2510
deg_analysis.33083521_117.out:    Running contrast 2201/2510
deg_analysis.33083521_117.out:    Running contrast 2251/2510
deg_analysis.33083521_117.out:    Running contrast 2301/2510
deg_analysis.33083521_117.out:    Running contrast 2351/2510
deg_analysis.33083521_117.out:    Running contrast 2401/2510
deg_analysis.33083521_117.out:    Running contrast 2451/2510
deg_analysis.33083521_117.out:    Running contrast 2501/2510
deg_analysis.33083521_117.out:    Running contrast 2510/2510
deg_analysis.33083521_117.out:Contrasts are completed in 4066.5 seconds
deg_analysis.33083521_117.out:
deg_analysis.33083521_117.out:    Writing:  ./data/l1000_phase2/deg_data/sep_rep/full/qc_false/filter_min_cells_0/intermediate/HA1E/HA1E_batch_1_de.h5ad
deg_analysis.33083521_117.out:
deg_analysis.33083521_117.out:    Rewriting h5ad file: ./data/l1000_phase2/deg_data/sep_rep/full/qc_false/filter_min_cells_0/intermediate/HA1E/HA1E_batch_1_de.h5ad
deg_analysis.33083521_117.out:    Removed X matrix
deg_analysis.33083521_117.out:    Rewriting h5ad file is done!
deg_analysis.33083521_117.out:✓ Cell line completed in 4096.5 seconds
deg_analysis.33083521_117.out:
deg_analysis.33083521_117.out:DE analysis completed!
deg_analysis.33083521_117.out:
deg_analysis.33083521_117.out:Total runtime: 4109.5 seconds
deg_analysis.33083554_118.out:
deg_analysis.33083554_118.out:DE analysis started...
deg_analysis.33083554_118.out:Loaded input file:  ./data/l1000_phase2/pseudobulk_processed/sep_rep/by_celltype/HA1E/HA1E_processed_batch_2.h5ad
deg_analysis.33083554_118.out:Initial dimensions:  4536  samples ×  978  genes
deg_analysis.33083554_118.out:Filter samples with the low number of cells
deg_analysis.33083554_118.out:    Filter threshold (min_cells):  0
deg_analysis.33083554_118.out:    Found  4536  samples with sentinel value (-666), keeping all
deg_analysis.33083554_118.out:    n_obs:  4536 -->  4536
deg_analysis.33083554_118.out:
deg_analysis.33083554_118.out:▶︎ Processing cell_type:  HA1E
deg_analysis.33083554_118.out:    Filter controls by  pert_time_h  column
deg_analysis.33083554_118.out:        n_obs:  4536 -->  4536
deg_analysis.33083554_118.out:
deg_analysis.33083554_118.out:    Constructing design matrix...
deg_analysis.33083554_118.out:    Design matrix is constructed in 0.6 seconds
deg_analysis.33083554_118.out:    Design matrix dimensions: 4536 samples × 2605 coefficients
deg_analysis.33083554_118.out:    Skipping filtering and normalization (dataset is already normalized)
deg_analysis.33083554_118.out:    Skipping voom transformation (dataset is already normalized)
deg_analysis.33083554_118.out:    Using as.matrix() directly for lmFit (data assumed to be normalized and log-transformed)...
deg_analysis.33083554_118.out:    as.matrix() prepared in 0.1 seconds
deg_analysis.33083554_118.out:    Running lmFit...
deg_analysis.33083554_118.out:    LmFit is completed in 50.3 seconds
deg_analysis.33083554_118.out:DGE fit is completed in 52.1 seconds
deg_analysis.33083554_118.out:    Running contrasts...
deg_analysis.33083554_118.out:    Running contrast 1/2506
deg_analysis.33083554_118.out:    Running contrast 51/2506
deg_analysis.33083554_118.out:    Running contrast 101/2506
deg_analysis.33083554_118.out:    Running contrast 151/2506
deg_analysis.33083554_118.out:    Running contrast 201/2506
deg_analysis.33083554_118.out:    Running contrast 251/2506
deg_analysis.33083554_118.out:    Running contrast 301/2506
deg_analysis.33083554_118.out:    Running contrast 351/2506
deg_analysis.33083554_118.out:    Running contrast 401/2506
deg_analysis.33083554_118.out:    Running contrast 451/2506
deg_analysis.33083554_118.out:    Running contrast 501/2506
deg_analysis.33083554_118.out:    Running contrast 551/2506
deg_analysis.33083554_118.out:    Running contrast 601/2506
deg_analysis.33083554_118.out:    Running contrast 651/2506
deg_analysis.33083554_118.out:    Running contrast 701/2506
deg_analysis.33083554_118.out:    Running contrast 751/2506
deg_analysis.33083554_118.out:    Running contrast 801/2506
deg_analysis.33083554_118.out:    Running contrast 851/2506
deg_analysis.33083554_118.out:    Running contrast 901/2506
deg_analysis.33083554_118.out:    Running contrast 951/2506
deg_analysis.33083554_118.out:    Running contrast 1001/2506
deg_analysis.33083554_118.out:    Running contrast 1051/2506
deg_analysis.33083554_118.out:    Running contrast 1101/2506
deg_analysis.33083554_118.out:    Running contrast 1151/2506
deg_analysis.33083554_118.out:    Running contrast 1201/2506
deg_analysis.33083554_118.out:    Running contrast 1251/2506
deg_analysis.33083554_118.out:    Running contrast 1301/2506
deg_analysis.33083554_118.out:    Running contrast 1351/2506
deg_analysis.33083554_118.out:    Running contrast 1401/2506
deg_analysis.33083554_118.out:    Running contrast 1451/2506
deg_analysis.33083554_118.out:    Running contrast 1501/2506
deg_analysis.33083554_118.out:    Running contrast 1551/2506
deg_analysis.33083554_118.out:    Running contrast 1601/2506
deg_analysis.33083554_118.out:    Running contrast 1651/2506
deg_analysis.33083554_118.out:    Running contrast 1701/2506
deg_analysis.33083554_118.out:    Running contrast 1751/2506
deg_analysis.33083554_118.out:    Running contrast 1801/2506
deg_analysis.33083554_118.out:    Running contrast 1851/2506
deg_analysis.33083554_118.out:    Running contrast 1901/2506
deg_analysis.33083554_118.out:    Running contrast 1951/2506
deg_analysis.33083554_118.out:    Running contrast 2001/2506
deg_analysis.33083554_118.out:    Running contrast 2051/2506
deg_analysis.33083554_118.out:    Running contrast 2101/2506
deg_analysis.33083554_118.out:    Running contrast 2151/2506
deg_analysis.33083554_118.out:    Running contrast 2201/2506
deg_analysis.33083554_118.out:    Running contrast 2251/2506
deg_analysis.33083554_118.out:    Running contrast 2301/2506
deg_analysis.33083554_118.out:    Running contrast 2351/2506
deg_analysis.33083554_118.out:    Running contrast 2401/2506
deg_analysis.33083554_118.out:    Running contrast 2451/2506
deg_analysis.33083554_118.out:    Running contrast 2501/2506
deg_analysis.33083554_118.out:    Running contrast 2506/2506
deg_analysis.33083554_118.out:Contrasts are completed in 9260.0 seconds
deg_analysis.33083554_118.out:
deg_analysis.33083554_118.out:    Writing:  ./data/l1000_phase2/deg_data/sep_rep/full/qc_false/filter_min_cells_0/intermediate/HA1E/HA1E_batch_2_de.h5ad
deg_analysis.33083554_118.out:
deg_analysis.33083554_118.out:    Rewriting h5ad file: ./data/l1000_phase2/deg_data/sep_rep/full/qc_false/filter_min_cells_0/intermediate/HA1E/HA1E_batch_2_de.h5ad
deg_analysis.33083554_118.out:    Removed X matrix
deg_analysis.33083554_118.out:    Rewriting h5ad file is done!
deg_analysis.33083554_118.out:✓ Cell line completed in 9331.0 seconds
deg_analysis.33083554_118.out:
deg_analysis.33083554_118.out:DE analysis completed!
deg_analysis.33083554_118.out:
deg_analysis.33083554_118.out:Total runtime: 9382.9 seconds
deg_analysis.33083640_119.out:
deg_analysis.33083640_119.out:DE analysis started...
deg_analysis.33083640_119.out:Loaded input file:  ./data/l1000_phase2/pseudobulk_processed/sep_rep/by_celltype/HA1E/HA1E_processed_batch_3.h5ad
deg_analysis.33083640_119.out:Initial dimensions:  4534  samples ×  978  genes
deg_analysis.33083640_119.out:Filter samples with the low number of cells
deg_analysis.33083640_119.out:    Filter threshold (min_cells):  0
deg_analysis.33083640_119.out:    Found  4534  samples with sentinel value (-666), keeping all
deg_analysis.33083640_119.out:    n_obs:  4534 -->  4534
deg_analysis.33083640_119.out:
deg_analysis.33083640_119.out:▶︎ Processing cell_type:  HA1E
deg_analysis.33083640_119.out:    Filter controls by  pert_time_h  column
deg_analysis.33083640_119.out:        n_obs:  4534 -->  4534
deg_analysis.33083640_119.out:
deg_analysis.33083640_119.out:    Constructing design matrix...
deg_analysis.33083640_119.out:    Design matrix is constructed in 0.5 seconds
deg_analysis.33083640_119.out:    Design matrix dimensions: 4534 samples × 2603 coefficients
deg_analysis.33083640_119.out:    Skipping filtering and normalization (dataset is already normalized)
deg_analysis.33083640_119.out:    Skipping voom transformation (dataset is already normalized)
deg_analysis.33083640_119.out:    Using as.matrix() directly for lmFit (data assumed to be normalized and log-transformed)...
deg_analysis.33083640_119.out:    as.matrix() prepared in 0.0 seconds
deg_analysis.33083640_119.out:    Running lmFit...
deg_analysis.33083640_119.out:    LmFit is completed in 35.6 seconds
deg_analysis.33083640_119.out:DGE fit is completed in 37.1 seconds
deg_analysis.33083640_119.out:    Running contrasts...
deg_analysis.33083640_119.out:    Running contrast 1/2504
deg_analysis.33083640_119.out:    Running contrast 51/2504
deg_analysis.33083640_119.out:    Running contrast 101/2504
deg_analysis.33083640_119.out:    Running contrast 151/2504
deg_analysis.33083640_119.out:    Running contrast 201/2504
deg_analysis.33083640_119.out:    Running contrast 251/2504
deg_analysis.33083640_119.out:    Running contrast 301/2504
deg_analysis.33083640_119.out:    Running contrast 351/2504
deg_analysis.33083640_119.out:    Running contrast 401/2504
deg_analysis.33083640_119.out:    Running contrast 451/2504
deg_analysis.33083640_119.out:    Running contrast 501/2504
deg_analysis.33083640_119.out:    Running contrast 551/2504
deg_analysis.33083640_119.out:    Running contrast 601/2504
deg_analysis.33083640_119.out:    Running contrast 651/2504
deg_analysis.33083640_119.out:    Running contrast 701/2504
deg_analysis.33083640_119.out:    Running contrast 751/2504
deg_analysis.33083640_119.out:    Running contrast 801/2504
deg_analysis.33083640_119.out:    Running contrast 851/2504
deg_analysis.33083640_119.out:    Running contrast 901/2504
deg_analysis.33083640_119.out:    Running contrast 951/2504
deg_analysis.33083640_119.out:    Running contrast 1001/2504
deg_analysis.33083640_119.out:    Running contrast 1051/2504
deg_analysis.33083640_119.out:    Running contrast 1101/2504
deg_analysis.33083640_119.out:    Running contrast 1151/2504
deg_analysis.33083640_119.out:    Running contrast 1201/2504
deg_analysis.33083640_119.out:    Running contrast 1251/2504
deg_analysis.33083640_119.out:    Running contrast 1301/2504
deg_analysis.33083640_119.out:    Running contrast 1351/2504
deg_analysis.33083640_119.out:    Running contrast 1401/2504
deg_analysis.33083640_119.out:    Running contrast 1451/2504
deg_analysis.33083640_119.out:    Running contrast 1501/2504
deg_analysis.33083640_119.out:    Running contrast 1551/2504
deg_analysis.33083640_119.out:    Running contrast 1601/2504
deg_analysis.33083640_119.out:    Running contrast 1651/2504
deg_analysis.33083640_119.out:    Running contrast 1701/2504
deg_analysis.33083640_119.out:    Running contrast 1751/2504
deg_analysis.33083640_119.out:    Running contrast 1801/2504
deg_analysis.33083640_119.out:    Running contrast 1851/2504
deg_analysis.33083640_119.out:    Running contrast 1901/2504
deg_analysis.33083640_119.out:    Running contrast 1951/2504
deg_analysis.33083640_119.out:    Running contrast 2001/2504
deg_analysis.33083640_119.out:    Running contrast 2051/2504
deg_analysis.33083640_119.out:    Running contrast 2101/2504
deg_analysis.33083640_119.out:    Running contrast 2151/2504
deg_analysis.33083640_119.out:    Running contrast 2201/2504
deg_analysis.33083640_119.out:    Running contrast 2251/2504
deg_analysis.33083640_119.out:    Running contrast 2301/2504
deg_analysis.33083640_119.out:    Running contrast 2351/2504
deg_analysis.33083640_119.out:    Running contrast 2401/2504
deg_analysis.33083640_119.out:    Running contrast 2451/2504
deg_analysis.33083640_119.out:    Running contrast 2501/2504
deg_analysis.33083640_119.out:    Running contrast 2504/2504
deg_analysis.33083640_119.out:Contrasts are completed in 6087.4 seconds
deg_analysis.33083640_119.out:
deg_analysis.33083640_119.out:    Writing:  ./data/l1000_phase2/deg_data/sep_rep/full/qc_false/filter_min_cells_0/intermediate/HA1E/HA1E_batch_3_de.h5ad
deg_analysis.33083640_119.out:
deg_analysis.33083640_119.out:    Rewriting h5ad file: ./data/l1000_phase2/deg_data/sep_rep/full/qc_false/filter_min_cells_0/intermediate/HA1E/HA1E_batch_3_de.h5ad
deg_analysis.33083640_119.out:    Removed X matrix
deg_analysis.33083640_119.out:    Rewriting h5ad file is done!
deg_analysis.33083640_119.out:✓ Cell line completed in 6140.1 seconds
deg_analysis.33083640_119.out:
deg_analysis.33083640_119.out:DE analysis completed!
deg_analysis.33083640_119.out:
deg_analysis.33083640_119.out:Total runtime: 6151.3 seconds
deg_analysis.33083640_119.err:During startup - Warning messages:
deg_analysis.33083640_119.err:1: Setting LC_CTYPE failed, using "C"
deg_analysis.33083640_119.err:2: Setting LC_COLLATE failed, using "C"
deg_analysis.33083640_119.err:3: Setting LC_TIME failed, using "C"
deg_analysis.33083640_119.err:4: Setting LC_MESSAGES failed, using "C"
deg_analysis.33083640_119.err:5: Setting LC_MONETARY failed, using "C"
deg_analysis.33083640_119.err:6: Setting LC_PAPER failed, using "C"
deg_analysis.33083640_119.err:7: Setting LC_MEASUREMENT failed, using "C"
deg_analysis.33083641_120.out:
deg_analysis.33083641_120.out:DE analysis started...
deg_analysis.33083641_120.out:Loaded input file:  ./data/l1000_phase2/pseudobulk_processed/sep_rep/by_celltype/HA1E/HA1E_processed_batch_4.h5ad
deg_analysis.33083641_120.out:Initial dimensions:  4546  samples ×  978  genes
deg_analysis.33083641_120.out:Filter samples with the low number of cells
deg_analysis.33083641_120.out:    Filter threshold (min_cells):  0
deg_analysis.33083641_120.out:    Found  4546  samples with sentinel value (-666), keeping all
deg_analysis.33083641_120.out:    n_obs:  4546 -->  4546
deg_analysis.33083641_120.out:
deg_analysis.33083641_120.out:▶︎ Processing cell_type:  HA1E
deg_analysis.33083641_120.out:    Filter controls by  pert_time_h  column
deg_analysis.33083641_120.out:        n_obs:  4546 -->  4546
deg_analysis.33083641_120.out:
deg_analysis.33083641_120.out:    Constructing design matrix...
deg_analysis.33083641_120.out:    Design matrix is constructed in 0.4 seconds
deg_analysis.33083641_120.out:    Design matrix dimensions: 4546 samples × 2615 coefficients
deg_analysis.33083641_120.out:    Skipping filtering and normalization (dataset is already normalized)
deg_analysis.33083641_120.out:    Skipping voom transformation (dataset is already normalized)
deg_analysis.33083641_120.out:    Using as.matrix() directly for lmFit (data assumed to be normalized and log-transformed)...
deg_analysis.33083641_120.out:    as.matrix() prepared in 0.0 seconds
deg_analysis.33083641_120.out:    Running lmFit...
deg_analysis.33083641_120.out:    LmFit is completed in 26.8 seconds
deg_analysis.33083641_120.out:DGE fit is completed in 27.9 seconds
deg_analysis.33083641_120.out:    Running contrasts...
deg_analysis.33083641_120.out:    Running contrast 1/2516
deg_analysis.33083641_120.out:    Running contrast 51/2516
deg_analysis.33083641_120.out:    Running contrast 101/2516
deg_analysis.33083641_120.out:    Running contrast 151/2516
deg_analysis.33083641_120.out:    Running contrast 201/2516
deg_analysis.33083641_120.out:    Running contrast 251/2516
deg_analysis.33083641_120.out:    Running contrast 301/2516
deg_analysis.33083641_120.out:    Running contrast 351/2516
deg_analysis.33083641_120.out:    Running contrast 401/2516
deg_analysis.33083641_120.out:    Running contrast 451/2516
deg_analysis.33083641_120.out:    Running contrast 501/2516
deg_analysis.33083641_120.out:    Running contrast 551/2516
deg_analysis.33083641_120.out:    Running contrast 601/2516
deg_analysis.33083641_120.out:    Running contrast 651/2516
deg_analysis.33083641_120.out:    Running contrast 701/2516
deg_analysis.33083641_120.out:    Running contrast 751/2516
deg_analysis.33083641_120.out:    Running contrast 801/2516
deg_analysis.33083641_120.out:    Running contrast 851/2516
deg_analysis.33083641_120.out:    Running contrast 901/2516
deg_analysis.33083641_120.out:    Running contrast 951/2516
deg_analysis.33083641_120.out:    Running contrast 1001/2516
deg_analysis.33083641_120.out:    Running contrast 1051/2516
deg_analysis.33083641_120.out:    Running contrast 1101/2516
deg_analysis.33083641_120.out:    Running contrast 1151/2516
deg_analysis.33083641_120.out:    Running contrast 1201/2516
deg_analysis.33083641_120.out:    Running contrast 1251/2516
deg_analysis.33083641_120.out:    Running contrast 1301/2516
deg_analysis.33083641_120.out:    Running contrast 1351/2516
deg_analysis.33083641_120.out:    Running contrast 1401/2516
deg_analysis.33083641_120.out:    Running contrast 1451/2516
deg_analysis.33083641_120.out:    Running contrast 1501/2516
deg_analysis.33083641_120.out:    Running contrast 1551/2516
deg_analysis.33083641_120.out:    Running contrast 1601/2516
deg_analysis.33083641_120.out:    Running contrast 1651/2516
deg_analysis.33083641_120.out:    Running contrast 1701/2516
deg_analysis.33083641_120.out:    Running contrast 1751/2516
deg_analysis.33083641_120.out:    Running contrast 1801/2516
deg_analysis.33083641_120.out:    Running contrast 1851/2516
deg_analysis.33083641_120.out:    Running contrast 1901/2516
deg_analysis.33083641_120.out:    Running contrast 1951/2516
deg_analysis.33083641_120.out:    Running contrast 2001/2516
deg_analysis.33083641_120.out:    Running contrast 2051/2516
deg_analysis.33083641_120.out:    Running contrast 2101/2516
deg_analysis.33083641_120.out:    Running contrast 2151/2516
deg_analysis.33083641_120.out:    Running contrast 2201/2516
deg_analysis.33083641_120.out:    Running contrast 2251/2516
deg_analysis.33083641_120.out:    Running contrast 2301/2516
deg_analysis.33083641_120.out:    Running contrast 2351/2516
deg_analysis.33083641_120.out:    Running contrast 2401/2516
deg_analysis.33083641_120.out:    Running contrast 2451/2516
deg_analysis.33083641_120.out:    Running contrast 2501/2516
deg_analysis.33083641_120.out:    Running contrast 2516/2516
deg_analysis.33083641_120.out:Contrasts are completed in 5913.4 seconds
deg_analysis.33083641_120.out:
deg_analysis.33083641_120.out:    Writing:  ./data/l1000_phase2/deg_data/sep_rep/full/qc_false/filter_min_cells_0/intermediate/HA1E/HA1E_batch_4_de.h5ad
deg_analysis.33083641_120.out:
deg_analysis.33083641_120.out:    Rewriting h5ad file: ./data/l1000_phase2/deg_data/sep_rep/full/qc_false/filter_min_cells_0/intermediate/HA1E/HA1E_batch_4_de.h5ad
deg_analysis.33083641_120.out:    Removed X matrix
deg_analysis.33083641_120.out:    Rewriting h5ad file is done!
deg_analysis.33083641_120.out:✓ Cell line completed in 5956.0 seconds
deg_analysis.33083641_120.out:
deg_analysis.33083641_120.out:DE analysis completed!
deg_analysis.33083641_120.out:
deg_analysis.33083641_120.out:Total runtime: 5963.9 seconds
deg_analysis.33083641_120.err:During startup - Warning messages:
deg_analysis.33083641_120.err:1: Setting LC_CTYPE failed, using "C"
deg_analysis.33083641_120.err:2: Setting LC_COLLATE failed, using "C"
deg_analysis.33083641_120.err:3: Setting LC_TIME failed, using "C"
deg_analysis.33083641_120.err:4: Setting LC_MESSAGES failed, using "C"
deg_analysis.33083641_120.err:5: Setting LC_MONETARY failed, using "C"
deg_analysis.33083641_120.err:6: Setting LC_PAPER failed, using "C"
deg_analysis.33083641_120.err:7: Setting LC_MEASUREMENT failed, using "C"
deg_analysis.33083659_121.out:
deg_analysis.33083659_121.out:DE analysis started...
deg_analysis.33083659_121.out:Loaded input file:  ./data/l1000_phase2/pseudobulk_processed/sep_rep/by_celltype/HA1E/HA1E_processed_batch_5.h5ad
deg_analysis.33083659_121.out:Initial dimensions:  4531  samples ×  978  genes
deg_analysis.33083659_121.out:Filter samples with the low number of cells
deg_analysis.33083659_121.out:    Filter threshold (min_cells):  0
deg_analysis.33083659_121.out:    Found  4531  samples with sentinel value (-666), keeping all
deg_analysis.33083659_121.out:    n_obs:  4531 -->  4531
deg_analysis.33083659_121.out:
deg_analysis.33083659_121.out:▶︎ Processing cell_type:  HA1E
deg_analysis.33083659_121.out:    Filter controls by  pert_time_h  column
deg_analysis.33083659_121.out:        n_obs:  4531 -->  4531
deg_analysis.33083659_121.out:
deg_analysis.33083659_121.out:    Constructing design matrix...
deg_analysis.33083659_121.out:    Design matrix is constructed in 0.5 seconds
deg_analysis.33083659_121.out:    Design matrix dimensions: 4531 samples × 2600 coefficients
deg_analysis.33083659_121.out:    Skipping filtering and normalization (dataset is already normalized)
deg_analysis.33083659_121.out:    Skipping voom transformation (dataset is already normalized)
deg_analysis.33083659_121.out:    Using as.matrix() directly for lmFit (data assumed to be normalized and log-transformed)...
deg_analysis.33083659_121.out:    as.matrix() prepared in 0.1 seconds
deg_analysis.33083659_121.out:    Running lmFit...
deg_analysis.33083659_121.out:    LmFit is completed in 47.8 seconds
deg_analysis.33083659_121.out:DGE fit is completed in 49.4 seconds
deg_analysis.33083659_121.out:    Running contrasts...
deg_analysis.33083659_121.out:    Running contrast 1/2501
deg_analysis.33083659_121.out:    Running contrast 51/2501
deg_analysis.33083659_121.out:    Running contrast 101/2501
deg_analysis.33083659_121.out:    Running contrast 151/2501
deg_analysis.33083659_121.out:    Running contrast 201/2501
deg_analysis.33083659_121.out:    Running contrast 251/2501
deg_analysis.33083659_121.out:    Running contrast 301/2501
deg_analysis.33083659_121.out:    Running contrast 351/2501
deg_analysis.33083659_121.out:    Running contrast 401/2501
deg_analysis.33083659_121.out:    Running contrast 451/2501
deg_analysis.33083659_121.out:    Running contrast 501/2501
deg_analysis.33083659_121.out:    Running contrast 551/2501
deg_analysis.33083659_121.out:    Running contrast 601/2501
deg_analysis.33083659_121.out:    Running contrast 651/2501
deg_analysis.33083659_121.out:    Running contrast 701/2501
deg_analysis.33083659_121.out:    Running contrast 751/2501
deg_analysis.33083659_121.out:    Running contrast 801/2501
deg_analysis.33083659_121.out:    Running contrast 851/2501
deg_analysis.33083659_121.out:    Running contrast 901/2501
deg_analysis.33083659_121.out:    Running contrast 951/2501
deg_analysis.33083659_121.out:    Running contrast 1001/2501
deg_analysis.33083659_121.out:    Running contrast 1051/2501
deg_analysis.33083659_121.out:    Running contrast 1101/2501
deg_analysis.33083659_121.out:    Running contrast 1151/2501
deg_analysis.33083659_121.out:    Running contrast 1201/2501
deg_analysis.33083659_121.out:    Running contrast 1251/2501
deg_analysis.33083659_121.out:    Running contrast 1301/2501
deg_analysis.33083659_121.out:    Running contrast 1351/2501
deg_analysis.33083659_121.out:    Running contrast 1401/2501
deg_analysis.33083659_121.out:    Running contrast 1451/2501
deg_analysis.33083659_121.out:    Running contrast 1501/2501
deg_analysis.33083659_121.out:    Running contrast 1551/2501
deg_analysis.33083659_121.out:    Running contrast 1601/2501
deg_analysis.33083659_121.out:    Running contrast 1651/2501
deg_analysis.33083659_121.out:    Running contrast 1701/2501
deg_analysis.33083659_121.out:    Running contrast 1751/2501
deg_analysis.33083659_121.out:    Running contrast 1801/2501
deg_analysis.33083659_121.out:    Running contrast 1851/2501
deg_analysis.33083659_121.out:    Running contrast 1901/2501
deg_analysis.33083659_121.out:    Running contrast 1951/2501
deg_analysis.33083659_121.out:    Running contrast 2001/2501
deg_analysis.33083659_121.out:    Running contrast 2051/2501
deg_analysis.33083659_121.out:    Running contrast 2101/2501
deg_analysis.33083659_121.out:    Running contrast 2151/2501
deg_analysis.33083659_121.out:    Running contrast 2201/2501
deg_analysis.33083659_121.out:    Running contrast 2251/2501
deg_analysis.33083659_121.out:    Running contrast 2301/2501
deg_analysis.33083659_121.out:    Running contrast 2351/2501
deg_analysis.33083659_121.out:    Running contrast 2401/2501
deg_analysis.33083659_121.out:    Running contrast 2451/2501
deg_analysis.33083659_121.out:    Running contrast 2501/2501
deg_analysis.33083659_121.out:Contrasts are completed in 8867.0 seconds
deg_analysis.33083659_121.out:
deg_analysis.33083659_121.out:    Writing:  ./data/l1000_phase2/deg_data/sep_rep/full/qc_false/filter_min_cells_0/intermediate/HA1E/HA1E_batch_5_de.h5ad
deg_analysis.33083659_121.out:
deg_analysis.33083659_121.out:    Rewriting h5ad file: ./data/l1000_phase2/deg_data/sep_rep/full/qc_false/filter_min_cells_0/intermediate/HA1E/HA1E_batch_5_de.h5ad
deg_analysis.33083659_121.out:    Removed X matrix
deg_analysis.33083659_121.out:    Rewriting h5ad file is done!
deg_analysis.33083659_121.out:✓ Cell line completed in 8934.3 seconds
deg_analysis.33083659_121.out:
deg_analysis.33083659_121.out:DE analysis completed!
deg_analysis.33083659_121.out:
deg_analysis.33083659_121.out:Total runtime: 8948.5 seconds
deg_analysis.33083666_122.out:
deg_analysis.33083666_122.out:DE analysis started...
deg_analysis.33083666_122.out:Loaded input file:  ./data/l1000_phase2/pseudobulk_processed/sep_rep/by_celltype/HA1E/HA1E_processed_batch_6.h5ad
deg_analysis.33083666_122.out:Initial dimensions:  4542  samples ×  978  genes
deg_analysis.33083666_122.out:Filter samples with the low number of cells
deg_analysis.33083666_122.out:    Filter threshold (min_cells):  0
deg_analysis.33083666_122.out:    Found  4542  samples with sentinel value (-666), keeping all
deg_analysis.33083666_122.out:    n_obs:  4542 -->  4542
deg_analysis.33083666_122.out:
deg_analysis.33083666_122.out:▶︎ Processing cell_type:  HA1E
deg_analysis.33083666_122.out:    Filter controls by  pert_time_h  column
deg_analysis.33083666_122.out:        n_obs:  4542 -->  4542
deg_analysis.33083666_122.out:
deg_analysis.33083666_122.out:    Constructing design matrix...
deg_analysis.33083666_122.out:    Design matrix is constructed in 0.5 seconds
deg_analysis.33083666_122.out:    Design matrix dimensions: 4542 samples × 2611 coefficients
deg_analysis.33083666_122.out:    Skipping filtering and normalization (dataset is already normalized)
deg_analysis.33083666_122.out:    Skipping voom transformation (dataset is already normalized)
deg_analysis.33083666_122.out:    Using as.matrix() directly for lmFit (data assumed to be normalized and log-transformed)...
deg_analysis.33083666_122.out:    as.matrix() prepared in 0.1 seconds
deg_analysis.33083666_122.out:    Running lmFit...
deg_analysis.33083666_122.out:    LmFit is completed in 48.9 seconds
deg_analysis.33083666_122.out:DGE fit is completed in 50.5 seconds
deg_analysis.33083666_122.out:    Running contrasts...
deg_analysis.33083666_122.out:    Running contrast 1/2512
deg_analysis.33083666_122.out:    Running contrast 51/2512
deg_analysis.33083666_122.out:    Running contrast 101/2512
deg_analysis.33083666_122.out:    Running contrast 151/2512
deg_analysis.33083666_122.out:    Running contrast 201/2512
deg_analysis.33083666_122.out:    Running contrast 251/2512
deg_analysis.33083666_122.out:    Running contrast 301/2512
deg_analysis.33083666_122.out:    Running contrast 351/2512
deg_analysis.33083666_122.out:    Running contrast 401/2512
deg_analysis.33083666_122.out:    Running contrast 451/2512
deg_analysis.33083666_122.out:    Running contrast 501/2512
deg_analysis.33083666_122.out:    Running contrast 551/2512
deg_analysis.33083666_122.out:    Running contrast 601/2512
deg_analysis.33083666_122.out:    Running contrast 651/2512
deg_analysis.33083666_122.out:    Running contrast 701/2512
deg_analysis.33083666_122.out:    Running contrast 751/2512
deg_analysis.33083666_122.out:    Running contrast 801/2512
deg_analysis.33083666_122.out:    Running contrast 851/2512
deg_analysis.33083666_122.out:    Running contrast 901/2512
deg_analysis.33083666_122.out:    Running contrast 951/2512
deg_analysis.33083666_122.out:    Running contrast 1001/2512
deg_analysis.33083666_122.out:    Running contrast 1051/2512
deg_analysis.33083666_122.out:    Running contrast 1101/2512
deg_analysis.33083666_122.out:    Running contrast 1151/2512
deg_analysis.33083666_122.out:    Running contrast 1201/2512
deg_analysis.33083666_122.out:    Running contrast 1251/2512
deg_analysis.33083666_122.out:    Running contrast 1301/2512
deg_analysis.33083666_122.out:    Running contrast 1351/2512
deg_analysis.33083666_122.out:    Running contrast 1401/2512
deg_analysis.33083666_122.out:    Running contrast 1451/2512
deg_analysis.33083666_122.out:    Running contrast 1501/2512
deg_analysis.33083666_122.out:    Running contrast 1551/2512
deg_analysis.33083666_122.out:    Running contrast 1601/2512
deg_analysis.33083666_122.out:    Running contrast 1651/2512
deg_analysis.33083666_122.out:    Running contrast 1701/2512
deg_analysis.33083666_122.out:    Running contrast 1751/2512
deg_analysis.33083666_122.out:    Running contrast 1801/2512
deg_analysis.33083666_122.out:    Running contrast 1851/2512
deg_analysis.33083666_122.out:    Running contrast 1901/2512
deg_analysis.33083666_122.out:    Running contrast 1951/2512
deg_analysis.33083666_122.out:    Running contrast 2001/2512
deg_analysis.33083666_122.out:    Running contrast 2051/2512
deg_analysis.33083666_122.out:    Running contrast 2101/2512
deg_analysis.33083666_122.out:    Running contrast 2151/2512
deg_analysis.33083666_122.out:    Running contrast 2201/2512
deg_analysis.33083666_122.out:    Running contrast 2251/2512
deg_analysis.33083666_122.out:    Running contrast 2301/2512
deg_analysis.33083666_122.out:    Running contrast 2351/2512
deg_analysis.33083666_122.out:    Running contrast 2401/2512
deg_analysis.33083666_122.out:    Running contrast 2451/2512
deg_analysis.33083666_122.out:    Running contrast 2501/2512
deg_analysis.33083666_122.out:    Running contrast 2512/2512
deg_analysis.33083666_122.out:Contrasts are completed in 8942.6 seconds
deg_analysis.33083666_122.out:
deg_analysis.33083666_122.out:    Writing:  ./data/l1000_phase2/deg_data/sep_rep/full/qc_false/filter_min_cells_0/intermediate/HA1E/HA1E_batch_6_de.h5ad
deg_analysis.33083666_122.out:
deg_analysis.33083666_122.out:    Rewriting h5ad file: ./data/l1000_phase2/deg_data/sep_rep/full/qc_false/filter_min_cells_0/intermediate/HA1E/HA1E_batch_6_de.h5ad
deg_analysis.33083666_122.out:    Removed X matrix
deg_analysis.33083666_122.out:    Rewriting h5ad file is done!
deg_analysis.33083666_122.out:✓ Cell line completed in 9010.7 seconds
deg_analysis.33083666_122.out:
deg_analysis.33083666_122.out:DE analysis completed!
deg_analysis.33083666_122.out:
deg_analysis.33083666_122.out:Total runtime: 9020.5 seconds
deg_analysis.33083668_123.out:
deg_analysis.33083668_123.out:DE analysis started...
deg_analysis.33083668_123.out:Loaded input file:  ./data/l1000_phase2/pseudobulk_processed/sep_rep/by_celltype/HA1E/HA1E_processed_batch_7.h5ad
deg_analysis.33083668_123.out:Initial dimensions:  4530  samples ×  978  genes
deg_analysis.33083668_123.out:Filter samples with the low number of cells
deg_analysis.33083668_123.out:    Filter threshold (min_cells):  0
deg_analysis.33083668_123.out:    Found  4530  samples with sentinel value (-666), keeping all
deg_analysis.33083668_123.out:    n_obs:  4530 -->  4530
deg_analysis.33083668_123.out:
deg_analysis.33083668_123.out:▶︎ Processing cell_type:  HA1E
deg_analysis.33083668_123.out:    Filter controls by  pert_time_h  column
deg_analysis.33083668_123.out:        n_obs:  4530 -->  4530
deg_analysis.33083668_123.out:
deg_analysis.33083668_123.out:    Constructing design matrix...
deg_analysis.33083668_123.out:    Design matrix is constructed in 0.5 seconds
deg_analysis.33083668_123.out:    Design matrix dimensions: 4530 samples × 2599 coefficients
deg_analysis.33083668_123.out:    Skipping filtering and normalization (dataset is already normalized)
deg_analysis.33083668_123.out:    Skipping voom transformation (dataset is already normalized)
deg_analysis.33083668_123.out:    Using as.matrix() directly for lmFit (data assumed to be normalized and log-transformed)...
deg_analysis.33083668_123.out:    as.matrix() prepared in 0.1 seconds
deg_analysis.33083668_123.out:    Running lmFit...
deg_analysis.33083668_123.out:    LmFit is completed in 49.4 seconds
deg_analysis.33083668_123.out:DGE fit is completed in 51.2 seconds
deg_analysis.33083668_123.out:    Running contrasts...
deg_analysis.33083668_123.out:    Running contrast 1/2500
deg_analysis.33083668_123.out:    Running contrast 51/2500
deg_analysis.33083668_123.out:    Running contrast 101/2500
deg_analysis.33083668_123.out:    Running contrast 151/2500
deg_analysis.33083668_123.out:    Running contrast 201/2500
deg_analysis.33083668_123.out:    Running contrast 251/2500
deg_analysis.33083668_123.out:    Running contrast 301/2500
deg_analysis.33083668_123.out:    Running contrast 351/2500
deg_analysis.33083668_123.out:    Running contrast 401/2500
deg_analysis.33083668_123.out:    Running contrast 451/2500
deg_analysis.33083668_123.out:    Running contrast 501/2500
deg_analysis.33083668_123.out:    Running contrast 551/2500
deg_analysis.33083668_123.out:    Running contrast 601/2500
deg_analysis.33083668_123.out:    Running contrast 651/2500
deg_analysis.33083668_123.out:    Running contrast 701/2500
deg_analysis.33083668_123.out:    Running contrast 751/2500
deg_analysis.33083668_123.out:    Running contrast 801/2500
deg_analysis.33083668_123.out:    Running contrast 851/2500
deg_analysis.33083668_123.out:    Running contrast 901/2500
deg_analysis.33083668_123.out:    Running contrast 951/2500
deg_analysis.33083668_123.out:    Running contrast 1001/2500
deg_analysis.33083668_123.out:    Running contrast 1051/2500
deg_analysis.33083668_123.out:    Running contrast 1101/2500
deg_analysis.33083668_123.out:    Running contrast 1151/2500
deg_analysis.33083668_123.out:    Running contrast 1201/2500
deg_analysis.33083668_123.out:    Running contrast 1251/2500
deg_analysis.33083668_123.out:    Running contrast 1301/2500
deg_analysis.33083668_123.out:    Running contrast 1351/2500
deg_analysis.33083668_123.out:    Running contrast 1401/2500
deg_analysis.33083668_123.out:    Running contrast 1451/2500
deg_analysis.33083668_123.out:    Running contrast 1501/2500
deg_analysis.33083668_123.out:    Running contrast 1551/2500
deg_analysis.33083668_123.out:    Running contrast 1601/2500
deg_analysis.33083668_123.out:    Running contrast 1651/2500
deg_analysis.33083668_123.out:    Running contrast 1701/2500
deg_analysis.33083668_123.out:    Running contrast 1751/2500
deg_analysis.33083668_123.out:    Running contrast 1801/2500
deg_analysis.33083668_123.out:    Running contrast 1851/2500
deg_analysis.33083668_123.out:    Running contrast 1901/2500
deg_analysis.33083668_123.out:    Running contrast 1951/2500
deg_analysis.33083668_123.out:    Running contrast 2001/2500
deg_analysis.33083668_123.out:    Running contrast 2051/2500
deg_analysis.33083668_123.out:    Running contrast 2101/2500
deg_analysis.33083668_123.out:    Running contrast 2151/2500
deg_analysis.33083668_123.out:    Running contrast 2201/2500
deg_analysis.33083668_123.out:    Running contrast 2251/2500
deg_analysis.33083668_123.out:    Running contrast 2301/2500
deg_analysis.33083668_123.out:    Running contrast 2351/2500
deg_analysis.33083668_123.out:    Running contrast 2401/2500
deg_analysis.33083668_123.out:    Running contrast 2451/2500
deg_analysis.33083668_123.out:    Running contrast 2500/2500
deg_analysis.33083668_123.out:Contrasts are completed in 8883.7 seconds
deg_analysis.33083668_123.out:
deg_analysis.33083668_123.out:    Writing:  ./data/l1000_phase2/deg_data/sep_rep/full/qc_false/filter_min_cells_0/intermediate/HA1E/HA1E_batch_7_de.h5ad
deg_analysis.33083668_123.out:
deg_analysis.33083668_123.out:    Rewriting h5ad file: ./data/l1000_phase2/deg_data/sep_rep/full/qc_false/filter_min_cells_0/intermediate/HA1E/HA1E_batch_7_de.h5ad
deg_analysis.33083668_123.out:    Removed X matrix
deg_analysis.33083668_123.out:    Rewriting h5ad file is done!
deg_analysis.33083668_123.out:✓ Cell line completed in 8952.3 seconds
deg_analysis.33083668_123.out:
deg_analysis.33083668_123.out:DE analysis completed!
deg_analysis.33083668_123.out:
deg_analysis.33083668_123.out:Total runtime: 8962.1 seconds
deg_analysis.33083674_124.out:
deg_analysis.33083674_124.out:DE analysis started...
deg_analysis.33083674_124.out:Loaded input file:  ./data/l1000_phase2/pseudobulk_processed/sep_rep/by_celltype/HA1E/HA1E_processed_batch_8.h5ad
deg_analysis.33083674_124.out:Initial dimensions:  4537  samples ×  978  genes
deg_analysis.33083674_124.out:Filter samples with the low number of cells
deg_analysis.33083674_124.out:    Filter threshold (min_cells):  0
deg_analysis.33083674_124.out:    Found  4537  samples with sentinel value (-666), keeping all
deg_analysis.33083674_124.out:    n_obs:  4537 -->  4537
deg_analysis.33083674_124.out:
deg_analysis.33083674_124.out:▶︎ Processing cell_type:  HA1E
deg_analysis.33083674_124.out:    Filter controls by  pert_time_h  column
deg_analysis.33083674_124.out:        n_obs:  4537 -->  4537
deg_analysis.33083674_124.out:
deg_analysis.33083674_124.out:    Constructing design matrix...
deg_analysis.33083674_124.out:    Design matrix is constructed in 0.4 seconds
deg_analysis.33083674_124.out:    Design matrix dimensions: 4537 samples × 2606 coefficients
deg_analysis.33083674_124.out:    Skipping filtering and normalization (dataset is already normalized)
deg_analysis.33083674_124.out:    Skipping voom transformation (dataset is already normalized)
deg_analysis.33083674_124.out:    Using as.matrix() directly for lmFit (data assumed to be normalized and log-transformed)...
deg_analysis.33083674_124.out:    as.matrix() prepared in 0.0 seconds
deg_analysis.33083674_124.out:    Running lmFit...
deg_analysis.33083674_124.out:    LmFit is completed in 37.2 seconds
deg_analysis.33083674_124.out:DGE fit is completed in 38.5 seconds
deg_analysis.33083674_124.out:    Running contrasts...
deg_analysis.33083674_124.out:    Running contrast 1/2507
deg_analysis.33083674_124.out:    Running contrast 51/2507
deg_analysis.33083674_124.out:    Running contrast 101/2507
deg_analysis.33083674_124.out:    Running contrast 151/2507
deg_analysis.33083674_124.out:    Running contrast 201/2507
deg_analysis.33083674_124.out:    Running contrast 251/2507
deg_analysis.33083674_124.out:    Running contrast 301/2507
deg_analysis.33083674_124.out:    Running contrast 351/2507
deg_analysis.33083674_124.out:    Running contrast 401/2507
deg_analysis.33083674_124.out:    Running contrast 451/2507
deg_analysis.33083674_124.out:    Running contrast 501/2507
deg_analysis.33083674_124.out:    Running contrast 551/2507
deg_analysis.33083674_124.out:    Running contrast 601/2507
deg_analysis.33083674_124.out:    Running contrast 651/2507
deg_analysis.33083674_124.out:    Running contrast 701/2507
deg_analysis.33083674_124.out:    Running contrast 751/2507
deg_analysis.33083674_124.out:    Running contrast 801/2507
deg_analysis.33083674_124.out:    Running contrast 851/2507
deg_analysis.33083674_124.out:    Running contrast 901/2507
deg_analysis.33083674_124.out:    Running contrast 951/2507
deg_analysis.33083674_124.out:    Running contrast 1001/2507
deg_analysis.33083674_124.out:    Running contrast 1051/2507
deg_analysis.33083674_124.out:    Running contrast 1101/2507
deg_analysis.33083674_124.out:    Running contrast 1151/2507
deg_analysis.33083674_124.out:    Running contrast 1201/2507
deg_analysis.33083674_124.out:    Running contrast 1251/2507
deg_analysis.33083674_124.out:    Running contrast 1301/2507
deg_analysis.33083674_124.out:    Running contrast 1351/2507
deg_analysis.33083674_124.out:    Running contrast 1401/2507
deg_analysis.33083674_124.out:    Running contrast 1451/2507
deg_analysis.33083674_124.out:    Running contrast 1501/2507
deg_analysis.33083674_124.out:    Running contrast 1551/2507
deg_analysis.33083674_124.out:    Running contrast 1601/2507
deg_analysis.33083674_124.out:    Running contrast 1651/2507
deg_analysis.33083674_124.out:    Running contrast 1701/2507
deg_analysis.33083674_124.out:    Running contrast 1751/2507
deg_analysis.33083674_124.out:    Running contrast 1801/2507
deg_analysis.33083674_124.out:    Running contrast 1851/2507
deg_analysis.33083674_124.out:    Running contrast 1901/2507
deg_analysis.33083674_124.out:    Running contrast 1951/2507
deg_analysis.33083674_124.out:    Running contrast 2001/2507
deg_analysis.33083674_124.out:    Running contrast 2051/2507
deg_analysis.33083674_124.out:    Running contrast 2101/2507
deg_analysis.33083674_124.out:    Running contrast 2151/2507
deg_analysis.33083674_124.out:    Running contrast 2201/2507
deg_analysis.33083674_124.out:    Running contrast 2251/2507
deg_analysis.33083674_124.out:    Running contrast 2301/2507
deg_analysis.33083674_124.out:    Running contrast 2351/2507
deg_analysis.33083674_124.out:    Running contrast 2401/2507
deg_analysis.33083674_124.out:    Running contrast 2451/2507
deg_analysis.33083674_124.out:    Running contrast 2501/2507
deg_analysis.33083674_124.out:    Running contrast 2507/2507
deg_analysis.33083674_124.out:Contrasts are completed in 6147.7 seconds
deg_analysis.33083674_124.out:
deg_analysis.33083674_124.out:    Writing:  ./data/l1000_phase2/deg_data/sep_rep/full/qc_false/filter_min_cells_0/intermediate/HA1E/HA1E_batch_8_de.h5ad
deg_analysis.33083674_124.out:
deg_analysis.33083674_124.out:    Rewriting h5ad file: ./data/l1000_phase2/deg_data/sep_rep/full/qc_false/filter_min_cells_0/intermediate/HA1E/HA1E_batch_8_de.h5ad
deg_analysis.33083674_124.out:    Removed X matrix
deg_analysis.33083674_124.out:    Rewriting h5ad file is done!
deg_analysis.33083674_124.out:✓ Cell line completed in 6203.5 seconds
deg_analysis.33083674_124.out:
deg_analysis.33083674_124.out:DE analysis completed!
deg_analysis.33083674_124.out:
deg_analysis.33083674_124.out:Total runtime: 6212.7 seconds
deg_analysis.33083674_124.err:During startup - Warning messages:
deg_analysis.33083674_124.err:1: Setting LC_CTYPE failed, using "C"
deg_analysis.33083674_124.err:2: Setting LC_COLLATE failed, using "C"
deg_analysis.33083674_124.err:3: Setting LC_TIME failed, using "C"
deg_analysis.33083674_124.err:4: Setting LC_MESSAGES failed, using "C"
deg_analysis.33083674_124.err:5: Setting LC_MONETARY failed, using "C"
deg_analysis.33083674_124.err:6: Setting LC_PAPER failed, using "C"
deg_analysis.33083674_124.err:7: Setting LC_MEASUREMENT failed, using "C"
deg_analysis.33083679_125.out:
deg_analysis.33083679_125.out:DE analysis started...
deg_analysis.33083679_125.out:Loaded input file:  ./data/l1000_phase2/pseudobulk_processed/sep_rep/by_celltype/HA1E/HA1E_processed_batch_9.h5ad
deg_analysis.33083679_125.out:Initial dimensions:  4538  samples ×  978  genes
deg_analysis.33083679_125.out:Filter samples with the low number of cells
deg_analysis.33083679_125.out:    Filter threshold (min_cells):  0
deg_analysis.33083679_125.out:    Found  4538  samples with sentinel value (-666), keeping all
deg_analysis.33083679_125.out:    n_obs:  4538 -->  4538
deg_analysis.33083679_125.out:
deg_analysis.33083679_125.out:▶︎ Processing cell_type:  HA1E
deg_analysis.33083679_125.out:    Filter controls by  pert_time_h  column
deg_analysis.33083679_125.out:        n_obs:  4538 -->  4538
deg_analysis.33083679_125.out:
deg_analysis.33083679_125.out:    Constructing design matrix...
deg_analysis.33083679_125.out:    Design matrix is constructed in 0.6 seconds
deg_analysis.33083679_125.out:    Design matrix dimensions: 4538 samples × 2607 coefficients
deg_analysis.33083679_125.out:    Skipping filtering and normalization (dataset is already normalized)
deg_analysis.33083679_125.out:    Skipping voom transformation (dataset is already normalized)
deg_analysis.33083679_125.out:    Using as.matrix() directly for lmFit (data assumed to be normalized and log-transformed)...
deg_analysis.33083679_125.out:    as.matrix() prepared in 0.1 seconds
deg_analysis.33083679_125.out:    Running lmFit...
deg_analysis.33083679_125.out:    LmFit is completed in 50.0 seconds
deg_analysis.33083679_125.out:DGE fit is completed in 51.7 seconds
deg_analysis.33083679_125.out:    Running contrasts...
deg_analysis.33083679_125.out:    Running contrast 1/2508
deg_analysis.33083679_125.out:    Running contrast 51/2508
deg_analysis.33083679_125.out:    Running contrast 101/2508
deg_analysis.33083679_125.out:    Running contrast 151/2508
deg_analysis.33083679_125.out:    Running contrast 201/2508
deg_analysis.33083679_125.out:    Running contrast 251/2508
deg_analysis.33083679_125.out:    Running contrast 301/2508
deg_analysis.33083679_125.out:    Running contrast 351/2508
deg_analysis.33083679_125.out:    Running contrast 401/2508
deg_analysis.33083679_125.out:    Running contrast 451/2508
deg_analysis.33083679_125.out:    Running contrast 501/2508
deg_analysis.33083679_125.out:    Running contrast 551/2508
deg_analysis.33083679_125.out:    Running contrast 601/2508
deg_analysis.33083679_125.out:    Running contrast 651/2508
deg_analysis.33083679_125.out:    Running contrast 701/2508
deg_analysis.33083679_125.out:    Running contrast 751/2508
deg_analysis.33083679_125.out:    Running contrast 801/2508
deg_analysis.33083679_125.out:    Running contrast 851/2508
deg_analysis.33083679_125.out:    Running contrast 901/2508
deg_analysis.33083679_125.out:    Running contrast 951/2508
deg_analysis.33083679_125.out:    Running contrast 1001/2508
deg_analysis.33083679_125.out:    Running contrast 1051/2508
deg_analysis.33083679_125.out:    Running contrast 1101/2508
deg_analysis.33083679_125.out:    Running contrast 1151/2508
deg_analysis.33083679_125.out:    Running contrast 1201/2508
deg_analysis.33083679_125.out:    Running contrast 1251/2508
deg_analysis.33083679_125.out:    Running contrast 1301/2508
deg_analysis.33083679_125.out:    Running contrast 1351/2508
deg_analysis.33083679_125.out:    Running contrast 1401/2508
deg_analysis.33083679_125.out:    Running contrast 1451/2508
deg_analysis.33083679_125.out:    Running contrast 1501/2508
deg_analysis.33083679_125.out:    Running contrast 1551/2508
deg_analysis.33083679_125.out:    Running contrast 1601/2508
deg_analysis.33083679_125.out:    Running contrast 1651/2508
deg_analysis.33083679_125.out:    Running contrast 1701/2508
deg_analysis.33083679_125.out:    Running contrast 1751/2508
deg_analysis.33083679_125.out:    Running contrast 1801/2508
deg_analysis.33083679_125.out:    Running contrast 1851/2508
deg_analysis.33083679_125.out:    Running contrast 1901/2508
deg_analysis.33083679_125.out:    Running contrast 1951/2508
deg_analysis.33083679_125.out:    Running contrast 2001/2508
deg_analysis.33083679_125.out:    Running contrast 2051/2508
deg_analysis.33083679_125.out:    Running contrast 2101/2508
deg_analysis.33083679_125.out:    Running contrast 2151/2508
deg_analysis.33083679_125.out:    Running contrast 2201/2508
deg_analysis.33083679_125.out:    Running contrast 2251/2508
deg_analysis.33083679_125.out:    Running contrast 2301/2508
deg_analysis.33083679_125.out:    Running contrast 2351/2508
deg_analysis.33083679_125.out:    Running contrast 2401/2508
deg_analysis.33083679_125.out:    Running contrast 2451/2508
deg_analysis.33083679_125.out:    Running contrast 2501/2508
deg_analysis.33083679_125.out:    Running contrast 2508/2508
deg_analysis.33083679_125.out:Contrasts are completed in 8886.1 seconds
deg_analysis.33083679_125.out:
deg_analysis.33083679_125.out:    Writing:  ./data/l1000_phase2/deg_data/sep_rep/full/qc_false/filter_min_cells_0/intermediate/HA1E/HA1E_batch_9_de.h5ad
deg_analysis.33083679_125.out:
deg_analysis.33083679_125.out:    Rewriting h5ad file: ./data/l1000_phase2/deg_data/sep_rep/full/qc_false/filter_min_cells_0/intermediate/HA1E/HA1E_batch_9_de.h5ad
deg_analysis.33083679_125.out:    Removed X matrix
deg_analysis.33083679_125.out:    Rewriting h5ad file is done!
deg_analysis.33083679_125.out:✓ Cell line completed in 8955.4 seconds
deg_analysis.33083679_125.out:
deg_analysis.33083679_125.out:DE analysis completed!
deg_analysis.33083679_125.out:
deg_analysis.33083679_125.out:Total runtime: 8965.0 seconds
deg_analysis.33083710_126.out:
deg_analysis.33083710_126.out:DE analysis started...
deg_analysis.33083710_126.out:Loaded input file:  ./data/l1000_phase2/pseudobulk_processed/sep_rep/by_celltype/HUES3/HUES3_processed.h5ad
deg_analysis.33083710_126.out:Initial dimensions:  1043  samples ×  978  genes
deg_analysis.33083710_126.out:Filter samples with the low number of cells
deg_analysis.33083710_126.out:    Filter threshold (min_cells):  0
deg_analysis.33083710_126.out:    Found  1043  samples with sentinel value (-666), keeping all
deg_analysis.33083710_126.out:    n_obs:  1043 -->  1043
deg_analysis.33083710_126.out:
deg_analysis.33083710_126.out:▶︎ Processing cell_type:  HUES3
deg_analysis.33083710_126.out:    Filter controls by  pert_time_h  column
deg_analysis.33083710_126.out:        n_obs:  1043 -->  1043
deg_analysis.33083710_126.out:
deg_analysis.33083710_126.out:    Constructing design matrix...
deg_analysis.33083710_126.out:    Design matrix is constructed in 0.1 seconds
deg_analysis.33083710_126.out:    Design matrix dimensions: 1043 samples × 980 coefficients
deg_analysis.33083710_126.out:    Skipping filtering and normalization (dataset is already normalized)
deg_analysis.33083710_126.out:    Skipping voom transformation (dataset is already normalized)
deg_analysis.33083710_126.out:    Using as.matrix() directly for lmFit (data assumed to be normalized and log-transformed)...
deg_analysis.33083710_126.out:    as.matrix() prepared in 0.0 seconds
deg_analysis.33083710_126.out:    Running lmFit...
deg_analysis.33083710_126.out:    LmFit is completed in 2.1 seconds
deg_analysis.33083710_126.out:DGE fit is completed in 2.4 seconds
deg_analysis.33083710_126.out:    Running contrasts...
deg_analysis.33083710_126.out:    Running contrast 1/977
deg_analysis.33083710_126.out:    Running contrast 51/977
deg_analysis.33083710_126.out:    Running contrast 101/977
deg_analysis.33083710_126.out:    Running contrast 151/977
deg_analysis.33083710_126.out:    Running contrast 201/977
deg_analysis.33083710_126.out:    Running contrast 251/977
deg_analysis.33083710_126.out:    Running contrast 301/977
deg_analysis.33083710_126.out:    Running contrast 351/977
deg_analysis.33083710_126.out:    Running contrast 401/977
deg_analysis.33083710_126.out:    Running contrast 451/977
deg_analysis.33083710_126.out:    Running contrast 501/977
deg_analysis.33083710_126.out:    Running contrast 551/977
deg_analysis.33083710_126.out:    Running contrast 601/977
deg_analysis.33083710_126.out:    Running contrast 651/977
deg_analysis.33083710_126.out:    Running contrast 701/977
deg_analysis.33083710_126.out:    Running contrast 751/977
deg_analysis.33083710_126.out:    Running contrast 801/977
deg_analysis.33083710_126.out:    Running contrast 851/977
deg_analysis.33083710_126.out:    Running contrast 901/977
deg_analysis.33083710_126.out:    Running contrast 951/977
deg_analysis.33083710_126.out:    Running contrast 977/977
deg_analysis.33083710_126.out:Contrasts are completed in 349.6 seconds
deg_analysis.33083710_126.out:
deg_analysis.33083710_126.out:    Writing:  ./data/l1000_phase2/deg_data/sep_rep/full/qc_false/filter_min_cells_0/intermediate/HUES3/HUES3_de.h5ad
deg_analysis.33083710_126.out:
deg_analysis.33083710_126.out:    Rewriting h5ad file: ./data/l1000_phase2/deg_data/sep_rep/full/qc_false/filter_min_cells_0/intermediate/HUES3/HUES3_de.h5ad
deg_analysis.33083710_126.out:    Removed X matrix
deg_analysis.33083710_126.out:    Rewriting h5ad file is done!
deg_analysis.33083710_126.out:✓ Cell line completed in 360.2 seconds
deg_analysis.33083710_126.out:
deg_analysis.33083710_126.out:DE analysis completed!
deg_analysis.33083710_126.out:
deg_analysis.33083710_126.out:Total runtime: 372.1 seconds
deg_analysis.33083736_127.out:
deg_analysis.33083736_127.out:DE analysis started...
deg_analysis.33083736_127.out:Loaded input file:  ./data/l1000_phase2/pseudobulk_processed/sep_rep/by_celltype/HUVEC/HUVEC_processed_batch_1.h5ad
deg_analysis.33083736_127.out:Initial dimensions:  2725  samples ×  978  genes
deg_analysis.33083736_127.out:Filter samples with the low number of cells
deg_analysis.33083736_127.out:    Filter threshold (min_cells):  0
deg_analysis.33083736_127.out:    Found  2725  samples with sentinel value (-666), keeping all
deg_analysis.33083736_127.out:    n_obs:  2725 -->  2725
deg_analysis.33083736_127.out:
deg_analysis.33083736_127.out:▶︎ Processing cell_type:  HUVEC
deg_analysis.33083736_127.out:    Filter controls by  pert_time_h  column
deg_analysis.33083736_127.out:        n_obs:  2725 -->  2725
deg_analysis.33083736_127.out:
deg_analysis.33083736_127.out:    Constructing design matrix...
deg_analysis.33083736_127.out:    Design matrix is constructed in 0.6 seconds
deg_analysis.33083736_127.out:    Design matrix dimensions: 2725 samples × 2521 coefficients
deg_analysis.33083736_127.out:    Skipping filtering and normalization (dataset is already normalized)
deg_analysis.33083736_127.out:    Skipping voom transformation (dataset is already normalized)
deg_analysis.33083736_127.out:    Using as.matrix() directly for lmFit (data assumed to be normalized and log-transformed)...
deg_analysis.33083736_127.out:    as.matrix() prepared in 0.0 seconds
deg_analysis.33083736_127.out:    Running lmFit...
deg_analysis.33083736_127.out:    LmFit is completed in 25.7 seconds
deg_analysis.33083736_127.out:DGE fit is completed in 27.1 seconds
deg_analysis.33083736_127.out:    Running contrasts...
deg_analysis.33083736_127.out:    Running contrast 1/2512
deg_analysis.33083736_127.out:    Running contrast 51/2512
deg_analysis.33083736_127.out:    Running contrast 101/2512
deg_analysis.33083736_127.out:    Running contrast 151/2512
deg_analysis.33083736_127.out:    Running contrast 201/2512
deg_analysis.33083736_127.out:    Running contrast 251/2512
deg_analysis.33083736_127.out:    Running contrast 301/2512
deg_analysis.33083736_127.out:    Running contrast 351/2512
deg_analysis.33083736_127.out:    Running contrast 401/2512
deg_analysis.33083736_127.out:    Running contrast 451/2512
deg_analysis.33083736_127.out:    Running contrast 501/2512
deg_analysis.33083736_127.out:    Running contrast 551/2512
deg_analysis.33083736_127.out:    Running contrast 601/2512
deg_analysis.33083736_127.out:    Running contrast 651/2512
deg_analysis.33083736_127.out:    Running contrast 701/2512
deg_analysis.33083736_127.out:    Running contrast 751/2512
deg_analysis.33083736_127.out:    Running contrast 801/2512
deg_analysis.33083736_127.out:    Running contrast 851/2512
deg_analysis.33083736_127.out:    Running contrast 901/2512
deg_analysis.33083736_127.out:    Running contrast 951/2512
deg_analysis.33083736_127.out:    Running contrast 1001/2512
deg_analysis.33083736_127.out:    Running contrast 1051/2512
deg_analysis.33083736_127.out:    Running contrast 1101/2512
deg_analysis.33083736_127.out:    Running contrast 1151/2512
deg_analysis.33083736_127.out:    Running contrast 1201/2512
deg_analysis.33083736_127.out:    Running contrast 1251/2512
deg_analysis.33083736_127.out:    Running contrast 1301/2512
deg_analysis.33083736_127.out:    Running contrast 1351/2512
deg_analysis.33083736_127.out:    Running contrast 1401/2512
deg_analysis.33083736_127.out:    Running contrast 1451/2512
deg_analysis.33083736_127.out:    Running contrast 1501/2512
deg_analysis.33083736_127.out:    Running contrast 1551/2512
deg_analysis.33083736_127.out:    Running contrast 1601/2512
deg_analysis.33083736_127.out:    Running contrast 1651/2512
deg_analysis.33083736_127.out:    Running contrast 1701/2512
deg_analysis.33083736_127.out:    Running contrast 1751/2512
deg_analysis.33083736_127.out:    Running contrast 1801/2512
deg_analysis.33083736_127.out:    Running contrast 1851/2512
deg_analysis.33083736_127.out:    Running contrast 1901/2512
deg_analysis.33083736_127.out:    Running contrast 1951/2512
deg_analysis.33083736_127.out:    Running contrast 2001/2512
deg_analysis.33083736_127.out:    Running contrast 2051/2512
deg_analysis.33083736_127.out:    Running contrast 2101/2512
deg_analysis.33083736_127.out:    Running contrast 2151/2512
deg_analysis.33083736_127.out:    Running contrast 2201/2512
deg_analysis.33083736_127.out:    Running contrast 2251/2512
deg_analysis.33083736_127.out:    Running contrast 2301/2512
deg_analysis.33083736_127.out:    Running contrast 2351/2512
deg_analysis.33083736_127.out:    Running contrast 2401/2512
deg_analysis.33083736_127.out:    Running contrast 2451/2512
deg_analysis.33083736_127.out:    Running contrast 2501/2512
deg_analysis.33083736_127.out:    Running contrast 2512/2512
deg_analysis.33083736_127.out:Contrasts are completed in 7436.4 seconds
deg_analysis.33083736_127.out:
deg_analysis.33083736_127.out:    Writing:  ./data/l1000_phase2/deg_data/sep_rep/full/qc_false/filter_min_cells_0/intermediate/HUVEC/HUVEC_batch_1_de.h5ad
deg_analysis.33083736_127.out:
deg_analysis.33083736_127.out:    Rewriting h5ad file: ./data/l1000_phase2/deg_data/sep_rep/full/qc_false/filter_min_cells_0/intermediate/HUVEC/HUVEC_batch_1_de.h5ad
deg_analysis.33083736_127.out:    Removed X matrix
deg_analysis.33083736_127.out:    Rewriting h5ad file is done!
deg_analysis.33083736_127.out:✓ Cell line completed in 7482.0 seconds
deg_analysis.33083736_127.out:
deg_analysis.33083736_127.out:DE analysis completed!
deg_analysis.33083736_127.out:
deg_analysis.33083736_127.out:Total runtime: 7497.0 seconds
deg_analysis.33083743_128.out:
deg_analysis.33083743_128.out:DE analysis started...
deg_analysis.33083743_128.out:Loaded input file:  ./data/l1000_phase2/pseudobulk_processed/sep_rep/by_celltype/HUVEC/HUVEC_processed_batch_2.h5ad
deg_analysis.33083743_128.out:Initial dimensions:  2714  samples ×  978  genes
deg_analysis.33083743_128.out:Filter samples with the low number of cells
deg_analysis.33083743_128.out:    Filter threshold (min_cells):  0
deg_analysis.33083743_128.out:    Found  2714  samples with sentinel value (-666), keeping all
deg_analysis.33083743_128.out:    n_obs:  2714 -->  2714
deg_analysis.33083743_128.out:
deg_analysis.33083743_128.out:▶︎ Processing cell_type:  HUVEC
deg_analysis.33083743_128.out:    Filter controls by  pert_time_h  column
deg_analysis.33083743_128.out:        n_obs:  2714 -->  2714
deg_analysis.33083743_128.out:
deg_analysis.33083743_128.out:    Constructing design matrix...
deg_analysis.33083743_128.out:    Design matrix is constructed in 0.3 seconds
deg_analysis.33083743_128.out:    Design matrix dimensions: 2714 samples × 2510 coefficients
deg_analysis.33083743_128.out:    Skipping filtering and normalization (dataset is already normalized)
deg_analysis.33083743_128.out:    Skipping voom transformation (dataset is already normalized)
deg_analysis.33083743_128.out:    Using as.matrix() directly for lmFit (data assumed to be normalized and log-transformed)...
deg_analysis.33083743_128.out:    as.matrix() prepared in 0.2 seconds
deg_analysis.33083743_128.out:    Running lmFit...
deg_analysis.33083743_128.out:    LmFit is completed in 25.4 seconds
deg_analysis.33083743_128.out:DGE fit is completed in 26.8 seconds
deg_analysis.33083743_128.out:    Running contrasts...
deg_analysis.33083743_128.out:    Running contrast 1/2501
deg_analysis.33083743_128.out:    Running contrast 51/2501
deg_analysis.33083743_128.out:    Running contrast 101/2501
deg_analysis.33083743_128.out:    Running contrast 151/2501
deg_analysis.33083743_128.out:    Running contrast 201/2501
deg_analysis.33083743_128.out:    Running contrast 251/2501
deg_analysis.33083743_128.out:    Running contrast 301/2501
deg_analysis.33083743_128.out:    Running contrast 351/2501
deg_analysis.33083743_128.out:    Running contrast 401/2501
deg_analysis.33083743_128.out:    Running contrast 451/2501
deg_analysis.33083743_128.out:    Running contrast 501/2501
deg_analysis.33083743_128.out:    Running contrast 551/2501
deg_analysis.33083743_128.out:    Running contrast 601/2501
deg_analysis.33083743_128.out:    Running contrast 651/2501
deg_analysis.33083743_128.out:    Running contrast 701/2501
deg_analysis.33083743_128.out:    Running contrast 751/2501
deg_analysis.33083743_128.out:    Running contrast 801/2501
deg_analysis.33083743_128.out:    Running contrast 851/2501
deg_analysis.33083743_128.out:    Running contrast 901/2501
deg_analysis.33083743_128.out:    Running contrast 951/2501
deg_analysis.33083743_128.out:    Running contrast 1001/2501
deg_analysis.33083743_128.out:    Running contrast 1051/2501
deg_analysis.33083743_128.out:    Running contrast 1101/2501
deg_analysis.33083743_128.out:    Running contrast 1151/2501
deg_analysis.33083743_128.out:    Running contrast 1201/2501
deg_analysis.33083743_128.out:    Running contrast 1251/2501
deg_analysis.33083743_128.out:    Running contrast 1301/2501
deg_analysis.33083743_128.out:    Running contrast 1351/2501
deg_analysis.33083743_128.out:    Running contrast 1401/2501
deg_analysis.33083743_128.out:    Running contrast 1451/2501
deg_analysis.33083743_128.out:    Running contrast 1501/2501
deg_analysis.33083743_128.out:    Running contrast 1551/2501
deg_analysis.33083743_128.out:    Running contrast 1601/2501
deg_analysis.33083743_128.out:    Running contrast 1651/2501
deg_analysis.33083743_128.out:    Running contrast 1701/2501
deg_analysis.33083743_128.out:    Running contrast 1751/2501
deg_analysis.33083743_128.out:    Running contrast 1801/2501
deg_analysis.33083743_128.out:    Running contrast 1851/2501
deg_analysis.33083743_128.out:    Running contrast 1901/2501
deg_analysis.33083743_128.out:    Running contrast 1951/2501
deg_analysis.33083743_128.out:    Running contrast 2001/2501
deg_analysis.33083743_128.out:    Running contrast 2051/2501
deg_analysis.33083743_128.out:    Running contrast 2101/2501
deg_analysis.33083743_128.out:    Running contrast 2151/2501
deg_analysis.33083743_128.out:    Running contrast 2201/2501
deg_analysis.33083743_128.out:    Running contrast 2251/2501
deg_analysis.33083743_128.out:    Running contrast 2301/2501
deg_analysis.33083743_128.out:    Running contrast 2351/2501
deg_analysis.33083743_128.out:    Running contrast 2401/2501
deg_analysis.33083743_128.out:    Running contrast 2451/2501
deg_analysis.33083743_128.out:    Running contrast 2501/2501
deg_analysis.33083743_128.out:Contrasts are completed in 7402.3 seconds
deg_analysis.33083743_128.out:
deg_analysis.33083743_128.out:    Writing:  ./data/l1000_phase2/deg_data/sep_rep/full/qc_false/filter_min_cells_0/intermediate/HUVEC/HUVEC_batch_2_de.h5ad
deg_analysis.33083743_128.out:
deg_analysis.33083743_128.out:    Rewriting h5ad file: ./data/l1000_phase2/deg_data/sep_rep/full/qc_false/filter_min_cells_0/intermediate/HUVEC/HUVEC_batch_2_de.h5ad
deg_analysis.33083743_128.out:    Removed X matrix
deg_analysis.33083743_128.out:    Rewriting h5ad file is done!
deg_analysis.33083743_128.out:✓ Cell line completed in 7446.7 seconds
deg_analysis.33083743_128.out:
deg_analysis.33083743_128.out:DE analysis completed!
deg_analysis.33083743_128.out:
deg_analysis.33083743_128.out:Total runtime: 7456.6 seconds
deg_analysis.33083763_129.out:
deg_analysis.33083763_129.out:DE analysis started...
deg_analysis.33083763_129.out:Loaded input file:  ./data/l1000_phase2/pseudobulk_processed/sep_rep/by_celltype/MNEU.E/MNEU.E_processed.h5ad
deg_analysis.33083763_129.out:Initial dimensions:  1113  samples ×  978  genes
deg_analysis.33083763_129.out:Filter samples with the low number of cells
deg_analysis.33083763_129.out:    Filter threshold (min_cells):  0
deg_analysis.33083763_129.out:    Found  1113  samples with sentinel value (-666), keeping all
deg_analysis.33083763_129.out:    n_obs:  1113 -->  1113
deg_analysis.33083763_129.out:
deg_analysis.33083763_129.out:▶︎ Processing cell_type:  MNEU.E
deg_analysis.33083763_129.out:    Filter controls by  pert_time_h  column
deg_analysis.33083763_129.out:        n_obs:  1113 -->  1113
deg_analysis.33083763_129.out:
deg_analysis.33083763_129.out:    Constructing design matrix...
deg_analysis.33083763_129.out:    Design matrix is constructed in 0.1 seconds
deg_analysis.33083763_129.out:    Design matrix dimensions: 1113 samples × 1050 coefficients
deg_analysis.33083763_129.out:    Skipping filtering and normalization (dataset is already normalized)
deg_analysis.33083763_129.out:    Skipping voom transformation (dataset is already normalized)
deg_analysis.33083763_129.out:    Using as.matrix() directly for lmFit (data assumed to be normalized and log-transformed)...
deg_analysis.33083763_129.out:    as.matrix() prepared in 0.2 seconds
deg_analysis.33083763_129.out:    Running lmFit...
deg_analysis.33083763_129.out:    LmFit is completed in 1.3 seconds
deg_analysis.33083763_129.out:DGE fit is completed in 1.6 seconds
deg_analysis.33083763_129.out:    Running contrasts...
deg_analysis.33083763_129.out:    Running contrast 1/1047
deg_analysis.33083763_129.out:    Running contrast 51/1047
deg_analysis.33083763_129.out:    Running contrast 101/1047
deg_analysis.33083763_129.out:    Running contrast 151/1047
deg_analysis.33083763_129.out:    Running contrast 201/1047
deg_analysis.33083763_129.out:    Running contrast 251/1047
deg_analysis.33083763_129.out:    Running contrast 301/1047
deg_analysis.33083763_129.out:    Running contrast 351/1047
deg_analysis.33083763_129.out:    Running contrast 401/1047
deg_analysis.33083763_129.out:    Running contrast 451/1047
deg_analysis.33083763_129.out:    Running contrast 501/1047
deg_analysis.33083763_129.out:    Running contrast 551/1047
deg_analysis.33083763_129.out:    Running contrast 601/1047
deg_analysis.33083763_129.out:    Running contrast 651/1047
deg_analysis.33083763_129.out:    Running contrast 701/1047
deg_analysis.33083763_129.out:    Running contrast 751/1047
deg_analysis.33083763_129.out:    Running contrast 801/1047
deg_analysis.33083763_129.out:    Running contrast 851/1047
deg_analysis.33083763_129.out:    Running contrast 901/1047
deg_analysis.33083763_129.out:    Running contrast 951/1047
deg_analysis.33083763_129.out:    Running contrast 1001/1047
deg_analysis.33083763_129.out:    Running contrast 1047/1047
deg_analysis.33083763_129.out:Contrasts are completed in 338.2 seconds
deg_analysis.33083763_129.out:
deg_analysis.33083763_129.out:    Writing:  ./data/l1000_phase2/deg_data/sep_rep/full/qc_false/filter_min_cells_0/intermediate/MNEU.E/MNEU.E_de.h5ad
deg_analysis.33083763_129.out:
deg_analysis.33083763_129.out:    Rewriting h5ad file: ./data/l1000_phase2/deg_data/sep_rep/full/qc_false/filter_min_cells_0/intermediate/MNEU.E/MNEU.E_de.h5ad
deg_analysis.33083763_129.out:    Removed X matrix
deg_analysis.33083763_129.out:    Rewriting h5ad file is done!
deg_analysis.33083763_129.out:✓ Cell line completed in 347.7 seconds
deg_analysis.33083763_129.out:
deg_analysis.33083763_129.out:DE analysis completed!
deg_analysis.33083763_129.out:
deg_analysis.33083763_129.out:Total runtime: 358.3 seconds
deg_analysis.33083763_129.err:During startup - Warning messages:
deg_analysis.33083763_129.err:1: Setting LC_CTYPE failed, using "C"
deg_analysis.33083763_129.err:2: Setting LC_COLLATE failed, using "C"
deg_analysis.33083763_129.err:3: Setting LC_TIME failed, using "C"
deg_analysis.33083763_129.err:4: Setting LC_MESSAGES failed, using "C"
deg_analysis.33083763_129.err:5: Setting LC_MONETARY failed, using "C"
deg_analysis.33083763_129.err:6: Setting LC_PAPER failed, using "C"
deg_analysis.33083763_129.err:7: Setting LC_MEASUREMENT failed, using "C"
deg_analysis.33083764_130.out:
deg_analysis.33083764_130.out:DE analysis started...
deg_analysis.33083764_130.out:Loaded input file:  ./data/l1000_phase2/pseudobulk_processed/sep_rep/by_celltype/NEU/NEU_processed_batch_1.h5ad
deg_analysis.33083764_130.out:Initial dimensions:  2715  samples ×  978  genes
deg_analysis.33083764_130.out:Filter samples with the low number of cells
deg_analysis.33083764_130.out:    Filter threshold (min_cells):  0
deg_analysis.33083764_130.out:    Found  2715  samples with sentinel value (-666), keeping all
deg_analysis.33083764_130.out:    n_obs:  2715 -->  2715
deg_analysis.33083764_130.out:
deg_analysis.33083764_130.out:▶︎ Processing cell_type:  NEU
deg_analysis.33083764_130.out:    Filter controls by  pert_time_h  column
deg_analysis.33083764_130.out:        n_obs:  2715 -->  2715
deg_analysis.33083764_130.out:
deg_analysis.33083764_130.out:    Constructing design matrix...
deg_analysis.33083764_130.out:    Design matrix is constructed in 0.2 seconds
deg_analysis.33083764_130.out:    Design matrix dimensions: 2715 samples × 2512 coefficients
deg_analysis.33083764_130.out:    Skipping filtering and normalization (dataset is already normalized)
deg_analysis.33083764_130.out:    Skipping voom transformation (dataset is already normalized)
deg_analysis.33083764_130.out:    Using as.matrix() directly for lmFit (data assumed to be normalized and log-transformed)...
deg_analysis.33083764_130.out:    as.matrix() prepared in 0.2 seconds
deg_analysis.33083764_130.out:    Running lmFit...
deg_analysis.33083764_130.out:    LmFit is completed in 8.9 seconds
deg_analysis.33083764_130.out:DGE fit is completed in 9.8 seconds
deg_analysis.33083764_130.out:    Running contrasts...
deg_analysis.33083764_130.out:    Running contrast 1/2503
deg_analysis.33083764_130.out:    Running contrast 51/2503
deg_analysis.33083764_130.out:    Running contrast 101/2503
deg_analysis.33083764_130.out:    Running contrast 151/2503
deg_analysis.33083764_130.out:    Running contrast 201/2503
deg_analysis.33083764_130.out:    Running contrast 251/2503
deg_analysis.33083764_130.out:    Running contrast 301/2503
deg_analysis.33083764_130.out:    Running contrast 351/2503
deg_analysis.33083764_130.out:    Running contrast 401/2503
deg_analysis.33083764_130.out:    Running contrast 451/2503
deg_analysis.33083764_130.out:    Running contrast 501/2503
deg_analysis.33083764_130.out:    Running contrast 551/2503
deg_analysis.33083764_130.out:    Running contrast 601/2503
deg_analysis.33083764_130.out:    Running contrast 651/2503
deg_analysis.33083764_130.out:    Running contrast 701/2503
deg_analysis.33083764_130.out:    Running contrast 751/2503
deg_analysis.33083764_130.out:    Running contrast 801/2503
deg_analysis.33083764_130.out:    Running contrast 851/2503
deg_analysis.33083764_130.out:    Running contrast 901/2503
deg_analysis.33083764_130.out:    Running contrast 951/2503
deg_analysis.33083764_130.out:    Running contrast 1001/2503
deg_analysis.33083764_130.out:    Running contrast 1051/2503
deg_analysis.33083764_130.out:    Running contrast 1101/2503
deg_analysis.33083764_130.out:    Running contrast 1151/2503
deg_analysis.33083764_130.out:    Running contrast 1201/2503
deg_analysis.33083764_130.out:    Running contrast 1251/2503
deg_analysis.33083764_130.out:    Running contrast 1301/2503
deg_analysis.33083764_130.out:    Running contrast 1351/2503
deg_analysis.33083764_130.out:    Running contrast 1401/2503
deg_analysis.33083764_130.out:    Running contrast 1451/2503
deg_analysis.33083764_130.out:    Running contrast 1501/2503
deg_analysis.33083764_130.out:    Running contrast 1551/2503
deg_analysis.33083764_130.out:    Running contrast 1601/2503
deg_analysis.33083764_130.out:    Running contrast 1651/2503
deg_analysis.33083764_130.out:    Running contrast 1701/2503
deg_analysis.33083764_130.out:    Running contrast 1751/2503
deg_analysis.33083764_130.out:    Running contrast 1801/2503
deg_analysis.33083764_130.out:    Running contrast 1851/2503
deg_analysis.33083764_130.out:    Running contrast 1901/2503
deg_analysis.33083764_130.out:    Running contrast 1951/2503
deg_analysis.33083764_130.out:    Running contrast 2001/2503
deg_analysis.33083764_130.out:    Running contrast 2051/2503
deg_analysis.33083764_130.out:    Running contrast 2101/2503
deg_analysis.33083764_130.out:    Running contrast 2151/2503
deg_analysis.33083764_130.out:    Running contrast 2201/2503
deg_analysis.33083764_130.out:    Running contrast 2251/2503
deg_analysis.33083764_130.out:    Running contrast 2301/2503
deg_analysis.33083764_130.out:    Running contrast 2351/2503
deg_analysis.33083764_130.out:    Running contrast 2401/2503
deg_analysis.33083764_130.out:    Running contrast 2451/2503
deg_analysis.33083764_130.out:    Running contrast 2501/2503
deg_analysis.33083764_130.out:    Running contrast 2503/2503
deg_analysis.33083764_130.out:Contrasts are completed in 4735.4 seconds
deg_analysis.33083764_130.out:
deg_analysis.33083764_130.out:    Writing:  ./data/l1000_phase2/deg_data/sep_rep/full/qc_false/filter_min_cells_0/intermediate/NEU/NEU_batch_1_de.h5ad
deg_analysis.33083764_130.out:
deg_analysis.33083764_130.out:    Rewriting h5ad file: ./data/l1000_phase2/deg_data/sep_rep/full/qc_false/filter_min_cells_0/intermediate/NEU/NEU_batch_1_de.h5ad
deg_analysis.33083764_130.out:    Removed X matrix
deg_analysis.33083764_130.out:    Rewriting h5ad file is done!
deg_analysis.33083764_130.out:✓ Cell line completed in 4759.2 seconds
deg_analysis.33083764_130.out:
deg_analysis.33083764_130.out:DE analysis completed!
deg_analysis.33083764_130.out:
deg_analysis.33083764_130.out:Total runtime: 4770.0 seconds
deg_analysis.33083764_130.err:During startup - Warning messages:
deg_analysis.33083764_130.err:1: Setting LC_CTYPE failed, using "C"
deg_analysis.33083764_130.err:2: Setting LC_COLLATE failed, using "C"
deg_analysis.33083764_130.err:3: Setting LC_TIME failed, using "C"
deg_analysis.33083764_130.err:4: Setting LC_MESSAGES failed, using "C"
deg_analysis.33083764_130.err:5: Setting LC_MONETARY failed, using "C"
deg_analysis.33083764_130.err:6: Setting LC_PAPER failed, using "C"
deg_analysis.33083764_130.err:7: Setting LC_MEASUREMENT failed, using "C"
deg_analysis.33083778_131.out:
deg_analysis.33083778_131.out:DE analysis started...
deg_analysis.33083778_131.out:Loaded input file:  ./data/l1000_phase2/pseudobulk_processed/sep_rep/by_celltype/NEU/NEU_processed_batch_2.h5ad
deg_analysis.33083778_131.out:Initial dimensions:  2715  samples ×  978  genes
deg_analysis.33083778_131.out:Filter samples with the low number of cells
deg_analysis.33083778_131.out:    Filter threshold (min_cells):  0
deg_analysis.33083778_131.out:    Found  2715  samples with sentinel value (-666), keeping all
deg_analysis.33083778_131.out:    n_obs:  2715 -->  2715
deg_analysis.33083778_131.out:
deg_analysis.33083778_131.out:▶︎ Processing cell_type:  NEU
deg_analysis.33083778_131.out:    Filter controls by  pert_time_h  column
deg_analysis.33083778_131.out:        n_obs:  2715 -->  2715
deg_analysis.33083778_131.out:
deg_analysis.33083778_131.out:    Constructing design matrix...
deg_analysis.33083778_131.out:    Design matrix is constructed in 0.2 seconds
deg_analysis.33083778_131.out:    Design matrix dimensions: 2715 samples × 2512 coefficients
deg_analysis.33083778_131.out:    Skipping filtering and normalization (dataset is already normalized)
deg_analysis.33083778_131.out:    Skipping voom transformation (dataset is already normalized)
deg_analysis.33083778_131.out:    Using as.matrix() directly for lmFit (data assumed to be normalized and log-transformed)...
deg_analysis.33083778_131.out:    as.matrix() prepared in 0.2 seconds
deg_analysis.33083778_131.out:    Running lmFit...
deg_analysis.33083778_131.out:    LmFit is completed in 9.1 seconds
deg_analysis.33083778_131.out:DGE fit is completed in 10.0 seconds
deg_analysis.33083778_131.out:    Running contrasts...
deg_analysis.33083778_131.out:    Running contrast 1/2503
deg_analysis.33083778_131.out:    Running contrast 51/2503
deg_analysis.33083778_131.out:    Running contrast 101/2503
deg_analysis.33083778_131.out:    Running contrast 151/2503
deg_analysis.33083778_131.out:    Running contrast 201/2503
deg_analysis.33083778_131.out:    Running contrast 251/2503
deg_analysis.33083778_131.out:    Running contrast 301/2503
deg_analysis.33083778_131.out:    Running contrast 351/2503
deg_analysis.33083778_131.out:    Running contrast 401/2503
deg_analysis.33083778_131.out:    Running contrast 451/2503
deg_analysis.33083778_131.out:    Running contrast 501/2503
deg_analysis.33083778_131.out:    Running contrast 551/2503
deg_analysis.33083778_131.out:    Running contrast 601/2503
deg_analysis.33083778_131.out:    Running contrast 651/2503
deg_analysis.33083778_131.out:    Running contrast 701/2503
deg_analysis.33083778_131.out:    Running contrast 751/2503
deg_analysis.33083778_131.out:    Running contrast 801/2503
deg_analysis.33083778_131.out:    Running contrast 851/2503
deg_analysis.33083778_131.out:    Running contrast 901/2503
deg_analysis.33083778_131.out:    Running contrast 951/2503
deg_analysis.33083778_131.out:    Running contrast 1001/2503
deg_analysis.33083778_131.out:    Running contrast 1051/2503
deg_analysis.33083778_131.out:    Running contrast 1101/2503
deg_analysis.33083778_131.out:    Running contrast 1151/2503
deg_analysis.33083778_131.out:    Running contrast 1201/2503
deg_analysis.33083778_131.out:    Running contrast 1251/2503
deg_analysis.33083778_131.out:    Running contrast 1301/2503
deg_analysis.33083778_131.out:    Running contrast 1351/2503
deg_analysis.33083778_131.out:    Running contrast 1401/2503
deg_analysis.33083778_131.out:    Running contrast 1451/2503
deg_analysis.33083778_131.out:    Running contrast 1501/2503
deg_analysis.33083778_131.out:    Running contrast 1551/2503
deg_analysis.33083778_131.out:    Running contrast 1601/2503
deg_analysis.33083778_131.out:    Running contrast 1651/2503
deg_analysis.33083778_131.out:    Running contrast 1701/2503
deg_analysis.33083778_131.out:    Running contrast 1751/2503
deg_analysis.33083778_131.out:    Running contrast 1801/2503
deg_analysis.33083778_131.out:    Running contrast 1851/2503
deg_analysis.33083778_131.out:    Running contrast 1901/2503
deg_analysis.33083778_131.out:    Running contrast 1951/2503
deg_analysis.33083778_131.out:    Running contrast 2001/2503
deg_analysis.33083778_131.out:    Running contrast 2051/2503
deg_analysis.33083778_131.out:    Running contrast 2101/2503
deg_analysis.33083778_131.out:    Running contrast 2151/2503
deg_analysis.33083778_131.out:    Running contrast 2201/2503
deg_analysis.33083778_131.out:    Running contrast 2251/2503
deg_analysis.33083778_131.out:    Running contrast 2301/2503
deg_analysis.33083778_131.out:    Running contrast 2351/2503
deg_analysis.33083778_131.out:    Running contrast 2401/2503
deg_analysis.33083778_131.out:    Running contrast 2451/2503
deg_analysis.33083778_131.out:    Running contrast 2501/2503
deg_analysis.33083778_131.out:    Running contrast 2503/2503
deg_analysis.33083778_131.out:Contrasts are completed in 4746.8 seconds
deg_analysis.33083778_131.out:
deg_analysis.33083778_131.out:    Writing:  ./data/l1000_phase2/deg_data/sep_rep/full/qc_false/filter_min_cells_0/intermediate/NEU/NEU_batch_2_de.h5ad
deg_analysis.33083778_131.out:
deg_analysis.33083778_131.out:    Rewriting h5ad file: ./data/l1000_phase2/deg_data/sep_rep/full/qc_false/filter_min_cells_0/intermediate/NEU/NEU_batch_2_de.h5ad
deg_analysis.33083778_131.out:    Removed X matrix
deg_analysis.33083778_131.out:    Rewriting h5ad file is done!
deg_analysis.33083778_131.out:✓ Cell line completed in 4770.7 seconds
deg_analysis.33083778_131.out:
deg_analysis.33083778_131.out:DE analysis completed!
deg_analysis.33083778_131.out:
deg_analysis.33083778_131.out:Total runtime: 4780.8 seconds
deg_analysis.33083778_131.err:During startup - Warning messages:
deg_analysis.33083778_131.err:1: Setting LC_CTYPE failed, using "C"
deg_analysis.33083778_131.err:2: Setting LC_COLLATE failed, using "C"
deg_analysis.33083778_131.err:3: Setting LC_TIME failed, using "C"
deg_analysis.33083778_131.err:4: Setting LC_MESSAGES failed, using "C"
deg_analysis.33083778_131.err:5: Setting LC_MONETARY failed, using "C"
deg_analysis.33083778_131.err:6: Setting LC_PAPER failed, using "C"
deg_analysis.33083778_131.err:7: Setting LC_MEASUREMENT failed, using "C"
deg_analysis.33083779_132.out:
deg_analysis.33083779_132.out:DE analysis started...
deg_analysis.33083779_132.out:Loaded input file:  ./data/l1000_phase2/pseudobulk_processed/sep_rep/by_celltype/NPC.CAS9/NPC.CAS9_processed_batch_1.h5ad
deg_analysis.33083779_132.out:Initial dimensions:  2722  samples ×  978  genes
deg_analysis.33083779_132.out:Filter samples with the low number of cells
deg_analysis.33083779_132.out:    Filter threshold (min_cells):  0
deg_analysis.33083779_132.out:    Found  2722  samples with sentinel value (-666), keeping all
deg_analysis.33083779_132.out:    n_obs:  2722 -->  2722
deg_analysis.33083779_132.out:
deg_analysis.33083779_132.out:▶︎ Processing cell_type:  NPC.CAS9
deg_analysis.33083779_132.out:    Filter controls by  pert_time_h  column
deg_analysis.33083779_132.out:        n_obs:  2722 -->  2722
deg_analysis.33083779_132.out:
deg_analysis.33083779_132.out:    Constructing design matrix...
deg_analysis.33083779_132.out:    Design matrix is constructed in 0.3 seconds
deg_analysis.33083779_132.out:    Design matrix dimensions: 2722 samples × 2516 coefficients
deg_analysis.33083779_132.out:    Skipping filtering and normalization (dataset is already normalized)
deg_analysis.33083779_132.out:    Skipping voom transformation (dataset is already normalized)
deg_analysis.33083779_132.out:    Using as.matrix() directly for lmFit (data assumed to be normalized and log-transformed)...
deg_analysis.33083779_132.out:    as.matrix() prepared in 0.1 seconds
deg_analysis.33083779_132.out:    Running lmFit...
deg_analysis.33083779_132.out:    LmFit is completed in 9.7 seconds
deg_analysis.33083779_132.out:DGE fit is completed in 10.7 seconds
deg_analysis.33083779_132.out:    Running contrasts...
deg_analysis.33083779_132.out:    Running contrast 1/2507
deg_analysis.33083779_132.out:    Running contrast 51/2507
deg_analysis.33083779_132.out:    Running contrast 101/2507
deg_analysis.33083779_132.out:    Running contrast 151/2507
deg_analysis.33083779_132.out:    Running contrast 201/2507
deg_analysis.33083779_132.out:    Running contrast 251/2507
deg_analysis.33083779_132.out:    Running contrast 301/2507
deg_analysis.33083779_132.out:    Running contrast 351/2507
deg_analysis.33083779_132.out:    Running contrast 401/2507
deg_analysis.33083779_132.out:    Running contrast 451/2507
deg_analysis.33083779_132.out:    Running contrast 501/2507
deg_analysis.33083779_132.out:    Running contrast 551/2507
deg_analysis.33083779_132.out:    Running contrast 601/2507
deg_analysis.33083779_132.out:    Running contrast 651/2507
deg_analysis.33083779_132.out:    Running contrast 701/2507
deg_analysis.33083779_132.out:    Running contrast 751/2507
deg_analysis.33083779_132.out:    Running contrast 801/2507
deg_analysis.33083779_132.out:    Running contrast 851/2507
deg_analysis.33083779_132.out:    Running contrast 901/2507
deg_analysis.33083779_132.out:    Running contrast 951/2507
deg_analysis.33083779_132.out:    Running contrast 1001/2507
deg_analysis.33083779_132.out:    Running contrast 1051/2507
deg_analysis.33083779_132.out:    Running contrast 1101/2507
deg_analysis.33083779_132.out:    Running contrast 1151/2507
deg_analysis.33083779_132.out:    Running contrast 1201/2507
deg_analysis.33083779_132.out:    Running contrast 1251/2507
deg_analysis.33083779_132.out:    Running contrast 1301/2507
deg_analysis.33083779_132.out:    Running contrast 1351/2507
deg_analysis.33083779_132.out:    Running contrast 1401/2507
deg_analysis.33083779_132.out:    Running contrast 1451/2507
deg_analysis.33083779_132.out:    Running contrast 1501/2507
deg_analysis.33083779_132.out:    Running contrast 1551/2507
deg_analysis.33083779_132.out:    Running contrast 1601/2507
deg_analysis.33083779_132.out:    Running contrast 1651/2507
deg_analysis.33083779_132.out:    Running contrast 1701/2507
deg_analysis.33083779_132.out:    Running contrast 1751/2507
deg_analysis.33083779_132.out:    Running contrast 1801/2507
deg_analysis.33083779_132.out:    Running contrast 1851/2507
deg_analysis.33083779_132.out:    Running contrast 1901/2507
deg_analysis.33083779_132.out:    Running contrast 1951/2507
deg_analysis.33083779_132.out:    Running contrast 2001/2507
deg_analysis.33083779_132.out:    Running contrast 2051/2507
deg_analysis.33083779_132.out:    Running contrast 2101/2507
deg_analysis.33083779_132.out:    Running contrast 2151/2507
deg_analysis.33083779_132.out:    Running contrast 2201/2507
deg_analysis.33083779_132.out:    Running contrast 2251/2507
deg_analysis.33083779_132.out:    Running contrast 2301/2507
deg_analysis.33083779_132.out:    Running contrast 2351/2507
deg_analysis.33083779_132.out:    Running contrast 2401/2507
deg_analysis.33083779_132.out:    Running contrast 2451/2507
deg_analysis.33083779_132.out:    Running contrast 2501/2507
deg_analysis.33083779_132.out:    Running contrast 2507/2507
deg_analysis.33083779_132.out:Contrasts are completed in 3291.7 seconds
deg_analysis.33083779_132.out:
deg_analysis.33083779_132.out:    Writing:  ./data/l1000_phase2/deg_data/sep_rep/full/qc_false/filter_min_cells_0/intermediate/NPC.CAS9/NPC.CAS9_batch_1_de.h5ad
deg_analysis.33083779_132.out:
deg_analysis.33083779_132.out:    Rewriting h5ad file: ./data/l1000_phase2/deg_data/sep_rep/full/qc_false/filter_min_cells_0/intermediate/NPC.CAS9/NPC.CAS9_batch_1_de.h5ad
deg_analysis.33083779_132.out:    Removed X matrix
deg_analysis.33083779_132.out:    Rewriting h5ad file is done!
deg_analysis.33083779_132.out:✓ Cell line completed in 3314.9 seconds
deg_analysis.33083779_132.out:
deg_analysis.33083779_132.out:DE analysis completed!
deg_analysis.33083779_132.out:
deg_analysis.33083779_132.out:Total runtime: 3327.1 seconds
deg_analysis.33083819_133.out:
deg_analysis.33083819_133.out:DE analysis started...
deg_analysis.33083819_133.out:Loaded input file:  ./data/l1000_phase2/pseudobulk_processed/sep_rep/by_celltype/NPC.CAS9/NPC.CAS9_processed_batch_2.h5ad
deg_analysis.33083819_133.out:Initial dimensions:  2725  samples ×  978  genes
deg_analysis.33083819_133.out:Filter samples with the low number of cells
deg_analysis.33083819_133.out:    Filter threshold (min_cells):  0
deg_analysis.33083819_133.out:    Found  2725  samples with sentinel value (-666), keeping all
deg_analysis.33083819_133.out:    n_obs:  2725 -->  2725
deg_analysis.33083819_133.out:
deg_analysis.33083819_133.out:▶︎ Processing cell_type:  NPC.CAS9
deg_analysis.33083819_133.out:    Filter controls by  pert_time_h  column
deg_analysis.33083819_133.out:        n_obs:  2725 -->  2725
deg_analysis.33083819_133.out:
deg_analysis.33083819_133.out:    Constructing design matrix...
deg_analysis.33083819_133.out:    Design matrix is constructed in 0.5 seconds
deg_analysis.33083819_133.out:    Design matrix dimensions: 2725 samples × 2519 coefficients
deg_analysis.33083819_133.out:    Skipping filtering and normalization (dataset is already normalized)
deg_analysis.33083819_133.out:    Skipping voom transformation (dataset is already normalized)
deg_analysis.33083819_133.out:    Using as.matrix() directly for lmFit (data assumed to be normalized and log-transformed)...
deg_analysis.33083819_133.out:    as.matrix() prepared in 0.0 seconds
deg_analysis.33083819_133.out:    Running lmFit...
deg_analysis.33083819_133.out:    LmFit is completed in 23.3 seconds
deg_analysis.33083819_133.out:DGE fit is completed in 24.5 seconds
deg_analysis.33083819_133.out:    Running contrasts...
deg_analysis.33083819_133.out:    Running contrast 1/2510
deg_analysis.33083819_133.out:    Running contrast 51/2510
deg_analysis.33083819_133.out:    Running contrast 101/2510
deg_analysis.33083819_133.out:    Running contrast 151/2510
deg_analysis.33083819_133.out:    Running contrast 201/2510
deg_analysis.33083819_133.out:    Running contrast 251/2510
deg_analysis.33083819_133.out:    Running contrast 301/2510
deg_analysis.33083819_133.out:    Running contrast 351/2510
deg_analysis.33083819_133.out:    Running contrast 401/2510
deg_analysis.33083819_133.out:    Running contrast 451/2510
deg_analysis.33083819_133.out:    Running contrast 501/2510
deg_analysis.33083819_133.out:    Running contrast 551/2510
deg_analysis.33083819_133.out:    Running contrast 601/2510
deg_analysis.33083819_133.out:    Running contrast 651/2510
deg_analysis.33083819_133.out:    Running contrast 701/2510
deg_analysis.33083819_133.out:    Running contrast 751/2510
deg_analysis.33083819_133.out:    Running contrast 801/2510
deg_analysis.33083819_133.out:    Running contrast 851/2510
deg_analysis.33083819_133.out:    Running contrast 901/2510
deg_analysis.33083819_133.out:    Running contrast 951/2510
deg_analysis.33083819_133.out:    Running contrast 1001/2510
deg_analysis.33083819_133.out:    Running contrast 1051/2510
deg_analysis.33083819_133.out:    Running contrast 1101/2510
deg_analysis.33083819_133.out:    Running contrast 1151/2510
deg_analysis.33083819_133.out:    Running contrast 1201/2510
deg_analysis.33083819_133.out:    Running contrast 1251/2510
deg_analysis.33083819_133.out:    Running contrast 1301/2510
deg_analysis.33083819_133.out:    Running contrast 1351/2510
deg_analysis.33083819_133.out:    Running contrast 1401/2510
deg_analysis.33083819_133.out:    Running contrast 1451/2510
deg_analysis.33083819_133.out:    Running contrast 1501/2510
deg_analysis.33083819_133.out:    Running contrast 1551/2510
deg_analysis.33083819_133.out:    Running contrast 1601/2510
deg_analysis.33083819_133.out:    Running contrast 1651/2510
deg_analysis.33083819_133.out:    Running contrast 1701/2510
deg_analysis.33083819_133.out:    Running contrast 1751/2510
deg_analysis.33083819_133.out:    Running contrast 1801/2510
deg_analysis.33083819_133.out:    Running contrast 1851/2510
deg_analysis.33083819_133.out:    Running contrast 1901/2510
deg_analysis.33083819_133.out:    Running contrast 1951/2510
deg_analysis.33083819_133.out:    Running contrast 2001/2510
deg_analysis.33083819_133.out:    Running contrast 2051/2510
deg_analysis.33083819_133.out:    Running contrast 2101/2510
deg_analysis.33083819_133.out:    Running contrast 2151/2510
deg_analysis.33083819_133.out:    Running contrast 2201/2510
deg_analysis.33083819_133.out:    Running contrast 2251/2510
deg_analysis.33083819_133.out:    Running contrast 2301/2510
deg_analysis.33083819_133.out:    Running contrast 2351/2510
deg_analysis.33083819_133.out:    Running contrast 2401/2510
deg_analysis.33083819_133.out:    Running contrast 2451/2510
deg_analysis.33083819_133.out:    Running contrast 2501/2510
deg_analysis.33083819_133.out:    Running contrast 2510/2510
deg_analysis.33083819_133.out:Contrasts are completed in 6924.3 seconds
deg_analysis.33083819_133.out:
deg_analysis.33083819_133.out:    Writing:  ./data/l1000_phase2/deg_data/sep_rep/full/qc_false/filter_min_cells_0/intermediate/NPC.CAS9/NPC.CAS9_batch_2_de.h5ad
deg_analysis.33083819_133.out:
deg_analysis.33083819_133.out:    Rewriting h5ad file: ./data/l1000_phase2/deg_data/sep_rep/full/qc_false/filter_min_cells_0/intermediate/NPC.CAS9/NPC.CAS9_batch_2_de.h5ad
deg_analysis.33083819_133.out:    Removed X matrix
deg_analysis.33083819_133.out:    Rewriting h5ad file is done!
deg_analysis.33083819_133.out:✓ Cell line completed in 6966.8 seconds
deg_analysis.33083819_133.out:
deg_analysis.33083819_133.out:DE analysis completed!
deg_analysis.33083819_133.out:
deg_analysis.33083819_133.out:Total runtime: 6994.9 seconds
deg_analysis.33083829_134.out:
deg_analysis.33083829_134.out:DE analysis started...
deg_analysis.33083829_134.out:Loaded input file:  ./data/l1000_phase2/pseudobulk_processed/sep_rep/by_celltype/NPC/NPC_processed_batch_1.h5ad
deg_analysis.33083829_134.out:Initial dimensions:  2720  samples ×  978  genes
deg_analysis.33083829_134.out:Filter samples with the low number of cells
deg_analysis.33083829_134.out:    Filter threshold (min_cells):  0
deg_analysis.33083829_134.out:    Found  2720  samples with sentinel value (-666), keeping all
deg_analysis.33083829_134.out:    n_obs:  2720 -->  2720
deg_analysis.33083829_134.out:
deg_analysis.33083829_134.out:▶︎ Processing cell_type:  NPC
deg_analysis.33083829_134.out:    Filter controls by  pert_time_h  column
deg_analysis.33083829_134.out:        n_obs:  2720 -->  2720
deg_analysis.33083829_134.out:
deg_analysis.33083829_134.out:    Constructing design matrix...
deg_analysis.33083829_134.out:    Design matrix is constructed in 0.3 seconds
deg_analysis.33083829_134.out:    Design matrix dimensions: 2720 samples × 2515 coefficients
deg_analysis.33083829_134.out:    Skipping filtering and normalization (dataset is already normalized)
deg_analysis.33083829_134.out:    Skipping voom transformation (dataset is already normalized)
deg_analysis.33083829_134.out:    Using as.matrix() directly for lmFit (data assumed to be normalized and log-transformed)...
deg_analysis.33083829_134.out:    as.matrix() prepared in 0.2 seconds
deg_analysis.33083829_134.out:    Running lmFit...
deg_analysis.33083829_134.out:Coefficients not estimable: plateLPROT003_NPC_6H_X1.A2_B22
deg_analysis.33083829_134.out:    LmFit is completed in 23.0 seconds
deg_analysis.33083829_134.out:DGE fit is completed in 24.2 seconds
deg_analysis.33083829_134.out:    Running contrasts...
deg_analysis.33083829_134.out:    Running contrast 1/2504
deg_analysis.33083829_134.out:    Running contrast 51/2504
deg_analysis.33083829_134.out:    Running contrast 101/2504
deg_analysis.33083829_134.out:    Running contrast 151/2504
deg_analysis.33083829_134.out:    Running contrast 201/2504
deg_analysis.33083829_134.out:    Running contrast 251/2504
deg_analysis.33083829_134.out:    Running contrast 301/2504
deg_analysis.33083829_134.out:    Running contrast 351/2504
deg_analysis.33083829_134.out:    Running contrast 401/2504
deg_analysis.33083829_134.out:    Running contrast 451/2504
deg_analysis.33083829_134.out:    Running contrast 501/2504
deg_analysis.33083829_134.out:    Running contrast 551/2504
deg_analysis.33083829_134.out:    Running contrast 601/2504
deg_analysis.33083829_134.out:    Running contrast 651/2504
deg_analysis.33083829_134.out:    Running contrast 701/2504
deg_analysis.33083829_134.out:    Running contrast 751/2504
deg_analysis.33083829_134.out:    Running contrast 801/2504
deg_analysis.33083829_134.out:    Running contrast 851/2504
deg_analysis.33083829_134.out:    Running contrast 901/2504
deg_analysis.33083829_134.out:    Running contrast 951/2504
deg_analysis.33083829_134.out:    Running contrast 1001/2504
deg_analysis.33083829_134.out:    Running contrast 1051/2504
deg_analysis.33083829_134.out:    Running contrast 1101/2504
deg_analysis.33083829_134.out:    Running contrast 1151/2504
deg_analysis.33083829_134.out:    Running contrast 1201/2504
deg_analysis.33083829_134.out:    Running contrast 1251/2504
deg_analysis.33083829_134.out:    Running contrast 1301/2504
deg_analysis.33083829_134.out:    Running contrast 1351/2504
deg_analysis.33083829_134.out:    Running contrast 1401/2504
deg_analysis.33083829_134.out:    Running contrast 1451/2504
deg_analysis.33083829_134.out:    Running contrast 1501/2504
deg_analysis.33083829_134.out:    Running contrast 1551/2504
deg_analysis.33083829_134.out:    Running contrast 1601/2504
deg_analysis.33083829_134.out:    Running contrast 1651/2504
deg_analysis.33083829_134.out:    Running contrast 1701/2504
deg_analysis.33083829_134.out:    Running contrast 1751/2504
deg_analysis.33083829_134.out:    Running contrast 1801/2504
deg_analysis.33083829_134.out:    Running contrast 1851/2504
deg_analysis.33083829_134.out:    Running contrast 1901/2504
deg_analysis.33083829_134.out:    Running contrast 1951/2504
deg_analysis.33083829_134.out:    Running contrast 2001/2504
deg_analysis.33083829_134.out:    Running contrast 2051/2504
deg_analysis.33083829_134.out:    Running contrast 2101/2504
deg_analysis.33083829_134.out:    Running contrast 2151/2504
deg_analysis.33083829_134.out:    Running contrast 2201/2504
deg_analysis.33083829_134.out:    Running contrast 2251/2504
deg_analysis.33083829_134.out:    Running contrast 2301/2504
deg_analysis.33083829_134.out:    Running contrast 2351/2504
deg_analysis.33083829_134.out:    Running contrast 2401/2504
deg_analysis.33083829_134.out:    Running contrast 2451/2504
deg_analysis.33083829_134.out:    Running contrast 2501/2504
deg_analysis.33083829_134.out:    Running contrast 2504/2504
deg_analysis.33083829_134.out:Contrasts are completed in 6864.9 seconds
deg_analysis.33083829_134.out:
deg_analysis.33083829_134.out:    Writing:  ./data/l1000_phase2/deg_data/sep_rep/full/qc_false/filter_min_cells_0/intermediate/NPC/NPC_batch_1_de.h5ad
deg_analysis.33083829_134.out:
deg_analysis.33083829_134.out:    Rewriting h5ad file: ./data/l1000_phase2/deg_data/sep_rep/full/qc_false/filter_min_cells_0/intermediate/NPC/NPC_batch_1_de.h5ad
deg_analysis.33083829_134.out:    Removed X matrix
deg_analysis.33083829_134.out:    Rewriting h5ad file is done!
deg_analysis.33083829_134.out:✓ Cell line completed in 6905.8 seconds
deg_analysis.33083829_134.out:
deg_analysis.33083829_134.out:DE analysis completed!
deg_analysis.33083829_134.out:
deg_analysis.33083829_134.out:Total runtime: 6915.2 seconds
deg_analysis.33083829_134.err:
deg_analysis.33083829_134.err:=== 1 Warnings encountered ===
deg_analysis.33083829_134.err:
deg_analysis.33083829_134.err:1. Partial NA coefficients for 978 probe(s)
deg_analysis.33083870_135.out:
deg_analysis.33083870_135.out:DE analysis started...
deg_analysis.33083870_135.out:Loaded input file:  ./data/l1000_phase2/pseudobulk_processed/sep_rep/by_celltype/NPC/NPC_processed_batch_2.h5ad
deg_analysis.33083870_135.out:Initial dimensions:  2728  samples ×  978  genes
deg_analysis.33083870_135.out:Filter samples with the low number of cells
deg_analysis.33083870_135.out:    Filter threshold (min_cells):  0
deg_analysis.33083870_135.out:    Found  2728  samples with sentinel value (-666), keeping all
deg_analysis.33083870_135.out:    n_obs:  2728 -->  2728
deg_analysis.33083870_135.out:
deg_analysis.33083870_135.out:▶︎ Processing cell_type:  NPC
deg_analysis.33083870_135.out:    Filter controls by  pert_time_h  column
deg_analysis.33083870_135.out:        n_obs:  2728 -->  2728
deg_analysis.33083870_135.out:
deg_analysis.33083870_135.out:    Constructing design matrix...
deg_analysis.33083870_135.out:    Design matrix is constructed in 0.5 seconds
deg_analysis.33083870_135.out:    Design matrix dimensions: 2728 samples × 2523 coefficients
deg_analysis.33083870_135.out:    Skipping filtering and normalization (dataset is already normalized)
deg_analysis.33083870_135.out:    Skipping voom transformation (dataset is already normalized)
deg_analysis.33083870_135.out:    Using as.matrix() directly for lmFit (data assumed to be normalized and log-transformed)...
deg_analysis.33083870_135.out:    as.matrix() prepared in 0.0 seconds
deg_analysis.33083870_135.out:    Running lmFit...
deg_analysis.33083870_135.out:Coefficients not estimable: plateLPROT003_NPC_6H_X1.A2_B22
deg_analysis.33083870_135.out:    LmFit is completed in 23.6 seconds
deg_analysis.33083870_135.out:DGE fit is completed in 24.8 seconds
deg_analysis.33083870_135.out:    Running contrasts...
deg_analysis.33083870_135.out:    Running contrast 1/2512
deg_analysis.33083870_135.out:    Running contrast 51/2512
deg_analysis.33083870_135.out:    Running contrast 101/2512
deg_analysis.33083870_135.out:    Running contrast 151/2512
deg_analysis.33083870_135.out:    Running contrast 201/2512
deg_analysis.33083870_135.out:    Running contrast 251/2512
deg_analysis.33083870_135.out:    Running contrast 301/2512
deg_analysis.33083870_135.out:    Running contrast 351/2512
deg_analysis.33083870_135.out:    Running contrast 401/2512
deg_analysis.33083870_135.out:    Running contrast 451/2512
deg_analysis.33083870_135.out:    Running contrast 501/2512
deg_analysis.33083870_135.out:    Running contrast 551/2512
deg_analysis.33083870_135.out:    Running contrast 601/2512
deg_analysis.33083870_135.out:    Running contrast 651/2512
deg_analysis.33083870_135.out:    Running contrast 701/2512
deg_analysis.33083870_135.out:    Running contrast 751/2512
deg_analysis.33083870_135.out:    Running contrast 801/2512
deg_analysis.33083870_135.out:    Running contrast 851/2512
deg_analysis.33083870_135.out:    Running contrast 901/2512
deg_analysis.33083870_135.out:    Running contrast 951/2512
deg_analysis.33083870_135.out:    Running contrast 1001/2512
deg_analysis.33083870_135.out:    Running contrast 1051/2512
deg_analysis.33083870_135.out:    Running contrast 1101/2512
deg_analysis.33083870_135.out:    Running contrast 1151/2512
deg_analysis.33083870_135.out:    Running contrast 1201/2512
deg_analysis.33083870_135.out:    Running contrast 1251/2512
deg_analysis.33083870_135.out:    Running contrast 1301/2512
deg_analysis.33083870_135.out:    Running contrast 1351/2512
deg_analysis.33083870_135.out:    Running contrast 1401/2512
deg_analysis.33083870_135.out:    Running contrast 1451/2512
deg_analysis.33083870_135.out:    Running contrast 1501/2512
deg_analysis.33083870_135.out:    Running contrast 1551/2512
deg_analysis.33083870_135.out:    Running contrast 1601/2512
deg_analysis.33083870_135.out:    Running contrast 1651/2512
deg_analysis.33083870_135.out:    Running contrast 1701/2512
deg_analysis.33083870_135.out:    Running contrast 1751/2512
deg_analysis.33083870_135.out:    Running contrast 1801/2512
deg_analysis.33083870_135.out:    Running contrast 1851/2512
deg_analysis.33083870_135.out:    Running contrast 1901/2512
deg_analysis.33083870_135.out:    Running contrast 1951/2512
deg_analysis.33083870_135.out:    Running contrast 2001/2512
deg_analysis.33083870_135.out:    Running contrast 2051/2512
deg_analysis.33083870_135.out:    Running contrast 2101/2512
deg_analysis.33083870_135.out:    Running contrast 2151/2512
deg_analysis.33083870_135.out:    Running contrast 2201/2512
deg_analysis.33083870_135.out:    Running contrast 2251/2512
deg_analysis.33083870_135.out:    Running contrast 2301/2512
deg_analysis.33083870_135.out:    Running contrast 2351/2512
deg_analysis.33083870_135.out:    Running contrast 2401/2512
deg_analysis.33083870_135.out:    Running contrast 2451/2512
deg_analysis.33083870_135.out:    Running contrast 2501/2512
deg_analysis.33083870_135.out:    Running contrast 2512/2512
deg_analysis.33083870_135.out:Contrasts are completed in 6477.4 seconds
deg_analysis.33083870_135.out:
deg_analysis.33083870_135.out:    Writing:  ./data/l1000_phase2/deg_data/sep_rep/full/qc_false/filter_min_cells_0/intermediate/NPC/NPC_batch_2_de.h5ad
deg_analysis.33083870_135.out:
deg_analysis.33083870_135.out:    Rewriting h5ad file: ./data/l1000_phase2/deg_data/sep_rep/full/qc_false/filter_min_cells_0/intermediate/NPC/NPC_batch_2_de.h5ad
deg_analysis.33083870_135.out:    Removed X matrix
deg_analysis.33083870_135.out:    Rewriting h5ad file is done!
deg_analysis.33083870_135.out:✓ Cell line completed in 6518.8 seconds
deg_analysis.33083870_135.out:
deg_analysis.33083870_135.out:DE analysis completed!
deg_analysis.33083870_135.out:
deg_analysis.33083870_135.out:Total runtime: 6541.2 seconds
deg_analysis.33083870_135.err:
deg_analysis.33083870_135.err:=== 1 Warnings encountered ===
deg_analysis.33083870_135.err:
deg_analysis.33083870_135.err:1. Partial NA coefficients for 978 probe(s)
deg_analysis.33083880_136.out:
deg_analysis.33083880_136.out:DE analysis started...
deg_analysis.33083880_136.out:Loaded input file:  ./data/l1000_phase2/pseudobulk_processed/sep_rep/by_celltype/NPC.TAK/NPC.TAK_processed_batch_1.h5ad
deg_analysis.33083880_136.out:Initial dimensions:  2719  samples ×  978  genes
deg_analysis.33083880_136.out:Filter samples with the low number of cells
deg_analysis.33083880_136.out:    Filter threshold (min_cells):  0
deg_analysis.33083880_136.out:    Found  2719  samples with sentinel value (-666), keeping all
deg_analysis.33083880_136.out:    n_obs:  2719 -->  2719
deg_analysis.33083880_136.out:
deg_analysis.33083880_136.out:▶︎ Processing cell_type:  NPC.TAK
deg_analysis.33083880_136.out:    Filter controls by  pert_time_h  column
deg_analysis.33083880_136.out:        n_obs:  2719 -->  2719
deg_analysis.33083880_136.out:
deg_analysis.33083880_136.out:    Constructing design matrix...
deg_analysis.33083880_136.out:    Design matrix is constructed in 0.3 seconds
deg_analysis.33083880_136.out:    Design matrix dimensions: 2719 samples × 2514 coefficients
deg_analysis.33083880_136.out:    Skipping filtering and normalization (dataset is already normalized)
deg_analysis.33083880_136.out:    Skipping voom transformation (dataset is already normalized)
deg_analysis.33083880_136.out:    Using as.matrix() directly for lmFit (data assumed to be normalized and log-transformed)...
deg_analysis.33083880_136.out:    as.matrix() prepared in 0.2 seconds
deg_analysis.33083880_136.out:    Running lmFit...
deg_analysis.33083880_136.out:Coefficients not estimable: plateLPROT002_NPC.TAK_6H_X1_B22
deg_analysis.33083880_136.out:    LmFit is completed in 23.8 seconds
deg_analysis.33083880_136.out:DGE fit is completed in 25.1 seconds
deg_analysis.33083880_136.out:    Running contrasts...
deg_analysis.33083880_136.out:    Running contrast 1/2502
deg_analysis.33083880_136.out:    Running contrast 51/2502
deg_analysis.33083880_136.out:    Running contrast 101/2502
deg_analysis.33083880_136.out:    Running contrast 151/2502
deg_analysis.33083880_136.out:    Running contrast 201/2502
deg_analysis.33083880_136.out:    Running contrast 251/2502
deg_analysis.33083880_136.out:    Running contrast 301/2502
deg_analysis.33083880_136.out:    Running contrast 351/2502
deg_analysis.33083880_136.out:    Running contrast 401/2502
deg_analysis.33083880_136.out:    Running contrast 451/2502
deg_analysis.33083880_136.out:    Running contrast 501/2502
deg_analysis.33083880_136.out:    Running contrast 551/2502
deg_analysis.33083880_136.out:    Running contrast 601/2502
deg_analysis.33083880_136.out:    Running contrast 651/2502
deg_analysis.33083880_136.out:    Running contrast 701/2502
deg_analysis.33083880_136.out:    Running contrast 751/2502
deg_analysis.33083880_136.out:    Running contrast 801/2502
deg_analysis.33083880_136.out:    Running contrast 851/2502
deg_analysis.33083880_136.out:    Running contrast 901/2502
deg_analysis.33083880_136.out:    Running contrast 951/2502
deg_analysis.33083880_136.out:    Running contrast 1001/2502
deg_analysis.33083880_136.out:    Running contrast 1051/2502
deg_analysis.33083880_136.out:    Running contrast 1101/2502
deg_analysis.33083880_136.out:    Running contrast 1151/2502
deg_analysis.33083880_136.out:    Running contrast 1201/2502
deg_analysis.33083880_136.out:    Running contrast 1251/2502
deg_analysis.33083880_136.out:    Running contrast 1301/2502
deg_analysis.33083880_136.out:    Running contrast 1351/2502
deg_analysis.33083880_136.out:    Running contrast 1401/2502
deg_analysis.33083880_136.out:    Running contrast 1451/2502
deg_analysis.33083880_136.out:    Running contrast 1501/2502
deg_analysis.33083880_136.out:    Running contrast 1551/2502
deg_analysis.33083880_136.out:    Running contrast 1601/2502
deg_analysis.33083880_136.out:    Running contrast 1651/2502
deg_analysis.33083880_136.out:    Running contrast 1701/2502
deg_analysis.33083880_136.out:    Running contrast 1751/2502
deg_analysis.33083880_136.out:    Running contrast 1801/2502
deg_analysis.33083880_136.out:    Running contrast 1851/2502
deg_analysis.33083880_136.out:    Running contrast 1901/2502
deg_analysis.33083880_136.out:    Running contrast 1951/2502
deg_analysis.33083880_136.out:    Running contrast 2001/2502
deg_analysis.33083880_136.out:    Running contrast 2051/2502
deg_analysis.33083880_136.out:    Running contrast 2101/2502
deg_analysis.33083880_136.out:    Running contrast 2151/2502
deg_analysis.33083880_136.out:    Running contrast 2201/2502
deg_analysis.33083880_136.out:    Running contrast 2251/2502
deg_analysis.33083880_136.out:    Running contrast 2301/2502
deg_analysis.33083880_136.out:    Running contrast 2351/2502
deg_analysis.33083880_136.out:    Running contrast 2401/2502
deg_analysis.33083880_136.out:    Running contrast 2451/2502
deg_analysis.33083880_136.out:    Running contrast 2501/2502
deg_analysis.33083880_136.out:    Running contrast 2502/2502
deg_analysis.33083880_136.out:Contrasts are completed in 6280.1 seconds
deg_analysis.33083880_136.out:
deg_analysis.33083880_136.out:    Writing:  ./data/l1000_phase2/deg_data/sep_rep/full/qc_false/filter_min_cells_0/intermediate/NPC.TAK/NPC.TAK_batch_1_de.h5ad
deg_analysis.33083880_136.out:
deg_analysis.33083880_136.out:    Rewriting h5ad file: ./data/l1000_phase2/deg_data/sep_rep/full/qc_false/filter_min_cells_0/intermediate/NPC.TAK/NPC.TAK_batch_1_de.h5ad
deg_analysis.33083880_136.out:    Removed X matrix
deg_analysis.33083880_136.out:    Rewriting h5ad file is done!
deg_analysis.33083880_136.out:✓ Cell line completed in 6321.7 seconds
deg_analysis.33083880_136.out:
deg_analysis.33083880_136.out:DE analysis completed!
deg_analysis.33083880_136.out:
deg_analysis.33083880_136.out:Total runtime: 6339.6 seconds
deg_analysis.33083880_136.err:
deg_analysis.33083880_136.err:=== 1 Warnings encountered ===
deg_analysis.33083880_136.err:
deg_analysis.33083880_136.err:1. Partial NA coefficients for 978 probe(s)
deg_analysis.33083889_137.out:
deg_analysis.33083889_137.out:DE analysis started...
deg_analysis.33083889_137.out:Loaded input file:  ./data/l1000_phase2/pseudobulk_processed/sep_rep/by_celltype/NPC.TAK/NPC.TAK_processed_batch_2.h5ad
deg_analysis.33083889_137.out:Initial dimensions:  2727  samples ×  978  genes
deg_analysis.33083889_137.out:Filter samples with the low number of cells
deg_analysis.33083889_137.out:    Filter threshold (min_cells):  0
deg_analysis.33083889_137.out:    Found  2727  samples with sentinel value (-666), keeping all
deg_analysis.33083889_137.out:    n_obs:  2727 -->  2727
deg_analysis.33083889_137.out:
deg_analysis.33083889_137.out:▶︎ Processing cell_type:  NPC.TAK
deg_analysis.33083889_137.out:    Filter controls by  pert_time_h  column
deg_analysis.33083889_137.out:        n_obs:  2727 -->  2727
deg_analysis.33083889_137.out:
deg_analysis.33083889_137.out:    Constructing design matrix...
deg_analysis.33083889_137.out:    Design matrix is constructed in 0.4 seconds
deg_analysis.33083889_137.out:    Design matrix dimensions: 2727 samples × 2522 coefficients
deg_analysis.33083889_137.out:    Skipping filtering and normalization (dataset is already normalized)
deg_analysis.33083889_137.out:    Skipping voom transformation (dataset is already normalized)
deg_analysis.33083889_137.out:    Using as.matrix() directly for lmFit (data assumed to be normalized and log-transformed)...
deg_analysis.33083889_137.out:    as.matrix() prepared in 0.0 seconds
deg_analysis.33083889_137.out:    Running lmFit...
deg_analysis.33083889_137.out:Coefficients not estimable: plateLPROT002_NPC.TAK_6H_X1_B22
deg_analysis.33083889_137.out:    LmFit is completed in 12.4 seconds
deg_analysis.33083889_137.out:DGE fit is completed in 13.5 seconds
deg_analysis.33083889_137.out:    Running contrasts...
deg_analysis.33083889_137.out:    Running contrast 1/2510
deg_analysis.33083889_137.out:    Running contrast 51/2510
deg_analysis.33083889_137.out:    Running contrast 101/2510
deg_analysis.33083889_137.out:    Running contrast 151/2510
deg_analysis.33083889_137.out:    Running contrast 201/2510
deg_analysis.33083889_137.out:    Running contrast 251/2510
deg_analysis.33083889_137.out:    Running contrast 301/2510
deg_analysis.33083889_137.out:    Running contrast 351/2510
deg_analysis.33083889_137.out:    Running contrast 401/2510
deg_analysis.33083889_137.out:    Running contrast 451/2510
deg_analysis.33083889_137.out:    Running contrast 501/2510
deg_analysis.33083889_137.out:    Running contrast 551/2510
deg_analysis.33083889_137.out:    Running contrast 601/2510
deg_analysis.33083889_137.out:    Running contrast 651/2510
deg_analysis.33083889_137.out:    Running contrast 701/2510
deg_analysis.33083889_137.out:    Running contrast 751/2510
deg_analysis.33083889_137.out:    Running contrast 801/2510
deg_analysis.33083889_137.out:    Running contrast 851/2510
deg_analysis.33083889_137.out:    Running contrast 901/2510
deg_analysis.33083889_137.out:    Running contrast 951/2510
deg_analysis.33083889_137.out:    Running contrast 1001/2510
deg_analysis.33083889_137.out:    Running contrast 1051/2510
deg_analysis.33083889_137.out:    Running contrast 1101/2510
deg_analysis.33083889_137.out:    Running contrast 1151/2510
deg_analysis.33083889_137.out:    Running contrast 1201/2510
deg_analysis.33083889_137.out:    Running contrast 1251/2510
deg_analysis.33083889_137.out:    Running contrast 1301/2510
deg_analysis.33083889_137.out:    Running contrast 1351/2510
deg_analysis.33083889_137.out:    Running contrast 1401/2510
deg_analysis.33083889_137.out:    Running contrast 1451/2510
deg_analysis.33083889_137.out:    Running contrast 1501/2510
deg_analysis.33083889_137.out:    Running contrast 1551/2510
deg_analysis.33083889_137.out:    Running contrast 1601/2510
deg_analysis.33083889_137.out:    Running contrast 1651/2510
deg_analysis.33083889_137.out:    Running contrast 1701/2510
deg_analysis.33083889_137.out:    Running contrast 1751/2510
deg_analysis.33083889_137.out:    Running contrast 1801/2510
deg_analysis.33083889_137.out:    Running contrast 1851/2510
deg_analysis.33083889_137.out:    Running contrast 1901/2510
deg_analysis.33083889_137.out:    Running contrast 1951/2510
deg_analysis.33083889_137.out:    Running contrast 2001/2510
deg_analysis.33083889_137.out:    Running contrast 2051/2510
deg_analysis.33083889_137.out:    Running contrast 2101/2510
deg_analysis.33083889_137.out:    Running contrast 2151/2510
deg_analysis.33083889_137.out:    Running contrast 2201/2510
deg_analysis.33083889_137.out:    Running contrast 2251/2510
deg_analysis.33083889_137.out:    Running contrast 2301/2510
deg_analysis.33083889_137.out:    Running contrast 2351/2510
deg_analysis.33083889_137.out:    Running contrast 2401/2510
deg_analysis.33083889_137.out:    Running contrast 2451/2510
deg_analysis.33083889_137.out:    Running contrast 2501/2510
deg_analysis.33083889_137.out:    Running contrast 2510/2510
deg_analysis.33083889_137.out:Contrasts are completed in 4889.7 seconds
deg_analysis.33083889_137.out:
deg_analysis.33083889_137.out:    Writing:  ./data/l1000_phase2/deg_data/sep_rep/full/qc_false/filter_min_cells_0/intermediate/NPC.TAK/NPC.TAK_batch_2_de.h5ad
deg_analysis.33083889_137.out:
deg_analysis.33083889_137.out:    Rewriting h5ad file: ./data/l1000_phase2/deg_data/sep_rep/full/qc_false/filter_min_cells_0/intermediate/NPC.TAK/NPC.TAK_batch_2_de.h5ad
deg_analysis.33083889_137.out:    Removed X matrix
deg_analysis.33083889_137.out:    Rewriting h5ad file is done!
deg_analysis.33083889_137.out:✓ Cell line completed in 4916.8 seconds
deg_analysis.33083889_137.out:
deg_analysis.33083889_137.out:DE analysis completed!
deg_analysis.33083889_137.out:
deg_analysis.33083889_137.out:Total runtime: 4931.7 seconds
deg_analysis.33083889_137.err:During startup - Warning messages:
deg_analysis.33083889_137.err:1: Setting LC_CTYPE failed, using "C"
deg_analysis.33083889_137.err:2: Setting LC_COLLATE failed, using "C"
deg_analysis.33083889_137.err:3: Setting LC_TIME failed, using "C"
deg_analysis.33083889_137.err:4: Setting LC_MESSAGES failed, using "C"
deg_analysis.33083889_137.err:5: Setting LC_MONETARY failed, using "C"
deg_analysis.33083889_137.err:6: Setting LC_PAPER failed, using "C"
deg_analysis.33083889_137.err:7: Setting LC_MEASUREMENT failed, using "C"
deg_analysis.33083889_137.err:
deg_analysis.33083889_137.err:=== 1 Warnings encountered ===
deg_analysis.33083889_137.err:
deg_analysis.33083889_137.err:1. Partial NA coefficients for 978 probe(s)
deg_analysis.33083894_138.out:
deg_analysis.33083894_138.out:DE analysis started...
deg_analysis.33083894_138.out:Loaded input file:  ./data/l1000_phase2/pseudobulk_processed/sep_rep/by_celltype/SKL.C/SKL.C_processed_batch_1.h5ad
deg_analysis.33083894_138.out:Initial dimensions:  2719  samples ×  978  genes
deg_analysis.33083894_138.out:Filter samples with the low number of cells
deg_analysis.33083894_138.out:    Filter threshold (min_cells):  0
deg_analysis.33083894_138.out:    Found  2719  samples with sentinel value (-666), keeping all
deg_analysis.33083894_138.out:    n_obs:  2719 -->  2719
deg_analysis.33083894_138.out:
deg_analysis.33083894_138.out:▶︎ Processing cell_type:  SKL.C
deg_analysis.33083894_138.out:    Filter controls by  pert_time_h  column
deg_analysis.33083894_138.out:        n_obs:  2719 -->  2719
deg_analysis.33083894_138.out:
deg_analysis.33083894_138.out:    Constructing design matrix...
deg_analysis.33083894_138.out:    Design matrix is constructed in 0.2 seconds
deg_analysis.33083894_138.out:    Design matrix dimensions: 2719 samples × 2516 coefficients
deg_analysis.33083894_138.out:    Skipping filtering and normalization (dataset is already normalized)
deg_analysis.33083894_138.out:    Skipping voom transformation (dataset is already normalized)
deg_analysis.33083894_138.out:    Using as.matrix() directly for lmFit (data assumed to be normalized and log-transformed)...
deg_analysis.33083894_138.out:    as.matrix() prepared in 0.2 seconds
deg_analysis.33083894_138.out:    Running lmFit...
deg_analysis.33083894_138.out:    LmFit is completed in 14.2 seconds
deg_analysis.33083894_138.out:DGE fit is completed in 15.2 seconds
deg_analysis.33083894_138.out:    Running contrasts...
deg_analysis.33083894_138.out:    Running contrast 1/2507
deg_analysis.33083894_138.out:    Running contrast 51/2507
deg_analysis.33083894_138.out:    Running contrast 101/2507
deg_analysis.33083894_138.out:    Running contrast 151/2507
deg_analysis.33083894_138.out:    Running contrast 201/2507
deg_analysis.33083894_138.out:    Running contrast 251/2507
deg_analysis.33083894_138.out:    Running contrast 301/2507
deg_analysis.33083894_138.out:    Running contrast 351/2507
deg_analysis.33083894_138.out:    Running contrast 401/2507
deg_analysis.33083894_138.out:    Running contrast 451/2507
deg_analysis.33083894_138.out:    Running contrast 501/2507
deg_analysis.33083894_138.out:    Running contrast 551/2507
deg_analysis.33083894_138.out:    Running contrast 601/2507
deg_analysis.33083894_138.out:    Running contrast 651/2507
deg_analysis.33083894_138.out:    Running contrast 701/2507
deg_analysis.33083894_138.out:    Running contrast 751/2507
deg_analysis.33083894_138.out:    Running contrast 801/2507
deg_analysis.33083894_138.out:    Running contrast 851/2507
deg_analysis.33083894_138.out:    Running contrast 901/2507
deg_analysis.33083894_138.out:    Running contrast 951/2507
deg_analysis.33083894_138.out:    Running contrast 1001/2507
deg_analysis.33083894_138.out:    Running contrast 1051/2507
deg_analysis.33083894_138.out:    Running contrast 1101/2507
deg_analysis.33083894_138.out:    Running contrast 1151/2507
deg_analysis.33083894_138.out:    Running contrast 1201/2507
deg_analysis.33083894_138.out:    Running contrast 1251/2507
deg_analysis.33083894_138.out:    Running contrast 1301/2507
deg_analysis.33083894_138.out:    Running contrast 1351/2507
deg_analysis.33083894_138.out:    Running contrast 1401/2507
deg_analysis.33083894_138.out:    Running contrast 1451/2507
deg_analysis.33083894_138.out:    Running contrast 1501/2507
deg_analysis.33083894_138.out:    Running contrast 1551/2507
deg_analysis.33083894_138.out:    Running contrast 1601/2507
deg_analysis.33083894_138.out:    Running contrast 1651/2507
deg_analysis.33083894_138.out:    Running contrast 1701/2507
deg_analysis.33083894_138.out:    Running contrast 1751/2507
deg_analysis.33083894_138.out:    Running contrast 1801/2507
deg_analysis.33083894_138.out:    Running contrast 1851/2507
deg_analysis.33083894_138.out:    Running contrast 1901/2507
deg_analysis.33083894_138.out:    Running contrast 1951/2507
deg_analysis.33083894_138.out:    Running contrast 2001/2507
deg_analysis.33083894_138.out:    Running contrast 2051/2507
deg_analysis.33083894_138.out:    Running contrast 2101/2507
deg_analysis.33083894_138.out:    Running contrast 2151/2507
deg_analysis.33083894_138.out:    Running contrast 2201/2507
deg_analysis.33083894_138.out:    Running contrast 2251/2507
deg_analysis.33083894_138.out:    Running contrast 2301/2507
deg_analysis.33083894_138.out:    Running contrast 2351/2507
deg_analysis.33083894_138.out:    Running contrast 2401/2507
deg_analysis.33083894_138.out:    Running contrast 2451/2507
deg_analysis.33083894_138.out:    Running contrast 2501/2507
deg_analysis.33083894_138.out:    Running contrast 2507/2507
deg_analysis.33083894_138.out:Contrasts are completed in 5009.1 seconds
deg_analysis.33083894_138.out:
deg_analysis.33083894_138.out:    Writing:  ./data/l1000_phase2/deg_data/sep_rep/full/qc_false/filter_min_cells_0/intermediate/SKL.C/SKL.C_batch_1_de.h5ad
deg_analysis.33083894_138.out:
deg_analysis.33083894_138.out:    Rewriting h5ad file: ./data/l1000_phase2/deg_data/sep_rep/full/qc_false/filter_min_cells_0/intermediate/SKL.C/SKL.C_batch_1_de.h5ad
deg_analysis.33083894_138.out:    Removed X matrix
deg_analysis.33083894_138.out:    Rewriting h5ad file is done!
deg_analysis.33083894_138.out:✓ Cell line completed in 5039.0 seconds
deg_analysis.33083894_138.out:
deg_analysis.33083894_138.out:DE analysis completed!
deg_analysis.33083894_138.out:
deg_analysis.33083894_138.out:Total runtime: 5048.4 seconds
deg_analysis.33083894_138.err:During startup - Warning messages:
deg_analysis.33083894_138.err:1: Setting LC_CTYPE failed, using "C"
deg_analysis.33083894_138.err:2: Setting LC_COLLATE failed, using "C"
deg_analysis.33083894_138.err:3: Setting LC_TIME failed, using "C"
deg_analysis.33083894_138.err:4: Setting LC_MESSAGES failed, using "C"
deg_analysis.33083894_138.err:5: Setting LC_MONETARY failed, using "C"
deg_analysis.33083894_138.err:6: Setting LC_PAPER failed, using "C"
deg_analysis.33083894_138.err:7: Setting LC_MEASUREMENT failed, using "C"
deg_analysis.33083904_139.out:
deg_analysis.33083904_139.out:DE analysis started...
deg_analysis.33083904_139.out:Loaded input file:  ./data/l1000_phase2/pseudobulk_processed/sep_rep/by_celltype/SKL.C/SKL.C_processed_batch_2.h5ad
deg_analysis.33083904_139.out:Initial dimensions:  2722  samples ×  978  genes
deg_analysis.33083904_139.out:Filter samples with the low number of cells
deg_analysis.33083904_139.out:    Filter threshold (min_cells):  0
deg_analysis.33083904_139.out:    Found  2722  samples with sentinel value (-666), keeping all
deg_analysis.33083904_139.out:    n_obs:  2722 -->  2722
deg_analysis.33083904_139.out:
deg_analysis.33083904_139.out:▶︎ Processing cell_type:  SKL.C
deg_analysis.33083904_139.out:    Filter controls by  pert_time_h  column
deg_analysis.33083904_139.out:        n_obs:  2722 -->  2722
deg_analysis.33083904_139.out:
deg_analysis.33083904_139.out:    Constructing design matrix...
deg_analysis.33083904_139.out:    Design matrix is constructed in 0.4 seconds
deg_analysis.33083904_139.out:    Design matrix dimensions: 2722 samples × 2519 coefficients
deg_analysis.33083904_139.out:    Skipping filtering and normalization (dataset is already normalized)
deg_analysis.33083904_139.out:    Skipping voom transformation (dataset is already normalized)
deg_analysis.33083904_139.out:    Using as.matrix() directly for lmFit (data assumed to be normalized and log-transformed)...
deg_analysis.33083904_139.out:    as.matrix() prepared in 0.0 seconds
deg_analysis.33083904_139.out:    Running lmFit...
deg_analysis.33083904_139.out:    LmFit is completed in 12.8 seconds
deg_analysis.33083904_139.out:DGE fit is completed in 13.8 seconds
deg_analysis.33083904_139.out:    Running contrasts...
deg_analysis.33083904_139.out:    Running contrast 1/2510
deg_analysis.33083904_139.out:    Running contrast 51/2510
deg_analysis.33083904_139.out:    Running contrast 101/2510
deg_analysis.33083904_139.out:    Running contrast 151/2510
deg_analysis.33083904_139.out:    Running contrast 201/2510
deg_analysis.33083904_139.out:    Running contrast 251/2510
deg_analysis.33083904_139.out:    Running contrast 301/2510
deg_analysis.33083904_139.out:    Running contrast 351/2510
deg_analysis.33083904_139.out:    Running contrast 401/2510
deg_analysis.33083904_139.out:    Running contrast 451/2510
deg_analysis.33083904_139.out:    Running contrast 501/2510
deg_analysis.33083904_139.out:    Running contrast 551/2510
deg_analysis.33083904_139.out:    Running contrast 601/2510
deg_analysis.33083904_139.out:    Running contrast 651/2510
deg_analysis.33083904_139.out:    Running contrast 701/2510
deg_analysis.33083904_139.out:    Running contrast 751/2510
deg_analysis.33083904_139.out:    Running contrast 801/2510
deg_analysis.33083904_139.out:    Running contrast 851/2510
deg_analysis.33083904_139.out:    Running contrast 901/2510
deg_analysis.33083904_139.out:    Running contrast 951/2510
deg_analysis.33083904_139.out:    Running contrast 1001/2510
deg_analysis.33083904_139.out:    Running contrast 1051/2510
deg_analysis.33083904_139.out:    Running contrast 1101/2510
deg_analysis.33083904_139.out:    Running contrast 1151/2510
deg_analysis.33083904_139.out:    Running contrast 1201/2510
deg_analysis.33083904_139.out:    Running contrast 1251/2510
deg_analysis.33083904_139.out:    Running contrast 1301/2510
deg_analysis.33083904_139.out:    Running contrast 1351/2510
deg_analysis.33083904_139.out:    Running contrast 1401/2510
deg_analysis.33083904_139.out:    Running contrast 1451/2510
deg_analysis.33083904_139.out:    Running contrast 1501/2510
deg_analysis.33083904_139.out:    Running contrast 1551/2510
deg_analysis.33083904_139.out:    Running contrast 1601/2510
deg_analysis.33083904_139.out:    Running contrast 1651/2510
deg_analysis.33083904_139.out:    Running contrast 1701/2510
deg_analysis.33083904_139.out:    Running contrast 1751/2510
deg_analysis.33083904_139.out:    Running contrast 1801/2510
deg_analysis.33083904_139.out:    Running contrast 1851/2510
deg_analysis.33083904_139.out:    Running contrast 1901/2510
deg_analysis.33083904_139.out:    Running contrast 1951/2510
deg_analysis.33083904_139.out:    Running contrast 2001/2510
deg_analysis.33083904_139.out:    Running contrast 2051/2510
deg_analysis.33083904_139.out:    Running contrast 2101/2510
deg_analysis.33083904_139.out:    Running contrast 2151/2510
deg_analysis.33083904_139.out:    Running contrast 2201/2510
deg_analysis.33083904_139.out:    Running contrast 2251/2510
deg_analysis.33083904_139.out:    Running contrast 2301/2510
deg_analysis.33083904_139.out:    Running contrast 2351/2510
deg_analysis.33083904_139.out:    Running contrast 2401/2510
deg_analysis.33083904_139.out:    Running contrast 2451/2510
deg_analysis.33083904_139.out:    Running contrast 2501/2510
deg_analysis.33083904_139.out:    Running contrast 2510/2510
deg_analysis.33083904_139.out:Contrasts are completed in 4874.5 seconds
deg_analysis.33083904_139.out:
deg_analysis.33083904_139.out:    Writing:  ./data/l1000_phase2/deg_data/sep_rep/full/qc_false/filter_min_cells_0/intermediate/SKL.C/SKL.C_batch_2_de.h5ad
deg_analysis.33083904_139.out:
deg_analysis.33083904_139.out:    Rewriting h5ad file: ./data/l1000_phase2/deg_data/sep_rep/full/qc_false/filter_min_cells_0/intermediate/SKL.C/SKL.C_batch_2_de.h5ad
deg_analysis.33083904_139.out:    Removed X matrix
deg_analysis.33083904_139.out:    Rewriting h5ad file is done!
deg_analysis.33083904_139.out:✓ Cell line completed in 4902.6 seconds
deg_analysis.33083904_139.out:
deg_analysis.33083904_139.out:DE analysis completed!
deg_analysis.33083904_139.out:
deg_analysis.33083904_139.out:Total runtime: 4912.3 seconds
deg_analysis.33083904_139.err:During startup - Warning messages:
deg_analysis.33083904_139.err:1: Setting LC_CTYPE failed, using "C"
deg_analysis.33083904_139.err:2: Setting LC_COLLATE failed, using "C"
deg_analysis.33083904_139.err:3: Setting LC_TIME failed, using "C"
deg_analysis.33083904_139.err:4: Setting LC_MESSAGES failed, using "C"
deg_analysis.33083904_139.err:5: Setting LC_MONETARY failed, using "C"
deg_analysis.33083904_139.err:6: Setting LC_PAPER failed, using "C"
deg_analysis.33083904_139.err:7: Setting LC_MEASUREMENT failed, using "C"
deg_analysis.33083905_140.out:
deg_analysis.33083905_140.out:DE analysis started...
deg_analysis.33083905_140.out:Loaded input file:  ./data/l1000_phase2/pseudobulk_processed/sep_rep/by_celltype/SKL/SKL_processed_batch_1.h5ad
deg_analysis.33083905_140.out:Initial dimensions:  2710  samples ×  978  genes
deg_analysis.33083905_140.out:Filter samples with the low number of cells
deg_analysis.33083905_140.out:    Filter threshold (min_cells):  0
deg_analysis.33083905_140.out:    Found  2710  samples with sentinel value (-666), keeping all
deg_analysis.33083905_140.out:    n_obs:  2710 -->  2710
deg_analysis.33083905_140.out:
deg_analysis.33083905_140.out:▶︎ Processing cell_type:  SKL
deg_analysis.33083905_140.out:    Filter controls by  pert_time_h  column
deg_analysis.33083905_140.out:        n_obs:  2710 -->  2710
deg_analysis.33083905_140.out:
deg_analysis.33083905_140.out:    Constructing design matrix...
deg_analysis.33083905_140.out:    Design matrix is constructed in 0.3 seconds
deg_analysis.33083905_140.out:    Design matrix dimensions: 2710 samples × 2511 coefficients
deg_analysis.33083905_140.out:    Skipping filtering and normalization (dataset is already normalized)
deg_analysis.33083905_140.out:    Skipping voom transformation (dataset is already normalized)
deg_analysis.33083905_140.out:    Using as.matrix() directly for lmFit (data assumed to be normalized and log-transformed)...
deg_analysis.33083905_140.out:    as.matrix() prepared in 0.2 seconds
deg_analysis.33083905_140.out:    Running lmFit...
deg_analysis.33083905_140.out:    LmFit is completed in 17.2 seconds
deg_analysis.33083905_140.out:DGE fit is completed in 18.2 seconds
deg_analysis.33083905_140.out:    Running contrasts...
deg_analysis.33083905_140.out:    Running contrast 1/2502
deg_analysis.33083905_140.out:    Running contrast 51/2502
deg_analysis.33083905_140.out:    Running contrast 101/2502
deg_analysis.33083905_140.out:    Running contrast 151/2502
deg_analysis.33083905_140.out:    Running contrast 201/2502
deg_analysis.33083905_140.out:    Running contrast 251/2502
deg_analysis.33083905_140.out:    Running contrast 301/2502
deg_analysis.33083905_140.out:    Running contrast 351/2502
deg_analysis.33083905_140.out:    Running contrast 401/2502
deg_analysis.33083905_140.out:    Running contrast 451/2502
deg_analysis.33083905_140.out:    Running contrast 501/2502
deg_analysis.33083905_140.out:    Running contrast 551/2502
deg_analysis.33083905_140.out:    Running contrast 601/2502
deg_analysis.33083905_140.out:    Running contrast 651/2502
deg_analysis.33083905_140.out:    Running contrast 701/2502
deg_analysis.33083905_140.out:    Running contrast 751/2502
deg_analysis.33083905_140.out:    Running contrast 801/2502
deg_analysis.33083905_140.out:    Running contrast 851/2502
deg_analysis.33083905_140.out:    Running contrast 901/2502
deg_analysis.33083905_140.out:    Running contrast 951/2502
deg_analysis.33083905_140.out:    Running contrast 1001/2502
deg_analysis.33083905_140.out:    Running contrast 1051/2502
deg_analysis.33083905_140.out:    Running contrast 1101/2502
deg_analysis.33083905_140.out:    Running contrast 1151/2502
deg_analysis.33083905_140.out:    Running contrast 1201/2502
deg_analysis.33083905_140.out:    Running contrast 1251/2502
deg_analysis.33083905_140.out:    Running contrast 1301/2502
deg_analysis.33083905_140.out:    Running contrast 1351/2502
deg_analysis.33083905_140.out:    Running contrast 1401/2502
deg_analysis.33083905_140.out:    Running contrast 1451/2502
deg_analysis.33083905_140.out:    Running contrast 1501/2502
deg_analysis.33083905_140.out:    Running contrast 1551/2502
deg_analysis.33083905_140.out:    Running contrast 1601/2502
deg_analysis.33083905_140.out:    Running contrast 1651/2502
deg_analysis.33083905_140.out:    Running contrast 1701/2502
deg_analysis.33083905_140.out:    Running contrast 1751/2502
deg_analysis.33083905_140.out:    Running contrast 1801/2502
deg_analysis.33083905_140.out:    Running contrast 1851/2502
deg_analysis.33083905_140.out:    Running contrast 1901/2502
deg_analysis.33083905_140.out:    Running contrast 1951/2502
deg_analysis.33083905_140.out:    Running contrast 2001/2502
deg_analysis.33083905_140.out:    Running contrast 2051/2502
deg_analysis.33083905_140.out:    Running contrast 2101/2502
deg_analysis.33083905_140.out:    Running contrast 2151/2502
deg_analysis.33083905_140.out:    Running contrast 2201/2502
deg_analysis.33083905_140.out:    Running contrast 2251/2502
deg_analysis.33083905_140.out:    Running contrast 2301/2502
deg_analysis.33083905_140.out:    Running contrast 2351/2502
deg_analysis.33083905_140.out:    Running contrast 2401/2502
deg_analysis.33083905_140.out:    Running contrast 2451/2502
deg_analysis.33083905_140.out:    Running contrast 2501/2502
deg_analysis.33083905_140.out:    Running contrast 2502/2502
deg_analysis.33083905_140.out:Contrasts are completed in 5239.3 seconds
deg_analysis.33083905_140.out:
deg_analysis.33083905_140.out:    Writing:  ./data/l1000_phase2/deg_data/sep_rep/full/qc_false/filter_min_cells_0/intermediate/SKL/SKL_batch_1_de.h5ad
deg_analysis.33083905_140.out:
deg_analysis.33083905_140.out:    Rewriting h5ad file: ./data/l1000_phase2/deg_data/sep_rep/full/qc_false/filter_min_cells_0/intermediate/SKL/SKL_batch_1_de.h5ad
deg_analysis.33083905_140.out:    Removed X matrix
deg_analysis.33083905_140.out:    Rewriting h5ad file is done!
deg_analysis.33083905_140.out:✓ Cell line completed in 5274.5 seconds
deg_analysis.33083905_140.out:
deg_analysis.33083905_140.out:DE analysis completed!
deg_analysis.33083905_140.out:
deg_analysis.33083905_140.out:Total runtime: 5284.0 seconds
deg_analysis.33083905_140.err:During startup - Warning messages:
deg_analysis.33083905_140.err:1: Setting LC_CTYPE failed, using "C"
deg_analysis.33083905_140.err:2: Setting LC_COLLATE failed, using "C"
deg_analysis.33083905_140.err:3: Setting LC_TIME failed, using "C"
deg_analysis.33083905_140.err:4: Setting LC_MESSAGES failed, using "C"
deg_analysis.33083905_140.err:5: Setting LC_MONETARY failed, using "C"
deg_analysis.33083905_140.err:6: Setting LC_PAPER failed, using "C"
deg_analysis.33083905_140.err:7: Setting LC_MEASUREMENT failed, using "C"
deg_analysis.33077843_141.out:
deg_analysis.33077843_141.out:DE analysis started...
deg_analysis.33077843_141.out:Loaded input file:  ./data/l1000_phase2/pseudobulk_processed/sep_rep/by_celltype/SKL/SKL_processed_batch_2.h5ad
deg_analysis.33077843_141.out:Initial dimensions:  2716  samples ×  978  genes
deg_analysis.33077843_141.out:Filter samples with the low number of cells
deg_analysis.33077843_141.out:    Filter threshold (min_cells):  0
deg_analysis.33077843_141.out:    Found  2716  samples with sentinel value (-666), keeping all
deg_analysis.33077843_141.out:    n_obs:  2716 -->  2716
deg_analysis.33077843_141.out:
deg_analysis.33077843_141.out:▶︎ Processing cell_type:  SKL
deg_analysis.33077843_141.out:    Filter controls by  pert_time_h  column
deg_analysis.33077843_141.out:        n_obs:  2716 -->  2716
deg_analysis.33077843_141.out:
deg_analysis.33077843_141.out:    Constructing design matrix...
deg_analysis.33077843_141.out:    Design matrix is constructed in 0.3 seconds
deg_analysis.33077843_141.out:    Design matrix dimensions: 2716 samples × 2517 coefficients
deg_analysis.33077843_141.out:    Skipping filtering and normalization (dataset is already normalized)
deg_analysis.33077843_141.out:    Skipping voom transformation (dataset is already normalized)
deg_analysis.33077843_141.out:    Using as.matrix() directly for lmFit (data assumed to be normalized and log-transformed)...
deg_analysis.33077843_141.out:    as.matrix() prepared in 0.0 seconds
deg_analysis.33077843_141.out:    Running lmFit...
deg_analysis.33077843_141.out:    LmFit is completed in 7.8 seconds
deg_analysis.33077843_141.out:DGE fit is completed in 8.5 seconds
deg_analysis.33077843_141.out:    Running contrasts...
deg_analysis.33077843_141.out:    Running contrast 1/2508
deg_analysis.33077843_141.out:    Running contrast 51/2508
deg_analysis.33077843_141.out:    Running contrast 101/2508
deg_analysis.33077843_141.out:    Running contrast 151/2508
deg_analysis.33077843_141.out:    Running contrast 201/2508
deg_analysis.33077843_141.out:    Running contrast 251/2508
deg_analysis.33077843_141.out:    Running contrast 301/2508
deg_analysis.33077843_141.out:    Running contrast 351/2508
deg_analysis.33077843_141.out:    Running contrast 401/2508
deg_analysis.33077843_141.out:    Running contrast 451/2508
deg_analysis.33077843_141.out:    Running contrast 501/2508
deg_analysis.33077843_141.out:    Running contrast 551/2508
deg_analysis.33077843_141.out:    Running contrast 601/2508
deg_analysis.33077843_141.out:    Running contrast 651/2508
deg_analysis.33077843_141.out:    Running contrast 701/2508
deg_analysis.33077843_141.out:    Running contrast 751/2508
deg_analysis.33077843_141.out:    Running contrast 801/2508
deg_analysis.33077843_141.out:    Running contrast 851/2508
deg_analysis.33077843_141.out:    Running contrast 901/2508
deg_analysis.33077843_141.out:    Running contrast 951/2508
deg_analysis.33077843_141.out:    Running contrast 1001/2508
deg_analysis.33077843_141.out:    Running contrast 1051/2508
deg_analysis.33077843_141.out:    Running contrast 1101/2508
deg_analysis.33077843_141.out:    Running contrast 1151/2508
deg_analysis.33077843_141.out:    Running contrast 1201/2508
deg_analysis.33077843_141.out:    Running contrast 1251/2508
deg_analysis.33077843_141.out:    Running contrast 1301/2508
deg_analysis.33077843_141.out:    Running contrast 1351/2508
deg_analysis.33077843_141.out:    Running contrast 1401/2508
deg_analysis.33077843_141.out:    Running contrast 1451/2508
deg_analysis.33077843_141.out:    Running contrast 1501/2508
deg_analysis.33077843_141.out:    Running contrast 1551/2508
deg_analysis.33077843_141.out:    Running contrast 1601/2508
deg_analysis.33077843_141.out:    Running contrast 1651/2508
deg_analysis.33077843_141.out:    Running contrast 1701/2508
deg_analysis.33077843_141.out:    Running contrast 1751/2508
deg_analysis.33077843_141.out:    Running contrast 1801/2508
deg_analysis.33077843_141.out:    Running contrast 1851/2508
deg_analysis.33077843_141.out:    Running contrast 1901/2508
deg_analysis.33077843_141.out:    Running contrast 1951/2508
deg_analysis.33077843_141.out:    Running contrast 2001/2508
deg_analysis.33077843_141.out:    Running contrast 2051/2508
deg_analysis.33077843_141.out:    Running contrast 2101/2508
deg_analysis.33077843_141.out:    Running contrast 2151/2508
deg_analysis.33077843_141.out:    Running contrast 2201/2508
deg_analysis.33077843_141.out:    Running contrast 2251/2508
deg_analysis.33077843_141.out:    Running contrast 2301/2508
deg_analysis.33077843_141.out:    Running contrast 2351/2508
deg_analysis.33077843_141.out:    Running contrast 2401/2508
deg_analysis.33077843_141.out:    Running contrast 2451/2508
deg_analysis.33077843_141.out:    Running contrast 2501/2508
deg_analysis.33077843_141.out:    Running contrast 2508/2508
deg_analysis.33077843_141.out:Contrasts are completed in 3827.7 seconds
deg_analysis.33077843_141.out:
deg_analysis.33077843_141.out:    Writing:  ./data/l1000_phase2/deg_data/sep_rep/full/qc_false/filter_min_cells_0/intermediate/SKL/SKL_batch_2_de.h5ad
deg_analysis.33077843_141.out:
deg_analysis.33077843_141.out:    Rewriting h5ad file: ./data/l1000_phase2/deg_data/sep_rep/full/qc_false/filter_min_cells_0/intermediate/SKL/SKL_batch_2_de.h5ad
deg_analysis.33077843_141.out:    Removed X matrix
deg_analysis.33077843_141.out:    Rewriting h5ad file is done!
deg_analysis.33077843_141.out:✓ Cell line completed in 3848.0 seconds
deg_analysis.33077843_141.out:
deg_analysis.33077843_141.out:DE analysis completed!
deg_analysis.33077843_141.out:
deg_analysis.33077843_141.out:Total runtime: 3860.3 seconds
deg_aggregation.33084151.out:2025-12-30 21:25:47 | [INFO] Found 30 cell type(s) to aggregate
deg_aggregation.33084151.out:2025-12-30 21:25:47 | [INFO] Aggregating 2 batch files for ASC.C
deg_aggregation.33084151.out:2025-12-30 21:25:47 | [INFO]   Reading: ASC.C_batch_1_de.h5ad
deg_aggregation.33084151.out:2025-12-30 21:25:48 | [INFO]   Reading: ASC.C_batch_2_de.h5ad
deg_aggregation.33084151.out:2025-12-30 21:25:50 | [INFO]   Concatenating 2 batches...
deg_aggregation.33084151.out:2025-12-30 21:25:51 | [INFO]   Batch column added with 2
deg_aggregation.33084151.out:2025-12-30 21:26:00 | [INFO]     Rewriting h5ad file: ./data/l1000_phase2/deg_data/sep_rep/full/qc_false/filter_min_cells_0/results/ASC.C_de.h5ad
deg_aggregation.33084151.out:2025-12-30 21:26:00 | [INFO]     Removed X matrix
deg_aggregation.33084151.out:2025-12-30 21:26:00 | [INFO]     Rewriting h5ad file is done!
deg_aggregation.33084151.out:2025-12-30 21:26:00 | [INFO]   Saved aggregated file: ./data/l1000_phase2/deg_data/sep_rep/full/qc_false/filter_min_cells_0/results/ASC.C_de.h5ad (5016 obs, 978 vars)
deg_aggregation.33084151.out:2025-12-30 21:26:00 | [INFO] Aggregating 2 batch files for CD34
deg_aggregation.33084151.out:2025-12-30 21:26:00 | [INFO]   Reading: CD34_batch_1_de.h5ad
deg_aggregation.33084151.out:2025-12-30 21:26:03 | [INFO]   Reading: CD34_batch_2_de.h5ad
deg_aggregation.33084151.out:2025-12-30 21:26:05 | [INFO]   Concatenating 2 batches...
deg_aggregation.33084151.out:2025-12-30 21:26:05 | [INFO]   Batch column added with 2
deg_aggregation.33084151.out:2025-12-30 21:26:14 | [INFO]     Rewriting h5ad file: ./data/l1000_phase2/deg_data/sep_rep/full/qc_false/filter_min_cells_0/results/CD34_de.h5ad
deg_aggregation.33084151.out:2025-12-30 21:26:14 | [INFO]     Removed X matrix
deg_aggregation.33084151.out:2025-12-30 21:26:14 | [INFO]     Rewriting h5ad file is done!
deg_aggregation.33084151.out:2025-12-30 21:26:14 | [INFO]   Saved aggregated file: ./data/l1000_phase2/deg_data/sep_rep/full/qc_false/filter_min_cells_0/results/CD34_de.h5ad (5010 obs, 978 vars)
deg_aggregation.33084151.out:2025-12-30 21:26:14 | [INFO] Aggregating 4 batch files for CVCL_0023
deg_aggregation.33084151.out:2025-12-30 21:26:14 | [INFO]   Reading: CVCL_0023_batch_1_de.h5ad
deg_aggregation.33084151.out:2025-12-30 21:26:16 | [INFO]   Reading: CVCL_0023_batch_2_de.h5ad
deg_aggregation.33084151.out:2025-12-30 21:26:18 | [INFO]   Reading: CVCL_0023_batch_3_de.h5ad
deg_aggregation.33084151.out:2025-12-30 21:26:20 | [INFO]   Reading: CVCL_0023_batch_4_de.h5ad
deg_aggregation.33084151.out:2025-12-30 21:26:22 | [INFO]   Concatenating 4 batches...
deg_aggregation.33084151.out:2025-12-30 21:26:22 | [INFO]   Batch column added with 4
deg_aggregation.33084151.out:2025-12-30 21:26:41 | [INFO]     Rewriting h5ad file: ./data/l1000_phase2/deg_data/sep_rep/full/qc_false/filter_min_cells_0/results/CVCL_0023_de.h5ad
deg_aggregation.33084151.out:2025-12-30 21:26:41 | [INFO]     Removed X matrix
deg_aggregation.33084151.out:2025-12-30 21:26:41 | [INFO]     Rewriting h5ad file is done!
deg_aggregation.33084151.out:2025-12-30 21:26:41 | [INFO]   Saved aggregated file: ./data/l1000_phase2/deg_data/sep_rep/full/qc_false/filter_min_cells_0/results/CVCL_0023_de.h5ad (10094 obs, 978 vars)
deg_aggregation.33084151.out:2025-12-30 21:26:41 | [INFO] Aggregating 3 batch files for CVCL_0027
deg_aggregation.33084151.out:2025-12-30 21:26:41 | [INFO]   Reading: CVCL_0027_batch_1_de.h5ad
deg_aggregation.33084151.out:2025-12-30 21:26:43 | [INFO]   Reading: CVCL_0027_batch_2_de.h5ad
deg_aggregation.33084151.out:2025-12-30 21:26:46 | [INFO]   Reading: CVCL_0027_batch_3_de.h5ad
deg_aggregation.33084151.out:2025-12-30 21:26:49 | [INFO]   Concatenating 3 batches...
deg_aggregation.33084151.out:2025-12-30 21:26:49 | [INFO]   Batch column added with 3
deg_aggregation.33084151.out:2025-12-30 21:27:03 | [INFO]     Rewriting h5ad file: ./data/l1000_phase2/deg_data/sep_rep/full/qc_false/filter_min_cells_0/results/CVCL_0027_de.h5ad
deg_aggregation.33084151.out:2025-12-30 21:27:03 | [INFO]     Removed X matrix
deg_aggregation.33084151.out:2025-12-30 21:27:03 | [INFO]     Rewriting h5ad file is done!
deg_aggregation.33084151.out:2025-12-30 21:27:03 | [INFO]   Saved aggregated file: ./data/l1000_phase2/deg_data/sep_rep/full/qc_false/filter_min_cells_0/results/CVCL_0027_de.h5ad (7525 obs, 978 vars)
deg_aggregation.33084151.out:2025-12-30 21:27:03 | [INFO] Aggregating 12 batch files for CVCL_0030
deg_aggregation.33084151.out:2025-12-30 21:27:03 | [INFO]   Reading: CVCL_0030_batch_1_de.h5ad
deg_aggregation.33084151.out:2025-12-30 21:27:05 | [INFO]   Reading: CVCL_0030_batch_2_de.h5ad
deg_aggregation.33084151.out:2025-12-30 21:27:07 | [INFO]   Reading: CVCL_0030_batch_3_de.h5ad
deg_aggregation.33084151.out:2025-12-30 21:27:09 | [INFO]   Reading: CVCL_0030_batch_4_de.h5ad
deg_aggregation.33084151.out:2025-12-30 21:27:11 | [INFO]   Reading: CVCL_0030_batch_5_de.h5ad
deg_aggregation.33084151.out:2025-12-30 21:27:12 | [INFO]   Reading: CVCL_0030_batch_6_de.h5ad
deg_aggregation.33084151.out:2025-12-30 21:27:14 | [INFO]   Reading: CVCL_0030_batch_7_de.h5ad
deg_aggregation.33084151.out:2025-12-30 21:27:16 | [INFO]   Reading: CVCL_0030_batch_8_de.h5ad
deg_aggregation.33084151.out:2025-12-30 21:27:18 | [INFO]   Reading: CVCL_0030_batch_9_de.h5ad
deg_aggregation.33084151.out:2025-12-30 21:27:19 | [INFO]   Reading: CVCL_0030_batch_10_de.h5ad
deg_aggregation.33084151.out:2025-12-30 21:27:21 | [INFO]   Reading: CVCL_0030_batch_11_de.h5ad
deg_aggregation.33084151.out:2025-12-30 21:27:23 | [INFO]   Reading: CVCL_0030_batch_12_de.h5ad
deg_aggregation.33084151.out:2025-12-30 21:27:25 | [INFO]   Concatenating 12 batches...
deg_aggregation.33084151.out:2025-12-30 21:27:26 | [INFO]   Batch column added with 12
deg_aggregation.33084151.out:2025-12-30 21:28:27 | [INFO]     Rewriting h5ad file: ./data/l1000_phase2/deg_data/sep_rep/full/qc_false/filter_min_cells_0/results/CVCL_0030_de.h5ad
deg_aggregation.33084151.out:2025-12-30 21:28:27 | [INFO]     Removed X matrix
deg_aggregation.33084151.out:2025-12-30 21:28:27 | [INFO]     Rewriting h5ad file is done!
deg_aggregation.33084151.out:2025-12-30 21:28:27 | [INFO]   Saved aggregated file: ./data/l1000_phase2/deg_data/sep_rep/full/qc_false/filter_min_cells_0/results/CVCL_0030_de.h5ad (30270 obs, 978 vars)
deg_aggregation.33084151.out:2025-12-30 21:28:27 | [INFO] Aggregating 15 batch files for CVCL_0031
deg_aggregation.33084151.out:2025-12-30 21:28:27 | [INFO]   Reading: CVCL_0031_batch_1_de.h5ad
deg_aggregation.33084151.out:2025-12-30 21:28:29 | [INFO]   Reading: CVCL_0031_batch_2_de.h5ad
deg_aggregation.33084151.out:2025-12-30 21:28:31 | [INFO]   Reading: CVCL_0031_batch_3_de.h5ad
deg_aggregation.33084151.out:2025-12-30 21:28:33 | [INFO]   Reading: CVCL_0031_batch_4_de.h5ad
deg_aggregation.33084151.out:2025-12-30 21:28:36 | [INFO]   Reading: CVCL_0031_batch_5_de.h5ad
deg_aggregation.33084151.out:2025-12-30 21:28:38 | [INFO]   Reading: CVCL_0031_batch_6_de.h5ad
deg_aggregation.33084151.out:2025-12-30 21:28:41 | [INFO]   Reading: CVCL_0031_batch_7_de.h5ad
deg_aggregation.33084151.out:2025-12-30 21:28:43 | [INFO]   Reading: CVCL_0031_batch_8_de.h5ad
deg_aggregation.33084151.out:2025-12-30 21:28:45 | [INFO]   Reading: CVCL_0031_batch_9_de.h5ad
deg_aggregation.33084151.out:2025-12-30 21:28:46 | [INFO]   Reading: CVCL_0031_batch_10_de.h5ad
deg_aggregation.33084151.out:2025-12-30 21:28:48 | [INFO]   Reading: CVCL_0031_batch_11_de.h5ad
deg_aggregation.33084151.out:2025-12-30 21:28:50 | [INFO]   Reading: CVCL_0031_batch_12_de.h5ad
deg_aggregation.33084151.out:2025-12-30 21:28:52 | [INFO]   Reading: CVCL_0031_batch_13_de.h5ad
deg_aggregation.33084151.out:2025-12-30 21:28:53 | [INFO]   Reading: CVCL_0031_batch_14_de.h5ad
deg_aggregation.33084151.out:2025-12-30 21:28:55 | [INFO]   Reading: CVCL_0031_batch_15_de.h5ad
deg_aggregation.33084151.out:2025-12-30 21:28:57 | [INFO]   Concatenating 15 batches...
deg_aggregation.33084151.out:2025-12-30 21:28:58 | [INFO]   Batch column added with 15
deg_aggregation.33084151.out:2025-12-30 21:30:13 | [INFO]     Rewriting h5ad file: ./data/l1000_phase2/deg_data/sep_rep/full/qc_false/filter_min_cells_0/results/CVCL_0031_de.h5ad
deg_aggregation.33084151.out:2025-12-30 21:30:13 | [INFO]     Removed X matrix
deg_aggregation.33084151.out:2025-12-30 21:30:13 | [INFO]     Rewriting h5ad file is done!
deg_aggregation.33084151.out:2025-12-30 21:30:13 | [INFO]   Saved aggregated file: ./data/l1000_phase2/deg_data/sep_rep/full/qc_false/filter_min_cells_0/results/CVCL_0031_de.h5ad (37814 obs, 978 vars)
deg_aggregation.33084151.out:2025-12-30 21:30:13 | [INFO] Aggregating 2 batch files for CVCL_0033
deg_aggregation.33084151.out:2025-12-30 21:30:13 | [INFO]   Reading: CVCL_0033_batch_1_de.h5ad
deg_aggregation.33084151.out:2025-12-30 21:30:16 | [INFO]   Reading: CVCL_0033_batch_2_de.h5ad
deg_aggregation.33084151.out:2025-12-30 21:30:18 | [INFO]   Concatenating 2 batches...
deg_aggregation.33084151.out:2025-12-30 21:30:19 | [INFO]   Batch column added with 2
deg_aggregation.33084151.out:2025-12-30 21:30:28 | [INFO]     Rewriting h5ad file: ./data/l1000_phase2/deg_data/sep_rep/full/qc_false/filter_min_cells_0/results/CVCL_0033_de.h5ad
deg_aggregation.33084151.out:2025-12-30 21:30:28 | [INFO]     Removed X matrix
deg_aggregation.33084151.out:2025-12-30 21:30:28 | [INFO]     Rewriting h5ad file is done!
deg_aggregation.33084151.out:2025-12-30 21:30:28 | [INFO]   Saved aggregated file: ./data/l1000_phase2/deg_data/sep_rep/full/qc_false/filter_min_cells_0/results/CVCL_0033_de.h5ad (5026 obs, 978 vars)
deg_aggregation.33084151.out:2025-12-30 21:30:28 | [INFO] Aggregating 14 batch files for CVCL_0035
deg_aggregation.33084151.out:2025-12-30 21:30:28 | [INFO]   Reading: CVCL_0035_batch_1_de.h5ad
deg_aggregation.33084151.out:2025-12-30 21:30:30 | [INFO]   Reading: CVCL_0035_batch_2_de.h5ad
deg_aggregation.33084151.out:2025-12-30 21:30:32 | [INFO]   Reading: CVCL_0035_batch_3_de.h5ad
deg_aggregation.33084151.out:2025-12-30 21:30:33 | [INFO]   Reading: CVCL_0035_batch_4_de.h5ad
deg_aggregation.33084151.out:2025-12-30 21:30:35 | [INFO]   Reading: CVCL_0035_batch_5_de.h5ad
deg_aggregation.33084151.out:2025-12-30 21:30:37 | [INFO]   Reading: CVCL_0035_batch_6_de.h5ad
deg_aggregation.33084151.out:2025-12-30 21:30:39 | [INFO]   Reading: CVCL_0035_batch_7_de.h5ad
deg_aggregation.33084151.out:2025-12-30 21:30:41 | [INFO]   Reading: CVCL_0035_batch_8_de.h5ad
deg_aggregation.33084151.out:2025-12-30 21:30:42 | [INFO]   Reading: CVCL_0035_batch_9_de.h5ad
deg_aggregation.33084151.out:2025-12-30 21:30:44 | [INFO]   Reading: CVCL_0035_batch_10_de.h5ad
deg_aggregation.33084151.out:2025-12-30 21:30:46 | [INFO]   Reading: CVCL_0035_batch_11_de.h5ad
deg_aggregation.33084151.out:2025-12-30 21:30:48 | [INFO]   Reading: CVCL_0035_batch_12_de.h5ad
deg_aggregation.33084151.out:2025-12-30 21:30:50 | [INFO]   Reading: CVCL_0035_batch_13_de.h5ad
deg_aggregation.33084151.out:2025-12-30 21:30:52 | [INFO]   Reading: CVCL_0035_batch_14_de.h5ad
deg_aggregation.33084151.out:2025-12-30 21:30:54 | [INFO]   Concatenating 14 batches...
deg_aggregation.33084151.out:2025-12-30 21:30:55 | [INFO]   Batch column added with 14
deg_aggregation.33084151.out:2025-12-30 21:32:02 | [INFO]     Rewriting h5ad file: ./data/l1000_phase2/deg_data/sep_rep/full/qc_false/filter_min_cells_0/results/CVCL_0035_de.h5ad
deg_aggregation.33084151.out:2025-12-30 21:32:02 | [INFO]     Removed X matrix
deg_aggregation.33084151.out:2025-12-30 21:32:02 | [INFO]     Rewriting h5ad file is done!
deg_aggregation.33084151.out:2025-12-30 21:32:02 | [INFO]   Saved aggregated file: ./data/l1000_phase2/deg_data/sep_rep/full/qc_false/filter_min_cells_0/results/CVCL_0035_de.h5ad (35119 obs, 978 vars)
deg_aggregation.33084151.out:2025-12-30 21:32:02 | [INFO] Aggregating 2 batch files for CVCL_0062
deg_aggregation.33084151.out:2025-12-30 21:32:02 | [INFO]   Reading: CVCL_0062_batch_1_de.h5ad
deg_aggregation.33084151.out:2025-12-30 21:32:04 | [INFO]   Reading: CVCL_0062_batch_2_de.h5ad
deg_aggregation.33084151.out:2025-12-30 21:32:07 | [INFO]   Concatenating 2 batches...
deg_aggregation.33084151.out:2025-12-30 21:32:07 | [INFO]   Batch column added with 2
deg_aggregation.33084151.out:2025-12-30 21:32:17 | [INFO]     Rewriting h5ad file: ./data/l1000_phase2/deg_data/sep_rep/full/qc_false/filter_min_cells_0/results/CVCL_0062_de.h5ad
deg_aggregation.33084151.out:2025-12-30 21:32:17 | [INFO]     Removed X matrix
deg_aggregation.33084151.out:2025-12-30 21:32:17 | [INFO]     Rewriting h5ad file is done!
deg_aggregation.33084151.out:2025-12-30 21:32:17 | [INFO]   Saved aggregated file: ./data/l1000_phase2/deg_data/sep_rep/full/qc_false/filter_min_cells_0/results/CVCL_0062_de.h5ad (5046 obs, 978 vars)
deg_aggregation.33084151.out:2025-12-30 21:32:17 | [INFO] Aggregating 1 batch files for CVCL_0065
deg_aggregation.33084151.out:2025-12-30 21:32:17 | [INFO]   Reading: CVCL_0065_de.h5ad
deg_aggregation.33084151.out:2025-12-30 21:32:17 | [INFO]   Concatenating 1 batches...
deg_aggregation.33084151.out:2025-12-30 21:32:18 | [INFO]   Batch column added with 1
deg_aggregation.33084151.out:2025-12-30 21:32:19 | [INFO]     Rewriting h5ad file: ./data/l1000_phase2/deg_data/sep_rep/full/qc_false/filter_min_cells_0/results/CVCL_0065_de.h5ad
deg_aggregation.33084151.out:2025-12-30 21:32:19 | [INFO]     Removed X matrix
deg_aggregation.33084151.out:2025-12-30 21:32:19 | [INFO]     Rewriting h5ad file is done!
deg_aggregation.33084151.out:2025-12-30 21:32:19 | [INFO]   Saved aggregated file: ./data/l1000_phase2/deg_data/sep_rep/full/qc_false/filter_min_cells_0/results/CVCL_0065_de.h5ad (680 obs, 978 vars)
deg_aggregation.33084151.out:2025-12-30 21:32:19 | [INFO] Aggregating 14 batch files for CVCL_0132
deg_aggregation.33084151.out:2025-12-30 21:32:19 | [INFO]   Reading: CVCL_0132_batch_1_de.h5ad
deg_aggregation.33084151.out:2025-12-30 21:32:20 | [INFO]   Reading: CVCL_0132_batch_2_de.h5ad
deg_aggregation.33084151.out:2025-12-30 21:32:22 | [INFO]   Reading: CVCL_0132_batch_3_de.h5ad
deg_aggregation.33084151.out:2025-12-30 21:32:24 | [INFO]   Reading: CVCL_0132_batch_4_de.h5ad
deg_aggregation.33084151.out:2025-12-30 21:32:26 | [INFO]   Reading: CVCL_0132_batch_5_de.h5ad
deg_aggregation.33084151.out:2025-12-30 21:32:27 | [INFO]   Reading: CVCL_0132_batch_6_de.h5ad
deg_aggregation.33084151.out:2025-12-30 21:32:29 | [INFO]   Reading: CVCL_0132_batch_7_de.h5ad
deg_aggregation.33084151.out:2025-12-30 21:32:31 | [INFO]   Reading: CVCL_0132_batch_8_de.h5ad
deg_aggregation.33084151.out:2025-12-30 21:32:33 | [INFO]   Reading: CVCL_0132_batch_9_de.h5ad
deg_aggregation.33084151.out:2025-12-30 21:32:35 | [INFO]   Reading: CVCL_0132_batch_10_de.h5ad
deg_aggregation.33084151.out:2025-12-30 21:32:36 | [INFO]   Reading: CVCL_0132_batch_11_de.h5ad
deg_aggregation.33084151.out:2025-12-30 21:32:38 | [INFO]   Reading: CVCL_0132_batch_12_de.h5ad
deg_aggregation.33084151.out:2025-12-30 21:32:40 | [INFO]   Reading: CVCL_0132_batch_13_de.h5ad
deg_aggregation.33084151.out:2025-12-30 21:32:42 | [INFO]   Reading: CVCL_0132_batch_14_de.h5ad
deg_aggregation.33084151.out:2025-12-30 21:32:44 | [INFO]   Concatenating 14 batches...
deg_aggregation.33084151.out:2025-12-30 21:32:45 | [INFO]   Batch column added with 14
deg_aggregation.33084151.out:2025-12-30 21:33:54 | [INFO]     Rewriting h5ad file: ./data/l1000_phase2/deg_data/sep_rep/full/qc_false/filter_min_cells_0/results/CVCL_0132_de.h5ad
deg_aggregation.33084151.out:2025-12-30 21:33:54 | [INFO]     Removed X matrix
deg_aggregation.33084151.out:2025-12-30 21:33:54 | [INFO]     Rewriting h5ad file is done!
deg_aggregation.33084151.out:2025-12-30 21:33:54 | [INFO]   Saved aggregated file: ./data/l1000_phase2/deg_data/sep_rep/full/qc_false/filter_min_cells_0/results/CVCL_0132_de.h5ad (35092 obs, 978 vars)
deg_aggregation.33084151.out:2025-12-30 21:33:55 | [INFO] Aggregating 2 batch files for CVCL_0178
deg_aggregation.33084151.out:2025-12-30 21:33:55 | [INFO]   Reading: CVCL_0178_batch_1_de.h5ad
deg_aggregation.33084151.out:2025-12-30 21:33:58 | [INFO]   Reading: CVCL_0178_batch_2_de.h5ad
deg_aggregation.33084151.out:2025-12-30 21:34:00 | [INFO]   Concatenating 2 batches...
deg_aggregation.33084151.out:2025-12-30 21:34:00 | [INFO]   Batch column added with 2
deg_aggregation.33084151.out:2025-12-30 21:34:09 | [INFO]     Rewriting h5ad file: ./data/l1000_phase2/deg_data/sep_rep/full/qc_false/filter_min_cells_0/results/CVCL_0178_de.h5ad
deg_aggregation.33084151.out:2025-12-30 21:34:09 | [INFO]     Removed X matrix
deg_aggregation.33084151.out:2025-12-30 21:34:09 | [INFO]     Rewriting h5ad file is done!
deg_aggregation.33084151.out:2025-12-30 21:34:09 | [INFO]   Saved aggregated file: ./data/l1000_phase2/deg_data/sep_rep/full/qc_false/filter_min_cells_0/results/CVCL_0178_de.h5ad (5038 obs, 978 vars)
deg_aggregation.33084151.out:2025-12-30 21:34:09 | [INFO] Aggregating 14 batch files for CVCL_0320
deg_aggregation.33084151.out:2025-12-30 21:34:09 | [INFO]   Reading: CVCL_0320_batch_1_de.h5ad
deg_aggregation.33084151.out:2025-12-30 21:34:11 | [INFO]   Reading: CVCL_0320_batch_2_de.h5ad
deg_aggregation.33084151.out:2025-12-30 21:34:12 | [INFO]   Reading: CVCL_0320_batch_3_de.h5ad
deg_aggregation.33084151.out:2025-12-30 21:34:14 | [INFO]   Reading: CVCL_0320_batch_4_de.h5ad
deg_aggregation.33084151.out:2025-12-30 21:34:16 | [INFO]   Reading: CVCL_0320_batch_5_de.h5ad
deg_aggregation.33084151.out:2025-12-30 21:34:18 | [INFO]   Reading: CVCL_0320_batch_6_de.h5ad
deg_aggregation.33084151.out:2025-12-30 21:34:20 | [INFO]   Reading: CVCL_0320_batch_7_de.h5ad
deg_aggregation.33084151.out:2025-12-30 21:34:22 | [INFO]   Reading: CVCL_0320_batch_8_de.h5ad
deg_aggregation.33084151.out:2025-12-30 21:34:24 | [INFO]   Reading: CVCL_0320_batch_9_de.h5ad
deg_aggregation.33084151.out:2025-12-30 21:34:25 | [INFO]   Reading: CVCL_0320_batch_10_de.h5ad
deg_aggregation.33084151.out:2025-12-30 21:34:27 | [INFO]   Reading: CVCL_0320_batch_11_de.h5ad
deg_aggregation.33084151.out:2025-12-30 21:34:29 | [INFO]   Reading: CVCL_0320_batch_12_de.h5ad
deg_aggregation.33084151.out:2025-12-30 21:34:31 | [INFO]   Reading: CVCL_0320_batch_13_de.h5ad
deg_aggregation.33084151.out:2025-12-30 21:34:33 | [INFO]   Reading: CVCL_0320_batch_14_de.h5ad
deg_aggregation.33084151.out:2025-12-30 21:34:35 | [INFO]   Concatenating 14 batches...
deg_aggregation.33084151.out:2025-12-30 21:34:36 | [INFO]   Batch column added with 14
deg_aggregation.33084151.out:2025-12-30 21:35:44 | [INFO]     Rewriting h5ad file: ./data/l1000_phase2/deg_data/sep_rep/full/qc_false/filter_min_cells_0/results/CVCL_0320_de.h5ad
deg_aggregation.33084151.out:2025-12-30 21:35:44 | [INFO]     Removed X matrix
deg_aggregation.33084151.out:2025-12-30 21:35:44 | [INFO]     Rewriting h5ad file is done!
deg_aggregation.33084151.out:2025-12-30 21:35:44 | [INFO]   Saved aggregated file: ./data/l1000_phase2/deg_data/sep_rep/full/qc_false/filter_min_cells_0/results/CVCL_0320_de.h5ad (35151 obs, 978 vars)
deg_aggregation.33084151.out:2025-12-30 21:35:44 | [INFO] Aggregating 2 batch files for CVCL_0332
deg_aggregation.33084151.out:2025-12-30 21:35:44 | [INFO]   Reading: CVCL_0332_batch_1_de.h5ad
deg_aggregation.33084151.out:2025-12-30 21:35:46 | [INFO]   Reading: CVCL_0332_batch_2_de.h5ad
deg_aggregation.33084151.out:2025-12-30 21:35:48 | [INFO]   Concatenating 2 batches...
deg_aggregation.33084151.out:2025-12-30 21:35:49 | [INFO]   Batch column added with 2
deg_aggregation.33084151.out:2025-12-30 21:35:57 | [INFO]     Rewriting h5ad file: ./data/l1000_phase2/deg_data/sep_rep/full/qc_false/filter_min_cells_0/results/CVCL_0332_de.h5ad
deg_aggregation.33084151.out:2025-12-30 21:35:57 | [INFO]     Removed X matrix
deg_aggregation.33084151.out:2025-12-30 21:35:57 | [INFO]     Rewriting h5ad file is done!
deg_aggregation.33084151.out:2025-12-30 21:35:57 | [INFO]   Saved aggregated file: ./data/l1000_phase2/deg_data/sep_rep/full/qc_false/filter_min_cells_0/results/CVCL_0332_de.h5ad (5028 obs, 978 vars)
deg_aggregation.33084151.out:2025-12-30 21:35:57 | [INFO] Aggregating 1 batch files for CVCL_0395
deg_aggregation.33084151.out:2025-12-30 21:35:57 | [INFO]   Reading: CVCL_0395_de.h5ad
deg_aggregation.33084151.out:2025-12-30 21:35:59 | [INFO]   Concatenating 1 batches...
deg_aggregation.33084151.out:2025-12-30 21:35:59 | [INFO]   Batch column added with 1
deg_aggregation.33084151.out:2025-12-30 21:36:02 | [INFO]     Rewriting h5ad file: ./data/l1000_phase2/deg_data/sep_rep/full/qc_false/filter_min_cells_0/results/CVCL_0395_de.h5ad
deg_aggregation.33084151.out:2025-12-30 21:36:02 | [INFO]     Removed X matrix
deg_aggregation.33084151.out:2025-12-30 21:36:02 | [INFO]     Rewriting h5ad file is done!
deg_aggregation.33084151.out:2025-12-30 21:36:02 | [INFO]   Saved aggregated file: ./data/l1000_phase2/deg_data/sep_rep/full/qc_false/filter_min_cells_0/results/CVCL_0395_de.h5ad (2029 obs, 978 vars)
deg_aggregation.33084151.out:2025-12-30 21:36:02 | [INFO] Aggregating 2 batch files for CVCL_0598
deg_aggregation.33084151.out:2025-12-30 21:36:02 | [INFO]   Reading: CVCL_0598_batch_1_de.h5ad
deg_aggregation.33084151.out:2025-12-30 21:36:04 | [INFO]   Reading: CVCL_0598_batch_2_de.h5ad
deg_aggregation.33084151.out:2025-12-30 21:36:06 | [INFO]   Concatenating 2 batches...
deg_aggregation.33084151.out:2025-12-30 21:36:06 | [INFO]   Batch column added with 2
deg_aggregation.33084151.out:2025-12-30 21:36:15 | [INFO]     Rewriting h5ad file: ./data/l1000_phase2/deg_data/sep_rep/full/qc_false/filter_min_cells_0/results/CVCL_0598_de.h5ad
deg_aggregation.33084151.out:2025-12-30 21:36:15 | [INFO]     Removed X matrix
deg_aggregation.33084151.out:2025-12-30 21:36:15 | [INFO]     Rewriting h5ad file is done!
deg_aggregation.33084151.out:2025-12-30 21:36:15 | [INFO]   Saved aggregated file: ./data/l1000_phase2/deg_data/sep_rep/full/qc_false/filter_min_cells_0/results/CVCL_0598_de.h5ad (5022 obs, 978 vars)
deg_aggregation.33084151.out:2025-12-30 21:36:15 | [INFO] Aggregating 12 batch files for CVCL_1794
deg_aggregation.33084151.out:2025-12-30 21:36:15 | [INFO]   Reading: CVCL_1794_batch_1_de.h5ad
deg_aggregation.33084151.out:2025-12-30 21:36:18 | [INFO]   Reading: CVCL_1794_batch_2_de.h5ad
deg_aggregation.33084151.out:2025-12-30 21:36:20 | [INFO]   Reading: CVCL_1794_batch_3_de.h5ad
deg_aggregation.33084151.out:2025-12-30 21:36:23 | [INFO]   Reading: CVCL_1794_batch_4_de.h5ad
deg_aggregation.33084151.out:2025-12-30 21:36:25 | [INFO]   Reading: CVCL_1794_batch_5_de.h5ad
deg_aggregation.33084151.out:2025-12-30 21:36:27 | [INFO]   Reading: CVCL_1794_batch_6_de.h5ad
deg_aggregation.33084151.out:2025-12-30 21:36:29 | [INFO]   Reading: CVCL_1794_batch_7_de.h5ad
deg_aggregation.33084151.out:2025-12-30 21:36:32 | [INFO]   Reading: CVCL_1794_batch_8_de.h5ad
deg_aggregation.33084151.out:2025-12-30 21:36:34 | [INFO]   Reading: CVCL_1794_batch_9_de.h5ad
deg_aggregation.33084151.out:2025-12-30 21:36:35 | [INFO]   Reading: CVCL_1794_batch_10_de.h5ad
deg_aggregation.33084151.out:2025-12-30 21:36:37 | [INFO]   Reading: CVCL_1794_batch_11_de.h5ad
deg_aggregation.33084151.out:2025-12-30 21:36:39 | [INFO]   Reading: CVCL_1794_batch_12_de.h5ad
deg_aggregation.33084151.out:2025-12-30 21:36:40 | [INFO]   Concatenating 12 batches...
deg_aggregation.33084151.out:2025-12-30 21:36:41 | [INFO]   Batch column added with 12
deg_aggregation.33084151.out:2025-12-30 21:37:40 | [INFO]     Rewriting h5ad file: ./data/l1000_phase2/deg_data/sep_rep/full/qc_false/filter_min_cells_0/results/CVCL_1794_de.h5ad
deg_aggregation.33084151.out:2025-12-30 21:37:40 | [INFO]     Removed X matrix
deg_aggregation.33084151.out:2025-12-30 21:37:40 | [INFO]     Rewriting h5ad file is done!
deg_aggregation.33084151.out:2025-12-30 21:37:40 | [INFO]   Saved aggregated file: ./data/l1000_phase2/deg_data/sep_rep/full/qc_false/filter_min_cells_0/results/CVCL_1794_de.h5ad (30108 obs, 978 vars)
deg_aggregation.33084151.out:2025-12-30 21:37:40 | [INFO] Aggregating 3 batch files for CVCL_3383
deg_aggregation.33084151.out:2025-12-30 21:37:40 | [INFO]   Reading: CVCL_3383_batch_1_de.h5ad
deg_aggregation.33084151.out:2025-12-30 21:37:42 | [INFO]   Reading: CVCL_3383_batch_2_de.h5ad
deg_aggregation.33084151.out:2025-12-30 21:37:44 | [INFO]   Reading: CVCL_3383_batch_3_de.h5ad
deg_aggregation.33084151.out:2025-12-30 21:37:46 | [INFO]   Concatenating 3 batches...
deg_aggregation.33084151.out:2025-12-30 21:37:46 | [INFO]   Batch column added with 3
deg_aggregation.33084151.out:2025-12-30 21:38:00 | [INFO]     Rewriting h5ad file: ./data/l1000_phase2/deg_data/sep_rep/full/qc_false/filter_min_cells_0/results/CVCL_3383_de.h5ad
deg_aggregation.33084151.out:2025-12-30 21:38:00 | [INFO]     Removed X matrix
deg_aggregation.33084151.out:2025-12-30 21:38:00 | [INFO]     Rewriting h5ad file is done!
deg_aggregation.33084151.out:2025-12-30 21:38:00 | [INFO]   Saved aggregated file: ./data/l1000_phase2/deg_data/sep_rep/full/qc_false/filter_min_cells_0/results/CVCL_3383_de.h5ad (7518 obs, 978 vars)
deg_aggregation.33084151.out:2025-12-30 21:38:00 | [INFO] Aggregating 3 batch files for CVCL_5136
deg_aggregation.33084151.out:2025-12-30 21:38:00 | [INFO]   Reading: CVCL_5136_batch_1_de.h5ad
deg_aggregation.33084151.out:2025-12-30 21:38:02 | [INFO]   Reading: CVCL_5136_batch_2_de.h5ad
deg_aggregation.33084151.out:2025-12-30 21:38:04 | [INFO]   Reading: CVCL_5136_batch_3_de.h5ad
deg_aggregation.33084151.out:2025-12-30 21:38:06 | [INFO]   Concatenating 3 batches...
deg_aggregation.33084151.out:2025-12-30 21:38:07 | [INFO]   Batch column added with 3
deg_aggregation.33084151.out:2025-12-30 21:38:21 | [INFO]     Rewriting h5ad file: ./data/l1000_phase2/deg_data/sep_rep/full/qc_false/filter_min_cells_0/results/CVCL_5136_de.h5ad
deg_aggregation.33084151.out:2025-12-30 21:38:21 | [INFO]     Removed X matrix
deg_aggregation.33084151.out:2025-12-30 21:38:21 | [INFO]     Rewriting h5ad file is done!
deg_aggregation.33084151.out:2025-12-30 21:38:21 | [INFO]   Saved aggregated file: ./data/l1000_phase2/deg_data/sep_rep/full/qc_false/filter_min_cells_0/results/CVCL_5136_de.h5ad (7524 obs, 978 vars)
deg_aggregation.33084151.out:2025-12-30 21:38:21 | [INFO] Aggregating 2 batch files for CVCL_U602
deg_aggregation.33084151.out:2025-12-30 21:38:21 | [INFO]   Reading: CVCL_U602_batch_1_de.h5ad
deg_aggregation.33084151.out:2025-12-30 21:38:22 | [INFO]   Reading: CVCL_U602_batch_2_de.h5ad
deg_aggregation.33084151.out:2025-12-30 21:38:24 | [INFO]   Concatenating 2 batches...
deg_aggregation.33084151.out:2025-12-30 21:38:24 | [INFO]   Batch column added with 2
deg_aggregation.33084151.out:2025-12-30 21:38:32 | [INFO]     Rewriting h5ad file: ./data/l1000_phase2/deg_data/sep_rep/full/qc_false/filter_min_cells_0/results/CVCL_U602_de.h5ad
deg_aggregation.33084151.out:2025-12-30 21:38:32 | [INFO]     Removed X matrix
deg_aggregation.33084151.out:2025-12-30 21:38:32 | [INFO]     Rewriting h5ad file is done!
deg_aggregation.33084151.out:2025-12-30 21:38:32 | [INFO]   Saved aggregated file: ./data/l1000_phase2/deg_data/sep_rep/full/qc_false/filter_min_cells_0/results/CVCL_U602_de.h5ad (5013 obs, 978 vars)
deg_aggregation.33084151.out:2025-12-30 21:38:32 | [INFO] Aggregating 14 batch files for HA1E
deg_aggregation.33084151.out:2025-12-30 21:38:32 | [INFO]   Reading: HA1E_batch_1_de.h5ad
deg_aggregation.33084151.out:2025-12-30 21:38:34 | [INFO]   Reading: HA1E_batch_2_de.h5ad
deg_aggregation.33084151.out:2025-12-30 21:38:36 | [INFO]   Reading: HA1E_batch_3_de.h5ad
deg_aggregation.33084151.out:2025-12-30 21:38:38 | [INFO]   Reading: HA1E_batch_4_de.h5ad
deg_aggregation.33084151.out:2025-12-30 21:38:40 | [INFO]   Reading: HA1E_batch_5_de.h5ad
deg_aggregation.33084151.out:2025-12-30 21:38:41 | [INFO]   Reading: HA1E_batch_6_de.h5ad
deg_aggregation.33084151.out:2025-12-30 21:38:43 | [INFO]   Reading: HA1E_batch_7_de.h5ad
deg_aggregation.33084151.out:2025-12-30 21:38:45 | [INFO]   Reading: HA1E_batch_8_de.h5ad
deg_aggregation.33084151.out:2025-12-30 21:38:47 | [INFO]   Reading: HA1E_batch_9_de.h5ad
deg_aggregation.33084151.out:2025-12-30 21:38:49 | [INFO]   Reading: HA1E_batch_10_de.h5ad
deg_aggregation.33084151.out:2025-12-30 21:38:51 | [INFO]   Reading: HA1E_batch_11_de.h5ad
deg_aggregation.33084151.out:2025-12-30 21:38:53 | [INFO]   Reading: HA1E_batch_12_de.h5ad
deg_aggregation.33084151.out:2025-12-30 21:38:56 | [INFO]   Reading: HA1E_batch_13_de.h5ad
deg_aggregation.33084151.out:2025-12-30 21:38:58 | [INFO]   Reading: HA1E_batch_14_de.h5ad
deg_aggregation.33084151.out:2025-12-30 21:39:00 | [INFO]   Concatenating 14 batches...
deg_aggregation.33084151.out:2025-12-30 21:39:01 | [INFO]   Batch column added with 14
deg_aggregation.33084151.out:2025-12-30 21:40:08 | [INFO]     Rewriting h5ad file: ./data/l1000_phase2/deg_data/sep_rep/full/qc_false/filter_min_cells_0/results/HA1E_de.h5ad
deg_aggregation.33084151.out:2025-12-30 21:40:08 | [INFO]     Removed X matrix
deg_aggregation.33084151.out:2025-12-30 21:40:08 | [INFO]     Rewriting h5ad file is done!
deg_aggregation.33084151.out:2025-12-30 21:40:08 | [INFO]   Saved aggregated file: ./data/l1000_phase2/deg_data/sep_rep/full/qc_false/filter_min_cells_0/results/HA1E_de.h5ad (35135 obs, 978 vars)
deg_aggregation.33084151.out:2025-12-30 21:40:08 | [INFO] Aggregating 1 batch files for HUES3
deg_aggregation.33084151.out:2025-12-30 21:40:08 | [INFO]   Reading: HUES3_de.h5ad
deg_aggregation.33084151.out:2025-12-30 21:40:09 | [INFO]   Concatenating 1 batches...
deg_aggregation.33084151.out:2025-12-30 21:40:09 | [INFO]   Batch column added with 1
deg_aggregation.33084151.out:2025-12-30 21:40:10 | [INFO]     Rewriting h5ad file: ./data/l1000_phase2/deg_data/sep_rep/full/qc_false/filter_min_cells_0/results/HUES3_de.h5ad
deg_aggregation.33084151.out:2025-12-30 21:40:10 | [INFO]     Removed X matrix
deg_aggregation.33084151.out:2025-12-30 21:40:10 | [INFO]     Rewriting h5ad file is done!
deg_aggregation.33084151.out:2025-12-30 21:40:10 | [INFO]   Saved aggregated file: ./data/l1000_phase2/deg_data/sep_rep/full/qc_false/filter_min_cells_0/results/HUES3_de.h5ad (977 obs, 978 vars)
deg_aggregation.33084151.out:2025-12-30 21:40:10 | [INFO] Aggregating 2 batch files for HUVEC
deg_aggregation.33084151.out:2025-12-30 21:40:10 | [INFO]   Reading: HUVEC_batch_1_de.h5ad
deg_aggregation.33084151.out:2025-12-30 21:40:12 | [INFO]   Reading: HUVEC_batch_2_de.h5ad
deg_aggregation.33084151.out:2025-12-30 21:40:14 | [INFO]   Concatenating 2 batches...
deg_aggregation.33084151.out:2025-12-30 21:40:14 | [INFO]   Batch column added with 2
deg_aggregation.33084151.out:2025-12-30 21:40:23 | [INFO]     Rewriting h5ad file: ./data/l1000_phase2/deg_data/sep_rep/full/qc_false/filter_min_cells_0/results/HUVEC_de.h5ad
deg_aggregation.33084151.out:2025-12-30 21:40:23 | [INFO]     Removed X matrix
deg_aggregation.33084151.out:2025-12-30 21:40:23 | [INFO]     Rewriting h5ad file is done!
deg_aggregation.33084151.out:2025-12-30 21:40:23 | [INFO]   Saved aggregated file: ./data/l1000_phase2/deg_data/sep_rep/full/qc_false/filter_min_cells_0/results/HUVEC_de.h5ad (5013 obs, 978 vars)
deg_aggregation.33084151.out:2025-12-30 21:40:23 | [INFO] Aggregating 1 batch files for MNEU.E
deg_aggregation.33084151.out:2025-12-30 21:40:23 | [INFO]   Reading: MNEU.E_de.h5ad
deg_aggregation.33084151.out:2025-12-30 21:40:24 | [INFO]   Concatenating 1 batches...
deg_aggregation.33084151.out:2025-12-30 21:40:24 | [INFO]   Batch column added with 1
deg_aggregation.33084151.out:2025-12-30 21:40:25 | [INFO]     Rewriting h5ad file: ./data/l1000_phase2/deg_data/sep_rep/full/qc_false/filter_min_cells_0/results/MNEU.E_de.h5ad
deg_aggregation.33084151.out:2025-12-30 21:40:25 | [INFO]     Removed X matrix
deg_aggregation.33084151.out:2025-12-30 21:40:25 | [INFO]     Rewriting h5ad file is done!
deg_aggregation.33084151.out:2025-12-30 21:40:25 | [INFO]   Saved aggregated file: ./data/l1000_phase2/deg_data/sep_rep/full/qc_false/filter_min_cells_0/results/MNEU.E_de.h5ad (1047 obs, 978 vars)
deg_aggregation.33084151.out:2025-12-30 21:40:25 | [INFO] Aggregating 2 batch files for NEU
deg_aggregation.33084151.out:2025-12-30 21:40:25 | [INFO]   Reading: NEU_batch_1_de.h5ad
deg_aggregation.33084151.out:2025-12-30 21:40:27 | [INFO]   Reading: NEU_batch_2_de.h5ad
deg_aggregation.33084151.out:2025-12-30 21:40:29 | [INFO]   Concatenating 2 batches...
deg_aggregation.33084151.out:2025-12-30 21:40:29 | [INFO]   Batch column added with 2
deg_aggregation.33084151.out:2025-12-30 21:40:38 | [INFO]     Rewriting h5ad file: ./data/l1000_phase2/deg_data/sep_rep/full/qc_false/filter_min_cells_0/results/NEU_de.h5ad
deg_aggregation.33084151.out:2025-12-30 21:40:38 | [INFO]     Removed X matrix
deg_aggregation.33084151.out:2025-12-30 21:40:38 | [INFO]     Rewriting h5ad file is done!
deg_aggregation.33084151.out:2025-12-30 21:40:38 | [INFO]   Saved aggregated file: ./data/l1000_phase2/deg_data/sep_rep/full/qc_false/filter_min_cells_0/results/NEU_de.h5ad (5006 obs, 978 vars)
deg_aggregation.33084151.out:2025-12-30 21:40:38 | [INFO] Aggregating 2 batch files for NPC
deg_aggregation.33084151.out:2025-12-30 21:40:38 | [INFO]   Reading: NPC_batch_1_de.h5ad
deg_aggregation.33084151.out:2025-12-30 21:40:39 | [INFO]   Reading: NPC_batch_2_de.h5ad
deg_aggregation.33084151.out:2025-12-30 21:40:41 | [INFO]   Concatenating 2 batches...
deg_aggregation.33084151.out:2025-12-30 21:40:41 | [INFO]   Batch column added with 2
deg_aggregation.33084151.out:2025-12-30 21:40:50 | [INFO]     Rewriting h5ad file: ./data/l1000_phase2/deg_data/sep_rep/full/qc_false/filter_min_cells_0/results/NPC_de.h5ad
deg_aggregation.33084151.out:2025-12-30 21:40:50 | [INFO]     Removed X matrix
deg_aggregation.33084151.out:2025-12-30 21:40:50 | [INFO]     Rewriting h5ad file is done!
deg_aggregation.33084151.out:2025-12-30 21:40:50 | [INFO]   Saved aggregated file: ./data/l1000_phase2/deg_data/sep_rep/full/qc_false/filter_min_cells_0/results/NPC_de.h5ad (5016 obs, 978 vars)
deg_aggregation.33084151.out:2025-12-30 21:40:50 | [INFO] Aggregating 2 batch files for NPC.CAS9
deg_aggregation.33084151.out:2025-12-30 21:40:50 | [INFO]   Reading: NPC.CAS9_batch_1_de.h5ad
deg_aggregation.33084151.out:2025-12-30 21:40:53 | [INFO]   Reading: NPC.CAS9_batch_2_de.h5ad
deg_aggregation.33084151.out:2025-12-30 21:40:55 | [INFO]   Concatenating 2 batches...
deg_aggregation.33084151.out:2025-12-30 21:40:56 | [INFO]   Batch column added with 2
deg_aggregation.33084151.out:2025-12-30 21:41:04 | [INFO]     Rewriting h5ad file: ./data/l1000_phase2/deg_data/sep_rep/full/qc_false/filter_min_cells_0/results/NPC.CAS9_de.h5ad
deg_aggregation.33084151.out:2025-12-30 21:41:04 | [INFO]     Removed X matrix
deg_aggregation.33084151.out:2025-12-30 21:41:04 | [INFO]     Rewriting h5ad file is done!
deg_aggregation.33084151.out:2025-12-30 21:41:04 | [INFO]   Saved aggregated file: ./data/l1000_phase2/deg_data/sep_rep/full/qc_false/filter_min_cells_0/results/NPC.CAS9_de.h5ad (5017 obs, 978 vars)
deg_aggregation.33084151.out:2025-12-30 21:41:04 | [INFO] Aggregating 2 batch files for NPC.TAK
deg_aggregation.33084151.out:2025-12-30 21:41:04 | [INFO]   Reading: NPC.TAK_batch_1_de.h5ad
deg_aggregation.33084151.out:2025-12-30 21:41:06 | [INFO]   Reading: NPC.TAK_batch_2_de.h5ad
deg_aggregation.33084151.out:2025-12-30 21:41:08 | [INFO]   Concatenating 2 batches...
deg_aggregation.33084151.out:2025-12-30 21:41:08 | [INFO]   Batch column added with 2
deg_aggregation.33084151.out:2025-12-30 21:41:17 | [INFO]     Rewriting h5ad file: ./data/l1000_phase2/deg_data/sep_rep/full/qc_false/filter_min_cells_0/results/NPC.TAK_de.h5ad
deg_aggregation.33084151.out:2025-12-30 21:41:17 | [INFO]     Removed X matrix
deg_aggregation.33084151.out:2025-12-30 21:41:17 | [INFO]     Rewriting h5ad file is done!
deg_aggregation.33084151.out:2025-12-30 21:41:17 | [INFO]   Saved aggregated file: ./data/l1000_phase2/deg_data/sep_rep/full/qc_false/filter_min_cells_0/results/NPC.TAK_de.h5ad (5012 obs, 978 vars)
deg_aggregation.33084151.out:2025-12-30 21:41:17 | [INFO] Aggregating 2 batch files for SKL
deg_aggregation.33084151.out:2025-12-30 21:41:17 | [INFO]   Reading: SKL_batch_1_de.h5ad
deg_aggregation.33084151.out:2025-12-30 21:41:19 | [INFO]   Reading: SKL_batch_2_de.h5ad
deg_aggregation.33084151.out:2025-12-30 21:41:21 | [INFO]   Concatenating 2 batches...
deg_aggregation.33084151.out:2025-12-30 21:41:21 | [INFO]   Batch column added with 2
deg_aggregation.33084151.out:2025-12-30 21:41:29 | [INFO]     Rewriting h5ad file: ./data/l1000_phase2/deg_data/sep_rep/full/qc_false/filter_min_cells_0/results/SKL_de.h5ad
deg_aggregation.33084151.out:2025-12-30 21:41:29 | [INFO]     Removed X matrix
deg_aggregation.33084151.out:2025-12-30 21:41:29 | [INFO]     Rewriting h5ad file is done!
deg_aggregation.33084151.out:2025-12-30 21:41:29 | [INFO]   Saved aggregated file: ./data/l1000_phase2/deg_data/sep_rep/full/qc_false/filter_min_cells_0/results/SKL_de.h5ad (5010 obs, 978 vars)
deg_aggregation.33084151.out:2025-12-30 21:41:29 | [INFO] Aggregating 2 batch files for SKL.C
deg_aggregation.33084151.out:2025-12-30 21:41:29 | [INFO]   Reading: SKL.C_batch_1_de.h5ad
deg_aggregation.33084151.out:2025-12-30 21:41:31 | [INFO]   Reading: SKL.C_batch_2_de.h5ad
deg_aggregation.33084151.out:2025-12-30 21:41:33 | [INFO]   Concatenating 2 batches...
deg_aggregation.33084151.out:2025-12-30 21:41:33 | [INFO]   Batch column added with 2
deg_aggregation.33084151.out:2025-12-30 21:41:42 | [INFO]     Rewriting h5ad file: ./data/l1000_phase2/deg_data/sep_rep/full/qc_false/filter_min_cells_0/results/SKL.C_de.h5ad
deg_aggregation.33084151.out:2025-12-30 21:41:42 | [INFO]     Removed X matrix
deg_aggregation.33084151.out:2025-12-30 21:41:42 | [INFO]     Rewriting h5ad file is done!
deg_aggregation.33084151.out:2025-12-30 21:41:42 | [INFO]   Saved aggregated file: ./data/l1000_phase2/deg_data/sep_rep/full/qc_false/filter_min_cells_0/results/SKL.C_de.h5ad (5017 obs, 978 vars)
deg_aggregation.33084151.out:2025-12-30 21:41:42 | [INFO] Aggregation completed
deg_aggregation.33084151.err:/ictstr01/home/icb/olga.novitskaia/venv/lib/python3.12/site-packages/anndata/_core/anndata.py:1774: UserWarning: Observation names are not unique. To make them unique, call `.obs_names_make_unique`.
deg_aggregation.33084151.err:  utils.warn_names_duplicates("obs")
deg_aggregation.33084151.err:/ictstr01/home/icb/olga.novitskaia/venv/lib/python3.12/site-packages/anndata/_core/anndata.py:1774: UserWarning: Observation names are not unique. To make them unique, call `.obs_names_make_unique`.
deg_aggregation.33084151.err:  utils.warn_names_duplicates("obs")
deg_aggregation.33084151.err:/ictstr01/home/icb/olga.novitskaia/venv/lib/python3.12/site-packages/anndata/_core/anndata.py:1774: UserWarning: Observation names are not unique. To make them unique, call `.obs_names_make_unique`.
deg_aggregation.33084151.err:  utils.warn_names_duplicates("obs")
deg_aggregation.33084151.err:/ictstr01/home/icb/olga.novitskaia/venv/lib/python3.12/site-packages/anndata/_core/anndata.py:1774: UserWarning: Observation names are not unique. To make them unique, call `.obs_names_make_unique`.
deg_aggregation.33084151.err:  utils.warn_names_duplicates("obs")
deg_aggregation.33084151.err:/ictstr01/home/icb/olga.novitskaia/venv/lib/python3.12/site-packages/anndata/_core/anndata.py:1774: UserWarning: Observation names are not unique. To make them unique, call `.obs_names_make_unique`.
deg_aggregation.33084151.err:  utils.warn_names_duplicates("obs")
deg_aggregation.33084151.err:/ictstr01/home/icb/olga.novitskaia/venv/lib/python3.12/site-packages/anndata/_core/anndata.py:1774: UserWarning: Observation names are not unique. To make them unique, call `.obs_names_make_unique`.
deg_aggregation.33084151.err:  utils.warn_names_duplicates("obs")
deg_aggregation.33084151.err:/ictstr01/home/icb/olga.novitskaia/venv/lib/python3.12/site-packages/anndata/_core/anndata.py:1774: UserWarning: Observation names are not unique. To make them unique, call `.obs_names_make_unique`.
deg_aggregation.33084151.err:  utils.warn_names_duplicates("obs")
deg_aggregation.33084151.err:/ictstr01/home/icb/olga.novitskaia/venv/lib/python3.12/site-packages/anndata/_core/anndata.py:1774: UserWarning: Observation names are not unique. To make them unique, call `.obs_names_make_unique`.
deg_aggregation.33084151.err:  utils.warn_names_duplicates("obs")
deg_aggregation.33084151.err:/ictstr01/home/icb/olga.novitskaia/venv/lib/python3.12/site-packages/anndata/_core/anndata.py:1774: UserWarning: Observation names are not unique. To make them unique, call `.obs_names_make_unique`.
deg_aggregation.33084151.err:  utils.warn_names_duplicates("obs")
deg_aggregation.33084151.err:/ictstr01/home/icb/olga.novitskaia/venv/lib/python3.12/site-packages/anndata/_core/anndata.py:1774: UserWarning: Observation names are not unique. To make them unique, call `.obs_names_make_unique`.
deg_aggregation.33084151.err:  utils.warn_names_duplicates("obs")
deg_aggregation.33084151.err:/ictstr01/home/icb/olga.novitskaia/venv/lib/python3.12/site-packages/anndata/_core/anndata.py:1774: UserWarning: Observation names are not unique. To make them unique, call `.obs_names_make_unique`.
deg_aggregation.33084151.err:  utils.warn_names_duplicates("obs")
deg_aggregation.33084151.err:/ictstr01/home/icb/olga.novitskaia/venv/lib/python3.12/site-packages/anndata/_core/anndata.py:1774: UserWarning: Observation names are not unique. To make them unique, call `.obs_names_make_unique`.
deg_aggregation.33084151.err:  utils.warn_names_duplicates("obs")
deg_aggregation.33084151.err:/ictstr01/home/icb/olga.novitskaia/venv/lib/python3.12/site-packages/anndata/_core/anndata.py:1774: UserWarning: Observation names are not unique. To make them unique, call `.obs_names_make_unique`.
deg_aggregation.33084151.err:  utils.warn_names_duplicates("obs")
deg_aggregation.33084151.err:/ictstr01/home/icb/olga.novitskaia/venv/lib/python3.12/site-packages/anndata/_core/anndata.py:1774: UserWarning: Observation names are not unique. To make them unique, call `.obs_names_make_unique`.
deg_aggregation.33084151.err:  utils.warn_names_duplicates("obs")
deg_aggregation.33084151.err:/ictstr01/home/icb/olga.novitskaia/venv/lib/python3.12/site-packages/anndata/_core/anndata.py:1774: UserWarning: Observation names are not unique. To make them unique, call `.obs_names_make_unique`.
deg_aggregation.33084151.err:  utils.warn_names_duplicates("obs")
deg_aggregation.33084151.err:/ictstr01/home/icb/olga.novitskaia/venv/lib/python3.12/site-packages/anndata/_core/anndata.py:1774: UserWarning: Observation names are not unique. To make them unique, call `.obs_names_make_unique`.
deg_aggregation.33084151.err:  utils.warn_names_duplicates("obs")
deg_aggregation.33084151.err:/ictstr01/home/icb/olga.novitskaia/venv/lib/python3.12/site-packages/anndata/_core/anndata.py:1774: UserWarning: Observation names are not unique. To make them unique, call `.obs_names_make_unique`.
deg_aggregation.33084151.err:  utils.warn_names_duplicates("obs")
deg_aggregation.33084151.err:/ictstr01/home/icb/olga.novitskaia/venv/lib/python3.12/site-packages/anndata/_core/anndata.py:1774: UserWarning: Observation names are not unique. To make them unique, call `.obs_names_make_unique`.
deg_aggregation.33084151.err:  utils.warn_names_duplicates("obs")
deg_aggregation.33084151.err:/ictstr01/home/icb/olga.novitskaia/venv/lib/python3.12/site-packages/anndata/_core/anndata.py:1774: UserWarning: Observation names are not unique. To make them unique, call `.obs_names_make_unique`.
deg_aggregation.33084151.err:  utils.warn_names_duplicates("obs")
deg_aggregation.33084151.err:/ictstr01/home/icb/olga.novitskaia/venv/lib/python3.12/site-packages/anndata/_core/anndata.py:1774: UserWarning: Observation names are not unique. To make them unique, call `.obs_names_make_unique`.
deg_aggregation.33084151.err:  utils.warn_names_duplicates("obs")
deg_aggregation.33084151.err:/ictstr01/home/icb/olga.novitskaia/venv/lib/python3.12/site-packages/anndata/_core/anndata.py:1774: UserWarning: Observation names are not unique. To make them unique, call `.obs_names_make_unique`.
deg_aggregation.33084151.err:  utils.warn_names_duplicates("obs")
deg_aggregation.33084151.err:/ictstr01/home/icb/olga.novitskaia/venv/lib/python3.12/site-packages/anndata/_core/anndata.py:1774: UserWarning: Observation names are not unique. To make them unique, call `.obs_names_make_unique`.
deg_aggregation.33084151.err:  utils.warn_names_duplicates("obs")
deg_aggregation.33084151.err:/ictstr01/home/icb/olga.novitskaia/venv/lib/python3.12/site-packages/anndata/_core/anndata.py:1774: UserWarning: Observation names are not unique. To make them unique, call `.obs_names_make_unique`.
deg_aggregation.33084151.err:  utils.warn_names_duplicates("obs")
deg_aggregation.33084151.err:/ictstr01/home/icb/olga.novitskaia/venv/lib/python3.12/site-packages/anndata/_core/anndata.py:1774: UserWarning: Observation names are not unique. To make them unique, call `.obs_names_make_unique`.
deg_aggregation.33084151.err:  utils.warn_names_duplicates("obs")
deg_aggregation.33084151.err:/ictstr01/home/icb/olga.novitskaia/venv/lib/python3.12/site-packages/anndata/_core/anndata.py:1774: UserWarning: Observation names are not unique. To make them unique, call `.obs_names_make_unique`.
deg_aggregation.33084151.err:  utils.warn_names_duplicates("obs")
deg_aggregation.33084151.err:/ictstr01/home/icb/olga.novitskaia/venv/lib/python3.12/site-packages/anndata/_core/anndata.py:1774: UserWarning: Observation names are not unique. To make them unique, call `.obs_names_make_unique`.
deg_aggregation.33084151.err:  utils.warn_names_duplicates("obs")
