deg_tahoe.PID1312508.out:> Do not filter samples that did not pass quality control
deg_tahoe.PID1312508.out:> Work with a full version
deg_tahoe.PID1312508.out:> Mode: PARALLEL BY CELL TYPE (array jobs per cell type)
deg_tahoe.PID1312508.out:> Dataset is not normalized, running normalization steps
deg_tahoe.PID1312508.out:> Using config: ./pipelines/tahoe/configs/deg/config.json
deg_tahoe.PID1312508.out:> Preprocess pseudobulk with parameter: group_all_replicates
deg_tahoe.PID1312508.out:> Running preprocessing pseudobulk
deg_tahoe.PID1312508.out:Submitted batch job 33067245
deg_tahoe.PID1312508.out:> Preprocessing completed
deg_tahoe.PID1312508.out:> Starting DGE analysis with parameter: group_all_replicates
deg_tahoe.PID1312508.out:  Found 50 file(s) to process
deg_tahoe.PID1312508.out:
deg_tahoe.PID1312508.out:============================================
deg_tahoe.PID1312508.out:DGE ANALYSIS
deg_tahoe.PID1312508.out:============================================
deg_tahoe.PID1312508.out:  Processing 50 file(s)...
deg_tahoe.PID1312508.out:
deg_tahoe.PID1312508.out:
deg_tahoe.PID1312508.out:============================================
deg_tahoe.PID1312508.out:DEG ANALYSIS: Array Job Mode
deg_tahoe.PID1312508.out:============================================
deg_tahoe.PID1312508.out:  Processing 50 file(s) with array job...
deg_tahoe.PID1312508.out:  Submitting array job [50 jobs, max 50 concurrent]...
deg_tahoe.PID1312508.out:Submitted batch job 33067285
deg_tahoe.PID1312508.out:> DEG array job completed
deg_tahoe.PID1312508.out:
deg_tahoe.PID1312508.out:============================================
deg_tahoe.PID1312508.out:AGGREGATING BATCH FILES
deg_tahoe.PID1312508.out:============================================
deg_tahoe.PID1312508.out:  Found files in ./data/tahoe/deg_data/group_rep/full/qc_false/filter_min_cells_10/intermediate and results directory is empty
deg_tahoe.PID1312508.out:  Aggregating batch files from intermediate/ to results/...
deg_tahoe.PID1312508.out:  Running aggregation...
deg_tahoe.PID1312508.out:Submitted batch job 33067423
deg_tahoe.PID1312508.out:> Aggregation completed
deg_tahoe.PID1312508.out:
deg_tahoe.PID1312508.out:============================================
deg_tahoe.PID1312508.out:DGE PIPELINE COMPLETED
deg_tahoe.PID1312508.out:============================================
deg_tahoe.PID1312508.out:  Results saved to: ./data/tahoe/deg_data/group_rep/full/qc_false/filter_min_cells_10
deg_tahoe.PID1312508.out:    - intermediate/ for separate files
deg_tahoe.PID1312508.out:    - results/ for combined
deg_tahoe.PID1312508.out:
deg_tahoe.PID1312508.out:> DGE pipeline is finished
deg_tahoe.PID1312508.out:> Cleaning up temporary files...
deg_tahoe.PID1312508.out:> Cleanup complete
deg_processing_pseudobulk.33067245.out:2025-12-27 00:14:39 | [INFO] Output files already exist, skipping processing
deg_analysis.33067286_0.out:
deg_analysis.33067286_0.out:DE analysis started...
deg_analysis.33067286_0.out:Loaded input file:  ./data/tahoe/pseudobulk_processed/group_rep/by_celltype/CVCL_0023/CVCL_0023_processed.h5ad
deg_analysis.33067286_0.out:Initial dimensions:  1342  samples ×  61483  genes
deg_analysis.33067286_0.out:Filter samples with the low number of cells
deg_analysis.33067286_0.out:    Filter threshold (min_cells):  10
deg_analysis.33067286_0.out:    n_obs:  1342 -->  1334
deg_analysis.33067286_0.out:
deg_analysis.33067286_0.out:▶︎ Processing cell_type:  CVCL_0023
deg_analysis.33067286_0.out:    Filter controls by  pert_time_h  column
deg_analysis.33067286_0.out:        n_obs:  1334 -->  1334
deg_analysis.33067286_0.out:
deg_analysis.33067286_0.out:    Constructing design matrix...
deg_analysis.33067286_0.out:    Design matrix is constructed in 0.0 seconds
deg_analysis.33067286_0.out:    Design matrix dimensions: 1334 samples × 1149 coefficients
deg_analysis.33067286_0.out:    Filtering genes and normalizing counts...
deg_analysis.33067286_0.out:    Genes are filtered and normalized in 29.3 seconds
deg_analysis.33067286_0.out:    Running voom...
deg_analysis.33067286_0.out:    Voom is completed in 58.3 seconds
deg_analysis.33067286_0.out:    Running lmFit...
deg_analysis.33067286_0.out:    LmFit is completed in 8375.3 seconds
deg_analysis.33067286_0.out:DGE fit is completed in 8469.4 seconds
deg_analysis.33067286_0.out:    Running contrasts...
deg_analysis.33067286_0.out:    Running contrast 1/1135
deg_analysis.33067286_0.out:    Running contrast 51/1135
deg_analysis.33067286_0.out:    Running contrast 101/1135
deg_analysis.33067286_0.out:    Running contrast 151/1135
deg_analysis.33067286_0.out:    Running contrast 201/1135
deg_analysis.33067286_0.out:    Running contrast 251/1135
deg_analysis.33067286_0.out:    Running contrast 301/1135
deg_analysis.33067286_0.out:    Running contrast 351/1135
deg_analysis.33067286_0.out:    Running contrast 401/1135
deg_analysis.33067286_0.out:    Running contrast 451/1135
deg_analysis.33067286_0.out:    Running contrast 501/1135
deg_analysis.33067286_0.out:    Running contrast 551/1135
deg_analysis.33067286_0.out:    Running contrast 601/1135
deg_analysis.33067286_0.out:    Running contrast 651/1135
deg_analysis.33067286_0.out:    Running contrast 701/1135
deg_analysis.33067286_0.out:    Running contrast 751/1135
deg_analysis.33067286_0.out:    Running contrast 801/1135
deg_analysis.33067286_0.out:    Running contrast 851/1135
deg_analysis.33067286_0.out:    Running contrast 901/1135
deg_analysis.33067286_0.out:    Running contrast 951/1135
deg_analysis.33067286_0.out:    Running contrast 1001/1135
deg_analysis.33067286_0.out:    Running contrast 1051/1135
deg_analysis.33067286_0.out:    Running contrast 1101/1135
deg_analysis.33067286_0.out:    Running contrast 1135/1135
deg_analysis.33067286_0.out:Contrasts are completed in 699.3 seconds
deg_analysis.33067286_0.out:
deg_analysis.33067286_0.out:    Writing:  ./data/tahoe/deg_data/group_rep/full/qc_false/filter_min_cells_10/intermediate/CVCL_0023/CVCL_0023_de.h5ad
deg_analysis.33067286_0.out:
deg_analysis.33067286_0.out:    Rewriting h5ad file: ./data/tahoe/deg_data/group_rep/full/qc_false/filter_min_cells_10/intermediate/CVCL_0023/CVCL_0023_de.h5ad
deg_analysis.33067286_0.out:    Removed X matrix
deg_analysis.33067286_0.out:    Rewriting h5ad file is done!
deg_analysis.33067286_0.out:✓ Cell line completed in 9392.0 seconds
deg_analysis.33067286_0.out:
deg_analysis.33067286_0.out:DE analysis completed!
deg_analysis.33067286_0.out:
deg_analysis.33067286_0.out:Total runtime: 9419.0 seconds
deg_analysis.33067287_1.out:
deg_analysis.33067287_1.out:DE analysis started...
deg_analysis.33067287_1.out:Loaded input file:  ./data/tahoe/pseudobulk_processed/group_rep/by_celltype/CVCL_0028/CVCL_0028_processed.h5ad
deg_analysis.33067287_1.out:Initial dimensions:  1339  samples ×  61483  genes
deg_analysis.33067287_1.out:Filter samples with the low number of cells
deg_analysis.33067287_1.out:    Filter threshold (min_cells):  10
deg_analysis.33067287_1.out:    n_obs:  1339 -->  1331
deg_analysis.33067287_1.out:
deg_analysis.33067287_1.out:▶︎ Processing cell_type:  CVCL_0028
deg_analysis.33067287_1.out:    Filter controls by  pert_time_h  column
deg_analysis.33067287_1.out:        n_obs:  1331 -->  1331
deg_analysis.33067287_1.out:
deg_analysis.33067287_1.out:    Constructing design matrix...
deg_analysis.33067287_1.out:    Design matrix is constructed in 0.0 seconds
deg_analysis.33067287_1.out:    Design matrix dimensions: 1331 samples × 1148 coefficients
deg_analysis.33067287_1.out:    Filtering genes and normalizing counts...
deg_analysis.33067287_1.out:    Genes are filtered and normalized in 22.8 seconds
deg_analysis.33067287_1.out:    Running voom...
deg_analysis.33067287_1.out:    Voom is completed in 39.1 seconds
deg_analysis.33067287_1.out:    Running lmFit...
deg_analysis.33067287_1.out:    LmFit is completed in 6956.6 seconds
deg_analysis.33067287_1.out:DGE fit is completed in 7023.7 seconds
deg_analysis.33067287_1.out:    Running contrasts...
deg_analysis.33067287_1.out:    Running contrast 1/1134
deg_analysis.33067287_1.out:    Running contrast 51/1134
deg_analysis.33067287_1.out:    Running contrast 101/1134
deg_analysis.33067287_1.out:    Running contrast 151/1134
deg_analysis.33067287_1.out:    Running contrast 201/1134
deg_analysis.33067287_1.out:    Running contrast 251/1134
deg_analysis.33067287_1.out:    Running contrast 301/1134
deg_analysis.33067287_1.out:    Running contrast 351/1134
deg_analysis.33067287_1.out:    Running contrast 401/1134
deg_analysis.33067287_1.out:    Running contrast 451/1134
deg_analysis.33067287_1.out:    Running contrast 501/1134
deg_analysis.33067287_1.out:    Running contrast 551/1134
deg_analysis.33067287_1.out:    Running contrast 601/1134
deg_analysis.33067287_1.out:    Running contrast 651/1134
deg_analysis.33067287_1.out:    Running contrast 701/1134
deg_analysis.33067287_1.out:    Running contrast 751/1134
deg_analysis.33067287_1.out:    Running contrast 801/1134
deg_analysis.33067287_1.out:    Running contrast 851/1134
deg_analysis.33067287_1.out:    Running contrast 901/1134
deg_analysis.33067287_1.out:    Running contrast 951/1134
deg_analysis.33067287_1.out:    Running contrast 1001/1134
deg_analysis.33067287_1.out:    Running contrast 1051/1134
deg_analysis.33067287_1.out:    Running contrast 1101/1134
deg_analysis.33067287_1.out:    Running contrast 1134/1134
deg_analysis.33067287_1.out:Contrasts are completed in 644.0 seconds
deg_analysis.33067287_1.out:
deg_analysis.33067287_1.out:    Writing:  ./data/tahoe/deg_data/group_rep/full/qc_false/filter_min_cells_10/intermediate/CVCL_0028/CVCL_0028_de.h5ad
deg_analysis.33067287_1.out:
deg_analysis.33067287_1.out:    Rewriting h5ad file: ./data/tahoe/deg_data/group_rep/full/qc_false/filter_min_cells_10/intermediate/CVCL_0028/CVCL_0028_de.h5ad
deg_analysis.33067287_1.out:    Removed X matrix
deg_analysis.33067287_1.out:    Rewriting h5ad file is done!
deg_analysis.33067287_1.out:✓ Cell line completed in 7851.9 seconds
deg_analysis.33067287_1.out:
deg_analysis.33067287_1.out:DE analysis completed!
deg_analysis.33067287_1.out:
deg_analysis.33067287_1.out:Total runtime: 7878.3 seconds
deg_analysis.33067288_2.out:
deg_analysis.33067288_2.out:DE analysis started...
deg_analysis.33067288_2.out:Loaded input file:  ./data/tahoe/pseudobulk_processed/group_rep/by_celltype/CVCL_0069/CVCL_0069_processed.h5ad
deg_analysis.33067288_2.out:Initial dimensions:  1339  samples ×  61483  genes
deg_analysis.33067288_2.out:Filter samples with the low number of cells
deg_analysis.33067288_2.out:    Filter threshold (min_cells):  10
deg_analysis.33067288_2.out:    n_obs:  1339 -->  1333
deg_analysis.33067288_2.out:
deg_analysis.33067288_2.out:▶︎ Processing cell_type:  CVCL_0069
deg_analysis.33067288_2.out:    Filter controls by  pert_time_h  column
deg_analysis.33067288_2.out:        n_obs:  1333 -->  1333
deg_analysis.33067288_2.out:
deg_analysis.33067288_2.out:    Constructing design matrix...
deg_analysis.33067288_2.out:    Design matrix is constructed in 0.0 seconds
deg_analysis.33067288_2.out:    Design matrix dimensions: 1333 samples × 1149 coefficients
deg_analysis.33067288_2.out:    Filtering genes and normalizing counts...
deg_analysis.33067288_2.out:    Genes are filtered and normalized in 30.7 seconds
deg_analysis.33067288_2.out:    Running voom...
deg_analysis.33067288_2.out:    Voom is completed in 62.7 seconds
deg_analysis.33067288_2.out:    Running lmFit...
deg_analysis.33067288_2.out:    LmFit is completed in 8704.9 seconds
deg_analysis.33067288_2.out:DGE fit is completed in 8804.8 seconds
deg_analysis.33067288_2.out:    Running contrasts...
deg_analysis.33067288_2.out:    Running contrast 1/1135
deg_analysis.33067288_2.out:    Running contrast 51/1135
deg_analysis.33067288_2.out:    Running contrast 101/1135
deg_analysis.33067288_2.out:    Running contrast 151/1135
deg_analysis.33067288_2.out:    Running contrast 201/1135
deg_analysis.33067288_2.out:    Running contrast 251/1135
deg_analysis.33067288_2.out:    Running contrast 301/1135
deg_analysis.33067288_2.out:    Running contrast 351/1135
deg_analysis.33067288_2.out:    Running contrast 401/1135
deg_analysis.33067288_2.out:    Running contrast 451/1135
deg_analysis.33067288_2.out:    Running contrast 501/1135
deg_analysis.33067288_2.out:    Running contrast 551/1135
deg_analysis.33067288_2.out:    Running contrast 601/1135
deg_analysis.33067288_2.out:    Running contrast 651/1135
deg_analysis.33067288_2.out:    Running contrast 701/1135
deg_analysis.33067288_2.out:    Running contrast 751/1135
deg_analysis.33067288_2.out:    Running contrast 801/1135
deg_analysis.33067288_2.out:    Running contrast 851/1135
deg_analysis.33067288_2.out:    Running contrast 901/1135
deg_analysis.33067288_2.out:    Running contrast 951/1135
deg_analysis.33067288_2.out:    Running contrast 1001/1135
deg_analysis.33067288_2.out:    Running contrast 1051/1135
deg_analysis.33067288_2.out:    Running contrast 1101/1135
deg_analysis.33067288_2.out:    Running contrast 1135/1135
deg_analysis.33067288_2.out:Contrasts are completed in 738.0 seconds
deg_analysis.33067288_2.out:
deg_analysis.33067288_2.out:    Writing:  ./data/tahoe/deg_data/group_rep/full/qc_false/filter_min_cells_10/intermediate/CVCL_0069/CVCL_0069_de.h5ad
deg_analysis.33067288_2.out:
deg_analysis.33067288_2.out:    Rewriting h5ad file: ./data/tahoe/deg_data/group_rep/full/qc_false/filter_min_cells_10/intermediate/CVCL_0069/CVCL_0069_de.h5ad
deg_analysis.33067288_2.out:    Removed X matrix
deg_analysis.33067288_2.out:    Rewriting h5ad file is done!
deg_analysis.33067288_2.out:✓ Cell line completed in 9806.4 seconds
deg_analysis.33067288_2.out:
deg_analysis.33067288_2.out:DE analysis completed!
deg_analysis.33067288_2.out:
deg_analysis.33067288_2.out:Total runtime: 9833.4 seconds
deg_analysis.33067289_3.out:
deg_analysis.33067289_3.out:DE analysis started...
deg_analysis.33067289_3.out:Loaded input file:  ./data/tahoe/pseudobulk_processed/group_rep/by_celltype/CVCL_0099/CVCL_0099_processed.h5ad
deg_analysis.33067289_3.out:Initial dimensions:  1340  samples ×  61483  genes
deg_analysis.33067289_3.out:Filter samples with the low number of cells
deg_analysis.33067289_3.out:    Filter threshold (min_cells):  10
deg_analysis.33067289_3.out:    n_obs:  1340 -->  1332
deg_analysis.33067289_3.out:
deg_analysis.33067289_3.out:▶︎ Processing cell_type:  CVCL_0099
deg_analysis.33067289_3.out:    Filter controls by  pert_time_h  column
deg_analysis.33067289_3.out:        n_obs:  1332 -->  1332
deg_analysis.33067289_3.out:
deg_analysis.33067289_3.out:    Constructing design matrix...
deg_analysis.33067289_3.out:    Design matrix is constructed in 0.0 seconds
deg_analysis.33067289_3.out:    Design matrix dimensions: 1332 samples × 1148 coefficients
deg_analysis.33067289_3.out:    Filtering genes and normalizing counts...
deg_analysis.33067289_3.out:    Genes are filtered and normalized in 31.9 seconds
deg_analysis.33067289_3.out:    Running voom...
deg_analysis.33067289_3.out:    Voom is completed in 66.2 seconds
deg_analysis.33067289_3.out:    Running lmFit...
deg_analysis.33067289_3.out:    LmFit is completed in 11138.9 seconds
deg_analysis.33067289_3.out:DGE fit is completed in 11243.1 seconds
deg_analysis.33067289_3.out:    Running contrasts...
deg_analysis.33067289_3.out:    Running contrast 1/1134
deg_analysis.33067289_3.out:    Running contrast 51/1134
deg_analysis.33067289_3.out:    Running contrast 101/1134
deg_analysis.33067289_3.out:    Running contrast 151/1134
deg_analysis.33067289_3.out:    Running contrast 201/1134
deg_analysis.33067289_3.out:    Running contrast 251/1134
deg_analysis.33067289_3.out:    Running contrast 301/1134
deg_analysis.33067289_3.out:    Running contrast 351/1134
deg_analysis.33067289_3.out:    Running contrast 401/1134
deg_analysis.33067289_3.out:    Running contrast 451/1134
deg_analysis.33067289_3.out:    Running contrast 501/1134
deg_analysis.33067289_3.out:    Running contrast 551/1134
deg_analysis.33067289_3.out:    Running contrast 601/1134
deg_analysis.33067289_3.out:    Running contrast 651/1134
deg_analysis.33067289_3.out:    Running contrast 701/1134
deg_analysis.33067289_3.out:    Running contrast 751/1134
deg_analysis.33067289_3.out:    Running contrast 801/1134
deg_analysis.33067289_3.out:    Running contrast 851/1134
deg_analysis.33067289_3.out:    Running contrast 901/1134
deg_analysis.33067289_3.out:    Running contrast 951/1134
deg_analysis.33067289_3.out:    Running contrast 1001/1134
deg_analysis.33067289_3.out:    Running contrast 1051/1134
deg_analysis.33067289_3.out:    Running contrast 1101/1134
deg_analysis.33067289_3.out:    Running contrast 1134/1134
deg_analysis.33067289_3.out:Contrasts are completed in 993.1 seconds
deg_analysis.33067289_3.out:
deg_analysis.33067289_3.out:    Writing:  ./data/tahoe/deg_data/group_rep/full/qc_false/filter_min_cells_10/intermediate/CVCL_0099/CVCL_0099_de.h5ad
deg_analysis.33067289_3.out:
deg_analysis.33067289_3.out:    Rewriting h5ad file: ./data/tahoe/deg_data/group_rep/full/qc_false/filter_min_cells_10/intermediate/CVCL_0099/CVCL_0099_de.h5ad
deg_analysis.33067289_3.out:    Removed X matrix
deg_analysis.33067289_3.out:    Rewriting h5ad file is done!
deg_analysis.33067289_3.out:✓ Cell line completed in 12490.8 seconds
deg_analysis.33067289_3.out:
deg_analysis.33067289_3.out:DE analysis completed!
deg_analysis.33067289_3.out:
deg_analysis.33067289_3.out:Total runtime: 12517.6 seconds
deg_analysis.33067290_4.out:
deg_analysis.33067290_4.out:DE analysis started...
deg_analysis.33067290_4.out:Loaded input file:  ./data/tahoe/pseudobulk_processed/group_rep/by_celltype/CVCL_0131/CVCL_0131_processed.h5ad
deg_analysis.33067290_4.out:Initial dimensions:  1338  samples ×  61483  genes
deg_analysis.33067290_4.out:Filter samples with the low number of cells
deg_analysis.33067290_4.out:    Filter threshold (min_cells):  10
deg_analysis.33067290_4.out:    n_obs:  1338 -->  1334
deg_analysis.33067290_4.out:
deg_analysis.33067290_4.out:▶︎ Processing cell_type:  CVCL_0131
deg_analysis.33067290_4.out:    Filter controls by  pert_time_h  column
deg_analysis.33067290_4.out:        n_obs:  1334 -->  1334
deg_analysis.33067290_4.out:
deg_analysis.33067290_4.out:    Constructing design matrix...
deg_analysis.33067290_4.out:    Design matrix is constructed in 0.0 seconds
deg_analysis.33067290_4.out:    Design matrix dimensions: 1334 samples × 1149 coefficients
deg_analysis.33067290_4.out:    Filtering genes and normalizing counts...
deg_analysis.33067290_4.out:    Genes are filtered and normalized in 30.2 seconds
deg_analysis.33067290_4.out:    Running voom...
deg_analysis.33067290_4.out:    Voom is completed in 59.4 seconds
deg_analysis.33067290_4.out:    Running lmFit...
deg_analysis.33067290_4.out:    LmFit is completed in 9807.5 seconds
deg_analysis.33067290_4.out:DGE fit is completed in 9903.5 seconds
deg_analysis.33067290_4.out:    Running contrasts...
deg_analysis.33067290_4.out:    Running contrast 1/1135
deg_analysis.33067290_4.out:    Running contrast 51/1135
deg_analysis.33067290_4.out:    Running contrast 101/1135
deg_analysis.33067290_4.out:    Running contrast 151/1135
deg_analysis.33067290_4.out:    Running contrast 201/1135
deg_analysis.33067290_4.out:    Running contrast 251/1135
deg_analysis.33067290_4.out:    Running contrast 301/1135
deg_analysis.33067290_4.out:    Running contrast 351/1135
deg_analysis.33067290_4.out:    Running contrast 401/1135
deg_analysis.33067290_4.out:    Running contrast 451/1135
deg_analysis.33067290_4.out:    Running contrast 501/1135
deg_analysis.33067290_4.out:    Running contrast 551/1135
deg_analysis.33067290_4.out:    Running contrast 601/1135
deg_analysis.33067290_4.out:    Running contrast 651/1135
deg_analysis.33067290_4.out:    Running contrast 701/1135
deg_analysis.33067290_4.out:    Running contrast 751/1135
deg_analysis.33067290_4.out:    Running contrast 801/1135
deg_analysis.33067290_4.out:    Running contrast 851/1135
deg_analysis.33067290_4.out:    Running contrast 901/1135
deg_analysis.33067290_4.out:    Running contrast 951/1135
deg_analysis.33067290_4.out:    Running contrast 1001/1135
deg_analysis.33067290_4.out:    Running contrast 1051/1135
deg_analysis.33067290_4.out:    Running contrast 1101/1135
deg_analysis.33067290_4.out:    Running contrast 1135/1135
deg_analysis.33067290_4.out:Contrasts are completed in 817.2 seconds
deg_analysis.33067290_4.out:
deg_analysis.33067290_4.out:    Writing:  ./data/tahoe/deg_data/group_rep/full/qc_false/filter_min_cells_10/intermediate/CVCL_0131/CVCL_0131_de.h5ad
deg_analysis.33067290_4.out:
deg_analysis.33067290_4.out:    Rewriting h5ad file: ./data/tahoe/deg_data/group_rep/full/qc_false/filter_min_cells_10/intermediate/CVCL_0131/CVCL_0131_de.h5ad
deg_analysis.33067290_4.out:    Removed X matrix
deg_analysis.33067290_4.out:    Rewriting h5ad file is done!
deg_analysis.33067290_4.out:✓ Cell line completed in 10971.6 seconds
deg_analysis.33067290_4.out:
deg_analysis.33067290_4.out:DE analysis completed!
deg_analysis.33067290_4.out:
deg_analysis.33067290_4.out:Total runtime: 10998.5 seconds
deg_analysis.33067291_5.out:
deg_analysis.33067291_5.out:DE analysis started...
deg_analysis.33067291_5.out:Loaded input file:  ./data/tahoe/pseudobulk_processed/group_rep/by_celltype/CVCL_0152/CVCL_0152_processed.h5ad
deg_analysis.33067291_5.out:Initial dimensions:  1341  samples ×  61483  genes
deg_analysis.33067291_5.out:Filter samples with the low number of cells
deg_analysis.33067291_5.out:    Filter threshold (min_cells):  10
deg_analysis.33067291_5.out:    n_obs:  1341 -->  1334
deg_analysis.33067291_5.out:
deg_analysis.33067291_5.out:▶︎ Processing cell_type:  CVCL_0152
deg_analysis.33067291_5.out:    Filter controls by  pert_time_h  column
deg_analysis.33067291_5.out:        n_obs:  1334 -->  1334
deg_analysis.33067291_5.out:
deg_analysis.33067291_5.out:    Constructing design matrix...
deg_analysis.33067291_5.out:    Design matrix is constructed in 0.0 seconds
deg_analysis.33067291_5.out:    Design matrix dimensions: 1334 samples × 1149 coefficients
deg_analysis.33067291_5.out:    Filtering genes and normalizing counts...
deg_analysis.33067291_5.out:    Genes are filtered and normalized in 28.2 seconds
deg_analysis.33067291_5.out:    Running voom...
deg_analysis.33067291_5.out:    Voom is completed in 54.8 seconds
deg_analysis.33067291_5.out:    Running lmFit...
deg_analysis.33067291_5.out:    LmFit is completed in 9278.3 seconds
deg_analysis.33067291_5.out:DGE fit is completed in 9367.3 seconds
deg_analysis.33067291_5.out:    Running contrasts...
deg_analysis.33067291_5.out:    Running contrast 1/1135
deg_analysis.33067291_5.out:    Running contrast 51/1135
deg_analysis.33067291_5.out:    Running contrast 101/1135
deg_analysis.33067291_5.out:    Running contrast 151/1135
deg_analysis.33067291_5.out:    Running contrast 201/1135
deg_analysis.33067291_5.out:    Running contrast 251/1135
deg_analysis.33067291_5.out:    Running contrast 301/1135
deg_analysis.33067291_5.out:    Running contrast 351/1135
deg_analysis.33067291_5.out:    Running contrast 401/1135
deg_analysis.33067291_5.out:    Running contrast 451/1135
deg_analysis.33067291_5.out:    Running contrast 501/1135
deg_analysis.33067291_5.out:    Running contrast 551/1135
deg_analysis.33067291_5.out:    Running contrast 601/1135
deg_analysis.33067291_5.out:    Running contrast 651/1135
deg_analysis.33067291_5.out:    Running contrast 701/1135
deg_analysis.33067291_5.out:    Running contrast 751/1135
deg_analysis.33067291_5.out:    Running contrast 801/1135
deg_analysis.33067291_5.out:    Running contrast 851/1135
deg_analysis.33067291_5.out:    Running contrast 901/1135
deg_analysis.33067291_5.out:    Running contrast 951/1135
deg_analysis.33067291_5.out:    Running contrast 1001/1135
deg_analysis.33067291_5.out:    Running contrast 1051/1135
deg_analysis.33067291_5.out:    Running contrast 1101/1135
deg_analysis.33067291_5.out:    Running contrast 1135/1135
deg_analysis.33067291_5.out:Contrasts are completed in 793.8 seconds
deg_analysis.33067291_5.out:
deg_analysis.33067291_5.out:    Writing:  ./data/tahoe/deg_data/group_rep/full/qc_false/filter_min_cells_10/intermediate/CVCL_0152/CVCL_0152_de.h5ad
deg_analysis.33067291_5.out:
deg_analysis.33067291_5.out:    Rewriting h5ad file: ./data/tahoe/deg_data/group_rep/full/qc_false/filter_min_cells_10/intermediate/CVCL_0152/CVCL_0152_de.h5ad
deg_analysis.33067291_5.out:    Removed X matrix
deg_analysis.33067291_5.out:    Rewriting h5ad file is done!
deg_analysis.33067291_5.out:✓ Cell line completed in 10391.9 seconds
deg_analysis.33067291_5.out:
deg_analysis.33067291_5.out:DE analysis completed!
deg_analysis.33067291_5.out:
deg_analysis.33067291_5.out:Total runtime: 10418.8 seconds
deg_analysis.33067292_6.out:
deg_analysis.33067292_6.out:DE analysis started...
deg_analysis.33067292_6.out:Loaded input file:  ./data/tahoe/pseudobulk_processed/group_rep/by_celltype/CVCL_0179/CVCL_0179_processed.h5ad
deg_analysis.33067292_6.out:Initial dimensions:  1338  samples ×  61483  genes
deg_analysis.33067292_6.out:Filter samples with the low number of cells
deg_analysis.33067292_6.out:    Filter threshold (min_cells):  10
deg_analysis.33067292_6.out:    n_obs:  1338 -->  1334
deg_analysis.33067292_6.out:
deg_analysis.33067292_6.out:▶︎ Processing cell_type:  CVCL_0179
deg_analysis.33067292_6.out:    Filter controls by  pert_time_h  column
deg_analysis.33067292_6.out:        n_obs:  1334 -->  1334
deg_analysis.33067292_6.out:
deg_analysis.33067292_6.out:    Constructing design matrix...
deg_analysis.33067292_6.out:    Design matrix is constructed in 0.0 seconds
deg_analysis.33067292_6.out:    Design matrix dimensions: 1334 samples × 1148 coefficients
deg_analysis.33067292_6.out:    Filtering genes and normalizing counts...
deg_analysis.33067292_6.out:    Genes are filtered and normalized in 26.4 seconds
deg_analysis.33067292_6.out:    Running voom...
deg_analysis.33067292_6.out:    Voom is completed in 46.7 seconds
deg_analysis.33067292_6.out:    Running lmFit...
deg_analysis.33067292_6.out:    LmFit is completed in 7905.7 seconds
deg_analysis.33067292_6.out:DGE fit is completed in 7984.2 seconds
deg_analysis.33067292_6.out:    Running contrasts...
deg_analysis.33067292_6.out:    Running contrast 1/1134
deg_analysis.33067292_6.out:    Running contrast 51/1134
deg_analysis.33067292_6.out:    Running contrast 101/1134
deg_analysis.33067292_6.out:    Running contrast 151/1134
deg_analysis.33067292_6.out:    Running contrast 201/1134
deg_analysis.33067292_6.out:    Running contrast 251/1134
deg_analysis.33067292_6.out:    Running contrast 301/1134
deg_analysis.33067292_6.out:    Running contrast 351/1134
deg_analysis.33067292_6.out:    Running contrast 401/1134
deg_analysis.33067292_6.out:    Running contrast 451/1134
deg_analysis.33067292_6.out:    Running contrast 501/1134
deg_analysis.33067292_6.out:    Running contrast 551/1134
deg_analysis.33067292_6.out:    Running contrast 601/1134
deg_analysis.33067292_6.out:    Running contrast 651/1134
deg_analysis.33067292_6.out:    Running contrast 701/1134
deg_analysis.33067292_6.out:    Running contrast 751/1134
deg_analysis.33067292_6.out:    Running contrast 801/1134
deg_analysis.33067292_6.out:    Running contrast 851/1134
deg_analysis.33067292_6.out:    Running contrast 901/1134
deg_analysis.33067292_6.out:    Running contrast 951/1134
deg_analysis.33067292_6.out:    Running contrast 1001/1134
deg_analysis.33067292_6.out:    Running contrast 1051/1134
deg_analysis.33067292_6.out:    Running contrast 1101/1134
deg_analysis.33067292_6.out:    Running contrast 1134/1134
deg_analysis.33067292_6.out:Contrasts are completed in 714.5 seconds
deg_analysis.33067292_6.out:
deg_analysis.33067292_6.out:    Writing:  ./data/tahoe/deg_data/group_rep/full/qc_false/filter_min_cells_10/intermediate/CVCL_0179/CVCL_0179_de.h5ad
deg_analysis.33067292_6.out:
deg_analysis.33067292_6.out:    Rewriting h5ad file: ./data/tahoe/deg_data/group_rep/full/qc_false/filter_min_cells_10/intermediate/CVCL_0179/CVCL_0179_de.h5ad
deg_analysis.33067292_6.out:    Removed X matrix
deg_analysis.33067292_6.out:    Rewriting h5ad file is done!
deg_analysis.33067292_6.out:✓ Cell line completed in 8910.7 seconds
deg_analysis.33067292_6.out:
deg_analysis.33067292_6.out:DE analysis completed!
deg_analysis.33067292_6.out:
deg_analysis.33067292_6.out:Total runtime: 8937.2 seconds
deg_analysis.33067293_7.out:
deg_analysis.33067293_7.out:DE analysis started...
deg_analysis.33067293_7.out:Loaded input file:  ./data/tahoe/pseudobulk_processed/group_rep/by_celltype/CVCL_0218/CVCL_0218_processed.h5ad
deg_analysis.33067293_7.out:Initial dimensions:  1343  samples ×  61483  genes
deg_analysis.33067293_7.out:Filter samples with the low number of cells
deg_analysis.33067293_7.out:    Filter threshold (min_cells):  10
deg_analysis.33067293_7.out:    n_obs:  1343 -->  1335
deg_analysis.33067293_7.out:
deg_analysis.33067293_7.out:▶︎ Processing cell_type:  CVCL_0218
deg_analysis.33067293_7.out:    Filter controls by  pert_time_h  column
deg_analysis.33067293_7.out:        n_obs:  1335 -->  1335
deg_analysis.33067293_7.out:
deg_analysis.33067293_7.out:    Constructing design matrix...
deg_analysis.33067293_7.out:    Design matrix is constructed in 0.0 seconds
deg_analysis.33067293_7.out:    Design matrix dimensions: 1335 samples × 1149 coefficients
deg_analysis.33067293_7.out:    Filtering genes and normalizing counts...
deg_analysis.33067293_7.out:    Genes are filtered and normalized in 24.2 seconds
deg_analysis.33067293_7.out:    Running voom...
deg_analysis.33067293_7.out:    Voom is completed in 45.7 seconds
deg_analysis.33067293_7.out:    Running lmFit...
deg_analysis.33067293_7.out:    LmFit is completed in 7817.5 seconds
deg_analysis.33067293_7.out:DGE fit is completed in 7892.8 seconds
deg_analysis.33067293_7.out:    Running contrasts...
deg_analysis.33067293_7.out:    Running contrast 1/1135
deg_analysis.33067293_7.out:    Running contrast 51/1135
deg_analysis.33067293_7.out:    Running contrast 101/1135
deg_analysis.33067293_7.out:    Running contrast 151/1135
deg_analysis.33067293_7.out:    Running contrast 201/1135
deg_analysis.33067293_7.out:    Running contrast 251/1135
deg_analysis.33067293_7.out:    Running contrast 301/1135
deg_analysis.33067293_7.out:    Running contrast 351/1135
deg_analysis.33067293_7.out:    Running contrast 401/1135
deg_analysis.33067293_7.out:    Running contrast 451/1135
deg_analysis.33067293_7.out:    Running contrast 501/1135
deg_analysis.33067293_7.out:    Running contrast 551/1135
deg_analysis.33067293_7.out:    Running contrast 601/1135
deg_analysis.33067293_7.out:    Running contrast 651/1135
deg_analysis.33067293_7.out:    Running contrast 701/1135
deg_analysis.33067293_7.out:    Running contrast 751/1135
deg_analysis.33067293_7.out:    Running contrast 801/1135
deg_analysis.33067293_7.out:    Running contrast 851/1135
deg_analysis.33067293_7.out:    Running contrast 901/1135
deg_analysis.33067293_7.out:    Running contrast 951/1135
deg_analysis.33067293_7.out:    Running contrast 1001/1135
deg_analysis.33067293_7.out:    Running contrast 1051/1135
deg_analysis.33067293_7.out:    Running contrast 1101/1135
deg_analysis.33067293_7.out:    Running contrast 1135/1135
deg_analysis.33067293_7.out:Contrasts are completed in 697.4 seconds
deg_analysis.33067293_7.out:
deg_analysis.33067293_7.out:    Writing:  ./data/tahoe/deg_data/group_rep/full/qc_false/filter_min_cells_10/intermediate/CVCL_0218/CVCL_0218_de.h5ad
deg_analysis.33067293_7.out:
deg_analysis.33067293_7.out:    Rewriting h5ad file: ./data/tahoe/deg_data/group_rep/full/qc_false/filter_min_cells_10/intermediate/CVCL_0218/CVCL_0218_de.h5ad
deg_analysis.33067293_7.out:    Removed X matrix
deg_analysis.33067293_7.out:    Rewriting h5ad file is done!
deg_analysis.33067293_7.out:✓ Cell line completed in 8800.6 seconds
deg_analysis.33067293_7.out:
deg_analysis.33067293_7.out:DE analysis completed!
deg_analysis.33067293_7.out:
deg_analysis.33067293_7.out:Total runtime: 8827.2 seconds
deg_analysis.33067294_8.out:
deg_analysis.33067294_8.out:DE analysis started...
deg_analysis.33067294_8.out:Loaded input file:  ./data/tahoe/pseudobulk_processed/group_rep/by_celltype/CVCL_0292/CVCL_0292_processed.h5ad
deg_analysis.33067294_8.out:Initial dimensions:  1343  samples ×  61483  genes
deg_analysis.33067294_8.out:Filter samples with the low number of cells
deg_analysis.33067294_8.out:    Filter threshold (min_cells):  10
deg_analysis.33067294_8.out:    n_obs:  1343 -->  1335
deg_analysis.33067294_8.out:
deg_analysis.33067294_8.out:▶︎ Processing cell_type:  CVCL_0292
deg_analysis.33067294_8.out:    Filter controls by  pert_time_h  column
deg_analysis.33067294_8.out:        n_obs:  1335 -->  1335
deg_analysis.33067294_8.out:
deg_analysis.33067294_8.out:    Constructing design matrix...
deg_analysis.33067294_8.out:    Design matrix is constructed in 0.0 seconds
deg_analysis.33067294_8.out:    Design matrix dimensions: 1335 samples × 1149 coefficients
deg_analysis.33067294_8.out:    Filtering genes and normalizing counts...
deg_analysis.33067294_8.out:    Genes are filtered and normalized in 24.7 seconds
deg_analysis.33067294_8.out:    Running voom...
deg_analysis.33067294_8.out:    Voom is completed in 47.9 seconds
deg_analysis.33067294_8.out:    Running lmFit...
deg_analysis.33067294_8.out:    LmFit is completed in 8039.4 seconds
deg_analysis.33067294_8.out:DGE fit is completed in 8117.4 seconds
deg_analysis.33067294_8.out:    Running contrasts...
deg_analysis.33067294_8.out:    Running contrast 1/1135
deg_analysis.33067294_8.out:    Running contrast 51/1135
deg_analysis.33067294_8.out:    Running contrast 101/1135
deg_analysis.33067294_8.out:    Running contrast 151/1135
deg_analysis.33067294_8.out:    Running contrast 201/1135
deg_analysis.33067294_8.out:    Running contrast 251/1135
deg_analysis.33067294_8.out:    Running contrast 301/1135
deg_analysis.33067294_8.out:    Running contrast 351/1135
deg_analysis.33067294_8.out:    Running contrast 401/1135
deg_analysis.33067294_8.out:    Running contrast 451/1135
deg_analysis.33067294_8.out:    Running contrast 501/1135
deg_analysis.33067294_8.out:    Running contrast 551/1135
deg_analysis.33067294_8.out:    Running contrast 601/1135
deg_analysis.33067294_8.out:    Running contrast 651/1135
deg_analysis.33067294_8.out:    Running contrast 701/1135
deg_analysis.33067294_8.out:    Running contrast 751/1135
deg_analysis.33067294_8.out:    Running contrast 801/1135
deg_analysis.33067294_8.out:    Running contrast 851/1135
deg_analysis.33067294_8.out:    Running contrast 901/1135
deg_analysis.33067294_8.out:    Running contrast 951/1135
deg_analysis.33067294_8.out:    Running contrast 1001/1135
deg_analysis.33067294_8.out:    Running contrast 1051/1135
deg_analysis.33067294_8.out:    Running contrast 1101/1135
deg_analysis.33067294_8.out:    Running contrast 1135/1135
deg_analysis.33067294_8.out:Contrasts are completed in 702.7 seconds
deg_analysis.33067294_8.out:
deg_analysis.33067294_8.out:    Writing:  ./data/tahoe/deg_data/group_rep/full/qc_false/filter_min_cells_10/intermediate/CVCL_0292/CVCL_0292_de.h5ad
deg_analysis.33067294_8.out:
deg_analysis.33067294_8.out:    Rewriting h5ad file: ./data/tahoe/deg_data/group_rep/full/qc_false/filter_min_cells_10/intermediate/CVCL_0292/CVCL_0292_de.h5ad
deg_analysis.33067294_8.out:    Removed X matrix
deg_analysis.33067294_8.out:    Rewriting h5ad file is done!
deg_analysis.33067294_8.out:✓ Cell line completed in 9035.0 seconds
deg_analysis.33067294_8.out:
deg_analysis.33067294_8.out:DE analysis completed!
deg_analysis.33067294_8.out:
deg_analysis.33067294_8.out:Total runtime: 9061.5 seconds
deg_analysis.33067295_9.out:
deg_analysis.33067295_9.out:DE analysis started...
deg_analysis.33067295_9.out:Loaded input file:  ./data/tahoe/pseudobulk_processed/group_rep/by_celltype/CVCL_0293/CVCL_0293_processed.h5ad
deg_analysis.33067295_9.out:Initial dimensions:  1342  samples ×  61483  genes
deg_analysis.33067295_9.out:Filter samples with the low number of cells
deg_analysis.33067295_9.out:    Filter threshold (min_cells):  10
deg_analysis.33067295_9.out:    n_obs:  1342 -->  1335
deg_analysis.33067295_9.out:
deg_analysis.33067295_9.out:▶︎ Processing cell_type:  CVCL_0293
deg_analysis.33067295_9.out:    Filter controls by  pert_time_h  column
deg_analysis.33067295_9.out:        n_obs:  1335 -->  1335
deg_analysis.33067295_9.out:
deg_analysis.33067295_9.out:    Constructing design matrix...
deg_analysis.33067295_9.out:    Design matrix is constructed in 0.0 seconds
deg_analysis.33067295_9.out:    Design matrix dimensions: 1335 samples × 1150 coefficients
deg_analysis.33067295_9.out:    Filtering genes and normalizing counts...
deg_analysis.33067295_9.out:    Genes are filtered and normalized in 30.6 seconds
deg_analysis.33067295_9.out:    Running voom...
deg_analysis.33067295_9.out:    Voom is completed in 60.6 seconds
deg_analysis.33067295_9.out:    Running lmFit...
deg_analysis.33067295_9.out:    LmFit is completed in 8958.5 seconds
deg_analysis.33067295_9.out:DGE fit is completed in 9055.5 seconds
deg_analysis.33067295_9.out:    Running contrasts...
deg_analysis.33067295_9.out:    Running contrast 1/1136
deg_analysis.33067295_9.out:    Running contrast 51/1136
deg_analysis.33067295_9.out:    Running contrast 101/1136
deg_analysis.33067295_9.out:    Running contrast 151/1136
deg_analysis.33067295_9.out:    Running contrast 201/1136
deg_analysis.33067295_9.out:    Running contrast 251/1136
deg_analysis.33067295_9.out:    Running contrast 301/1136
deg_analysis.33067295_9.out:    Running contrast 351/1136
deg_analysis.33067295_9.out:    Running contrast 401/1136
deg_analysis.33067295_9.out:    Running contrast 451/1136
deg_analysis.33067295_9.out:    Running contrast 501/1136
deg_analysis.33067295_9.out:    Running contrast 551/1136
deg_analysis.33067295_9.out:    Running contrast 601/1136
deg_analysis.33067295_9.out:    Running contrast 651/1136
deg_analysis.33067295_9.out:    Running contrast 701/1136
deg_analysis.33067295_9.out:    Running contrast 751/1136
deg_analysis.33067295_9.out:    Running contrast 801/1136
deg_analysis.33067295_9.out:    Running contrast 851/1136
deg_analysis.33067295_9.out:    Running contrast 901/1136
deg_analysis.33067295_9.out:    Running contrast 951/1136
deg_analysis.33067295_9.out:    Running contrast 1001/1136
deg_analysis.33067295_9.out:    Running contrast 1051/1136
deg_analysis.33067295_9.out:    Running contrast 1101/1136
deg_analysis.33067295_9.out:    Running contrast 1136/1136
deg_analysis.33067295_9.out:Contrasts are completed in 763.6 seconds
deg_analysis.33067295_9.out:
deg_analysis.33067295_9.out:    Writing:  ./data/tahoe/deg_data/group_rep/full/qc_false/filter_min_cells_10/intermediate/CVCL_0293/CVCL_0293_de.h5ad
deg_analysis.33067295_9.out:
deg_analysis.33067295_9.out:    Rewriting h5ad file: ./data/tahoe/deg_data/group_rep/full/qc_false/filter_min_cells_10/intermediate/CVCL_0293/CVCL_0293_de.h5ad
deg_analysis.33067295_9.out:    Removed X matrix
deg_analysis.33067295_9.out:    Rewriting h5ad file is done!
deg_analysis.33067295_9.out:✓ Cell line completed in 10068.8 seconds
deg_analysis.33067295_9.out:
deg_analysis.33067295_9.out:DE analysis completed!
deg_analysis.33067295_9.out:
deg_analysis.33067295_9.out:Total runtime: 10096.0 seconds
deg_analysis.33067298_10.out:
deg_analysis.33067298_10.out:DE analysis started...
deg_analysis.33067298_10.out:Loaded input file:  ./data/tahoe/pseudobulk_processed/group_rep/by_celltype/CVCL_0320/CVCL_0320_processed.h5ad
deg_analysis.33067298_10.out:Initial dimensions:  1342  samples ×  61483  genes
deg_analysis.33067298_10.out:Filter samples with the low number of cells
deg_analysis.33067298_10.out:    Filter threshold (min_cells):  10
deg_analysis.33067298_10.out:    n_obs:  1342 -->  1335
deg_analysis.33067298_10.out:
deg_analysis.33067298_10.out:▶︎ Processing cell_type:  CVCL_0320
deg_analysis.33067298_10.out:    Filter controls by  pert_time_h  column
deg_analysis.33067298_10.out:        n_obs:  1335 -->  1335
deg_analysis.33067298_10.out:
deg_analysis.33067298_10.out:    Constructing design matrix...
deg_analysis.33067298_10.out:    Design matrix is constructed in 0.0 seconds
deg_analysis.33067298_10.out:    Design matrix dimensions: 1335 samples × 1149 coefficients
deg_analysis.33067298_10.out:    Filtering genes and normalizing counts...
deg_analysis.33067298_10.out:    Genes are filtered and normalized in 28.1 seconds
deg_analysis.33067298_10.out:    Running voom...
deg_analysis.33067298_10.out:    Voom is completed in 54.4 seconds
deg_analysis.33067298_10.out:    Running lmFit...
deg_analysis.33067298_10.out:    LmFit is completed in 8070.3 seconds
deg_analysis.33067298_10.out:DGE fit is completed in 8158.4 seconds
deg_analysis.33067298_10.out:    Running contrasts...
deg_analysis.33067298_10.out:    Running contrast 1/1135
deg_analysis.33067298_10.out:    Running contrast 51/1135
deg_analysis.33067298_10.out:    Running contrast 101/1135
deg_analysis.33067298_10.out:    Running contrast 151/1135
deg_analysis.33067298_10.out:    Running contrast 201/1135
deg_analysis.33067298_10.out:    Running contrast 251/1135
deg_analysis.33067298_10.out:    Running contrast 301/1135
deg_analysis.33067298_10.out:    Running contrast 351/1135
deg_analysis.33067298_10.out:    Running contrast 401/1135
deg_analysis.33067298_10.out:    Running contrast 451/1135
deg_analysis.33067298_10.out:    Running contrast 501/1135
deg_analysis.33067298_10.out:    Running contrast 551/1135
deg_analysis.33067298_10.out:    Running contrast 601/1135
deg_analysis.33067298_10.out:    Running contrast 651/1135
deg_analysis.33067298_10.out:    Running contrast 701/1135
deg_analysis.33067298_10.out:    Running contrast 751/1135
deg_analysis.33067298_10.out:    Running contrast 801/1135
deg_analysis.33067298_10.out:    Running contrast 851/1135
deg_analysis.33067298_10.out:    Running contrast 901/1135
deg_analysis.33067298_10.out:    Running contrast 951/1135
deg_analysis.33067298_10.out:    Running contrast 1001/1135
deg_analysis.33067298_10.out:    Running contrast 1051/1135
deg_analysis.33067298_10.out:    Running contrast 1101/1135
deg_analysis.33067298_10.out:    Running contrast 1135/1135
deg_analysis.33067298_10.out:Contrasts are completed in 700.7 seconds
deg_analysis.33067298_10.out:
deg_analysis.33067298_10.out:    Writing:  ./data/tahoe/deg_data/group_rep/full/qc_false/filter_min_cells_10/intermediate/CVCL_0320/CVCL_0320_de.h5ad
deg_analysis.33067298_10.out:
deg_analysis.33067298_10.out:    Rewriting h5ad file: ./data/tahoe/deg_data/group_rep/full/qc_false/filter_min_cells_10/intermediate/CVCL_0320/CVCL_0320_de.h5ad
deg_analysis.33067298_10.out:    Removed X matrix
deg_analysis.33067298_10.out:    Rewriting h5ad file is done!
deg_analysis.33067298_10.out:✓ Cell line completed in 9073.7 seconds
deg_analysis.33067298_10.out:
deg_analysis.33067298_10.out:DE analysis completed!
deg_analysis.33067298_10.out:
deg_analysis.33067298_10.out:Total runtime: 9081.8 seconds
deg_analysis.33067299_11.out:
deg_analysis.33067299_11.out:DE analysis started...
deg_analysis.33067299_11.out:Loaded input file:  ./data/tahoe/pseudobulk_processed/group_rep/by_celltype/CVCL_0332/CVCL_0332_processed.h5ad
deg_analysis.33067299_11.out:Initial dimensions:  1342  samples ×  61483  genes
deg_analysis.33067299_11.out:Filter samples with the low number of cells
deg_analysis.33067299_11.out:    Filter threshold (min_cells):  10
deg_analysis.33067299_11.out:    n_obs:  1342 -->  1333
deg_analysis.33067299_11.out:
deg_analysis.33067299_11.out:▶︎ Processing cell_type:  CVCL_0332
deg_analysis.33067299_11.out:    Filter controls by  pert_time_h  column
deg_analysis.33067299_11.out:        n_obs:  1333 -->  1333
deg_analysis.33067299_11.out:
deg_analysis.33067299_11.out:    Constructing design matrix...
deg_analysis.33067299_11.out:    Design matrix is constructed in 0.0 seconds
deg_analysis.33067299_11.out:    Design matrix dimensions: 1333 samples × 1149 coefficients
deg_analysis.33067299_11.out:    Filtering genes and normalizing counts...
deg_analysis.33067299_11.out:    Genes are filtered and normalized in 27.6 seconds
deg_analysis.33067299_11.out:    Running voom...
deg_analysis.33067299_11.out:    Voom is completed in 51.0 seconds
deg_analysis.33067299_11.out:    Running lmFit...
deg_analysis.33067299_11.out:    LmFit is completed in 7985.2 seconds
deg_analysis.33067299_11.out:DGE fit is completed in 8069.5 seconds
deg_analysis.33067299_11.out:    Running contrasts...
deg_analysis.33067299_11.out:    Running contrast 1/1135
deg_analysis.33067299_11.out:    Running contrast 51/1135
deg_analysis.33067299_11.out:    Running contrast 101/1135
deg_analysis.33067299_11.out:    Running contrast 151/1135
deg_analysis.33067299_11.out:    Running contrast 201/1135
deg_analysis.33067299_11.out:    Running contrast 251/1135
deg_analysis.33067299_11.out:    Running contrast 301/1135
deg_analysis.33067299_11.out:    Running contrast 351/1135
deg_analysis.33067299_11.out:    Running contrast 401/1135
deg_analysis.33067299_11.out:    Running contrast 451/1135
deg_analysis.33067299_11.out:    Running contrast 501/1135
deg_analysis.33067299_11.out:    Running contrast 551/1135
deg_analysis.33067299_11.out:    Running contrast 601/1135
deg_analysis.33067299_11.out:    Running contrast 651/1135
deg_analysis.33067299_11.out:    Running contrast 701/1135
deg_analysis.33067299_11.out:    Running contrast 751/1135
deg_analysis.33067299_11.out:    Running contrast 801/1135
deg_analysis.33067299_11.out:    Running contrast 851/1135
deg_analysis.33067299_11.out:    Running contrast 901/1135
deg_analysis.33067299_11.out:    Running contrast 951/1135
deg_analysis.33067299_11.out:    Running contrast 1001/1135
deg_analysis.33067299_11.out:    Running contrast 1051/1135
deg_analysis.33067299_11.out:    Running contrast 1101/1135
deg_analysis.33067299_11.out:    Running contrast 1135/1135
deg_analysis.33067299_11.out:Contrasts are completed in 700.8 seconds
deg_analysis.33067299_11.out:
deg_analysis.33067299_11.out:    Writing:  ./data/tahoe/deg_data/group_rep/full/qc_false/filter_min_cells_10/intermediate/CVCL_0332/CVCL_0332_de.h5ad
deg_analysis.33067299_11.out:
deg_analysis.33067299_11.out:    Rewriting h5ad file: ./data/tahoe/deg_data/group_rep/full/qc_false/filter_min_cells_10/intermediate/CVCL_0332/CVCL_0332_de.h5ad
deg_analysis.33067299_11.out:    Removed X matrix
deg_analysis.33067299_11.out:    Rewriting h5ad file is done!
deg_analysis.33067299_11.out:✓ Cell line completed in 8985.1 seconds
deg_analysis.33067299_11.out:
deg_analysis.33067299_11.out:DE analysis completed!
deg_analysis.33067299_11.out:
deg_analysis.33067299_11.out:Total runtime: 8993.3 seconds
deg_analysis.33067300_12.out:
deg_analysis.33067300_12.out:DE analysis started...
deg_analysis.33067300_12.out:Loaded input file:  ./data/tahoe/pseudobulk_processed/group_rep/by_celltype/CVCL_0334/CVCL_0334_processed.h5ad
deg_analysis.33067300_12.out:Initial dimensions:  1340  samples ×  61483  genes
deg_analysis.33067300_12.out:Filter samples with the low number of cells
deg_analysis.33067300_12.out:    Filter threshold (min_cells):  10
deg_analysis.33067300_12.out:    n_obs:  1340 -->  1331
deg_analysis.33067300_12.out:
deg_analysis.33067300_12.out:▶︎ Processing cell_type:  CVCL_0334
deg_analysis.33067300_12.out:    Filter controls by  pert_time_h  column
deg_analysis.33067300_12.out:        n_obs:  1331 -->  1331
deg_analysis.33067300_12.out:
deg_analysis.33067300_12.out:    Constructing design matrix...
deg_analysis.33067300_12.out:    Design matrix is constructed in 0.0 seconds
deg_analysis.33067300_12.out:    Design matrix dimensions: 1331 samples × 1147 coefficients
deg_analysis.33067300_12.out:    Filtering genes and normalizing counts...
deg_analysis.33067300_12.out:    Genes are filtered and normalized in 31.8 seconds
deg_analysis.33067300_12.out:    Running voom...
deg_analysis.33067300_12.out:    Voom is completed in 70.6 seconds
deg_analysis.33067300_12.out:    Running lmFit...
deg_analysis.33067300_12.out:    LmFit is completed in 10508.8 seconds
deg_analysis.33067300_12.out:DGE fit is completed in 10617.8 seconds
deg_analysis.33067300_12.out:    Running contrasts...
deg_analysis.33067300_12.out:    Running contrast 1/1133
deg_analysis.33067300_12.out:    Running contrast 51/1133
deg_analysis.33067300_12.out:    Running contrast 101/1133
deg_analysis.33067300_12.out:    Running contrast 151/1133
deg_analysis.33067300_12.out:    Running contrast 201/1133
deg_analysis.33067300_12.out:    Running contrast 251/1133
deg_analysis.33067300_12.out:    Running contrast 301/1133
deg_analysis.33067300_12.out:    Running contrast 351/1133
deg_analysis.33067300_12.out:    Running contrast 401/1133
deg_analysis.33067300_12.out:    Running contrast 451/1133
deg_analysis.33067300_12.out:    Running contrast 501/1133
deg_analysis.33067300_12.out:    Running contrast 551/1133
deg_analysis.33067300_12.out:    Running contrast 601/1133
deg_analysis.33067300_12.out:    Running contrast 651/1133
deg_analysis.33067300_12.out:    Running contrast 701/1133
deg_analysis.33067300_12.out:    Running contrast 751/1133
deg_analysis.33067300_12.out:    Running contrast 801/1133
deg_analysis.33067300_12.out:    Running contrast 851/1133
deg_analysis.33067300_12.out:    Running contrast 901/1133
deg_analysis.33067300_12.out:    Running contrast 951/1133
deg_analysis.33067300_12.out:    Running contrast 1001/1133
deg_analysis.33067300_12.out:    Running contrast 1051/1133
deg_analysis.33067300_12.out:    Running contrast 1101/1133
deg_analysis.33067300_12.out:    Running contrast 1133/1133
deg_analysis.33067300_12.out:Contrasts are completed in 829.2 seconds
deg_analysis.33067300_12.out:
deg_analysis.33067300_12.out:    Writing:  ./data/tahoe/deg_data/group_rep/full/qc_false/filter_min_cells_10/intermediate/CVCL_0334/CVCL_0334_de.h5ad
deg_analysis.33067300_12.out:
deg_analysis.33067300_12.out:    Rewriting h5ad file: ./data/tahoe/deg_data/group_rep/full/qc_false/filter_min_cells_10/intermediate/CVCL_0334/CVCL_0334_de.h5ad
deg_analysis.33067300_12.out:    Removed X matrix
deg_analysis.33067300_12.out:    Rewriting h5ad file is done!
deg_analysis.33067300_12.out:✓ Cell line completed in 11704.5 seconds
deg_analysis.33067300_12.out:
deg_analysis.33067300_12.out:DE analysis completed!
deg_analysis.33067300_12.out:
deg_analysis.33067300_12.out:Total runtime: 11716.4 seconds
deg_analysis.33067301_13.out:
deg_analysis.33067301_13.out:DE analysis started...
deg_analysis.33067301_13.out:Loaded input file:  ./data/tahoe/pseudobulk_processed/group_rep/by_celltype/CVCL_0359/CVCL_0359_processed.h5ad
deg_analysis.33067301_13.out:Initial dimensions:  1342  samples ×  61483  genes
deg_analysis.33067301_13.out:Filter samples with the low number of cells
deg_analysis.33067301_13.out:    Filter threshold (min_cells):  10
deg_analysis.33067301_13.out:    n_obs:  1342 -->  1333
deg_analysis.33067301_13.out:
deg_analysis.33067301_13.out:▶︎ Processing cell_type:  CVCL_0359
deg_analysis.33067301_13.out:    Filter controls by  pert_time_h  column
deg_analysis.33067301_13.out:        n_obs:  1333 -->  1333
deg_analysis.33067301_13.out:
deg_analysis.33067301_13.out:    Constructing design matrix...
deg_analysis.33067301_13.out:    Design matrix is constructed in 0.0 seconds
deg_analysis.33067301_13.out:    Design matrix dimensions: 1333 samples × 1149 coefficients
deg_analysis.33067301_13.out:    Filtering genes and normalizing counts...
deg_analysis.33067301_13.out:    Genes are filtered and normalized in 29.4 seconds
deg_analysis.33067301_13.out:    Running voom...
deg_analysis.33067301_13.out:    Voom is completed in 77.2 seconds
deg_analysis.33067301_13.out:    Running lmFit...
deg_analysis.33067301_13.out:    LmFit is completed in 11407.3 seconds
deg_analysis.33067301_13.out:DGE fit is completed in 11520.8 seconds
deg_analysis.33067301_13.out:    Running contrasts...
deg_analysis.33067301_13.out:    Running contrast 1/1135
deg_analysis.33067301_13.out:    Running contrast 51/1135
deg_analysis.33067301_13.out:    Running contrast 101/1135
deg_analysis.33067301_13.out:    Running contrast 151/1135
deg_analysis.33067301_13.out:    Running contrast 201/1135
deg_analysis.33067301_13.out:    Running contrast 251/1135
deg_analysis.33067301_13.out:    Running contrast 301/1135
deg_analysis.33067301_13.out:    Running contrast 351/1135
deg_analysis.33067301_13.out:    Running contrast 401/1135
deg_analysis.33067301_13.out:    Running contrast 451/1135
deg_analysis.33067301_13.out:    Running contrast 501/1135
deg_analysis.33067301_13.out:    Running contrast 551/1135
deg_analysis.33067301_13.out:    Running contrast 601/1135
deg_analysis.33067301_13.out:    Running contrast 651/1135
deg_analysis.33067301_13.out:    Running contrast 701/1135
deg_analysis.33067301_13.out:    Running contrast 751/1135
deg_analysis.33067301_13.out:    Running contrast 801/1135
deg_analysis.33067301_13.out:    Running contrast 851/1135
deg_analysis.33067301_13.out:    Running contrast 901/1135
deg_analysis.33067301_13.out:    Running contrast 951/1135
deg_analysis.33067301_13.out:    Running contrast 1001/1135
deg_analysis.33067301_13.out:    Running contrast 1051/1135
deg_analysis.33067301_13.out:    Running contrast 1101/1135
deg_analysis.33067301_13.out:    Running contrast 1135/1135
deg_analysis.33067301_13.out:Contrasts are completed in 809.8 seconds
deg_analysis.33067301_13.out:
deg_analysis.33067301_13.out:    Writing:  ./data/tahoe/deg_data/group_rep/full/qc_false/filter_min_cells_10/intermediate/CVCL_0359/CVCL_0359_de.h5ad
deg_analysis.33067301_13.out:
deg_analysis.33067301_13.out:    Rewriting h5ad file: ./data/tahoe/deg_data/group_rep/full/qc_false/filter_min_cells_10/intermediate/CVCL_0359/CVCL_0359_de.h5ad
deg_analysis.33067301_13.out:    Removed X matrix
deg_analysis.33067301_13.out:    Rewriting h5ad file is done!
deg_analysis.33067301_13.out:✓ Cell line completed in 12567.3 seconds
deg_analysis.33067301_13.out:
deg_analysis.33067301_13.out:DE analysis completed!
deg_analysis.33067301_13.out:
deg_analysis.33067301_13.out:Total runtime: 12579.3 seconds
deg_analysis.33067302_14.out:
deg_analysis.33067302_14.out:DE analysis started...
deg_analysis.33067302_14.out:Loaded input file:  ./data/tahoe/pseudobulk_processed/group_rep/by_celltype/CVCL_0366/CVCL_0366_processed.h5ad
deg_analysis.33067302_14.out:Initial dimensions:  1344  samples ×  61483  genes
deg_analysis.33067302_14.out:Filter samples with the low number of cells
deg_analysis.33067302_14.out:    Filter threshold (min_cells):  10
deg_analysis.33067302_14.out:    n_obs:  1344 -->  1333
deg_analysis.33067302_14.out:
deg_analysis.33067302_14.out:▶︎ Processing cell_type:  CVCL_0366
deg_analysis.33067302_14.out:    Filter controls by  pert_time_h  column
deg_analysis.33067302_14.out:        n_obs:  1333 -->  1333
deg_analysis.33067302_14.out:
deg_analysis.33067302_14.out:    Constructing design matrix...
deg_analysis.33067302_14.out:    Design matrix is constructed in 0.0 seconds
deg_analysis.33067302_14.out:    Design matrix dimensions: 1333 samples × 1147 coefficients
deg_analysis.33067302_14.out:    Filtering genes and normalizing counts...
deg_analysis.33067302_14.out:    Genes are filtered and normalized in 27.7 seconds
deg_analysis.33067302_14.out:    Running voom...
deg_analysis.33067302_14.out:    Voom is completed in 71.9 seconds
deg_analysis.33067302_14.out:    Running lmFit...
deg_analysis.33067302_14.out:    LmFit is completed in 10667.4 seconds
deg_analysis.33067302_14.out:DGE fit is completed in 10773.6 seconds
deg_analysis.33067302_14.out:    Running contrasts...
deg_analysis.33067302_14.out:    Running contrast 1/1133
deg_analysis.33067302_14.out:    Running contrast 51/1133
deg_analysis.33067302_14.out:    Running contrast 101/1133
deg_analysis.33067302_14.out:    Running contrast 151/1133
deg_analysis.33067302_14.out:    Running contrast 201/1133
deg_analysis.33067302_14.out:    Running contrast 251/1133
deg_analysis.33067302_14.out:    Running contrast 301/1133
deg_analysis.33067302_14.out:    Running contrast 351/1133
deg_analysis.33067302_14.out:    Running contrast 401/1133
deg_analysis.33067302_14.out:    Running contrast 451/1133
deg_analysis.33067302_14.out:    Running contrast 501/1133
deg_analysis.33067302_14.out:    Running contrast 551/1133
deg_analysis.33067302_14.out:    Running contrast 601/1133
deg_analysis.33067302_14.out:    Running contrast 651/1133
deg_analysis.33067302_14.out:    Running contrast 701/1133
deg_analysis.33067302_14.out:    Running contrast 751/1133
deg_analysis.33067302_14.out:    Running contrast 801/1133
deg_analysis.33067302_14.out:    Running contrast 851/1133
deg_analysis.33067302_14.out:    Running contrast 901/1133
deg_analysis.33067302_14.out:    Running contrast 951/1133
deg_analysis.33067302_14.out:    Running contrast 1001/1133
deg_analysis.33067302_14.out:    Running contrast 1051/1133
deg_analysis.33067302_14.out:    Running contrast 1101/1133
deg_analysis.33067302_14.out:    Running contrast 1133/1133
deg_analysis.33067302_14.out:Contrasts are completed in 777.0 seconds
deg_analysis.33067302_14.out:
deg_analysis.33067302_14.out:    Writing:  ./data/tahoe/deg_data/group_rep/full/qc_false/filter_min_cells_10/intermediate/CVCL_0366/CVCL_0366_de.h5ad
deg_analysis.33067302_14.out:
deg_analysis.33067302_14.out:    Rewriting h5ad file: ./data/tahoe/deg_data/group_rep/full/qc_false/filter_min_cells_10/intermediate/CVCL_0366/CVCL_0366_de.h5ad
deg_analysis.33067302_14.out:    Removed X matrix
deg_analysis.33067302_14.out:    Rewriting h5ad file is done!
deg_analysis.33067302_14.out:✓ Cell line completed in 11770.8 seconds
deg_analysis.33067302_14.out:
deg_analysis.33067302_14.out:DE analysis completed!
deg_analysis.33067302_14.out:
deg_analysis.33067302_14.out:Total runtime: 11782.6 seconds
deg_analysis.33067303_15.out:
deg_analysis.33067303_15.out:DE analysis started...
deg_analysis.33067303_15.out:Loaded input file:  ./data/tahoe/pseudobulk_processed/group_rep/by_celltype/CVCL_0371/CVCL_0371_processed.h5ad
deg_analysis.33067303_15.out:Initial dimensions:  1340  samples ×  61483  genes
deg_analysis.33067303_15.out:Filter samples with the low number of cells
deg_analysis.33067303_15.out:    Filter threshold (min_cells):  10
deg_analysis.33067303_15.out:    n_obs:  1340 -->  1335
deg_analysis.33067303_15.out:
deg_analysis.33067303_15.out:▶︎ Processing cell_type:  CVCL_0371
deg_analysis.33067303_15.out:    Filter controls by  pert_time_h  column
deg_analysis.33067303_15.out:        n_obs:  1335 -->  1335
deg_analysis.33067303_15.out:
deg_analysis.33067303_15.out:    Constructing design matrix...
deg_analysis.33067303_15.out:    Design matrix is constructed in 0.0 seconds
deg_analysis.33067303_15.out:    Design matrix dimensions: 1335 samples × 1149 coefficients
deg_analysis.33067303_15.out:    Filtering genes and normalizing counts...
deg_analysis.33067303_15.out:    Genes are filtered and normalized in 29.7 seconds
deg_analysis.33067303_15.out:    Running voom...
deg_analysis.33067303_15.out:    Voom is completed in 80.6 seconds
deg_analysis.33067303_15.out:    Running lmFit...
deg_analysis.33067303_15.out:    LmFit is completed in 11475.4 seconds
deg_analysis.33067303_15.out:DGE fit is completed in 11592.4 seconds
deg_analysis.33067303_15.out:    Running contrasts...
deg_analysis.33067303_15.out:    Running contrast 1/1135
deg_analysis.33067303_15.out:    Running contrast 51/1135
deg_analysis.33067303_15.out:    Running contrast 101/1135
deg_analysis.33067303_15.out:    Running contrast 151/1135
deg_analysis.33067303_15.out:    Running contrast 201/1135
deg_analysis.33067303_15.out:    Running contrast 251/1135
deg_analysis.33067303_15.out:    Running contrast 301/1135
deg_analysis.33067303_15.out:    Running contrast 351/1135
deg_analysis.33067303_15.out:    Running contrast 401/1135
deg_analysis.33067303_15.out:    Running contrast 451/1135
deg_analysis.33067303_15.out:    Running contrast 501/1135
deg_analysis.33067303_15.out:    Running contrast 551/1135
deg_analysis.33067303_15.out:    Running contrast 601/1135
deg_analysis.33067303_15.out:    Running contrast 651/1135
deg_analysis.33067303_15.out:    Running contrast 701/1135
deg_analysis.33067303_15.out:    Running contrast 751/1135
deg_analysis.33067303_15.out:    Running contrast 801/1135
deg_analysis.33067303_15.out:    Running contrast 851/1135
deg_analysis.33067303_15.out:    Running contrast 901/1135
deg_analysis.33067303_15.out:    Running contrast 951/1135
deg_analysis.33067303_15.out:    Running contrast 1001/1135
deg_analysis.33067303_15.out:    Running contrast 1051/1135
deg_analysis.33067303_15.out:    Running contrast 1101/1135
deg_analysis.33067303_15.out:    Running contrast 1135/1135
deg_analysis.33067303_15.out:Contrasts are completed in 809.0 seconds
deg_analysis.33067303_15.out:
deg_analysis.33067303_15.out:    Writing:  ./data/tahoe/deg_data/group_rep/full/qc_false/filter_min_cells_10/intermediate/CVCL_0371/CVCL_0371_de.h5ad
deg_analysis.33067303_15.out:
deg_analysis.33067303_15.out:    Rewriting h5ad file: ./data/tahoe/deg_data/group_rep/full/qc_false/filter_min_cells_10/intermediate/CVCL_0371/CVCL_0371_de.h5ad
deg_analysis.33067303_15.out:    Removed X matrix
deg_analysis.33067303_15.out:    Rewriting h5ad file is done!
deg_analysis.33067303_15.out:✓ Cell line completed in 12636.8 seconds
deg_analysis.33067303_15.out:
deg_analysis.33067303_15.out:DE analysis completed!
deg_analysis.33067303_15.out:
deg_analysis.33067303_15.out:Total runtime: 12648.8 seconds
deg_analysis.33067304_16.out:
deg_analysis.33067304_16.out:DE analysis started...
deg_analysis.33067304_16.out:Loaded input file:  ./data/tahoe/pseudobulk_processed/group_rep/by_celltype/CVCL_0397/CVCL_0397_processed.h5ad
deg_analysis.33067304_16.out:Initial dimensions:  1342  samples ×  61483  genes
deg_analysis.33067304_16.out:Filter samples with the low number of cells
deg_analysis.33067304_16.out:    Filter threshold (min_cells):  10
deg_analysis.33067304_16.out:    n_obs:  1342 -->  1334
deg_analysis.33067304_16.out:
deg_analysis.33067304_16.out:▶︎ Processing cell_type:  CVCL_0397
deg_analysis.33067304_16.out:    Filter controls by  pert_time_h  column
deg_analysis.33067304_16.out:        n_obs:  1334 -->  1334
deg_analysis.33067304_16.out:
deg_analysis.33067304_16.out:    Constructing design matrix...
deg_analysis.33067304_16.out:    Design matrix is constructed in 0.0 seconds
deg_analysis.33067304_16.out:    Design matrix dimensions: 1334 samples × 1149 coefficients
deg_analysis.33067304_16.out:    Filtering genes and normalizing counts...
deg_analysis.33067304_16.out:    Genes are filtered and normalized in 29.2 seconds
deg_analysis.33067304_16.out:    Running voom...
deg_analysis.33067304_16.out:    Voom is completed in 78.4 seconds
deg_analysis.33067304_16.out:    Running lmFit...
deg_analysis.33067304_16.out:    LmFit is completed in 11257.8 seconds
deg_analysis.33067304_16.out:DGE fit is completed in 11372.0 seconds
deg_analysis.33067304_16.out:    Running contrasts...
deg_analysis.33067304_16.out:    Running contrast 1/1135
deg_analysis.33067304_16.out:    Running contrast 51/1135
deg_analysis.33067304_16.out:    Running contrast 101/1135
deg_analysis.33067304_16.out:    Running contrast 151/1135
deg_analysis.33067304_16.out:    Running contrast 201/1135
deg_analysis.33067304_16.out:    Running contrast 251/1135
deg_analysis.33067304_16.out:    Running contrast 301/1135
deg_analysis.33067304_16.out:    Running contrast 351/1135
deg_analysis.33067304_16.out:    Running contrast 401/1135
deg_analysis.33067304_16.out:    Running contrast 451/1135
deg_analysis.33067304_16.out:    Running contrast 501/1135
deg_analysis.33067304_16.out:    Running contrast 551/1135
deg_analysis.33067304_16.out:    Running contrast 601/1135
deg_analysis.33067304_16.out:    Running contrast 651/1135
deg_analysis.33067304_16.out:    Running contrast 701/1135
deg_analysis.33067304_16.out:    Running contrast 751/1135
deg_analysis.33067304_16.out:    Running contrast 801/1135
deg_analysis.33067304_16.out:    Running contrast 851/1135
deg_analysis.33067304_16.out:    Running contrast 901/1135
deg_analysis.33067304_16.out:    Running contrast 951/1135
deg_analysis.33067304_16.out:    Running contrast 1001/1135
deg_analysis.33067304_16.out:    Running contrast 1051/1135
deg_analysis.33067304_16.out:    Running contrast 1101/1135
deg_analysis.33067304_16.out:    Running contrast 1135/1135
deg_analysis.33067304_16.out:Contrasts are completed in 808.2 seconds
deg_analysis.33067304_16.out:
deg_analysis.33067304_16.out:    Writing:  ./data/tahoe/deg_data/group_rep/full/qc_false/filter_min_cells_10/intermediate/CVCL_0397/CVCL_0397_de.h5ad
deg_analysis.33067304_16.out:
deg_analysis.33067304_16.out:    Rewriting h5ad file: ./data/tahoe/deg_data/group_rep/full/qc_false/filter_min_cells_10/intermediate/CVCL_0397/CVCL_0397_de.h5ad
deg_analysis.33067304_16.out:    Removed X matrix
deg_analysis.33067304_16.out:    Rewriting h5ad file is done!
deg_analysis.33067304_16.out:✓ Cell line completed in 12414.2 seconds
deg_analysis.33067304_16.out:
deg_analysis.33067304_16.out:DE analysis completed!
deg_analysis.33067304_16.out:
deg_analysis.33067304_16.out:Total runtime: 12426.3 seconds
deg_analysis.33067305_17.out:
deg_analysis.33067305_17.out:DE analysis started...
deg_analysis.33067305_17.out:Loaded input file:  ./data/tahoe/pseudobulk_processed/group_rep/by_celltype/CVCL_0399/CVCL_0399_processed.h5ad
deg_analysis.33067305_17.out:Initial dimensions:  1343  samples ×  61483  genes
deg_analysis.33067305_17.out:Filter samples with the low number of cells
deg_analysis.33067305_17.out:    Filter threshold (min_cells):  10
deg_analysis.33067305_17.out:    n_obs:  1343 -->  1336
deg_analysis.33067305_17.out:
deg_analysis.33067305_17.out:▶︎ Processing cell_type:  CVCL_0399
deg_analysis.33067305_17.out:    Filter controls by  pert_time_h  column
deg_analysis.33067305_17.out:        n_obs:  1336 -->  1336
deg_analysis.33067305_17.out:
deg_analysis.33067305_17.out:    Constructing design matrix...
deg_analysis.33067305_17.out:    Design matrix is constructed in 0.0 seconds
deg_analysis.33067305_17.out:    Design matrix dimensions: 1336 samples × 1150 coefficients
deg_analysis.33067305_17.out:    Filtering genes and normalizing counts...
deg_analysis.33067305_17.out:    Genes are filtered and normalized in 31.4 seconds
deg_analysis.33067305_17.out:    Running voom...
deg_analysis.33067305_17.out:    Voom is completed in 88.8 seconds
deg_analysis.33067305_17.out:    Running lmFit...
deg_analysis.33067305_17.out:    LmFit is completed in 12451.0 seconds
deg_analysis.33067305_17.out:DGE fit is completed in 12578.5 seconds
deg_analysis.33067305_17.out:    Running contrasts...
deg_analysis.33067305_17.out:    Running contrast 1/1136
deg_analysis.33067305_17.out:    Running contrast 51/1136
deg_analysis.33067305_17.out:    Running contrast 101/1136
deg_analysis.33067305_17.out:    Running contrast 151/1136
deg_analysis.33067305_17.out:    Running contrast 201/1136
deg_analysis.33067305_17.out:    Running contrast 251/1136
deg_analysis.33067305_17.out:    Running contrast 301/1136
deg_analysis.33067305_17.out:    Running contrast 351/1136
deg_analysis.33067305_17.out:    Running contrast 401/1136
deg_analysis.33067305_17.out:    Running contrast 451/1136
deg_analysis.33067305_17.out:    Running contrast 501/1136
deg_analysis.33067305_17.out:    Running contrast 551/1136
deg_analysis.33067305_17.out:    Running contrast 601/1136
deg_analysis.33067305_17.out:    Running contrast 651/1136
deg_analysis.33067305_17.out:    Running contrast 701/1136
deg_analysis.33067305_17.out:    Running contrast 751/1136
deg_analysis.33067305_17.out:    Running contrast 801/1136
deg_analysis.33067305_17.out:    Running contrast 851/1136
deg_analysis.33067305_17.out:    Running contrast 901/1136
deg_analysis.33067305_17.out:    Running contrast 951/1136
deg_analysis.33067305_17.out:    Running contrast 1001/1136
deg_analysis.33067305_17.out:    Running contrast 1051/1136
deg_analysis.33067305_17.out:    Running contrast 1101/1136
deg_analysis.33067305_17.out:    Running contrast 1136/1136
deg_analysis.33067305_17.out:Contrasts are completed in 807.0 seconds
deg_analysis.33067305_17.out:
deg_analysis.33067305_17.out:    Writing:  ./data/tahoe/deg_data/group_rep/full/qc_false/filter_min_cells_10/intermediate/CVCL_0399/CVCL_0399_de.h5ad
deg_analysis.33067305_17.out:
deg_analysis.33067305_17.out:    Rewriting h5ad file: ./data/tahoe/deg_data/group_rep/full/qc_false/filter_min_cells_10/intermediate/CVCL_0399/CVCL_0399_de.h5ad
deg_analysis.33067305_17.out:    Removed X matrix
deg_analysis.33067305_17.out:    Rewriting h5ad file is done!
deg_analysis.33067305_17.out:✓ Cell line completed in 13646.2 seconds
deg_analysis.33067305_17.out:
deg_analysis.33067305_17.out:DE analysis completed!
deg_analysis.33067305_17.out:
deg_analysis.33067305_17.out:Total runtime: 13658.6 seconds
deg_analysis.33067306_18.out:
deg_analysis.33067306_18.out:DE analysis started...
deg_analysis.33067306_18.out:Loaded input file:  ./data/tahoe/pseudobulk_processed/group_rep/by_celltype/CVCL_0428/CVCL_0428_processed.h5ad
deg_analysis.33067306_18.out:Initial dimensions:  1337  samples ×  61483  genes
deg_analysis.33067306_18.out:Filter samples with the low number of cells
deg_analysis.33067306_18.out:    Filter threshold (min_cells):  10
deg_analysis.33067306_18.out:    n_obs:  1337 -->  1330
deg_analysis.33067306_18.out:
deg_analysis.33067306_18.out:▶︎ Processing cell_type:  CVCL_0428
deg_analysis.33067306_18.out:    Filter controls by  pert_time_h  column
deg_analysis.33067306_18.out:        n_obs:  1330 -->  1330
deg_analysis.33067306_18.out:
deg_analysis.33067306_18.out:    Constructing design matrix...
deg_analysis.33067306_18.out:    Design matrix is constructed in 0.0 seconds
deg_analysis.33067306_18.out:    Design matrix dimensions: 1330 samples × 1147 coefficients
deg_analysis.33067306_18.out:    Filtering genes and normalizing counts...
deg_analysis.33067306_18.out:    Genes are filtered and normalized in 31.1 seconds
deg_analysis.33067306_18.out:    Running voom...
deg_analysis.33067306_18.out:    Voom is completed in 82.9 seconds
deg_analysis.33067306_18.out:    Running lmFit...
deg_analysis.33067306_18.out:    LmFit is completed in 12120.8 seconds
deg_analysis.33067306_18.out:DGE fit is completed in 12241.4 seconds
deg_analysis.33067306_18.out:    Running contrasts...
deg_analysis.33067306_18.out:    Running contrast 1/1133
deg_analysis.33067306_18.out:    Running contrast 51/1133
deg_analysis.33067306_18.out:    Running contrast 101/1133
deg_analysis.33067306_18.out:    Running contrast 151/1133
deg_analysis.33067306_18.out:    Running contrast 201/1133
deg_analysis.33067306_18.out:    Running contrast 251/1133
deg_analysis.33067306_18.out:    Running contrast 301/1133
deg_analysis.33067306_18.out:    Running contrast 351/1133
deg_analysis.33067306_18.out:    Running contrast 401/1133
deg_analysis.33067306_18.out:    Running contrast 451/1133
deg_analysis.33067306_18.out:    Running contrast 501/1133
deg_analysis.33067306_18.out:    Running contrast 551/1133
deg_analysis.33067306_18.out:    Running contrast 601/1133
deg_analysis.33067306_18.out:    Running contrast 651/1133
deg_analysis.33067306_18.out:    Running contrast 701/1133
deg_analysis.33067306_18.out:    Running contrast 751/1133
deg_analysis.33067306_18.out:    Running contrast 801/1133
deg_analysis.33067306_18.out:    Running contrast 851/1133
deg_analysis.33067306_18.out:    Running contrast 901/1133
deg_analysis.33067306_18.out:    Running contrast 951/1133
deg_analysis.33067306_18.out:    Running contrast 1001/1133
deg_analysis.33067306_18.out:    Running contrast 1051/1133
deg_analysis.33067306_18.out:    Running contrast 1101/1133
deg_analysis.33067306_18.out:    Running contrast 1133/1133
deg_analysis.33067306_18.out:Contrasts are completed in 797.8 seconds
deg_analysis.33067306_18.out:
deg_analysis.33067306_18.out:    Writing:  ./data/tahoe/deg_data/group_rep/full/qc_false/filter_min_cells_10/intermediate/CVCL_0428/CVCL_0428_de.h5ad
deg_analysis.33067306_18.out:
deg_analysis.33067306_18.out:    Rewriting h5ad file: ./data/tahoe/deg_data/group_rep/full/qc_false/filter_min_cells_10/intermediate/CVCL_0428/CVCL_0428_de.h5ad
deg_analysis.33067306_18.out:    Removed X matrix
deg_analysis.33067306_18.out:    Rewriting h5ad file is done!
deg_analysis.33067306_18.out:✓ Cell line completed in 13289.7 seconds
deg_analysis.33067306_18.out:
deg_analysis.33067306_18.out:DE analysis completed!
deg_analysis.33067306_18.out:
deg_analysis.33067306_18.out:Total runtime: 13301.6 seconds
deg_analysis.33067307_19.out:
deg_analysis.33067307_19.out:DE analysis started...
deg_analysis.33067307_19.out:Loaded input file:  ./data/tahoe/pseudobulk_processed/group_rep/by_celltype/CVCL_0459/CVCL_0459_processed.h5ad
deg_analysis.33067307_19.out:Initial dimensions:  1344  samples ×  61483  genes
deg_analysis.33067307_19.out:Filter samples with the low number of cells
deg_analysis.33067307_19.out:    Filter threshold (min_cells):  10
deg_analysis.33067307_19.out:    n_obs:  1344 -->  1342
deg_analysis.33067307_19.out:
deg_analysis.33067307_19.out:▶︎ Processing cell_type:  CVCL_0459
deg_analysis.33067307_19.out:    Filter controls by  pert_time_h  column
deg_analysis.33067307_19.out:        n_obs:  1342 -->  1342
deg_analysis.33067307_19.out:
deg_analysis.33067307_19.out:    Constructing design matrix...
deg_analysis.33067307_19.out:    Design matrix is constructed in 0.0 seconds
deg_analysis.33067307_19.out:    Design matrix dimensions: 1342 samples × 1151 coefficients
deg_analysis.33067307_19.out:    Filtering genes and normalizing counts...
deg_analysis.33067307_19.out:    Genes are filtered and normalized in 33.9 seconds
deg_analysis.33067307_19.out:    Running voom...
deg_analysis.33067307_19.out:    Voom is completed in 93.5 seconds
deg_analysis.33067307_19.out:    Running lmFit...
deg_analysis.33067307_19.out:    LmFit is completed in 13071.0 seconds
deg_analysis.33067307_19.out:DGE fit is completed in 13205.6 seconds
deg_analysis.33067307_19.out:    Running contrasts...
deg_analysis.33067307_19.out:    Running contrast 1/1137
deg_analysis.33067307_19.out:    Running contrast 51/1137
deg_analysis.33067307_19.out:    Running contrast 101/1137
deg_analysis.33067307_19.out:    Running contrast 151/1137
deg_analysis.33067307_19.out:    Running contrast 201/1137
deg_analysis.33067307_19.out:    Running contrast 251/1137
deg_analysis.33067307_19.out:    Running contrast 301/1137
deg_analysis.33067307_19.out:    Running contrast 351/1137
deg_analysis.33067307_19.out:    Running contrast 401/1137
deg_analysis.33067307_19.out:    Running contrast 451/1137
deg_analysis.33067307_19.out:    Running contrast 501/1137
deg_analysis.33067307_19.out:    Running contrast 551/1137
deg_analysis.33067307_19.out:    Running contrast 601/1137
deg_analysis.33067307_19.out:    Running contrast 651/1137
deg_analysis.33067307_19.out:    Running contrast 701/1137
deg_analysis.33067307_19.out:    Running contrast 751/1137
deg_analysis.33067307_19.out:    Running contrast 801/1137
deg_analysis.33067307_19.out:    Running contrast 851/1137
deg_analysis.33067307_19.out:    Running contrast 901/1137
deg_analysis.33067307_19.out:    Running contrast 951/1137
deg_analysis.33067307_19.out:    Running contrast 1001/1137
deg_analysis.33067307_19.out:    Running contrast 1051/1137
deg_analysis.33067307_19.out:    Running contrast 1101/1137
deg_analysis.33067307_19.out:    Running contrast 1137/1137
deg_analysis.33067307_19.out:Contrasts are completed in 805.6 seconds
deg_analysis.33067307_19.out:
deg_analysis.33067307_19.out:    Writing:  ./data/tahoe/deg_data/group_rep/full/qc_false/filter_min_cells_10/intermediate/CVCL_0459/CVCL_0459_de.h5ad
deg_analysis.33067307_19.out:
deg_analysis.33067307_19.out:    Rewriting h5ad file: ./data/tahoe/deg_data/group_rep/full/qc_false/filter_min_cells_10/intermediate/CVCL_0459/CVCL_0459_de.h5ad
deg_analysis.33067307_19.out:    Removed X matrix
deg_analysis.33067307_19.out:    Rewriting h5ad file is done!
deg_analysis.33067307_19.out:✓ Cell line completed in 14280.2 seconds
deg_analysis.33067307_19.out:
deg_analysis.33067307_19.out:DE analysis completed!
deg_analysis.33067307_19.out:
deg_analysis.33067307_19.out:Total runtime: 14292.8 seconds
deg_analysis.33067309_20.out:
deg_analysis.33067309_20.out:DE analysis started...
deg_analysis.33067309_20.out:Loaded input file:  ./data/tahoe/pseudobulk_processed/group_rep/by_celltype/CVCL_0480/CVCL_0480_processed.h5ad
deg_analysis.33067309_20.out:Initial dimensions:  1338  samples ×  61483  genes
deg_analysis.33067309_20.out:Filter samples with the low number of cells
deg_analysis.33067309_20.out:    Filter threshold (min_cells):  10
deg_analysis.33067309_20.out:    n_obs:  1338 -->  1334
deg_analysis.33067309_20.out:
deg_analysis.33067309_20.out:▶︎ Processing cell_type:  CVCL_0480
deg_analysis.33067309_20.out:    Filter controls by  pert_time_h  column
deg_analysis.33067309_20.out:        n_obs:  1334 -->  1334
deg_analysis.33067309_20.out:
deg_analysis.33067309_20.out:    Constructing design matrix...
deg_analysis.33067309_20.out:    Design matrix is constructed in 0.0 seconds
deg_analysis.33067309_20.out:    Design matrix dimensions: 1334 samples × 1149 coefficients
deg_analysis.33067309_20.out:    Filtering genes and normalizing counts...
deg_analysis.33067309_20.out:    Genes are filtered and normalized in 33.6 seconds
deg_analysis.33067309_20.out:    Running voom...
deg_analysis.33067309_20.out:    Voom is completed in 72.2 seconds
deg_analysis.33067309_20.out:    Running lmFit...
deg_analysis.33067309_20.out:    LmFit is completed in 10689.0 seconds
deg_analysis.33067309_20.out:DGE fit is completed in 10802.4 seconds
deg_analysis.33067309_20.out:    Running contrasts...
deg_analysis.33067309_20.out:    Running contrast 1/1135
deg_analysis.33067309_20.out:    Running contrast 51/1135
deg_analysis.33067309_20.out:    Running contrast 101/1135
deg_analysis.33067309_20.out:    Running contrast 151/1135
deg_analysis.33067309_20.out:    Running contrast 201/1135
deg_analysis.33067309_20.out:    Running contrast 251/1135
deg_analysis.33067309_20.out:    Running contrast 301/1135
deg_analysis.33067309_20.out:    Running contrast 351/1135
deg_analysis.33067309_20.out:    Running contrast 401/1135
deg_analysis.33067309_20.out:    Running contrast 451/1135
deg_analysis.33067309_20.out:    Running contrast 501/1135
deg_analysis.33067309_20.out:    Running contrast 551/1135
deg_analysis.33067309_20.out:    Running contrast 601/1135
deg_analysis.33067309_20.out:    Running contrast 651/1135
deg_analysis.33067309_20.out:    Running contrast 701/1135
deg_analysis.33067309_20.out:    Running contrast 751/1135
deg_analysis.33067309_20.out:    Running contrast 801/1135
deg_analysis.33067309_20.out:    Running contrast 851/1135
deg_analysis.33067309_20.out:    Running contrast 901/1135
deg_analysis.33067309_20.out:    Running contrast 951/1135
deg_analysis.33067309_20.out:    Running contrast 1001/1135
deg_analysis.33067309_20.out:    Running contrast 1051/1135
deg_analysis.33067309_20.out:    Running contrast 1101/1135
deg_analysis.33067309_20.out:    Running contrast 1135/1135
deg_analysis.33067309_20.out:Contrasts are completed in 847.9 seconds
deg_analysis.33067309_20.out:
deg_analysis.33067309_20.out:    Writing:  ./data/tahoe/deg_data/group_rep/full/qc_false/filter_min_cells_10/intermediate/CVCL_0480/CVCL_0480_de.h5ad
deg_analysis.33067309_20.out:
deg_analysis.33067309_20.out:    Rewriting h5ad file: ./data/tahoe/deg_data/group_rep/full/qc_false/filter_min_cells_10/intermediate/CVCL_0480/CVCL_0480_de.h5ad
deg_analysis.33067309_20.out:    Removed X matrix
deg_analysis.33067309_20.out:    Rewriting h5ad file is done!
deg_analysis.33067309_20.out:✓ Cell line completed in 11913.5 seconds
deg_analysis.33067309_20.out:
deg_analysis.33067309_20.out:DE analysis completed!
deg_analysis.33067309_20.out:
deg_analysis.33067309_20.out:Total runtime: 11923.5 seconds
deg_analysis.33067311_21.out:
deg_analysis.33067311_21.out:DE analysis started...
deg_analysis.33067311_21.out:Loaded input file:  ./data/tahoe/pseudobulk_processed/group_rep/by_celltype/CVCL_0504/CVCL_0504_processed.h5ad
deg_analysis.33067311_21.out:Initial dimensions:  1344  samples ×  61483  genes
deg_analysis.33067311_21.out:Filter samples with the low number of cells
deg_analysis.33067311_21.out:    Filter threshold (min_cells):  10
deg_analysis.33067311_21.out:    n_obs:  1344 -->  1334
deg_analysis.33067311_21.out:
deg_analysis.33067311_21.out:▶︎ Processing cell_type:  CVCL_0504
deg_analysis.33067311_21.out:    Filter controls by  pert_time_h  column
deg_analysis.33067311_21.out:        n_obs:  1334 -->  1334
deg_analysis.33067311_21.out:
deg_analysis.33067311_21.out:    Constructing design matrix...
deg_analysis.33067311_21.out:    Design matrix is constructed in 0.0 seconds
deg_analysis.33067311_21.out:    Design matrix dimensions: 1334 samples × 1149 coefficients
deg_analysis.33067311_21.out:    Filtering genes and normalizing counts...
deg_analysis.33067311_21.out:    Genes are filtered and normalized in 27.7 seconds
deg_analysis.33067311_21.out:    Running voom...
deg_analysis.33067311_21.out:    Voom is completed in 69.9 seconds
deg_analysis.33067311_21.out:    Running lmFit...
deg_analysis.33067311_21.out:    LmFit is completed in 9016.0 seconds
deg_analysis.33067311_21.out:DGE fit is completed in 9120.1 seconds
deg_analysis.33067311_21.out:    Running contrasts...
deg_analysis.33067311_21.out:    Running contrast 1/1135
deg_analysis.33067311_21.out:    Running contrast 51/1135
deg_analysis.33067311_21.out:    Running contrast 101/1135
deg_analysis.33067311_21.out:    Running contrast 151/1135
deg_analysis.33067311_21.out:    Running contrast 201/1135
deg_analysis.33067311_21.out:    Running contrast 251/1135
deg_analysis.33067311_21.out:    Running contrast 301/1135
deg_analysis.33067311_21.out:    Running contrast 351/1135
deg_analysis.33067311_21.out:    Running contrast 401/1135
deg_analysis.33067311_21.out:    Running contrast 451/1135
deg_analysis.33067311_21.out:    Running contrast 501/1135
deg_analysis.33067311_21.out:    Running contrast 551/1135
deg_analysis.33067311_21.out:    Running contrast 601/1135
deg_analysis.33067311_21.out:    Running contrast 651/1135
deg_analysis.33067311_21.out:    Running contrast 701/1135
deg_analysis.33067311_21.out:    Running contrast 751/1135
deg_analysis.33067311_21.out:    Running contrast 801/1135
deg_analysis.33067311_21.out:    Running contrast 851/1135
deg_analysis.33067311_21.out:    Running contrast 901/1135
deg_analysis.33067311_21.out:    Running contrast 951/1135
deg_analysis.33067311_21.out:    Running contrast 1001/1135
deg_analysis.33067311_21.out:    Running contrast 1051/1135
deg_analysis.33067311_21.out:    Running contrast 1101/1135
deg_analysis.33067311_21.out:    Running contrast 1135/1135
deg_analysis.33067311_21.out:Contrasts are completed in 775.6 seconds
deg_analysis.33067311_21.out:
deg_analysis.33067311_21.out:    Writing:  ./data/tahoe/deg_data/group_rep/full/qc_false/filter_min_cells_10/intermediate/CVCL_0504/CVCL_0504_de.h5ad
deg_analysis.33067311_21.out:
deg_analysis.33067311_21.out:    Rewriting h5ad file: ./data/tahoe/deg_data/group_rep/full/qc_false/filter_min_cells_10/intermediate/CVCL_0504/CVCL_0504_de.h5ad
deg_analysis.33067311_21.out:    Removed X matrix
deg_analysis.33067311_21.out:    Rewriting h5ad file is done!
deg_analysis.33067311_21.out:✓ Cell line completed in 10115.6 seconds
deg_analysis.33067311_21.out:
deg_analysis.33067311_21.out:DE analysis completed!
deg_analysis.33067311_21.out:
deg_analysis.33067311_21.out:Total runtime: 10125.4 seconds
deg_analysis.33067315_22.out:
deg_analysis.33067315_22.out:DE analysis started...
deg_analysis.33067315_22.out:Loaded input file:  ./data/tahoe/pseudobulk_processed/group_rep/by_celltype/CVCL_0546/CVCL_0546_processed.h5ad
deg_analysis.33067315_22.out:Initial dimensions:  1343  samples ×  61483  genes
deg_analysis.33067315_22.out:Filter samples with the low number of cells
deg_analysis.33067315_22.out:    Filter threshold (min_cells):  10
deg_analysis.33067315_22.out:    n_obs:  1343 -->  1337
deg_analysis.33067315_22.out:
deg_analysis.33067315_22.out:▶︎ Processing cell_type:  CVCL_0546
deg_analysis.33067315_22.out:    Filter controls by  pert_time_h  column
deg_analysis.33067315_22.out:        n_obs:  1337 -->  1337
deg_analysis.33067315_22.out:
deg_analysis.33067315_22.out:    Constructing design matrix...
deg_analysis.33067315_22.out:    Design matrix is constructed in 0.0 seconds
deg_analysis.33067315_22.out:    Design matrix dimensions: 1337 samples × 1151 coefficients
deg_analysis.33067315_22.out:    Filtering genes and normalizing counts...
deg_analysis.33067315_22.out:    Genes are filtered and normalized in 42.7 seconds
deg_analysis.33067315_22.out:    Running voom...
deg_analysis.33067315_22.out:    Voom is completed in 90.4 seconds
deg_analysis.33067315_22.out:    Running lmFit...
deg_analysis.33067315_22.out:    LmFit is completed in 14380.5 seconds
deg_analysis.33067315_22.out:DGE fit is completed in 14522.3 seconds
deg_analysis.33067315_22.out:    Running contrasts...
deg_analysis.33067315_22.out:    Running contrast 1/1137
deg_analysis.33067315_22.out:    Running contrast 51/1137
deg_analysis.33067315_22.out:    Running contrast 101/1137
deg_analysis.33067315_22.out:    Running contrast 151/1137
deg_analysis.33067315_22.out:    Running contrast 201/1137
deg_analysis.33067315_22.out:    Running contrast 251/1137
deg_analysis.33067315_22.out:    Running contrast 301/1137
deg_analysis.33067315_22.out:    Running contrast 351/1137
deg_analysis.33067315_22.out:    Running contrast 401/1137
deg_analysis.33067315_22.out:    Running contrast 451/1137
deg_analysis.33067315_22.out:    Running contrast 501/1137
deg_analysis.33067315_22.out:    Running contrast 551/1137
deg_analysis.33067315_22.out:    Running contrast 601/1137
deg_analysis.33067315_22.out:    Running contrast 651/1137
deg_analysis.33067315_22.out:    Running contrast 701/1137
deg_analysis.33067315_22.out:    Running contrast 751/1137
deg_analysis.33067315_22.out:    Running contrast 801/1137
deg_analysis.33067315_22.out:    Running contrast 851/1137
deg_analysis.33067315_22.out:    Running contrast 901/1137
deg_analysis.33067315_22.out:    Running contrast 951/1137
deg_analysis.33067315_22.out:    Running contrast 1001/1137
deg_analysis.33067315_22.out:    Running contrast 1051/1137
deg_analysis.33067315_22.out:    Running contrast 1101/1137
deg_analysis.33067315_22.out:    Running contrast 1137/1137
deg_analysis.33067315_22.out:Contrasts are completed in 1103.8 seconds
deg_analysis.33067315_22.out:
deg_analysis.33067315_22.out:    Writing:  ./data/tahoe/deg_data/group_rep/full/qc_false/filter_min_cells_10/intermediate/CVCL_0546/CVCL_0546_de.h5ad
deg_analysis.33067315_22.out:
deg_analysis.33067315_22.out:    Rewriting h5ad file: ./data/tahoe/deg_data/group_rep/full/qc_false/filter_min_cells_10/intermediate/CVCL_0546/CVCL_0546_de.h5ad
deg_analysis.33067315_22.out:    Removed X matrix
deg_analysis.33067315_22.out:    Rewriting h5ad file is done!
deg_analysis.33067315_22.out:✓ Cell line completed in 15952.2 seconds
deg_analysis.33067315_22.out:
deg_analysis.33067315_22.out:DE analysis completed!
deg_analysis.33067315_22.out:
deg_analysis.33067315_22.out:Total runtime: 15970.9 seconds
deg_analysis.33067316_23.out:
deg_analysis.33067316_23.out:DE analysis started...
deg_analysis.33067316_23.out:Loaded input file:  ./data/tahoe/pseudobulk_processed/group_rep/by_celltype/CVCL_1055/CVCL_1055_processed.h5ad
deg_analysis.33067316_23.out:Initial dimensions:  1340  samples ×  61483  genes
deg_analysis.33067316_23.out:Filter samples with the low number of cells
deg_analysis.33067316_23.out:    Filter threshold (min_cells):  10
deg_analysis.33067316_23.out:    n_obs:  1340 -->  1331
deg_analysis.33067316_23.out:
deg_analysis.33067316_23.out:▶︎ Processing cell_type:  CVCL_1055
deg_analysis.33067316_23.out:    Filter controls by  pert_time_h  column
deg_analysis.33067316_23.out:        n_obs:  1331 -->  1331
deg_analysis.33067316_23.out:
deg_analysis.33067316_23.out:    Constructing design matrix...
deg_analysis.33067316_23.out:    Design matrix is constructed in 0.0 seconds
deg_analysis.33067316_23.out:    Design matrix dimensions: 1331 samples × 1147 coefficients
deg_analysis.33067316_23.out:    Filtering genes and normalizing counts...
deg_analysis.33067316_23.out:    Genes are filtered and normalized in 30.6 seconds
deg_analysis.33067316_23.out:    Running voom...
deg_analysis.33067316_23.out:    Voom is completed in 73.3 seconds
deg_analysis.33067316_23.out:    Running lmFit...
deg_analysis.33067316_23.out:    LmFit is completed in 10269.8 seconds
deg_analysis.33067316_23.out:DGE fit is completed in 10380.7 seconds
deg_analysis.33067316_23.out:    Running contrasts...
deg_analysis.33067316_23.out:    Running contrast 1/1133
deg_analysis.33067316_23.out:    Running contrast 51/1133
deg_analysis.33067316_23.out:    Running contrast 101/1133
deg_analysis.33067316_23.out:    Running contrast 151/1133
deg_analysis.33067316_23.out:    Running contrast 201/1133
deg_analysis.33067316_23.out:    Running contrast 251/1133
deg_analysis.33067316_23.out:    Running contrast 301/1133
deg_analysis.33067316_23.out:    Running contrast 351/1133
deg_analysis.33067316_23.out:    Running contrast 401/1133
deg_analysis.33067316_23.out:    Running contrast 451/1133
deg_analysis.33067316_23.out:    Running contrast 501/1133
deg_analysis.33067316_23.out:    Running contrast 551/1133
deg_analysis.33067316_23.out:    Running contrast 601/1133
deg_analysis.33067316_23.out:    Running contrast 651/1133
deg_analysis.33067316_23.out:    Running contrast 701/1133
deg_analysis.33067316_23.out:    Running contrast 751/1133
deg_analysis.33067316_23.out:    Running contrast 801/1133
deg_analysis.33067316_23.out:    Running contrast 851/1133
deg_analysis.33067316_23.out:    Running contrast 901/1133
deg_analysis.33067316_23.out:    Running contrast 951/1133
deg_analysis.33067316_23.out:    Running contrast 1001/1133
deg_analysis.33067316_23.out:    Running contrast 1051/1133
deg_analysis.33067316_23.out:    Running contrast 1101/1133
deg_analysis.33067316_23.out:    Running contrast 1133/1133
deg_analysis.33067316_23.out:Contrasts are completed in 820.7 seconds
deg_analysis.33067316_23.out:
deg_analysis.33067316_23.out:    Writing:  ./data/tahoe/deg_data/group_rep/full/qc_false/filter_min_cells_10/intermediate/CVCL_1055/CVCL_1055_de.h5ad
deg_analysis.33067316_23.out:
deg_analysis.33067316_23.out:    Rewriting h5ad file: ./data/tahoe/deg_data/group_rep/full/qc_false/filter_min_cells_10/intermediate/CVCL_1055/CVCL_1055_de.h5ad
deg_analysis.33067316_23.out:    Removed X matrix
deg_analysis.33067316_23.out:    Rewriting h5ad file is done!
deg_analysis.33067316_23.out:✓ Cell line completed in 11451.7 seconds
deg_analysis.33067316_23.out:
deg_analysis.33067316_23.out:DE analysis completed!
deg_analysis.33067316_23.out:
deg_analysis.33067316_23.out:Total runtime: 11473.4 seconds
deg_analysis.33067318_24.out:
deg_analysis.33067318_24.out:DE analysis started...
deg_analysis.33067318_24.out:Loaded input file:  ./data/tahoe/pseudobulk_processed/group_rep/by_celltype/CVCL_1056/CVCL_1056_processed.h5ad
deg_analysis.33067318_24.out:Initial dimensions:  1340  samples ×  61483  genes
deg_analysis.33067318_24.out:Filter samples with the low number of cells
deg_analysis.33067318_24.out:    Filter threshold (min_cells):  10
deg_analysis.33067318_24.out:    n_obs:  1340 -->  1333
deg_analysis.33067318_24.out:
deg_analysis.33067318_24.out:▶︎ Processing cell_type:  CVCL_1056
deg_analysis.33067318_24.out:    Filter controls by  pert_time_h  column
deg_analysis.33067318_24.out:        n_obs:  1333 -->  1333
deg_analysis.33067318_24.out:
deg_analysis.33067318_24.out:    Constructing design matrix...
deg_analysis.33067318_24.out:    Design matrix is constructed in 0.0 seconds
deg_analysis.33067318_24.out:    Design matrix dimensions: 1333 samples × 1148 coefficients
deg_analysis.33067318_24.out:    Filtering genes and normalizing counts...
deg_analysis.33067318_24.out:    Genes are filtered and normalized in 38.4 seconds
deg_analysis.33067318_24.out:    Running voom...
deg_analysis.33067318_24.out:    Voom is completed in 72.6 seconds
deg_analysis.33067318_24.out:    Running lmFit...
deg_analysis.33067318_24.out:    LmFit is completed in 8439.8 seconds
deg_analysis.33067318_24.out:DGE fit is completed in 8560.4 seconds
deg_analysis.33067318_24.out:    Running contrasts...
deg_analysis.33067318_24.out:    Running contrast 1/1134
deg_analysis.33067318_24.out:    Running contrast 51/1134
deg_analysis.33067318_24.out:    Running contrast 101/1134
deg_analysis.33067318_24.out:    Running contrast 151/1134
deg_analysis.33067318_24.out:    Running contrast 201/1134
deg_analysis.33067318_24.out:    Running contrast 251/1134
deg_analysis.33067318_24.out:    Running contrast 301/1134
deg_analysis.33067318_24.out:    Running contrast 351/1134
deg_analysis.33067318_24.out:    Running contrast 401/1134
deg_analysis.33067318_24.out:    Running contrast 451/1134
deg_analysis.33067318_24.out:    Running contrast 501/1134
deg_analysis.33067318_24.out:    Running contrast 551/1134
deg_analysis.33067318_24.out:    Running contrast 601/1134
deg_analysis.33067318_24.out:    Running contrast 651/1134
deg_analysis.33067318_24.out:    Running contrast 701/1134
deg_analysis.33067318_24.out:    Running contrast 751/1134
deg_analysis.33067318_24.out:    Running contrast 801/1134
deg_analysis.33067318_24.out:    Running contrast 851/1134
deg_analysis.33067318_24.out:    Running contrast 901/1134
deg_analysis.33067318_24.out:    Running contrast 951/1134
deg_analysis.33067318_24.out:    Running contrast 1001/1134
deg_analysis.33067318_24.out:    Running contrast 1051/1134
deg_analysis.33067318_24.out:    Running contrast 1101/1134
deg_analysis.33067318_24.out:    Running contrast 1134/1134
deg_analysis.33067318_24.out:Contrasts are completed in 983.0 seconds
deg_analysis.33067318_24.out:
deg_analysis.33067318_24.out:    Writing:  ./data/tahoe/deg_data/group_rep/full/qc_false/filter_min_cells_10/intermediate/CVCL_1056/CVCL_1056_de.h5ad
deg_analysis.33067318_24.out:
deg_analysis.33067318_24.out:    Rewriting h5ad file: ./data/tahoe/deg_data/group_rep/full/qc_false/filter_min_cells_10/intermediate/CVCL_1056/CVCL_1056_de.h5ad
deg_analysis.33067318_24.out:    Removed X matrix
deg_analysis.33067318_24.out:    Rewriting h5ad file is done!
deg_analysis.33067318_24.out:✓ Cell line completed in 9814.7 seconds
deg_analysis.33067318_24.out:
deg_analysis.33067318_24.out:DE analysis completed!
deg_analysis.33067318_24.out:
deg_analysis.33067318_24.out:Total runtime: 9831.8 seconds
deg_analysis.33067324_25.out:
deg_analysis.33067324_25.out:DE analysis started...
deg_analysis.33067324_25.out:Loaded input file:  ./data/tahoe/pseudobulk_processed/group_rep/by_celltype/CVCL_1094/CVCL_1094_processed.h5ad
deg_analysis.33067324_25.out:Initial dimensions:  1342  samples ×  61483  genes
deg_analysis.33067324_25.out:Filter samples with the low number of cells
deg_analysis.33067324_25.out:    Filter threshold (min_cells):  10
deg_analysis.33067324_25.out:    n_obs:  1342 -->  1335
deg_analysis.33067324_25.out:
deg_analysis.33067324_25.out:▶︎ Processing cell_type:  CVCL_1094
deg_analysis.33067324_25.out:    Filter controls by  pert_time_h  column
deg_analysis.33067324_25.out:        n_obs:  1335 -->  1335
deg_analysis.33067324_25.out:
deg_analysis.33067324_25.out:    Constructing design matrix...
deg_analysis.33067324_25.out:    Design matrix is constructed in 0.0 seconds
deg_analysis.33067324_25.out:    Design matrix dimensions: 1335 samples × 1149 coefficients
deg_analysis.33067324_25.out:    Filtering genes and normalizing counts...
deg_analysis.33067324_25.out:    Genes are filtered and normalized in 32.1 seconds
deg_analysis.33067324_25.out:    Running voom...
deg_analysis.33067324_25.out:    Voom is completed in 83.8 seconds
deg_analysis.33067324_25.out:    Running lmFit...
deg_analysis.33067324_25.out:    LmFit is completed in 10873.3 seconds
deg_analysis.33067324_25.out:DGE fit is completed in 10998.8 seconds
deg_analysis.33067324_25.out:    Running contrasts...
deg_analysis.33067324_25.out:    Running contrast 1/1135
deg_analysis.33067324_25.out:    Running contrast 51/1135
deg_analysis.33067324_25.out:    Running contrast 101/1135
deg_analysis.33067324_25.out:    Running contrast 151/1135
deg_analysis.33067324_25.out:    Running contrast 201/1135
deg_analysis.33067324_25.out:    Running contrast 251/1135
deg_analysis.33067324_25.out:    Running contrast 301/1135
deg_analysis.33067324_25.out:    Running contrast 351/1135
deg_analysis.33067324_25.out:    Running contrast 401/1135
deg_analysis.33067324_25.out:    Running contrast 451/1135
deg_analysis.33067324_25.out:    Running contrast 501/1135
deg_analysis.33067324_25.out:    Running contrast 551/1135
deg_analysis.33067324_25.out:    Running contrast 601/1135
deg_analysis.33067324_25.out:    Running contrast 651/1135
deg_analysis.33067324_25.out:    Running contrast 701/1135
deg_analysis.33067324_25.out:    Running contrast 751/1135
deg_analysis.33067324_25.out:    Running contrast 801/1135
deg_analysis.33067324_25.out:    Running contrast 851/1135
deg_analysis.33067324_25.out:    Running contrast 901/1135
deg_analysis.33067324_25.out:    Running contrast 951/1135
deg_analysis.33067324_25.out:    Running contrast 1001/1135
deg_analysis.33067324_25.out:    Running contrast 1051/1135
deg_analysis.33067324_25.out:    Running contrast 1101/1135
deg_analysis.33067324_25.out:    Running contrast 1135/1135
deg_analysis.33067324_25.out:Contrasts are completed in 803.6 seconds
deg_analysis.33067324_25.out:
deg_analysis.33067324_25.out:    Writing:  ./data/tahoe/deg_data/group_rep/full/qc_false/filter_min_cells_10/intermediate/CVCL_1094/CVCL_1094_de.h5ad
deg_analysis.33067324_25.out:
deg_analysis.33067324_25.out:    Rewriting h5ad file: ./data/tahoe/deg_data/group_rep/full/qc_false/filter_min_cells_10/intermediate/CVCL_1094/CVCL_1094_de.h5ad
deg_analysis.33067324_25.out:    Removed X matrix
deg_analysis.33067324_25.out:    Rewriting h5ad file is done!
deg_analysis.33067324_25.out:✓ Cell line completed in 12047.9 seconds
deg_analysis.33067324_25.out:
deg_analysis.33067324_25.out:DE analysis completed!
deg_analysis.33067324_25.out:
deg_analysis.33067324_25.out:Total runtime: 12084.2 seconds
deg_analysis.33067328_26.out:
deg_analysis.33067328_26.out:DE analysis started...
deg_analysis.33067328_26.out:Loaded input file:  ./data/tahoe/pseudobulk_processed/group_rep/by_celltype/CVCL_1097/CVCL_1097_processed.h5ad
deg_analysis.33067328_26.out:Initial dimensions:  1341  samples ×  61483  genes
deg_analysis.33067328_26.out:Filter samples with the low number of cells
deg_analysis.33067328_26.out:    Filter threshold (min_cells):  10
deg_analysis.33067328_26.out:    n_obs:  1341 -->  1334
deg_analysis.33067328_26.out:
deg_analysis.33067328_26.out:▶︎ Processing cell_type:  CVCL_1097
deg_analysis.33067328_26.out:    Filter controls by  pert_time_h  column
deg_analysis.33067328_26.out:        n_obs:  1334 -->  1334
deg_analysis.33067328_26.out:
deg_analysis.33067328_26.out:    Constructing design matrix...
deg_analysis.33067328_26.out:    Design matrix is constructed in 0.0 seconds
deg_analysis.33067328_26.out:    Design matrix dimensions: 1334 samples × 1149 coefficients
deg_analysis.33067328_26.out:    Filtering genes and normalizing counts...
deg_analysis.33067328_26.out:    Genes are filtered and normalized in 34.0 seconds
deg_analysis.33067328_26.out:    Running voom...
deg_analysis.33067328_26.out:    Voom is completed in 72.3 seconds
deg_analysis.33067328_26.out:    Running lmFit...
deg_analysis.33067328_26.out:    LmFit is completed in 8128.4 seconds
deg_analysis.33067328_26.out:DGE fit is completed in 8243.0 seconds
deg_analysis.33067328_26.out:    Running contrasts...
deg_analysis.33067328_26.out:    Running contrast 1/1135
deg_analysis.33067328_26.out:    Running contrast 51/1135
deg_analysis.33067328_26.out:    Running contrast 101/1135
deg_analysis.33067328_26.out:    Running contrast 151/1135
deg_analysis.33067328_26.out:    Running contrast 201/1135
deg_analysis.33067328_26.out:    Running contrast 251/1135
deg_analysis.33067328_26.out:    Running contrast 301/1135
deg_analysis.33067328_26.out:    Running contrast 351/1135
deg_analysis.33067328_26.out:    Running contrast 401/1135
deg_analysis.33067328_26.out:    Running contrast 451/1135
deg_analysis.33067328_26.out:    Running contrast 501/1135
deg_analysis.33067328_26.out:    Running contrast 551/1135
deg_analysis.33067328_26.out:    Running contrast 601/1135
deg_analysis.33067328_26.out:    Running contrast 651/1135
deg_analysis.33067328_26.out:    Running contrast 701/1135
deg_analysis.33067328_26.out:    Running contrast 751/1135
deg_analysis.33067328_26.out:    Running contrast 801/1135
deg_analysis.33067328_26.out:    Running contrast 851/1135
deg_analysis.33067328_26.out:    Running contrast 901/1135
deg_analysis.33067328_26.out:    Running contrast 951/1135
deg_analysis.33067328_26.out:    Running contrast 1001/1135
deg_analysis.33067328_26.out:    Running contrast 1051/1135
deg_analysis.33067328_26.out:    Running contrast 1101/1135
deg_analysis.33067328_26.out:    Running contrast 1135/1135
deg_analysis.33067328_26.out:Contrasts are completed in 804.2 seconds
deg_analysis.33067328_26.out:
deg_analysis.33067328_26.out:    Writing:  ./data/tahoe/deg_data/group_rep/full/qc_false/filter_min_cells_10/intermediate/CVCL_1097/CVCL_1097_de.h5ad
deg_analysis.33067328_26.out:
deg_analysis.33067328_26.out:    Rewriting h5ad file: ./data/tahoe/deg_data/group_rep/full/qc_false/filter_min_cells_10/intermediate/CVCL_1097/CVCL_1097_de.h5ad
deg_analysis.33067328_26.out:    Removed X matrix
deg_analysis.33067328_26.out:    Rewriting h5ad file is done!
deg_analysis.33067328_26.out:✓ Cell line completed in 9291.3 seconds
deg_analysis.33067328_26.out:
deg_analysis.33067328_26.out:DE analysis completed!
deg_analysis.33067328_26.out:
deg_analysis.33067328_26.out:Total runtime: 9317.7 seconds
deg_analysis.33067329_27.out:
deg_analysis.33067329_27.out:DE analysis started...
deg_analysis.33067329_27.out:Loaded input file:  ./data/tahoe/pseudobulk_processed/group_rep/by_celltype/CVCL_1098/CVCL_1098_processed.h5ad
deg_analysis.33067329_27.out:Initial dimensions:  1342  samples ×  61483  genes
deg_analysis.33067329_27.out:Filter samples with the low number of cells
deg_analysis.33067329_27.out:    Filter threshold (min_cells):  10
deg_analysis.33067329_27.out:    n_obs:  1342 -->  1333
deg_analysis.33067329_27.out:
deg_analysis.33067329_27.out:▶︎ Processing cell_type:  CVCL_1098
deg_analysis.33067329_27.out:    Filter controls by  pert_time_h  column
deg_analysis.33067329_27.out:        n_obs:  1333 -->  1333
deg_analysis.33067329_27.out:
deg_analysis.33067329_27.out:    Constructing design matrix...
deg_analysis.33067329_27.out:    Design matrix is constructed in 0.0 seconds
deg_analysis.33067329_27.out:    Design matrix dimensions: 1333 samples × 1149 coefficients
deg_analysis.33067329_27.out:    Filtering genes and normalizing counts...
deg_analysis.33067329_27.out:    Genes are filtered and normalized in 27.7 seconds
deg_analysis.33067329_27.out:    Running voom...
deg_analysis.33067329_27.out:    Voom is completed in 52.8 seconds
deg_analysis.33067329_27.out:    Running lmFit...
deg_analysis.33067329_27.out:    LmFit is completed in 7913.4 seconds
deg_analysis.33067329_27.out:DGE fit is completed in 8000.7 seconds
deg_analysis.33067329_27.out:    Running contrasts...
deg_analysis.33067329_27.out:    Running contrast 1/1135
deg_analysis.33067329_27.out:    Running contrast 51/1135
deg_analysis.33067329_27.out:    Running contrast 101/1135
deg_analysis.33067329_27.out:    Running contrast 151/1135
deg_analysis.33067329_27.out:    Running contrast 201/1135
deg_analysis.33067329_27.out:    Running contrast 251/1135
deg_analysis.33067329_27.out:    Running contrast 301/1135
deg_analysis.33067329_27.out:    Running contrast 351/1135
deg_analysis.33067329_27.out:    Running contrast 401/1135
deg_analysis.33067329_27.out:    Running contrast 451/1135
deg_analysis.33067329_27.out:    Running contrast 501/1135
deg_analysis.33067329_27.out:    Running contrast 551/1135
deg_analysis.33067329_27.out:    Running contrast 601/1135
deg_analysis.33067329_27.out:    Running contrast 651/1135
deg_analysis.33067329_27.out:    Running contrast 701/1135
deg_analysis.33067329_27.out:    Running contrast 751/1135
deg_analysis.33067329_27.out:    Running contrast 801/1135
deg_analysis.33067329_27.out:    Running contrast 851/1135
deg_analysis.33067329_27.out:    Running contrast 901/1135
deg_analysis.33067329_27.out:    Running contrast 951/1135
deg_analysis.33067329_27.out:    Running contrast 1001/1135
deg_analysis.33067329_27.out:    Running contrast 1051/1135
deg_analysis.33067329_27.out:    Running contrast 1101/1135
deg_analysis.33067329_27.out:    Running contrast 1135/1135
deg_analysis.33067329_27.out:Contrasts are completed in 708.9 seconds
deg_analysis.33067329_27.out:
deg_analysis.33067329_27.out:    Writing:  ./data/tahoe/deg_data/group_rep/full/qc_false/filter_min_cells_10/intermediate/CVCL_1098/CVCL_1098_de.h5ad
deg_analysis.33067329_27.out:
deg_analysis.33067329_27.out:    Rewriting h5ad file: ./data/tahoe/deg_data/group_rep/full/qc_false/filter_min_cells_10/intermediate/CVCL_1098/CVCL_1098_de.h5ad
deg_analysis.33067329_27.out:    Removed X matrix
deg_analysis.33067329_27.out:    Rewriting h5ad file is done!
deg_analysis.33067329_27.out:✓ Cell line completed in 8916.6 seconds
deg_analysis.33067329_27.out:
deg_analysis.33067329_27.out:DE analysis completed!
deg_analysis.33067329_27.out:
deg_analysis.33067329_27.out:Total runtime: 8928.2 seconds
deg_analysis.33067333_28.out:
deg_analysis.33067333_28.out:DE analysis started...
deg_analysis.33067333_28.out:Loaded input file:  ./data/tahoe/pseudobulk_processed/group_rep/by_celltype/CVCL_1119/CVCL_1119_processed.h5ad
deg_analysis.33067333_28.out:Initial dimensions:  1341  samples ×  61483  genes
deg_analysis.33067333_28.out:Filter samples with the low number of cells
deg_analysis.33067333_28.out:    Filter threshold (min_cells):  10
deg_analysis.33067333_28.out:    n_obs:  1341 -->  1334
deg_analysis.33067333_28.out:
deg_analysis.33067333_28.out:▶︎ Processing cell_type:  CVCL_1119
deg_analysis.33067333_28.out:    Filter controls by  pert_time_h  column
deg_analysis.33067333_28.out:        n_obs:  1334 -->  1334
deg_analysis.33067333_28.out:
deg_analysis.33067333_28.out:    Constructing design matrix...
deg_analysis.33067333_28.out:    Design matrix is constructed in 0.0 seconds
deg_analysis.33067333_28.out:    Design matrix dimensions: 1334 samples × 1149 coefficients
deg_analysis.33067333_28.out:    Filtering genes and normalizing counts...
deg_analysis.33067333_28.out:    Genes are filtered and normalized in 31.0 seconds
deg_analysis.33067333_28.out:    Running voom...
deg_analysis.33067333_28.out:    Voom is completed in 67.6 seconds
deg_analysis.33067333_28.out:    Running lmFit...
deg_analysis.33067333_28.out:    LmFit is completed in 10476.7 seconds
deg_analysis.33067333_28.out:DGE fit is completed in 10582.5 seconds
deg_analysis.33067333_28.out:    Running contrasts...
deg_analysis.33067333_28.out:    Running contrast 1/1135
deg_analysis.33067333_28.out:    Running contrast 51/1135
deg_analysis.33067333_28.out:    Running contrast 101/1135
deg_analysis.33067333_28.out:    Running contrast 151/1135
deg_analysis.33067333_28.out:    Running contrast 201/1135
deg_analysis.33067333_28.out:    Running contrast 251/1135
deg_analysis.33067333_28.out:    Running contrast 301/1135
deg_analysis.33067333_28.out:    Running contrast 351/1135
deg_analysis.33067333_28.out:    Running contrast 401/1135
deg_analysis.33067333_28.out:    Running contrast 451/1135
deg_analysis.33067333_28.out:    Running contrast 501/1135
deg_analysis.33067333_28.out:    Running contrast 551/1135
deg_analysis.33067333_28.out:    Running contrast 601/1135
deg_analysis.33067333_28.out:    Running contrast 651/1135
deg_analysis.33067333_28.out:    Running contrast 701/1135
deg_analysis.33067333_28.out:    Running contrast 751/1135
deg_analysis.33067333_28.out:    Running contrast 801/1135
deg_analysis.33067333_28.out:    Running contrast 851/1135
deg_analysis.33067333_28.out:    Running contrast 901/1135
deg_analysis.33067333_28.out:    Running contrast 951/1135
deg_analysis.33067333_28.out:    Running contrast 1001/1135
deg_analysis.33067333_28.out:    Running contrast 1051/1135
deg_analysis.33067333_28.out:    Running contrast 1101/1135
deg_analysis.33067333_28.out:    Running contrast 1135/1135
deg_analysis.33067333_28.out:Contrasts are completed in 808.0 seconds
deg_analysis.33067333_28.out:
deg_analysis.33067333_28.out:    Writing:  ./data/tahoe/deg_data/group_rep/full/qc_false/filter_min_cells_10/intermediate/CVCL_1119/CVCL_1119_de.h5ad
deg_analysis.33067333_28.out:
deg_analysis.33067333_28.out:    Rewriting h5ad file: ./data/tahoe/deg_data/group_rep/full/qc_false/filter_min_cells_10/intermediate/CVCL_1119/CVCL_1119_de.h5ad
deg_analysis.33067333_28.out:    Removed X matrix
deg_analysis.33067333_28.out:    Rewriting h5ad file is done!
deg_analysis.33067333_28.out:✓ Cell line completed in 11634.5 seconds
deg_analysis.33067333_28.out:
deg_analysis.33067333_28.out:DE analysis completed!
deg_analysis.33067333_28.out:
deg_analysis.33067333_28.out:Total runtime: 11683.9 seconds
deg_analysis.33067335_29.out:
deg_analysis.33067335_29.out:DE analysis started...
deg_analysis.33067335_29.out:Loaded input file:  ./data/tahoe/pseudobulk_processed/group_rep/by_celltype/CVCL_1125/CVCL_1125_processed.h5ad
deg_analysis.33067335_29.out:Initial dimensions:  1340  samples ×  61483  genes
deg_analysis.33067335_29.out:Filter samples with the low number of cells
deg_analysis.33067335_29.out:    Filter threshold (min_cells):  10
deg_analysis.33067335_29.out:    n_obs:  1340 -->  1330
deg_analysis.33067335_29.out:
deg_analysis.33067335_29.out:▶︎ Processing cell_type:  CVCL_1125
deg_analysis.33067335_29.out:    Filter controls by  pert_time_h  column
deg_analysis.33067335_29.out:        n_obs:  1330 -->  1330
deg_analysis.33067335_29.out:
deg_analysis.33067335_29.out:    Constructing design matrix...
deg_analysis.33067335_29.out:    Design matrix is constructed in 0.0 seconds
deg_analysis.33067335_29.out:    Design matrix dimensions: 1330 samples × 1147 coefficients
deg_analysis.33067335_29.out:    Filtering genes and normalizing counts...
deg_analysis.33067335_29.out:    Genes are filtered and normalized in 27.6 seconds
deg_analysis.33067335_29.out:    Running voom...
deg_analysis.33067335_29.out:    Voom is completed in 64.6 seconds
deg_analysis.33067335_29.out:    Running lmFit...
deg_analysis.33067335_29.out:    LmFit is completed in 7365.6 seconds
deg_analysis.33067335_29.out:DGE fit is completed in 7464.3 seconds
deg_analysis.33067335_29.out:    Running contrasts...
deg_analysis.33067335_29.out:    Running contrast 1/1133
deg_analysis.33067335_29.out:    Running contrast 51/1133
deg_analysis.33067335_29.out:    Running contrast 101/1133
deg_analysis.33067335_29.out:    Running contrast 151/1133
deg_analysis.33067335_29.out:    Running contrast 201/1133
deg_analysis.33067335_29.out:    Running contrast 251/1133
deg_analysis.33067335_29.out:    Running contrast 301/1133
deg_analysis.33067335_29.out:    Running contrast 351/1133
deg_analysis.33067335_29.out:    Running contrast 401/1133
deg_analysis.33067335_29.out:    Running contrast 451/1133
deg_analysis.33067335_29.out:    Running contrast 501/1133
deg_analysis.33067335_29.out:    Running contrast 551/1133
deg_analysis.33067335_29.out:    Running contrast 601/1133
deg_analysis.33067335_29.out:    Running contrast 651/1133
deg_analysis.33067335_29.out:    Running contrast 701/1133
deg_analysis.33067335_29.out:    Running contrast 751/1133
deg_analysis.33067335_29.out:    Running contrast 801/1133
deg_analysis.33067335_29.out:    Running contrast 851/1133
deg_analysis.33067335_29.out:    Running contrast 901/1133
deg_analysis.33067335_29.out:    Running contrast 951/1133
deg_analysis.33067335_29.out:    Running contrast 1001/1133
deg_analysis.33067335_29.out:    Running contrast 1051/1133
deg_analysis.33067335_29.out:    Running contrast 1101/1133
deg_analysis.33067335_29.out:    Running contrast 1133/1133
deg_analysis.33067335_29.out:Contrasts are completed in 658.7 seconds
deg_analysis.33067335_29.out:
deg_analysis.33067335_29.out:    Writing:  ./data/tahoe/deg_data/group_rep/full/qc_false/filter_min_cells_10/intermediate/CVCL_1125/CVCL_1125_de.h5ad
deg_analysis.33067335_29.out:
deg_analysis.33067335_29.out:    Rewriting h5ad file: ./data/tahoe/deg_data/group_rep/full/qc_false/filter_min_cells_10/intermediate/CVCL_1125/CVCL_1125_de.h5ad
deg_analysis.33067335_29.out:    Removed X matrix
deg_analysis.33067335_29.out:    Rewriting h5ad file is done!
deg_analysis.33067335_29.out:✓ Cell line completed in 8306.7 seconds
deg_analysis.33067335_29.out:
deg_analysis.33067335_29.out:DE analysis completed!
deg_analysis.33067335_29.out:
deg_analysis.33067335_29.out:Total runtime: 8328.3 seconds
deg_analysis.33067336_30.out:
deg_analysis.33067336_30.out:DE analysis started...
deg_analysis.33067336_30.out:Loaded input file:  ./data/tahoe/pseudobulk_processed/group_rep/by_celltype/CVCL_1239/CVCL_1239_processed.h5ad
deg_analysis.33067336_30.out:Initial dimensions:  1343  samples ×  61483  genes
deg_analysis.33067336_30.out:Filter samples with the low number of cells
deg_analysis.33067336_30.out:    Filter threshold (min_cells):  10
deg_analysis.33067336_30.out:    n_obs:  1343 -->  1331
deg_analysis.33067336_30.out:
deg_analysis.33067336_30.out:▶︎ Processing cell_type:  CVCL_1239
deg_analysis.33067336_30.out:    Filter controls by  pert_time_h  column
deg_analysis.33067336_30.out:        n_obs:  1331 -->  1331
deg_analysis.33067336_30.out:
deg_analysis.33067336_30.out:    Constructing design matrix...
deg_analysis.33067336_30.out:    Design matrix is constructed in 0.0 seconds
deg_analysis.33067336_30.out:    Design matrix dimensions: 1331 samples × 1148 coefficients
deg_analysis.33067336_30.out:    Filtering genes and normalizing counts...
deg_analysis.33067336_30.out:    Genes are filtered and normalized in 27.5 seconds
deg_analysis.33067336_30.out:    Running voom...
deg_analysis.33067336_30.out:    Voom is completed in 66.1 seconds
deg_analysis.33067336_30.out:    Running lmFit...
deg_analysis.33067336_30.out:    LmFit is completed in 8807.6 seconds
deg_analysis.33067336_30.out:DGE fit is completed in 8907.2 seconds
deg_analysis.33067336_30.out:    Running contrasts...
deg_analysis.33067336_30.out:    Running contrast 1/1134
deg_analysis.33067336_30.out:    Running contrast 51/1134
deg_analysis.33067336_30.out:    Running contrast 101/1134
deg_analysis.33067336_30.out:    Running contrast 151/1134
deg_analysis.33067336_30.out:    Running contrast 201/1134
deg_analysis.33067336_30.out:    Running contrast 251/1134
deg_analysis.33067336_30.out:    Running contrast 301/1134
deg_analysis.33067336_30.out:    Running contrast 351/1134
deg_analysis.33067336_30.out:    Running contrast 401/1134
deg_analysis.33067336_30.out:    Running contrast 451/1134
deg_analysis.33067336_30.out:    Running contrast 501/1134
deg_analysis.33067336_30.out:    Running contrast 551/1134
deg_analysis.33067336_30.out:    Running contrast 601/1134
deg_analysis.33067336_30.out:    Running contrast 651/1134
deg_analysis.33067336_30.out:    Running contrast 701/1134
deg_analysis.33067336_30.out:    Running contrast 751/1134
deg_analysis.33067336_30.out:    Running contrast 801/1134
deg_analysis.33067336_30.out:    Running contrast 851/1134
deg_analysis.33067336_30.out:    Running contrast 901/1134
deg_analysis.33067336_30.out:    Running contrast 951/1134
deg_analysis.33067336_30.out:    Running contrast 1001/1134
deg_analysis.33067336_30.out:    Running contrast 1051/1134
deg_analysis.33067336_30.out:    Running contrast 1101/1134
deg_analysis.33067336_30.out:    Running contrast 1134/1134
deg_analysis.33067336_30.out:Contrasts are completed in 721.1 seconds
deg_analysis.33067336_30.out:
deg_analysis.33067336_30.out:    Writing:  ./data/tahoe/deg_data/group_rep/full/qc_false/filter_min_cells_10/intermediate/CVCL_1239/CVCL_1239_de.h5ad
deg_analysis.33067336_30.out:
deg_analysis.33067336_30.out:    Rewriting h5ad file: ./data/tahoe/deg_data/group_rep/full/qc_false/filter_min_cells_10/intermediate/CVCL_1239/CVCL_1239_de.h5ad
deg_analysis.33067336_30.out:    Removed X matrix
deg_analysis.33067336_30.out:    Rewriting h5ad file is done!
deg_analysis.33067336_30.out:✓ Cell line completed in 9844.7 seconds
deg_analysis.33067336_30.out:
deg_analysis.33067336_30.out:DE analysis completed!
deg_analysis.33067336_30.out:
deg_analysis.33067336_30.out:Total runtime: 9856.5 seconds
deg_analysis.33067341_31.out:
deg_analysis.33067341_31.out:DE analysis started...
deg_analysis.33067341_31.out:Loaded input file:  ./data/tahoe/pseudobulk_processed/group_rep/by_celltype/CVCL_1285/CVCL_1285_processed.h5ad
deg_analysis.33067341_31.out:Initial dimensions:  1343  samples ×  61483  genes
deg_analysis.33067341_31.out:Filter samples with the low number of cells
deg_analysis.33067341_31.out:    Filter threshold (min_cells):  10
deg_analysis.33067341_31.out:    n_obs:  1343 -->  1334
deg_analysis.33067341_31.out:
deg_analysis.33067341_31.out:▶︎ Processing cell_type:  CVCL_1285
deg_analysis.33067341_31.out:    Filter controls by  pert_time_h  column
deg_analysis.33067341_31.out:        n_obs:  1334 -->  1334
deg_analysis.33067341_31.out:
deg_analysis.33067341_31.out:    Constructing design matrix...
deg_analysis.33067341_31.out:    Design matrix is constructed in 0.0 seconds
deg_analysis.33067341_31.out:    Design matrix dimensions: 1334 samples × 1149 coefficients
deg_analysis.33067341_31.out:    Filtering genes and normalizing counts...
deg_analysis.33067341_31.out:    Genes are filtered and normalized in 34.0 seconds
deg_analysis.33067341_31.out:    Running voom...
deg_analysis.33067341_31.out:    Voom is completed in 74.8 seconds
deg_analysis.33067341_31.out:    Running lmFit...
deg_analysis.33067341_31.out:    LmFit is completed in 11328.9 seconds
deg_analysis.33067341_31.out:DGE fit is completed in 11445.2 seconds
deg_analysis.33067341_31.out:    Running contrasts...
deg_analysis.33067341_31.out:    Running contrast 1/1135
deg_analysis.33067341_31.out:    Running contrast 51/1135
deg_analysis.33067341_31.out:    Running contrast 101/1135
deg_analysis.33067341_31.out:    Running contrast 151/1135
deg_analysis.33067341_31.out:    Running contrast 201/1135
deg_analysis.33067341_31.out:    Running contrast 251/1135
deg_analysis.33067341_31.out:    Running contrast 301/1135
deg_analysis.33067341_31.out:    Running contrast 351/1135
deg_analysis.33067341_31.out:    Running contrast 401/1135
deg_analysis.33067341_31.out:    Running contrast 451/1135
deg_analysis.33067341_31.out:    Running contrast 501/1135
deg_analysis.33067341_31.out:    Running contrast 551/1135
deg_analysis.33067341_31.out:    Running contrast 601/1135
deg_analysis.33067341_31.out:    Running contrast 651/1135
deg_analysis.33067341_31.out:    Running contrast 701/1135
deg_analysis.33067341_31.out:    Running contrast 751/1135
deg_analysis.33067341_31.out:    Running contrast 801/1135
deg_analysis.33067341_31.out:    Running contrast 851/1135
deg_analysis.33067341_31.out:    Running contrast 901/1135
deg_analysis.33067341_31.out:    Running contrast 951/1135
deg_analysis.33067341_31.out:    Running contrast 1001/1135
deg_analysis.33067341_31.out:    Running contrast 1051/1135
deg_analysis.33067341_31.out:    Running contrast 1101/1135
deg_analysis.33067341_31.out:    Running contrast 1135/1135
deg_analysis.33067341_31.out:Contrasts are completed in 827.9 seconds
deg_analysis.33067341_31.out:
deg_analysis.33067341_31.out:    Writing:  ./data/tahoe/deg_data/group_rep/full/qc_false/filter_min_cells_10/intermediate/CVCL_1285/CVCL_1285_de.h5ad
deg_analysis.33067341_31.out:
deg_analysis.33067341_31.out:    Rewriting h5ad file: ./data/tahoe/deg_data/group_rep/full/qc_false/filter_min_cells_10/intermediate/CVCL_1285/CVCL_1285_de.h5ad
deg_analysis.33067341_31.out:    Removed X matrix
deg_analysis.33067341_31.out:    Rewriting h5ad file is done!
deg_analysis.33067341_31.out:✓ Cell line completed in 12536.8 seconds
deg_analysis.33067341_31.out:
deg_analysis.33067341_31.out:DE analysis completed!
deg_analysis.33067341_31.out:
deg_analysis.33067341_31.out:Total runtime: 12579.9 seconds
deg_analysis.33067349_32.out:
deg_analysis.33067349_32.out:DE analysis started...
deg_analysis.33067349_32.out:Loaded input file:  ./data/tahoe/pseudobulk_processed/group_rep/by_celltype/CVCL_1381/CVCL_1381_processed.h5ad
deg_analysis.33067349_32.out:Initial dimensions:  1342  samples ×  61483  genes
deg_analysis.33067349_32.out:Filter samples with the low number of cells
deg_analysis.33067349_32.out:    Filter threshold (min_cells):  10
deg_analysis.33067349_32.out:    n_obs:  1342 -->  1334
deg_analysis.33067349_32.out:
deg_analysis.33067349_32.out:▶︎ Processing cell_type:  CVCL_1381
deg_analysis.33067349_32.out:    Filter controls by  pert_time_h  column
deg_analysis.33067349_32.out:        n_obs:  1334 -->  1334
deg_analysis.33067349_32.out:
deg_analysis.33067349_32.out:    Constructing design matrix...
deg_analysis.33067349_32.out:    Design matrix is constructed in 0.0 seconds
deg_analysis.33067349_32.out:    Design matrix dimensions: 1334 samples × 1149 coefficients
deg_analysis.33067349_32.out:    Filtering genes and normalizing counts...
deg_analysis.33067349_32.out:    Genes are filtered and normalized in 32.5 seconds
deg_analysis.33067349_32.out:    Running voom...
deg_analysis.33067349_32.out:    Voom is completed in 71.1 seconds
deg_analysis.33067349_32.out:    Running lmFit...
deg_analysis.33067349_32.out:    LmFit is completed in 10886.1 seconds
deg_analysis.33067349_32.out:DGE fit is completed in 10996.7 seconds
deg_analysis.33067349_32.out:    Running contrasts...
deg_analysis.33067349_32.out:    Running contrast 1/1135
deg_analysis.33067349_32.out:    Running contrast 51/1135
deg_analysis.33067349_32.out:    Running contrast 101/1135
deg_analysis.33067349_32.out:    Running contrast 151/1135
deg_analysis.33067349_32.out:    Running contrast 201/1135
deg_analysis.33067349_32.out:    Running contrast 251/1135
deg_analysis.33067349_32.out:    Running contrast 301/1135
deg_analysis.33067349_32.out:    Running contrast 351/1135
deg_analysis.33067349_32.out:    Running contrast 401/1135
deg_analysis.33067349_32.out:    Running contrast 451/1135
deg_analysis.33067349_32.out:    Running contrast 501/1135
deg_analysis.33067349_32.out:    Running contrast 551/1135
deg_analysis.33067349_32.out:    Running contrast 601/1135
deg_analysis.33067349_32.out:    Running contrast 651/1135
deg_analysis.33067349_32.out:    Running contrast 701/1135
deg_analysis.33067349_32.out:    Running contrast 751/1135
deg_analysis.33067349_32.out:    Running contrast 801/1135
deg_analysis.33067349_32.out:    Running contrast 851/1135
deg_analysis.33067349_32.out:    Running contrast 901/1135
deg_analysis.33067349_32.out:    Running contrast 951/1135
deg_analysis.33067349_32.out:    Running contrast 1001/1135
deg_analysis.33067349_32.out:    Running contrast 1051/1135
deg_analysis.33067349_32.out:    Running contrast 1101/1135
deg_analysis.33067349_32.out:    Running contrast 1135/1135
deg_analysis.33067349_32.out:Contrasts are completed in 799.8 seconds
deg_analysis.33067349_32.out:
deg_analysis.33067349_32.out:    Writing:  ./data/tahoe/deg_data/group_rep/full/qc_false/filter_min_cells_10/intermediate/CVCL_1381/CVCL_1381_de.h5ad
deg_analysis.33067349_32.out:
deg_analysis.33067349_32.out:    Rewriting h5ad file: ./data/tahoe/deg_data/group_rep/full/qc_false/filter_min_cells_10/intermediate/CVCL_1381/CVCL_1381_de.h5ad
deg_analysis.33067349_32.out:    Removed X matrix
deg_analysis.33067349_32.out:    Rewriting h5ad file is done!
deg_analysis.33067349_32.out:✓ Cell line completed in 12038.6 seconds
deg_analysis.33067349_32.out:
deg_analysis.33067349_32.out:DE analysis completed!
deg_analysis.33067349_32.out:
deg_analysis.33067349_32.out:Total runtime: 12085.6 seconds
deg_analysis.33067352_33.out:
deg_analysis.33067352_33.out:DE analysis started...
deg_analysis.33067352_33.out:Loaded input file:  ./data/tahoe/pseudobulk_processed/group_rep/by_celltype/CVCL_1478/CVCL_1478_processed.h5ad
deg_analysis.33067352_33.out:Initial dimensions:  1341  samples ×  61483  genes
deg_analysis.33067352_33.out:Filter samples with the low number of cells
deg_analysis.33067352_33.out:    Filter threshold (min_cells):  10
deg_analysis.33067352_33.out:    n_obs:  1341 -->  1334
deg_analysis.33067352_33.out:
deg_analysis.33067352_33.out:▶︎ Processing cell_type:  CVCL_1478
deg_analysis.33067352_33.out:    Filter controls by  pert_time_h  column
deg_analysis.33067352_33.out:        n_obs:  1334 -->  1334
deg_analysis.33067352_33.out:
deg_analysis.33067352_33.out:    Constructing design matrix...
deg_analysis.33067352_33.out:    Design matrix is constructed in 0.0 seconds
deg_analysis.33067352_33.out:    Design matrix dimensions: 1334 samples × 1149 coefficients
deg_analysis.33067352_33.out:    Filtering genes and normalizing counts...
deg_analysis.33067352_33.out:    Genes are filtered and normalized in 40.7 seconds
deg_analysis.33067352_33.out:    Running voom...
deg_analysis.33067352_33.out:    Voom is completed in 87.6 seconds
deg_analysis.33067352_33.out:    Running lmFit...
deg_analysis.33067352_33.out:    LmFit is completed in 13126.1 seconds
deg_analysis.33067352_33.out:DGE fit is completed in 13262.9 seconds
deg_analysis.33067352_33.out:    Running contrasts...
deg_analysis.33067352_33.out:    Running contrast 1/1135
deg_analysis.33067352_33.out:    Running contrast 51/1135
deg_analysis.33067352_33.out:    Running contrast 101/1135
deg_analysis.33067352_33.out:    Running contrast 151/1135
deg_analysis.33067352_33.out:    Running contrast 201/1135
deg_analysis.33067352_33.out:    Running contrast 251/1135
deg_analysis.33067352_33.out:    Running contrast 301/1135
deg_analysis.33067352_33.out:    Running contrast 351/1135
deg_analysis.33067352_33.out:    Running contrast 401/1135
deg_analysis.33067352_33.out:    Running contrast 451/1135
deg_analysis.33067352_33.out:    Running contrast 501/1135
deg_analysis.33067352_33.out:    Running contrast 551/1135
deg_analysis.33067352_33.out:    Running contrast 601/1135
deg_analysis.33067352_33.out:    Running contrast 651/1135
deg_analysis.33067352_33.out:    Running contrast 701/1135
deg_analysis.33067352_33.out:    Running contrast 751/1135
deg_analysis.33067352_33.out:    Running contrast 801/1135
deg_analysis.33067352_33.out:    Running contrast 851/1135
deg_analysis.33067352_33.out:    Running contrast 901/1135
deg_analysis.33067352_33.out:    Running contrast 951/1135
deg_analysis.33067352_33.out:    Running contrast 1001/1135
deg_analysis.33067352_33.out:    Running contrast 1051/1135
deg_analysis.33067352_33.out:    Running contrast 1101/1135
deg_analysis.33067352_33.out:    Running contrast 1135/1135
deg_analysis.33067352_33.out:Contrasts are completed in 985.2 seconds
deg_analysis.33067352_33.out:
deg_analysis.33067352_33.out:    Writing:  ./data/tahoe/deg_data/group_rep/full/qc_false/filter_min_cells_10/intermediate/CVCL_1478/CVCL_1478_de.h5ad
deg_analysis.33067352_33.out:
deg_analysis.33067352_33.out:    Rewriting h5ad file: ./data/tahoe/deg_data/group_rep/full/qc_false/filter_min_cells_10/intermediate/CVCL_1478/CVCL_1478_de.h5ad
deg_analysis.33067352_33.out:    Removed X matrix
deg_analysis.33067352_33.out:    Rewriting h5ad file is done!
deg_analysis.33067352_33.out:✓ Cell line completed in 14547.0 seconds
deg_analysis.33067352_33.out:
deg_analysis.33067352_33.out:DE analysis completed!
deg_analysis.33067352_33.out:
deg_analysis.33067352_33.out:Total runtime: 14562.6 seconds
deg_analysis.33067357_34.out:
deg_analysis.33067357_34.out:DE analysis started...
deg_analysis.33067357_34.out:Loaded input file:  ./data/tahoe/pseudobulk_processed/group_rep/by_celltype/CVCL_1495/CVCL_1495_processed.h5ad
deg_analysis.33067357_34.out:Initial dimensions:  1338  samples ×  61483  genes
deg_analysis.33067357_34.out:Filter samples with the low number of cells
deg_analysis.33067357_34.out:    Filter threshold (min_cells):  10
deg_analysis.33067357_34.out:    n_obs:  1338 -->  1334
deg_analysis.33067357_34.out:
deg_analysis.33067357_34.out:▶︎ Processing cell_type:  CVCL_1495
deg_analysis.33067357_34.out:    Filter controls by  pert_time_h  column
deg_analysis.33067357_34.out:        n_obs:  1334 -->  1334
deg_analysis.33067357_34.out:
deg_analysis.33067357_34.out:    Constructing design matrix...
deg_analysis.33067357_34.out:    Design matrix is constructed in 0.0 seconds
deg_analysis.33067357_34.out:    Design matrix dimensions: 1334 samples × 1149 coefficients
deg_analysis.33067357_34.out:    Filtering genes and normalizing counts...
deg_analysis.33067357_34.out:    Genes are filtered and normalized in 31.9 seconds
deg_analysis.33067357_34.out:    Running voom...
deg_analysis.33067357_34.out:    Voom is completed in 74.9 seconds
deg_analysis.33067357_34.out:    Running lmFit...
deg_analysis.33067357_34.out:    LmFit is completed in 10819.6 seconds
deg_analysis.33067357_34.out:DGE fit is completed in 10933.7 seconds
deg_analysis.33067357_34.out:    Running contrasts...
deg_analysis.33067357_34.out:    Running contrast 1/1135
deg_analysis.33067357_34.out:    Running contrast 51/1135
deg_analysis.33067357_34.out:    Running contrast 101/1135
deg_analysis.33067357_34.out:    Running contrast 151/1135
deg_analysis.33067357_34.out:    Running contrast 201/1135
deg_analysis.33067357_34.out:    Running contrast 251/1135
deg_analysis.33067357_34.out:    Running contrast 301/1135
deg_analysis.33067357_34.out:    Running contrast 351/1135
deg_analysis.33067357_34.out:    Running contrast 401/1135
deg_analysis.33067357_34.out:    Running contrast 451/1135
deg_analysis.33067357_34.out:    Running contrast 501/1135
deg_analysis.33067357_34.out:    Running contrast 551/1135
deg_analysis.33067357_34.out:    Running contrast 601/1135
deg_analysis.33067357_34.out:    Running contrast 651/1135
deg_analysis.33067357_34.out:    Running contrast 701/1135
deg_analysis.33067357_34.out:    Running contrast 751/1135
deg_analysis.33067357_34.out:    Running contrast 801/1135
deg_analysis.33067357_34.out:    Running contrast 851/1135
deg_analysis.33067357_34.out:    Running contrast 901/1135
deg_analysis.33067357_34.out:    Running contrast 951/1135
deg_analysis.33067357_34.out:    Running contrast 1001/1135
deg_analysis.33067357_34.out:    Running contrast 1051/1135
deg_analysis.33067357_34.out:    Running contrast 1101/1135
deg_analysis.33067357_34.out:    Running contrast 1135/1135
deg_analysis.33067357_34.out:Contrasts are completed in 721.5 seconds
deg_analysis.33067357_34.out:
deg_analysis.33067357_34.out:    Writing:  ./data/tahoe/deg_data/group_rep/full/qc_false/filter_min_cells_10/intermediate/CVCL_1495/CVCL_1495_de.h5ad
deg_analysis.33067357_34.out:
deg_analysis.33067357_34.out:    Rewriting h5ad file: ./data/tahoe/deg_data/group_rep/full/qc_false/filter_min_cells_10/intermediate/CVCL_1495/CVCL_1495_de.h5ad
deg_analysis.33067357_34.out:    Removed X matrix
deg_analysis.33067357_34.out:    Rewriting h5ad file is done!
deg_analysis.33067357_34.out:✓ Cell line completed in 11886.6 seconds
deg_analysis.33067357_34.out:
deg_analysis.33067357_34.out:DE analysis completed!
deg_analysis.33067357_34.out:
deg_analysis.33067357_34.out:Total runtime: 11932.9 seconds
deg_analysis.33067359_35.out:
deg_analysis.33067359_35.out:DE analysis started...
deg_analysis.33067359_35.out:Loaded input file:  ./data/tahoe/pseudobulk_processed/group_rep/by_celltype/CVCL_1517/CVCL_1517_processed.h5ad
deg_analysis.33067359_35.out:Initial dimensions:  1344  samples ×  61483  genes
deg_analysis.33067359_35.out:Filter samples with the low number of cells
deg_analysis.33067359_35.out:    Filter threshold (min_cells):  10
deg_analysis.33067359_35.out:    n_obs:  1344 -->  1336
deg_analysis.33067359_35.out:
deg_analysis.33067359_35.out:▶︎ Processing cell_type:  CVCL_1517
deg_analysis.33067359_35.out:    Filter controls by  pert_time_h  column
deg_analysis.33067359_35.out:        n_obs:  1336 -->  1336
deg_analysis.33067359_35.out:
deg_analysis.33067359_35.out:    Constructing design matrix...
deg_analysis.33067359_35.out:    Design matrix is constructed in 0.0 seconds
deg_analysis.33067359_35.out:    Design matrix dimensions: 1336 samples × 1150 coefficients
deg_analysis.33067359_35.out:    Filtering genes and normalizing counts...
deg_analysis.33067359_35.out:    Genes are filtered and normalized in 38.2 seconds
deg_analysis.33067359_35.out:    Running voom...
deg_analysis.33067359_35.out:    Voom is completed in 72.4 seconds
deg_analysis.33067359_35.out:    Running lmFit...
deg_analysis.33067359_35.out:    LmFit is completed in 11652.2 seconds
deg_analysis.33067359_35.out:DGE fit is completed in 11771.9 seconds
deg_analysis.33067359_35.out:    Running contrasts...
deg_analysis.33067359_35.out:    Running contrast 1/1136
deg_analysis.33067359_35.out:    Running contrast 51/1136
deg_analysis.33067359_35.out:    Running contrast 101/1136
deg_analysis.33067359_35.out:    Running contrast 151/1136
deg_analysis.33067359_35.out:    Running contrast 201/1136
deg_analysis.33067359_35.out:    Running contrast 251/1136
deg_analysis.33067359_35.out:    Running contrast 301/1136
deg_analysis.33067359_35.out:    Running contrast 351/1136
deg_analysis.33067359_35.out:    Running contrast 401/1136
deg_analysis.33067359_35.out:    Running contrast 451/1136
deg_analysis.33067359_35.out:    Running contrast 501/1136
deg_analysis.33067359_35.out:    Running contrast 551/1136
deg_analysis.33067359_35.out:    Running contrast 601/1136
deg_analysis.33067359_35.out:    Running contrast 651/1136
deg_analysis.33067359_35.out:    Running contrast 701/1136
deg_analysis.33067359_35.out:    Running contrast 751/1136
deg_analysis.33067359_35.out:    Running contrast 801/1136
deg_analysis.33067359_35.out:    Running contrast 851/1136
deg_analysis.33067359_35.out:    Running contrast 901/1136
deg_analysis.33067359_35.out:    Running contrast 951/1136
deg_analysis.33067359_35.out:    Running contrast 1001/1136
deg_analysis.33067359_35.out:    Running contrast 1051/1136
deg_analysis.33067359_35.out:    Running contrast 1101/1136
deg_analysis.33067359_35.out:    Running contrast 1136/1136
deg_analysis.33067359_35.out:Contrasts are completed in 1547.4 seconds
deg_analysis.33067359_35.out:
deg_analysis.33067359_35.out:    Writing:  ./data/tahoe/deg_data/group_rep/full/qc_false/filter_min_cells_10/intermediate/CVCL_1517/CVCL_1517_de.h5ad
deg_analysis.33067359_35.out:
deg_analysis.33067359_35.out:    Rewriting h5ad file: ./data/tahoe/deg_data/group_rep/full/qc_false/filter_min_cells_10/intermediate/CVCL_1517/CVCL_1517_de.h5ad
deg_analysis.33067359_35.out:    Removed X matrix
deg_analysis.33067359_35.out:    Rewriting h5ad file is done!
deg_analysis.33067359_35.out:✓ Cell line completed in 13656.2 seconds
deg_analysis.33067359_35.out:
deg_analysis.33067359_35.out:DE analysis completed!
deg_analysis.33067359_35.out:
deg_analysis.33067359_35.out:Total runtime: 13697.5 seconds
deg_analysis.33067359_35.err:During startup - Warning messages:
deg_analysis.33067359_35.err:1: Setting LC_CTYPE failed, using "C"
deg_analysis.33067359_35.err:2: Setting LC_COLLATE failed, using "C"
deg_analysis.33067359_35.err:3: Setting LC_TIME failed, using "C"
deg_analysis.33067359_35.err:4: Setting LC_MESSAGES failed, using "C"
deg_analysis.33067359_35.err:5: Setting LC_MONETARY failed, using "C"
deg_analysis.33067359_35.err:6: Setting LC_PAPER failed, using "C"
deg_analysis.33067359_35.err:7: Setting LC_MEASUREMENT failed, using "C"
deg_analysis.33067368_36.out:
deg_analysis.33067368_36.out:DE analysis started...
deg_analysis.33067368_36.out:Loaded input file:  ./data/tahoe/pseudobulk_processed/group_rep/by_celltype/CVCL_1531/CVCL_1531_processed.h5ad
deg_analysis.33067368_36.out:Initial dimensions:  1331  samples ×  61483  genes
deg_analysis.33067368_36.out:Filter samples with the low number of cells
deg_analysis.33067368_36.out:    Filter threshold (min_cells):  10
deg_analysis.33067368_36.out:    n_obs:  1331 -->  1226
deg_analysis.33067368_36.out:
deg_analysis.33067368_36.out:▶︎ Processing cell_type:  CVCL_1531
deg_analysis.33067368_36.out:    Filter controls by  pert_time_h  column
deg_analysis.33067368_36.out:        n_obs:  1226 -->  1226
deg_analysis.33067368_36.out:
deg_analysis.33067368_36.out:    Constructing design matrix...
deg_analysis.33067368_36.out:    Design matrix is constructed in 0.0 seconds
deg_analysis.33067368_36.out:    Design matrix dimensions: 1226 samples × 1057 coefficients
deg_analysis.33067368_36.out:    Filtering genes and normalizing counts...
deg_analysis.33067368_36.out:    Genes are filtered and normalized in 10.2 seconds
deg_analysis.33067368_36.out:    Running voom...
deg_analysis.33067368_36.out:    Voom is completed in 13.9 seconds
deg_analysis.33067368_36.out:    Running lmFit...
deg_analysis.33067368_36.out:    LmFit is completed in 1844.0 seconds
deg_analysis.33067368_36.out:DGE fit is completed in 1872.2 seconds
deg_analysis.33067368_36.out:    Running contrasts...
deg_analysis.33067368_36.out:    Running contrast 1/1043
deg_analysis.33067368_36.out:    Running contrast 51/1043
deg_analysis.33067368_36.out:    Running contrast 101/1043
deg_analysis.33067368_36.out:    Running contrast 151/1043
deg_analysis.33067368_36.out:    Running contrast 201/1043
deg_analysis.33067368_36.out:    Running contrast 251/1043
deg_analysis.33067368_36.out:    Running contrast 301/1043
deg_analysis.33067368_36.out:    Running contrast 351/1043
deg_analysis.33067368_36.out:    Running contrast 401/1043
deg_analysis.33067368_36.out:    Running contrast 451/1043
deg_analysis.33067368_36.out:    Running contrast 501/1043
deg_analysis.33067368_36.out:    Running contrast 551/1043
deg_analysis.33067368_36.out:    Running contrast 601/1043
deg_analysis.33067368_36.out:    Running contrast 651/1043
deg_analysis.33067368_36.out:    Running contrast 701/1043
deg_analysis.33067368_36.out:    Running contrast 751/1043
deg_analysis.33067368_36.out:    Running contrast 801/1043
deg_analysis.33067368_36.out:    Running contrast 851/1043
deg_analysis.33067368_36.out:    Running contrast 901/1043
deg_analysis.33067368_36.out:    Running contrast 951/1043
deg_analysis.33067368_36.out:    Running contrast 1001/1043
deg_analysis.33067368_36.out:    Running contrast 1043/1043
deg_analysis.33067368_36.out:Contrasts are completed in 644.1 seconds
deg_analysis.33067368_36.out:
deg_analysis.33067368_36.out:    Writing:  ./data/tahoe/deg_data/group_rep/full/qc_false/filter_min_cells_10/intermediate/CVCL_1531/CVCL_1531_de.h5ad
deg_analysis.33067368_36.out:
deg_analysis.33067368_36.out:    Rewriting h5ad file: ./data/tahoe/deg_data/group_rep/full/qc_false/filter_min_cells_10/intermediate/CVCL_1531/CVCL_1531_de.h5ad
deg_analysis.33067368_36.out:    Removed X matrix
deg_analysis.33067368_36.out:    Rewriting h5ad file is done!
deg_analysis.33067368_36.out:✓ Cell line completed in 2570.5 seconds
deg_analysis.33067368_36.out:
deg_analysis.33067368_36.out:DE analysis completed!
deg_analysis.33067368_36.out:
deg_analysis.33067368_36.out:Total runtime: 2583.6 seconds
deg_analysis.33067368_36.err:During startup - Warning messages:
deg_analysis.33067368_36.err:1: Setting LC_CTYPE failed, using "C"
deg_analysis.33067368_36.err:2: Setting LC_COLLATE failed, using "C"
deg_analysis.33067368_36.err:3: Setting LC_TIME failed, using "C"
deg_analysis.33067368_36.err:4: Setting LC_MESSAGES failed, using "C"
deg_analysis.33067368_36.err:5: Setting LC_MONETARY failed, using "C"
deg_analysis.33067368_36.err:6: Setting LC_PAPER failed, using "C"
deg_analysis.33067368_36.err:7: Setting LC_MEASUREMENT failed, using "C"
deg_analysis.33067369_37.out:
deg_analysis.33067369_37.out:DE analysis started...
deg_analysis.33067369_37.out:Loaded input file:  ./data/tahoe/pseudobulk_processed/group_rep/by_celltype/CVCL_1547/CVCL_1547_processed.h5ad
deg_analysis.33067369_37.out:Initial dimensions:  1340  samples ×  61483  genes
deg_analysis.33067369_37.out:Filter samples with the low number of cells
deg_analysis.33067369_37.out:    Filter threshold (min_cells):  10
deg_analysis.33067369_37.out:    n_obs:  1340 -->  1334
deg_analysis.33067369_37.out:
deg_analysis.33067369_37.out:▶︎ Processing cell_type:  CVCL_1547
deg_analysis.33067369_37.out:    Filter controls by  pert_time_h  column
deg_analysis.33067369_37.out:        n_obs:  1334 -->  1334
deg_analysis.33067369_37.out:
deg_analysis.33067369_37.out:    Constructing design matrix...
deg_analysis.33067369_37.out:    Design matrix is constructed in 0.0 seconds
deg_analysis.33067369_37.out:    Design matrix dimensions: 1334 samples × 1149 coefficients
deg_analysis.33067369_37.out:    Filtering genes and normalizing counts...
deg_analysis.33067369_37.out:    Genes are filtered and normalized in 42.6 seconds
deg_analysis.33067369_37.out:    Running voom...
deg_analysis.33067369_37.out:    Voom is completed in 97.0 seconds
deg_analysis.33067369_37.out:    Running lmFit...
deg_analysis.33067369_37.out:    LmFit is completed in 11342.5 seconds
deg_analysis.33067369_37.out:DGE fit is completed in 11491.1 seconds
deg_analysis.33067369_37.out:    Running contrasts...
deg_analysis.33067369_37.out:    Running contrast 1/1135
deg_analysis.33067369_37.out:    Running contrast 51/1135
deg_analysis.33067369_37.out:    Running contrast 101/1135
deg_analysis.33067369_37.out:    Running contrast 151/1135
deg_analysis.33067369_37.out:    Running contrast 201/1135
deg_analysis.33067369_37.out:    Running contrast 251/1135
deg_analysis.33067369_37.out:    Running contrast 301/1135
deg_analysis.33067369_37.out:    Running contrast 351/1135
deg_analysis.33067369_37.out:    Running contrast 401/1135
deg_analysis.33067369_37.out:    Running contrast 451/1135
deg_analysis.33067369_37.out:    Running contrast 501/1135
deg_analysis.33067369_37.out:    Running contrast 551/1135
deg_analysis.33067369_37.out:    Running contrast 601/1135
deg_analysis.33067369_37.out:    Running contrast 651/1135
deg_analysis.33067369_37.out:    Running contrast 701/1135
deg_analysis.33067369_37.out:    Running contrast 751/1135
deg_analysis.33067369_37.out:    Running contrast 801/1135
deg_analysis.33067369_37.out:    Running contrast 851/1135
deg_analysis.33067369_37.out:    Running contrast 901/1135
deg_analysis.33067369_37.out:    Running contrast 951/1135
deg_analysis.33067369_37.out:    Running contrast 1001/1135
deg_analysis.33067369_37.out:    Running contrast 1051/1135
deg_analysis.33067369_37.out:    Running contrast 1101/1135
deg_analysis.33067369_37.out:    Running contrast 1135/1135
deg_analysis.33067369_37.out:Contrasts are completed in 1520.7 seconds
deg_analysis.33067369_37.out:
deg_analysis.33067369_37.out:    Writing:  ./data/tahoe/deg_data/group_rep/full/qc_false/filter_min_cells_10/intermediate/CVCL_1547/CVCL_1547_de.h5ad
deg_analysis.33067369_37.out:
deg_analysis.33067369_37.out:    Rewriting h5ad file: ./data/tahoe/deg_data/group_rep/full/qc_false/filter_min_cells_10/intermediate/CVCL_1547/CVCL_1547_de.h5ad
deg_analysis.33067369_37.out:    Removed X matrix
deg_analysis.33067369_37.out:    Rewriting h5ad file is done!
deg_analysis.33067369_37.out:✓ Cell line completed in 13349.7 seconds
deg_analysis.33067369_37.out:
deg_analysis.33067369_37.out:DE analysis completed!
deg_analysis.33067369_37.out:
deg_analysis.33067369_37.out:Total runtime: 13364.2 seconds
deg_analysis.33067369_37.err:During startup - Warning messages:
deg_analysis.33067369_37.err:1: Setting LC_CTYPE failed, using "C"
deg_analysis.33067369_37.err:2: Setting LC_COLLATE failed, using "C"
deg_analysis.33067369_37.err:3: Setting LC_TIME failed, using "C"
deg_analysis.33067369_37.err:4: Setting LC_MESSAGES failed, using "C"
deg_analysis.33067369_37.err:5: Setting LC_MONETARY failed, using "C"
deg_analysis.33067369_37.err:6: Setting LC_PAPER failed, using "C"
deg_analysis.33067369_37.err:7: Setting LC_MEASUREMENT failed, using "C"
deg_analysis.33067376_38.out:
deg_analysis.33067376_38.out:DE analysis started...
deg_analysis.33067376_38.out:Loaded input file:  ./data/tahoe/pseudobulk_processed/group_rep/by_celltype/CVCL_1550/CVCL_1550_processed.h5ad
deg_analysis.33067376_38.out:Initial dimensions:  1338  samples ×  61483  genes
deg_analysis.33067376_38.out:Filter samples with the low number of cells
deg_analysis.33067376_38.out:    Filter threshold (min_cells):  10
deg_analysis.33067376_38.out:    n_obs:  1338 -->  1334
deg_analysis.33067376_38.out:
deg_analysis.33067376_38.out:▶︎ Processing cell_type:  CVCL_1550
deg_analysis.33067376_38.out:    Filter controls by  pert_time_h  column
deg_analysis.33067376_38.out:        n_obs:  1334 -->  1334
deg_analysis.33067376_38.out:
deg_analysis.33067376_38.out:    Constructing design matrix...
deg_analysis.33067376_38.out:    Design matrix is constructed in 0.0 seconds
deg_analysis.33067376_38.out:    Design matrix dimensions: 1334 samples × 1148 coefficients
deg_analysis.33067376_38.out:    Filtering genes and normalizing counts...
deg_analysis.33067376_38.out:    Genes are filtered and normalized in 39.2 seconds
deg_analysis.33067376_38.out:    Running voom...
deg_analysis.33067376_38.out:    Voom is completed in 79.8 seconds
deg_analysis.33067376_38.out:    Running lmFit...
deg_analysis.33067376_38.out:    LmFit is completed in 6790.0 seconds
deg_analysis.33067376_38.out:DGE fit is completed in 6917.5 seconds
deg_analysis.33067376_38.out:    Running contrasts...
deg_analysis.33067376_38.out:    Running contrast 1/1134
deg_analysis.33067376_38.out:    Running contrast 51/1134
deg_analysis.33067376_38.out:    Running contrast 101/1134
deg_analysis.33067376_38.out:    Running contrast 151/1134
deg_analysis.33067376_38.out:    Running contrast 201/1134
deg_analysis.33067376_38.out:    Running contrast 251/1134
deg_analysis.33067376_38.out:    Running contrast 301/1134
deg_analysis.33067376_38.out:    Running contrast 351/1134
deg_analysis.33067376_38.out:    Running contrast 401/1134
deg_analysis.33067376_38.out:    Running contrast 451/1134
deg_analysis.33067376_38.out:    Running contrast 501/1134
deg_analysis.33067376_38.out:    Running contrast 551/1134
deg_analysis.33067376_38.out:    Running contrast 601/1134
deg_analysis.33067376_38.out:    Running contrast 651/1134
deg_analysis.33067376_38.out:    Running contrast 701/1134
deg_analysis.33067376_38.out:    Running contrast 751/1134
deg_analysis.33067376_38.out:    Running contrast 801/1134
deg_analysis.33067376_38.out:    Running contrast 851/1134
deg_analysis.33067376_38.out:    Running contrast 901/1134
deg_analysis.33067376_38.out:    Running contrast 951/1134
deg_analysis.33067376_38.out:    Running contrast 1001/1134
deg_analysis.33067376_38.out:    Running contrast 1051/1134
deg_analysis.33067376_38.out:    Running contrast 1101/1134
deg_analysis.33067376_38.out:    Running contrast 1134/1134
deg_analysis.33067376_38.out:Contrasts are completed in 804.1 seconds
deg_analysis.33067376_38.out:
deg_analysis.33067376_38.out:    Writing:  ./data/tahoe/deg_data/group_rep/full/qc_false/filter_min_cells_10/intermediate/CVCL_1550/CVCL_1550_de.h5ad
deg_analysis.33067376_38.out:
deg_analysis.33067376_38.out:    Rewriting h5ad file: ./data/tahoe/deg_data/group_rep/full/qc_false/filter_min_cells_10/intermediate/CVCL_1550/CVCL_1550_de.h5ad
deg_analysis.33067376_38.out:    Removed X matrix
deg_analysis.33067376_38.out:    Rewriting h5ad file is done!
deg_analysis.33067376_38.out:✓ Cell line completed in 7986.1 seconds
deg_analysis.33067376_38.out:
deg_analysis.33067376_38.out:DE analysis completed!
deg_analysis.33067376_38.out:
deg_analysis.33067376_38.out:Total runtime: 8074.7 seconds
deg_analysis.33067377_39.out:
deg_analysis.33067377_39.out:DE analysis started...
deg_analysis.33067377_39.out:Loaded input file:  ./data/tahoe/pseudobulk_processed/group_rep/by_celltype/CVCL_1571/CVCL_1571_processed.h5ad
deg_analysis.33067377_39.out:Initial dimensions:  1331  samples ×  61483  genes
deg_analysis.33067377_39.out:Filter samples with the low number of cells
deg_analysis.33067377_39.out:    Filter threshold (min_cells):  10
deg_analysis.33067377_39.out:    n_obs:  1331 -->  970
deg_analysis.33067377_39.out:
deg_analysis.33067377_39.out:▶︎ Processing cell_type:  CVCL_1571
deg_analysis.33067377_39.out:    Filter controls by  pert_time_h  column
deg_analysis.33067377_39.out:        n_obs:  970 -->  970
deg_analysis.33067377_39.out:
deg_analysis.33067377_39.out:    Constructing design matrix...
deg_analysis.33067377_39.out:    Design matrix is constructed in 0.0 seconds
deg_analysis.33067377_39.out:    Design matrix dimensions: 970 samples × 870 coefficients
deg_analysis.33067377_39.out:    Filtering genes and normalizing counts...
deg_analysis.33067377_39.out:    Genes are filtered and normalized in 3.3 seconds
deg_analysis.33067377_39.out:    Running voom...
deg_analysis.33067377_39.out:    Voom is completed in 1.6 seconds
deg_analysis.33067377_39.out:    Running lmFit...
deg_analysis.33067377_39.out:    LmFit is completed in 187.6 seconds
deg_analysis.33067377_39.out:DGE fit is completed in 194.8 seconds
deg_analysis.33067377_39.out:    Running contrasts...
deg_analysis.33067377_39.out:    Running contrast 1/856
deg_analysis.33067377_39.out:    Running contrast 51/856
deg_analysis.33067377_39.out:    Running contrast 101/856
deg_analysis.33067377_39.out:    Running contrast 151/856
deg_analysis.33067377_39.out:    Running contrast 201/856
deg_analysis.33067377_39.out:    Running contrast 251/856
deg_analysis.33067377_39.out:    Running contrast 301/856
deg_analysis.33067377_39.out:    Running contrast 351/856
deg_analysis.33067377_39.out:    Running contrast 401/856
deg_analysis.33067377_39.out:    Running contrast 451/856
deg_analysis.33067377_39.out:    Running contrast 501/856
deg_analysis.33067377_39.out:    Running contrast 551/856
deg_analysis.33067377_39.out:    Running contrast 601/856
deg_analysis.33067377_39.out:    Running contrast 651/856
deg_analysis.33067377_39.out:    Running contrast 701/856
deg_analysis.33067377_39.out:    Running contrast 751/856
deg_analysis.33067377_39.out:    Running contrast 801/856
deg_analysis.33067377_39.out:    Running contrast 851/856
deg_analysis.33067377_39.out:    Running contrast 856/856
deg_analysis.33067377_39.out:Contrasts are completed in 131.3 seconds
deg_analysis.33067377_39.out:
deg_analysis.33067377_39.out:    Writing:  ./data/tahoe/deg_data/group_rep/full/qc_false/filter_min_cells_10/intermediate/CVCL_1571/CVCL_1571_de.h5ad
deg_analysis.33067377_39.out:
deg_analysis.33067377_39.out:    Rewriting h5ad file: ./data/tahoe/deg_data/group_rep/full/qc_false/filter_min_cells_10/intermediate/CVCL_1571/CVCL_1571_de.h5ad
deg_analysis.33067377_39.out:    Removed X matrix
deg_analysis.33067377_39.out:    Rewriting h5ad file is done!
deg_analysis.33067377_39.out:✓ Cell line completed in 337.9 seconds
deg_analysis.33067377_39.out:
deg_analysis.33067377_39.out:DE analysis completed!
deg_analysis.33067377_39.out:
deg_analysis.33067377_39.out:Total runtime: 378.0 seconds
deg_analysis.33067378_40.out:
deg_analysis.33067378_40.out:DE analysis started...
deg_analysis.33067378_40.out:Loaded input file:  ./data/tahoe/pseudobulk_processed/group_rep/by_celltype/CVCL_1577/CVCL_1577_processed.h5ad
deg_analysis.33067378_40.out:Initial dimensions:  1333  samples ×  61483  genes
deg_analysis.33067378_40.out:Filter samples with the low number of cells
deg_analysis.33067378_40.out:    Filter threshold (min_cells):  10
deg_analysis.33067378_40.out:    n_obs:  1333 -->  1328
deg_analysis.33067378_40.out:
deg_analysis.33067378_40.out:▶︎ Processing cell_type:  CVCL_1577
deg_analysis.33067378_40.out:    Filter controls by  pert_time_h  column
deg_analysis.33067378_40.out:        n_obs:  1328 -->  1328
deg_analysis.33067378_40.out:
deg_analysis.33067378_40.out:    Constructing design matrix...
deg_analysis.33067378_40.out:    Design matrix is constructed in 0.0 seconds
deg_analysis.33067378_40.out:    Design matrix dimensions: 1328 samples × 1145 coefficients
deg_analysis.33067378_40.out:    Filtering genes and normalizing counts...
deg_analysis.33067378_40.out:    Genes are filtered and normalized in 18.0 seconds
deg_analysis.33067378_40.out:    Running voom...
deg_analysis.33067378_40.out:    Voom is completed in 22.2 seconds
deg_analysis.33067378_40.out:    Running lmFit...
deg_analysis.33067378_40.out:    LmFit is completed in 4825.9 seconds
deg_analysis.33067378_40.out:DGE fit is completed in 4870.4 seconds
deg_analysis.33067378_40.out:    Running contrasts...
deg_analysis.33067378_40.out:    Running contrast 1/1131
deg_analysis.33067378_40.out:    Running contrast 51/1131
deg_analysis.33067378_40.out:    Running contrast 101/1131
deg_analysis.33067378_40.out:    Running contrast 151/1131
deg_analysis.33067378_40.out:    Running contrast 201/1131
deg_analysis.33067378_40.out:    Running contrast 251/1131
deg_analysis.33067378_40.out:    Running contrast 301/1131
deg_analysis.33067378_40.out:    Running contrast 351/1131
deg_analysis.33067378_40.out:    Running contrast 401/1131
deg_analysis.33067378_40.out:    Running contrast 451/1131
deg_analysis.33067378_40.out:    Running contrast 501/1131
deg_analysis.33067378_40.out:    Running contrast 551/1131
deg_analysis.33067378_40.out:    Running contrast 601/1131
deg_analysis.33067378_40.out:    Running contrast 651/1131
deg_analysis.33067378_40.out:    Running contrast 701/1131
deg_analysis.33067378_40.out:    Running contrast 751/1131
deg_analysis.33067378_40.out:    Running contrast 801/1131
deg_analysis.33067378_40.out:    Running contrast 851/1131
deg_analysis.33067378_40.out:    Running contrast 901/1131
deg_analysis.33067378_40.out:    Running contrast 951/1131
deg_analysis.33067378_40.out:    Running contrast 1001/1131
deg_analysis.33067378_40.out:    Running contrast 1051/1131
deg_analysis.33067378_40.out:    Running contrast 1101/1131
deg_analysis.33067378_40.out:    Running contrast 1131/1131
deg_analysis.33067378_40.out:Contrasts are completed in 582.7 seconds
deg_analysis.33067378_40.out:
deg_analysis.33067378_40.out:    Writing:  ./data/tahoe/deg_data/group_rep/full/qc_false/filter_min_cells_10/intermediate/CVCL_1577/CVCL_1577_de.h5ad
deg_analysis.33067378_40.out:
deg_analysis.33067378_40.out:    Rewriting h5ad file: ./data/tahoe/deg_data/group_rep/full/qc_false/filter_min_cells_10/intermediate/CVCL_1577/CVCL_1577_de.h5ad
deg_analysis.33067378_40.out:    Removed X matrix
deg_analysis.33067378_40.out:    Rewriting h5ad file is done!
deg_analysis.33067378_40.out:✓ Cell line completed in 5587.9 seconds
deg_analysis.33067378_40.out:
deg_analysis.33067378_40.out:DE analysis completed!
deg_analysis.33067378_40.out:
deg_analysis.33067378_40.out:Total runtime: 5599.6 seconds
deg_analysis.33067379_41.out:
deg_analysis.33067379_41.out:DE analysis started...
deg_analysis.33067379_41.out:Loaded input file:  ./data/tahoe/pseudobulk_processed/group_rep/by_celltype/CVCL_1635/CVCL_1635_processed.h5ad
deg_analysis.33067379_41.out:Initial dimensions:  1341  samples ×  61483  genes
deg_analysis.33067379_41.out:Filter samples with the low number of cells
deg_analysis.33067379_41.out:    Filter threshold (min_cells):  10
deg_analysis.33067379_41.out:    n_obs:  1341 -->  1335
deg_analysis.33067379_41.out:
deg_analysis.33067379_41.out:▶︎ Processing cell_type:  CVCL_1635
deg_analysis.33067379_41.out:    Filter controls by  pert_time_h  column
deg_analysis.33067379_41.out:        n_obs:  1335 -->  1335
deg_analysis.33067379_41.out:
deg_analysis.33067379_41.out:    Constructing design matrix...
deg_analysis.33067379_41.out:    Design matrix is constructed in 0.0 seconds
deg_analysis.33067379_41.out:    Design matrix dimensions: 1335 samples × 1149 coefficients
deg_analysis.33067379_41.out:    Filtering genes and normalizing counts...
deg_analysis.33067379_41.out:    Genes are filtered and normalized in 23.7 seconds
deg_analysis.33067379_41.out:    Running voom...
deg_analysis.33067379_41.out:    Voom is completed in 34.0 seconds
deg_analysis.33067379_41.out:    Running lmFit...
deg_analysis.33067379_41.out:    LmFit is completed in 7246.5 seconds
deg_analysis.33067379_41.out:DGE fit is completed in 7309.6 seconds
deg_analysis.33067379_41.out:    Running contrasts...
deg_analysis.33067379_41.out:    Running contrast 1/1135
deg_analysis.33067379_41.out:    Running contrast 51/1135
deg_analysis.33067379_41.out:    Running contrast 101/1135
deg_analysis.33067379_41.out:    Running contrast 151/1135
deg_analysis.33067379_41.out:    Running contrast 201/1135
deg_analysis.33067379_41.out:    Running contrast 251/1135
deg_analysis.33067379_41.out:    Running contrast 301/1135
deg_analysis.33067379_41.out:    Running contrast 351/1135
deg_analysis.33067379_41.out:    Running contrast 401/1135
deg_analysis.33067379_41.out:    Running contrast 451/1135
deg_analysis.33067379_41.out:    Running contrast 501/1135
deg_analysis.33067379_41.out:    Running contrast 551/1135
deg_analysis.33067379_41.out:    Running contrast 601/1135
deg_analysis.33067379_41.out:    Running contrast 651/1135
deg_analysis.33067379_41.out:    Running contrast 701/1135
deg_analysis.33067379_41.out:    Running contrast 751/1135
deg_analysis.33067379_41.out:    Running contrast 801/1135
deg_analysis.33067379_41.out:    Running contrast 851/1135
deg_analysis.33067379_41.out:    Running contrast 901/1135
deg_analysis.33067379_41.out:    Running contrast 951/1135
deg_analysis.33067379_41.out:    Running contrast 1001/1135
deg_analysis.33067379_41.out:    Running contrast 1051/1135
deg_analysis.33067379_41.out:    Running contrast 1101/1135
deg_analysis.33067379_41.out:    Running contrast 1135/1135
deg_analysis.33067379_41.out:Contrasts are completed in 680.8 seconds
deg_analysis.33067379_41.out:
deg_analysis.33067379_41.out:    Writing:  ./data/tahoe/deg_data/group_rep/full/qc_false/filter_min_cells_10/intermediate/CVCL_1635/CVCL_1635_de.h5ad
deg_analysis.33067379_41.out:
deg_analysis.33067379_41.out:    Rewriting h5ad file: ./data/tahoe/deg_data/group_rep/full/qc_false/filter_min_cells_10/intermediate/CVCL_1635/CVCL_1635_de.h5ad
deg_analysis.33067379_41.out:    Removed X matrix
deg_analysis.33067379_41.out:    Rewriting h5ad file is done!
deg_analysis.33067379_41.out:✓ Cell line completed in 8198.8 seconds
deg_analysis.33067379_41.out:
deg_analysis.33067379_41.out:DE analysis completed!
deg_analysis.33067379_41.out:
deg_analysis.33067379_41.out:Total runtime: 8206.6 seconds
deg_analysis.33067381_42.out:
deg_analysis.33067381_42.out:DE analysis started...
deg_analysis.33067381_42.out:Loaded input file:  ./data/tahoe/pseudobulk_processed/group_rep/by_celltype/CVCL_1666/CVCL_1666_processed.h5ad
deg_analysis.33067381_42.out:Initial dimensions:  1341  samples ×  61483  genes
deg_analysis.33067381_42.out:Filter samples with the low number of cells
deg_analysis.33067381_42.out:    Filter threshold (min_cells):  10
deg_analysis.33067381_42.out:    n_obs:  1341 -->  1334
deg_analysis.33067381_42.out:
deg_analysis.33067381_42.out:▶︎ Processing cell_type:  CVCL_1666
deg_analysis.33067381_42.out:    Filter controls by  pert_time_h  column
deg_analysis.33067381_42.out:        n_obs:  1334 -->  1334
deg_analysis.33067381_42.out:
deg_analysis.33067381_42.out:    Constructing design matrix...
deg_analysis.33067381_42.out:    Design matrix is constructed in 0.0 seconds
deg_analysis.33067381_42.out:    Design matrix dimensions: 1334 samples × 1150 coefficients
deg_analysis.33067381_42.out:    Filtering genes and normalizing counts...
deg_analysis.33067381_42.out:    Genes are filtered and normalized in 25.8 seconds
deg_analysis.33067381_42.out:    Running voom...
deg_analysis.33067381_42.out:    Voom is completed in 36.6 seconds
deg_analysis.33067381_42.out:    Running lmFit...
deg_analysis.33067381_42.out:    LmFit is completed in 7561.0 seconds
deg_analysis.33067381_42.out:DGE fit is completed in 7628.8 seconds
deg_analysis.33067381_42.out:    Running contrasts...
deg_analysis.33067381_42.out:    Running contrast 1/1136
deg_analysis.33067381_42.out:    Running contrast 51/1136
deg_analysis.33067381_42.out:    Running contrast 101/1136
deg_analysis.33067381_42.out:    Running contrast 151/1136
deg_analysis.33067381_42.out:    Running contrast 201/1136
deg_analysis.33067381_42.out:    Running contrast 251/1136
deg_analysis.33067381_42.out:    Running contrast 301/1136
deg_analysis.33067381_42.out:    Running contrast 351/1136
deg_analysis.33067381_42.out:    Running contrast 401/1136
deg_analysis.33067381_42.out:    Running contrast 451/1136
deg_analysis.33067381_42.out:    Running contrast 501/1136
deg_analysis.33067381_42.out:    Running contrast 551/1136
deg_analysis.33067381_42.out:    Running contrast 601/1136
deg_analysis.33067381_42.out:    Running contrast 651/1136
deg_analysis.33067381_42.out:    Running contrast 701/1136
deg_analysis.33067381_42.out:    Running contrast 751/1136
deg_analysis.33067381_42.out:    Running contrast 801/1136
deg_analysis.33067381_42.out:    Running contrast 851/1136
deg_analysis.33067381_42.out:    Running contrast 901/1136
deg_analysis.33067381_42.out:    Running contrast 951/1136
deg_analysis.33067381_42.out:    Running contrast 1001/1136
deg_analysis.33067381_42.out:    Running contrast 1051/1136
deg_analysis.33067381_42.out:    Running contrast 1101/1136
deg_analysis.33067381_42.out:    Running contrast 1136/1136
deg_analysis.33067381_42.out:Contrasts are completed in 705.9 seconds
deg_analysis.33067381_42.out:
deg_analysis.33067381_42.out:    Writing:  ./data/tahoe/deg_data/group_rep/full/qc_false/filter_min_cells_10/intermediate/CVCL_1666/CVCL_1666_de.h5ad
deg_analysis.33067381_42.out:
deg_analysis.33067381_42.out:    Rewriting h5ad file: ./data/tahoe/deg_data/group_rep/full/qc_false/filter_min_cells_10/intermediate/CVCL_1666/CVCL_1666_de.h5ad
deg_analysis.33067381_42.out:    Removed X matrix
deg_analysis.33067381_42.out:    Rewriting h5ad file is done!
deg_analysis.33067381_42.out:✓ Cell line completed in 8549.3 seconds
deg_analysis.33067381_42.out:
deg_analysis.33067381_42.out:DE analysis completed!
deg_analysis.33067381_42.out:
deg_analysis.33067381_42.out:Total runtime: 8557.3 seconds
deg_analysis.33067382_43.out:
deg_analysis.33067382_43.out:DE analysis started...
deg_analysis.33067382_43.out:Loaded input file:  ./data/tahoe/pseudobulk_processed/group_rep/by_celltype/CVCL_1693/CVCL_1693_processed.h5ad
deg_analysis.33067382_43.out:Initial dimensions:  1342  samples ×  61483  genes
deg_analysis.33067382_43.out:Filter samples with the low number of cells
deg_analysis.33067382_43.out:    Filter threshold (min_cells):  10
deg_analysis.33067382_43.out:    n_obs:  1342 -->  1335
deg_analysis.33067382_43.out:
deg_analysis.33067382_43.out:▶︎ Processing cell_type:  CVCL_1693
deg_analysis.33067382_43.out:    Filter controls by  pert_time_h  column
deg_analysis.33067382_43.out:        n_obs:  1335 -->  1335
deg_analysis.33067382_43.out:
deg_analysis.33067382_43.out:    Constructing design matrix...
deg_analysis.33067382_43.out:    Design matrix is constructed in 0.0 seconds
deg_analysis.33067382_43.out:    Design matrix dimensions: 1335 samples × 1150 coefficients
deg_analysis.33067382_43.out:    Filtering genes and normalizing counts...
deg_analysis.33067382_43.out:    Genes are filtered and normalized in 29.0 seconds
deg_analysis.33067382_43.out:    Running voom...
deg_analysis.33067382_43.out:    Voom is completed in 40.2 seconds
deg_analysis.33067382_43.out:    Running lmFit...
deg_analysis.33067382_43.out:    LmFit is completed in 7348.1 seconds
deg_analysis.33067382_43.out:DGE fit is completed in 7423.3 seconds
deg_analysis.33067382_43.out:    Running contrasts...
deg_analysis.33067382_43.out:    Running contrast 1/1136
deg_analysis.33067382_43.out:    Running contrast 51/1136
deg_analysis.33067382_43.out:    Running contrast 101/1136
deg_analysis.33067382_43.out:    Running contrast 151/1136
deg_analysis.33067382_43.out:    Running contrast 201/1136
deg_analysis.33067382_43.out:    Running contrast 251/1136
deg_analysis.33067382_43.out:    Running contrast 301/1136
deg_analysis.33067382_43.out:    Running contrast 351/1136
deg_analysis.33067382_43.out:    Running contrast 401/1136
deg_analysis.33067382_43.out:    Running contrast 451/1136
deg_analysis.33067382_43.out:    Running contrast 501/1136
deg_analysis.33067382_43.out:    Running contrast 551/1136
deg_analysis.33067382_43.out:    Running contrast 601/1136
deg_analysis.33067382_43.out:    Running contrast 651/1136
deg_analysis.33067382_43.out:    Running contrast 701/1136
deg_analysis.33067382_43.out:    Running contrast 751/1136
deg_analysis.33067382_43.out:    Running contrast 801/1136
deg_analysis.33067382_43.out:    Running contrast 851/1136
deg_analysis.33067382_43.out:    Running contrast 901/1136
deg_analysis.33067382_43.out:    Running contrast 951/1136
deg_analysis.33067382_43.out:    Running contrast 1001/1136
deg_analysis.33067382_43.out:    Running contrast 1051/1136
deg_analysis.33067382_43.out:    Running contrast 1101/1136
deg_analysis.33067382_43.out:    Running contrast 1136/1136
deg_analysis.33067382_43.out:Contrasts are completed in 699.7 seconds
deg_analysis.33067382_43.out:
deg_analysis.33067382_43.out:    Writing:  ./data/tahoe/deg_data/group_rep/full/qc_false/filter_min_cells_10/intermediate/CVCL_1693/CVCL_1693_de.h5ad
deg_analysis.33067382_43.out:
deg_analysis.33067382_43.out:    Rewriting h5ad file: ./data/tahoe/deg_data/group_rep/full/qc_false/filter_min_cells_10/intermediate/CVCL_1693/CVCL_1693_de.h5ad
deg_analysis.33067382_43.out:    Removed X matrix
deg_analysis.33067382_43.out:    Rewriting h5ad file is done!
deg_analysis.33067382_43.out:✓ Cell line completed in 8350.3 seconds
deg_analysis.33067382_43.out:
deg_analysis.33067382_43.out:DE analysis completed!
deg_analysis.33067382_43.out:
deg_analysis.33067382_43.out:Total runtime: 8362.9 seconds
deg_analysis.33067383_44.out:
deg_analysis.33067383_44.out:DE analysis started...
deg_analysis.33067383_44.out:Loaded input file:  ./data/tahoe/pseudobulk_processed/group_rep/by_celltype/CVCL_1715/CVCL_1715_processed.h5ad
deg_analysis.33067383_44.out:Initial dimensions:  1340  samples ×  61483  genes
deg_analysis.33067383_44.out:Filter samples with the low number of cells
deg_analysis.33067383_44.out:    Filter threshold (min_cells):  10
deg_analysis.33067383_44.out:    n_obs:  1340 -->  1326
deg_analysis.33067383_44.out:
deg_analysis.33067383_44.out:▶︎ Processing cell_type:  CVCL_1715
deg_analysis.33067383_44.out:    Filter controls by  pert_time_h  column
deg_analysis.33067383_44.out:        n_obs:  1326 -->  1326
deg_analysis.33067383_44.out:
deg_analysis.33067383_44.out:    Constructing design matrix...
deg_analysis.33067383_44.out:    Design matrix is constructed in 0.0 seconds
deg_analysis.33067383_44.out:    Design matrix dimensions: 1326 samples × 1143 coefficients
deg_analysis.33067383_44.out:    Filtering genes and normalizing counts...
deg_analysis.33067383_44.out:    Genes are filtered and normalized in 16.1 seconds
deg_analysis.33067383_44.out:    Running voom...
deg_analysis.33067383_44.out:    Voom is completed in 24.4 seconds
deg_analysis.33067383_44.out:    Running lmFit...
deg_analysis.33067383_44.out:    LmFit is completed in 4367.2 seconds
deg_analysis.33067383_44.out:DGE fit is completed in 4412.0 seconds
deg_analysis.33067383_44.out:    Running contrasts...
deg_analysis.33067383_44.out:    Running contrast 1/1129
deg_analysis.33067383_44.out:    Running contrast 51/1129
deg_analysis.33067383_44.out:    Running contrast 101/1129
deg_analysis.33067383_44.out:    Running contrast 151/1129
deg_analysis.33067383_44.out:    Running contrast 201/1129
deg_analysis.33067383_44.out:    Running contrast 251/1129
deg_analysis.33067383_44.out:    Running contrast 301/1129
deg_analysis.33067383_44.out:    Running contrast 351/1129
deg_analysis.33067383_44.out:    Running contrast 401/1129
deg_analysis.33067383_44.out:    Running contrast 451/1129
deg_analysis.33067383_44.out:    Running contrast 501/1129
deg_analysis.33067383_44.out:    Running contrast 551/1129
deg_analysis.33067383_44.out:    Running contrast 601/1129
deg_analysis.33067383_44.out:    Running contrast 651/1129
deg_analysis.33067383_44.out:    Running contrast 701/1129
deg_analysis.33067383_44.out:    Running contrast 751/1129
deg_analysis.33067383_44.out:    Running contrast 801/1129
deg_analysis.33067383_44.out:    Running contrast 851/1129
deg_analysis.33067383_44.out:    Running contrast 901/1129
deg_analysis.33067383_44.out:    Running contrast 951/1129
deg_analysis.33067383_44.out:    Running contrast 1001/1129
deg_analysis.33067383_44.out:    Running contrast 1051/1129
deg_analysis.33067383_44.out:    Running contrast 1101/1129
deg_analysis.33067383_44.out:    Running contrast 1129/1129
deg_analysis.33067383_44.out:Contrasts are completed in 512.2 seconds
deg_analysis.33067383_44.out:
deg_analysis.33067383_44.out:    Writing:  ./data/tahoe/deg_data/group_rep/full/qc_false/filter_min_cells_10/intermediate/CVCL_1715/CVCL_1715_de.h5ad
deg_analysis.33067383_44.out:
deg_analysis.33067383_44.out:    Rewriting h5ad file: ./data/tahoe/deg_data/group_rep/full/qc_false/filter_min_cells_10/intermediate/CVCL_1715/CVCL_1715_de.h5ad
deg_analysis.33067383_44.out:    Removed X matrix
deg_analysis.33067383_44.out:    Rewriting h5ad file is done!
deg_analysis.33067383_44.out:✓ Cell line completed in 5038.8 seconds
deg_analysis.33067383_44.out:
deg_analysis.33067383_44.out:DE analysis completed!
deg_analysis.33067383_44.out:
deg_analysis.33067383_44.out:Total runtime: 5048.8 seconds
deg_analysis.33067385_45.out:
deg_analysis.33067385_45.out:DE analysis started...
deg_analysis.33067385_45.out:Loaded input file:  ./data/tahoe/pseudobulk_processed/group_rep/by_celltype/CVCL_1716/CVCL_1716_processed.h5ad
deg_analysis.33067385_45.out:Initial dimensions:  1333  samples ×  61483  genes
deg_analysis.33067385_45.out:Filter samples with the low number of cells
deg_analysis.33067385_45.out:    Filter threshold (min_cells):  10
deg_analysis.33067385_45.out:    n_obs:  1333 -->  1328
deg_analysis.33067385_45.out:
deg_analysis.33067385_45.out:▶︎ Processing cell_type:  CVCL_1716
deg_analysis.33067385_45.out:    Filter controls by  pert_time_h  column
deg_analysis.33067385_45.out:        n_obs:  1328 -->  1328
deg_analysis.33067385_45.out:
deg_analysis.33067385_45.out:    Constructing design matrix...
deg_analysis.33067385_45.out:    Design matrix is constructed in 0.0 seconds
deg_analysis.33067385_45.out:    Design matrix dimensions: 1328 samples × 1145 coefficients
deg_analysis.33067385_45.out:    Filtering genes and normalizing counts...
deg_analysis.33067385_45.out:    Genes are filtered and normalized in 20.9 seconds
deg_analysis.33067385_45.out:    Running voom...
deg_analysis.33067385_45.out:    Voom is completed in 37.3 seconds
deg_analysis.33067385_45.out:    Running lmFit...
deg_analysis.33067385_45.out:    LmFit is completed in 5315.2 seconds
deg_analysis.33067385_45.out:DGE fit is completed in 5378.4 seconds
deg_analysis.33067385_45.out:    Running contrasts...
deg_analysis.33067385_45.out:    Running contrast 1/1131
deg_analysis.33067385_45.out:    Running contrast 51/1131
deg_analysis.33067385_45.out:    Running contrast 101/1131
deg_analysis.33067385_45.out:    Running contrast 151/1131
deg_analysis.33067385_45.out:    Running contrast 201/1131
deg_analysis.33067385_45.out:    Running contrast 251/1131
deg_analysis.33067385_45.out:    Running contrast 301/1131
deg_analysis.33067385_45.out:    Running contrast 351/1131
deg_analysis.33067385_45.out:    Running contrast 401/1131
deg_analysis.33067385_45.out:    Running contrast 451/1131
deg_analysis.33067385_45.out:    Running contrast 501/1131
deg_analysis.33067385_45.out:    Running contrast 551/1131
deg_analysis.33067385_45.out:    Running contrast 601/1131
deg_analysis.33067385_45.out:    Running contrast 651/1131
deg_analysis.33067385_45.out:    Running contrast 701/1131
deg_analysis.33067385_45.out:    Running contrast 751/1131
deg_analysis.33067385_45.out:    Running contrast 801/1131
deg_analysis.33067385_45.out:    Running contrast 851/1131
deg_analysis.33067385_45.out:    Running contrast 901/1131
deg_analysis.33067385_45.out:    Running contrast 951/1131
deg_analysis.33067385_45.out:    Running contrast 1001/1131
deg_analysis.33067385_45.out:    Running contrast 1051/1131
deg_analysis.33067385_45.out:    Running contrast 1101/1131
deg_analysis.33067385_45.out:    Running contrast 1131/1131
deg_analysis.33067385_45.out:Contrasts are completed in 547.3 seconds
deg_analysis.33067385_45.out:
deg_analysis.33067385_45.out:    Writing:  ./data/tahoe/deg_data/group_rep/full/qc_false/filter_min_cells_10/intermediate/CVCL_1716/CVCL_1716_de.h5ad
deg_analysis.33067385_45.out:
deg_analysis.33067385_45.out:    Rewriting h5ad file: ./data/tahoe/deg_data/group_rep/full/qc_false/filter_min_cells_10/intermediate/CVCL_1716/CVCL_1716_de.h5ad
deg_analysis.33067385_45.out:    Removed X matrix
deg_analysis.33067385_45.out:    Rewriting h5ad file is done!
deg_analysis.33067385_45.out:✓ Cell line completed in 6068.1 seconds
deg_analysis.33067385_45.out:
deg_analysis.33067385_45.out:DE analysis completed!
deg_analysis.33067385_45.out:
deg_analysis.33067385_45.out:Total runtime: 6086.3 seconds
deg_analysis.33067388_46.out:
deg_analysis.33067388_46.out:DE analysis started...
deg_analysis.33067388_46.out:Loaded input file:  ./data/tahoe/pseudobulk_processed/group_rep/by_celltype/CVCL_1717/CVCL_1717_processed.h5ad
deg_analysis.33067388_46.out:Initial dimensions:  1340  samples ×  61483  genes
deg_analysis.33067388_46.out:Filter samples with the low number of cells
deg_analysis.33067388_46.out:    Filter threshold (min_cells):  10
deg_analysis.33067388_46.out:    n_obs:  1340 -->  1334
deg_analysis.33067388_46.out:
deg_analysis.33067388_46.out:▶︎ Processing cell_type:  CVCL_1717
deg_analysis.33067388_46.out:    Filter controls by  pert_time_h  column
deg_analysis.33067388_46.out:        n_obs:  1334 -->  1334
deg_analysis.33067388_46.out:
deg_analysis.33067388_46.out:    Constructing design matrix...
deg_analysis.33067388_46.out:    Design matrix is constructed in 0.0 seconds
deg_analysis.33067388_46.out:    Design matrix dimensions: 1334 samples × 1148 coefficients
deg_analysis.33067388_46.out:    Filtering genes and normalizing counts...
deg_analysis.33067388_46.out:    Genes are filtered and normalized in 27.5 seconds
deg_analysis.33067388_46.out:    Running voom...
deg_analysis.33067388_46.out:    Voom is completed in 42.5 seconds
deg_analysis.33067388_46.out:    Running lmFit...
deg_analysis.33067388_46.out:    LmFit is completed in 7714.5 seconds
deg_analysis.33067388_46.out:DGE fit is completed in 7790.5 seconds
deg_analysis.33067388_46.out:    Running contrasts...
deg_analysis.33067388_46.out:    Running contrast 1/1134
deg_analysis.33067388_46.out:    Running contrast 51/1134
deg_analysis.33067388_46.out:    Running contrast 101/1134
deg_analysis.33067388_46.out:    Running contrast 151/1134
deg_analysis.33067388_46.out:    Running contrast 201/1134
deg_analysis.33067388_46.out:    Running contrast 251/1134
deg_analysis.33067388_46.out:    Running contrast 301/1134
deg_analysis.33067388_46.out:    Running contrast 351/1134
deg_analysis.33067388_46.out:    Running contrast 401/1134
deg_analysis.33067388_46.out:    Running contrast 451/1134
deg_analysis.33067388_46.out:    Running contrast 501/1134
deg_analysis.33067388_46.out:    Running contrast 551/1134
deg_analysis.33067388_46.out:    Running contrast 601/1134
deg_analysis.33067388_46.out:    Running contrast 651/1134
deg_analysis.33067388_46.out:    Running contrast 701/1134
deg_analysis.33067388_46.out:    Running contrast 751/1134
deg_analysis.33067388_46.out:    Running contrast 801/1134
deg_analysis.33067388_46.out:    Running contrast 851/1134
deg_analysis.33067388_46.out:    Running contrast 901/1134
deg_analysis.33067388_46.out:    Running contrast 951/1134
deg_analysis.33067388_46.out:    Running contrast 1001/1134
deg_analysis.33067388_46.out:    Running contrast 1051/1134
deg_analysis.33067388_46.out:    Running contrast 1101/1134
deg_analysis.33067388_46.out:    Running contrast 1134/1134
deg_analysis.33067388_46.out:Contrasts are completed in 683.3 seconds
deg_analysis.33067388_46.out:
deg_analysis.33067388_46.out:    Writing:  ./data/tahoe/deg_data/group_rep/full/qc_false/filter_min_cells_10/intermediate/CVCL_1717/CVCL_1717_de.h5ad
deg_analysis.33067388_46.out:
deg_analysis.33067388_46.out:    Rewriting h5ad file: ./data/tahoe/deg_data/group_rep/full/qc_false/filter_min_cells_10/intermediate/CVCL_1717/CVCL_1717_de.h5ad
deg_analysis.33067388_46.out:    Removed X matrix
deg_analysis.33067388_46.out:    Rewriting h5ad file is done!
deg_analysis.33067388_46.out:✓ Cell line completed in 8684.3 seconds
deg_analysis.33067388_46.out:
deg_analysis.33067388_46.out:DE analysis completed!
deg_analysis.33067388_46.out:
deg_analysis.33067388_46.out:Total runtime: 8696.3 seconds
deg_analysis.33067390_47.out:
deg_analysis.33067390_47.out:DE analysis started...
deg_analysis.33067390_47.out:Loaded input file:  ./data/tahoe/pseudobulk_processed/group_rep/by_celltype/CVCL_1724/CVCL_1724_processed.h5ad
deg_analysis.33067390_47.out:Initial dimensions:  1339  samples ×  61483  genes
deg_analysis.33067390_47.out:Filter samples with the low number of cells
deg_analysis.33067390_47.out:    Filter threshold (min_cells):  10
deg_analysis.33067390_47.out:    n_obs:  1339 -->  1334
deg_analysis.33067390_47.out:
deg_analysis.33067390_47.out:▶︎ Processing cell_type:  CVCL_1724
deg_analysis.33067390_47.out:    Filter controls by  pert_time_h  column
deg_analysis.33067390_47.out:        n_obs:  1334 -->  1334
deg_analysis.33067390_47.out:
deg_analysis.33067390_47.out:    Constructing design matrix...
deg_analysis.33067390_47.out:    Design matrix is constructed in 0.0 seconds
deg_analysis.33067390_47.out:    Design matrix dimensions: 1334 samples × 1149 coefficients
deg_analysis.33067390_47.out:    Filtering genes and normalizing counts...
deg_analysis.33067390_47.out:    Genes are filtered and normalized in 25.1 seconds
deg_analysis.33067390_47.out:    Running voom...
deg_analysis.33067390_47.out:    Voom is completed in 58.2 seconds
deg_analysis.33067390_47.out:    Running lmFit...
deg_analysis.33067390_47.out:    LmFit is completed in 6738.2 seconds
deg_analysis.33067390_47.out:DGE fit is completed in 6827.3 seconds
deg_analysis.33067390_47.out:    Running contrasts...
deg_analysis.33067390_47.out:    Running contrast 1/1135
deg_analysis.33067390_47.out:    Running contrast 51/1135
deg_analysis.33067390_47.out:    Running contrast 101/1135
deg_analysis.33067390_47.out:    Running contrast 151/1135
deg_analysis.33067390_47.out:    Running contrast 201/1135
deg_analysis.33067390_47.out:    Running contrast 251/1135
deg_analysis.33067390_47.out:    Running contrast 301/1135
deg_analysis.33067390_47.out:    Running contrast 351/1135
deg_analysis.33067390_47.out:    Running contrast 401/1135
deg_analysis.33067390_47.out:    Running contrast 451/1135
deg_analysis.33067390_47.out:    Running contrast 501/1135
deg_analysis.33067390_47.out:    Running contrast 551/1135
deg_analysis.33067390_47.out:    Running contrast 601/1135
deg_analysis.33067390_47.out:    Running contrast 651/1135
deg_analysis.33067390_47.out:    Running contrast 701/1135
deg_analysis.33067390_47.out:    Running contrast 751/1135
deg_analysis.33067390_47.out:    Running contrast 801/1135
deg_analysis.33067390_47.out:    Running contrast 851/1135
deg_analysis.33067390_47.out:    Running contrast 901/1135
deg_analysis.33067390_47.out:    Running contrast 951/1135
deg_analysis.33067390_47.out:    Running contrast 1001/1135
deg_analysis.33067390_47.out:    Running contrast 1051/1135
deg_analysis.33067390_47.out:    Running contrast 1101/1135
deg_analysis.33067390_47.out:    Running contrast 1135/1135
deg_analysis.33067390_47.out:Contrasts are completed in 720.3 seconds
deg_analysis.33067390_47.out:
deg_analysis.33067390_47.out:    Writing:  ./data/tahoe/deg_data/group_rep/full/qc_false/filter_min_cells_10/intermediate/CVCL_1724/CVCL_1724_de.h5ad
deg_analysis.33067390_47.out:
deg_analysis.33067390_47.out:    Rewriting h5ad file: ./data/tahoe/deg_data/group_rep/full/qc_false/filter_min_cells_10/intermediate/CVCL_1724/CVCL_1724_de.h5ad
deg_analysis.33067390_47.out:    Removed X matrix
deg_analysis.33067390_47.out:    Rewriting h5ad file is done!
deg_analysis.33067390_47.out:✓ Cell line completed in 7753.6 seconds
deg_analysis.33067390_47.out:
deg_analysis.33067390_47.out:DE analysis completed!
deg_analysis.33067390_47.out:
deg_analysis.33067390_47.out:Total runtime: 7785.2 seconds
deg_analysis.33067391_48.out:
deg_analysis.33067391_48.out:DE analysis started...
deg_analysis.33067391_48.out:Loaded input file:  ./data/tahoe/pseudobulk_processed/group_rep/by_celltype/CVCL_1731/CVCL_1731_processed.h5ad
deg_analysis.33067391_48.out:Initial dimensions:  1342  samples ×  61483  genes
deg_analysis.33067391_48.out:Filter samples with the low number of cells
deg_analysis.33067391_48.out:    Filter threshold (min_cells):  10
deg_analysis.33067391_48.out:    n_obs:  1342 -->  1335
deg_analysis.33067391_48.out:
deg_analysis.33067391_48.out:▶︎ Processing cell_type:  CVCL_1731
deg_analysis.33067391_48.out:    Filter controls by  pert_time_h  column
deg_analysis.33067391_48.out:        n_obs:  1335 -->  1335
deg_analysis.33067391_48.out:
deg_analysis.33067391_48.out:    Constructing design matrix...
deg_analysis.33067391_48.out:    Design matrix is constructed in 0.0 seconds
deg_analysis.33067391_48.out:    Design matrix dimensions: 1335 samples × 1149 coefficients
deg_analysis.33067391_48.out:    Filtering genes and normalizing counts...
deg_analysis.33067391_48.out:    Genes are filtered and normalized in 27.4 seconds
deg_analysis.33067391_48.out:    Running voom...
deg_analysis.33067391_48.out:    Voom is completed in 53.9 seconds
deg_analysis.33067391_48.out:    Running lmFit...
deg_analysis.33067391_48.out:    LmFit is completed in 7381.8 seconds
deg_analysis.33067391_48.out:DGE fit is completed in 7468.9 seconds
deg_analysis.33067391_48.out:    Running contrasts...
deg_analysis.33067391_48.out:    Running contrast 1/1135
deg_analysis.33067391_48.out:    Running contrast 51/1135
deg_analysis.33067391_48.out:    Running contrast 101/1135
deg_analysis.33067391_48.out:    Running contrast 151/1135
deg_analysis.33067391_48.out:    Running contrast 201/1135
deg_analysis.33067391_48.out:    Running contrast 251/1135
deg_analysis.33067391_48.out:    Running contrast 301/1135
deg_analysis.33067391_48.out:    Running contrast 351/1135
deg_analysis.33067391_48.out:    Running contrast 401/1135
deg_analysis.33067391_48.out:    Running contrast 451/1135
deg_analysis.33067391_48.out:    Running contrast 501/1135
deg_analysis.33067391_48.out:    Running contrast 551/1135
deg_analysis.33067391_48.out:    Running contrast 601/1135
deg_analysis.33067391_48.out:    Running contrast 651/1135
deg_analysis.33067391_48.out:    Running contrast 701/1135
deg_analysis.33067391_48.out:    Running contrast 751/1135
deg_analysis.33067391_48.out:    Running contrast 801/1135
deg_analysis.33067391_48.out:    Running contrast 851/1135
deg_analysis.33067391_48.out:    Running contrast 901/1135
deg_analysis.33067391_48.out:    Running contrast 951/1135
deg_analysis.33067391_48.out:    Running contrast 1001/1135
deg_analysis.33067391_48.out:    Running contrast 1051/1135
deg_analysis.33067391_48.out:    Running contrast 1101/1135
deg_analysis.33067391_48.out:    Running contrast 1135/1135
deg_analysis.33067391_48.out:Contrasts are completed in 672.0 seconds
deg_analysis.33067391_48.out:
deg_analysis.33067391_48.out:    Writing:  ./data/tahoe/deg_data/group_rep/full/qc_false/filter_min_cells_10/intermediate/CVCL_1731/CVCL_1731_de.h5ad
deg_analysis.33067391_48.out:
deg_analysis.33067391_48.out:    Rewriting h5ad file: ./data/tahoe/deg_data/group_rep/full/qc_false/filter_min_cells_10/intermediate/CVCL_1731/CVCL_1731_de.h5ad
deg_analysis.33067391_48.out:    Removed X matrix
deg_analysis.33067391_48.out:    Rewriting h5ad file is done!
deg_analysis.33067391_48.out:✓ Cell line completed in 8340.6 seconds
deg_analysis.33067391_48.out:
deg_analysis.33067391_48.out:DE analysis completed!
deg_analysis.33067391_48.out:
deg_analysis.33067391_48.out:Total runtime: 8372.7 seconds
deg_analysis.33067285_49.out:
deg_analysis.33067285_49.out:DE analysis started...
deg_analysis.33067285_49.out:Loaded input file:  ./data/tahoe/pseudobulk_processed/group_rep/by_celltype/CVCL_C466/CVCL_C466_processed.h5ad
deg_analysis.33067285_49.out:Initial dimensions:  1344  samples ×  61483  genes
deg_analysis.33067285_49.out:Filter samples with the low number of cells
deg_analysis.33067285_49.out:    Filter threshold (min_cells):  10
deg_analysis.33067285_49.out:    n_obs:  1344 -->  1337
deg_analysis.33067285_49.out:
deg_analysis.33067285_49.out:▶︎ Processing cell_type:  CVCL_C466
deg_analysis.33067285_49.out:    Filter controls by  pert_time_h  column
deg_analysis.33067285_49.out:        n_obs:  1337 -->  1337
deg_analysis.33067285_49.out:
deg_analysis.33067285_49.out:    Constructing design matrix...
deg_analysis.33067285_49.out:    Design matrix is constructed in 0.0 seconds
deg_analysis.33067285_49.out:    Design matrix dimensions: 1337 samples × 1150 coefficients
deg_analysis.33067285_49.out:    Filtering genes and normalizing counts...
deg_analysis.33067285_49.out:    Genes are filtered and normalized in 25.8 seconds
deg_analysis.33067285_49.out:    Running voom...
deg_analysis.33067285_49.out:    Voom is completed in 54.1 seconds
deg_analysis.33067285_49.out:    Running lmFit...
deg_analysis.33067285_49.out:    LmFit is completed in 7136.3 seconds
deg_analysis.33067285_49.out:DGE fit is completed in 7221.8 seconds
deg_analysis.33067285_49.out:    Running contrasts...
deg_analysis.33067285_49.out:    Running contrast 1/1136
deg_analysis.33067285_49.out:    Running contrast 51/1136
deg_analysis.33067285_49.out:    Running contrast 101/1136
deg_analysis.33067285_49.out:    Running contrast 151/1136
deg_analysis.33067285_49.out:    Running contrast 201/1136
deg_analysis.33067285_49.out:    Running contrast 251/1136
deg_analysis.33067285_49.out:    Running contrast 301/1136
deg_analysis.33067285_49.out:    Running contrast 351/1136
deg_analysis.33067285_49.out:    Running contrast 401/1136
deg_analysis.33067285_49.out:    Running contrast 451/1136
deg_analysis.33067285_49.out:    Running contrast 501/1136
deg_analysis.33067285_49.out:    Running contrast 551/1136
deg_analysis.33067285_49.out:    Running contrast 601/1136
deg_analysis.33067285_49.out:    Running contrast 651/1136
deg_analysis.33067285_49.out:    Running contrast 701/1136
deg_analysis.33067285_49.out:    Running contrast 751/1136
deg_analysis.33067285_49.out:    Running contrast 801/1136
deg_analysis.33067285_49.out:    Running contrast 851/1136
deg_analysis.33067285_49.out:    Running contrast 901/1136
deg_analysis.33067285_49.out:    Running contrast 951/1136
deg_analysis.33067285_49.out:    Running contrast 1001/1136
deg_analysis.33067285_49.out:    Running contrast 1051/1136
deg_analysis.33067285_49.out:    Running contrast 1101/1136
deg_analysis.33067285_49.out:    Running contrast 1136/1136
deg_analysis.33067285_49.out:Contrasts are completed in 656.3 seconds
deg_analysis.33067285_49.out:
deg_analysis.33067285_49.out:    Writing:  ./data/tahoe/deg_data/group_rep/full/qc_false/filter_min_cells_10/intermediate/CVCL_C466/CVCL_C466_de.h5ad
deg_analysis.33067285_49.out:
deg_analysis.33067285_49.out:    Rewriting h5ad file: ./data/tahoe/deg_data/group_rep/full/qc_false/filter_min_cells_10/intermediate/CVCL_C466/CVCL_C466_de.h5ad
deg_analysis.33067285_49.out:    Removed X matrix
deg_analysis.33067285_49.out:    Rewriting h5ad file is done!
deg_analysis.33067285_49.out:✓ Cell line completed in 8078.3 seconds
deg_analysis.33067285_49.out:
deg_analysis.33067285_49.out:DE analysis completed!
deg_analysis.33067285_49.out:
deg_analysis.33067285_49.out:Total runtime: 8087.0 seconds
deg_aggregation.33067423.out:2025-12-27 06:13:30 | [INFO] Found 50 cell type(s) to aggregate
deg_aggregation.33067423.out:2025-12-27 06:13:30 | [INFO] Aggregating 1 batch files for CVCL_0023
deg_aggregation.33067423.out:2025-12-27 06:13:30 | [INFO]   Reading: CVCL_0023_de.h5ad
deg_aggregation.33067423.out:2025-12-27 06:13:47 | [INFO]   Concatenating 1 batches...
deg_aggregation.33067423.out:2025-12-27 06:13:48 | [INFO]   Batch column added with 1
deg_aggregation.33067423.out:2025-12-27 06:15:06 | [INFO]     Rewriting h5ad file: ./data/tahoe/deg_data/group_rep/full/qc_false/filter_min_cells_10/results/CVCL_0023_de.h5ad
deg_aggregation.33067423.out:2025-12-27 06:15:06 | [INFO]     Removed X matrix
deg_aggregation.33067423.out:2025-12-27 06:15:06 | [INFO]     Rewriting h5ad file is done!
deg_aggregation.33067423.out:2025-12-27 06:15:06 | [INFO]   Saved aggregated file: ./data/tahoe/deg_data/group_rep/full/qc_false/filter_min_cells_10/results/CVCL_0023_de.h5ad (1135 obs, 25874 vars)
deg_aggregation.33067423.out:2025-12-27 06:15:06 | [INFO] Aggregating 1 batch files for CVCL_0028
deg_aggregation.33067423.out:2025-12-27 06:15:06 | [INFO]   Reading: CVCL_0028_de.h5ad
deg_aggregation.33067423.out:2025-12-27 06:15:19 | [INFO]   Concatenating 1 batches...
deg_aggregation.33067423.out:2025-12-27 06:15:20 | [INFO]   Batch column added with 1
deg_aggregation.33067423.out:2025-12-27 06:16:17 | [INFO]     Rewriting h5ad file: ./data/tahoe/deg_data/group_rep/full/qc_false/filter_min_cells_10/results/CVCL_0028_de.h5ad
deg_aggregation.33067423.out:2025-12-27 06:16:17 | [INFO]     Removed X matrix
deg_aggregation.33067423.out:2025-12-27 06:16:17 | [INFO]     Rewriting h5ad file is done!
deg_aggregation.33067423.out:2025-12-27 06:16:17 | [INFO]   Saved aggregated file: ./data/tahoe/deg_data/group_rep/full/qc_false/filter_min_cells_10/results/CVCL_0028_de.h5ad (1134 obs, 20025 vars)
deg_aggregation.33067423.out:2025-12-27 06:16:17 | [INFO] Aggregating 1 batch files for CVCL_0069
deg_aggregation.33067423.out:2025-12-27 06:16:17 | [INFO]   Reading: CVCL_0069_de.h5ad
deg_aggregation.33067423.out:2025-12-27 06:16:34 | [INFO]   Concatenating 1 batches...
deg_aggregation.33067423.out:2025-12-27 06:16:35 | [INFO]   Batch column added with 1
deg_aggregation.33067423.out:2025-12-27 06:17:58 | [INFO]     Rewriting h5ad file: ./data/tahoe/deg_data/group_rep/full/qc_false/filter_min_cells_10/results/CVCL_0069_de.h5ad
deg_aggregation.33067423.out:2025-12-27 06:17:58 | [INFO]     Removed X matrix
deg_aggregation.33067423.out:2025-12-27 06:17:58 | [INFO]     Rewriting h5ad file is done!
deg_aggregation.33067423.out:2025-12-27 06:17:58 | [INFO]   Saved aggregated file: ./data/tahoe/deg_data/group_rep/full/qc_false/filter_min_cells_10/results/CVCL_0069_de.h5ad (1135 obs, 27503 vars)
deg_aggregation.33067423.out:2025-12-27 06:17:58 | [INFO] Aggregating 1 batch files for CVCL_0099
deg_aggregation.33067423.out:2025-12-27 06:17:58 | [INFO]   Reading: CVCL_0099_de.h5ad
deg_aggregation.33067423.out:2025-12-27 06:18:13 | [INFO]   Concatenating 1 batches...
deg_aggregation.33067423.out:2025-12-27 06:18:13 | [INFO]   Batch column added with 1
deg_aggregation.33067423.out:2025-12-27 06:19:22 | [INFO]     Rewriting h5ad file: ./data/tahoe/deg_data/group_rep/full/qc_false/filter_min_cells_10/results/CVCL_0099_de.h5ad
deg_aggregation.33067423.out:2025-12-27 06:19:22 | [INFO]     Removed X matrix
deg_aggregation.33067423.out:2025-12-27 06:19:22 | [INFO]     Rewriting h5ad file is done!
deg_aggregation.33067423.out:2025-12-27 06:19:22 | [INFO]   Saved aggregated file: ./data/tahoe/deg_data/group_rep/full/qc_false/filter_min_cells_10/results/CVCL_0099_de.h5ad (1134 obs, 22839 vars)
deg_aggregation.33067423.out:2025-12-27 06:19:22 | [INFO] Aggregating 1 batch files for CVCL_0131
deg_aggregation.33067423.out:2025-12-27 06:19:22 | [INFO]   Reading: CVCL_0131_de.h5ad
deg_aggregation.33067423.out:2025-12-27 06:19:39 | [INFO]   Concatenating 1 batches...
deg_aggregation.33067423.out:2025-12-27 06:19:40 | [INFO]   Batch column added with 1
deg_aggregation.33067423.out:2025-12-27 06:21:01 | [INFO]     Rewriting h5ad file: ./data/tahoe/deg_data/group_rep/full/qc_false/filter_min_cells_10/results/CVCL_0131_de.h5ad
deg_aggregation.33067423.out:2025-12-27 06:21:01 | [INFO]     Removed X matrix
deg_aggregation.33067423.out:2025-12-27 06:21:01 | [INFO]     Rewriting h5ad file is done!
deg_aggregation.33067423.out:2025-12-27 06:21:01 | [INFO]   Saved aggregated file: ./data/tahoe/deg_data/group_rep/full/qc_false/filter_min_cells_10/results/CVCL_0131_de.h5ad (1135 obs, 26485 vars)
deg_aggregation.33067423.out:2025-12-27 06:21:01 | [INFO] Aggregating 1 batch files for CVCL_0152
deg_aggregation.33067423.out:2025-12-27 06:21:01 | [INFO]   Reading: CVCL_0152_de.h5ad
deg_aggregation.33067423.out:2025-12-27 06:21:17 | [INFO]   Concatenating 1 batches...
deg_aggregation.33067423.out:2025-12-27 06:21:17 | [INFO]   Batch column added with 1
deg_aggregation.33067423.out:2025-12-27 06:22:33 | [INFO]     Rewriting h5ad file: ./data/tahoe/deg_data/group_rep/full/qc_false/filter_min_cells_10/results/CVCL_0152_de.h5ad
deg_aggregation.33067423.out:2025-12-27 06:22:33 | [INFO]     Removed X matrix
deg_aggregation.33067423.out:2025-12-27 06:22:33 | [INFO]     Rewriting h5ad file is done!
deg_aggregation.33067423.out:2025-12-27 06:22:33 | [INFO]   Saved aggregated file: ./data/tahoe/deg_data/group_rep/full/qc_false/filter_min_cells_10/results/CVCL_0152_de.h5ad (1135 obs, 25030 vars)
deg_aggregation.33067423.out:2025-12-27 06:22:33 | [INFO] Aggregating 1 batch files for CVCL_0179
deg_aggregation.33067423.out:2025-12-27 06:22:33 | [INFO]   Reading: CVCL_0179_de.h5ad
deg_aggregation.33067423.out:2025-12-27 06:22:48 | [INFO]   Concatenating 1 batches...
deg_aggregation.33067423.out:2025-12-27 06:22:49 | [INFO]   Batch column added with 1
deg_aggregation.33067423.out:2025-12-27 06:24:03 | [INFO]     Rewriting h5ad file: ./data/tahoe/deg_data/group_rep/full/qc_false/filter_min_cells_10/results/CVCL_0179_de.h5ad
deg_aggregation.33067423.out:2025-12-27 06:24:03 | [INFO]     Removed X matrix
deg_aggregation.33067423.out:2025-12-27 06:24:03 | [INFO]     Rewriting h5ad file is done!
deg_aggregation.33067423.out:2025-12-27 06:24:03 | [INFO]   Saved aggregated file: ./data/tahoe/deg_data/group_rep/full/qc_false/filter_min_cells_10/results/CVCL_0179_de.h5ad (1134 obs, 24332 vars)
deg_aggregation.33067423.out:2025-12-27 06:24:03 | [INFO] Aggregating 1 batch files for CVCL_0218
deg_aggregation.33067423.out:2025-12-27 06:24:03 | [INFO]   Reading: CVCL_0218_de.h5ad
deg_aggregation.33067423.out:2025-12-27 06:24:18 | [INFO]   Concatenating 1 batches...
deg_aggregation.33067423.out:2025-12-27 06:24:19 | [INFO]   Batch column added with 1
deg_aggregation.33067423.out:2025-12-27 06:25:31 | [INFO]     Rewriting h5ad file: ./data/tahoe/deg_data/group_rep/full/qc_false/filter_min_cells_10/results/CVCL_0218_de.h5ad
deg_aggregation.33067423.out:2025-12-27 06:25:31 | [INFO]     Removed X matrix
deg_aggregation.33067423.out:2025-12-27 06:25:31 | [INFO]     Rewriting h5ad file is done!
deg_aggregation.33067423.out:2025-12-27 06:25:31 | [INFO]   Saved aggregated file: ./data/tahoe/deg_data/group_rep/full/qc_false/filter_min_cells_10/results/CVCL_0218_de.h5ad (1135 obs, 24135 vars)
deg_aggregation.33067423.out:2025-12-27 06:25:31 | [INFO] Aggregating 1 batch files for CVCL_0292
deg_aggregation.33067423.out:2025-12-27 06:25:31 | [INFO]   Reading: CVCL_0292_de.h5ad
deg_aggregation.33067423.out:2025-12-27 06:25:47 | [INFO]   Concatenating 1 batches...
deg_aggregation.33067423.out:2025-12-27 06:25:48 | [INFO]   Batch column added with 1
deg_aggregation.33067423.out:2025-12-27 06:27:04 | [INFO]     Rewriting h5ad file: ./data/tahoe/deg_data/group_rep/full/qc_false/filter_min_cells_10/results/CVCL_0292_de.h5ad
deg_aggregation.33067423.out:2025-12-27 06:27:04 | [INFO]     Removed X matrix
deg_aggregation.33067423.out:2025-12-27 06:27:04 | [INFO]     Rewriting h5ad file is done!
deg_aggregation.33067423.out:2025-12-27 06:27:04 | [INFO]   Saved aggregated file: ./data/tahoe/deg_data/group_rep/full/qc_false/filter_min_cells_10/results/CVCL_0292_de.h5ad (1135 obs, 25260 vars)
deg_aggregation.33067423.out:2025-12-27 06:27:04 | [INFO] Aggregating 1 batch files for CVCL_0293
deg_aggregation.33067423.out:2025-12-27 06:27:04 | [INFO]   Reading: CVCL_0293_de.h5ad
deg_aggregation.33067423.out:2025-12-27 06:27:21 | [INFO]   Concatenating 1 batches...
deg_aggregation.33067423.out:2025-12-27 06:27:22 | [INFO]   Batch column added with 1
deg_aggregation.33067423.out:2025-12-27 06:28:50 | [INFO]     Rewriting h5ad file: ./data/tahoe/deg_data/group_rep/full/qc_false/filter_min_cells_10/results/CVCL_0293_de.h5ad
deg_aggregation.33067423.out:2025-12-27 06:28:50 | [INFO]     Removed X matrix
deg_aggregation.33067423.out:2025-12-27 06:28:50 | [INFO]     Rewriting h5ad file is done!
deg_aggregation.33067423.out:2025-12-27 06:28:50 | [INFO]   Saved aggregated file: ./data/tahoe/deg_data/group_rep/full/qc_false/filter_min_cells_10/results/CVCL_0293_de.h5ad (1136 obs, 28716 vars)
deg_aggregation.33067423.out:2025-12-27 06:28:50 | [INFO] Aggregating 1 batch files for CVCL_0320
deg_aggregation.33067423.out:2025-12-27 06:28:50 | [INFO]   Reading: CVCL_0320_de.h5ad
deg_aggregation.33067423.out:2025-12-27 06:29:06 | [INFO]   Concatenating 1 batches...
deg_aggregation.33067423.out:2025-12-27 06:29:07 | [INFO]   Batch column added with 1
deg_aggregation.33067423.out:2025-12-27 06:30:23 | [INFO]     Rewriting h5ad file: ./data/tahoe/deg_data/group_rep/full/qc_false/filter_min_cells_10/results/CVCL_0320_de.h5ad
deg_aggregation.33067423.out:2025-12-27 06:30:23 | [INFO]     Removed X matrix
deg_aggregation.33067423.out:2025-12-27 06:30:23 | [INFO]     Rewriting h5ad file is done!
deg_aggregation.33067423.out:2025-12-27 06:30:23 | [INFO]   Saved aggregated file: ./data/tahoe/deg_data/group_rep/full/qc_false/filter_min_cells_10/results/CVCL_0320_de.h5ad (1135 obs, 25195 vars)
deg_aggregation.33067423.out:2025-12-27 06:30:23 | [INFO] Aggregating 1 batch files for CVCL_0332
deg_aggregation.33067423.out:2025-12-27 06:30:23 | [INFO]   Reading: CVCL_0332_de.h5ad
deg_aggregation.33067423.out:2025-12-27 06:30:39 | [INFO]   Concatenating 1 batches...
deg_aggregation.33067423.out:2025-12-27 06:30:41 | [INFO]   Batch column added with 1
deg_aggregation.33067423.out:2025-12-27 06:31:58 | [INFO]     Rewriting h5ad file: ./data/tahoe/deg_data/group_rep/full/qc_false/filter_min_cells_10/results/CVCL_0332_de.h5ad
deg_aggregation.33067423.out:2025-12-27 06:31:58 | [INFO]     Removed X matrix
deg_aggregation.33067423.out:2025-12-27 06:31:58 | [INFO]     Rewriting h5ad file is done!
deg_aggregation.33067423.out:2025-12-27 06:31:58 | [INFO]   Saved aggregated file: ./data/tahoe/deg_data/group_rep/full/qc_false/filter_min_cells_10/results/CVCL_0332_de.h5ad (1135 obs, 25151 vars)
deg_aggregation.33067423.out:2025-12-27 06:31:58 | [INFO] Aggregating 1 batch files for CVCL_0334
deg_aggregation.33067423.out:2025-12-27 06:31:58 | [INFO]   Reading: CVCL_0334_de.h5ad
deg_aggregation.33067423.out:2025-12-27 06:32:14 | [INFO]   Concatenating 1 batches...
deg_aggregation.33067423.out:2025-12-27 06:32:15 | [INFO]   Batch column added with 1
deg_aggregation.33067423.out:2025-12-27 06:33:38 | [INFO]     Rewriting h5ad file: ./data/tahoe/deg_data/group_rep/full/qc_false/filter_min_cells_10/results/CVCL_0334_de.h5ad
deg_aggregation.33067423.out:2025-12-27 06:33:38 | [INFO]     Removed X matrix
deg_aggregation.33067423.out:2025-12-27 06:33:38 | [INFO]     Rewriting h5ad file is done!
deg_aggregation.33067423.out:2025-12-27 06:33:38 | [INFO]   Saved aggregated file: ./data/tahoe/deg_data/group_rep/full/qc_false/filter_min_cells_10/results/CVCL_0334_de.h5ad (1133 obs, 27790 vars)
deg_aggregation.33067423.out:2025-12-27 06:33:38 | [INFO] Aggregating 1 batch files for CVCL_0359
deg_aggregation.33067423.out:2025-12-27 06:33:38 | [INFO]   Reading: CVCL_0359_de.h5ad
deg_aggregation.33067423.out:2025-12-27 06:33:54 | [INFO]   Concatenating 1 batches...
deg_aggregation.33067423.out:2025-12-27 06:33:55 | [INFO]   Batch column added with 1
deg_aggregation.33067423.out:2025-12-27 06:35:13 | [INFO]     Rewriting h5ad file: ./data/tahoe/deg_data/group_rep/full/qc_false/filter_min_cells_10/results/CVCL_0359_de.h5ad
deg_aggregation.33067423.out:2025-12-27 06:35:13 | [INFO]     Removed X matrix
deg_aggregation.33067423.out:2025-12-27 06:35:13 | [INFO]     Rewriting h5ad file is done!
deg_aggregation.33067423.out:2025-12-27 06:35:13 | [INFO]   Saved aggregated file: ./data/tahoe/deg_data/group_rep/full/qc_false/filter_min_cells_10/results/CVCL_0359_de.h5ad (1135 obs, 25742 vars)
deg_aggregation.33067423.out:2025-12-27 06:35:13 | [INFO] Aggregating 1 batch files for CVCL_0366
deg_aggregation.33067423.out:2025-12-27 06:35:13 | [INFO]   Reading: CVCL_0366_de.h5ad
deg_aggregation.33067423.out:2025-12-27 06:35:28 | [INFO]   Concatenating 1 batches...
deg_aggregation.33067423.out:2025-12-27 06:35:29 | [INFO]   Batch column added with 1
deg_aggregation.33067423.out:2025-12-27 06:36:43 | [INFO]     Rewriting h5ad file: ./data/tahoe/deg_data/group_rep/full/qc_false/filter_min_cells_10/results/CVCL_0366_de.h5ad
deg_aggregation.33067423.out:2025-12-27 06:36:43 | [INFO]     Removed X matrix
deg_aggregation.33067423.out:2025-12-27 06:36:43 | [INFO]     Rewriting h5ad file is done!
deg_aggregation.33067423.out:2025-12-27 06:36:43 | [INFO]   Saved aggregated file: ./data/tahoe/deg_data/group_rep/full/qc_false/filter_min_cells_10/results/CVCL_0366_de.h5ad (1133 obs, 23923 vars)
deg_aggregation.33067423.out:2025-12-27 06:36:43 | [INFO] Aggregating 1 batch files for CVCL_0371
deg_aggregation.33067423.out:2025-12-27 06:36:43 | [INFO]   Reading: CVCL_0371_de.h5ad
deg_aggregation.33067423.out:2025-12-27 06:36:59 | [INFO]   Concatenating 1 batches...
deg_aggregation.33067423.out:2025-12-27 06:37:00 | [INFO]   Batch column added with 1
deg_aggregation.33067423.out:2025-12-27 06:38:19 | [INFO]     Rewriting h5ad file: ./data/tahoe/deg_data/group_rep/full/qc_false/filter_min_cells_10/results/CVCL_0371_de.h5ad
deg_aggregation.33067423.out:2025-12-27 06:38:19 | [INFO]     Removed X matrix
deg_aggregation.33067423.out:2025-12-27 06:38:19 | [INFO]     Rewriting h5ad file is done!
deg_aggregation.33067423.out:2025-12-27 06:38:19 | [INFO]   Saved aggregated file: ./data/tahoe/deg_data/group_rep/full/qc_false/filter_min_cells_10/results/CVCL_0371_de.h5ad (1135 obs, 25965 vars)
deg_aggregation.33067423.out:2025-12-27 06:38:19 | [INFO] Aggregating 1 batch files for CVCL_0397
deg_aggregation.33067423.out:2025-12-27 06:38:19 | [INFO]   Reading: CVCL_0397_de.h5ad
deg_aggregation.33067423.out:2025-12-27 06:38:35 | [INFO]   Concatenating 1 batches...
deg_aggregation.33067423.out:2025-12-27 06:38:36 | [INFO]   Batch column added with 1
deg_aggregation.33067423.out:2025-12-27 06:39:53 | [INFO]     Rewriting h5ad file: ./data/tahoe/deg_data/group_rep/full/qc_false/filter_min_cells_10/results/CVCL_0397_de.h5ad
deg_aggregation.33067423.out:2025-12-27 06:39:53 | [INFO]     Removed X matrix
deg_aggregation.33067423.out:2025-12-27 06:39:53 | [INFO]     Rewriting h5ad file is done!
deg_aggregation.33067423.out:2025-12-27 06:39:53 | [INFO]   Saved aggregated file: ./data/tahoe/deg_data/group_rep/full/qc_false/filter_min_cells_10/results/CVCL_0397_de.h5ad (1135 obs, 25414 vars)
deg_aggregation.33067423.out:2025-12-27 06:39:53 | [INFO] Aggregating 1 batch files for CVCL_0399
deg_aggregation.33067423.out:2025-12-27 06:39:53 | [INFO]   Reading: CVCL_0399_de.h5ad
deg_aggregation.33067423.out:2025-12-27 06:40:11 | [INFO]   Concatenating 1 batches...
deg_aggregation.33067423.out:2025-12-27 06:40:12 | [INFO]   Batch column added with 1
deg_aggregation.33067423.out:2025-12-27 06:41:39 | [INFO]     Rewriting h5ad file: ./data/tahoe/deg_data/group_rep/full/qc_false/filter_min_cells_10/results/CVCL_0399_de.h5ad
deg_aggregation.33067423.out:2025-12-27 06:41:39 | [INFO]     Removed X matrix
deg_aggregation.33067423.out:2025-12-27 06:41:39 | [INFO]     Rewriting h5ad file is done!
deg_aggregation.33067423.out:2025-12-27 06:41:39 | [INFO]   Saved aggregated file: ./data/tahoe/deg_data/group_rep/full/qc_false/filter_min_cells_10/results/CVCL_0399_de.h5ad (1136 obs, 28519 vars)
deg_aggregation.33067423.out:2025-12-27 06:41:39 | [INFO] Aggregating 1 batch files for CVCL_0428
deg_aggregation.33067423.out:2025-12-27 06:41:39 | [INFO]   Reading: CVCL_0428_de.h5ad
deg_aggregation.33067423.out:2025-12-27 06:41:56 | [INFO]   Concatenating 1 batches...
deg_aggregation.33067423.out:2025-12-27 06:41:57 | [INFO]   Batch column added with 1
deg_aggregation.33067423.out:2025-12-27 06:43:20 | [INFO]     Rewriting h5ad file: ./data/tahoe/deg_data/group_rep/full/qc_false/filter_min_cells_10/results/CVCL_0428_de.h5ad
deg_aggregation.33067423.out:2025-12-27 06:43:20 | [INFO]     Removed X matrix
deg_aggregation.33067423.out:2025-12-27 06:43:20 | [INFO]     Rewriting h5ad file is done!
deg_aggregation.33067423.out:2025-12-27 06:43:20 | [INFO]   Saved aggregated file: ./data/tahoe/deg_data/group_rep/full/qc_false/filter_min_cells_10/results/CVCL_0428_de.h5ad (1133 obs, 27709 vars)
deg_aggregation.33067423.out:2025-12-27 06:43:20 | [INFO] Aggregating 1 batch files for CVCL_0459
deg_aggregation.33067423.out:2025-12-27 06:43:20 | [INFO]   Reading: CVCL_0459_de.h5ad
deg_aggregation.33067423.out:2025-12-27 06:43:40 | [INFO]   Concatenating 1 batches...
deg_aggregation.33067423.out:2025-12-27 06:43:41 | [INFO]   Batch column added with 1
deg_aggregation.33067423.out:2025-12-27 06:45:10 | [INFO]     Rewriting h5ad file: ./data/tahoe/deg_data/group_rep/full/qc_false/filter_min_cells_10/results/CVCL_0459_de.h5ad
deg_aggregation.33067423.out:2025-12-27 06:45:10 | [INFO]     Removed X matrix
deg_aggregation.33067423.out:2025-12-27 06:45:10 | [INFO]     Rewriting h5ad file is done!
deg_aggregation.33067423.out:2025-12-27 06:45:10 | [INFO]   Saved aggregated file: ./data/tahoe/deg_data/group_rep/full/qc_false/filter_min_cells_10/results/CVCL_0459_de.h5ad (1137 obs, 30904 vars)
deg_aggregation.33067423.out:2025-12-27 06:45:10 | [INFO] Aggregating 1 batch files for CVCL_0480
deg_aggregation.33067423.out:2025-12-27 06:45:10 | [INFO]   Reading: CVCL_0480_de.h5ad
deg_aggregation.33067423.out:2025-12-27 06:45:30 | [INFO]   Concatenating 1 batches...
deg_aggregation.33067423.out:2025-12-27 06:45:31 | [INFO]   Batch column added with 1
deg_aggregation.33067423.out:2025-12-27 06:46:55 | [INFO]     Rewriting h5ad file: ./data/tahoe/deg_data/group_rep/full/qc_false/filter_min_cells_10/results/CVCL_0480_de.h5ad
deg_aggregation.33067423.out:2025-12-27 06:46:55 | [INFO]     Removed X matrix
deg_aggregation.33067423.out:2025-12-27 06:46:55 | [INFO]     Rewriting h5ad file is done!
deg_aggregation.33067423.out:2025-12-27 06:46:55 | [INFO]   Saved aggregated file: ./data/tahoe/deg_data/group_rep/full/qc_false/filter_min_cells_10/results/CVCL_0480_de.h5ad (1135 obs, 28994 vars)
deg_aggregation.33067423.out:2025-12-27 06:46:55 | [INFO] Aggregating 1 batch files for CVCL_0504
deg_aggregation.33067423.out:2025-12-27 06:46:55 | [INFO]   Reading: CVCL_0504_de.h5ad
deg_aggregation.33067423.out:2025-12-27 06:47:10 | [INFO]   Concatenating 1 batches...
deg_aggregation.33067423.out:2025-12-27 06:47:11 | [INFO]   Batch column added with 1
deg_aggregation.33067423.out:2025-12-27 06:48:22 | [INFO]     Rewriting h5ad file: ./data/tahoe/deg_data/group_rep/full/qc_false/filter_min_cells_10/results/CVCL_0504_de.h5ad
deg_aggregation.33067423.out:2025-12-27 06:48:22 | [INFO]     Removed X matrix
deg_aggregation.33067423.out:2025-12-27 06:48:22 | [INFO]     Rewriting h5ad file is done!
deg_aggregation.33067423.out:2025-12-27 06:48:22 | [INFO]   Saved aggregated file: ./data/tahoe/deg_data/group_rep/full/qc_false/filter_min_cells_10/results/CVCL_0504_de.h5ad (1135 obs, 23603 vars)
deg_aggregation.33067423.out:2025-12-27 06:48:22 | [INFO] Aggregating 1 batch files for CVCL_0546
deg_aggregation.33067423.out:2025-12-27 06:48:22 | [INFO]   Reading: CVCL_0546_de.h5ad
deg_aggregation.33067423.out:2025-12-27 06:48:42 | [INFO]   Concatenating 1 batches...
deg_aggregation.33067423.out:2025-12-27 06:48:43 | [INFO]   Batch column added with 1
deg_aggregation.33067423.out:2025-12-27 06:50:11 | [INFO]     Rewriting h5ad file: ./data/tahoe/deg_data/group_rep/full/qc_false/filter_min_cells_10/results/CVCL_0546_de.h5ad
deg_aggregation.33067423.out:2025-12-27 06:50:11 | [INFO]     Removed X matrix
deg_aggregation.33067423.out:2025-12-27 06:50:11 | [INFO]     Rewriting h5ad file is done!
deg_aggregation.33067423.out:2025-12-27 06:50:11 | [INFO]   Saved aggregated file: ./data/tahoe/deg_data/group_rep/full/qc_false/filter_min_cells_10/results/CVCL_0546_de.h5ad (1137 obs, 30039 vars)
deg_aggregation.33067423.out:2025-12-27 06:50:11 | [INFO] Aggregating 1 batch files for CVCL_1055
deg_aggregation.33067423.out:2025-12-27 06:50:11 | [INFO]   Reading: CVCL_1055_de.h5ad
deg_aggregation.33067423.out:2025-12-27 06:50:28 | [INFO]   Concatenating 1 batches...
deg_aggregation.33067423.out:2025-12-27 06:50:29 | [INFO]   Batch column added with 1
deg_aggregation.33067423.out:2025-12-27 06:51:54 | [INFO]     Rewriting h5ad file: ./data/tahoe/deg_data/group_rep/full/qc_false/filter_min_cells_10/results/CVCL_1055_de.h5ad
deg_aggregation.33067423.out:2025-12-27 06:51:54 | [INFO]     Removed X matrix
deg_aggregation.33067423.out:2025-12-27 06:51:54 | [INFO]     Rewriting h5ad file is done!
deg_aggregation.33067423.out:2025-12-27 06:51:54 | [INFO]   Saved aggregated file: ./data/tahoe/deg_data/group_rep/full/qc_false/filter_min_cells_10/results/CVCL_1055_de.h5ad (1133 obs, 27994 vars)
deg_aggregation.33067423.out:2025-12-27 06:51:54 | [INFO] Aggregating 1 batch files for CVCL_1056
deg_aggregation.33067423.out:2025-12-27 06:51:54 | [INFO]   Reading: CVCL_1056_de.h5ad
deg_aggregation.33067423.out:2025-12-27 06:52:13 | [INFO]   Concatenating 1 batches...
deg_aggregation.33067423.out:2025-12-27 06:52:14 | [INFO]   Batch column added with 1
deg_aggregation.33067423.out:2025-12-27 06:53:37 | [INFO]     Rewriting h5ad file: ./data/tahoe/deg_data/group_rep/full/qc_false/filter_min_cells_10/results/CVCL_1056_de.h5ad
deg_aggregation.33067423.out:2025-12-27 06:53:37 | [INFO]     Removed X matrix
deg_aggregation.33067423.out:2025-12-27 06:53:37 | [INFO]     Rewriting h5ad file is done!
deg_aggregation.33067423.out:2025-12-27 06:53:37 | [INFO]   Saved aggregated file: ./data/tahoe/deg_data/group_rep/full/qc_false/filter_min_cells_10/results/CVCL_1056_de.h5ad (1134 obs, 29026 vars)
deg_aggregation.33067423.out:2025-12-27 06:53:37 | [INFO] Aggregating 1 batch files for CVCL_1094
deg_aggregation.33067423.out:2025-12-27 06:53:37 | [INFO]   Reading: CVCL_1094_de.h5ad
deg_aggregation.33067423.out:2025-12-27 06:53:52 | [INFO]   Concatenating 1 batches...
deg_aggregation.33067423.out:2025-12-27 06:53:53 | [INFO]   Batch column added with 1
deg_aggregation.33067423.out:2025-12-27 06:55:06 | [INFO]     Rewriting h5ad file: ./data/tahoe/deg_data/group_rep/full/qc_false/filter_min_cells_10/results/CVCL_1094_de.h5ad
deg_aggregation.33067423.out:2025-12-27 06:55:06 | [INFO]     Removed X matrix
deg_aggregation.33067423.out:2025-12-27 06:55:06 | [INFO]     Rewriting h5ad file is done!
deg_aggregation.33067423.out:2025-12-27 06:55:06 | [INFO]   Saved aggregated file: ./data/tahoe/deg_data/group_rep/full/qc_false/filter_min_cells_10/results/CVCL_1094_de.h5ad (1135 obs, 23625 vars)
deg_aggregation.33067423.out:2025-12-27 06:55:06 | [INFO] Aggregating 1 batch files for CVCL_1097
deg_aggregation.33067423.out:2025-12-27 06:55:06 | [INFO]   Reading: CVCL_1097_de.h5ad
deg_aggregation.33067423.out:2025-12-27 06:55:22 | [INFO]   Concatenating 1 batches...
deg_aggregation.33067423.out:2025-12-27 06:55:23 | [INFO]   Batch column added with 1
deg_aggregation.33067423.out:2025-12-27 06:56:40 | [INFO]     Rewriting h5ad file: ./data/tahoe/deg_data/group_rep/full/qc_false/filter_min_cells_10/results/CVCL_1097_de.h5ad
deg_aggregation.33067423.out:2025-12-27 06:56:40 | [INFO]     Removed X matrix
deg_aggregation.33067423.out:2025-12-27 06:56:40 | [INFO]     Rewriting h5ad file is done!
deg_aggregation.33067423.out:2025-12-27 06:56:40 | [INFO]   Saved aggregated file: ./data/tahoe/deg_data/group_rep/full/qc_false/filter_min_cells_10/results/CVCL_1097_de.h5ad (1135 obs, 25832 vars)
deg_aggregation.33067423.out:2025-12-27 06:56:40 | [INFO] Aggregating 1 batch files for CVCL_1098
deg_aggregation.33067423.out:2025-12-27 06:56:40 | [INFO]   Reading: CVCL_1098_de.h5ad
deg_aggregation.33067423.out:2025-12-27 06:56:55 | [INFO]   Concatenating 1 batches...
deg_aggregation.33067423.out:2025-12-27 06:56:56 | [INFO]   Batch column added with 1
deg_aggregation.33067423.out:2025-12-27 06:58:03 | [INFO]     Rewriting h5ad file: ./data/tahoe/deg_data/group_rep/full/qc_false/filter_min_cells_10/results/CVCL_1098_de.h5ad
deg_aggregation.33067423.out:2025-12-27 06:58:03 | [INFO]     Removed X matrix
deg_aggregation.33067423.out:2025-12-27 06:58:03 | [INFO]     Rewriting h5ad file is done!
deg_aggregation.33067423.out:2025-12-27 06:58:03 | [INFO]   Saved aggregated file: ./data/tahoe/deg_data/group_rep/full/qc_false/filter_min_cells_10/results/CVCL_1098_de.h5ad (1135 obs, 22347 vars)
deg_aggregation.33067423.out:2025-12-27 06:58:03 | [INFO] Aggregating 1 batch files for CVCL_1119
deg_aggregation.33067423.out:2025-12-27 06:58:03 | [INFO]   Reading: CVCL_1119_de.h5ad
deg_aggregation.33067423.out:2025-12-27 06:58:19 | [INFO]   Concatenating 1 batches...
deg_aggregation.33067423.out:2025-12-27 06:58:20 | [INFO]   Batch column added with 1
deg_aggregation.33067423.out:2025-12-27 06:59:39 | [INFO]     Rewriting h5ad file: ./data/tahoe/deg_data/group_rep/full/qc_false/filter_min_cells_10/results/CVCL_1119_de.h5ad
deg_aggregation.33067423.out:2025-12-27 06:59:39 | [INFO]     Removed X matrix
deg_aggregation.33067423.out:2025-12-27 06:59:39 | [INFO]     Rewriting h5ad file is done!
deg_aggregation.33067423.out:2025-12-27 06:59:39 | [INFO]   Saved aggregated file: ./data/tahoe/deg_data/group_rep/full/qc_false/filter_min_cells_10/results/CVCL_1119_de.h5ad (1135 obs, 25372 vars)
deg_aggregation.33067423.out:2025-12-27 06:59:39 | [INFO] Aggregating 1 batch files for CVCL_1125
deg_aggregation.33067423.out:2025-12-27 06:59:39 | [INFO]   Reading: CVCL_1125_de.h5ad
deg_aggregation.33067423.out:2025-12-27 06:59:53 | [INFO]   Concatenating 1 batches...
deg_aggregation.33067423.out:2025-12-27 06:59:54 | [INFO]   Batch column added with 1
deg_aggregation.33067423.out:2025-12-27 07:00:53 | [INFO]     Rewriting h5ad file: ./data/tahoe/deg_data/group_rep/full/qc_false/filter_min_cells_10/results/CVCL_1125_de.h5ad
deg_aggregation.33067423.out:2025-12-27 07:00:53 | [INFO]     Removed X matrix
deg_aggregation.33067423.out:2025-12-27 07:00:53 | [INFO]     Rewriting h5ad file is done!
deg_aggregation.33067423.out:2025-12-27 07:00:53 | [INFO]   Saved aggregated file: ./data/tahoe/deg_data/group_rep/full/qc_false/filter_min_cells_10/results/CVCL_1125_de.h5ad (1133 obs, 20822 vars)
deg_aggregation.33067423.out:2025-12-27 07:00:53 | [INFO] Aggregating 1 batch files for CVCL_1239
deg_aggregation.33067423.out:2025-12-27 07:00:53 | [INFO]   Reading: CVCL_1239_de.h5ad
deg_aggregation.33067423.out:2025-12-27 07:01:08 | [INFO]   Concatenating 1 batches...
deg_aggregation.33067423.out:2025-12-27 07:01:09 | [INFO]   Batch column added with 1
deg_aggregation.33067423.out:2025-12-27 07:02:23 | [INFO]     Rewriting h5ad file: ./data/tahoe/deg_data/group_rep/full/qc_false/filter_min_cells_10/results/CVCL_1239_de.h5ad
deg_aggregation.33067423.out:2025-12-27 07:02:23 | [INFO]     Removed X matrix
deg_aggregation.33067423.out:2025-12-27 07:02:23 | [INFO]     Rewriting h5ad file is done!
deg_aggregation.33067423.out:2025-12-27 07:02:23 | [INFO]   Saved aggregated file: ./data/tahoe/deg_data/group_rep/full/qc_false/filter_min_cells_10/results/CVCL_1239_de.h5ad (1134 obs, 24754 vars)
deg_aggregation.33067423.out:2025-12-27 07:02:23 | [INFO] Aggregating 1 batch files for CVCL_1285
deg_aggregation.33067423.out:2025-12-27 07:02:23 | [INFO]   Reading: CVCL_1285_de.h5ad
deg_aggregation.33067423.out:2025-12-27 07:02:40 | [INFO]   Concatenating 1 batches...
deg_aggregation.33067423.out:2025-12-27 07:02:41 | [INFO]   Batch column added with 1
deg_aggregation.33067423.out:2025-12-27 07:04:05 | [INFO]     Rewriting h5ad file: ./data/tahoe/deg_data/group_rep/full/qc_false/filter_min_cells_10/results/CVCL_1285_de.h5ad
deg_aggregation.33067423.out:2025-12-27 07:04:05 | [INFO]     Removed X matrix
deg_aggregation.33067423.out:2025-12-27 07:04:05 | [INFO]     Rewriting h5ad file is done!
deg_aggregation.33067423.out:2025-12-27 07:04:05 | [INFO]   Saved aggregated file: ./data/tahoe/deg_data/group_rep/full/qc_false/filter_min_cells_10/results/CVCL_1285_de.h5ad (1135 obs, 27445 vars)
deg_aggregation.33067423.out:2025-12-27 07:04:05 | [INFO] Aggregating 1 batch files for CVCL_1381
deg_aggregation.33067423.out:2025-12-27 07:04:05 | [INFO]   Reading: CVCL_1381_de.h5ad
deg_aggregation.33067423.out:2025-12-27 07:04:22 | [INFO]   Concatenating 1 batches...
deg_aggregation.33067423.out:2025-12-27 07:04:23 | [INFO]   Batch column added with 1
deg_aggregation.33067423.out:2025-12-27 07:05:43 | [INFO]     Rewriting h5ad file: ./data/tahoe/deg_data/group_rep/full/qc_false/filter_min_cells_10/results/CVCL_1381_de.h5ad
deg_aggregation.33067423.out:2025-12-27 07:05:43 | [INFO]     Removed X matrix
deg_aggregation.33067423.out:2025-12-27 07:05:43 | [INFO]     Rewriting h5ad file is done!
deg_aggregation.33067423.out:2025-12-27 07:05:43 | [INFO]   Saved aggregated file: ./data/tahoe/deg_data/group_rep/full/qc_false/filter_min_cells_10/results/CVCL_1381_de.h5ad (1135 obs, 26535 vars)
deg_aggregation.33067423.out:2025-12-27 07:05:43 | [INFO] Aggregating 1 batch files for CVCL_1478
deg_aggregation.33067423.out:2025-12-27 07:05:43 | [INFO]   Reading: CVCL_1478_de.h5ad
deg_aggregation.33067423.out:2025-12-27 07:06:03 | [INFO]   Concatenating 1 batches...
deg_aggregation.33067423.out:2025-12-27 07:06:04 | [INFO]   Batch column added with 1
deg_aggregation.33067423.out:2025-12-27 07:07:25 | [INFO]     Rewriting h5ad file: ./data/tahoe/deg_data/group_rep/full/qc_false/filter_min_cells_10/results/CVCL_1478_de.h5ad
deg_aggregation.33067423.out:2025-12-27 07:07:25 | [INFO]     Removed X matrix
deg_aggregation.33067423.out:2025-12-27 07:07:25 | [INFO]     Rewriting h5ad file is done!
deg_aggregation.33067423.out:2025-12-27 07:07:25 | [INFO]   Saved aggregated file: ./data/tahoe/deg_data/group_rep/full/qc_false/filter_min_cells_10/results/CVCL_1478_de.h5ad (1135 obs, 28742 vars)
deg_aggregation.33067423.out:2025-12-27 07:07:25 | [INFO] Aggregating 1 batch files for CVCL_1495
deg_aggregation.33067423.out:2025-12-27 07:07:25 | [INFO]   Reading: CVCL_1495_de.h5ad
deg_aggregation.33067423.out:2025-12-27 07:07:41 | [INFO]   Concatenating 1 batches...
deg_aggregation.33067423.out:2025-12-27 07:07:42 | [INFO]   Batch column added with 1
deg_aggregation.33067423.out:2025-12-27 07:09:03 | [INFO]     Rewriting h5ad file: ./data/tahoe/deg_data/group_rep/full/qc_false/filter_min_cells_10/results/CVCL_1495_de.h5ad
deg_aggregation.33067423.out:2025-12-27 07:09:03 | [INFO]     Removed X matrix
deg_aggregation.33067423.out:2025-12-27 07:09:03 | [INFO]     Rewriting h5ad file is done!
deg_aggregation.33067423.out:2025-12-27 07:09:03 | [INFO]   Saved aggregated file: ./data/tahoe/deg_data/group_rep/full/qc_false/filter_min_cells_10/results/CVCL_1495_de.h5ad (1135 obs, 26800 vars)
deg_aggregation.33067423.out:2025-12-27 07:09:03 | [INFO] Aggregating 1 batch files for CVCL_1517
deg_aggregation.33067423.out:2025-12-27 07:09:03 | [INFO]   Reading: CVCL_1517_de.h5ad
deg_aggregation.33067423.out:2025-12-27 07:09:19 | [INFO]   Concatenating 1 batches...
deg_aggregation.33067423.out:2025-12-27 07:09:20 | [INFO]   Batch column added with 1
deg_aggregation.33067423.out:2025-12-27 07:10:41 | [INFO]     Rewriting h5ad file: ./data/tahoe/deg_data/group_rep/full/qc_false/filter_min_cells_10/results/CVCL_1517_de.h5ad
deg_aggregation.33067423.out:2025-12-27 07:10:41 | [INFO]     Removed X matrix
deg_aggregation.33067423.out:2025-12-27 07:10:41 | [INFO]     Rewriting h5ad file is done!
deg_aggregation.33067423.out:2025-12-27 07:10:41 | [INFO]   Saved aggregated file: ./data/tahoe/deg_data/group_rep/full/qc_false/filter_min_cells_10/results/CVCL_1517_de.h5ad (1136 obs, 26586 vars)
deg_aggregation.33067423.out:2025-12-27 07:10:41 | [INFO] Aggregating 1 batch files for CVCL_1531
deg_aggregation.33067423.out:2025-12-27 07:10:41 | [INFO]   Reading: CVCL_1531_de.h5ad
deg_aggregation.33067423.out:2025-12-27 07:10:45 | [INFO]   Concatenating 1 batches...
deg_aggregation.33067423.out:2025-12-27 07:10:45 | [INFO]   Batch column added with 1
deg_aggregation.33067423.out:2025-12-27 07:10:56 | [INFO]     Rewriting h5ad file: ./data/tahoe/deg_data/group_rep/full/qc_false/filter_min_cells_10/results/CVCL_1531_de.h5ad
deg_aggregation.33067423.out:2025-12-27 07:10:56 | [INFO]     Removed X matrix
deg_aggregation.33067423.out:2025-12-27 07:10:56 | [INFO]     Rewriting h5ad file is done!
deg_aggregation.33067423.out:2025-12-27 07:10:56 | [INFO]   Saved aggregated file: ./data/tahoe/deg_data/group_rep/full/qc_false/filter_min_cells_10/results/CVCL_1531_de.h5ad (1043 obs, 4596 vars)
deg_aggregation.33067423.out:2025-12-27 07:10:56 | [INFO] Aggregating 1 batch files for CVCL_1547
deg_aggregation.33067423.out:2025-12-27 07:10:56 | [INFO]   Reading: CVCL_1547_de.h5ad
deg_aggregation.33067423.out:2025-12-27 07:11:12 | [INFO]   Concatenating 1 batches...
deg_aggregation.33067423.out:2025-12-27 07:11:13 | [INFO]   Batch column added with 1
deg_aggregation.33067423.out:2025-12-27 07:12:31 | [INFO]     Rewriting h5ad file: ./data/tahoe/deg_data/group_rep/full/qc_false/filter_min_cells_10/results/CVCL_1547_de.h5ad
deg_aggregation.33067423.out:2025-12-27 07:12:31 | [INFO]     Removed X matrix
deg_aggregation.33067423.out:2025-12-27 07:12:31 | [INFO]     Rewriting h5ad file is done!
deg_aggregation.33067423.out:2025-12-27 07:12:31 | [INFO]   Saved aggregated file: ./data/tahoe/deg_data/group_rep/full/qc_false/filter_min_cells_10/results/CVCL_1547_de.h5ad (1135 obs, 25907 vars)
deg_aggregation.33067423.out:2025-12-27 07:12:31 | [INFO] Aggregating 1 batch files for CVCL_1550
deg_aggregation.33067423.out:2025-12-27 07:12:31 | [INFO]   Reading: CVCL_1550_de.h5ad
deg_aggregation.33067423.out:2025-12-27 07:12:48 | [INFO]   Concatenating 1 batches...
deg_aggregation.33067423.out:2025-12-27 07:12:49 | [INFO]   Batch column added with 1
deg_aggregation.33067423.out:2025-12-27 07:14:10 | [INFO]     Rewriting h5ad file: ./data/tahoe/deg_data/group_rep/full/qc_false/filter_min_cells_10/results/CVCL_1550_de.h5ad
deg_aggregation.33067423.out:2025-12-27 07:14:10 | [INFO]     Removed X matrix
deg_aggregation.33067423.out:2025-12-27 07:14:10 | [INFO]     Rewriting h5ad file is done!
deg_aggregation.33067423.out:2025-12-27 07:14:10 | [INFO]   Saved aggregated file: ./data/tahoe/deg_data/group_rep/full/qc_false/filter_min_cells_10/results/CVCL_1550_de.h5ad (1134 obs, 26621 vars)
deg_aggregation.33067423.out:2025-12-27 07:14:10 | [INFO] Aggregating 1 batch files for CVCL_1571
deg_aggregation.33067423.out:2025-12-27 07:14:10 | [INFO]   Reading: CVCL_1571_de.h5ad
deg_aggregation.33067423.out:2025-12-27 07:14:12 | [INFO]   Concatenating 1 batches...
deg_aggregation.33067423.out:2025-12-27 07:14:12 | [INFO]   Batch column added with 1
deg_aggregation.33067423.out:2025-12-27 07:14:16 | [INFO]     Rewriting h5ad file: ./data/tahoe/deg_data/group_rep/full/qc_false/filter_min_cells_10/results/CVCL_1571_de.h5ad
deg_aggregation.33067423.out:2025-12-27 07:14:16 | [INFO]     Removed X matrix
deg_aggregation.33067423.out:2025-12-27 07:14:16 | [INFO]     Rewriting h5ad file is done!
deg_aggregation.33067423.out:2025-12-27 07:14:16 | [INFO]   Saved aggregated file: ./data/tahoe/deg_data/group_rep/full/qc_false/filter_min_cells_10/results/CVCL_1571_de.h5ad (856 obs, 2088 vars)
deg_aggregation.33067423.out:2025-12-27 07:14:16 | [INFO] Aggregating 1 batch files for CVCL_1577
deg_aggregation.33067423.out:2025-12-27 07:14:16 | [INFO]   Reading: CVCL_1577_de.h5ad
deg_aggregation.33067423.out:2025-12-27 07:14:27 | [INFO]   Concatenating 1 batches...
deg_aggregation.33067423.out:2025-12-27 07:14:28 | [INFO]   Batch column added with 1
deg_aggregation.33067423.out:2025-12-27 07:15:13 | [INFO]     Rewriting h5ad file: ./data/tahoe/deg_data/group_rep/full/qc_false/filter_min_cells_10/results/CVCL_1577_de.h5ad
deg_aggregation.33067423.out:2025-12-27 07:15:13 | [INFO]     Removed X matrix
deg_aggregation.33067423.out:2025-12-27 07:15:13 | [INFO]     Rewriting h5ad file is done!
deg_aggregation.33067423.out:2025-12-27 07:15:13 | [INFO]   Saved aggregated file: ./data/tahoe/deg_data/group_rep/full/qc_false/filter_min_cells_10/results/CVCL_1577_de.h5ad (1131 obs, 15861 vars)
deg_aggregation.33067423.out:2025-12-27 07:15:13 | [INFO] Aggregating 1 batch files for CVCL_1635
deg_aggregation.33067423.out:2025-12-27 07:15:13 | [INFO]   Reading: CVCL_1635_de.h5ad
deg_aggregation.33067423.out:2025-12-27 07:15:29 | [INFO]   Concatenating 1 batches...
deg_aggregation.33067423.out:2025-12-27 07:15:29 | [INFO]   Batch column added with 1
deg_aggregation.33067423.out:2025-12-27 07:16:43 | [INFO]     Rewriting h5ad file: ./data/tahoe/deg_data/group_rep/full/qc_false/filter_min_cells_10/results/CVCL_1635_de.h5ad
deg_aggregation.33067423.out:2025-12-27 07:16:43 | [INFO]     Removed X matrix
deg_aggregation.33067423.out:2025-12-27 07:16:43 | [INFO]     Rewriting h5ad file is done!
deg_aggregation.33067423.out:2025-12-27 07:16:43 | [INFO]   Saved aggregated file: ./data/tahoe/deg_data/group_rep/full/qc_false/filter_min_cells_10/results/CVCL_1635_de.h5ad (1135 obs, 23990 vars)
deg_aggregation.33067423.out:2025-12-27 07:16:43 | [INFO] Aggregating 1 batch files for CVCL_1666
deg_aggregation.33067423.out:2025-12-27 07:16:43 | [INFO]   Reading: CVCL_1666_de.h5ad
deg_aggregation.33067423.out:2025-12-27 07:16:59 | [INFO]   Concatenating 1 batches...
deg_aggregation.33067423.out:2025-12-27 07:17:00 | [INFO]   Batch column added with 1
deg_aggregation.33067423.out:2025-12-27 07:18:17 | [INFO]     Rewriting h5ad file: ./data/tahoe/deg_data/group_rep/full/qc_false/filter_min_cells_10/results/CVCL_1666_de.h5ad
deg_aggregation.33067423.out:2025-12-27 07:18:17 | [INFO]     Removed X matrix
deg_aggregation.33067423.out:2025-12-27 07:18:17 | [INFO]     Rewriting h5ad file is done!
deg_aggregation.33067423.out:2025-12-27 07:18:17 | [INFO]   Saved aggregated file: ./data/tahoe/deg_data/group_rep/full/qc_false/filter_min_cells_10/results/CVCL_1666_de.h5ad (1136 obs, 25424 vars)
deg_aggregation.33067423.out:2025-12-27 07:18:17 | [INFO] Aggregating 1 batch files for CVCL_1693
deg_aggregation.33067423.out:2025-12-27 07:18:17 | [INFO]   Reading: CVCL_1693_de.h5ad
deg_aggregation.33067423.out:2025-12-27 07:18:33 | [INFO]   Concatenating 1 batches...
deg_aggregation.33067423.out:2025-12-27 07:18:34 | [INFO]   Batch column added with 1
deg_aggregation.33067423.out:2025-12-27 07:19:56 | [INFO]     Rewriting h5ad file: ./data/tahoe/deg_data/group_rep/full/qc_false/filter_min_cells_10/results/CVCL_1693_de.h5ad
deg_aggregation.33067423.out:2025-12-27 07:19:56 | [INFO]     Removed X matrix
deg_aggregation.33067423.out:2025-12-27 07:19:56 | [INFO]     Rewriting h5ad file is done!
deg_aggregation.33067423.out:2025-12-27 07:19:56 | [INFO]   Saved aggregated file: ./data/tahoe/deg_data/group_rep/full/qc_false/filter_min_cells_10/results/CVCL_1693_de.h5ad (1136 obs, 26808 vars)
deg_aggregation.33067423.out:2025-12-27 07:19:56 | [INFO] Aggregating 1 batch files for CVCL_1715
deg_aggregation.33067423.out:2025-12-27 07:19:56 | [INFO]   Reading: CVCL_1715_de.h5ad
deg_aggregation.33067423.out:2025-12-27 07:20:06 | [INFO]   Concatenating 1 batches...
deg_aggregation.33067423.out:2025-12-27 07:20:06 | [INFO]   Batch column added with 1
deg_aggregation.33067423.out:2025-12-27 07:20:41 | [INFO]     Rewriting h5ad file: ./data/tahoe/deg_data/group_rep/full/qc_false/filter_min_cells_10/results/CVCL_1715_de.h5ad
deg_aggregation.33067423.out:2025-12-27 07:20:41 | [INFO]     Removed X matrix
deg_aggregation.33067423.out:2025-12-27 07:20:41 | [INFO]     Rewriting h5ad file is done!
deg_aggregation.33067423.out:2025-12-27 07:20:41 | [INFO]   Saved aggregated file: ./data/tahoe/deg_data/group_rep/full/qc_false/filter_min_cells_10/results/CVCL_1715_de.h5ad (1129 obs, 13044 vars)
deg_aggregation.33067423.out:2025-12-27 07:20:41 | [INFO] Aggregating 1 batch files for CVCL_1716
deg_aggregation.33067423.out:2025-12-27 07:20:41 | [INFO]   Reading: CVCL_1716_de.h5ad
deg_aggregation.33067423.out:2025-12-27 07:20:53 | [INFO]   Concatenating 1 batches...
deg_aggregation.33067423.out:2025-12-27 07:20:54 | [INFO]   Batch column added with 1
deg_aggregation.33067423.out:2025-12-27 07:21:41 | [INFO]     Rewriting h5ad file: ./data/tahoe/deg_data/group_rep/full/qc_false/filter_min_cells_10/results/CVCL_1716_de.h5ad
deg_aggregation.33067423.out:2025-12-27 07:21:41 | [INFO]     Removed X matrix
deg_aggregation.33067423.out:2025-12-27 07:21:41 | [INFO]     Rewriting h5ad file is done!
deg_aggregation.33067423.out:2025-12-27 07:21:41 | [INFO]   Saved aggregated file: ./data/tahoe/deg_data/group_rep/full/qc_false/filter_min_cells_10/results/CVCL_1716_de.h5ad (1131 obs, 16799 vars)
deg_aggregation.33067423.out:2025-12-27 07:21:41 | [INFO] Aggregating 1 batch files for CVCL_1717
deg_aggregation.33067423.out:2025-12-27 07:21:41 | [INFO]   Reading: CVCL_1717_de.h5ad
deg_aggregation.33067423.out:2025-12-27 07:21:57 | [INFO]   Concatenating 1 batches...
deg_aggregation.33067423.out:2025-12-27 07:21:58 | [INFO]   Batch column added with 1
deg_aggregation.33067423.out:2025-12-27 07:23:17 | [INFO]     Rewriting h5ad file: ./data/tahoe/deg_data/group_rep/full/qc_false/filter_min_cells_10/results/CVCL_1717_de.h5ad
deg_aggregation.33067423.out:2025-12-27 07:23:18 | [INFO]     Removed X matrix
deg_aggregation.33067423.out:2025-12-27 07:23:18 | [INFO]     Rewriting h5ad file is done!
deg_aggregation.33067423.out:2025-12-27 07:23:18 | [INFO]   Saved aggregated file: ./data/tahoe/deg_data/group_rep/full/qc_false/filter_min_cells_10/results/CVCL_1717_de.h5ad (1134 obs, 26078 vars)
deg_aggregation.33067423.out:2025-12-27 07:23:18 | [INFO] Aggregating 1 batch files for CVCL_1724
deg_aggregation.33067423.out:2025-12-27 07:23:18 | [INFO]   Reading: CVCL_1724_de.h5ad
deg_aggregation.33067423.out:2025-12-27 07:23:32 | [INFO]   Concatenating 1 batches...
deg_aggregation.33067423.out:2025-12-27 07:23:33 | [INFO]   Batch column added with 1
deg_aggregation.33067423.out:2025-12-27 07:24:42 | [INFO]     Rewriting h5ad file: ./data/tahoe/deg_data/group_rep/full/qc_false/filter_min_cells_10/results/CVCL_1724_de.h5ad
deg_aggregation.33067423.out:2025-12-27 07:24:42 | [INFO]     Removed X matrix
deg_aggregation.33067423.out:2025-12-27 07:24:42 | [INFO]     Rewriting h5ad file is done!
deg_aggregation.33067423.out:2025-12-27 07:24:42 | [INFO]   Saved aggregated file: ./data/tahoe/deg_data/group_rep/full/qc_false/filter_min_cells_10/results/CVCL_1724_de.h5ad (1135 obs, 22638 vars)
deg_aggregation.33067423.out:2025-12-27 07:24:42 | [INFO] Aggregating 1 batch files for CVCL_1731
deg_aggregation.33067423.out:2025-12-27 07:24:42 | [INFO]   Reading: CVCL_1731_de.h5ad
deg_aggregation.33067423.out:2025-12-27 07:24:57 | [INFO]   Concatenating 1 batches...
deg_aggregation.33067423.out:2025-12-27 07:24:58 | [INFO]   Batch column added with 1
deg_aggregation.33067423.out:2025-12-27 07:26:14 | [INFO]     Rewriting h5ad file: ./data/tahoe/deg_data/group_rep/full/qc_false/filter_min_cells_10/results/CVCL_1731_de.h5ad
deg_aggregation.33067423.out:2025-12-27 07:26:14 | [INFO]     Removed X matrix
deg_aggregation.33067423.out:2025-12-27 07:26:14 | [INFO]     Rewriting h5ad file is done!
deg_aggregation.33067423.out:2025-12-27 07:26:14 | [INFO]   Saved aggregated file: ./data/tahoe/deg_data/group_rep/full/qc_false/filter_min_cells_10/results/CVCL_1731_de.h5ad (1135 obs, 24813 vars)
deg_aggregation.33067423.out:2025-12-27 07:26:14 | [INFO] Aggregating 1 batch files for CVCL_C466
deg_aggregation.33067423.out:2025-12-27 07:26:14 | [INFO]   Reading: CVCL_C466_de.h5ad
deg_aggregation.33067423.out:2025-12-27 07:26:29 | [INFO]   Concatenating 1 batches...
deg_aggregation.33067423.out:2025-12-27 07:26:30 | [INFO]   Batch column added with 1
deg_aggregation.33067423.out:2025-12-27 07:27:41 | [INFO]     Rewriting h5ad file: ./data/tahoe/deg_data/group_rep/full/qc_false/filter_min_cells_10/results/CVCL_C466_de.h5ad
deg_aggregation.33067423.out:2025-12-27 07:27:41 | [INFO]     Removed X matrix
deg_aggregation.33067423.out:2025-12-27 07:27:41 | [INFO]     Rewriting h5ad file is done!
deg_aggregation.33067423.out:2025-12-27 07:27:41 | [INFO]   Saved aggregated file: ./data/tahoe/deg_data/group_rep/full/qc_false/filter_min_cells_10/results/CVCL_C466_de.h5ad (1136 obs, 23898 vars)
deg_aggregation.33067423.out:2025-12-27 07:27:41 | [INFO] Aggregation completed
